[2026-05-01 20:28:18,343][jax._src.xla_bridge][INFO] - Unable to initialize backend 'rocm': module 'jaxlib.xla_extension' has no attribute 'GpuAllocatorConfig'
[2026-05-01 20:28:18,352][jax._src.xla_bridge][INFO] - Unable to initialize backend 'tpu': INTERNAL: Failed to open libtpu.so: libtpu.so: cannot open shared object file: No such file or directory
[2026-05-01 20:28:28,687][src.modRNN.training.common][INFO] - Starting training...
[2026-05-01 20:28:28,688][src.modRNN.training.common][INFO] - 	 Starting Epoch: 1
[2026-05-01 20:28:32,063][src.modRNN.training.common][INFO] - train epoch 001 MSE 0.1160 nMSE 0.9978
[2026-05-01 20:28:32,379][src.modRNN.training.common][INFO] - eval  epoch 001 MSE 0.1156 nMSE 0.9951
[2026-05-01 20:28:32,380][src.modRNN.training.common][INFO] - 	 Starting Epoch: 2
[2026-05-01 20:28:32,704][src.modRNN.training.common][INFO] - train epoch 002 MSE 0.1156 nMSE 0.9951
[2026-05-01 20:28:32,705][src.modRNN.training.common][INFO] - 	 Starting Epoch: 3
[2026-05-01 20:28:33,025][src.modRNN.training.common][INFO] - train epoch 003 MSE 0.1155 nMSE 0.9939
[2026-05-01 20:28:33,026][src.modRNN.training.common][INFO] - 	 Starting Epoch: 4
[2026-05-01 20:28:33,347][src.modRNN.training.common][INFO] - train epoch 004 MSE 0.1153 nMSE 0.9919
[2026-05-01 20:28:33,348][src.modRNN.training.common][INFO] - 	 Starting Epoch: 5
[2026-05-01 20:28:33,670][src.modRNN.training.common][INFO] - train epoch 005 MSE 0.1149 nMSE 0.9886
[2026-05-01 20:28:33,671][src.modRNN.training.common][INFO] - 	 Starting Epoch: 6
[2026-05-01 20:28:33,992][src.modRNN.training.common][INFO] - train epoch 006 MSE 0.1144 nMSE 0.9840
[2026-05-01 20:28:33,993][src.modRNN.training.common][INFO] - 	 Starting Epoch: 7
[2026-05-01 20:28:34,315][src.modRNN.training.common][INFO] - train epoch 007 MSE 0.1133 nMSE 0.9751
[2026-05-01 20:28:34,316][src.modRNN.training.common][INFO] - 	 Starting Epoch: 8
[2026-05-01 20:28:34,639][src.modRNN.training.common][INFO] - train epoch 008 MSE 0.1108 nMSE 0.9531
[2026-05-01 20:28:34,639][src.modRNN.training.common][INFO] - 	 Starting Epoch: 9
[2026-05-01 20:28:34,961][src.modRNN.training.common][INFO] - train epoch 009 MSE 0.1218 nMSE 1.0481
[2026-05-01 20:28:34,961][src.modRNN.training.common][INFO] - 	 Starting Epoch: 10
[2026-05-01 20:28:35,283][src.modRNN.training.common][INFO] - train epoch 010 MSE 0.1158 nMSE 0.9962
[2026-05-01 20:28:35,283][src.modRNN.training.common][INFO] - 	 Starting Epoch: 11
[2026-05-01 20:28:35,604][src.modRNN.training.common][INFO] - train epoch 011 MSE 0.1150 nMSE 0.9895
[2026-05-01 20:28:35,605][src.modRNN.training.common][INFO] - 	 Starting Epoch: 12
[2026-05-01 20:28:35,926][src.modRNN.training.common][INFO] - train epoch 012 MSE 0.1139 nMSE 0.9802
[2026-05-01 20:28:35,927][src.modRNN.training.common][INFO] - 	 Starting Epoch: 13
[2026-05-01 20:28:36,249][src.modRNN.training.common][INFO] - train epoch 013 MSE 0.1133 nMSE 0.9750
[2026-05-01 20:28:36,249][src.modRNN.training.common][INFO] - 	 Starting Epoch: 14
[2026-05-01 20:28:36,571][src.modRNN.training.common][INFO] - train epoch 014 MSE 0.1131 nMSE 0.9730
[2026-05-01 20:28:36,571][src.modRNN.training.common][INFO] - 	 Starting Epoch: 15
[2026-05-01 20:28:36,892][src.modRNN.training.common][INFO] - train epoch 015 MSE 0.1129 nMSE 0.9716
[2026-05-01 20:28:36,893][src.modRNN.training.common][INFO] - 	 Starting Epoch: 16
[2026-05-01 20:28:37,215][src.modRNN.training.common][INFO] - train epoch 016 MSE 0.1129 nMSE 0.9712
[2026-05-01 20:28:37,215][src.modRNN.training.common][INFO] - 	 Starting Epoch: 17
[2026-05-01 20:28:37,537][src.modRNN.training.common][INFO] - train epoch 017 MSE 0.1128 nMSE 0.9707
[2026-05-01 20:28:37,537][src.modRNN.training.common][INFO] - 	 Starting Epoch: 18
[2026-05-01 20:28:37,859][src.modRNN.training.common][INFO] - train epoch 018 MSE 0.1129 nMSE 0.9711
[2026-05-01 20:28:37,860][src.modRNN.training.common][INFO] - 	 Starting Epoch: 19
[2026-05-01 20:28:38,182][src.modRNN.training.common][INFO] - train epoch 019 MSE 0.1128 nMSE 0.9704
[2026-05-01 20:28:38,183][src.modRNN.training.common][INFO] - 	 Starting Epoch: 20
[2026-05-01 20:28:38,504][src.modRNN.training.common][INFO] - train epoch 020 MSE 0.1126 nMSE 0.9690
[2026-05-01 20:28:38,505][src.modRNN.training.common][INFO] - 	 Starting Epoch: 21
[2026-05-01 20:28:38,826][src.modRNN.training.common][INFO] - train epoch 021 MSE 0.1124 nMSE 0.9671
[2026-05-01 20:28:38,827][src.modRNN.training.common][INFO] - 	 Starting Epoch: 22
[2026-05-01 20:28:39,148][src.modRNN.training.common][INFO] - train epoch 022 MSE 0.1121 nMSE 0.9649
[2026-05-01 20:28:39,149][src.modRNN.training.common][INFO] - 	 Starting Epoch: 23
[2026-05-01 20:28:39,471][src.modRNN.training.common][INFO] - train epoch 023 MSE 0.1117 nMSE 0.9613
[2026-05-01 20:28:39,471][src.modRNN.training.common][INFO] - 	 Starting Epoch: 24
[2026-05-01 20:28:39,793][src.modRNN.training.common][INFO] - train epoch 024 MSE 0.1112 nMSE 0.9570
[2026-05-01 20:28:39,794][src.modRNN.training.common][INFO] - 	 Starting Epoch: 25
[2026-05-01 20:28:40,115][src.modRNN.training.common][INFO] - train epoch 025 MSE 0.1104 nMSE 0.9501
[2026-05-01 20:28:40,116][src.modRNN.training.common][INFO] - 	 Starting Epoch: 26
[2026-05-01 20:28:40,438][src.modRNN.training.common][INFO] - train epoch 026 MSE 0.1093 nMSE 0.9402
[2026-05-01 20:28:40,486][src.modRNN.training.common][INFO] - eval  epoch 026 MSE 0.1081 nMSE 0.9304
[2026-05-01 20:28:40,486][src.modRNN.training.common][INFO] - 	 Starting Epoch: 27
[2026-05-01 20:28:40,809][src.modRNN.training.common][INFO] - train epoch 027 MSE 0.1081 nMSE 0.9304
[2026-05-01 20:28:40,810][src.modRNN.training.common][INFO] - 	 Starting Epoch: 28
[2026-05-01 20:28:41,132][src.modRNN.training.common][INFO] - train epoch 028 MSE 0.1064 nMSE 0.9158
[2026-05-01 20:28:41,133][src.modRNN.training.common][INFO] - 	 Starting Epoch: 29
[2026-05-01 20:28:41,455][src.modRNN.training.common][INFO] - train epoch 029 MSE 0.1042 nMSE 0.8967
[2026-05-01 20:28:41,456][src.modRNN.training.common][INFO] - 	 Starting Epoch: 30
[2026-05-01 20:28:41,777][src.modRNN.training.common][INFO] - train epoch 030 MSE 0.1007 nMSE 0.8666
[2026-05-01 20:28:41,778][src.modRNN.training.common][INFO] - 	 Starting Epoch: 31
[2026-05-01 20:28:42,098][src.modRNN.training.common][INFO] - train epoch 031 MSE 0.0943 nMSE 0.8114
[2026-05-01 20:28:42,099][src.modRNN.training.common][INFO] - 	 Starting Epoch: 32
[2026-05-01 20:28:42,433][src.modRNN.training.common][INFO] - train epoch 032 MSE 0.0897 nMSE 0.7722
[2026-05-01 20:28:42,434][src.modRNN.training.common][INFO] - 	 Starting Epoch: 33
[2026-05-01 20:28:42,818][src.modRNN.training.common][INFO] - train epoch 033 MSE 0.0943 nMSE 0.8114
[2026-05-01 20:28:42,819][src.modRNN.training.common][INFO] - 	 Starting Epoch: 34
[2026-05-01 20:28:43,181][src.modRNN.training.common][INFO] - train epoch 034 MSE 0.0892 nMSE 0.7679
[2026-05-01 20:28:43,182][src.modRNN.training.common][INFO] - 	 Starting Epoch: 35
[2026-05-01 20:28:43,504][src.modRNN.training.common][INFO] - train epoch 035 MSE 0.0884 nMSE 0.7603
[2026-05-01 20:28:43,505][src.modRNN.training.common][INFO] - 	 Starting Epoch: 36
[2026-05-01 20:28:43,827][src.modRNN.training.common][INFO] - train epoch 036 MSE 0.0930 nMSE 0.8007
[2026-05-01 20:28:43,828][src.modRNN.training.common][INFO] - 	 Starting Epoch: 37
[2026-05-01 20:28:44,149][src.modRNN.training.common][INFO] - train epoch 037 MSE 0.0813 nMSE 0.6998
[2026-05-01 20:28:44,150][src.modRNN.training.common][INFO] - 	 Starting Epoch: 38
[2026-05-01 20:28:44,473][src.modRNN.training.common][INFO] - train epoch 038 MSE 0.0803 nMSE 0.6913
[2026-05-01 20:28:44,474][src.modRNN.training.common][INFO] - 	 Starting Epoch: 39
[2026-05-01 20:28:44,795][src.modRNN.training.common][INFO] - train epoch 039 MSE 0.0798 nMSE 0.6863
[2026-05-01 20:28:44,796][src.modRNN.training.common][INFO] - 	 Starting Epoch: 40
[2026-05-01 20:28:45,118][src.modRNN.training.common][INFO] - train epoch 040 MSE 0.0788 nMSE 0.6785
[2026-05-01 20:28:45,118][src.modRNN.training.common][INFO] - 	 Starting Epoch: 41
[2026-05-01 20:28:45,441][src.modRNN.training.common][INFO] - train epoch 041 MSE 0.0761 nMSE 0.6546
[2026-05-01 20:28:45,442][src.modRNN.training.common][INFO] - 	 Starting Epoch: 42
[2026-05-01 20:28:45,765][src.modRNN.training.common][INFO] - train epoch 042 MSE 0.0781 nMSE 0.6725
[2026-05-01 20:28:45,766][src.modRNN.training.common][INFO] - 	 Starting Epoch: 43
[2026-05-01 20:28:46,087][src.modRNN.training.common][INFO] - train epoch 043 MSE 0.0794 nMSE 0.6836
[2026-05-01 20:28:46,088][src.modRNN.training.common][INFO] - 	 Starting Epoch: 44
[2026-05-01 20:28:46,410][src.modRNN.training.common][INFO] - train epoch 044 MSE 0.0749 nMSE 0.6449
[2026-05-01 20:28:46,411][src.modRNN.training.common][INFO] - 	 Starting Epoch: 45
[2026-05-01 20:28:46,734][src.modRNN.training.common][INFO] - train epoch 045 MSE 0.0745 nMSE 0.6414
[2026-05-01 20:28:46,735][src.modRNN.training.common][INFO] - 	 Starting Epoch: 46
[2026-05-01 20:28:47,058][src.modRNN.training.common][INFO] - train epoch 046 MSE 0.0704 nMSE 0.6059
[2026-05-01 20:28:47,059][src.modRNN.training.common][INFO] - 	 Starting Epoch: 47
[2026-05-01 20:28:47,381][src.modRNN.training.common][INFO] - train epoch 047 MSE 0.0722 nMSE 0.6212
[2026-05-01 20:28:47,382][src.modRNN.training.common][INFO] - 	 Starting Epoch: 48
[2026-05-01 20:28:47,704][src.modRNN.training.common][INFO] - train epoch 048 MSE 0.0673 nMSE 0.5793
[2026-05-01 20:28:47,705][src.modRNN.training.common][INFO] - 	 Starting Epoch: 49
[2026-05-01 20:28:48,027][src.modRNN.training.common][INFO] - train epoch 049 MSE 0.0669 nMSE 0.5756
[2026-05-01 20:28:48,027][src.modRNN.training.common][INFO] - 	 Starting Epoch: 50
[2026-05-01 20:28:48,350][src.modRNN.training.common][INFO] - train epoch 050 MSE 0.0669 nMSE 0.5753
[2026-05-01 20:28:48,350][src.modRNN.training.common][INFO] - 	 Starting Epoch: 51
[2026-05-01 20:28:48,674][src.modRNN.training.common][INFO] - train epoch 051 MSE 0.0688 nMSE 0.5924
[2026-05-01 20:28:48,721][src.modRNN.training.common][INFO] - eval  epoch 051 MSE 0.0647 nMSE 0.5564
[2026-05-01 20:28:48,722][src.modRNN.training.common][INFO] - 	 Starting Epoch: 52
[2026-05-01 20:28:49,046][src.modRNN.training.common][INFO] - train epoch 052 MSE 0.0647 nMSE 0.5564
[2026-05-01 20:28:49,047][src.modRNN.training.common][INFO] - 	 Starting Epoch: 53
[2026-05-01 20:28:49,369][src.modRNN.training.common][INFO] - train epoch 053 MSE 0.0633 nMSE 0.5443
[2026-05-01 20:28:49,370][src.modRNN.training.common][INFO] - 	 Starting Epoch: 54
[2026-05-01 20:28:49,692][src.modRNN.training.common][INFO] - train epoch 054 MSE 0.0660 nMSE 0.5681
[2026-05-01 20:28:49,693][src.modRNN.training.common][INFO] - 	 Starting Epoch: 55
[2026-05-01 20:28:50,015][src.modRNN.training.common][INFO] - train epoch 055 MSE 0.0636 nMSE 0.5471
[2026-05-01 20:28:50,015][src.modRNN.training.common][INFO] - 	 Starting Epoch: 56
[2026-05-01 20:28:50,338][src.modRNN.training.common][INFO] - train epoch 056 MSE 0.0596 nMSE 0.5127
[2026-05-01 20:28:50,339][src.modRNN.training.common][INFO] - 	 Starting Epoch: 57
[2026-05-01 20:28:50,660][src.modRNN.training.common][INFO] - train epoch 057 MSE 0.0624 nMSE 0.5370
[2026-05-01 20:28:50,661][src.modRNN.training.common][INFO] - 	 Starting Epoch: 58
[2026-05-01 20:28:50,983][src.modRNN.training.common][INFO] - train epoch 058 MSE 0.0589 nMSE 0.5071
[2026-05-01 20:28:50,984][src.modRNN.training.common][INFO] - 	 Starting Epoch: 59
[2026-05-01 20:28:51,306][src.modRNN.training.common][INFO] - train epoch 059 MSE 0.0697 nMSE 0.5994
[2026-05-01 20:28:51,307][src.modRNN.training.common][INFO] - 	 Starting Epoch: 60
[2026-05-01 20:28:51,629][src.modRNN.training.common][INFO] - train epoch 060 MSE 0.0623 nMSE 0.5357
[2026-05-01 20:28:51,630][src.modRNN.training.common][INFO] - 	 Starting Epoch: 61
[2026-05-01 20:28:51,951][src.modRNN.training.common][INFO] - train epoch 061 MSE 0.0596 nMSE 0.5131
[2026-05-01 20:28:51,952][src.modRNN.training.common][INFO] - 	 Starting Epoch: 62
[2026-05-01 20:28:52,274][src.modRNN.training.common][INFO] - train epoch 062 MSE 0.0604 nMSE 0.5195
[2026-05-01 20:28:52,275][src.modRNN.training.common][INFO] - 	 Starting Epoch: 63
[2026-05-01 20:28:52,597][src.modRNN.training.common][INFO] - train epoch 063 MSE 0.0591 nMSE 0.5088
[2026-05-01 20:28:52,597][src.modRNN.training.common][INFO] - 	 Starting Epoch: 64
[2026-05-01 20:28:52,920][src.modRNN.training.common][INFO] - train epoch 064 MSE 0.0577 nMSE 0.4966
[2026-05-01 20:28:52,921][src.modRNN.training.common][INFO] - 	 Starting Epoch: 65
[2026-05-01 20:28:53,242][src.modRNN.training.common][INFO] - train epoch 065 MSE 0.0560 nMSE 0.4817
[2026-05-01 20:28:53,243][src.modRNN.training.common][INFO] - 	 Starting Epoch: 66
[2026-05-01 20:28:53,565][src.modRNN.training.common][INFO] - train epoch 066 MSE 0.0557 nMSE 0.4792
[2026-05-01 20:28:53,566][src.modRNN.training.common][INFO] - 	 Starting Epoch: 67
[2026-05-01 20:28:53,887][src.modRNN.training.common][INFO] - train epoch 067 MSE 0.0587 nMSE 0.5052
[2026-05-01 20:28:53,888][src.modRNN.training.common][INFO] - 	 Starting Epoch: 68
[2026-05-01 20:28:54,211][src.modRNN.training.common][INFO] - train epoch 068 MSE 0.0521 nMSE 0.4486
[2026-05-01 20:28:54,212][src.modRNN.training.common][INFO] - 	 Starting Epoch: 69
[2026-05-01 20:28:54,534][src.modRNN.training.common][INFO] - train epoch 069 MSE 0.0534 nMSE 0.4597
[2026-05-01 20:28:54,535][src.modRNN.training.common][INFO] - 	 Starting Epoch: 70
[2026-05-01 20:28:54,857][src.modRNN.training.common][INFO] - train epoch 070 MSE 0.0547 nMSE 0.4707
[2026-05-01 20:28:54,858][src.modRNN.training.common][INFO] - 	 Starting Epoch: 71
[2026-05-01 20:28:55,180][src.modRNN.training.common][INFO] - train epoch 071 MSE 0.0531 nMSE 0.4572
[2026-05-01 20:28:55,180][src.modRNN.training.common][INFO] - 	 Starting Epoch: 72
[2026-05-01 20:28:55,504][src.modRNN.training.common][INFO] - train epoch 072 MSE 0.0525 nMSE 0.4514
[2026-05-01 20:28:55,505][src.modRNN.training.common][INFO] - 	 Starting Epoch: 73
[2026-05-01 20:28:55,827][src.modRNN.training.common][INFO] - train epoch 073 MSE 0.0517 nMSE 0.4447
[2026-05-01 20:28:55,827][src.modRNN.training.common][INFO] - 	 Starting Epoch: 74
[2026-05-01 20:28:56,149][src.modRNN.training.common][INFO] - train epoch 074 MSE 0.0557 nMSE 0.4793
[2026-05-01 20:28:56,150][src.modRNN.training.common][INFO] - 	 Starting Epoch: 75
[2026-05-01 20:28:56,471][src.modRNN.training.common][INFO] - train epoch 075 MSE 0.0503 nMSE 0.4331
[2026-05-01 20:28:56,472][src.modRNN.training.common][INFO] - 	 Starting Epoch: 76
[2026-05-01 20:28:56,794][src.modRNN.training.common][INFO] - train epoch 076 MSE 0.0492 nMSE 0.4235
[2026-05-01 20:28:56,842][src.modRNN.training.common][INFO] - eval  epoch 076 MSE 0.0495 nMSE 0.4256
[2026-05-01 20:28:56,843][src.modRNN.training.common][INFO] - 	 Starting Epoch: 77
[2026-05-01 20:28:57,169][src.modRNN.training.common][INFO] - train epoch 077 MSE 0.0495 nMSE 0.4256
[2026-05-01 20:28:57,169][src.modRNN.training.common][INFO] - 	 Starting Epoch: 78
[2026-05-01 20:28:57,493][src.modRNN.training.common][INFO] - train epoch 078 MSE 0.0482 nMSE 0.4147
[2026-05-01 20:28:57,494][src.modRNN.training.common][INFO] - 	 Starting Epoch: 79
[2026-05-01 20:28:57,816][src.modRNN.training.common][INFO] - train epoch 079 MSE 0.0456 nMSE 0.3920
[2026-05-01 20:28:57,817][src.modRNN.training.common][INFO] - 	 Starting Epoch: 80
[2026-05-01 20:28:58,139][src.modRNN.training.common][INFO] - train epoch 080 MSE 0.0457 nMSE 0.3932
[2026-05-01 20:28:58,140][src.modRNN.training.common][INFO] - 	 Starting Epoch: 81
[2026-05-01 20:28:58,463][src.modRNN.training.common][INFO] - train epoch 081 MSE 0.0450 nMSE 0.3873
[2026-05-01 20:28:58,464][src.modRNN.training.common][INFO] - 	 Starting Epoch: 82
[2026-05-01 20:28:58,787][src.modRNN.training.common][INFO] - train epoch 082 MSE 0.0441 nMSE 0.3791
[2026-05-01 20:28:58,787][src.modRNN.training.common][INFO] - 	 Starting Epoch: 83
[2026-05-01 20:28:59,110][src.modRNN.training.common][INFO] - train epoch 083 MSE 0.0444 nMSE 0.3817
[2026-05-01 20:28:59,111][src.modRNN.training.common][INFO] - 	 Starting Epoch: 84
[2026-05-01 20:28:59,434][src.modRNN.training.common][INFO] - train epoch 084 MSE 0.0446 nMSE 0.3839
[2026-05-01 20:28:59,434][src.modRNN.training.common][INFO] - 	 Starting Epoch: 85
[2026-05-01 20:28:59,758][src.modRNN.training.common][INFO] - train epoch 085 MSE 0.0443 nMSE 0.3809
[2026-05-01 20:28:59,759][src.modRNN.training.common][INFO] - 	 Starting Epoch: 86
[2026-05-01 20:29:00,081][src.modRNN.training.common][INFO] - train epoch 086 MSE 0.0427 nMSE 0.3671
[2026-05-01 20:29:00,082][src.modRNN.training.common][INFO] - 	 Starting Epoch: 87
[2026-05-01 20:29:00,404][src.modRNN.training.common][INFO] - train epoch 087 MSE 0.0421 nMSE 0.3626
[2026-05-01 20:29:00,404][src.modRNN.training.common][INFO] - 	 Starting Epoch: 88
[2026-05-01 20:29:00,727][src.modRNN.training.common][INFO] - train epoch 088 MSE 0.0434 nMSE 0.3735
[2026-05-01 20:29:00,728][src.modRNN.training.common][INFO] - 	 Starting Epoch: 89
[2026-05-01 20:29:01,050][src.modRNN.training.common][INFO] - train epoch 089 MSE 0.0404 nMSE 0.3479
[2026-05-01 20:29:01,051][src.modRNN.training.common][INFO] - 	 Starting Epoch: 90
[2026-05-01 20:29:01,390][src.modRNN.training.common][INFO] - train epoch 090 MSE 0.0406 nMSE 0.3495
[2026-05-01 20:29:01,391][src.modRNN.training.common][INFO] - 	 Starting Epoch: 91
[2026-05-01 20:29:01,716][src.modRNN.training.common][INFO] - train epoch 091 MSE 0.0423 nMSE 0.3644
[2026-05-01 20:29:01,717][src.modRNN.training.common][INFO] - 	 Starting Epoch: 92
[2026-05-01 20:29:02,043][src.modRNN.training.common][INFO] - train epoch 092 MSE 0.0380 nMSE 0.3267
[2026-05-01 20:29:02,044][src.modRNN.training.common][INFO] - 	 Starting Epoch: 93
[2026-05-01 20:29:02,370][src.modRNN.training.common][INFO] - train epoch 093 MSE 0.0391 nMSE 0.3364
[2026-05-01 20:29:02,371][src.modRNN.training.common][INFO] - 	 Starting Epoch: 94
[2026-05-01 20:29:02,697][src.modRNN.training.common][INFO] - train epoch 094 MSE 0.0400 nMSE 0.3444
[2026-05-01 20:29:02,698][src.modRNN.training.common][INFO] - 	 Starting Epoch: 95
[2026-05-01 20:29:03,023][src.modRNN.training.common][INFO] - train epoch 095 MSE 0.0378 nMSE 0.3252
[2026-05-01 20:29:03,025][src.modRNN.training.common][INFO] - 	 Starting Epoch: 96
[2026-05-01 20:29:03,351][src.modRNN.training.common][INFO] - train epoch 096 MSE 0.0379 nMSE 0.3263
[2026-05-01 20:29:03,352][src.modRNN.training.common][INFO] - 	 Starting Epoch: 97
[2026-05-01 20:29:03,677][src.modRNN.training.common][INFO] - train epoch 097 MSE 0.0381 nMSE 0.3278
[2026-05-01 20:29:03,677][src.modRNN.training.common][INFO] - 	 Starting Epoch: 98
[2026-05-01 20:29:04,004][src.modRNN.training.common][INFO] - train epoch 098 MSE 0.0348 nMSE 0.2992
[2026-05-01 20:29:04,004][src.modRNN.training.common][INFO] - 	 Starting Epoch: 99
[2026-05-01 20:29:04,330][src.modRNN.training.common][INFO] - train epoch 099 MSE 0.0347 nMSE 0.2988
[2026-05-01 20:29:04,331][src.modRNN.training.common][INFO] - 	 Starting Epoch: 100
[2026-05-01 20:29:04,656][src.modRNN.training.common][INFO] - train epoch 100 MSE 0.0365 nMSE 0.3143
[2026-05-01 20:29:04,657][src.modRNN.training.common][INFO] - 	 Starting Epoch: 101
[2026-05-01 20:29:04,982][src.modRNN.training.common][INFO] - train epoch 101 MSE 0.0355 nMSE 0.3054
[2026-05-01 20:29:05,032][src.modRNN.training.common][INFO] - eval  epoch 101 MSE 0.0319 nMSE 0.2741
[2026-05-01 20:29:05,032][src.modRNN.training.common][INFO] - 	 Starting Epoch: 102
[2026-05-01 20:29:05,359][src.modRNN.training.common][INFO] - train epoch 102 MSE 0.0319 nMSE 0.2741
[2026-05-01 20:29:05,360][src.modRNN.training.common][INFO] - 	 Starting Epoch: 103
[2026-05-01 20:29:05,686][src.modRNN.training.common][INFO] - train epoch 103 MSE 0.0346 nMSE 0.2977
[2026-05-01 20:29:05,686][src.modRNN.training.common][INFO] - 	 Starting Epoch: 104
[2026-05-01 20:29:06,013][src.modRNN.training.common][INFO] - train epoch 104 MSE 0.0344 nMSE 0.2958
[2026-05-01 20:29:06,013][src.modRNN.training.common][INFO] - 	 Starting Epoch: 105
[2026-05-01 20:29:06,339][src.modRNN.training.common][INFO] - train epoch 105 MSE 0.0312 nMSE 0.2688
[2026-05-01 20:29:06,339][src.modRNN.training.common][INFO] - 	 Starting Epoch: 106
[2026-05-01 20:29:06,666][src.modRNN.training.common][INFO] - train epoch 106 MSE 0.0330 nMSE 0.2837
[2026-05-01 20:29:06,667][src.modRNN.training.common][INFO] - 	 Starting Epoch: 107
[2026-05-01 20:29:06,992][src.modRNN.training.common][INFO] - train epoch 107 MSE 0.0312 nMSE 0.2684
[2026-05-01 20:29:06,993][src.modRNN.training.common][INFO] - 	 Starting Epoch: 108
[2026-05-01 20:29:07,319][src.modRNN.training.common][INFO] - train epoch 108 MSE 0.0298 nMSE 0.2563
[2026-05-01 20:29:07,320][src.modRNN.training.common][INFO] - 	 Starting Epoch: 109
[2026-05-01 20:29:07,645][src.modRNN.training.common][INFO] - train epoch 109 MSE 0.0318 nMSE 0.2739
[2026-05-01 20:29:07,646][src.modRNN.training.common][INFO] - 	 Starting Epoch: 110
[2026-05-01 20:29:07,973][src.modRNN.training.common][INFO] - train epoch 110 MSE 0.0304 nMSE 0.2619
[2026-05-01 20:29:07,974][src.modRNN.training.common][INFO] - 	 Starting Epoch: 111
[2026-05-01 20:29:08,300][src.modRNN.training.common][INFO] - train epoch 111 MSE 0.0312 nMSE 0.2680
[2026-05-01 20:29:08,301][src.modRNN.training.common][INFO] - 	 Starting Epoch: 112
[2026-05-01 20:29:08,627][src.modRNN.training.common][INFO] - train epoch 112 MSE 0.0312 nMSE 0.2682
[2026-05-01 20:29:08,628][src.modRNN.training.common][INFO] - 	 Starting Epoch: 113
[2026-05-01 20:29:08,953][src.modRNN.training.common][INFO] - train epoch 113 MSE 0.0315 nMSE 0.2711
[2026-05-01 20:29:08,954][src.modRNN.training.common][INFO] - 	 Starting Epoch: 114
[2026-05-01 20:29:09,279][src.modRNN.training.common][INFO] - train epoch 114 MSE 0.0289 nMSE 0.2487
[2026-05-01 20:29:09,280][src.modRNN.training.common][INFO] - 	 Starting Epoch: 115
[2026-05-01 20:29:09,606][src.modRNN.training.common][INFO] - train epoch 115 MSE 0.0292 nMSE 0.2511
[2026-05-01 20:29:09,606][src.modRNN.training.common][INFO] - 	 Starting Epoch: 116
[2026-05-01 20:29:09,933][src.modRNN.training.common][INFO] - train epoch 116 MSE 0.0267 nMSE 0.2300
[2026-05-01 20:29:09,934][src.modRNN.training.common][INFO] - 	 Starting Epoch: 117
[2026-05-01 20:29:10,260][src.modRNN.training.common][INFO] - train epoch 117 MSE 0.0316 nMSE 0.2721
[2026-05-01 20:29:10,260][src.modRNN.training.common][INFO] - 	 Starting Epoch: 118
[2026-05-01 20:29:10,587][src.modRNN.training.common][INFO] - train epoch 118 MSE 0.0268 nMSE 0.2304
[2026-05-01 20:29:10,588][src.modRNN.training.common][INFO] - 	 Starting Epoch: 119
[2026-05-01 20:29:10,914][src.modRNN.training.common][INFO] - train epoch 119 MSE 0.0279 nMSE 0.2405
[2026-05-01 20:29:10,915][src.modRNN.training.common][INFO] - 	 Starting Epoch: 120
[2026-05-01 20:29:11,240][src.modRNN.training.common][INFO] - train epoch 120 MSE 0.0280 nMSE 0.2410
[2026-05-01 20:29:11,241][src.modRNN.training.common][INFO] - 	 Starting Epoch: 121
[2026-05-01 20:29:11,566][src.modRNN.training.common][INFO] - train epoch 121 MSE 0.0295 nMSE 0.2542
[2026-05-01 20:29:11,567][src.modRNN.training.common][INFO] - 	 Starting Epoch: 122
[2026-05-01 20:29:11,893][src.modRNN.training.common][INFO] - train epoch 122 MSE 0.0265 nMSE 0.2278
[2026-05-01 20:29:11,894][src.modRNN.training.common][INFO] - 	 Starting Epoch: 123
[2026-05-01 20:29:12,219][src.modRNN.training.common][INFO] - train epoch 123 MSE 0.0284 nMSE 0.2445
[2026-05-01 20:29:12,220][src.modRNN.training.common][INFO] - 	 Starting Epoch: 124
[2026-05-01 20:29:12,547][src.modRNN.training.common][INFO] - train epoch 124 MSE 0.0266 nMSE 0.2292
[2026-05-01 20:29:12,548][src.modRNN.training.common][INFO] - 	 Starting Epoch: 125
[2026-05-01 20:29:12,874][src.modRNN.training.common][INFO] - train epoch 125 MSE 0.0263 nMSE 0.2261
[2026-05-01 20:29:12,875][src.modRNN.training.common][INFO] - 	 Starting Epoch: 126
[2026-05-01 20:29:13,201][src.modRNN.training.common][INFO] - train epoch 126 MSE 0.0245 nMSE 0.2108
[2026-05-01 20:29:13,251][src.modRNN.training.common][INFO] - eval  epoch 126 MSE 0.0251 nMSE 0.2161
[2026-05-01 20:29:13,252][src.modRNN.training.common][INFO] - 	 Starting Epoch: 127
[2026-05-01 20:29:13,578][src.modRNN.training.common][INFO] - train epoch 127 MSE 0.0251 nMSE 0.2161
[2026-05-01 20:29:13,579][src.modRNN.training.common][INFO] - 	 Starting Epoch: 128
[2026-05-01 20:29:13,906][src.modRNN.training.common][INFO] - train epoch 128 MSE 0.0302 nMSE 0.2603
[2026-05-01 20:29:13,907][src.modRNN.training.common][INFO] - 	 Starting Epoch: 129
[2026-05-01 20:29:14,234][src.modRNN.training.common][INFO] - train epoch 129 MSE 0.0254 nMSE 0.2183
[2026-05-01 20:29:14,235][src.modRNN.training.common][INFO] - 	 Starting Epoch: 130
[2026-05-01 20:29:14,562][src.modRNN.training.common][INFO] - train epoch 130 MSE 0.0255 nMSE 0.2195
[2026-05-01 20:29:14,563][src.modRNN.training.common][INFO] - 	 Starting Epoch: 131
[2026-05-01 20:29:14,889][src.modRNN.training.common][INFO] - train epoch 131 MSE 0.0291 nMSE 0.2508
[2026-05-01 20:29:14,890][src.modRNN.training.common][INFO] - 	 Starting Epoch: 132
[2026-05-01 20:29:15,217][src.modRNN.training.common][INFO] - train epoch 132 MSE 0.0246 nMSE 0.2119
[2026-05-01 20:29:15,218][src.modRNN.training.common][INFO] - 	 Starting Epoch: 133
[2026-05-01 20:29:15,544][src.modRNN.training.common][INFO] - train epoch 133 MSE 0.0229 nMSE 0.1968
[2026-05-01 20:29:15,545][src.modRNN.training.common][INFO] - 	 Starting Epoch: 134
[2026-05-01 20:29:15,871][src.modRNN.training.common][INFO] - train epoch 134 MSE 0.0234 nMSE 0.2016
[2026-05-01 20:29:15,872][src.modRNN.training.common][INFO] - 	 Starting Epoch: 135
[2026-05-01 20:29:16,199][src.modRNN.training.common][INFO] - train epoch 135 MSE 0.0213 nMSE 0.1830
[2026-05-01 20:29:16,199][src.modRNN.training.common][INFO] - 	 Starting Epoch: 136
[2026-05-01 20:29:16,526][src.modRNN.training.common][INFO] - train epoch 136 MSE 0.0255 nMSE 0.2192
[2026-05-01 20:29:16,527][src.modRNN.training.common][INFO] - 	 Starting Epoch: 137
[2026-05-01 20:29:16,853][src.modRNN.training.common][INFO] - train epoch 137 MSE 0.0236 nMSE 0.2032
[2026-05-01 20:29:16,854][src.modRNN.training.common][INFO] - 	 Starting Epoch: 138
[2026-05-01 20:29:17,181][src.modRNN.training.common][INFO] - train epoch 138 MSE 0.0226 nMSE 0.1947
[2026-05-01 20:29:17,182][src.modRNN.training.common][INFO] - 	 Starting Epoch: 139
[2026-05-01 20:29:17,508][src.modRNN.training.common][INFO] - train epoch 139 MSE 0.0238 nMSE 0.2048
[2026-05-01 20:29:17,509][src.modRNN.training.common][INFO] - 	 Starting Epoch: 140
[2026-05-01 20:29:17,836][src.modRNN.training.common][INFO] - train epoch 140 MSE 0.0222 nMSE 0.1910
[2026-05-01 20:29:17,836][src.modRNN.training.common][INFO] - 	 Starting Epoch: 141
[2026-05-01 20:29:18,163][src.modRNN.training.common][INFO] - train epoch 141 MSE 0.0197 nMSE 0.1698
[2026-05-01 20:29:18,164][src.modRNN.training.common][INFO] - 	 Starting Epoch: 142
[2026-05-01 20:29:18,491][src.modRNN.training.common][INFO] - train epoch 142 MSE 0.0223 nMSE 0.1921
[2026-05-01 20:29:18,491][src.modRNN.training.common][INFO] - 	 Starting Epoch: 143
[2026-05-01 20:29:18,818][src.modRNN.training.common][INFO] - train epoch 143 MSE 0.0197 nMSE 0.1696
[2026-05-01 20:29:18,818][src.modRNN.training.common][INFO] - 	 Starting Epoch: 144
[2026-05-01 20:29:19,145][src.modRNN.training.common][INFO] - train epoch 144 MSE 0.0183 nMSE 0.1577
[2026-05-01 20:29:19,146][src.modRNN.training.common][INFO] - 	 Starting Epoch: 145
[2026-05-01 20:29:19,472][src.modRNN.training.common][INFO] - train epoch 145 MSE 0.0199 nMSE 0.1711
[2026-05-01 20:29:19,473][src.modRNN.training.common][INFO] - 	 Starting Epoch: 146
[2026-05-01 20:29:19,800][src.modRNN.training.common][INFO] - train epoch 146 MSE 0.0209 nMSE 0.1797
[2026-05-01 20:29:19,801][src.modRNN.training.common][INFO] - 	 Starting Epoch: 147
[2026-05-01 20:29:20,127][src.modRNN.training.common][INFO] - train epoch 147 MSE 0.0201 nMSE 0.1728
[2026-05-01 20:29:20,128][src.modRNN.training.common][INFO] - 	 Starting Epoch: 148
[2026-05-01 20:29:20,455][src.modRNN.training.common][INFO] - train epoch 148 MSE 0.0209 nMSE 0.1799
[2026-05-01 20:29:20,455][src.modRNN.training.common][INFO] - 	 Starting Epoch: 149
[2026-05-01 20:29:20,782][src.modRNN.training.common][INFO] - train epoch 149 MSE 0.0181 nMSE 0.1559
[2026-05-01 20:29:20,782][src.modRNN.training.common][INFO] - 	 Starting Epoch: 150
[2026-05-01 20:29:21,109][src.modRNN.training.common][INFO] - train epoch 150 MSE 0.0169 nMSE 0.1450
[2026-05-01 20:29:21,110][src.modRNN.training.common][INFO] - 	 Starting Epoch: 151
[2026-05-01 20:29:21,436][src.modRNN.training.common][INFO] - train epoch 151 MSE 0.0197 nMSE 0.1696
[2026-05-01 20:29:21,486][src.modRNN.training.common][INFO] - eval  epoch 151 MSE 0.0173 nMSE 0.1487
[2026-05-01 20:29:21,486][src.modRNN.training.common][INFO] - 	 Starting Epoch: 152
[2026-05-01 20:29:21,813][src.modRNN.training.common][INFO] - train epoch 152 MSE 0.0173 nMSE 0.1487
[2026-05-01 20:29:21,814][src.modRNN.training.common][INFO] - 	 Starting Epoch: 153
[2026-05-01 20:29:22,140][src.modRNN.training.common][INFO] - train epoch 153 MSE 0.0191 nMSE 0.1640
[2026-05-01 20:29:22,141][src.modRNN.training.common][INFO] - 	 Starting Epoch: 154
[2026-05-01 20:29:22,467][src.modRNN.training.common][INFO] - train epoch 154 MSE 0.0203 nMSE 0.1749
[2026-05-01 20:29:22,468][src.modRNN.training.common][INFO] - 	 Starting Epoch: 155
[2026-05-01 20:29:22,794][src.modRNN.training.common][INFO] - train epoch 155 MSE 0.0210 nMSE 0.1808
[2026-05-01 20:29:22,795][src.modRNN.training.common][INFO] - 	 Starting Epoch: 156
[2026-05-01 20:29:23,122][src.modRNN.training.common][INFO] - train epoch 156 MSE 0.0179 nMSE 0.1540
[2026-05-01 20:29:23,123][src.modRNN.training.common][INFO] - 	 Starting Epoch: 157
[2026-05-01 20:29:23,449][src.modRNN.training.common][INFO] - train epoch 157 MSE 0.0184 nMSE 0.1586
[2026-05-01 20:29:23,450][src.modRNN.training.common][INFO] - 	 Starting Epoch: 158
[2026-05-01 20:29:23,776][src.modRNN.training.common][INFO] - train epoch 158 MSE 0.0188 nMSE 0.1621
[2026-05-01 20:29:23,777][src.modRNN.training.common][INFO] - 	 Starting Epoch: 159
[2026-05-01 20:29:24,103][src.modRNN.training.common][INFO] - train epoch 159 MSE 0.0203 nMSE 0.1751
[2026-05-01 20:29:24,104][src.modRNN.training.common][INFO] - 	 Starting Epoch: 160
[2026-05-01 20:29:24,431][src.modRNN.training.common][INFO] - train epoch 160 MSE 0.0182 nMSE 0.1566
[2026-05-01 20:29:24,432][src.modRNN.training.common][INFO] - 	 Starting Epoch: 161
[2026-05-01 20:29:24,758][src.modRNN.training.common][INFO] - train epoch 161 MSE 0.0167 nMSE 0.1438
[2026-05-01 20:29:24,759][src.modRNN.training.common][INFO] - 	 Starting Epoch: 162
[2026-05-01 20:29:25,086][src.modRNN.training.common][INFO] - train epoch 162 MSE 0.0207 nMSE 0.1782
[2026-05-01 20:29:25,087][src.modRNN.training.common][INFO] - 	 Starting Epoch: 163
[2026-05-01 20:29:25,413][src.modRNN.training.common][INFO] - train epoch 163 MSE 0.0146 nMSE 0.1258
[2026-05-01 20:29:25,414][src.modRNN.training.common][INFO] - 	 Starting Epoch: 164
[2026-05-01 20:29:25,741][src.modRNN.training.common][INFO] - train epoch 164 MSE 0.0180 nMSE 0.1550
[2026-05-01 20:29:25,742][src.modRNN.training.common][INFO] - 	 Starting Epoch: 165
[2026-05-01 20:29:26,068][src.modRNN.training.common][INFO] - train epoch 165 MSE 0.0138 nMSE 0.1185
[2026-05-01 20:29:26,069][src.modRNN.training.common][INFO] - 	 Starting Epoch: 166
[2026-05-01 20:29:26,396][src.modRNN.training.common][INFO] - train epoch 166 MSE 0.0162 nMSE 0.1394
[2026-05-01 20:29:26,396][src.modRNN.training.common][INFO] - 	 Starting Epoch: 167
[2026-05-01 20:29:26,723][src.modRNN.training.common][INFO] - train epoch 167 MSE 0.0138 nMSE 0.1189
[2026-05-01 20:29:26,724][src.modRNN.training.common][INFO] - 	 Starting Epoch: 168
[2026-05-01 20:29:27,051][src.modRNN.training.common][INFO] - train epoch 168 MSE 0.0165 nMSE 0.1424
[2026-05-01 20:29:27,051][src.modRNN.training.common][INFO] - 	 Starting Epoch: 169
[2026-05-01 20:29:27,378][src.modRNN.training.common][INFO] - train epoch 169 MSE 0.0142 nMSE 0.1219
[2026-05-01 20:29:27,378][src.modRNN.training.common][INFO] - 	 Starting Epoch: 170
[2026-05-01 20:29:27,705][src.modRNN.training.common][INFO] - train epoch 170 MSE 0.0153 nMSE 0.1317
[2026-05-01 20:29:27,706][src.modRNN.training.common][INFO] - 	 Starting Epoch: 171
[2026-05-01 20:29:28,032][src.modRNN.training.common][INFO] - train epoch 171 MSE 0.0141 nMSE 0.1217
[2026-05-01 20:29:28,033][src.modRNN.training.common][INFO] - 	 Starting Epoch: 172
[2026-05-01 20:29:28,360][src.modRNN.training.common][INFO] - train epoch 172 MSE 0.0133 nMSE 0.1145
[2026-05-01 20:29:28,360][src.modRNN.training.common][INFO] - 	 Starting Epoch: 173
[2026-05-01 20:29:28,686][src.modRNN.training.common][INFO] - train epoch 173 MSE 0.0132 nMSE 0.1132
[2026-05-01 20:29:28,687][src.modRNN.training.common][INFO] - 	 Starting Epoch: 174
[2026-05-01 20:29:29,014][src.modRNN.training.common][INFO] - train epoch 174 MSE 0.0138 nMSE 0.1186
[2026-05-01 20:29:29,015][src.modRNN.training.common][INFO] - 	 Starting Epoch: 175
[2026-05-01 20:29:29,341][src.modRNN.training.common][INFO] - train epoch 175 MSE 0.0140 nMSE 0.1205
[2026-05-01 20:29:29,342][src.modRNN.training.common][INFO] - 	 Starting Epoch: 176
[2026-05-01 20:29:29,669][src.modRNN.training.common][INFO] - train epoch 176 MSE 0.0141 nMSE 0.1217
[2026-05-01 20:29:29,718][src.modRNN.training.common][INFO] - eval  epoch 176 MSE 0.0127 nMSE 0.1090
[2026-05-01 20:29:29,719][src.modRNN.training.common][INFO] - 	 Starting Epoch: 177
[2026-05-01 20:29:30,045][src.modRNN.training.common][INFO] - train epoch 177 MSE 0.0127 nMSE 0.1090
[2026-05-01 20:29:30,045][src.modRNN.training.common][INFO] - 	 Starting Epoch: 178
[2026-05-01 20:29:30,372][src.modRNN.training.common][INFO] - train epoch 178 MSE 0.0114 nMSE 0.0980
[2026-05-01 20:29:30,373][src.modRNN.training.common][INFO] - 	 Starting Epoch: 179
[2026-05-01 20:29:30,699][src.modRNN.training.common][INFO] - train epoch 179 MSE 0.0142 nMSE 0.1222
[2026-05-01 20:29:30,700][src.modRNN.training.common][INFO] - 	 Starting Epoch: 180
[2026-05-01 20:29:31,028][src.modRNN.training.common][INFO] - train epoch 180 MSE 0.0136 nMSE 0.1173
[2026-05-01 20:29:31,029][src.modRNN.training.common][INFO] - 	 Starting Epoch: 181
[2026-05-01 20:29:31,353][src.modRNN.training.common][INFO] - train epoch 181 MSE 0.0127 nMSE 0.1097
[2026-05-01 20:29:31,354][src.modRNN.training.common][INFO] - 	 Starting Epoch: 182
[2026-05-01 20:29:31,678][src.modRNN.training.common][INFO] - train epoch 182 MSE 0.0122 nMSE 0.1052
[2026-05-01 20:29:31,678][src.modRNN.training.common][INFO] - 	 Starting Epoch: 183
[2026-05-01 20:29:32,001][src.modRNN.training.common][INFO] - train epoch 183 MSE 0.0124 nMSE 0.1065
[2026-05-01 20:29:32,002][src.modRNN.training.common][INFO] - 	 Starting Epoch: 184
[2026-05-01 20:29:32,326][src.modRNN.training.common][INFO] - train epoch 184 MSE 0.0114 nMSE 0.0978
[2026-05-01 20:29:32,327][src.modRNN.training.common][INFO] - 	 Starting Epoch: 185
[2026-05-01 20:29:32,650][src.modRNN.training.common][INFO] - train epoch 185 MSE 0.0124 nMSE 0.1064
[2026-05-01 20:29:32,651][src.modRNN.training.common][INFO] - 	 Starting Epoch: 186
[2026-05-01 20:29:32,974][src.modRNN.training.common][INFO] - train epoch 186 MSE 0.0118 nMSE 0.1014
[2026-05-01 20:29:32,975][src.modRNN.training.common][INFO] - 	 Starting Epoch: 187
[2026-05-01 20:29:33,298][src.modRNN.training.common][INFO] - train epoch 187 MSE 0.0122 nMSE 0.1051
[2026-05-01 20:29:33,299][src.modRNN.training.common][INFO] - 	 Starting Epoch: 188
[2026-05-01 20:29:33,623][src.modRNN.training.common][INFO] - train epoch 188 MSE 0.0119 nMSE 0.1024
[2026-05-01 20:29:33,623][src.modRNN.training.common][INFO] - 	 Starting Epoch: 189
[2026-05-01 20:29:33,946][src.modRNN.training.common][INFO] - train epoch 189 MSE 0.0126 nMSE 0.1080
[2026-05-01 20:29:33,947][src.modRNN.training.common][INFO] - 	 Starting Epoch: 190
[2026-05-01 20:29:34,270][src.modRNN.training.common][INFO] - train epoch 190 MSE 0.0118 nMSE 0.1017
[2026-05-01 20:29:34,271][src.modRNN.training.common][INFO] - 	 Starting Epoch: 191
[2026-05-01 20:29:34,594][src.modRNN.training.common][INFO] - train epoch 191 MSE 0.0113 nMSE 0.0972
[2026-05-01 20:29:34,595][src.modRNN.training.common][INFO] - 	 Starting Epoch: 192
[2026-05-01 20:29:34,918][src.modRNN.training.common][INFO] - train epoch 192 MSE 0.0130 nMSE 0.1122
[2026-05-01 20:29:34,919][src.modRNN.training.common][INFO] - 	 Starting Epoch: 193
[2026-05-01 20:29:35,242][src.modRNN.training.common][INFO] - train epoch 193 MSE 0.0109 nMSE 0.0940
[2026-05-01 20:29:35,242][src.modRNN.training.common][INFO] - 	 Starting Epoch: 194
[2026-05-01 20:29:35,566][src.modRNN.training.common][INFO] - train epoch 194 MSE 0.0131 nMSE 0.1129
[2026-05-01 20:29:35,567][src.modRNN.training.common][INFO] - 	 Starting Epoch: 195
[2026-05-01 20:29:35,889][src.modRNN.training.common][INFO] - train epoch 195 MSE 0.0107 nMSE 0.0922
[2026-05-01 20:29:35,890][src.modRNN.training.common][INFO] - 	 Starting Epoch: 196
[2026-05-01 20:29:36,214][src.modRNN.training.common][INFO] - train epoch 196 MSE 0.0115 nMSE 0.0989
[2026-05-01 20:29:36,215][src.modRNN.training.common][INFO] - 	 Starting Epoch: 197
[2026-05-01 20:29:36,538][src.modRNN.training.common][INFO] - train epoch 197 MSE 0.0112 nMSE 0.0960
[2026-05-01 20:29:36,539][src.modRNN.training.common][INFO] - 	 Starting Epoch: 198
[2026-05-01 20:29:36,862][src.modRNN.training.common][INFO] - train epoch 198 MSE 0.0121 nMSE 0.1037
[2026-05-01 20:29:36,863][src.modRNN.training.common][INFO] - 	 Starting Epoch: 199
[2026-05-01 20:29:37,186][src.modRNN.training.common][INFO] - train epoch 199 MSE 0.0108 nMSE 0.0932
[2026-05-01 20:29:37,187][src.modRNN.training.common][INFO] - 	 Starting Epoch: 200
[2026-05-01 20:29:37,511][src.modRNN.training.common][INFO] - train epoch 200 MSE 0.0104 nMSE 0.0895
[2026-05-01 20:29:37,512][src.modRNN.training.common][INFO] - 	 Starting Epoch: 201
[2026-05-01 20:29:37,835][src.modRNN.training.common][INFO] - train epoch 201 MSE 0.0092 nMSE 0.0789
[2026-05-01 20:29:37,883][src.modRNN.training.common][INFO] - eval  epoch 201 MSE 0.0113 nMSE 0.0968
[2026-05-01 20:29:37,884][src.modRNN.training.common][INFO] - 	 Starting Epoch: 202
[2026-05-01 20:29:38,207][src.modRNN.training.common][INFO] - train epoch 202 MSE 0.0113 nMSE 0.0968
[2026-05-01 20:29:38,208][src.modRNN.training.common][INFO] - 	 Starting Epoch: 203
[2026-05-01 20:29:38,530][src.modRNN.training.common][INFO] - train epoch 203 MSE 0.0133 nMSE 0.1142
[2026-05-01 20:29:38,531][src.modRNN.training.common][INFO] - 	 Starting Epoch: 204
[2026-05-01 20:29:38,854][src.modRNN.training.common][INFO] - train epoch 204 MSE 0.0110 nMSE 0.0945
[2026-05-01 20:29:38,855][src.modRNN.training.common][INFO] - 	 Starting Epoch: 205
[2026-05-01 20:29:39,177][src.modRNN.training.common][INFO] - train epoch 205 MSE 0.0099 nMSE 0.0853
[2026-05-01 20:29:39,178][src.modRNN.training.common][INFO] - 	 Starting Epoch: 206
[2026-05-01 20:29:39,502][src.modRNN.training.common][INFO] - train epoch 206 MSE 0.0114 nMSE 0.0978
[2026-05-01 20:29:39,503][src.modRNN.training.common][INFO] - 	 Starting Epoch: 207
[2026-05-01 20:29:39,825][src.modRNN.training.common][INFO] - train epoch 207 MSE 0.0115 nMSE 0.0993
[2026-05-01 20:29:39,826][src.modRNN.training.common][INFO] - 	 Starting Epoch: 208
[2026-05-01 20:29:40,150][src.modRNN.training.common][INFO] - train epoch 208 MSE 0.0125 nMSE 0.1075
[2026-05-01 20:29:40,150][src.modRNN.training.common][INFO] - 	 Starting Epoch: 209
[2026-05-01 20:29:40,473][src.modRNN.training.common][INFO] - train epoch 209 MSE 0.0106 nMSE 0.0910
[2026-05-01 20:29:40,474][src.modRNN.training.common][INFO] - 	 Starting Epoch: 210
[2026-05-01 20:29:40,797][src.modRNN.training.common][INFO] - train epoch 210 MSE 0.0106 nMSE 0.0910
[2026-05-01 20:29:40,798][src.modRNN.training.common][INFO] - 	 Starting Epoch: 211
[2026-05-01 20:29:41,121][src.modRNN.training.common][INFO] - train epoch 211 MSE 0.0103 nMSE 0.0886
[2026-05-01 20:29:41,122][src.modRNN.training.common][INFO] - 	 Starting Epoch: 212
[2026-05-01 20:29:41,445][src.modRNN.training.common][INFO] - train epoch 212 MSE 0.0108 nMSE 0.0926
[2026-05-01 20:29:41,446][src.modRNN.training.common][INFO] - 	 Starting Epoch: 213
[2026-05-01 20:29:41,769][src.modRNN.training.common][INFO] - train epoch 213 MSE 0.0103 nMSE 0.0888
[2026-05-01 20:29:41,770][src.modRNN.training.common][INFO] - 	 Starting Epoch: 214
[2026-05-01 20:29:42,118][src.modRNN.training.common][INFO] - train epoch 214 MSE 0.0089 nMSE 0.0767
[2026-05-01 20:29:42,119][src.modRNN.training.common][INFO] - 	 Starting Epoch: 215
[2026-05-01 20:29:42,483][src.modRNN.training.common][INFO] - train epoch 215 MSE 0.0108 nMSE 0.0928
[2026-05-01 20:29:42,485][src.modRNN.training.common][INFO] - 	 Starting Epoch: 216
[2026-05-01 20:29:42,860][src.modRNN.training.common][INFO] - train epoch 216 MSE 0.0092 nMSE 0.0792
[2026-05-01 20:29:42,861][src.modRNN.training.common][INFO] - 	 Starting Epoch: 217
[2026-05-01 20:29:43,201][src.modRNN.training.common][INFO] - train epoch 217 MSE 0.0093 nMSE 0.0804
[2026-05-01 20:29:43,202][src.modRNN.training.common][INFO] - 	 Starting Epoch: 218
[2026-05-01 20:29:43,532][src.modRNN.training.common][INFO] - train epoch 218 MSE 0.0096 nMSE 0.0829
[2026-05-01 20:29:43,532][src.modRNN.training.common][INFO] - 	 Starting Epoch: 219
[2026-05-01 20:29:43,855][src.modRNN.training.common][INFO] - train epoch 219 MSE 0.0104 nMSE 0.0895
[2026-05-01 20:29:43,856][src.modRNN.training.common][INFO] - 	 Starting Epoch: 220
[2026-05-01 20:29:44,180][src.modRNN.training.common][INFO] - train epoch 220 MSE 0.0090 nMSE 0.0775
[2026-05-01 20:29:44,181][src.modRNN.training.common][INFO] - 	 Starting Epoch: 221
[2026-05-01 20:29:44,504][src.modRNN.training.common][INFO] - train epoch 221 MSE 0.0094 nMSE 0.0812
[2026-05-01 20:29:44,505][src.modRNN.training.common][INFO] - 	 Starting Epoch: 222
[2026-05-01 20:29:44,833][src.modRNN.training.common][INFO] - train epoch 222 MSE 0.0093 nMSE 0.0803
[2026-05-01 20:29:44,834][src.modRNN.training.common][INFO] - 	 Starting Epoch: 223
[2026-05-01 20:29:45,157][src.modRNN.training.common][INFO] - train epoch 223 MSE 0.0121 nMSE 0.1039
[2026-05-01 20:29:45,158][src.modRNN.training.common][INFO] - 	 Starting Epoch: 224
[2026-05-01 20:29:45,481][src.modRNN.training.common][INFO] - train epoch 224 MSE 0.0088 nMSE 0.0755
[2026-05-01 20:29:45,482][src.modRNN.training.common][INFO] - 	 Starting Epoch: 225
[2026-05-01 20:29:45,804][src.modRNN.training.common][INFO] - train epoch 225 MSE 0.0124 nMSE 0.1068
[2026-05-01 20:29:45,804][src.modRNN.training.common][INFO] - 	 Starting Epoch: 226
[2026-05-01 20:29:46,130][src.modRNN.training.common][INFO] - train epoch 226 MSE 0.0116 nMSE 0.1002
[2026-05-01 20:29:46,179][src.modRNN.training.common][INFO] - eval  epoch 226 MSE 0.0137 nMSE 0.1179
[2026-05-01 20:29:46,179][src.modRNN.training.common][INFO] - 	 Starting Epoch: 227
[2026-05-01 20:29:46,506][src.modRNN.training.common][INFO] - train epoch 227 MSE 0.0137 nMSE 0.1179
[2026-05-01 20:29:46,507][src.modRNN.training.common][INFO] - 	 Starting Epoch: 228
[2026-05-01 20:29:46,833][src.modRNN.training.common][INFO] - train epoch 228 MSE 0.0111 nMSE 0.0956
[2026-05-01 20:29:46,834][src.modRNN.training.common][INFO] - 	 Starting Epoch: 229
[2026-05-01 20:29:47,161][src.modRNN.training.common][INFO] - train epoch 229 MSE 0.0099 nMSE 0.0855
[2026-05-01 20:29:47,162][src.modRNN.training.common][INFO] - 	 Starting Epoch: 230
[2026-05-01 20:29:47,489][src.modRNN.training.common][INFO] - train epoch 230 MSE 0.0099 nMSE 0.0848
[2026-05-01 20:29:47,490][src.modRNN.training.common][INFO] - 	 Starting Epoch: 231
[2026-05-01 20:29:47,819][src.modRNN.training.common][INFO] - train epoch 231 MSE 0.0100 nMSE 0.0859
[2026-05-01 20:29:47,820][src.modRNN.training.common][INFO] - 	 Starting Epoch: 232
[2026-05-01 20:29:48,147][src.modRNN.training.common][INFO] - train epoch 232 MSE 0.0092 nMSE 0.0796
[2026-05-01 20:29:48,148][src.modRNN.training.common][INFO] - 	 Starting Epoch: 233
[2026-05-01 20:29:48,474][src.modRNN.training.common][INFO] - train epoch 233 MSE 0.0106 nMSE 0.0911
[2026-05-01 20:29:48,475][src.modRNN.training.common][INFO] - 	 Starting Epoch: 234
[2026-05-01 20:29:48,800][src.modRNN.training.common][INFO] - train epoch 234 MSE 0.0094 nMSE 0.0810
[2026-05-01 20:29:48,801][src.modRNN.training.common][INFO] - 	 Starting Epoch: 235
[2026-05-01 20:29:49,128][src.modRNN.training.common][INFO] - train epoch 235 MSE 0.0118 nMSE 0.1018
[2026-05-01 20:29:49,129][src.modRNN.training.common][INFO] - 	 Starting Epoch: 236
[2026-05-01 20:29:49,454][src.modRNN.training.common][INFO] - train epoch 236 MSE 0.0101 nMSE 0.0872
[2026-05-01 20:29:49,455][src.modRNN.training.common][INFO] - 	 Starting Epoch: 237
[2026-05-01 20:29:49,779][src.modRNN.training.common][INFO] - train epoch 237 MSE 0.0106 nMSE 0.0913
[2026-05-01 20:29:49,779][src.modRNN.training.common][INFO] - 	 Starting Epoch: 238
[2026-05-01 20:29:50,104][src.modRNN.training.common][INFO] - train epoch 238 MSE 0.0084 nMSE 0.0724
[2026-05-01 20:29:50,105][src.modRNN.training.common][INFO] - 	 Starting Epoch: 239
[2026-05-01 20:29:50,429][src.modRNN.training.common][INFO] - train epoch 239 MSE 0.0118 nMSE 0.1018
[2026-05-01 20:29:50,430][src.modRNN.training.common][INFO] - 	 Starting Epoch: 240
[2026-05-01 20:29:50,756][src.modRNN.training.common][INFO] - train epoch 240 MSE 0.0092 nMSE 0.0789
[2026-05-01 20:29:50,756][src.modRNN.training.common][INFO] - 	 Starting Epoch: 241
[2026-05-01 20:29:51,081][src.modRNN.training.common][INFO] - train epoch 241 MSE 0.0094 nMSE 0.0808
[2026-05-01 20:29:51,081][src.modRNN.training.common][INFO] - 	 Starting Epoch: 242
[2026-05-01 20:29:51,406][src.modRNN.training.common][INFO] - train epoch 242 MSE 0.0083 nMSE 0.0713
[2026-05-01 20:29:51,407][src.modRNN.training.common][INFO] - 	 Starting Epoch: 243
[2026-05-01 20:29:51,733][src.modRNN.training.common][INFO] - train epoch 243 MSE 0.0120 nMSE 0.1036
[2026-05-01 20:29:51,734][src.modRNN.training.common][INFO] - 	 Starting Epoch: 244
[2026-05-01 20:29:52,059][src.modRNN.training.common][INFO] - train epoch 244 MSE 0.0087 nMSE 0.0750
[2026-05-01 20:29:52,060][src.modRNN.training.common][INFO] - 	 Starting Epoch: 245
[2026-05-01 20:29:52,385][src.modRNN.training.common][INFO] - train epoch 245 MSE 0.0104 nMSE 0.0891
[2026-05-01 20:29:52,386][src.modRNN.training.common][INFO] - 	 Starting Epoch: 246
[2026-05-01 20:29:52,712][src.modRNN.training.common][INFO] - train epoch 246 MSE 0.0096 nMSE 0.0822
[2026-05-01 20:29:52,712][src.modRNN.training.common][INFO] - 	 Starting Epoch: 247
[2026-05-01 20:29:53,037][src.modRNN.training.common][INFO] - train epoch 247 MSE 0.0109 nMSE 0.0937
[2026-05-01 20:29:53,038][src.modRNN.training.common][INFO] - 	 Starting Epoch: 248
[2026-05-01 20:29:53,363][src.modRNN.training.common][INFO] - train epoch 248 MSE 0.0088 nMSE 0.0760
[2026-05-01 20:29:53,363][src.modRNN.training.common][INFO] - 	 Starting Epoch: 249
[2026-05-01 20:29:53,688][src.modRNN.training.common][INFO] - train epoch 249 MSE 0.0105 nMSE 0.0904
[2026-05-01 20:29:53,689][src.modRNN.training.common][INFO] - 	 Starting Epoch: 250
[2026-05-01 20:29:54,013][src.modRNN.training.common][INFO] - train epoch 250 MSE 0.0100 nMSE 0.0858
[2026-05-01 20:29:54,014][src.modRNN.training.common][INFO] - 	 Starting Epoch: 251
[2026-05-01 20:29:54,339][src.modRNN.training.common][INFO] - train epoch 251 MSE 0.0120 nMSE 0.1032
[2026-05-01 20:29:54,387][src.modRNN.training.common][INFO] - eval  epoch 251 MSE 0.0100 nMSE 0.0861
[2026-05-01 20:29:54,388][src.modRNN.training.common][INFO] - 	 Starting Epoch: 252
[2026-05-01 20:29:54,717][src.modRNN.training.common][INFO] - train epoch 252 MSE 0.0100 nMSE 0.0861
[2026-05-01 20:29:54,717][src.modRNN.training.common][INFO] - 	 Starting Epoch: 253
[2026-05-01 20:29:55,043][src.modRNN.training.common][INFO] - train epoch 253 MSE 0.0114 nMSE 0.0979
[2026-05-01 20:29:55,044][src.modRNN.training.common][INFO] - 	 Starting Epoch: 254
[2026-05-01 20:29:55,369][src.modRNN.training.common][INFO] - train epoch 254 MSE 0.0087 nMSE 0.0745
[2026-05-01 20:29:55,370][src.modRNN.training.common][INFO] - 	 Starting Epoch: 255
[2026-05-01 20:29:55,694][src.modRNN.training.common][INFO] - train epoch 255 MSE 0.0077 nMSE 0.0660
[2026-05-01 20:29:55,695][src.modRNN.training.common][INFO] - 	 Starting Epoch: 256
[2026-05-01 20:29:56,021][src.modRNN.training.common][INFO] - train epoch 256 MSE 0.0091 nMSE 0.0783
[2026-05-01 20:29:56,022][src.modRNN.training.common][INFO] - 	 Starting Epoch: 257
[2026-05-01 20:29:56,346][src.modRNN.training.common][INFO] - train epoch 257 MSE 0.0104 nMSE 0.0891
[2026-05-01 20:29:56,347][src.modRNN.training.common][INFO] - 	 Starting Epoch: 258
[2026-05-01 20:29:56,672][src.modRNN.training.common][INFO] - train epoch 258 MSE 0.0079 nMSE 0.0678
[2026-05-01 20:29:56,673][src.modRNN.training.common][INFO] - 	 Starting Epoch: 259
[2026-05-01 20:29:56,997][src.modRNN.training.common][INFO] - train epoch 259 MSE 0.0082 nMSE 0.0701
[2026-05-01 20:29:56,998][src.modRNN.training.common][INFO] - 	 Starting Epoch: 260
[2026-05-01 20:29:57,322][src.modRNN.training.common][INFO] - train epoch 260 MSE 0.0098 nMSE 0.0843
[2026-05-01 20:29:57,323][src.modRNN.training.common][INFO] - 	 Starting Epoch: 261
[2026-05-01 20:29:57,649][src.modRNN.training.common][INFO] - train epoch 261 MSE 0.0074 nMSE 0.0637
[2026-05-01 20:29:57,650][src.modRNN.training.common][INFO] - 	 Starting Epoch: 262
[2026-05-01 20:29:57,975][src.modRNN.training.common][INFO] - train epoch 262 MSE 0.0087 nMSE 0.0753
[2026-05-01 20:29:57,976][src.modRNN.training.common][INFO] - 	 Starting Epoch: 263
[2026-05-01 20:29:58,299][src.modRNN.training.common][INFO] - train epoch 263 MSE 0.0080 nMSE 0.0686
[2026-05-01 20:29:58,300][src.modRNN.training.common][INFO] - 	 Starting Epoch: 264
[2026-05-01 20:29:58,624][src.modRNN.training.common][INFO] - train epoch 264 MSE 0.0092 nMSE 0.0793
[2026-05-01 20:29:58,625][src.modRNN.training.common][INFO] - 	 Starting Epoch: 265
[2026-05-01 20:29:58,949][src.modRNN.training.common][INFO] - train epoch 265 MSE 0.0094 nMSE 0.0807
[2026-05-01 20:29:58,950][src.modRNN.training.common][INFO] - 	 Starting Epoch: 266
[2026-05-01 20:29:59,275][src.modRNN.training.common][INFO] - train epoch 266 MSE 0.0091 nMSE 0.0786
[2026-05-01 20:29:59,276][src.modRNN.training.common][INFO] - 	 Starting Epoch: 267
[2026-05-01 20:29:59,600][src.modRNN.training.common][INFO] - train epoch 267 MSE 0.0087 nMSE 0.0746
[2026-05-01 20:29:59,601][src.modRNN.training.common][INFO] - 	 Starting Epoch: 268
[2026-05-01 20:29:59,926][src.modRNN.training.common][INFO] - train epoch 268 MSE 0.0075 nMSE 0.0647
[2026-05-01 20:29:59,927][src.modRNN.training.common][INFO] - 	 Starting Epoch: 269
[2026-05-01 20:30:00,252][src.modRNN.training.common][INFO] - train epoch 269 MSE 0.0076 nMSE 0.0653
[2026-05-01 20:30:00,253][src.modRNN.training.common][INFO] - 	 Starting Epoch: 270
[2026-05-01 20:30:00,579][src.modRNN.training.common][INFO] - train epoch 270 MSE 0.0072 nMSE 0.0618
[2026-05-01 20:30:00,580][src.modRNN.training.common][INFO] - 	 Starting Epoch: 271
[2026-05-01 20:30:00,904][src.modRNN.training.common][INFO] - train epoch 271 MSE 0.0083 nMSE 0.0711
[2026-05-01 20:30:00,905][src.modRNN.training.common][INFO] - 	 Starting Epoch: 272
[2026-05-01 20:30:01,231][src.modRNN.training.common][INFO] - train epoch 272 MSE 0.0085 nMSE 0.0735
[2026-05-01 20:30:01,231][src.modRNN.training.common][INFO] - 	 Starting Epoch: 273
[2026-05-01 20:30:01,556][src.modRNN.training.common][INFO] - train epoch 273 MSE 0.0083 nMSE 0.0711
[2026-05-01 20:30:01,557][src.modRNN.training.common][INFO] - 	 Starting Epoch: 274
[2026-05-01 20:30:01,884][src.modRNN.training.common][INFO] - train epoch 274 MSE 0.0083 nMSE 0.0712
[2026-05-01 20:30:01,885][src.modRNN.training.common][INFO] - 	 Starting Epoch: 275
[2026-05-01 20:30:02,238][src.modRNN.training.common][INFO] - train epoch 275 MSE 0.0094 nMSE 0.0808
[2026-05-01 20:30:02,239][src.modRNN.training.common][INFO] - 	 Starting Epoch: 276
[2026-05-01 20:30:02,569][src.modRNN.training.common][INFO] - train epoch 276 MSE 0.0090 nMSE 0.0772
[2026-05-01 20:30:02,620][src.modRNN.training.common][INFO] - eval  epoch 276 MSE 0.0076 nMSE 0.0652
[2026-05-01 20:30:02,621][src.modRNN.training.common][INFO] - 	 Starting Epoch: 277
[2026-05-01 20:30:02,949][src.modRNN.training.common][INFO] - train epoch 277 MSE 0.0076 nMSE 0.0652
[2026-05-01 20:30:02,950][src.modRNN.training.common][INFO] - 	 Starting Epoch: 278
[2026-05-01 20:30:03,278][src.modRNN.training.common][INFO] - train epoch 278 MSE 0.0086 nMSE 0.0744
[2026-05-01 20:30:03,279][src.modRNN.training.common][INFO] - 	 Starting Epoch: 279
[2026-05-01 20:30:03,605][src.modRNN.training.common][INFO] - train epoch 279 MSE 0.0084 nMSE 0.0722
[2026-05-01 20:30:03,606][src.modRNN.training.common][INFO] - 	 Starting Epoch: 280
[2026-05-01 20:30:03,935][src.modRNN.training.common][INFO] - train epoch 280 MSE 0.0078 nMSE 0.0674
[2026-05-01 20:30:03,936][src.modRNN.training.common][INFO] - 	 Starting Epoch: 281
[2026-05-01 20:30:04,263][src.modRNN.training.common][INFO] - train epoch 281 MSE 0.0074 nMSE 0.0640
[2026-05-01 20:30:04,264][src.modRNN.training.common][INFO] - 	 Starting Epoch: 282
[2026-05-01 20:30:04,593][src.modRNN.training.common][INFO] - train epoch 282 MSE 0.0089 nMSE 0.0763
[2026-05-01 20:30:04,593][src.modRNN.training.common][INFO] - 	 Starting Epoch: 283
[2026-05-01 20:30:04,920][src.modRNN.training.common][INFO] - train epoch 283 MSE 0.0069 nMSE 0.0594
[2026-05-01 20:30:04,921][src.modRNN.training.common][INFO] - 	 Starting Epoch: 284
[2026-05-01 20:30:05,249][src.modRNN.training.common][INFO] - train epoch 284 MSE 0.0077 nMSE 0.0667
[2026-05-01 20:30:05,250][src.modRNN.training.common][INFO] - 	 Starting Epoch: 285
[2026-05-01 20:30:05,578][src.modRNN.training.common][INFO] - train epoch 285 MSE 0.0075 nMSE 0.0645
[2026-05-01 20:30:05,579][src.modRNN.training.common][INFO] - 	 Starting Epoch: 286
[2026-05-01 20:30:05,906][src.modRNN.training.common][INFO] - train epoch 286 MSE 0.0108 nMSE 0.0928
[2026-05-01 20:30:05,907][src.modRNN.training.common][INFO] - 	 Starting Epoch: 287
[2026-05-01 20:30:06,233][src.modRNN.training.common][INFO] - train epoch 287 MSE 0.0072 nMSE 0.0622
[2026-05-01 20:30:06,234][src.modRNN.training.common][INFO] - 	 Starting Epoch: 288
[2026-05-01 20:30:06,562][src.modRNN.training.common][INFO] - train epoch 288 MSE 0.0080 nMSE 0.0688
[2026-05-01 20:30:06,563][src.modRNN.training.common][INFO] - 	 Starting Epoch: 289
[2026-05-01 20:30:06,891][src.modRNN.training.common][INFO] - train epoch 289 MSE 0.0073 nMSE 0.0632
[2026-05-01 20:30:06,891][src.modRNN.training.common][INFO] - 	 Starting Epoch: 290
[2026-05-01 20:30:07,219][src.modRNN.training.common][INFO] - train epoch 290 MSE 0.0076 nMSE 0.0653
[2026-05-01 20:30:07,220][src.modRNN.training.common][INFO] - 	 Starting Epoch: 291
[2026-05-01 20:30:07,548][src.modRNN.training.common][INFO] - train epoch 291 MSE 0.0068 nMSE 0.0588
[2026-05-01 20:30:07,549][src.modRNN.training.common][INFO] - 	 Starting Epoch: 292
[2026-05-01 20:30:07,878][src.modRNN.training.common][INFO] - train epoch 292 MSE 0.0077 nMSE 0.0665
[2026-05-01 20:30:07,878][src.modRNN.training.common][INFO] - 	 Starting Epoch: 293
[2026-05-01 20:30:08,206][src.modRNN.training.common][INFO] - train epoch 293 MSE 0.0090 nMSE 0.0771
[2026-05-01 20:30:08,207][src.modRNN.training.common][INFO] - 	 Starting Epoch: 294
[2026-05-01 20:30:08,534][src.modRNN.training.common][INFO] - train epoch 294 MSE 0.0080 nMSE 0.0685
[2026-05-01 20:30:08,535][src.modRNN.training.common][INFO] - 	 Starting Epoch: 295
[2026-05-01 20:30:08,863][src.modRNN.training.common][INFO] - train epoch 295 MSE 0.0083 nMSE 0.0716
[2026-05-01 20:30:08,863][src.modRNN.training.common][INFO] - 	 Starting Epoch: 296
[2026-05-01 20:30:09,193][src.modRNN.training.common][INFO] - train epoch 296 MSE 0.0064 nMSE 0.0554
[2026-05-01 20:30:09,193][src.modRNN.training.common][INFO] - 	 Starting Epoch: 297
[2026-05-01 20:30:09,521][src.modRNN.training.common][INFO] - train epoch 297 MSE 0.0077 nMSE 0.0666
[2026-05-01 20:30:09,522][src.modRNN.training.common][INFO] - 	 Starting Epoch: 298
[2026-05-01 20:30:09,849][src.modRNN.training.common][INFO] - train epoch 298 MSE 0.0064 nMSE 0.0547
[2026-05-01 20:30:09,850][src.modRNN.training.common][INFO] - 	 Starting Epoch: 299
[2026-05-01 20:30:10,178][src.modRNN.training.common][INFO] - train epoch 299 MSE 0.0095 nMSE 0.0820
[2026-05-01 20:30:10,179][src.modRNN.training.common][INFO] - 	 Starting Epoch: 300
[2026-05-01 20:30:10,506][src.modRNN.training.common][INFO] - train epoch 300 MSE 0.0095 nMSE 0.0817
[2026-05-01 20:30:10,507][src.modRNN.training.common][INFO] - 	 Starting Epoch: 301
[2026-05-01 20:30:10,833][src.modRNN.training.common][INFO] - train epoch 301 MSE 0.0073 nMSE 0.0626
[2026-05-01 20:30:10,883][src.modRNN.training.common][INFO] - eval  epoch 301 MSE 0.0078 nMSE 0.0674
[2026-05-01 20:30:10,884][src.modRNN.training.common][INFO] - 	 Starting Epoch: 302
[2026-05-01 20:30:11,215][src.modRNN.training.common][INFO] - train epoch 302 MSE 0.0078 nMSE 0.0674
[2026-05-01 20:30:11,216][src.modRNN.training.common][INFO] - 	 Starting Epoch: 303
[2026-05-01 20:30:11,542][src.modRNN.training.common][INFO] - train epoch 303 MSE 0.0066 nMSE 0.0570
[2026-05-01 20:30:11,543][src.modRNN.training.common][INFO] - 	 Starting Epoch: 304
[2026-05-01 20:30:11,870][src.modRNN.training.common][INFO] - train epoch 304 MSE 0.0080 nMSE 0.0692
[2026-05-01 20:30:11,871][src.modRNN.training.common][INFO] - 	 Starting Epoch: 305
[2026-05-01 20:30:12,198][src.modRNN.training.common][INFO] - train epoch 305 MSE 0.0070 nMSE 0.0603
[2026-05-01 20:30:12,199][src.modRNN.training.common][INFO] - 	 Starting Epoch: 306
[2026-05-01 20:30:12,527][src.modRNN.training.common][INFO] - train epoch 306 MSE 0.0072 nMSE 0.0620
[2026-05-01 20:30:12,528][src.modRNN.training.common][INFO] - 	 Starting Epoch: 307
[2026-05-01 20:30:12,855][src.modRNN.training.common][INFO] - train epoch 307 MSE 0.0072 nMSE 0.0623
[2026-05-01 20:30:12,855][src.modRNN.training.common][INFO] - 	 Starting Epoch: 308
[2026-05-01 20:30:13,182][src.modRNN.training.common][INFO] - train epoch 308 MSE 0.0080 nMSE 0.0689
[2026-05-01 20:30:13,183][src.modRNN.training.common][INFO] - 	 Starting Epoch: 309
[2026-05-01 20:30:13,511][src.modRNN.training.common][INFO] - train epoch 309 MSE 0.0086 nMSE 0.0741
[2026-05-01 20:30:13,512][src.modRNN.training.common][INFO] - 	 Starting Epoch: 310
[2026-05-01 20:30:13,839][src.modRNN.training.common][INFO] - train epoch 310 MSE 0.0061 nMSE 0.0527
[2026-05-01 20:30:13,840][src.modRNN.training.common][INFO] - 	 Starting Epoch: 311
[2026-05-01 20:30:14,167][src.modRNN.training.common][INFO] - train epoch 311 MSE 0.0067 nMSE 0.0576
[2026-05-01 20:30:14,168][src.modRNN.training.common][INFO] - 	 Starting Epoch: 312
[2026-05-01 20:30:14,495][src.modRNN.training.common][INFO] - train epoch 312 MSE 0.0085 nMSE 0.0734
[2026-05-01 20:30:14,496][src.modRNN.training.common][INFO] - 	 Starting Epoch: 313
[2026-05-01 20:30:14,824][src.modRNN.training.common][INFO] - train epoch 313 MSE 0.0060 nMSE 0.0516
[2026-05-01 20:30:14,825][src.modRNN.training.common][INFO] - 	 Starting Epoch: 314
[2026-05-01 20:30:15,152][src.modRNN.training.common][INFO] - train epoch 314 MSE 0.0066 nMSE 0.0572
[2026-05-01 20:30:15,153][src.modRNN.training.common][INFO] - 	 Starting Epoch: 315
[2026-05-01 20:30:15,479][src.modRNN.training.common][INFO] - train epoch 315 MSE 0.0075 nMSE 0.0648
[2026-05-01 20:30:15,480][src.modRNN.training.common][INFO] - 	 Starting Epoch: 316
[2026-05-01 20:30:15,808][src.modRNN.training.common][INFO] - train epoch 316 MSE 0.0079 nMSE 0.0680
[2026-05-01 20:30:15,809][src.modRNN.training.common][INFO] - 	 Starting Epoch: 317
[2026-05-01 20:30:16,136][src.modRNN.training.common][INFO] - train epoch 317 MSE 0.0068 nMSE 0.0585
[2026-05-01 20:30:16,137][src.modRNN.training.common][INFO] - 	 Starting Epoch: 318
[2026-05-01 20:30:16,464][src.modRNN.training.common][INFO] - train epoch 318 MSE 0.0060 nMSE 0.0513
[2026-05-01 20:30:16,464][src.modRNN.training.common][INFO] - 	 Starting Epoch: 319
[2026-05-01 20:30:16,791][src.modRNN.training.common][INFO] - train epoch 319 MSE 0.0058 nMSE 0.0502
[2026-05-01 20:30:16,792][src.modRNN.training.common][INFO] - 	 Starting Epoch: 320
[2026-05-01 20:30:17,119][src.modRNN.training.common][INFO] - train epoch 320 MSE 0.0070 nMSE 0.0605
[2026-05-01 20:30:17,120][src.modRNN.training.common][INFO] - 	 Starting Epoch: 321
[2026-05-01 20:30:17,447][src.modRNN.training.common][INFO] - train epoch 321 MSE 0.0063 nMSE 0.0546
[2026-05-01 20:30:17,448][src.modRNN.training.common][INFO] - 	 Starting Epoch: 322
[2026-05-01 20:30:17,776][src.modRNN.training.common][INFO] - train epoch 322 MSE 0.0070 nMSE 0.0603
[2026-05-01 20:30:17,777][src.modRNN.training.common][INFO] - 	 Starting Epoch: 323
[2026-05-01 20:30:18,103][src.modRNN.training.common][INFO] - train epoch 323 MSE 0.0061 nMSE 0.0526
[2026-05-01 20:30:18,104][src.modRNN.training.common][INFO] - 	 Starting Epoch: 324
[2026-05-01 20:30:18,431][src.modRNN.training.common][INFO] - train epoch 324 MSE 0.0058 nMSE 0.0503
[2026-05-01 20:30:18,432][src.modRNN.training.common][INFO] - 	 Starting Epoch: 325
[2026-05-01 20:30:18,760][src.modRNN.training.common][INFO] - train epoch 325 MSE 0.0064 nMSE 0.0554
[2026-05-01 20:30:18,760][src.modRNN.training.common][INFO] - 	 Starting Epoch: 326
[2026-05-01 20:30:19,089][src.modRNN.training.common][INFO] - train epoch 326 MSE 0.0063 nMSE 0.0540
[2026-05-01 20:30:19,139][src.modRNN.training.common][INFO] - eval  epoch 326 MSE 0.0072 nMSE 0.0622
[2026-05-01 20:30:19,139][src.modRNN.training.common][INFO] - 	 Starting Epoch: 327
[2026-05-01 20:30:19,467][src.modRNN.training.common][INFO] - train epoch 327 MSE 0.0072 nMSE 0.0622
[2026-05-01 20:30:19,468][src.modRNN.training.common][INFO] - 	 Starting Epoch: 328
[2026-05-01 20:30:19,796][src.modRNN.training.common][INFO] - train epoch 328 MSE 0.0068 nMSE 0.0588
[2026-05-01 20:30:19,797][src.modRNN.training.common][INFO] - 	 Starting Epoch: 329
[2026-05-01 20:30:20,124][src.modRNN.training.common][INFO] - train epoch 329 MSE 0.0055 nMSE 0.0477
[2026-05-01 20:30:20,125][src.modRNN.training.common][INFO] - 	 Starting Epoch: 330
[2026-05-01 20:30:20,452][src.modRNN.training.common][INFO] - train epoch 330 MSE 0.0070 nMSE 0.0602
[2026-05-01 20:30:20,453][src.modRNN.training.common][INFO] - 	 Starting Epoch: 331
[2026-05-01 20:30:20,780][src.modRNN.training.common][INFO] - train epoch 331 MSE 0.0084 nMSE 0.0719
[2026-05-01 20:30:20,781][src.modRNN.training.common][INFO] - 	 Starting Epoch: 332
[2026-05-01 20:30:21,109][src.modRNN.training.common][INFO] - train epoch 332 MSE 0.0065 nMSE 0.0557
[2026-05-01 20:30:21,110][src.modRNN.training.common][INFO] - 	 Starting Epoch: 333
[2026-05-01 20:30:21,437][src.modRNN.training.common][INFO] - train epoch 333 MSE 0.0063 nMSE 0.0542
[2026-05-01 20:30:21,438][src.modRNN.training.common][INFO] - 	 Starting Epoch: 334
[2026-05-01 20:30:21,765][src.modRNN.training.common][INFO] - train epoch 334 MSE 0.0071 nMSE 0.0610
[2026-05-01 20:30:21,766][src.modRNN.training.common][INFO] - 	 Starting Epoch: 335
[2026-05-01 20:30:22,093][src.modRNN.training.common][INFO] - train epoch 335 MSE 0.0070 nMSE 0.0600
[2026-05-01 20:30:22,093][src.modRNN.training.common][INFO] - 	 Starting Epoch: 336
[2026-05-01 20:30:22,420][src.modRNN.training.common][INFO] - train epoch 336 MSE 0.0077 nMSE 0.0665
[2026-05-01 20:30:22,421][src.modRNN.training.common][INFO] - 	 Starting Epoch: 337
[2026-05-01 20:30:22,748][src.modRNN.training.common][INFO] - train epoch 337 MSE 0.0066 nMSE 0.0571
[2026-05-01 20:30:22,749][src.modRNN.training.common][INFO] - 	 Starting Epoch: 338
[2026-05-01 20:30:23,078][src.modRNN.training.common][INFO] - train epoch 338 MSE 0.0066 nMSE 0.0568
[2026-05-01 20:30:23,079][src.modRNN.training.common][INFO] - 	 Starting Epoch: 339
[2026-05-01 20:30:23,405][src.modRNN.training.common][INFO] - train epoch 339 MSE 0.0063 nMSE 0.0543
[2026-05-01 20:30:23,406][src.modRNN.training.common][INFO] - 	 Starting Epoch: 340
[2026-05-01 20:30:23,734][src.modRNN.training.common][INFO] - train epoch 340 MSE 0.0078 nMSE 0.0673
[2026-05-01 20:30:23,735][src.modRNN.training.common][INFO] - 	 Starting Epoch: 341
[2026-05-01 20:30:24,061][src.modRNN.training.common][INFO] - train epoch 341 MSE 0.0059 nMSE 0.0510
[2026-05-01 20:30:24,062][src.modRNN.training.common][INFO] - 	 Starting Epoch: 342
[2026-05-01 20:30:24,391][src.modRNN.training.common][INFO] - train epoch 342 MSE 0.0072 nMSE 0.0623
[2026-05-01 20:30:24,392][src.modRNN.training.common][INFO] - 	 Starting Epoch: 343
[2026-05-01 20:30:24,719][src.modRNN.training.common][INFO] - train epoch 343 MSE 0.0063 nMSE 0.0544
[2026-05-01 20:30:24,720][src.modRNN.training.common][INFO] - 	 Starting Epoch: 344
[2026-05-01 20:30:25,047][src.modRNN.training.common][INFO] - train epoch 344 MSE 0.0066 nMSE 0.0568
[2026-05-01 20:30:25,047][src.modRNN.training.common][INFO] - 	 Starting Epoch: 345
[2026-05-01 20:30:25,375][src.modRNN.training.common][INFO] - train epoch 345 MSE 0.0060 nMSE 0.0514
[2026-05-01 20:30:25,376][src.modRNN.training.common][INFO] - 	 Starting Epoch: 346
[2026-05-01 20:30:25,704][src.modRNN.training.common][INFO] - train epoch 346 MSE 0.0071 nMSE 0.0608
[2026-05-01 20:30:25,705][src.modRNN.training.common][INFO] - 	 Starting Epoch: 347
[2026-05-01 20:30:26,032][src.modRNN.training.common][INFO] - train epoch 347 MSE 0.0068 nMSE 0.0583
[2026-05-01 20:30:26,033][src.modRNN.training.common][INFO] - 	 Starting Epoch: 348
[2026-05-01 20:30:26,362][src.modRNN.training.common][INFO] - train epoch 348 MSE 0.0073 nMSE 0.0629
[2026-05-01 20:30:26,363][src.modRNN.training.common][INFO] - 	 Starting Epoch: 349
[2026-05-01 20:30:26,692][src.modRNN.training.common][INFO] - train epoch 349 MSE 0.0073 nMSE 0.0631
[2026-05-01 20:30:26,692][src.modRNN.training.common][INFO] - 	 Starting Epoch: 350
[2026-05-01 20:30:27,020][src.modRNN.training.common][INFO] - train epoch 350 MSE 0.0081 nMSE 0.0697
[2026-05-01 20:30:27,021][src.modRNN.training.common][INFO] - 	 Starting Epoch: 351
[2026-05-01 20:30:27,348][src.modRNN.training.common][INFO] - train epoch 351 MSE 0.0072 nMSE 0.0622
[2026-05-01 20:30:27,398][src.modRNN.training.common][INFO] - eval  epoch 351 MSE 0.0069 nMSE 0.0592
[2026-05-01 20:30:27,399][src.modRNN.training.common][INFO] - 	 Starting Epoch: 352
[2026-05-01 20:30:27,728][src.modRNN.training.common][INFO] - train epoch 352 MSE 0.0069 nMSE 0.0592
[2026-05-01 20:30:27,729][src.modRNN.training.common][INFO] - 	 Starting Epoch: 353
[2026-05-01 20:30:28,055][src.modRNN.training.common][INFO] - train epoch 353 MSE 0.0061 nMSE 0.0521
[2026-05-01 20:30:28,056][src.modRNN.training.common][INFO] - 	 Starting Epoch: 354
[2026-05-01 20:30:28,383][src.modRNN.training.common][INFO] - train epoch 354 MSE 0.0093 nMSE 0.0796
[2026-05-01 20:30:28,384][src.modRNN.training.common][INFO] - 	 Starting Epoch: 355
[2026-05-01 20:30:28,711][src.modRNN.training.common][INFO] - train epoch 355 MSE 0.0079 nMSE 0.0683
[2026-05-01 20:30:28,712][src.modRNN.training.common][INFO] - 	 Starting Epoch: 356
[2026-05-01 20:30:29,038][src.modRNN.training.common][INFO] - train epoch 356 MSE 0.0058 nMSE 0.0501
[2026-05-01 20:30:29,039][src.modRNN.training.common][INFO] - 	 Starting Epoch: 357
[2026-05-01 20:30:29,366][src.modRNN.training.common][INFO] - train epoch 357 MSE 0.0070 nMSE 0.0606
[2026-05-01 20:30:29,367][src.modRNN.training.common][INFO] - 	 Starting Epoch: 358
[2026-05-01 20:30:29,695][src.modRNN.training.common][INFO] - train epoch 358 MSE 0.0061 nMSE 0.0522
[2026-05-01 20:30:29,696][src.modRNN.training.common][INFO] - 	 Starting Epoch: 359
[2026-05-01 20:30:30,022][src.modRNN.training.common][INFO] - train epoch 359 MSE 0.0056 nMSE 0.0478
[2026-05-01 20:30:30,023][src.modRNN.training.common][INFO] - 	 Starting Epoch: 360
[2026-05-01 20:30:30,351][src.modRNN.training.common][INFO] - train epoch 360 MSE 0.0068 nMSE 0.0582
[2026-05-01 20:30:30,351][src.modRNN.training.common][INFO] - 	 Starting Epoch: 361
[2026-05-01 20:30:30,678][src.modRNN.training.common][INFO] - train epoch 361 MSE 0.0061 nMSE 0.0527
[2026-05-01 20:30:30,679][src.modRNN.training.common][INFO] - 	 Starting Epoch: 362
[2026-05-01 20:30:31,007][src.modRNN.training.common][INFO] - train epoch 362 MSE 0.0084 nMSE 0.0721
[2026-05-01 20:30:31,008][src.modRNN.training.common][INFO] - 	 Starting Epoch: 363
[2026-05-01 20:30:31,334][src.modRNN.training.common][INFO] - train epoch 363 MSE 0.0065 nMSE 0.0562
[2026-05-01 20:30:31,335][src.modRNN.training.common][INFO] - 	 Starting Epoch: 364
[2026-05-01 20:30:31,659][src.modRNN.training.common][INFO] - train epoch 364 MSE 0.0076 nMSE 0.0653
[2026-05-01 20:30:31,660][src.modRNN.training.common][INFO] - 	 Starting Epoch: 365
[2026-05-01 20:30:31,984][src.modRNN.training.common][INFO] - train epoch 365 MSE 0.0113 nMSE 0.0970
[2026-05-01 20:30:31,985][src.modRNN.training.common][INFO] - 	 Starting Epoch: 366
[2026-05-01 20:30:32,310][src.modRNN.training.common][INFO] - train epoch 366 MSE 0.0067 nMSE 0.0577
[2026-05-01 20:30:32,311][src.modRNN.training.common][INFO] - 	 Starting Epoch: 367
[2026-05-01 20:30:32,635][src.modRNN.training.common][INFO] - train epoch 367 MSE 0.0066 nMSE 0.0567
[2026-05-01 20:30:32,635][src.modRNN.training.common][INFO] - 	 Starting Epoch: 368
[2026-05-01 20:30:32,959][src.modRNN.training.common][INFO] - train epoch 368 MSE 0.0067 nMSE 0.0579
[2026-05-01 20:30:32,960][src.modRNN.training.common][INFO] - 	 Starting Epoch: 369
[2026-05-01 20:30:33,283][src.modRNN.training.common][INFO] - train epoch 369 MSE 0.0061 nMSE 0.0527
[2026-05-01 20:30:33,284][src.modRNN.training.common][INFO] - 	 Starting Epoch: 370
[2026-05-01 20:30:33,609][src.modRNN.training.common][INFO] - train epoch 370 MSE 0.0056 nMSE 0.0485
[2026-05-01 20:30:33,610][src.modRNN.training.common][INFO] - 	 Starting Epoch: 371
[2026-05-01 20:30:33,934][src.modRNN.training.common][INFO] - train epoch 371 MSE 0.0053 nMSE 0.0456
[2026-05-01 20:30:33,935][src.modRNN.training.common][INFO] - 	 Starting Epoch: 372
[2026-05-01 20:30:34,260][src.modRNN.training.common][INFO] - train epoch 372 MSE 0.0064 nMSE 0.0548
[2026-05-01 20:30:34,261][src.modRNN.training.common][INFO] - 	 Starting Epoch: 373
[2026-05-01 20:30:34,586][src.modRNN.training.common][INFO] - train epoch 373 MSE 0.0110 nMSE 0.0950
[2026-05-01 20:30:34,586][src.modRNN.training.common][INFO] - 	 Starting Epoch: 374
[2026-05-01 20:30:34,912][src.modRNN.training.common][INFO] - train epoch 374 MSE 0.0062 nMSE 0.0535
[2026-05-01 20:30:34,913][src.modRNN.training.common][INFO] - 	 Starting Epoch: 375
[2026-05-01 20:30:35,238][src.modRNN.training.common][INFO] - train epoch 375 MSE 0.0081 nMSE 0.0698
[2026-05-01 20:30:35,239][src.modRNN.training.common][INFO] - 	 Starting Epoch: 376
[2026-05-01 20:30:35,564][src.modRNN.training.common][INFO] - train epoch 376 MSE 0.0066 nMSE 0.0568
[2026-05-01 20:30:35,612][src.modRNN.training.common][INFO] - eval  epoch 376 MSE 0.0073 nMSE 0.0629
[2026-05-01 20:30:35,613][src.modRNN.training.common][INFO] - 	 Starting Epoch: 377
[2026-05-01 20:30:35,939][src.modRNN.training.common][INFO] - train epoch 377 MSE 0.0073 nMSE 0.0629
[2026-05-01 20:30:35,940][src.modRNN.training.common][INFO] - 	 Starting Epoch: 378
[2026-05-01 20:30:36,264][src.modRNN.training.common][INFO] - train epoch 378 MSE 0.0063 nMSE 0.0543
[2026-05-01 20:30:36,265][src.modRNN.training.common][INFO] - 	 Starting Epoch: 379
[2026-05-01 20:30:36,589][src.modRNN.training.common][INFO] - train epoch 379 MSE 0.0076 nMSE 0.0656
[2026-05-01 20:30:36,590][src.modRNN.training.common][INFO] - 	 Starting Epoch: 380
[2026-05-01 20:30:36,915][src.modRNN.training.common][INFO] - train epoch 380 MSE 0.0081 nMSE 0.0698
[2026-05-01 20:30:36,916][src.modRNN.training.common][INFO] - 	 Starting Epoch: 381
[2026-05-01 20:30:37,240][src.modRNN.training.common][INFO] - train epoch 381 MSE 0.0067 nMSE 0.0573
[2026-05-01 20:30:37,241][src.modRNN.training.common][INFO] - 	 Starting Epoch: 382
[2026-05-01 20:30:37,566][src.modRNN.training.common][INFO] - train epoch 382 MSE 0.0065 nMSE 0.0555
[2026-05-01 20:30:37,567][src.modRNN.training.common][INFO] - 	 Starting Epoch: 383
[2026-05-01 20:30:37,891][src.modRNN.training.common][INFO] - train epoch 383 MSE 0.0053 nMSE 0.0460
[2026-05-01 20:30:37,892][src.modRNN.training.common][INFO] - 	 Starting Epoch: 384
[2026-05-01 20:30:38,217][src.modRNN.training.common][INFO] - train epoch 384 MSE 0.0076 nMSE 0.0657
[2026-05-01 20:30:38,218][src.modRNN.training.common][INFO] - 	 Starting Epoch: 385
[2026-05-01 20:30:38,542][src.modRNN.training.common][INFO] - train epoch 385 MSE 0.0053 nMSE 0.0455
[2026-05-01 20:30:38,543][src.modRNN.training.common][INFO] - 	 Starting Epoch: 386
[2026-05-01 20:30:38,868][src.modRNN.training.common][INFO] - train epoch 386 MSE 0.0072 nMSE 0.0617
[2026-05-01 20:30:38,869][src.modRNN.training.common][INFO] - 	 Starting Epoch: 387
[2026-05-01 20:30:39,192][src.modRNN.training.common][INFO] - train epoch 387 MSE 0.0056 nMSE 0.0485
[2026-05-01 20:30:39,193][src.modRNN.training.common][INFO] - 	 Starting Epoch: 388
[2026-05-01 20:30:39,519][src.modRNN.training.common][INFO] - train epoch 388 MSE 0.0081 nMSE 0.0701
[2026-05-01 20:30:39,519][src.modRNN.training.common][INFO] - 	 Starting Epoch: 389
[2026-05-01 20:30:39,844][src.modRNN.training.common][INFO] - train epoch 389 MSE 0.0054 nMSE 0.0465
[2026-05-01 20:30:39,845][src.modRNN.training.common][INFO] - 	 Starting Epoch: 390
[2026-05-01 20:30:40,170][src.modRNN.training.common][INFO] - train epoch 390 MSE 0.0096 nMSE 0.0828
[2026-05-01 20:30:40,170][src.modRNN.training.common][INFO] - 	 Starting Epoch: 391
[2026-05-01 20:30:40,494][src.modRNN.training.common][INFO] - train epoch 391 MSE 0.0066 nMSE 0.0565
[2026-05-01 20:30:40,495][src.modRNN.training.common][INFO] - 	 Starting Epoch: 392
[2026-05-01 20:30:40,821][src.modRNN.training.common][INFO] - train epoch 392 MSE 0.0082 nMSE 0.0708
[2026-05-01 20:30:40,822][src.modRNN.training.common][INFO] - 	 Starting Epoch: 393
[2026-05-01 20:30:41,147][src.modRNN.training.common][INFO] - train epoch 393 MSE 0.0069 nMSE 0.0598
[2026-05-01 20:30:41,148][src.modRNN.training.common][INFO] - 	 Starting Epoch: 394
[2026-05-01 20:30:41,473][src.modRNN.training.common][INFO] - train epoch 394 MSE 0.0071 nMSE 0.0610
[2026-05-01 20:30:41,474][src.modRNN.training.common][INFO] - 	 Starting Epoch: 395
[2026-05-01 20:30:41,798][src.modRNN.training.common][INFO] - train epoch 395 MSE 0.0095 nMSE 0.0818
[2026-05-01 20:30:41,799][src.modRNN.training.common][INFO] - 	 Starting Epoch: 396
[2026-05-01 20:30:42,128][src.modRNN.training.common][INFO] - train epoch 396 MSE 0.0081 nMSE 0.0695
[2026-05-01 20:30:42,129][src.modRNN.training.common][INFO] - 	 Starting Epoch: 397
[2026-05-01 20:30:42,501][src.modRNN.training.common][INFO] - train epoch 397 MSE 0.0075 nMSE 0.0645
[2026-05-01 20:30:42,502][src.modRNN.training.common][INFO] - 	 Starting Epoch: 398
[2026-05-01 20:30:42,875][src.modRNN.training.common][INFO] - train epoch 398 MSE 0.0060 nMSE 0.0520
[2026-05-01 20:30:42,876][src.modRNN.training.common][INFO] - 	 Starting Epoch: 399
[2026-05-01 20:30:43,233][src.modRNN.training.common][INFO] - train epoch 399 MSE 0.0076 nMSE 0.0656
[2026-05-01 20:30:43,234][src.modRNN.training.common][INFO] - 	 Starting Epoch: 400
[2026-05-01 20:30:43,559][src.modRNN.training.common][INFO] - train epoch 400 MSE 0.0078 nMSE 0.0674
[2026-05-01 20:30:43,560][src.modRNN.training.common][INFO] - 	 Starting Epoch: 401
[2026-05-01 20:30:43,885][src.modRNN.training.common][INFO] - train epoch 401 MSE 0.0092 nMSE 0.0792
[2026-05-01 20:30:43,933][src.modRNN.training.common][INFO] - eval  epoch 401 MSE 0.0062 nMSE 0.0532
[2026-05-01 20:30:43,934][src.modRNN.training.common][INFO] - 	 Starting Epoch: 402
[2026-05-01 20:30:44,259][src.modRNN.training.common][INFO] - train epoch 402 MSE 0.0062 nMSE 0.0532
[2026-05-01 20:30:44,260][src.modRNN.training.common][INFO] - 	 Starting Epoch: 403
[2026-05-01 20:30:44,584][src.modRNN.training.common][INFO] - train epoch 403 MSE 0.0076 nMSE 0.0657
[2026-05-01 20:30:44,585][src.modRNN.training.common][INFO] - 	 Starting Epoch: 404
[2026-05-01 20:30:44,910][src.modRNN.training.common][INFO] - train epoch 404 MSE 0.0081 nMSE 0.0693
[2026-05-01 20:30:44,911][src.modRNN.training.common][INFO] - 	 Starting Epoch: 405
[2026-05-01 20:30:45,235][src.modRNN.training.common][INFO] - train epoch 405 MSE 0.0083 nMSE 0.0716
[2026-05-01 20:30:45,235][src.modRNN.training.common][INFO] - 	 Starting Epoch: 406
[2026-05-01 20:30:45,559][src.modRNN.training.common][INFO] - train epoch 406 MSE 0.0052 nMSE 0.0451
[2026-05-01 20:30:45,560][src.modRNN.training.common][INFO] - 	 Starting Epoch: 407
[2026-05-01 20:30:45,883][src.modRNN.training.common][INFO] - train epoch 407 MSE 0.0063 nMSE 0.0546
[2026-05-01 20:30:45,884][src.modRNN.training.common][INFO] - 	 Starting Epoch: 408
[2026-05-01 20:30:46,208][src.modRNN.training.common][INFO] - train epoch 408 MSE 0.0073 nMSE 0.0632
[2026-05-01 20:30:46,209][src.modRNN.training.common][INFO] - 	 Starting Epoch: 409
[2026-05-01 20:30:46,533][src.modRNN.training.common][INFO] - train epoch 409 MSE 0.0056 nMSE 0.0480
[2026-05-01 20:30:46,534][src.modRNN.training.common][INFO] - 	 Starting Epoch: 410
[2026-05-01 20:30:46,859][src.modRNN.training.common][INFO] - train epoch 410 MSE 0.0074 nMSE 0.0635
[2026-05-01 20:30:46,859][src.modRNN.training.common][INFO] - 	 Starting Epoch: 411
[2026-05-01 20:30:47,183][src.modRNN.training.common][INFO] - train epoch 411 MSE 0.0061 nMSE 0.0524
[2026-05-01 20:30:47,184][src.modRNN.training.common][INFO] - 	 Starting Epoch: 412
[2026-05-01 20:30:47,508][src.modRNN.training.common][INFO] - train epoch 412 MSE 0.0082 nMSE 0.0706
[2026-05-01 20:30:47,509][src.modRNN.training.common][INFO] - 	 Starting Epoch: 413
[2026-05-01 20:30:47,831][src.modRNN.training.common][INFO] - train epoch 413 MSE 0.0060 nMSE 0.0515
[2026-05-01 20:30:47,832][src.modRNN.training.common][INFO] - 	 Starting Epoch: 414
[2026-05-01 20:30:48,157][src.modRNN.training.common][INFO] - train epoch 414 MSE 0.0079 nMSE 0.0682
[2026-05-01 20:30:48,157][src.modRNN.training.common][INFO] - 	 Starting Epoch: 415
[2026-05-01 20:30:48,482][src.modRNN.training.common][INFO] - train epoch 415 MSE 0.0060 nMSE 0.0519
[2026-05-01 20:30:48,482][src.modRNN.training.common][INFO] - 	 Starting Epoch: 416
[2026-05-01 20:30:48,807][src.modRNN.training.common][INFO] - train epoch 416 MSE 0.0073 nMSE 0.0626
[2026-05-01 20:30:48,808][src.modRNN.training.common][INFO] - 	 Starting Epoch: 417
[2026-05-01 20:30:49,131][src.modRNN.training.common][INFO] - train epoch 417 MSE 0.0048 nMSE 0.0410
[2026-05-01 20:30:49,132][src.modRNN.training.common][INFO] - 	 Starting Epoch: 418
[2026-05-01 20:30:49,457][src.modRNN.training.common][INFO] - train epoch 418 MSE 0.0072 nMSE 0.0619
[2026-05-01 20:30:49,457][src.modRNN.training.common][INFO] - 	 Starting Epoch: 419
[2026-05-01 20:30:49,781][src.modRNN.training.common][INFO] - train epoch 419 MSE 0.0057 nMSE 0.0493
[2026-05-01 20:30:49,782][src.modRNN.training.common][INFO] - 	 Starting Epoch: 420
[2026-05-01 20:30:50,106][src.modRNN.training.common][INFO] - train epoch 420 MSE 0.0066 nMSE 0.0568
[2026-05-01 20:30:50,107][src.modRNN.training.common][INFO] - 	 Starting Epoch: 421
[2026-05-01 20:30:50,431][src.modRNN.training.common][INFO] - train epoch 421 MSE 0.0055 nMSE 0.0470
[2026-05-01 20:30:50,432][src.modRNN.training.common][INFO] - 	 Starting Epoch: 422
[2026-05-01 20:30:50,756][src.modRNN.training.common][INFO] - train epoch 422 MSE 0.0059 nMSE 0.0511
[2026-05-01 20:30:50,757][src.modRNN.training.common][INFO] - 	 Starting Epoch: 423
[2026-05-01 20:30:51,080][src.modRNN.training.common][INFO] - train epoch 423 MSE 0.0059 nMSE 0.0508
[2026-05-01 20:30:51,081][src.modRNN.training.common][INFO] - 	 Starting Epoch: 424
[2026-05-01 20:30:51,405][src.modRNN.training.common][INFO] - train epoch 424 MSE 0.0068 nMSE 0.0589
[2026-05-01 20:30:51,406][src.modRNN.training.common][INFO] - 	 Starting Epoch: 425
[2026-05-01 20:30:51,729][src.modRNN.training.common][INFO] - train epoch 425 MSE 0.0046 nMSE 0.0394
[2026-05-01 20:30:51,730][src.modRNN.training.common][INFO] - 	 Starting Epoch: 426
[2026-05-01 20:30:52,055][src.modRNN.training.common][INFO] - train epoch 426 MSE 0.0068 nMSE 0.0585
[2026-05-01 20:30:52,103][src.modRNN.training.common][INFO] - eval  epoch 426 MSE 0.0055 nMSE 0.0473
[2026-05-01 20:30:52,104][src.modRNN.training.common][INFO] - 	 Starting Epoch: 427
[2026-05-01 20:30:52,429][src.modRNN.training.common][INFO] - train epoch 427 MSE 0.0055 nMSE 0.0473
[2026-05-01 20:30:52,430][src.modRNN.training.common][INFO] - 	 Starting Epoch: 428
[2026-05-01 20:30:52,755][src.modRNN.training.common][INFO] - train epoch 428 MSE 0.0066 nMSE 0.0568
[2026-05-01 20:30:52,755][src.modRNN.training.common][INFO] - 	 Starting Epoch: 429
[2026-05-01 20:30:53,080][src.modRNN.training.common][INFO] - train epoch 429 MSE 0.0050 nMSE 0.0431
[2026-05-01 20:30:53,081][src.modRNN.training.common][INFO] - 	 Starting Epoch: 430
[2026-05-01 20:30:53,406][src.modRNN.training.common][INFO] - train epoch 430 MSE 0.0061 nMSE 0.0523
[2026-05-01 20:30:53,407][src.modRNN.training.common][INFO] - 	 Starting Epoch: 431
[2026-05-01 20:30:53,731][src.modRNN.training.common][INFO] - train epoch 431 MSE 0.0054 nMSE 0.0467
[2026-05-01 20:30:53,732][src.modRNN.training.common][INFO] - 	 Starting Epoch: 432
[2026-05-01 20:30:54,057][src.modRNN.training.common][INFO] - train epoch 432 MSE 0.0063 nMSE 0.0539
[2026-05-01 20:30:54,057][src.modRNN.training.common][INFO] - 	 Starting Epoch: 433
[2026-05-01 20:30:54,382][src.modRNN.training.common][INFO] - train epoch 433 MSE 0.0056 nMSE 0.0486
[2026-05-01 20:30:54,382][src.modRNN.training.common][INFO] - 	 Starting Epoch: 434
[2026-05-01 20:30:54,707][src.modRNN.training.common][INFO] - train epoch 434 MSE 0.0055 nMSE 0.0470
[2026-05-01 20:30:54,708][src.modRNN.training.common][INFO] - 	 Starting Epoch: 435
[2026-05-01 20:30:55,033][src.modRNN.training.common][INFO] - train epoch 435 MSE 0.0050 nMSE 0.0427
[2026-05-01 20:30:55,034][src.modRNN.training.common][INFO] - 	 Starting Epoch: 436
[2026-05-01 20:30:55,359][src.modRNN.training.common][INFO] - train epoch 436 MSE 0.0056 nMSE 0.0483
[2026-05-01 20:30:55,360][src.modRNN.training.common][INFO] - 	 Starting Epoch: 437
[2026-05-01 20:30:55,684][src.modRNN.training.common][INFO] - train epoch 437 MSE 0.0055 nMSE 0.0475
[2026-05-01 20:30:55,685][src.modRNN.training.common][INFO] - 	 Starting Epoch: 438
[2026-05-01 20:30:56,009][src.modRNN.training.common][INFO] - train epoch 438 MSE 0.0048 nMSE 0.0417
[2026-05-01 20:30:56,010][src.modRNN.training.common][INFO] - 	 Starting Epoch: 439
[2026-05-01 20:30:56,335][src.modRNN.training.common][INFO] - train epoch 439 MSE 0.0056 nMSE 0.0479
[2026-05-01 20:30:56,336][src.modRNN.training.common][INFO] - 	 Starting Epoch: 440
[2026-05-01 20:30:56,661][src.modRNN.training.common][INFO] - train epoch 440 MSE 0.0053 nMSE 0.0459
[2026-05-01 20:30:56,662][src.modRNN.training.common][INFO] - 	 Starting Epoch: 441
[2026-05-01 20:30:56,987][src.modRNN.training.common][INFO] - train epoch 441 MSE 0.0059 nMSE 0.0505
[2026-05-01 20:30:56,988][src.modRNN.training.common][INFO] - 	 Starting Epoch: 442
[2026-05-01 20:30:57,314][src.modRNN.training.common][INFO] - train epoch 442 MSE 0.0048 nMSE 0.0409
[2026-05-01 20:30:57,315][src.modRNN.training.common][INFO] - 	 Starting Epoch: 443
[2026-05-01 20:30:57,639][src.modRNN.training.common][INFO] - train epoch 443 MSE 0.0057 nMSE 0.0492
[2026-05-01 20:30:57,640][src.modRNN.training.common][INFO] - 	 Starting Epoch: 444
[2026-05-01 20:30:57,965][src.modRNN.training.common][INFO] - train epoch 444 MSE 0.0052 nMSE 0.0444
[2026-05-01 20:30:57,965][src.modRNN.training.common][INFO] - 	 Starting Epoch: 445
[2026-05-01 20:30:58,289][src.modRNN.training.common][INFO] - train epoch 445 MSE 0.0052 nMSE 0.0446
[2026-05-01 20:30:58,290][src.modRNN.training.common][INFO] - 	 Starting Epoch: 446
[2026-05-01 20:30:58,614][src.modRNN.training.common][INFO] - train epoch 446 MSE 0.0050 nMSE 0.0428
[2026-05-01 20:30:58,615][src.modRNN.training.common][INFO] - 	 Starting Epoch: 447
[2026-05-01 20:30:58,939][src.modRNN.training.common][INFO] - train epoch 447 MSE 0.0052 nMSE 0.0447
[2026-05-01 20:30:58,940][src.modRNN.training.common][INFO] - 	 Starting Epoch: 448
[2026-05-01 20:30:59,265][src.modRNN.training.common][INFO] - train epoch 448 MSE 0.0048 nMSE 0.0416
[2026-05-01 20:30:59,266][src.modRNN.training.common][INFO] - 	 Starting Epoch: 449
[2026-05-01 20:30:59,591][src.modRNN.training.common][INFO] - train epoch 449 MSE 0.0043 nMSE 0.0366
[2026-05-01 20:30:59,591][src.modRNN.training.common][INFO] - 	 Starting Epoch: 450
[2026-05-01 20:30:59,916][src.modRNN.training.common][INFO] - train epoch 450 MSE 0.0053 nMSE 0.0454
[2026-05-01 20:30:59,917][src.modRNN.training.common][INFO] - 	 Starting Epoch: 451
[2026-05-01 20:31:00,242][src.modRNN.training.common][INFO] - train epoch 451 MSE 0.0061 nMSE 0.0525
[2026-05-01 20:31:00,290][src.modRNN.training.common][INFO] - eval  epoch 451 MSE 0.0052 nMSE 0.0451
[2026-05-01 20:31:00,291][src.modRNN.training.common][INFO] - 	 Starting Epoch: 452
[2026-05-01 20:31:00,617][src.modRNN.training.common][INFO] - train epoch 452 MSE 0.0052 nMSE 0.0451
[2026-05-01 20:31:00,618][src.modRNN.training.common][INFO] - 	 Starting Epoch: 453
[2026-05-01 20:31:00,942][src.modRNN.training.common][INFO] - train epoch 453 MSE 0.0053 nMSE 0.0459
[2026-05-01 20:31:00,943][src.modRNN.training.common][INFO] - 	 Starting Epoch: 454
[2026-05-01 20:31:01,267][src.modRNN.training.common][INFO] - train epoch 454 MSE 0.0059 nMSE 0.0509
[2026-05-01 20:31:01,268][src.modRNN.training.common][INFO] - 	 Starting Epoch: 455
[2026-05-01 20:31:01,591][src.modRNN.training.common][INFO] - train epoch 455 MSE 0.0050 nMSE 0.0429
[2026-05-01 20:31:01,592][src.modRNN.training.common][INFO] - 	 Starting Epoch: 456
[2026-05-01 20:31:01,992][src.modRNN.training.common][INFO] - train epoch 456 MSE 0.0052 nMSE 0.0445
[2026-05-01 20:31:01,993][src.modRNN.training.common][INFO] - 	 Starting Epoch: 457
[2026-05-01 20:31:02,319][src.modRNN.training.common][INFO] - train epoch 457 MSE 0.0063 nMSE 0.0545
[2026-05-01 20:31:02,320][src.modRNN.training.common][INFO] - 	 Starting Epoch: 458
[2026-05-01 20:31:02,647][src.modRNN.training.common][INFO] - train epoch 458 MSE 0.0057 nMSE 0.0494
[2026-05-01 20:31:02,648][src.modRNN.training.common][INFO] - 	 Starting Epoch: 459
[2026-05-01 20:31:02,974][src.modRNN.training.common][INFO] - train epoch 459 MSE 0.0058 nMSE 0.0499
[2026-05-01 20:31:02,975][src.modRNN.training.common][INFO] - 	 Starting Epoch: 460
[2026-05-01 20:31:03,302][src.modRNN.training.common][INFO] - train epoch 460 MSE 0.0047 nMSE 0.0402
[2026-05-01 20:31:03,302][src.modRNN.training.common][INFO] - 	 Starting Epoch: 461
[2026-05-01 20:31:03,629][src.modRNN.training.common][INFO] - train epoch 461 MSE 0.0049 nMSE 0.0425
[2026-05-01 20:31:03,630][src.modRNN.training.common][INFO] - 	 Starting Epoch: 462
[2026-05-01 20:31:03,957][src.modRNN.training.common][INFO] - train epoch 462 MSE 0.0064 nMSE 0.0548
[2026-05-01 20:31:03,958][src.modRNN.training.common][INFO] - 	 Starting Epoch: 463
[2026-05-01 20:31:04,284][src.modRNN.training.common][INFO] - train epoch 463 MSE 0.0050 nMSE 0.0431
[2026-05-01 20:31:04,285][src.modRNN.training.common][INFO] - 	 Starting Epoch: 464
[2026-05-01 20:31:04,612][src.modRNN.training.common][INFO] - train epoch 464 MSE 0.0058 nMSE 0.0496
[2026-05-01 20:31:04,613][src.modRNN.training.common][INFO] - 	 Starting Epoch: 465
[2026-05-01 20:31:04,939][src.modRNN.training.common][INFO] - train epoch 465 MSE 0.0052 nMSE 0.0446
[2026-05-01 20:31:04,940][src.modRNN.training.common][INFO] - 	 Starting Epoch: 466
[2026-05-01 20:31:05,267][src.modRNN.training.common][INFO] - train epoch 466 MSE 0.0042 nMSE 0.0358
[2026-05-01 20:31:05,268][src.modRNN.training.common][INFO] - 	 Starting Epoch: 467
[2026-05-01 20:31:05,595][src.modRNN.training.common][INFO] - train epoch 467 MSE 0.0049 nMSE 0.0424
[2026-05-01 20:31:05,596][src.modRNN.training.common][INFO] - 	 Starting Epoch: 468
[2026-05-01 20:31:05,924][src.modRNN.training.common][INFO] - train epoch 468 MSE 0.0046 nMSE 0.0399
[2026-05-01 20:31:05,925][src.modRNN.training.common][INFO] - 	 Starting Epoch: 469
[2026-05-01 20:31:06,252][src.modRNN.training.common][INFO] - train epoch 469 MSE 0.0043 nMSE 0.0373
[2026-05-01 20:31:06,252][src.modRNN.training.common][INFO] - 	 Starting Epoch: 470
[2026-05-01 20:31:06,580][src.modRNN.training.common][INFO] - train epoch 470 MSE 0.0050 nMSE 0.0431
[2026-05-01 20:31:06,581][src.modRNN.training.common][INFO] - 	 Starting Epoch: 471
[2026-05-01 20:31:06,907][src.modRNN.training.common][INFO] - train epoch 471 MSE 0.0048 nMSE 0.0414
[2026-05-01 20:31:06,908][src.modRNN.training.common][INFO] - 	 Starting Epoch: 472
[2026-05-01 20:31:07,236][src.modRNN.training.common][INFO] - train epoch 472 MSE 0.0054 nMSE 0.0461
[2026-05-01 20:31:07,237][src.modRNN.training.common][INFO] - 	 Starting Epoch: 473
[2026-05-01 20:31:07,564][src.modRNN.training.common][INFO] - train epoch 473 MSE 0.0041 nMSE 0.0351
[2026-05-01 20:31:07,565][src.modRNN.training.common][INFO] - 	 Starting Epoch: 474
[2026-05-01 20:31:07,892][src.modRNN.training.common][INFO] - train epoch 474 MSE 0.0049 nMSE 0.0422
[2026-05-01 20:31:07,893][src.modRNN.training.common][INFO] - 	 Starting Epoch: 475
[2026-05-01 20:31:08,219][src.modRNN.training.common][INFO] - train epoch 475 MSE 0.0040 nMSE 0.0346
[2026-05-01 20:31:08,220][src.modRNN.training.common][INFO] - 	 Starting Epoch: 476
[2026-05-01 20:31:08,547][src.modRNN.training.common][INFO] - train epoch 476 MSE 0.0054 nMSE 0.0463
[2026-05-01 20:31:08,597][src.modRNN.training.common][INFO] - eval  epoch 476 MSE 0.0049 nMSE 0.0420
[2026-05-01 20:31:08,598][src.modRNN.training.common][INFO] - 	 Starting Epoch: 477
[2026-05-01 20:31:08,926][src.modRNN.training.common][INFO] - train epoch 477 MSE 0.0049 nMSE 0.0420
[2026-05-01 20:31:08,927][src.modRNN.training.common][INFO] - 	 Starting Epoch: 478
[2026-05-01 20:31:09,256][src.modRNN.training.common][INFO] - train epoch 478 MSE 0.0049 nMSE 0.0426
[2026-05-01 20:31:09,256][src.modRNN.training.common][INFO] - 	 Starting Epoch: 479
[2026-05-01 20:31:09,584][src.modRNN.training.common][INFO] - train epoch 479 MSE 0.0045 nMSE 0.0390
[2026-05-01 20:31:09,585][src.modRNN.training.common][INFO] - 	 Starting Epoch: 480
[2026-05-01 20:31:09,913][src.modRNN.training.common][INFO] - train epoch 480 MSE 0.0059 nMSE 0.0505
[2026-05-01 20:31:09,914][src.modRNN.training.common][INFO] - 	 Starting Epoch: 481
[2026-05-01 20:31:10,240][src.modRNN.training.common][INFO] - train epoch 481 MSE 0.0051 nMSE 0.0443
[2026-05-01 20:31:10,241][src.modRNN.training.common][INFO] - 	 Starting Epoch: 482
[2026-05-01 20:31:10,569][src.modRNN.training.common][INFO] - train epoch 482 MSE 0.0042 nMSE 0.0362
[2026-05-01 20:31:10,569][src.modRNN.training.common][INFO] - 	 Starting Epoch: 483
[2026-05-01 20:31:10,897][src.modRNN.training.common][INFO] - train epoch 483 MSE 0.0048 nMSE 0.0414
[2026-05-01 20:31:10,898][src.modRNN.training.common][INFO] - 	 Starting Epoch: 484
[2026-05-01 20:31:11,227][src.modRNN.training.common][INFO] - train epoch 484 MSE 0.0043 nMSE 0.0369
[2026-05-01 20:31:11,228][src.modRNN.training.common][INFO] - 	 Starting Epoch: 485
[2026-05-01 20:31:11,556][src.modRNN.training.common][INFO] - train epoch 485 MSE 0.0058 nMSE 0.0500
[2026-05-01 20:31:11,557][src.modRNN.training.common][INFO] - 	 Starting Epoch: 486
[2026-05-01 20:31:11,886][src.modRNN.training.common][INFO] - train epoch 486 MSE 0.0055 nMSE 0.0473
[2026-05-01 20:31:11,887][src.modRNN.training.common][INFO] - 	 Starting Epoch: 487
[2026-05-01 20:31:12,215][src.modRNN.training.common][INFO] - train epoch 487 MSE 0.0061 nMSE 0.0521
[2026-05-01 20:31:12,216][src.modRNN.training.common][INFO] - 	 Starting Epoch: 488
[2026-05-01 20:31:12,546][src.modRNN.training.common][INFO] - train epoch 488 MSE 0.0071 nMSE 0.0614
[2026-05-01 20:31:12,547][src.modRNN.training.common][INFO] - 	 Starting Epoch: 489
[2026-05-01 20:31:12,875][src.modRNN.training.common][INFO] - train epoch 489 MSE 0.0049 nMSE 0.0422
[2026-05-01 20:31:12,876][src.modRNN.training.common][INFO] - 	 Starting Epoch: 490
[2026-05-01 20:31:13,205][src.modRNN.training.common][INFO] - train epoch 490 MSE 0.0047 nMSE 0.0405
[2026-05-01 20:31:13,206][src.modRNN.training.common][INFO] - 	 Starting Epoch: 491
[2026-05-01 20:31:13,535][src.modRNN.training.common][INFO] - train epoch 491 MSE 0.0052 nMSE 0.0450
[2026-05-01 20:31:13,536][src.modRNN.training.common][INFO] - 	 Starting Epoch: 492
[2026-05-01 20:31:13,866][src.modRNN.training.common][INFO] - train epoch 492 MSE 0.0043 nMSE 0.0369
[2026-05-01 20:31:13,867][src.modRNN.training.common][INFO] - 	 Starting Epoch: 493
[2026-05-01 20:31:14,195][src.modRNN.training.common][INFO] - train epoch 493 MSE 0.0049 nMSE 0.0421
[2026-05-01 20:31:14,196][src.modRNN.training.common][INFO] - 	 Starting Epoch: 494
[2026-05-01 20:31:14,525][src.modRNN.training.common][INFO] - train epoch 494 MSE 0.0047 nMSE 0.0405
[2026-05-01 20:31:14,526][src.modRNN.training.common][INFO] - 	 Starting Epoch: 495
[2026-05-01 20:31:14,854][src.modRNN.training.common][INFO] - train epoch 495 MSE 0.0047 nMSE 0.0404
[2026-05-01 20:31:14,854][src.modRNN.training.common][INFO] - 	 Starting Epoch: 496
[2026-05-01 20:31:15,183][src.modRNN.training.common][INFO] - train epoch 496 MSE 0.0044 nMSE 0.0376
[2026-05-01 20:31:15,184][src.modRNN.training.common][INFO] - 	 Starting Epoch: 497
[2026-05-01 20:31:15,512][src.modRNN.training.common][INFO] - train epoch 497 MSE 0.0049 nMSE 0.0418
[2026-05-01 20:31:15,513][src.modRNN.training.common][INFO] - 	 Starting Epoch: 498
[2026-05-01 20:31:15,842][src.modRNN.training.common][INFO] - train epoch 498 MSE 0.0046 nMSE 0.0398
[2026-05-01 20:31:15,843][src.modRNN.training.common][INFO] - 	 Starting Epoch: 499
[2026-05-01 20:31:16,170][src.modRNN.training.common][INFO] - train epoch 499 MSE 0.0048 nMSE 0.0412
[2026-05-01 20:31:16,171][src.modRNN.training.common][INFO] - 	 Starting Epoch: 500
[2026-05-01 20:31:16,500][src.modRNN.training.common][INFO] - train epoch 500 MSE 0.0051 nMSE 0.0437
[2026-05-01 20:31:16,501][src.modRNN.training.common][INFO] - 	 Starting Epoch: 501
[2026-05-01 20:31:16,828][src.modRNN.training.common][INFO] - train epoch 501 MSE 0.0045 nMSE 0.0388
[2026-05-01 20:31:16,878][src.modRNN.training.common][INFO] - eval  epoch 501 MSE 0.0082 nMSE 0.0707
[2026-05-01 20:31:16,879][src.modRNN.training.common][INFO] - 	 Starting Epoch: 502
[2026-05-01 20:31:17,207][src.modRNN.training.common][INFO] - train epoch 502 MSE 0.0082 nMSE 0.0707
[2026-05-01 20:31:17,208][src.modRNN.training.common][INFO] - 	 Starting Epoch: 503
[2026-05-01 20:31:17,536][src.modRNN.training.common][INFO] - train epoch 503 MSE 0.0059 nMSE 0.0512
[2026-05-01 20:31:17,537][src.modRNN.training.common][INFO] - 	 Starting Epoch: 504
[2026-05-01 20:31:17,865][src.modRNN.training.common][INFO] - train epoch 504 MSE 0.0044 nMSE 0.0378
[2026-05-01 20:31:17,866][src.modRNN.training.common][INFO] - 	 Starting Epoch: 505
[2026-05-01 20:31:18,194][src.modRNN.training.common][INFO] - train epoch 505 MSE 0.0044 nMSE 0.0376
[2026-05-01 20:31:18,195][src.modRNN.training.common][INFO] - 	 Starting Epoch: 506
[2026-05-01 20:31:18,523][src.modRNN.training.common][INFO] - train epoch 506 MSE 0.0052 nMSE 0.0450
[2026-05-01 20:31:18,524][src.modRNN.training.common][INFO] - 	 Starting Epoch: 507
[2026-05-01 20:31:18,852][src.modRNN.training.common][INFO] - train epoch 507 MSE 0.0049 nMSE 0.0423
[2026-05-01 20:31:18,853][src.modRNN.training.common][INFO] - 	 Starting Epoch: 508
[2026-05-01 20:31:19,181][src.modRNN.training.common][INFO] - train epoch 508 MSE 0.0054 nMSE 0.0465
[2026-05-01 20:31:19,182][src.modRNN.training.common][INFO] - 	 Starting Epoch: 509
[2026-05-01 20:31:19,511][src.modRNN.training.common][INFO] - train epoch 509 MSE 0.0045 nMSE 0.0389
[2026-05-01 20:31:19,512][src.modRNN.training.common][INFO] - 	 Starting Epoch: 510
[2026-05-01 20:31:19,841][src.modRNN.training.common][INFO] - train epoch 510 MSE 0.0044 nMSE 0.0374
[2026-05-01 20:31:19,842][src.modRNN.training.common][INFO] - 	 Starting Epoch: 511
[2026-05-01 20:31:20,170][src.modRNN.training.common][INFO] - train epoch 511 MSE 0.0039 nMSE 0.0339
[2026-05-01 20:31:20,171][src.modRNN.training.common][INFO] - 	 Starting Epoch: 512
[2026-05-01 20:31:20,500][src.modRNN.training.common][INFO] - train epoch 512 MSE 0.0050 nMSE 0.0430
[2026-05-01 20:31:20,501][src.modRNN.training.common][INFO] - 	 Starting Epoch: 513
[2026-05-01 20:31:20,829][src.modRNN.training.common][INFO] - train epoch 513 MSE 0.0043 nMSE 0.0370
[2026-05-01 20:31:20,830][src.modRNN.training.common][INFO] - 	 Starting Epoch: 514
[2026-05-01 20:31:21,159][src.modRNN.training.common][INFO] - train epoch 514 MSE 0.0047 nMSE 0.0407
[2026-05-01 20:31:21,160][src.modRNN.training.common][INFO] - 	 Starting Epoch: 515
[2026-05-01 20:31:21,487][src.modRNN.training.common][INFO] - train epoch 515 MSE 0.0062 nMSE 0.0537
[2026-05-01 20:31:21,488][src.modRNN.training.common][INFO] - 	 Starting Epoch: 516
[2026-05-01 20:31:21,816][src.modRNN.training.common][INFO] - train epoch 516 MSE 0.0046 nMSE 0.0395
[2026-05-01 20:31:21,817][src.modRNN.training.common][INFO] - 	 Starting Epoch: 517
[2026-05-01 20:31:22,145][src.modRNN.training.common][INFO] - train epoch 517 MSE 0.0042 nMSE 0.0362
[2026-05-01 20:31:22,146][src.modRNN.training.common][INFO] - 	 Starting Epoch: 518
[2026-05-01 20:31:22,474][src.modRNN.training.common][INFO] - train epoch 518 MSE 0.0045 nMSE 0.0391
[2026-05-01 20:31:22,475][src.modRNN.training.common][INFO] - 	 Starting Epoch: 519
[2026-05-01 20:31:22,804][src.modRNN.training.common][INFO] - train epoch 519 MSE 0.0043 nMSE 0.0367
[2026-05-01 20:31:22,805][src.modRNN.training.common][INFO] - 	 Starting Epoch: 520
[2026-05-01 20:31:23,134][src.modRNN.training.common][INFO] - train epoch 520 MSE 0.0042 nMSE 0.0361
[2026-05-01 20:31:23,135][src.modRNN.training.common][INFO] - 	 Starting Epoch: 521
[2026-05-01 20:31:23,462][src.modRNN.training.common][INFO] - train epoch 521 MSE 0.0050 nMSE 0.0431
[2026-05-01 20:31:23,463][src.modRNN.training.common][INFO] - 	 Starting Epoch: 522
[2026-05-01 20:31:23,791][src.modRNN.training.common][INFO] - train epoch 522 MSE 0.0044 nMSE 0.0382
[2026-05-01 20:31:23,792][src.modRNN.training.common][INFO] - 	 Starting Epoch: 523
[2026-05-01 20:31:24,120][src.modRNN.training.common][INFO] - train epoch 523 MSE 0.0048 nMSE 0.0410
[2026-05-01 20:31:24,121][src.modRNN.training.common][INFO] - 	 Starting Epoch: 524
[2026-05-01 20:31:24,450][src.modRNN.training.common][INFO] - train epoch 524 MSE 0.0048 nMSE 0.0413
[2026-05-01 20:31:24,451][src.modRNN.training.common][INFO] - 	 Starting Epoch: 525
[2026-05-01 20:31:24,778][src.modRNN.training.common][INFO] - train epoch 525 MSE 0.0049 nMSE 0.0422
[2026-05-01 20:31:24,779][src.modRNN.training.common][INFO] - 	 Starting Epoch: 526
[2026-05-01 20:31:25,107][src.modRNN.training.common][INFO] - train epoch 526 MSE 0.0043 nMSE 0.0373
[2026-05-01 20:31:25,156][src.modRNN.training.common][INFO] - eval  epoch 526 MSE 0.0053 nMSE 0.0454
[2026-05-01 20:31:25,157][src.modRNN.training.common][INFO] - 	 Starting Epoch: 527
[2026-05-01 20:31:25,487][src.modRNN.training.common][INFO] - train epoch 527 MSE 0.0053 nMSE 0.0454
[2026-05-01 20:31:25,488][src.modRNN.training.common][INFO] - 	 Starting Epoch: 528
[2026-05-01 20:31:25,818][src.modRNN.training.common][INFO] - train epoch 528 MSE 0.0046 nMSE 0.0397
[2026-05-01 20:31:25,819][src.modRNN.training.common][INFO] - 	 Starting Epoch: 529
[2026-05-01 20:31:26,147][src.modRNN.training.common][INFO] - train epoch 529 MSE 0.0045 nMSE 0.0391
[2026-05-01 20:31:26,148][src.modRNN.training.common][INFO] - 	 Starting Epoch: 530
[2026-05-01 20:31:26,477][src.modRNN.training.common][INFO] - train epoch 530 MSE 0.0043 nMSE 0.0367
[2026-05-01 20:31:26,478][src.modRNN.training.common][INFO] - 	 Starting Epoch: 531
[2026-05-01 20:31:26,807][src.modRNN.training.common][INFO] - train epoch 531 MSE 0.0046 nMSE 0.0399
[2026-05-01 20:31:26,808][src.modRNN.training.common][INFO] - 	 Starting Epoch: 532
[2026-05-01 20:31:27,138][src.modRNN.training.common][INFO] - train epoch 532 MSE 0.0038 nMSE 0.0325
[2026-05-01 20:31:27,138][src.modRNN.training.common][INFO] - 	 Starting Epoch: 533
[2026-05-01 20:31:27,467][src.modRNN.training.common][INFO] - train epoch 533 MSE 0.0047 nMSE 0.0403
[2026-05-01 20:31:27,468][src.modRNN.training.common][INFO] - 	 Starting Epoch: 534
[2026-05-01 20:31:27,797][src.modRNN.training.common][INFO] - train epoch 534 MSE 0.0039 nMSE 0.0334
[2026-05-01 20:31:27,797][src.modRNN.training.common][INFO] - 	 Starting Epoch: 535
[2026-05-01 20:31:28,127][src.modRNN.training.common][INFO] - train epoch 535 MSE 0.0044 nMSE 0.0377
[2026-05-01 20:31:28,127][src.modRNN.training.common][INFO] - 	 Starting Epoch: 536
[2026-05-01 20:31:28,457][src.modRNN.training.common][INFO] - train epoch 536 MSE 0.0040 nMSE 0.0346
[2026-05-01 20:31:28,458][src.modRNN.training.common][INFO] - 	 Starting Epoch: 537
[2026-05-01 20:31:28,786][src.modRNN.training.common][INFO] - train epoch 537 MSE 0.0049 nMSE 0.0422
[2026-05-01 20:31:28,787][src.modRNN.training.common][INFO] - 	 Starting Epoch: 538
[2026-05-01 20:31:29,116][src.modRNN.training.common][INFO] - train epoch 538 MSE 0.0040 nMSE 0.0347
[2026-05-01 20:31:29,117][src.modRNN.training.common][INFO] - 	 Starting Epoch: 539
[2026-05-01 20:31:29,446][src.modRNN.training.common][INFO] - train epoch 539 MSE 0.0042 nMSE 0.0361
[2026-05-01 20:31:29,446][src.modRNN.training.common][INFO] - 	 Starting Epoch: 540
[2026-05-01 20:31:29,775][src.modRNN.training.common][INFO] - train epoch 540 MSE 0.0046 nMSE 0.0400
[2026-05-01 20:31:29,776][src.modRNN.training.common][INFO] - 	 Starting Epoch: 541
[2026-05-01 20:31:30,104][src.modRNN.training.common][INFO] - train epoch 541 MSE 0.0057 nMSE 0.0494
[2026-05-01 20:31:30,105][src.modRNN.training.common][INFO] - 	 Starting Epoch: 542
[2026-05-01 20:31:30,434][src.modRNN.training.common][INFO] - train epoch 542 MSE 0.0051 nMSE 0.0443
[2026-05-01 20:31:30,434][src.modRNN.training.common][INFO] - 	 Starting Epoch: 543
[2026-05-01 20:31:30,763][src.modRNN.training.common][INFO] - train epoch 543 MSE 0.0051 nMSE 0.0435
[2026-05-01 20:31:30,764][src.modRNN.training.common][INFO] - 	 Starting Epoch: 544
[2026-05-01 20:31:31,093][src.modRNN.training.common][INFO] - train epoch 544 MSE 0.0036 nMSE 0.0313
[2026-05-01 20:31:31,094][src.modRNN.training.common][INFO] - 	 Starting Epoch: 545
[2026-05-01 20:31:31,420][src.modRNN.training.common][INFO] - train epoch 545 MSE 0.0059 nMSE 0.0510
[2026-05-01 20:31:31,421][src.modRNN.training.common][INFO] - 	 Starting Epoch: 546
[2026-05-01 20:31:31,748][src.modRNN.training.common][INFO] - train epoch 546 MSE 0.0041 nMSE 0.0352
[2026-05-01 20:31:31,749][src.modRNN.training.common][INFO] - 	 Starting Epoch: 547
[2026-05-01 20:31:32,075][src.modRNN.training.common][INFO] - train epoch 547 MSE 0.0045 nMSE 0.0387
[2026-05-01 20:31:32,076][src.modRNN.training.common][INFO] - 	 Starting Epoch: 548
[2026-05-01 20:31:32,404][src.modRNN.training.common][INFO] - train epoch 548 MSE 0.0040 nMSE 0.0341
[2026-05-01 20:31:32,404][src.modRNN.training.common][INFO] - 	 Starting Epoch: 549
[2026-05-01 20:31:32,731][src.modRNN.training.common][INFO] - train epoch 549 MSE 0.0038 nMSE 0.0331
[2026-05-01 20:31:32,732][src.modRNN.training.common][INFO] - 	 Starting Epoch: 550
[2026-05-01 20:31:33,059][src.modRNN.training.common][INFO] - train epoch 550 MSE 0.0056 nMSE 0.0481
[2026-05-01 20:31:33,060][src.modRNN.training.common][INFO] - 	 Starting Epoch: 551
[2026-05-01 20:31:33,386][src.modRNN.training.common][INFO] - train epoch 551 MSE 0.0071 nMSE 0.0612
[2026-05-01 20:31:33,435][src.modRNN.training.common][INFO] - eval  epoch 551 MSE 0.0052 nMSE 0.0451
[2026-05-01 20:31:33,436][src.modRNN.training.common][INFO] - 	 Starting Epoch: 552
[2026-05-01 20:31:33,763][src.modRNN.training.common][INFO] - train epoch 552 MSE 0.0052 nMSE 0.0451
[2026-05-01 20:31:33,764][src.modRNN.training.common][INFO] - 	 Starting Epoch: 553
[2026-05-01 20:31:34,090][src.modRNN.training.common][INFO] - train epoch 553 MSE 0.0043 nMSE 0.0366
[2026-05-01 20:31:34,090][src.modRNN.training.common][INFO] - 	 Starting Epoch: 554
[2026-05-01 20:31:34,417][src.modRNN.training.common][INFO] - train epoch 554 MSE 0.0058 nMSE 0.0497
[2026-05-01 20:31:34,417][src.modRNN.training.common][INFO] - 	 Starting Epoch: 555
[2026-05-01 20:31:34,743][src.modRNN.training.common][INFO] - train epoch 555 MSE 0.0043 nMSE 0.0371
[2026-05-01 20:31:34,743][src.modRNN.training.common][INFO] - 	 Starting Epoch: 556
[2026-05-01 20:31:35,069][src.modRNN.training.common][INFO] - train epoch 556 MSE 0.0051 nMSE 0.0441
[2026-05-01 20:31:35,070][src.modRNN.training.common][INFO] - 	 Starting Epoch: 557
[2026-05-01 20:31:35,396][src.modRNN.training.common][INFO] - train epoch 557 MSE 0.0042 nMSE 0.0359
[2026-05-01 20:31:35,396][src.modRNN.training.common][INFO] - 	 Starting Epoch: 558
[2026-05-01 20:31:35,722][src.modRNN.training.common][INFO] - train epoch 558 MSE 0.0064 nMSE 0.0555
[2026-05-01 20:31:35,723][src.modRNN.training.common][INFO] - 	 Starting Epoch: 559
[2026-05-01 20:31:36,048][src.modRNN.training.common][INFO] - train epoch 559 MSE 0.0041 nMSE 0.0349
[2026-05-01 20:31:36,049][src.modRNN.training.common][INFO] - 	 Starting Epoch: 560
[2026-05-01 20:31:36,374][src.modRNN.training.common][INFO] - train epoch 560 MSE 0.0041 nMSE 0.0350
[2026-05-01 20:31:36,375][src.modRNN.training.common][INFO] - 	 Starting Epoch: 561
[2026-05-01 20:31:36,700][src.modRNN.training.common][INFO] - train epoch 561 MSE 0.0056 nMSE 0.0482
[2026-05-01 20:31:36,700][src.modRNN.training.common][INFO] - 	 Starting Epoch: 562
[2026-05-01 20:31:37,026][src.modRNN.training.common][INFO] - train epoch 562 MSE 0.0045 nMSE 0.0390
[2026-05-01 20:31:37,027][src.modRNN.training.common][INFO] - 	 Starting Epoch: 563
[2026-05-01 20:31:37,352][src.modRNN.training.common][INFO] - train epoch 563 MSE 0.0048 nMSE 0.0417
[2026-05-01 20:31:37,352][src.modRNN.training.common][INFO] - 	 Starting Epoch: 564
[2026-05-01 20:31:37,679][src.modRNN.training.common][INFO] - train epoch 564 MSE 0.0049 nMSE 0.0423
[2026-05-01 20:31:37,679][src.modRNN.training.common][INFO] - 	 Starting Epoch: 565
[2026-05-01 20:31:38,006][src.modRNN.training.common][INFO] - train epoch 565 MSE 0.0060 nMSE 0.0513
[2026-05-01 20:31:38,006][src.modRNN.training.common][INFO] - 	 Starting Epoch: 566
[2026-05-01 20:31:38,333][src.modRNN.training.common][INFO] - train epoch 566 MSE 0.0051 nMSE 0.0442
[2026-05-01 20:31:38,334][src.modRNN.training.common][INFO] - 	 Starting Epoch: 567
[2026-05-01 20:31:38,659][src.modRNN.training.common][INFO] - train epoch 567 MSE 0.0061 nMSE 0.0523
[2026-05-01 20:31:38,660][src.modRNN.training.common][INFO] - 	 Starting Epoch: 568
[2026-05-01 20:31:38,986][src.modRNN.training.common][INFO] - train epoch 568 MSE 0.0039 nMSE 0.0338
[2026-05-01 20:31:38,987][src.modRNN.training.common][INFO] - 	 Starting Epoch: 569
[2026-05-01 20:31:39,313][src.modRNN.training.common][INFO] - train epoch 569 MSE 0.0074 nMSE 0.0637
[2026-05-01 20:31:39,314][src.modRNN.training.common][INFO] - 	 Starting Epoch: 570
[2026-05-01 20:31:39,641][src.modRNN.training.common][INFO] - train epoch 570 MSE 0.0044 nMSE 0.0374
[2026-05-01 20:31:39,641][src.modRNN.training.common][INFO] - 	 Starting Epoch: 571
[2026-05-01 20:31:39,968][src.modRNN.training.common][INFO] - train epoch 571 MSE 0.0048 nMSE 0.0410
[2026-05-01 20:31:39,969][src.modRNN.training.common][INFO] - 	 Starting Epoch: 572
[2026-05-01 20:31:40,295][src.modRNN.training.common][INFO] - train epoch 572 MSE 0.0056 nMSE 0.0482
[2026-05-01 20:31:40,296][src.modRNN.training.common][INFO] - 	 Starting Epoch: 573
[2026-05-01 20:31:40,621][src.modRNN.training.common][INFO] - train epoch 573 MSE 0.0047 nMSE 0.0403
[2026-05-01 20:31:40,622][src.modRNN.training.common][INFO] - 	 Starting Epoch: 574
[2026-05-01 20:31:40,949][src.modRNN.training.common][INFO] - train epoch 574 MSE 0.0051 nMSE 0.0435
[2026-05-01 20:31:40,950][src.modRNN.training.common][INFO] - 	 Starting Epoch: 575
[2026-05-01 20:31:41,276][src.modRNN.training.common][INFO] - train epoch 575 MSE 0.0041 nMSE 0.0356
[2026-05-01 20:31:41,277][src.modRNN.training.common][INFO] - 	 Starting Epoch: 576
[2026-05-01 20:31:41,602][src.modRNN.training.common][INFO] - train epoch 576 MSE 0.0057 nMSE 0.0492
[2026-05-01 20:31:41,651][src.modRNN.training.common][INFO] - eval  epoch 576 MSE 0.0041 nMSE 0.0355
[2026-05-01 20:31:41,651][src.modRNN.training.common][INFO] - 	 Starting Epoch: 577
[2026-05-01 20:31:41,984][src.modRNN.training.common][INFO] - train epoch 577 MSE 0.0041 nMSE 0.0355
[2026-05-01 20:31:41,986][src.modRNN.training.common][INFO] - 	 Starting Epoch: 578
[2026-05-01 20:31:42,330][src.modRNN.training.common][INFO] - train epoch 578 MSE 0.0044 nMSE 0.0378
[2026-05-01 20:31:42,331][src.modRNN.training.common][INFO] - 	 Starting Epoch: 579
[2026-05-01 20:31:42,702][src.modRNN.training.common][INFO] - train epoch 579 MSE 0.0038 nMSE 0.0323
[2026-05-01 20:31:42,704][src.modRNN.training.common][INFO] - 	 Starting Epoch: 580
[2026-05-01 20:31:43,074][src.modRNN.training.common][INFO] - train epoch 580 MSE 0.0064 nMSE 0.0547
[2026-05-01 20:31:43,076][src.modRNN.training.common][INFO] - 	 Starting Epoch: 581
[2026-05-01 20:31:43,404][src.modRNN.training.common][INFO] - train epoch 581 MSE 0.0048 nMSE 0.0414
[2026-05-01 20:31:43,405][src.modRNN.training.common][INFO] - 	 Starting Epoch: 582
[2026-05-01 20:31:43,737][src.modRNN.training.common][INFO] - train epoch 582 MSE 0.0062 nMSE 0.0535
[2026-05-01 20:31:43,738][src.modRNN.training.common][INFO] - 	 Starting Epoch: 583
[2026-05-01 20:31:44,065][src.modRNN.training.common][INFO] - train epoch 583 MSE 0.0049 nMSE 0.0426
[2026-05-01 20:31:44,066][src.modRNN.training.common][INFO] - 	 Starting Epoch: 584
[2026-05-01 20:31:44,393][src.modRNN.training.common][INFO] - train epoch 584 MSE 0.0076 nMSE 0.0655
[2026-05-01 20:31:44,394][src.modRNN.training.common][INFO] - 	 Starting Epoch: 585
[2026-05-01 20:31:44,720][src.modRNN.training.common][INFO] - train epoch 585 MSE 0.0039 nMSE 0.0338
[2026-05-01 20:31:44,721][src.modRNN.training.common][INFO] - 	 Starting Epoch: 586
[2026-05-01 20:31:45,047][src.modRNN.training.common][INFO] - train epoch 586 MSE 0.0051 nMSE 0.0435
[2026-05-01 20:31:45,048][src.modRNN.training.common][INFO] - 	 Starting Epoch: 587
[2026-05-01 20:31:45,374][src.modRNN.training.common][INFO] - train epoch 587 MSE 0.0042 nMSE 0.0362
[2026-05-01 20:31:45,375][src.modRNN.training.common][INFO] - 	 Starting Epoch: 588
[2026-05-01 20:31:45,700][src.modRNN.training.common][INFO] - train epoch 588 MSE 0.0101 nMSE 0.0871
[2026-05-01 20:31:45,701][src.modRNN.training.common][INFO] - 	 Starting Epoch: 589
[2026-05-01 20:31:46,026][src.modRNN.training.common][INFO] - train epoch 589 MSE 0.0035 nMSE 0.0304
[2026-05-01 20:31:46,027][src.modRNN.training.common][INFO] - 	 Starting Epoch: 590
[2026-05-01 20:31:46,354][src.modRNN.training.common][INFO] - train epoch 590 MSE 0.0059 nMSE 0.0504
[2026-05-01 20:31:46,354][src.modRNN.training.common][INFO] - 	 Starting Epoch: 591
[2026-05-01 20:31:46,680][src.modRNN.training.common][INFO] - train epoch 591 MSE 0.0036 nMSE 0.0311
[2026-05-01 20:31:46,681][src.modRNN.training.common][INFO] - 	 Starting Epoch: 592
[2026-05-01 20:31:47,007][src.modRNN.training.common][INFO] - train epoch 592 MSE 0.0042 nMSE 0.0363
[2026-05-01 20:31:47,008][src.modRNN.training.common][INFO] - 	 Starting Epoch: 593
[2026-05-01 20:31:47,333][src.modRNN.training.common][INFO] - train epoch 593 MSE 0.0036 nMSE 0.0310
[2026-05-01 20:31:47,334][src.modRNN.training.common][INFO] - 	 Starting Epoch: 594
[2026-05-01 20:31:47,660][src.modRNN.training.common][INFO] - train epoch 594 MSE 0.0043 nMSE 0.0374
[2026-05-01 20:31:47,661][src.modRNN.training.common][INFO] - 	 Starting Epoch: 595
[2026-05-01 20:31:47,987][src.modRNN.training.common][INFO] - train epoch 595 MSE 0.0039 nMSE 0.0334
[2026-05-01 20:31:47,987][src.modRNN.training.common][INFO] - 	 Starting Epoch: 596
[2026-05-01 20:31:48,314][src.modRNN.training.common][INFO] - train epoch 596 MSE 0.0041 nMSE 0.0350
[2026-05-01 20:31:48,315][src.modRNN.training.common][INFO] - 	 Starting Epoch: 597
[2026-05-01 20:31:48,640][src.modRNN.training.common][INFO] - train epoch 597 MSE 0.0048 nMSE 0.0411
[2026-05-01 20:31:48,641][src.modRNN.training.common][INFO] - 	 Starting Epoch: 598
[2026-05-01 20:31:48,967][src.modRNN.training.common][INFO] - train epoch 598 MSE 0.0038 nMSE 0.0324
[2026-05-01 20:31:48,968][src.modRNN.training.common][INFO] - 	 Starting Epoch: 599
[2026-05-01 20:31:49,293][src.modRNN.training.common][INFO] - train epoch 599 MSE 0.0043 nMSE 0.0370
[2026-05-01 20:31:49,294][src.modRNN.training.common][INFO] - 	 Starting Epoch: 600
[2026-05-01 20:31:49,620][src.modRNN.training.common][INFO] - train epoch 600 MSE 0.0037 nMSE 0.0315
[2026-05-01 20:31:49,621][src.modRNN.training.common][INFO] - 	 Starting Epoch: 601
[2026-05-01 20:31:49,946][src.modRNN.training.common][INFO] - train epoch 601 MSE 0.0042 nMSE 0.0359
[2026-05-01 20:31:49,995][src.modRNN.training.common][INFO] - eval  epoch 601 MSE 0.0054 nMSE 0.0466
[2026-05-01 20:31:49,995][src.modRNN.training.common][INFO] - 	 Starting Epoch: 602
[2026-05-01 20:31:50,322][src.modRNN.training.common][INFO] - train epoch 602 MSE 0.0054 nMSE 0.0466
[2026-05-01 20:31:50,323][src.modRNN.training.common][INFO] - 	 Starting Epoch: 603
[2026-05-01 20:31:50,648][src.modRNN.training.common][INFO] - train epoch 603 MSE 0.0046 nMSE 0.0400
[2026-05-01 20:31:50,649][src.modRNN.training.common][INFO] - 	 Starting Epoch: 604
[2026-05-01 20:31:50,974][src.modRNN.training.common][INFO] - train epoch 604 MSE 0.0040 nMSE 0.0348
[2026-05-01 20:31:50,975][src.modRNN.training.common][INFO] - 	 Starting Epoch: 605
[2026-05-01 20:31:51,301][src.modRNN.training.common][INFO] - train epoch 605 MSE 0.0031 nMSE 0.0265
[2026-05-01 20:31:51,302][src.modRNN.training.common][INFO] - 	 Starting Epoch: 606
[2026-05-01 20:31:51,628][src.modRNN.training.common][INFO] - train epoch 606 MSE 0.0034 nMSE 0.0294
[2026-05-01 20:31:51,629][src.modRNN.training.common][INFO] - 	 Starting Epoch: 607
[2026-05-01 20:31:51,953][src.modRNN.training.common][INFO] - train epoch 607 MSE 0.0035 nMSE 0.0299
[2026-05-01 20:31:51,954][src.modRNN.training.common][INFO] - 	 Starting Epoch: 608
[2026-05-01 20:31:52,279][src.modRNN.training.common][INFO] - train epoch 608 MSE 0.0038 nMSE 0.0324
[2026-05-01 20:31:52,279][src.modRNN.training.common][INFO] - 	 Starting Epoch: 609
[2026-05-01 20:31:52,604][src.modRNN.training.common][INFO] - train epoch 609 MSE 0.0040 nMSE 0.0347
[2026-05-01 20:31:52,605][src.modRNN.training.common][INFO] - 	 Starting Epoch: 610
[2026-05-01 20:31:52,931][src.modRNN.training.common][INFO] - train epoch 610 MSE 0.0043 nMSE 0.0366
[2026-05-01 20:31:52,932][src.modRNN.training.common][INFO] - 	 Starting Epoch: 611
[2026-05-01 20:31:53,258][src.modRNN.training.common][INFO] - train epoch 611 MSE 0.0046 nMSE 0.0400
[2026-05-01 20:31:53,259][src.modRNN.training.common][INFO] - 	 Starting Epoch: 612
[2026-05-01 20:31:53,585][src.modRNN.training.common][INFO] - train epoch 612 MSE 0.0039 nMSE 0.0337
[2026-05-01 20:31:53,585][src.modRNN.training.common][INFO] - 	 Starting Epoch: 613
[2026-05-01 20:31:53,911][src.modRNN.training.common][INFO] - train epoch 613 MSE 0.0044 nMSE 0.0378
[2026-05-01 20:31:53,912][src.modRNN.training.common][INFO] - 	 Starting Epoch: 614
[2026-05-01 20:31:54,238][src.modRNN.training.common][INFO] - train epoch 614 MSE 0.0032 nMSE 0.0271
[2026-05-01 20:31:54,238][src.modRNN.training.common][INFO] - 	 Starting Epoch: 615
[2026-05-01 20:31:54,563][src.modRNN.training.common][INFO] - train epoch 615 MSE 0.0041 nMSE 0.0350
[2026-05-01 20:31:54,564][src.modRNN.training.common][INFO] - 	 Starting Epoch: 616
[2026-05-01 20:31:54,890][src.modRNN.training.common][INFO] - train epoch 616 MSE 0.0043 nMSE 0.0366
[2026-05-01 20:31:54,891][src.modRNN.training.common][INFO] - 	 Starting Epoch: 617
[2026-05-01 20:31:55,217][src.modRNN.training.common][INFO] - train epoch 617 MSE 0.0041 nMSE 0.0349
[2026-05-01 20:31:55,217][src.modRNN.training.common][INFO] - 	 Starting Epoch: 618
[2026-05-01 20:31:55,543][src.modRNN.training.common][INFO] - train epoch 618 MSE 0.0032 nMSE 0.0279
[2026-05-01 20:31:55,544][src.modRNN.training.common][INFO] - 	 Starting Epoch: 619
[2026-05-01 20:31:55,868][src.modRNN.training.common][INFO] - train epoch 619 MSE 0.0038 nMSE 0.0331
[2026-05-01 20:31:55,869][src.modRNN.training.common][INFO] - 	 Starting Epoch: 620
[2026-05-01 20:31:56,194][src.modRNN.training.common][INFO] - train epoch 620 MSE 0.0039 nMSE 0.0331
[2026-05-01 20:31:56,195][src.modRNN.training.common][INFO] - 	 Starting Epoch: 621
[2026-05-01 20:31:56,520][src.modRNN.training.common][INFO] - train epoch 621 MSE 0.0036 nMSE 0.0311
[2026-05-01 20:31:56,521][src.modRNN.training.common][INFO] - 	 Starting Epoch: 622
[2026-05-01 20:31:56,847][src.modRNN.training.common][INFO] - train epoch 622 MSE 0.0039 nMSE 0.0339
[2026-05-01 20:31:56,848][src.modRNN.training.common][INFO] - 	 Starting Epoch: 623
[2026-05-01 20:31:57,173][src.modRNN.training.common][INFO] - train epoch 623 MSE 0.0033 nMSE 0.0285
[2026-05-01 20:31:57,174][src.modRNN.training.common][INFO] - 	 Starting Epoch: 624
[2026-05-01 20:31:57,499][src.modRNN.training.common][INFO] - train epoch 624 MSE 0.0053 nMSE 0.0455
[2026-05-01 20:31:57,500][src.modRNN.training.common][INFO] - 	 Starting Epoch: 625
[2026-05-01 20:31:57,826][src.modRNN.training.common][INFO] - train epoch 625 MSE 0.0041 nMSE 0.0354
[2026-05-01 20:31:57,827][src.modRNN.training.common][INFO] - 	 Starting Epoch: 626
[2026-05-01 20:31:58,153][src.modRNN.training.common][INFO] - train epoch 626 MSE 0.0037 nMSE 0.0321
[2026-05-01 20:31:58,202][src.modRNN.training.common][INFO] - eval  epoch 626 MSE 0.0041 nMSE 0.0352
[2026-05-01 20:31:58,203][src.modRNN.training.common][INFO] - 	 Starting Epoch: 627
[2026-05-01 20:31:58,530][src.modRNN.training.common][INFO] - train epoch 627 MSE 0.0041 nMSE 0.0352
[2026-05-01 20:31:58,531][src.modRNN.training.common][INFO] - 	 Starting Epoch: 628
[2026-05-01 20:31:58,857][src.modRNN.training.common][INFO] - train epoch 628 MSE 0.0041 nMSE 0.0353
[2026-05-01 20:31:58,858][src.modRNN.training.common][INFO] - 	 Starting Epoch: 629
[2026-05-01 20:31:59,184][src.modRNN.training.common][INFO] - train epoch 629 MSE 0.0046 nMSE 0.0397
[2026-05-01 20:31:59,185][src.modRNN.training.common][INFO] - 	 Starting Epoch: 630
[2026-05-01 20:31:59,512][src.modRNN.training.common][INFO] - train epoch 630 MSE 0.0045 nMSE 0.0388
[2026-05-01 20:31:59,512][src.modRNN.training.common][INFO] - 	 Starting Epoch: 631
[2026-05-01 20:31:59,839][src.modRNN.training.common][INFO] - train epoch 631 MSE 0.0035 nMSE 0.0302
[2026-05-01 20:31:59,839][src.modRNN.training.common][INFO] - 	 Starting Epoch: 632
[2026-05-01 20:32:00,165][src.modRNN.training.common][INFO] - train epoch 632 MSE 0.0049 nMSE 0.0420
[2026-05-01 20:32:00,166][src.modRNN.training.common][INFO] - 	 Starting Epoch: 633
[2026-05-01 20:32:00,491][src.modRNN.training.common][INFO] - train epoch 633 MSE 0.0036 nMSE 0.0313
[2026-05-01 20:32:00,492][src.modRNN.training.common][INFO] - 	 Starting Epoch: 634
[2026-05-01 20:32:00,818][src.modRNN.training.common][INFO] - train epoch 634 MSE 0.0035 nMSE 0.0301
[2026-05-01 20:32:00,819][src.modRNN.training.common][INFO] - 	 Starting Epoch: 635
[2026-05-01 20:32:01,145][src.modRNN.training.common][INFO] - train epoch 635 MSE 0.0050 nMSE 0.0434
[2026-05-01 20:32:01,146][src.modRNN.training.common][INFO] - 	 Starting Epoch: 636
[2026-05-01 20:32:01,473][src.modRNN.training.common][INFO] - train epoch 636 MSE 0.0034 nMSE 0.0292
[2026-05-01 20:32:01,474][src.modRNN.training.common][INFO] - 	 Starting Epoch: 637
[2026-05-01 20:32:01,803][src.modRNN.training.common][INFO] - train epoch 637 MSE 0.0040 nMSE 0.0340
[2026-05-01 20:32:01,804][src.modRNN.training.common][INFO] - 	 Starting Epoch: 638
[2026-05-01 20:32:02,133][src.modRNN.training.common][INFO] - train epoch 638 MSE 0.0034 nMSE 0.0294
[2026-05-01 20:32:02,134][src.modRNN.training.common][INFO] - 	 Starting Epoch: 639
[2026-05-01 20:32:02,463][src.modRNN.training.common][INFO] - train epoch 639 MSE 0.0044 nMSE 0.0376
[2026-05-01 20:32:02,464][src.modRNN.training.common][INFO] - 	 Starting Epoch: 640
[2026-05-01 20:32:02,792][src.modRNN.training.common][INFO] - train epoch 640 MSE 0.0039 nMSE 0.0337
[2026-05-01 20:32:02,793][src.modRNN.training.common][INFO] - 	 Starting Epoch: 641
[2026-05-01 20:32:03,123][src.modRNN.training.common][INFO] - train epoch 641 MSE 0.0044 nMSE 0.0382
[2026-05-01 20:32:03,123][src.modRNN.training.common][INFO] - 	 Starting Epoch: 642
[2026-05-01 20:32:03,453][src.modRNN.training.common][INFO] - train epoch 642 MSE 0.0045 nMSE 0.0385
[2026-05-01 20:32:03,453][src.modRNN.training.common][INFO] - 	 Starting Epoch: 643
[2026-05-01 20:32:03,783][src.modRNN.training.common][INFO] - train epoch 643 MSE 0.0050 nMSE 0.0432
[2026-05-01 20:32:03,783][src.modRNN.training.common][INFO] - 	 Starting Epoch: 644
[2026-05-01 20:32:04,113][src.modRNN.training.common][INFO] - train epoch 644 MSE 0.0037 nMSE 0.0319
[2026-05-01 20:32:04,114][src.modRNN.training.common][INFO] - 	 Starting Epoch: 645
[2026-05-01 20:32:04,442][src.modRNN.training.common][INFO] - train epoch 645 MSE 0.0043 nMSE 0.0372
[2026-05-01 20:32:04,443][src.modRNN.training.common][INFO] - 	 Starting Epoch: 646
[2026-05-01 20:32:04,772][src.modRNN.training.common][INFO] - train epoch 646 MSE 0.0043 nMSE 0.0369
[2026-05-01 20:32:04,773][src.modRNN.training.common][INFO] - 	 Starting Epoch: 647
[2026-05-01 20:32:05,101][src.modRNN.training.common][INFO] - train epoch 647 MSE 0.0033 nMSE 0.0285
[2026-05-01 20:32:05,102][src.modRNN.training.common][INFO] - 	 Starting Epoch: 648
[2026-05-01 20:32:05,430][src.modRNN.training.common][INFO] - train epoch 648 MSE 0.0046 nMSE 0.0392
[2026-05-01 20:32:05,431][src.modRNN.training.common][INFO] - 	 Starting Epoch: 649
[2026-05-01 20:32:05,759][src.modRNN.training.common][INFO] - train epoch 649 MSE 0.0045 nMSE 0.0390
[2026-05-01 20:32:05,760][src.modRNN.training.common][INFO] - 	 Starting Epoch: 650
[2026-05-01 20:32:06,088][src.modRNN.training.common][INFO] - train epoch 650 MSE 0.0043 nMSE 0.0374
[2026-05-01 20:32:06,089][src.modRNN.training.common][INFO] - 	 Starting Epoch: 651
[2026-05-01 20:32:06,417][src.modRNN.training.common][INFO] - train epoch 651 MSE 0.0033 nMSE 0.0285
[2026-05-01 20:32:06,467][src.modRNN.training.common][INFO] - eval  epoch 651 MSE 0.0074 nMSE 0.0635
[2026-05-01 20:32:06,468][src.modRNN.training.common][INFO] - 	 Starting Epoch: 652
[2026-05-01 20:32:06,797][src.modRNN.training.common][INFO] - train epoch 652 MSE 0.0074 nMSE 0.0635
[2026-05-01 20:32:06,798][src.modRNN.training.common][INFO] - 	 Starting Epoch: 653
[2026-05-01 20:32:07,125][src.modRNN.training.common][INFO] - train epoch 653 MSE 0.0037 nMSE 0.0321
[2026-05-01 20:32:07,126][src.modRNN.training.common][INFO] - 	 Starting Epoch: 654
[2026-05-01 20:32:07,454][src.modRNN.training.common][INFO] - train epoch 654 MSE 0.0048 nMSE 0.0417
[2026-05-01 20:32:07,455][src.modRNN.training.common][INFO] - 	 Starting Epoch: 655
[2026-05-01 20:32:07,783][src.modRNN.training.common][INFO] - train epoch 655 MSE 0.0036 nMSE 0.0314
[2026-05-01 20:32:07,784][src.modRNN.training.common][INFO] - 	 Starting Epoch: 656
[2026-05-01 20:32:08,113][src.modRNN.training.common][INFO] - train epoch 656 MSE 0.0044 nMSE 0.0379
[2026-05-01 20:32:08,114][src.modRNN.training.common][INFO] - 	 Starting Epoch: 657
[2026-05-01 20:32:08,443][src.modRNN.training.common][INFO] - train epoch 657 MSE 0.0034 nMSE 0.0290
[2026-05-01 20:32:08,443][src.modRNN.training.common][INFO] - 	 Starting Epoch: 658
[2026-05-01 20:32:08,771][src.modRNN.training.common][INFO] - train epoch 658 MSE 0.0041 nMSE 0.0357
[2026-05-01 20:32:08,772][src.modRNN.training.common][INFO] - 	 Starting Epoch: 659
[2026-05-01 20:32:09,100][src.modRNN.training.common][INFO] - train epoch 659 MSE 0.0036 nMSE 0.0309
[2026-05-01 20:32:09,101][src.modRNN.training.common][INFO] - 	 Starting Epoch: 660
[2026-05-01 20:32:09,429][src.modRNN.training.common][INFO] - train epoch 660 MSE 0.0053 nMSE 0.0455
[2026-05-01 20:32:09,429][src.modRNN.training.common][INFO] - 	 Starting Epoch: 661
[2026-05-01 20:32:09,758][src.modRNN.training.common][INFO] - train epoch 661 MSE 0.0038 nMSE 0.0324
[2026-05-01 20:32:09,759][src.modRNN.training.common][INFO] - 	 Starting Epoch: 662
[2026-05-01 20:32:10,088][src.modRNN.training.common][INFO] - train epoch 662 MSE 0.0047 nMSE 0.0404
[2026-05-01 20:32:10,089][src.modRNN.training.common][INFO] - 	 Starting Epoch: 663
[2026-05-01 20:32:10,417][src.modRNN.training.common][INFO] - train epoch 663 MSE 0.0034 nMSE 0.0294
[2026-05-01 20:32:10,418][src.modRNN.training.common][INFO] - 	 Starting Epoch: 664
[2026-05-01 20:32:10,746][src.modRNN.training.common][INFO] - train epoch 664 MSE 0.0064 nMSE 0.0552
[2026-05-01 20:32:10,747][src.modRNN.training.common][INFO] - 	 Starting Epoch: 665
[2026-05-01 20:32:11,074][src.modRNN.training.common][INFO] - train epoch 665 MSE 0.0041 nMSE 0.0354
[2026-05-01 20:32:11,075][src.modRNN.training.common][INFO] - 	 Starting Epoch: 666
[2026-05-01 20:32:11,404][src.modRNN.training.common][INFO] - train epoch 666 MSE 0.0045 nMSE 0.0385
[2026-05-01 20:32:11,405][src.modRNN.training.common][INFO] - 	 Starting Epoch: 667
[2026-05-01 20:32:11,733][src.modRNN.training.common][INFO] - train epoch 667 MSE 0.0034 nMSE 0.0296
[2026-05-01 20:32:11,734][src.modRNN.training.common][INFO] - 	 Starting Epoch: 668
[2026-05-01 20:32:12,063][src.modRNN.training.common][INFO] - train epoch 668 MSE 0.0043 nMSE 0.0372
[2026-05-01 20:32:12,063][src.modRNN.training.common][INFO] - 	 Starting Epoch: 669
[2026-05-01 20:32:12,392][src.modRNN.training.common][INFO] - train epoch 669 MSE 0.0038 nMSE 0.0328
[2026-05-01 20:32:12,393][src.modRNN.training.common][INFO] - 	 Starting Epoch: 670
[2026-05-01 20:32:12,721][src.modRNN.training.common][INFO] - train epoch 670 MSE 0.0041 nMSE 0.0351
[2026-05-01 20:32:12,722][src.modRNN.training.common][INFO] - 	 Starting Epoch: 671
[2026-05-01 20:32:13,050][src.modRNN.training.common][INFO] - train epoch 671 MSE 0.0039 nMSE 0.0339
[2026-05-01 20:32:13,051][src.modRNN.training.common][INFO] - 	 Starting Epoch: 672
[2026-05-01 20:32:13,379][src.modRNN.training.common][INFO] - train epoch 672 MSE 0.0036 nMSE 0.0313
[2026-05-01 20:32:13,380][src.modRNN.training.common][INFO] - 	 Starting Epoch: 673
[2026-05-01 20:32:13,708][src.modRNN.training.common][INFO] - train epoch 673 MSE 0.0038 nMSE 0.0329
[2026-05-01 20:32:13,708][src.modRNN.training.common][INFO] - 	 Starting Epoch: 674
[2026-05-01 20:32:14,037][src.modRNN.training.common][INFO] - train epoch 674 MSE 0.0042 nMSE 0.0362
[2026-05-01 20:32:14,038][src.modRNN.training.common][INFO] - 	 Starting Epoch: 675
[2026-05-01 20:32:14,366][src.modRNN.training.common][INFO] - train epoch 675 MSE 0.0033 nMSE 0.0285
[2026-05-01 20:32:14,367][src.modRNN.training.common][INFO] - 	 Starting Epoch: 676
[2026-05-01 20:32:14,697][src.modRNN.training.common][INFO] - train epoch 676 MSE 0.0037 nMSE 0.0321
[2026-05-01 20:32:14,747][src.modRNN.training.common][INFO] - eval  epoch 676 MSE 0.0038 nMSE 0.0324
[2026-05-01 20:32:14,747][src.modRNN.training.common][INFO] - 	 Starting Epoch: 677
[2026-05-01 20:32:15,078][src.modRNN.training.common][INFO] - train epoch 677 MSE 0.0038 nMSE 0.0324
[2026-05-01 20:32:15,078][src.modRNN.training.common][INFO] - 	 Starting Epoch: 678
[2026-05-01 20:32:15,407][src.modRNN.training.common][INFO] - train epoch 678 MSE 0.0046 nMSE 0.0393
[2026-05-01 20:32:15,408][src.modRNN.training.common][INFO] - 	 Starting Epoch: 679
[2026-05-01 20:32:15,736][src.modRNN.training.common][INFO] - train epoch 679 MSE 0.0059 nMSE 0.0504
[2026-05-01 20:32:15,737][src.modRNN.training.common][INFO] - 	 Starting Epoch: 680
[2026-05-01 20:32:16,067][src.modRNN.training.common][INFO] - train epoch 680 MSE 0.0035 nMSE 0.0300
[2026-05-01 20:32:16,067][src.modRNN.training.common][INFO] - 	 Starting Epoch: 681
[2026-05-01 20:32:16,395][src.modRNN.training.common][INFO] - train epoch 681 MSE 0.0037 nMSE 0.0320
[2026-05-01 20:32:16,396][src.modRNN.training.common][INFO] - 	 Starting Epoch: 682
[2026-05-01 20:32:16,725][src.modRNN.training.common][INFO] - train epoch 682 MSE 0.0034 nMSE 0.0294
[2026-05-01 20:32:16,726][src.modRNN.training.common][INFO] - 	 Starting Epoch: 683
[2026-05-01 20:32:17,055][src.modRNN.training.common][INFO] - train epoch 683 MSE 0.0038 nMSE 0.0323
[2026-05-01 20:32:17,055][src.modRNN.training.common][INFO] - 	 Starting Epoch: 684
[2026-05-01 20:32:17,384][src.modRNN.training.common][INFO] - train epoch 684 MSE 0.0036 nMSE 0.0307
[2026-05-01 20:32:17,385][src.modRNN.training.common][INFO] - 	 Starting Epoch: 685
[2026-05-01 20:32:17,713][src.modRNN.training.common][INFO] - train epoch 685 MSE 0.0035 nMSE 0.0303
[2026-05-01 20:32:17,714][src.modRNN.training.common][INFO] - 	 Starting Epoch: 686
[2026-05-01 20:32:18,043][src.modRNN.training.common][INFO] - train epoch 686 MSE 0.0037 nMSE 0.0316
[2026-05-01 20:32:18,044][src.modRNN.training.common][INFO] - 	 Starting Epoch: 687
[2026-05-01 20:32:18,372][src.modRNN.training.common][INFO] - train epoch 687 MSE 0.0030 nMSE 0.0256
[2026-05-01 20:32:18,373][src.modRNN.training.common][INFO] - 	 Starting Epoch: 688
[2026-05-01 20:32:18,701][src.modRNN.training.common][INFO] - train epoch 688 MSE 0.0034 nMSE 0.0289
[2026-05-01 20:32:18,702][src.modRNN.training.common][INFO] - 	 Starting Epoch: 689
[2026-05-01 20:32:19,031][src.modRNN.training.common][INFO] - train epoch 689 MSE 0.0034 nMSE 0.0293
[2026-05-01 20:32:19,031][src.modRNN.training.common][INFO] - 	 Starting Epoch: 690
[2026-05-01 20:32:19,361][src.modRNN.training.common][INFO] - train epoch 690 MSE 0.0043 nMSE 0.0369
[2026-05-01 20:32:19,362][src.modRNN.training.common][INFO] - 	 Starting Epoch: 691
[2026-05-01 20:32:19,691][src.modRNN.training.common][INFO] - train epoch 691 MSE 0.0029 nMSE 0.0254
[2026-05-01 20:32:19,692][src.modRNN.training.common][INFO] - 	 Starting Epoch: 692
[2026-05-01 20:32:20,020][src.modRNN.training.common][INFO] - train epoch 692 MSE 0.0042 nMSE 0.0358
[2026-05-01 20:32:20,021][src.modRNN.training.common][INFO] - 	 Starting Epoch: 693
[2026-05-01 20:32:20,350][src.modRNN.training.common][INFO] - train epoch 693 MSE 0.0048 nMSE 0.0413
[2026-05-01 20:32:20,351][src.modRNN.training.common][INFO] - 	 Starting Epoch: 694
[2026-05-01 20:32:20,680][src.modRNN.training.common][INFO] - train epoch 694 MSE 0.0041 nMSE 0.0351
[2026-05-01 20:32:20,681][src.modRNN.training.common][INFO] - 	 Starting Epoch: 695
[2026-05-01 20:32:21,010][src.modRNN.training.common][INFO] - train epoch 695 MSE 0.0033 nMSE 0.0285
[2026-05-01 20:32:21,011][src.modRNN.training.common][INFO] - 	 Starting Epoch: 696
[2026-05-01 20:32:21,340][src.modRNN.training.common][INFO] - train epoch 696 MSE 0.0032 nMSE 0.0275
[2026-05-01 20:32:21,341][src.modRNN.training.common][INFO] - 	 Starting Epoch: 697
[2026-05-01 20:32:21,669][src.modRNN.training.common][INFO] - train epoch 697 MSE 0.0031 nMSE 0.0264
[2026-05-01 20:32:21,670][src.modRNN.training.common][INFO] - 	 Starting Epoch: 698
[2026-05-01 20:32:22,000][src.modRNN.training.common][INFO] - train epoch 698 MSE 0.0043 nMSE 0.0370
[2026-05-01 20:32:22,001][src.modRNN.training.common][INFO] - 	 Starting Epoch: 699
[2026-05-01 20:32:22,329][src.modRNN.training.common][INFO] - train epoch 699 MSE 0.0031 nMSE 0.0263
[2026-05-01 20:32:22,330][src.modRNN.training.common][INFO] - 	 Starting Epoch: 700
[2026-05-01 20:32:22,659][src.modRNN.training.common][INFO] - train epoch 700 MSE 0.0043 nMSE 0.0369
[2026-05-01 20:32:22,659][src.modRNN.training.common][INFO] - 	 Starting Epoch: 701
[2026-05-01 20:32:22,988][src.modRNN.training.common][INFO] - train epoch 701 MSE 0.0033 nMSE 0.0287
[2026-05-01 20:32:23,038][src.modRNN.training.common][INFO] - eval  epoch 701 MSE 0.0039 nMSE 0.0339
[2026-05-01 20:32:23,038][src.modRNN.training.common][INFO] - 	 Starting Epoch: 702
[2026-05-01 20:32:23,366][src.modRNN.training.common][INFO] - train epoch 702 MSE 0.0039 nMSE 0.0339
[2026-05-01 20:32:23,367][src.modRNN.training.common][INFO] - 	 Starting Epoch: 703
[2026-05-01 20:32:23,695][src.modRNN.training.common][INFO] - train epoch 703 MSE 0.0045 nMSE 0.0388
[2026-05-01 20:32:23,696][src.modRNN.training.common][INFO] - 	 Starting Epoch: 704
[2026-05-01 20:32:24,024][src.modRNN.training.common][INFO] - train epoch 704 MSE 0.0032 nMSE 0.0272
[2026-05-01 20:32:24,024][src.modRNN.training.common][INFO] - 	 Starting Epoch: 705
[2026-05-01 20:32:24,352][src.modRNN.training.common][INFO] - train epoch 705 MSE 0.0036 nMSE 0.0312
[2026-05-01 20:32:24,353][src.modRNN.training.common][INFO] - 	 Starting Epoch: 706
[2026-05-01 20:32:24,681][src.modRNN.training.common][INFO] - train epoch 706 MSE 0.0039 nMSE 0.0338
[2026-05-01 20:32:24,682][src.modRNN.training.common][INFO] - 	 Starting Epoch: 707
[2026-05-01 20:32:25,010][src.modRNN.training.common][INFO] - train epoch 707 MSE 0.0042 nMSE 0.0361
[2026-05-01 20:32:25,011][src.modRNN.training.common][INFO] - 	 Starting Epoch: 708
[2026-05-01 20:32:25,340][src.modRNN.training.common][INFO] - train epoch 708 MSE 0.0027 nMSE 0.0234
[2026-05-01 20:32:25,341][src.modRNN.training.common][INFO] - 	 Starting Epoch: 709
[2026-05-01 20:32:25,669][src.modRNN.training.common][INFO] - train epoch 709 MSE 0.0045 nMSE 0.0383
[2026-05-01 20:32:25,670][src.modRNN.training.common][INFO] - 	 Starting Epoch: 710
[2026-05-01 20:32:25,999][src.modRNN.training.common][INFO] - train epoch 710 MSE 0.0042 nMSE 0.0358
[2026-05-01 20:32:25,999][src.modRNN.training.common][INFO] - 	 Starting Epoch: 711
[2026-05-01 20:32:26,329][src.modRNN.training.common][INFO] - train epoch 711 MSE 0.0038 nMSE 0.0328
[2026-05-01 20:32:26,330][src.modRNN.training.common][INFO] - 	 Starting Epoch: 712
[2026-05-01 20:32:26,658][src.modRNN.training.common][INFO] - train epoch 712 MSE 0.0036 nMSE 0.0310
[2026-05-01 20:32:26,659][src.modRNN.training.common][INFO] - 	 Starting Epoch: 713
[2026-05-01 20:32:26,987][src.modRNN.training.common][INFO] - train epoch 713 MSE 0.0026 nMSE 0.0223
[2026-05-01 20:32:26,988][src.modRNN.training.common][INFO] - 	 Starting Epoch: 714
[2026-05-01 20:32:27,316][src.modRNN.training.common][INFO] - train epoch 714 MSE 0.0034 nMSE 0.0292
[2026-05-01 20:32:27,317][src.modRNN.training.common][INFO] - 	 Starting Epoch: 715
[2026-05-01 20:32:27,644][src.modRNN.training.common][INFO] - train epoch 715 MSE 0.0032 nMSE 0.0274
[2026-05-01 20:32:27,645][src.modRNN.training.common][INFO] - 	 Starting Epoch: 716
[2026-05-01 20:32:27,974][src.modRNN.training.common][INFO] - train epoch 716 MSE 0.0037 nMSE 0.0318
[2026-05-01 20:32:27,975][src.modRNN.training.common][INFO] - 	 Starting Epoch: 717
[2026-05-01 20:32:28,303][src.modRNN.training.common][INFO] - train epoch 717 MSE 0.0033 nMSE 0.0283
[2026-05-01 20:32:28,304][src.modRNN.training.common][INFO] - 	 Starting Epoch: 718
[2026-05-01 20:32:28,632][src.modRNN.training.common][INFO] - train epoch 718 MSE 0.0035 nMSE 0.0302
[2026-05-01 20:32:28,633][src.modRNN.training.common][INFO] - 	 Starting Epoch: 719
[2026-05-01 20:32:28,961][src.modRNN.training.common][INFO] - train epoch 719 MSE 0.0055 nMSE 0.0471
[2026-05-01 20:32:28,962][src.modRNN.training.common][INFO] - 	 Starting Epoch: 720
[2026-05-01 20:32:29,290][src.modRNN.training.common][INFO] - train epoch 720 MSE 0.0030 nMSE 0.0255
[2026-05-01 20:32:29,291][src.modRNN.training.common][INFO] - 	 Starting Epoch: 721
[2026-05-01 20:32:29,619][src.modRNN.training.common][INFO] - train epoch 721 MSE 0.0035 nMSE 0.0297
[2026-05-01 20:32:29,620][src.modRNN.training.common][INFO] - 	 Starting Epoch: 722
[2026-05-01 20:32:29,949][src.modRNN.training.common][INFO] - train epoch 722 MSE 0.0038 nMSE 0.0329
[2026-05-01 20:32:29,950][src.modRNN.training.common][INFO] - 	 Starting Epoch: 723
[2026-05-01 20:32:30,278][src.modRNN.training.common][INFO] - train epoch 723 MSE 0.0036 nMSE 0.0306
[2026-05-01 20:32:30,278][src.modRNN.training.common][INFO] - 	 Starting Epoch: 724
[2026-05-01 20:32:30,607][src.modRNN.training.common][INFO] - train epoch 724 MSE 0.0034 nMSE 0.0292
[2026-05-01 20:32:30,608][src.modRNN.training.common][INFO] - 	 Starting Epoch: 725
[2026-05-01 20:32:30,937][src.modRNN.training.common][INFO] - train epoch 725 MSE 0.0044 nMSE 0.0381
[2026-05-01 20:32:30,937][src.modRNN.training.common][INFO] - 	 Starting Epoch: 726
[2026-05-01 20:32:31,266][src.modRNN.training.common][INFO] - train epoch 726 MSE 0.0034 nMSE 0.0294
[2026-05-01 20:32:31,315][src.modRNN.training.common][INFO] - eval  epoch 726 MSE 0.0036 nMSE 0.0311
[2026-05-01 20:32:31,315][src.modRNN.training.common][INFO] - 	 Starting Epoch: 727
[2026-05-01 20:32:31,645][src.modRNN.training.common][INFO] - train epoch 727 MSE 0.0036 nMSE 0.0311
[2026-05-01 20:32:31,646][src.modRNN.training.common][INFO] - 	 Starting Epoch: 728
[2026-05-01 20:32:31,972][src.modRNN.training.common][INFO] - train epoch 728 MSE 0.0042 nMSE 0.0365
[2026-05-01 20:32:31,973][src.modRNN.training.common][INFO] - 	 Starting Epoch: 729
[2026-05-01 20:32:32,298][src.modRNN.training.common][INFO] - train epoch 729 MSE 0.0043 nMSE 0.0373
[2026-05-01 20:32:32,299][src.modRNN.training.common][INFO] - 	 Starting Epoch: 730
[2026-05-01 20:32:32,626][src.modRNN.training.common][INFO] - train epoch 730 MSE 0.0030 nMSE 0.0261
[2026-05-01 20:32:32,626][src.modRNN.training.common][INFO] - 	 Starting Epoch: 731
[2026-05-01 20:32:32,953][src.modRNN.training.common][INFO] - train epoch 731 MSE 0.0036 nMSE 0.0310
[2026-05-01 20:32:32,954][src.modRNN.training.common][INFO] - 	 Starting Epoch: 732
[2026-05-01 20:32:33,280][src.modRNN.training.common][INFO] - train epoch 732 MSE 0.0038 nMSE 0.0324
[2026-05-01 20:32:33,281][src.modRNN.training.common][INFO] - 	 Starting Epoch: 733
[2026-05-01 20:32:33,607][src.modRNN.training.common][INFO] - train epoch 733 MSE 0.0037 nMSE 0.0321
[2026-05-01 20:32:33,608][src.modRNN.training.common][INFO] - 	 Starting Epoch: 734
[2026-05-01 20:32:33,934][src.modRNN.training.common][INFO] - train epoch 734 MSE 0.0039 nMSE 0.0334
[2026-05-01 20:32:33,934][src.modRNN.training.common][INFO] - 	 Starting Epoch: 735
[2026-05-01 20:32:34,261][src.modRNN.training.common][INFO] - train epoch 735 MSE 0.0034 nMSE 0.0293
[2026-05-01 20:32:34,262][src.modRNN.training.common][INFO] - 	 Starting Epoch: 736
[2026-05-01 20:32:34,589][src.modRNN.training.common][INFO] - train epoch 736 MSE 0.0039 nMSE 0.0334
[2026-05-01 20:32:34,590][src.modRNN.training.common][INFO] - 	 Starting Epoch: 737
[2026-05-01 20:32:34,915][src.modRNN.training.common][INFO] - train epoch 737 MSE 0.0037 nMSE 0.0318
[2026-05-01 20:32:34,916][src.modRNN.training.common][INFO] - 	 Starting Epoch: 738
[2026-05-01 20:32:35,244][src.modRNN.training.common][INFO] - train epoch 738 MSE 0.0037 nMSE 0.0318
[2026-05-01 20:32:35,245][src.modRNN.training.common][INFO] - 	 Starting Epoch: 739
[2026-05-01 20:32:35,572][src.modRNN.training.common][INFO] - train epoch 739 MSE 0.0041 nMSE 0.0351
[2026-05-01 20:32:35,573][src.modRNN.training.common][INFO] - 	 Starting Epoch: 740
[2026-05-01 20:32:35,899][src.modRNN.training.common][INFO] - train epoch 740 MSE 0.0027 nMSE 0.0235
[2026-05-01 20:32:35,900][src.modRNN.training.common][INFO] - 	 Starting Epoch: 741
[2026-05-01 20:32:36,226][src.modRNN.training.common][INFO] - train epoch 741 MSE 0.0048 nMSE 0.0413
[2026-05-01 20:32:36,227][src.modRNN.training.common][INFO] - 	 Starting Epoch: 742
[2026-05-01 20:32:36,554][src.modRNN.training.common][INFO] - train epoch 742 MSE 0.0042 nMSE 0.0362
[2026-05-01 20:32:36,555][src.modRNN.training.common][INFO] - 	 Starting Epoch: 743
[2026-05-01 20:32:36,880][src.modRNN.training.common][INFO] - train epoch 743 MSE 0.0049 nMSE 0.0418
[2026-05-01 20:32:36,881][src.modRNN.training.common][INFO] - 	 Starting Epoch: 744
[2026-05-01 20:32:37,207][src.modRNN.training.common][INFO] - train epoch 744 MSE 0.0040 nMSE 0.0343
[2026-05-01 20:32:37,208][src.modRNN.training.common][INFO] - 	 Starting Epoch: 745
[2026-05-01 20:32:37,534][src.modRNN.training.common][INFO] - train epoch 745 MSE 0.0044 nMSE 0.0375
[2026-05-01 20:32:37,535][src.modRNN.training.common][INFO] - 	 Starting Epoch: 746
[2026-05-01 20:32:37,860][src.modRNN.training.common][INFO] - train epoch 746 MSE 0.0036 nMSE 0.0311
[2026-05-01 20:32:37,861][src.modRNN.training.common][INFO] - 	 Starting Epoch: 747
[2026-05-01 20:32:38,187][src.modRNN.training.common][INFO] - train epoch 747 MSE 0.0035 nMSE 0.0298
[2026-05-01 20:32:38,188][src.modRNN.training.common][INFO] - 	 Starting Epoch: 748
[2026-05-01 20:32:38,514][src.modRNN.training.common][INFO] - train epoch 748 MSE 0.0034 nMSE 0.0297
[2026-05-01 20:32:38,515][src.modRNN.training.common][INFO] - 	 Starting Epoch: 749
[2026-05-01 20:32:38,840][src.modRNN.training.common][INFO] - train epoch 749 MSE 0.0033 nMSE 0.0282
[2026-05-01 20:32:38,841][src.modRNN.training.common][INFO] - 	 Starting Epoch: 750
[2026-05-01 20:32:39,168][src.modRNN.training.common][INFO] - train epoch 750 MSE 0.0028 nMSE 0.0243
[2026-05-01 20:32:39,168][src.modRNN.training.common][INFO] - 	 Starting Epoch: 751
[2026-05-01 20:32:39,494][src.modRNN.training.common][INFO] - train epoch 751 MSE 0.0036 nMSE 0.0307
[2026-05-01 20:32:39,543][src.modRNN.training.common][INFO] - eval  epoch 751 MSE 0.0051 nMSE 0.0440
[2026-05-01 20:32:39,543][src.modRNN.training.common][INFO] - 	 Starting Epoch: 752
[2026-05-01 20:32:39,872][src.modRNN.training.common][INFO] - train epoch 752 MSE 0.0051 nMSE 0.0440
[2026-05-01 20:32:39,872][src.modRNN.training.common][INFO] - 	 Starting Epoch: 753
[2026-05-01 20:32:40,198][src.modRNN.training.common][INFO] - train epoch 753 MSE 0.0034 nMSE 0.0289
[2026-05-01 20:32:40,198][src.modRNN.training.common][INFO] - 	 Starting Epoch: 754
[2026-05-01 20:32:40,525][src.modRNN.training.common][INFO] - train epoch 754 MSE 0.0028 nMSE 0.0238
[2026-05-01 20:32:40,526][src.modRNN.training.common][INFO] - 	 Starting Epoch: 755
[2026-05-01 20:32:40,851][src.modRNN.training.common][INFO] - train epoch 755 MSE 0.0028 nMSE 0.0242
[2026-05-01 20:32:40,852][src.modRNN.training.common][INFO] - 	 Starting Epoch: 756
[2026-05-01 20:32:41,178][src.modRNN.training.common][INFO] - train epoch 756 MSE 0.0035 nMSE 0.0301
[2026-05-01 20:32:41,179][src.modRNN.training.common][INFO] - 	 Starting Epoch: 757
[2026-05-01 20:32:41,505][src.modRNN.training.common][INFO] - train epoch 757 MSE 0.0034 nMSE 0.0289
[2026-05-01 20:32:41,505][src.modRNN.training.common][INFO] - 	 Starting Epoch: 758
[2026-05-01 20:32:41,831][src.modRNN.training.common][INFO] - train epoch 758 MSE 0.0028 nMSE 0.0239
[2026-05-01 20:32:41,832][src.modRNN.training.common][INFO] - 	 Starting Epoch: 759
[2026-05-01 20:32:42,167][src.modRNN.training.common][INFO] - train epoch 759 MSE 0.0034 nMSE 0.0290
[2026-05-01 20:32:42,168][src.modRNN.training.common][INFO] - 	 Starting Epoch: 760
[2026-05-01 20:32:42,566][src.modRNN.training.common][INFO] - train epoch 760 MSE 0.0039 nMSE 0.0335
[2026-05-01 20:32:42,567][src.modRNN.training.common][INFO] - 	 Starting Epoch: 761
[2026-05-01 20:32:42,933][src.modRNN.training.common][INFO] - train epoch 761 MSE 0.0029 nMSE 0.0247
[2026-05-01 20:32:42,933][src.modRNN.training.common][INFO] - 	 Starting Epoch: 762
[2026-05-01 20:32:43,287][src.modRNN.training.common][INFO] - train epoch 762 MSE 0.0031 nMSE 0.0265
[2026-05-01 20:32:43,288][src.modRNN.training.common][INFO] - 	 Starting Epoch: 763
[2026-05-01 20:32:43,613][src.modRNN.training.common][INFO] - train epoch 763 MSE 0.0030 nMSE 0.0257
[2026-05-01 20:32:43,614][src.modRNN.training.common][INFO] - 	 Starting Epoch: 764
[2026-05-01 20:32:43,941][src.modRNN.training.common][INFO] - train epoch 764 MSE 0.0027 nMSE 0.0231
[2026-05-01 20:32:43,942][src.modRNN.training.common][INFO] - 	 Starting Epoch: 765
[2026-05-01 20:32:44,266][src.modRNN.training.common][INFO] - train epoch 765 MSE 0.0037 nMSE 0.0321
[2026-05-01 20:32:44,267][src.modRNN.training.common][INFO] - 	 Starting Epoch: 766
[2026-05-01 20:32:44,593][src.modRNN.training.common][INFO] - train epoch 766 MSE 0.0030 nMSE 0.0256
[2026-05-01 20:32:44,594][src.modRNN.training.common][INFO] - 	 Starting Epoch: 767
[2026-05-01 20:32:44,919][src.modRNN.training.common][INFO] - train epoch 767 MSE 0.0029 nMSE 0.0251
[2026-05-01 20:32:44,920][src.modRNN.training.common][INFO] - 	 Starting Epoch: 768
[2026-05-01 20:32:45,245][src.modRNN.training.common][INFO] - train epoch 768 MSE 0.0029 nMSE 0.0249
[2026-05-01 20:32:45,246][src.modRNN.training.common][INFO] - 	 Starting Epoch: 769
[2026-05-01 20:32:45,571][src.modRNN.training.common][INFO] - train epoch 769 MSE 0.0028 nMSE 0.0237
[2026-05-01 20:32:45,572][src.modRNN.training.common][INFO] - 	 Starting Epoch: 770
[2026-05-01 20:32:45,900][src.modRNN.training.common][INFO] - train epoch 770 MSE 0.0044 nMSE 0.0377
[2026-05-01 20:32:45,900][src.modRNN.training.common][INFO] - 	 Starting Epoch: 771
[2026-05-01 20:32:46,225][src.modRNN.training.common][INFO] - train epoch 771 MSE 0.0026 nMSE 0.0226
[2026-05-01 20:32:46,226][src.modRNN.training.common][INFO] - 	 Starting Epoch: 772
[2026-05-01 20:32:46,552][src.modRNN.training.common][INFO] - train epoch 772 MSE 0.0035 nMSE 0.0301
[2026-05-01 20:32:46,553][src.modRNN.training.common][INFO] - 	 Starting Epoch: 773
[2026-05-01 20:32:46,877][src.modRNN.training.common][INFO] - train epoch 773 MSE 0.0034 nMSE 0.0297
[2026-05-01 20:32:46,878][src.modRNN.training.common][INFO] - 	 Starting Epoch: 774
[2026-05-01 20:32:47,205][src.modRNN.training.common][INFO] - train epoch 774 MSE 0.0046 nMSE 0.0397
[2026-05-01 20:32:47,206][src.modRNN.training.common][INFO] - 	 Starting Epoch: 775
[2026-05-01 20:32:47,531][src.modRNN.training.common][INFO] - train epoch 775 MSE 0.0032 nMSE 0.0275
[2026-05-01 20:32:47,532][src.modRNN.training.common][INFO] - 	 Starting Epoch: 776
[2026-05-01 20:32:47,859][src.modRNN.training.common][INFO] - train epoch 776 MSE 0.0037 nMSE 0.0315
[2026-05-01 20:32:47,908][src.modRNN.training.common][INFO] - eval  epoch 776 MSE 0.0037 nMSE 0.0316
[2026-05-01 20:32:47,909][src.modRNN.training.common][INFO] - 	 Starting Epoch: 777
[2026-05-01 20:32:48,236][src.modRNN.training.common][INFO] - train epoch 777 MSE 0.0037 nMSE 0.0316
[2026-05-01 20:32:48,237][src.modRNN.training.common][INFO] - 	 Starting Epoch: 778
[2026-05-01 20:32:48,563][src.modRNN.training.common][INFO] - train epoch 778 MSE 0.0032 nMSE 0.0279
[2026-05-01 20:32:48,564][src.modRNN.training.common][INFO] - 	 Starting Epoch: 779
[2026-05-01 20:32:48,889][src.modRNN.training.common][INFO] - train epoch 779 MSE 0.0033 nMSE 0.0287
[2026-05-01 20:32:48,890][src.modRNN.training.common][INFO] - 	 Starting Epoch: 780
[2026-05-01 20:32:49,217][src.modRNN.training.common][INFO] - train epoch 780 MSE 0.0034 nMSE 0.0289
[2026-05-01 20:32:49,217][src.modRNN.training.common][INFO] - 	 Starting Epoch: 781
[2026-05-01 20:32:49,543][src.modRNN.training.common][INFO] - train epoch 781 MSE 0.0035 nMSE 0.0301
[2026-05-01 20:32:49,544][src.modRNN.training.common][INFO] - 	 Starting Epoch: 782
[2026-05-01 20:32:49,870][src.modRNN.training.common][INFO] - train epoch 782 MSE 0.0035 nMSE 0.0300
[2026-05-01 20:32:49,870][src.modRNN.training.common][INFO] - 	 Starting Epoch: 783
[2026-05-01 20:32:50,196][src.modRNN.training.common][INFO] - train epoch 783 MSE 0.0031 nMSE 0.0266
[2026-05-01 20:32:50,197][src.modRNN.training.common][INFO] - 	 Starting Epoch: 784
[2026-05-01 20:32:50,523][src.modRNN.training.common][INFO] - train epoch 784 MSE 0.0034 nMSE 0.0295
[2026-05-01 20:32:50,524][src.modRNN.training.common][INFO] - 	 Starting Epoch: 785
[2026-05-01 20:32:50,852][src.modRNN.training.common][INFO] - train epoch 785 MSE 0.0027 nMSE 0.0236
[2026-05-01 20:32:50,852][src.modRNN.training.common][INFO] - 	 Starting Epoch: 786
[2026-05-01 20:32:51,180][src.modRNN.training.common][INFO] - train epoch 786 MSE 0.0049 nMSE 0.0418
[2026-05-01 20:32:51,180][src.modRNN.training.common][INFO] - 	 Starting Epoch: 787
[2026-05-01 20:32:51,506][src.modRNN.training.common][INFO] - train epoch 787 MSE 0.0028 nMSE 0.0242
[2026-05-01 20:32:51,507][src.modRNN.training.common][INFO] - 	 Starting Epoch: 788
[2026-05-01 20:32:51,834][src.modRNN.training.common][INFO] - train epoch 788 MSE 0.0027 nMSE 0.0231
[2026-05-01 20:32:51,835][src.modRNN.training.common][INFO] - 	 Starting Epoch: 789
[2026-05-01 20:32:52,161][src.modRNN.training.common][INFO] - train epoch 789 MSE 0.0031 nMSE 0.0267
[2026-05-01 20:32:52,162][src.modRNN.training.common][INFO] - 	 Starting Epoch: 790
[2026-05-01 20:32:52,489][src.modRNN.training.common][INFO] - train epoch 790 MSE 0.0029 nMSE 0.0250
[2026-05-01 20:32:52,490][src.modRNN.training.common][INFO] - 	 Starting Epoch: 791
[2026-05-01 20:32:52,816][src.modRNN.training.common][INFO] - train epoch 791 MSE 0.0025 nMSE 0.0219
[2026-05-01 20:32:52,817][src.modRNN.training.common][INFO] - 	 Starting Epoch: 792
[2026-05-01 20:32:53,144][src.modRNN.training.common][INFO] - train epoch 792 MSE 0.0028 nMSE 0.0240
[2026-05-01 20:32:53,144][src.modRNN.training.common][INFO] - 	 Starting Epoch: 793
[2026-05-01 20:32:53,470][src.modRNN.training.common][INFO] - train epoch 793 MSE 0.0030 nMSE 0.0259
[2026-05-01 20:32:53,471][src.modRNN.training.common][INFO] - 	 Starting Epoch: 794
[2026-05-01 20:32:53,797][src.modRNN.training.common][INFO] - train epoch 794 MSE 0.0031 nMSE 0.0267
[2026-05-01 20:32:53,798][src.modRNN.training.common][INFO] - 	 Starting Epoch: 795
[2026-05-01 20:32:54,124][src.modRNN.training.common][INFO] - train epoch 795 MSE 0.0025 nMSE 0.0214
[2026-05-01 20:32:54,125][src.modRNN.training.common][INFO] - 	 Starting Epoch: 796
[2026-05-01 20:32:54,453][src.modRNN.training.common][INFO] - train epoch 796 MSE 0.0044 nMSE 0.0376
[2026-05-01 20:32:54,453][src.modRNN.training.common][INFO] - 	 Starting Epoch: 797
[2026-05-01 20:32:54,780][src.modRNN.training.common][INFO] - train epoch 797 MSE 0.0033 nMSE 0.0281
[2026-05-01 20:32:54,781][src.modRNN.training.common][INFO] - 	 Starting Epoch: 798
[2026-05-01 20:32:55,108][src.modRNN.training.common][INFO] - train epoch 798 MSE 0.0026 nMSE 0.0224
[2026-05-01 20:32:55,109][src.modRNN.training.common][INFO] - 	 Starting Epoch: 799
[2026-05-01 20:32:55,435][src.modRNN.training.common][INFO] - train epoch 799 MSE 0.0036 nMSE 0.0312
[2026-05-01 20:32:55,436][src.modRNN.training.common][INFO] - 	 Starting Epoch: 800
[2026-05-01 20:32:55,762][src.modRNN.training.common][INFO] - train epoch 800 MSE 0.0053 nMSE 0.0454
[2026-05-01 20:32:55,763][src.modRNN.training.common][INFO] - 	 Starting Epoch: 801
[2026-05-01 20:32:56,089][src.modRNN.training.common][INFO] - train epoch 801 MSE 0.0036 nMSE 0.0308
[2026-05-01 20:32:56,137][src.modRNN.training.common][INFO] - eval  epoch 801 MSE 0.0032 nMSE 0.0276
[2026-05-01 20:32:56,138][src.modRNN.training.common][INFO] - 	 Starting Epoch: 802
[2026-05-01 20:32:56,464][src.modRNN.training.common][INFO] - train epoch 802 MSE 0.0032 nMSE 0.0276
[2026-05-01 20:32:56,465][src.modRNN.training.common][INFO] - 	 Starting Epoch: 803
[2026-05-01 20:32:56,791][src.modRNN.training.common][INFO] - train epoch 803 MSE 0.0035 nMSE 0.0298
[2026-05-01 20:32:56,791][src.modRNN.training.common][INFO] - 	 Starting Epoch: 804
[2026-05-01 20:32:57,117][src.modRNN.training.common][INFO] - train epoch 804 MSE 0.0029 nMSE 0.0248
[2026-05-01 20:32:57,118][src.modRNN.training.common][INFO] - 	 Starting Epoch: 805
[2026-05-01 20:32:57,444][src.modRNN.training.common][INFO] - train epoch 805 MSE 0.0028 nMSE 0.0243
[2026-05-01 20:32:57,445][src.modRNN.training.common][INFO] - 	 Starting Epoch: 806
[2026-05-01 20:32:57,771][src.modRNN.training.common][INFO] - train epoch 806 MSE 0.0039 nMSE 0.0333
[2026-05-01 20:32:57,772][src.modRNN.training.common][INFO] - 	 Starting Epoch: 807
[2026-05-01 20:32:58,098][src.modRNN.training.common][INFO] - train epoch 807 MSE 0.0027 nMSE 0.0229
[2026-05-01 20:32:58,098][src.modRNN.training.common][INFO] - 	 Starting Epoch: 808
[2026-05-01 20:32:58,425][src.modRNN.training.common][INFO] - train epoch 808 MSE 0.0025 nMSE 0.0217
[2026-05-01 20:32:58,426][src.modRNN.training.common][INFO] - 	 Starting Epoch: 809
[2026-05-01 20:32:58,752][src.modRNN.training.common][INFO] - train epoch 809 MSE 0.0028 nMSE 0.0243
[2026-05-01 20:32:58,753][src.modRNN.training.common][INFO] - 	 Starting Epoch: 810
[2026-05-01 20:32:59,079][src.modRNN.training.common][INFO] - train epoch 810 MSE 0.0026 nMSE 0.0220
[2026-05-01 20:32:59,079][src.modRNN.training.common][INFO] - 	 Starting Epoch: 811
[2026-05-01 20:32:59,405][src.modRNN.training.common][INFO] - train epoch 811 MSE 0.0038 nMSE 0.0330
[2026-05-01 20:32:59,405][src.modRNN.training.common][INFO] - 	 Starting Epoch: 812
[2026-05-01 20:32:59,731][src.modRNN.training.common][INFO] - train epoch 812 MSE 0.0034 nMSE 0.0295
[2026-05-01 20:32:59,732][src.modRNN.training.common][INFO] - 	 Starting Epoch: 813
[2026-05-01 20:33:00,057][src.modRNN.training.common][INFO] - train epoch 813 MSE 0.0024 nMSE 0.0208
[2026-05-01 20:33:00,058][src.modRNN.training.common][INFO] - 	 Starting Epoch: 814
[2026-05-01 20:33:00,384][src.modRNN.training.common][INFO] - train epoch 814 MSE 0.0027 nMSE 0.0230
[2026-05-01 20:33:00,384][src.modRNN.training.common][INFO] - 	 Starting Epoch: 815
[2026-05-01 20:33:00,710][src.modRNN.training.common][INFO] - train epoch 815 MSE 0.0030 nMSE 0.0255
[2026-05-01 20:33:00,711][src.modRNN.training.common][INFO] - 	 Starting Epoch: 816
[2026-05-01 20:33:01,038][src.modRNN.training.common][INFO] - train epoch 816 MSE 0.0026 nMSE 0.0224
[2026-05-01 20:33:01,039][src.modRNN.training.common][INFO] - 	 Starting Epoch: 817
[2026-05-01 20:33:01,364][src.modRNN.training.common][INFO] - train epoch 817 MSE 0.0032 nMSE 0.0272
[2026-05-01 20:33:01,365][src.modRNN.training.common][INFO] - 	 Starting Epoch: 818
[2026-05-01 20:33:01,691][src.modRNN.training.common][INFO] - train epoch 818 MSE 0.0027 nMSE 0.0229
[2026-05-01 20:33:01,692][src.modRNN.training.common][INFO] - 	 Starting Epoch: 819
[2026-05-01 20:33:02,018][src.modRNN.training.common][INFO] - train epoch 819 MSE 0.0034 nMSE 0.0295
[2026-05-01 20:33:02,019][src.modRNN.training.common][INFO] - 	 Starting Epoch: 820
[2026-05-01 20:33:02,379][src.modRNN.training.common][INFO] - train epoch 820 MSE 0.0031 nMSE 0.0270
[2026-05-01 20:33:02,380][src.modRNN.training.common][INFO] - 	 Starting Epoch: 821
[2026-05-01 20:33:02,708][src.modRNN.training.common][INFO] - train epoch 821 MSE 0.0031 nMSE 0.0263
[2026-05-01 20:33:02,709][src.modRNN.training.common][INFO] - 	 Starting Epoch: 822
[2026-05-01 20:33:03,039][src.modRNN.training.common][INFO] - train epoch 822 MSE 0.0027 nMSE 0.0228
[2026-05-01 20:33:03,039][src.modRNN.training.common][INFO] - 	 Starting Epoch: 823
[2026-05-01 20:33:03,368][src.modRNN.training.common][INFO] - train epoch 823 MSE 0.0032 nMSE 0.0271
[2026-05-01 20:33:03,369][src.modRNN.training.common][INFO] - 	 Starting Epoch: 824
[2026-05-01 20:33:03,697][src.modRNN.training.common][INFO] - train epoch 824 MSE 0.0033 nMSE 0.0288
[2026-05-01 20:33:03,698][src.modRNN.training.common][INFO] - 	 Starting Epoch: 825
[2026-05-01 20:33:04,026][src.modRNN.training.common][INFO] - train epoch 825 MSE 0.0031 nMSE 0.0264
[2026-05-01 20:33:04,027][src.modRNN.training.common][INFO] - 	 Starting Epoch: 826
[2026-05-01 20:33:04,356][src.modRNN.training.common][INFO] - train epoch 826 MSE 0.0027 nMSE 0.0233
[2026-05-01 20:33:04,406][src.modRNN.training.common][INFO] - eval  epoch 826 MSE 0.0035 nMSE 0.0301
[2026-05-01 20:33:04,407][src.modRNN.training.common][INFO] - 	 Starting Epoch: 827
[2026-05-01 20:33:04,737][src.modRNN.training.common][INFO] - train epoch 827 MSE 0.0035 nMSE 0.0301
[2026-05-01 20:33:04,737][src.modRNN.training.common][INFO] - 	 Starting Epoch: 828
[2026-05-01 20:33:05,066][src.modRNN.training.common][INFO] - train epoch 828 MSE 0.0031 nMSE 0.0266
[2026-05-01 20:33:05,067][src.modRNN.training.common][INFO] - 	 Starting Epoch: 829
[2026-05-01 20:33:05,395][src.modRNN.training.common][INFO] - train epoch 829 MSE 0.0027 nMSE 0.0232
[2026-05-01 20:33:05,396][src.modRNN.training.common][INFO] - 	 Starting Epoch: 830
[2026-05-01 20:33:05,726][src.modRNN.training.common][INFO] - train epoch 830 MSE 0.0033 nMSE 0.0280
[2026-05-01 20:33:05,726][src.modRNN.training.common][INFO] - 	 Starting Epoch: 831
[2026-05-01 20:33:06,055][src.modRNN.training.common][INFO] - train epoch 831 MSE 0.0037 nMSE 0.0317
[2026-05-01 20:33:06,056][src.modRNN.training.common][INFO] - 	 Starting Epoch: 832
[2026-05-01 20:33:06,384][src.modRNN.training.common][INFO] - train epoch 832 MSE 0.0030 nMSE 0.0256
[2026-05-01 20:33:06,385][src.modRNN.training.common][INFO] - 	 Starting Epoch: 833
[2026-05-01 20:33:06,714][src.modRNN.training.common][INFO] - train epoch 833 MSE 0.0026 nMSE 0.0225
[2026-05-01 20:33:06,714][src.modRNN.training.common][INFO] - 	 Starting Epoch: 834
[2026-05-01 20:33:07,044][src.modRNN.training.common][INFO] - train epoch 834 MSE 0.0029 nMSE 0.0246
[2026-05-01 20:33:07,045][src.modRNN.training.common][INFO] - 	 Starting Epoch: 835
[2026-05-01 20:33:07,373][src.modRNN.training.common][INFO] - train epoch 835 MSE 0.0031 nMSE 0.0269
[2026-05-01 20:33:07,374][src.modRNN.training.common][INFO] - 	 Starting Epoch: 836
[2026-05-01 20:33:07,704][src.modRNN.training.common][INFO] - train epoch 836 MSE 0.0036 nMSE 0.0312
[2026-05-01 20:33:07,705][src.modRNN.training.common][INFO] - 	 Starting Epoch: 837
[2026-05-01 20:33:08,033][src.modRNN.training.common][INFO] - train epoch 837 MSE 0.0050 nMSE 0.0434
[2026-05-01 20:33:08,034][src.modRNN.training.common][INFO] - 	 Starting Epoch: 838
[2026-05-01 20:33:08,363][src.modRNN.training.common][INFO] - train epoch 838 MSE 0.0034 nMSE 0.0293
[2026-05-01 20:33:08,364][src.modRNN.training.common][INFO] - 	 Starting Epoch: 839
[2026-05-01 20:33:08,693][src.modRNN.training.common][INFO] - train epoch 839 MSE 0.0035 nMSE 0.0302
[2026-05-01 20:33:08,694][src.modRNN.training.common][INFO] - 	 Starting Epoch: 840
[2026-05-01 20:33:09,023][src.modRNN.training.common][INFO] - train epoch 840 MSE 0.0047 nMSE 0.0408
[2026-05-01 20:33:09,024][src.modRNN.training.common][INFO] - 	 Starting Epoch: 841
[2026-05-01 20:33:09,352][src.modRNN.training.common][INFO] - train epoch 841 MSE 0.0026 nMSE 0.0225
[2026-05-01 20:33:09,353][src.modRNN.training.common][INFO] - 	 Starting Epoch: 842
[2026-05-01 20:33:09,682][src.modRNN.training.common][INFO] - train epoch 842 MSE 0.0048 nMSE 0.0416
[2026-05-01 20:33:09,683][src.modRNN.training.common][INFO] - 	 Starting Epoch: 843
[2026-05-01 20:33:10,011][src.modRNN.training.common][INFO] - train epoch 843 MSE 0.0034 nMSE 0.0290
[2026-05-01 20:33:10,012][src.modRNN.training.common][INFO] - 	 Starting Epoch: 844
[2026-05-01 20:33:10,342][src.modRNN.training.common][INFO] - train epoch 844 MSE 0.0056 nMSE 0.0483
[2026-05-01 20:33:10,342][src.modRNN.training.common][INFO] - 	 Starting Epoch: 845
[2026-05-01 20:33:10,671][src.modRNN.training.common][INFO] - train epoch 845 MSE 0.0036 nMSE 0.0310
[2026-05-01 20:33:10,671][src.modRNN.training.common][INFO] - 	 Starting Epoch: 846
[2026-05-01 20:33:11,001][src.modRNN.training.common][INFO] - train epoch 846 MSE 0.0041 nMSE 0.0354
[2026-05-01 20:33:11,002][src.modRNN.training.common][INFO] - 	 Starting Epoch: 847
[2026-05-01 20:33:11,330][src.modRNN.training.common][INFO] - train epoch 847 MSE 0.0031 nMSE 0.0268
[2026-05-01 20:33:11,331][src.modRNN.training.common][INFO] - 	 Starting Epoch: 848
[2026-05-01 20:33:11,660][src.modRNN.training.common][INFO] - train epoch 848 MSE 0.0053 nMSE 0.0457
[2026-05-01 20:33:11,661][src.modRNN.training.common][INFO] - 	 Starting Epoch: 849
[2026-05-01 20:33:11,989][src.modRNN.training.common][INFO] - train epoch 849 MSE 0.0063 nMSE 0.0541
[2026-05-01 20:33:11,990][src.modRNN.training.common][INFO] - 	 Starting Epoch: 850
[2026-05-01 20:33:12,319][src.modRNN.training.common][INFO] - train epoch 850 MSE 0.0046 nMSE 0.0396
[2026-05-01 20:33:12,320][src.modRNN.training.common][INFO] - 	 Starting Epoch: 851
[2026-05-01 20:33:12,648][src.modRNN.training.common][INFO] - train epoch 851 MSE 0.0035 nMSE 0.0301
[2026-05-01 20:33:12,698][src.modRNN.training.common][INFO] - eval  epoch 851 MSE 0.0033 nMSE 0.0282
[2026-05-01 20:33:12,699][src.modRNN.training.common][INFO] - 	 Starting Epoch: 852
[2026-05-01 20:33:13,028][src.modRNN.training.common][INFO] - train epoch 852 MSE 0.0033 nMSE 0.0282
[2026-05-01 20:33:13,029][src.modRNN.training.common][INFO] - 	 Starting Epoch: 853
[2026-05-01 20:33:13,357][src.modRNN.training.common][INFO] - train epoch 853 MSE 0.0040 nMSE 0.0347
[2026-05-01 20:33:13,358][src.modRNN.training.common][INFO] - 	 Starting Epoch: 854
[2026-05-01 20:33:13,686][src.modRNN.training.common][INFO] - train epoch 854 MSE 0.0035 nMSE 0.0302
[2026-05-01 20:33:13,687][src.modRNN.training.common][INFO] - 	 Starting Epoch: 855
[2026-05-01 20:33:14,015][src.modRNN.training.common][INFO] - train epoch 855 MSE 0.0035 nMSE 0.0301
[2026-05-01 20:33:14,016][src.modRNN.training.common][INFO] - 	 Starting Epoch: 856
[2026-05-01 20:33:14,344][src.modRNN.training.common][INFO] - train epoch 856 MSE 0.0030 nMSE 0.0257
[2026-05-01 20:33:14,345][src.modRNN.training.common][INFO] - 	 Starting Epoch: 857
[2026-05-01 20:33:14,672][src.modRNN.training.common][INFO] - train epoch 857 MSE 0.0033 nMSE 0.0282
[2026-05-01 20:33:14,673][src.modRNN.training.common][INFO] - 	 Starting Epoch: 858
[2026-05-01 20:33:15,002][src.modRNN.training.common][INFO] - train epoch 858 MSE 0.0026 nMSE 0.0227
[2026-05-01 20:33:15,002][src.modRNN.training.common][INFO] - 	 Starting Epoch: 859
[2026-05-01 20:33:15,331][src.modRNN.training.common][INFO] - train epoch 859 MSE 0.0028 nMSE 0.0245
[2026-05-01 20:33:15,331][src.modRNN.training.common][INFO] - 	 Starting Epoch: 860
[2026-05-01 20:33:15,659][src.modRNN.training.common][INFO] - train epoch 860 MSE 0.0042 nMSE 0.0358
[2026-05-01 20:33:15,660][src.modRNN.training.common][INFO] - 	 Starting Epoch: 861
[2026-05-01 20:33:15,988][src.modRNN.training.common][INFO] - train epoch 861 MSE 0.0032 nMSE 0.0275
[2026-05-01 20:33:15,989][src.modRNN.training.common][INFO] - 	 Starting Epoch: 862
[2026-05-01 20:33:16,318][src.modRNN.training.common][INFO] - train epoch 862 MSE 0.0022 nMSE 0.0193
[2026-05-01 20:33:16,318][src.modRNN.training.common][INFO] - 	 Starting Epoch: 863
[2026-05-01 20:33:16,647][src.modRNN.training.common][INFO] - train epoch 863 MSE 0.0025 nMSE 0.0214
[2026-05-01 20:33:16,647][src.modRNN.training.common][INFO] - 	 Starting Epoch: 864
[2026-05-01 20:33:16,976][src.modRNN.training.common][INFO] - train epoch 864 MSE 0.0031 nMSE 0.0264
[2026-05-01 20:33:16,977][src.modRNN.training.common][INFO] - 	 Starting Epoch: 865
[2026-05-01 20:33:17,305][src.modRNN.training.common][INFO] - train epoch 865 MSE 0.0031 nMSE 0.0266
[2026-05-01 20:33:17,305][src.modRNN.training.common][INFO] - 	 Starting Epoch: 866
[2026-05-01 20:33:17,635][src.modRNN.training.common][INFO] - train epoch 866 MSE 0.0029 nMSE 0.0247
[2026-05-01 20:33:17,636][src.modRNN.training.common][INFO] - 	 Starting Epoch: 867
[2026-05-01 20:33:17,964][src.modRNN.training.common][INFO] - train epoch 867 MSE 0.0030 nMSE 0.0254
[2026-05-01 20:33:17,965][src.modRNN.training.common][INFO] - 	 Starting Epoch: 868
[2026-05-01 20:33:18,294][src.modRNN.training.common][INFO] - train epoch 868 MSE 0.0027 nMSE 0.0232
[2026-05-01 20:33:18,295][src.modRNN.training.common][INFO] - 	 Starting Epoch: 869
[2026-05-01 20:33:18,624][src.modRNN.training.common][INFO] - train epoch 869 MSE 0.0029 nMSE 0.0252
[2026-05-01 20:33:18,625][src.modRNN.training.common][INFO] - 	 Starting Epoch: 870
[2026-05-01 20:33:18,954][src.modRNN.training.common][INFO] - train epoch 870 MSE 0.0026 nMSE 0.0223
[2026-05-01 20:33:18,955][src.modRNN.training.common][INFO] - 	 Starting Epoch: 871
[2026-05-01 20:33:19,283][src.modRNN.training.common][INFO] - train epoch 871 MSE 0.0025 nMSE 0.0212
[2026-05-01 20:33:19,284][src.modRNN.training.common][INFO] - 	 Starting Epoch: 872
[2026-05-01 20:33:19,614][src.modRNN.training.common][INFO] - train epoch 872 MSE 0.0026 nMSE 0.0223
[2026-05-01 20:33:19,615][src.modRNN.training.common][INFO] - 	 Starting Epoch: 873
[2026-05-01 20:33:19,942][src.modRNN.training.common][INFO] - train epoch 873 MSE 0.0029 nMSE 0.0252
[2026-05-01 20:33:19,943][src.modRNN.training.common][INFO] - 	 Starting Epoch: 874
[2026-05-01 20:33:20,272][src.modRNN.training.common][INFO] - train epoch 874 MSE 0.0025 nMSE 0.0215
[2026-05-01 20:33:20,273][src.modRNN.training.common][INFO] - 	 Starting Epoch: 875
[2026-05-01 20:33:20,601][src.modRNN.training.common][INFO] - train epoch 875 MSE 0.0027 nMSE 0.0233
[2026-05-01 20:33:20,602][src.modRNN.training.common][INFO] - 	 Starting Epoch: 876
[2026-05-01 20:33:20,931][src.modRNN.training.common][INFO] - train epoch 876 MSE 0.0024 nMSE 0.0208
[2026-05-01 20:33:20,981][src.modRNN.training.common][INFO] - eval  epoch 876 MSE 0.0025 nMSE 0.0215
[2026-05-01 20:33:20,981][src.modRNN.training.common][INFO] - 	 Starting Epoch: 877
[2026-05-01 20:33:21,311][src.modRNN.training.common][INFO] - train epoch 877 MSE 0.0025 nMSE 0.0215
[2026-05-01 20:33:21,312][src.modRNN.training.common][INFO] - 	 Starting Epoch: 878
[2026-05-01 20:33:21,640][src.modRNN.training.common][INFO] - train epoch 878 MSE 0.0023 nMSE 0.0199
[2026-05-01 20:33:21,641][src.modRNN.training.common][INFO] - 	 Starting Epoch: 879
[2026-05-01 20:33:21,970][src.modRNN.training.common][INFO] - train epoch 879 MSE 0.0025 nMSE 0.0213
[2026-05-01 20:33:21,970][src.modRNN.training.common][INFO] - 	 Starting Epoch: 880
[2026-05-01 20:33:22,301][src.modRNN.training.common][INFO] - train epoch 880 MSE 0.0027 nMSE 0.0235
[2026-05-01 20:33:22,301][src.modRNN.training.common][INFO] - 	 Starting Epoch: 881
[2026-05-01 20:33:22,630][src.modRNN.training.common][INFO] - train epoch 881 MSE 0.0031 nMSE 0.0267
[2026-05-01 20:33:22,631][src.modRNN.training.common][INFO] - 	 Starting Epoch: 882
[2026-05-01 20:33:22,961][src.modRNN.training.common][INFO] - train epoch 882 MSE 0.0044 nMSE 0.0376
[2026-05-01 20:33:22,961][src.modRNN.training.common][INFO] - 	 Starting Epoch: 883
[2026-05-01 20:33:23,290][src.modRNN.training.common][INFO] - train epoch 883 MSE 0.0024 nMSE 0.0211
[2026-05-01 20:33:23,291][src.modRNN.training.common][INFO] - 	 Starting Epoch: 884
[2026-05-01 20:33:23,620][src.modRNN.training.common][INFO] - train epoch 884 MSE 0.0027 nMSE 0.0236
[2026-05-01 20:33:23,621][src.modRNN.training.common][INFO] - 	 Starting Epoch: 885
[2026-05-01 20:33:23,949][src.modRNN.training.common][INFO] - train epoch 885 MSE 0.0038 nMSE 0.0324
[2026-05-01 20:33:23,950][src.modRNN.training.common][INFO] - 	 Starting Epoch: 886
[2026-05-01 20:33:24,279][src.modRNN.training.common][INFO] - train epoch 886 MSE 0.0027 nMSE 0.0231
[2026-05-01 20:33:24,280][src.modRNN.training.common][INFO] - 	 Starting Epoch: 887
[2026-05-01 20:33:24,608][src.modRNN.training.common][INFO] - train epoch 887 MSE 0.0029 nMSE 0.0249
[2026-05-01 20:33:24,609][src.modRNN.training.common][INFO] - 	 Starting Epoch: 888
[2026-05-01 20:33:24,939][src.modRNN.training.common][INFO] - train epoch 888 MSE 0.0027 nMSE 0.0232
[2026-05-01 20:33:24,940][src.modRNN.training.common][INFO] - 	 Starting Epoch: 889
[2026-05-01 20:33:25,268][src.modRNN.training.common][INFO] - train epoch 889 MSE 0.0036 nMSE 0.0307
[2026-05-01 20:33:25,269][src.modRNN.training.common][INFO] - 	 Starting Epoch: 890
[2026-05-01 20:33:25,598][src.modRNN.training.common][INFO] - train epoch 890 MSE 0.0031 nMSE 0.0263
[2026-05-01 20:33:25,599][src.modRNN.training.common][INFO] - 	 Starting Epoch: 891
[2026-05-01 20:33:25,928][src.modRNN.training.common][INFO] - train epoch 891 MSE 0.0025 nMSE 0.0219
[2026-05-01 20:33:25,929][src.modRNN.training.common][INFO] - 	 Starting Epoch: 892
[2026-05-01 20:33:26,258][src.modRNN.training.common][INFO] - train epoch 892 MSE 0.0033 nMSE 0.0285
[2026-05-01 20:33:26,259][src.modRNN.training.common][INFO] - 	 Starting Epoch: 893
[2026-05-01 20:33:26,588][src.modRNN.training.common][INFO] - train epoch 893 MSE 0.0032 nMSE 0.0278
[2026-05-01 20:33:26,588][src.modRNN.training.common][INFO] - 	 Starting Epoch: 894
[2026-05-01 20:33:26,917][src.modRNN.training.common][INFO] - train epoch 894 MSE 0.0031 nMSE 0.0264
[2026-05-01 20:33:26,918][src.modRNN.training.common][INFO] - 	 Starting Epoch: 895
[2026-05-01 20:33:27,247][src.modRNN.training.common][INFO] - train epoch 895 MSE 0.0026 nMSE 0.0224
[2026-05-01 20:33:27,248][src.modRNN.training.common][INFO] - 	 Starting Epoch: 896
[2026-05-01 20:33:27,577][src.modRNN.training.common][INFO] - train epoch 896 MSE 0.0025 nMSE 0.0215
[2026-05-01 20:33:27,578][src.modRNN.training.common][INFO] - 	 Starting Epoch: 897
[2026-05-01 20:33:27,908][src.modRNN.training.common][INFO] - train epoch 897 MSE 0.0028 nMSE 0.0239
[2026-05-01 20:33:27,909][src.modRNN.training.common][INFO] - 	 Starting Epoch: 898
[2026-05-01 20:33:28,238][src.modRNN.training.common][INFO] - train epoch 898 MSE 0.0032 nMSE 0.0274
[2026-05-01 20:33:28,238][src.modRNN.training.common][INFO] - 	 Starting Epoch: 899
[2026-05-01 20:33:28,567][src.modRNN.training.common][INFO] - train epoch 899 MSE 0.0033 nMSE 0.0285
[2026-05-01 20:33:28,568][src.modRNN.training.common][INFO] - 	 Starting Epoch: 900
[2026-05-01 20:33:28,896][src.modRNN.training.common][INFO] - train epoch 900 MSE 0.0037 nMSE 0.0316
[2026-05-01 20:33:28,897][src.modRNN.training.common][INFO] - 	 Starting Epoch: 901
[2026-05-01 20:33:29,226][src.modRNN.training.common][INFO] - train epoch 901 MSE 0.0035 nMSE 0.0303
[2026-05-01 20:33:29,275][src.modRNN.training.common][INFO] - eval  epoch 901 MSE 0.0033 nMSE 0.0283
[2026-05-01 20:33:29,276][src.modRNN.training.common][INFO] - 	 Starting Epoch: 902
[2026-05-01 20:33:29,606][src.modRNN.training.common][INFO] - train epoch 902 MSE 0.0033 nMSE 0.0283
[2026-05-01 20:33:29,607][src.modRNN.training.common][INFO] - 	 Starting Epoch: 903
[2026-05-01 20:33:29,934][src.modRNN.training.common][INFO] - train epoch 903 MSE 0.0025 nMSE 0.0217
[2026-05-01 20:33:29,935][src.modRNN.training.common][INFO] - 	 Starting Epoch: 904
[2026-05-01 20:33:30,265][src.modRNN.training.common][INFO] - train epoch 904 MSE 0.0029 nMSE 0.0246
[2026-05-01 20:33:30,265][src.modRNN.training.common][INFO] - 	 Starting Epoch: 905
[2026-05-01 20:33:30,593][src.modRNN.training.common][INFO] - train epoch 905 MSE 0.0028 nMSE 0.0237
[2026-05-01 20:33:30,594][src.modRNN.training.common][INFO] - 	 Starting Epoch: 906
[2026-05-01 20:33:30,922][src.modRNN.training.common][INFO] - train epoch 906 MSE 0.0042 nMSE 0.0362
[2026-05-01 20:33:30,923][src.modRNN.training.common][INFO] - 	 Starting Epoch: 907
[2026-05-01 20:33:31,252][src.modRNN.training.common][INFO] - train epoch 907 MSE 0.0041 nMSE 0.0356
[2026-05-01 20:33:31,253][src.modRNN.training.common][INFO] - 	 Starting Epoch: 908
[2026-05-01 20:33:31,578][src.modRNN.training.common][INFO] - train epoch 908 MSE 0.0029 nMSE 0.0246
[2026-05-01 20:33:31,578][src.modRNN.training.common][INFO] - 	 Starting Epoch: 909
[2026-05-01 20:33:31,903][src.modRNN.training.common][INFO] - train epoch 909 MSE 0.0030 nMSE 0.0258
[2026-05-01 20:33:31,904][src.modRNN.training.common][INFO] - 	 Starting Epoch: 910
[2026-05-01 20:33:32,230][src.modRNN.training.common][INFO] - train epoch 910 MSE 0.0027 nMSE 0.0231
[2026-05-01 20:33:32,230][src.modRNN.training.common][INFO] - 	 Starting Epoch: 911
[2026-05-01 20:33:32,557][src.modRNN.training.common][INFO] - train epoch 911 MSE 0.0025 nMSE 0.0218
[2026-05-01 20:33:32,558][src.modRNN.training.common][INFO] - 	 Starting Epoch: 912
[2026-05-01 20:33:32,884][src.modRNN.training.common][INFO] - train epoch 912 MSE 0.0033 nMSE 0.0287
[2026-05-01 20:33:32,885][src.modRNN.training.common][INFO] - 	 Starting Epoch: 913
[2026-05-01 20:33:33,210][src.modRNN.training.common][INFO] - train epoch 913 MSE 0.0023 nMSE 0.0201
[2026-05-01 20:33:33,211][src.modRNN.training.common][INFO] - 	 Starting Epoch: 914
[2026-05-01 20:33:33,537][src.modRNN.training.common][INFO] - train epoch 914 MSE 0.0036 nMSE 0.0312
[2026-05-01 20:33:33,538][src.modRNN.training.common][INFO] - 	 Starting Epoch: 915
[2026-05-01 20:33:33,863][src.modRNN.training.common][INFO] - train epoch 915 MSE 0.0025 nMSE 0.0212
[2026-05-01 20:33:33,864][src.modRNN.training.common][INFO] - 	 Starting Epoch: 916
[2026-05-01 20:33:34,189][src.modRNN.training.common][INFO] - train epoch 916 MSE 0.0028 nMSE 0.0244
[2026-05-01 20:33:34,190][src.modRNN.training.common][INFO] - 	 Starting Epoch: 917
[2026-05-01 20:33:34,515][src.modRNN.training.common][INFO] - train epoch 917 MSE 0.0026 nMSE 0.0221
[2026-05-01 20:33:34,516][src.modRNN.training.common][INFO] - 	 Starting Epoch: 918
[2026-05-01 20:33:34,842][src.modRNN.training.common][INFO] - train epoch 918 MSE 0.0033 nMSE 0.0282
[2026-05-01 20:33:34,842][src.modRNN.training.common][INFO] - 	 Starting Epoch: 919
[2026-05-01 20:33:35,169][src.modRNN.training.common][INFO] - train epoch 919 MSE 0.0033 nMSE 0.0283
[2026-05-01 20:33:35,169][src.modRNN.training.common][INFO] - 	 Starting Epoch: 920
[2026-05-01 20:33:35,496][src.modRNN.training.common][INFO] - train epoch 920 MSE 0.0031 nMSE 0.0268
[2026-05-01 20:33:35,497][src.modRNN.training.common][INFO] - 	 Starting Epoch: 921
[2026-05-01 20:33:35,821][src.modRNN.training.common][INFO] - train epoch 921 MSE 0.0027 nMSE 0.0230
[2026-05-01 20:33:35,822][src.modRNN.training.common][INFO] - 	 Starting Epoch: 922
[2026-05-01 20:33:36,148][src.modRNN.training.common][INFO] - train epoch 922 MSE 0.0031 nMSE 0.0267
[2026-05-01 20:33:36,149][src.modRNN.training.common][INFO] - 	 Starting Epoch: 923
[2026-05-01 20:33:36,475][src.modRNN.training.common][INFO] - train epoch 923 MSE 0.0027 nMSE 0.0231
[2026-05-01 20:33:36,475][src.modRNN.training.common][INFO] - 	 Starting Epoch: 924
[2026-05-01 20:33:36,802][src.modRNN.training.common][INFO] - train epoch 924 MSE 0.0027 nMSE 0.0235
[2026-05-01 20:33:36,802][src.modRNN.training.common][INFO] - 	 Starting Epoch: 925
[2026-05-01 20:33:37,129][src.modRNN.training.common][INFO] - train epoch 925 MSE 0.0031 nMSE 0.0263
[2026-05-01 20:33:37,130][src.modRNN.training.common][INFO] - 	 Starting Epoch: 926
[2026-05-01 20:33:37,456][src.modRNN.training.common][INFO] - train epoch 926 MSE 0.0030 nMSE 0.0262
[2026-05-01 20:33:37,505][src.modRNN.training.common][INFO] - eval  epoch 926 MSE 0.0029 nMSE 0.0247
[2026-05-01 20:33:37,506][src.modRNN.training.common][INFO] - 	 Starting Epoch: 927
[2026-05-01 20:33:37,833][src.modRNN.training.common][INFO] - train epoch 927 MSE 0.0029 nMSE 0.0247
[2026-05-01 20:33:37,834][src.modRNN.training.common][INFO] - 	 Starting Epoch: 928
[2026-05-01 20:33:38,161][src.modRNN.training.common][INFO] - train epoch 928 MSE 0.0031 nMSE 0.0267
[2026-05-01 20:33:38,162][src.modRNN.training.common][INFO] - 	 Starting Epoch: 929
[2026-05-01 20:33:38,488][src.modRNN.training.common][INFO] - train epoch 929 MSE 0.0030 nMSE 0.0261
[2026-05-01 20:33:38,489][src.modRNN.training.common][INFO] - 	 Starting Epoch: 930
[2026-05-01 20:33:38,815][src.modRNN.training.common][INFO] - train epoch 930 MSE 0.0028 nMSE 0.0237
[2026-05-01 20:33:38,816][src.modRNN.training.common][INFO] - 	 Starting Epoch: 931
[2026-05-01 20:33:39,142][src.modRNN.training.common][INFO] - train epoch 931 MSE 0.0030 nMSE 0.0261
[2026-05-01 20:33:39,143][src.modRNN.training.common][INFO] - 	 Starting Epoch: 932
[2026-05-01 20:33:39,470][src.modRNN.training.common][INFO] - train epoch 932 MSE 0.0028 nMSE 0.0237
[2026-05-01 20:33:39,470][src.modRNN.training.common][INFO] - 	 Starting Epoch: 933
[2026-05-01 20:33:39,796][src.modRNN.training.common][INFO] - train epoch 933 MSE 0.0033 nMSE 0.0286
[2026-05-01 20:33:39,797][src.modRNN.training.common][INFO] - 	 Starting Epoch: 934
[2026-05-01 20:33:40,124][src.modRNN.training.common][INFO] - train epoch 934 MSE 0.0028 nMSE 0.0245
[2026-05-01 20:33:40,125][src.modRNN.training.common][INFO] - 	 Starting Epoch: 935
[2026-05-01 20:33:40,451][src.modRNN.training.common][INFO] - train epoch 935 MSE 0.0025 nMSE 0.0215
[2026-05-01 20:33:40,452][src.modRNN.training.common][INFO] - 	 Starting Epoch: 936
[2026-05-01 20:33:40,779][src.modRNN.training.common][INFO] - train epoch 936 MSE 0.0024 nMSE 0.0207
[2026-05-01 20:33:40,780][src.modRNN.training.common][INFO] - 	 Starting Epoch: 937
[2026-05-01 20:33:41,106][src.modRNN.training.common][INFO] - train epoch 937 MSE 0.0025 nMSE 0.0212
[2026-05-01 20:33:41,107][src.modRNN.training.common][INFO] - 	 Starting Epoch: 938
[2026-05-01 20:33:41,434][src.modRNN.training.common][INFO] - train epoch 938 MSE 0.0026 nMSE 0.0225
[2026-05-01 20:33:41,434][src.modRNN.training.common][INFO] - 	 Starting Epoch: 939
[2026-05-01 20:33:41,760][src.modRNN.training.common][INFO] - train epoch 939 MSE 0.0024 nMSE 0.0204
[2026-05-01 20:33:41,761][src.modRNN.training.common][INFO] - 	 Starting Epoch: 940
[2026-05-01 20:33:42,087][src.modRNN.training.common][INFO] - train epoch 940 MSE 0.0027 nMSE 0.0230
[2026-05-01 20:33:42,088][src.modRNN.training.common][INFO] - 	 Starting Epoch: 941
[2026-05-01 20:33:42,456][src.modRNN.training.common][INFO] - train epoch 941 MSE 0.0024 nMSE 0.0210
[2026-05-01 20:33:42,457][src.modRNN.training.common][INFO] - 	 Starting Epoch: 942
[2026-05-01 20:33:42,839][src.modRNN.training.common][INFO] - train epoch 942 MSE 0.0028 nMSE 0.0239
[2026-05-01 20:33:42,840][src.modRNN.training.common][INFO] - 	 Starting Epoch: 943
[2026-05-01 20:33:43,166][src.modRNN.training.common][INFO] - train epoch 943 MSE 0.0026 nMSE 0.0222
[2026-05-01 20:33:43,167][src.modRNN.training.common][INFO] - 	 Starting Epoch: 944
[2026-05-01 20:33:43,493][src.modRNN.training.common][INFO] - train epoch 944 MSE 0.0024 nMSE 0.0208
[2026-05-01 20:33:43,494][src.modRNN.training.common][INFO] - 	 Starting Epoch: 945
[2026-05-01 20:33:43,820][src.modRNN.training.common][INFO] - train epoch 945 MSE 0.0025 nMSE 0.0218
[2026-05-01 20:33:43,821][src.modRNN.training.common][INFO] - 	 Starting Epoch: 946
[2026-05-01 20:33:44,147][src.modRNN.training.common][INFO] - train epoch 946 MSE 0.0027 nMSE 0.0234
[2026-05-01 20:33:44,148][src.modRNN.training.common][INFO] - 	 Starting Epoch: 947
[2026-05-01 20:33:44,474][src.modRNN.training.common][INFO] - train epoch 947 MSE 0.0027 nMSE 0.0231
[2026-05-01 20:33:44,475][src.modRNN.training.common][INFO] - 	 Starting Epoch: 948
[2026-05-01 20:33:44,801][src.modRNN.training.common][INFO] - train epoch 948 MSE 0.0020 nMSE 0.0176
[2026-05-01 20:33:44,802][src.modRNN.training.common][INFO] - 	 Starting Epoch: 949
[2026-05-01 20:33:45,128][src.modRNN.training.common][INFO] - train epoch 949 MSE 0.0031 nMSE 0.0269
[2026-05-01 20:33:45,129][src.modRNN.training.common][INFO] - 	 Starting Epoch: 950
[2026-05-01 20:33:45,455][src.modRNN.training.common][INFO] - train epoch 950 MSE 0.0022 nMSE 0.0185
[2026-05-01 20:33:45,456][src.modRNN.training.common][INFO] - 	 Starting Epoch: 951
[2026-05-01 20:33:45,782][src.modRNN.training.common][INFO] - train epoch 951 MSE 0.0031 nMSE 0.0271
[2026-05-01 20:33:45,831][src.modRNN.training.common][INFO] - eval  epoch 951 MSE 0.0024 nMSE 0.0206
[2026-05-01 20:33:45,831][src.modRNN.training.common][INFO] - 	 Starting Epoch: 952
[2026-05-01 20:33:46,157][src.modRNN.training.common][INFO] - train epoch 952 MSE 0.0024 nMSE 0.0206
[2026-05-01 20:33:46,158][src.modRNN.training.common][INFO] - 	 Starting Epoch: 953
[2026-05-01 20:33:46,483][src.modRNN.training.common][INFO] - train epoch 953 MSE 0.0036 nMSE 0.0309
[2026-05-01 20:33:46,484][src.modRNN.training.common][INFO] - 	 Starting Epoch: 954
[2026-05-01 20:33:46,810][src.modRNN.training.common][INFO] - train epoch 954 MSE 0.0033 nMSE 0.0287
[2026-05-01 20:33:46,811][src.modRNN.training.common][INFO] - 	 Starting Epoch: 955
[2026-05-01 20:33:47,136][src.modRNN.training.common][INFO] - train epoch 955 MSE 0.0027 nMSE 0.0231
[2026-05-01 20:33:47,137][src.modRNN.training.common][INFO] - 	 Starting Epoch: 956
[2026-05-01 20:33:47,463][src.modRNN.training.common][INFO] - train epoch 956 MSE 0.0024 nMSE 0.0205
[2026-05-01 20:33:47,464][src.modRNN.training.common][INFO] - 	 Starting Epoch: 957
[2026-05-01 20:33:47,789][src.modRNN.training.common][INFO] - train epoch 957 MSE 0.0022 nMSE 0.0185
[2026-05-01 20:33:47,790][src.modRNN.training.common][INFO] - 	 Starting Epoch: 958
[2026-05-01 20:33:48,116][src.modRNN.training.common][INFO] - train epoch 958 MSE 0.0032 nMSE 0.0278
[2026-05-01 20:33:48,116][src.modRNN.training.common][INFO] - 	 Starting Epoch: 959
[2026-05-01 20:33:48,442][src.modRNN.training.common][INFO] - train epoch 959 MSE 0.0026 nMSE 0.0223
[2026-05-01 20:33:48,443][src.modRNN.training.common][INFO] - 	 Starting Epoch: 960
[2026-05-01 20:33:48,769][src.modRNN.training.common][INFO] - train epoch 960 MSE 0.0032 nMSE 0.0272
[2026-05-01 20:33:48,770][src.modRNN.training.common][INFO] - 	 Starting Epoch: 961
[2026-05-01 20:33:49,095][src.modRNN.training.common][INFO] - train epoch 961 MSE 0.0030 nMSE 0.0258
[2026-05-01 20:33:49,095][src.modRNN.training.common][INFO] - 	 Starting Epoch: 962
[2026-05-01 20:33:49,421][src.modRNN.training.common][INFO] - train epoch 962 MSE 0.0025 nMSE 0.0215
[2026-05-01 20:33:49,422][src.modRNN.training.common][INFO] - 	 Starting Epoch: 963
[2026-05-01 20:33:49,747][src.modRNN.training.common][INFO] - train epoch 963 MSE 0.0025 nMSE 0.0212
[2026-05-01 20:33:49,748][src.modRNN.training.common][INFO] - 	 Starting Epoch: 964
[2026-05-01 20:33:50,074][src.modRNN.training.common][INFO] - train epoch 964 MSE 0.0029 nMSE 0.0249
[2026-05-01 20:33:50,075][src.modRNN.training.common][INFO] - 	 Starting Epoch: 965
[2026-05-01 20:33:50,399][src.modRNN.training.common][INFO] - train epoch 965 MSE 0.0037 nMSE 0.0318
[2026-05-01 20:33:50,400][src.modRNN.training.common][INFO] - 	 Starting Epoch: 966
[2026-05-01 20:33:50,726][src.modRNN.training.common][INFO] - train epoch 966 MSE 0.0030 nMSE 0.0256
[2026-05-01 20:33:50,727][src.modRNN.training.common][INFO] - 	 Starting Epoch: 967
[2026-05-01 20:33:51,052][src.modRNN.training.common][INFO] - train epoch 967 MSE 0.0035 nMSE 0.0301
[2026-05-01 20:33:51,053][src.modRNN.training.common][INFO] - 	 Starting Epoch: 968
[2026-05-01 20:33:51,379][src.modRNN.training.common][INFO] - train epoch 968 MSE 0.0030 nMSE 0.0262
[2026-05-01 20:33:51,380][src.modRNN.training.common][INFO] - 	 Starting Epoch: 969
[2026-05-01 20:33:51,705][src.modRNN.training.common][INFO] - train epoch 969 MSE 0.0024 nMSE 0.0211
[2026-05-01 20:33:51,706][src.modRNN.training.common][INFO] - 	 Starting Epoch: 970
[2026-05-01 20:33:52,032][src.modRNN.training.common][INFO] - train epoch 970 MSE 0.0027 nMSE 0.0232
[2026-05-01 20:33:52,033][src.modRNN.training.common][INFO] - 	 Starting Epoch: 971
[2026-05-01 20:33:52,358][src.modRNN.training.common][INFO] - train epoch 971 MSE 0.0035 nMSE 0.0297
[2026-05-01 20:33:52,359][src.modRNN.training.common][INFO] - 	 Starting Epoch: 972
[2026-05-01 20:33:52,685][src.modRNN.training.common][INFO] - train epoch 972 MSE 0.0028 nMSE 0.0237
[2026-05-01 20:33:52,686][src.modRNN.training.common][INFO] - 	 Starting Epoch: 973
[2026-05-01 20:33:53,011][src.modRNN.training.common][INFO] - train epoch 973 MSE 0.0033 nMSE 0.0281
[2026-05-01 20:33:53,012][src.modRNN.training.common][INFO] - 	 Starting Epoch: 974
[2026-05-01 20:33:53,339][src.modRNN.training.common][INFO] - train epoch 974 MSE 0.0024 nMSE 0.0211
[2026-05-01 20:33:53,339][src.modRNN.training.common][INFO] - 	 Starting Epoch: 975
[2026-05-01 20:33:53,665][src.modRNN.training.common][INFO] - train epoch 975 MSE 0.0034 nMSE 0.0292
[2026-05-01 20:33:53,665][src.modRNN.training.common][INFO] - 	 Starting Epoch: 976
[2026-05-01 20:33:53,991][src.modRNN.training.common][INFO] - train epoch 976 MSE 0.0024 nMSE 0.0206
[2026-05-01 20:33:54,040][src.modRNN.training.common][INFO] - eval  epoch 976 MSE 0.0038 nMSE 0.0328
[2026-05-01 20:33:54,041][src.modRNN.training.common][INFO] - 	 Starting Epoch: 977
[2026-05-01 20:33:54,366][src.modRNN.training.common][INFO] - train epoch 977 MSE 0.0038 nMSE 0.0328
[2026-05-01 20:33:54,367][src.modRNN.training.common][INFO] - 	 Starting Epoch: 978
[2026-05-01 20:33:54,694][src.modRNN.training.common][INFO] - train epoch 978 MSE 0.0025 nMSE 0.0219
[2026-05-01 20:33:54,694][src.modRNN.training.common][INFO] - 	 Starting Epoch: 979
[2026-05-01 20:33:55,020][src.modRNN.training.common][INFO] - train epoch 979 MSE 0.0042 nMSE 0.0364
[2026-05-01 20:33:55,021][src.modRNN.training.common][INFO] - 	 Starting Epoch: 980
[2026-05-01 20:33:55,348][src.modRNN.training.common][INFO] - train epoch 980 MSE 0.0032 nMSE 0.0273
[2026-05-01 20:33:55,349][src.modRNN.training.common][INFO] - 	 Starting Epoch: 981
[2026-05-01 20:33:55,674][src.modRNN.training.common][INFO] - train epoch 981 MSE 0.0030 nMSE 0.0261
[2026-05-01 20:33:55,675][src.modRNN.training.common][INFO] - 	 Starting Epoch: 982
[2026-05-01 20:33:56,002][src.modRNN.training.common][INFO] - train epoch 982 MSE 0.0024 nMSE 0.0210
[2026-05-01 20:33:56,002][src.modRNN.training.common][INFO] - 	 Starting Epoch: 983
[2026-05-01 20:33:56,329][src.modRNN.training.common][INFO] - train epoch 983 MSE 0.0031 nMSE 0.0270
[2026-05-01 20:33:56,329][src.modRNN.training.common][INFO] - 	 Starting Epoch: 984
[2026-05-01 20:33:56,656][src.modRNN.training.common][INFO] - train epoch 984 MSE 0.0034 nMSE 0.0294
[2026-05-01 20:33:56,657][src.modRNN.training.common][INFO] - 	 Starting Epoch: 985
[2026-05-01 20:33:56,982][src.modRNN.training.common][INFO] - train epoch 985 MSE 0.0028 nMSE 0.0237
[2026-05-01 20:33:56,983][src.modRNN.training.common][INFO] - 	 Starting Epoch: 986
[2026-05-01 20:33:57,310][src.modRNN.training.common][INFO] - train epoch 986 MSE 0.0028 nMSE 0.0240
[2026-05-01 20:33:57,311][src.modRNN.training.common][INFO] - 	 Starting Epoch: 987
[2026-05-01 20:33:57,636][src.modRNN.training.common][INFO] - train epoch 987 MSE 0.0024 nMSE 0.0209
[2026-05-01 20:33:57,637][src.modRNN.training.common][INFO] - 	 Starting Epoch: 988
[2026-05-01 20:33:57,964][src.modRNN.training.common][INFO] - train epoch 988 MSE 0.0023 nMSE 0.0201
[2026-05-01 20:33:57,965][src.modRNN.training.common][INFO] - 	 Starting Epoch: 989
[2026-05-01 20:33:58,291][src.modRNN.training.common][INFO] - train epoch 989 MSE 0.0027 nMSE 0.0230
[2026-05-01 20:33:58,291][src.modRNN.training.common][INFO] - 	 Starting Epoch: 990
[2026-05-01 20:33:58,618][src.modRNN.training.common][INFO] - train epoch 990 MSE 0.0024 nMSE 0.0202
[2026-05-01 20:33:58,619][src.modRNN.training.common][INFO] - 	 Starting Epoch: 991
[2026-05-01 20:33:58,944][src.modRNN.training.common][INFO] - train epoch 991 MSE 0.0024 nMSE 0.0204
[2026-05-01 20:33:58,945][src.modRNN.training.common][INFO] - 	 Starting Epoch: 992
[2026-05-01 20:33:59,272][src.modRNN.training.common][INFO] - train epoch 992 MSE 0.0034 nMSE 0.0294
[2026-05-01 20:33:59,273][src.modRNN.training.common][INFO] - 	 Starting Epoch: 993
[2026-05-01 20:33:59,599][src.modRNN.training.common][INFO] - train epoch 993 MSE 0.0029 nMSE 0.0251
[2026-05-01 20:33:59,600][src.modRNN.training.common][INFO] - 	 Starting Epoch: 994
[2026-05-01 20:33:59,926][src.modRNN.training.common][INFO] - train epoch 994 MSE 0.0031 nMSE 0.0268
[2026-05-01 20:33:59,927][src.modRNN.training.common][INFO] - 	 Starting Epoch: 995
[2026-05-01 20:34:00,252][src.modRNN.training.common][INFO] - train epoch 995 MSE 0.0028 nMSE 0.0237
[2026-05-01 20:34:00,253][src.modRNN.training.common][INFO] - 	 Starting Epoch: 996
[2026-05-01 20:34:00,580][src.modRNN.training.common][INFO] - train epoch 996 MSE 0.0026 nMSE 0.0220
[2026-05-01 20:34:00,581][src.modRNN.training.common][INFO] - 	 Starting Epoch: 997
[2026-05-01 20:34:00,908][src.modRNN.training.common][INFO] - train epoch 997 MSE 0.0025 nMSE 0.0213
[2026-05-01 20:34:00,909][src.modRNN.training.common][INFO] - 	 Starting Epoch: 998
[2026-05-01 20:34:01,236][src.modRNN.training.common][INFO] - train epoch 998 MSE 0.0032 nMSE 0.0279
[2026-05-01 20:34:01,236][src.modRNN.training.common][INFO] - 	 Starting Epoch: 999
[2026-05-01 20:34:01,564][src.modRNN.training.common][INFO] - train epoch 999 MSE 0.0023 nMSE 0.0198
[2026-05-01 20:34:01,565][src.modRNN.training.common][INFO] - 	 Starting Epoch: 1000
[2026-05-01 20:34:01,892][src.modRNN.training.common][INFO] - train epoch 1000 MSE 0.0022 nMSE 0.0189
[2026-05-01 20:34:01,893][src.modRNN.training.common][INFO] - 	 Starting Epoch: 1001
[2026-05-01 20:34:02,221][src.modRNN.training.common][INFO] - train epoch 1001 MSE 0.0024 nMSE 0.0205
[2026-05-01 20:34:02,272][src.modRNN.training.common][INFO] - eval  epoch 1001 MSE 0.0028 nMSE 0.0244
[2026-05-01 20:34:02,272][src.modRNN.training.common][INFO] - 	 Starting Epoch: 1002
[2026-05-01 20:34:02,603][src.modRNN.training.common][INFO] - train epoch 1002 MSE 0.0028 nMSE 0.0244
[2026-05-01 20:34:02,604][src.modRNN.training.common][INFO] - 	 Starting Epoch: 1003
[2026-05-01 20:34:02,932][src.modRNN.training.common][INFO] - train epoch 1003 MSE 0.0024 nMSE 0.0211
[2026-05-01 20:34:02,933][src.modRNN.training.common][INFO] - 	 Starting Epoch: 1004
[2026-05-01 20:34:03,263][src.modRNN.training.common][INFO] - train epoch 1004 MSE 0.0027 nMSE 0.0233
[2026-05-01 20:34:03,264][src.modRNN.training.common][INFO] - 	 Starting Epoch: 1005
[2026-05-01 20:34:03,592][src.modRNN.training.common][INFO] - train epoch 1005 MSE 0.0026 nMSE 0.0221
[2026-05-01 20:34:03,593][src.modRNN.training.common][INFO] - 	 Starting Epoch: 1006
[2026-05-01 20:34:03,923][src.modRNN.training.common][INFO] - train epoch 1006 MSE 0.0028 nMSE 0.0240
[2026-05-01 20:34:03,924][src.modRNN.training.common][INFO] - 	 Starting Epoch: 1007
[2026-05-01 20:34:04,253][src.modRNN.training.common][INFO] - train epoch 1007 MSE 0.0053 nMSE 0.0457
[2026-05-01 20:34:04,253][src.modRNN.training.common][INFO] - 	 Starting Epoch: 1008
[2026-05-01 20:34:04,584][src.modRNN.training.common][INFO] - train epoch 1008 MSE 0.0028 nMSE 0.0241
[2026-05-01 20:34:04,585][src.modRNN.training.common][INFO] - 	 Starting Epoch: 1009
[2026-05-01 20:34:04,913][src.modRNN.training.common][INFO] - train epoch 1009 MSE 0.0028 nMSE 0.0241
[2026-05-01 20:34:04,914][src.modRNN.training.common][INFO] - 	 Starting Epoch: 1010
[2026-05-01 20:34:05,244][src.modRNN.training.common][INFO] - train epoch 1010 MSE 0.0020 nMSE 0.0175
[2026-05-01 20:34:05,245][src.modRNN.training.common][INFO] - 	 Starting Epoch: 1011
[2026-05-01 20:34:05,573][src.modRNN.training.common][INFO] - train epoch 1011 MSE 0.0024 nMSE 0.0206
[2026-05-01 20:34:05,574][src.modRNN.training.common][INFO] - 	 Starting Epoch: 1012
[2026-05-01 20:34:05,904][src.modRNN.training.common][INFO] - train epoch 1012 MSE 0.0023 nMSE 0.0196
[2026-05-01 20:34:05,905][src.modRNN.training.common][INFO] - 	 Starting Epoch: 1013
[2026-05-01 20:34:06,234][src.modRNN.training.common][INFO] - train epoch 1013 MSE 0.0024 nMSE 0.0209
[2026-05-01 20:34:06,235][src.modRNN.training.common][INFO] - 	 Starting Epoch: 1014
[2026-05-01 20:34:06,565][src.modRNN.training.common][INFO] - train epoch 1014 MSE 0.0026 nMSE 0.0227
[2026-05-01 20:34:06,566][src.modRNN.training.common][INFO] - 	 Starting Epoch: 1015
[2026-05-01 20:34:06,895][src.modRNN.training.common][INFO] - train epoch 1015 MSE 0.0020 nMSE 0.0175
[2026-05-01 20:34:06,896][src.modRNN.training.common][INFO] - 	 Starting Epoch: 1016
[2026-05-01 20:34:07,225][src.modRNN.training.common][INFO] - train epoch 1016 MSE 0.0026 nMSE 0.0228
[2026-05-01 20:34:07,226][src.modRNN.training.common][INFO] - 	 Starting Epoch: 1017
[2026-05-01 20:34:07,555][src.modRNN.training.common][INFO] - train epoch 1017 MSE 0.0024 nMSE 0.0207
[2026-05-01 20:34:07,556][src.modRNN.training.common][INFO] - 	 Starting Epoch: 1018
[2026-05-01 20:34:07,885][src.modRNN.training.common][INFO] - train epoch 1018 MSE 0.0032 nMSE 0.0278
[2026-05-01 20:34:07,886][src.modRNN.training.common][INFO] - 	 Starting Epoch: 1019
[2026-05-01 20:34:08,215][src.modRNN.training.common][INFO] - train epoch 1019 MSE 0.0023 nMSE 0.0201
[2026-05-01 20:34:08,216][src.modRNN.training.common][INFO] - 	 Starting Epoch: 1020
[2026-05-01 20:34:08,546][src.modRNN.training.common][INFO] - train epoch 1020 MSE 0.0029 nMSE 0.0248
[2026-05-01 20:34:08,547][src.modRNN.training.common][INFO] - 	 Starting Epoch: 1021
[2026-05-01 20:34:08,875][src.modRNN.training.common][INFO] - train epoch 1021 MSE 0.0036 nMSE 0.0311
[2026-05-01 20:34:08,876][src.modRNN.training.common][INFO] - 	 Starting Epoch: 1022
[2026-05-01 20:34:09,206][src.modRNN.training.common][INFO] - train epoch 1022 MSE 0.0029 nMSE 0.0250
[2026-05-01 20:34:09,207][src.modRNN.training.common][INFO] - 	 Starting Epoch: 1023
[2026-05-01 20:34:09,536][src.modRNN.training.common][INFO] - train epoch 1023 MSE 0.0025 nMSE 0.0215
[2026-05-01 20:34:09,537][src.modRNN.training.common][INFO] - 	 Starting Epoch: 1024
[2026-05-01 20:34:09,866][src.modRNN.training.common][INFO] - train epoch 1024 MSE 0.0033 nMSE 0.0287
[2026-05-01 20:34:09,867][src.modRNN.training.common][INFO] - 	 Starting Epoch: 1025
[2026-05-01 20:34:10,196][src.modRNN.training.common][INFO] - train epoch 1025 MSE 0.0024 nMSE 0.0203
[2026-05-01 20:34:10,197][src.modRNN.training.common][INFO] - 	 Starting Epoch: 1026
[2026-05-01 20:34:10,527][src.modRNN.training.common][INFO] - train epoch 1026 MSE 0.0027 nMSE 0.0234
[2026-05-01 20:34:10,577][src.modRNN.training.common][INFO] - eval  epoch 1026 MSE 0.0025 nMSE 0.0216
[2026-05-01 20:34:10,578][src.modRNN.training.common][INFO] - 	 Starting Epoch: 1027
[2026-05-01 20:34:10,909][src.modRNN.training.common][INFO] - train epoch 1027 MSE 0.0025 nMSE 0.0216
[2026-05-01 20:34:10,910][src.modRNN.training.common][INFO] - 	 Starting Epoch: 1028
[2026-05-01 20:34:11,240][src.modRNN.training.common][INFO] - train epoch 1028 MSE 0.0038 nMSE 0.0324
[2026-05-01 20:34:11,241][src.modRNN.training.common][INFO] - 	 Starting Epoch: 1029
[2026-05-01 20:34:11,570][src.modRNN.training.common][INFO] - train epoch 1029 MSE 0.0034 nMSE 0.0296
[2026-05-01 20:34:11,571][src.modRNN.training.common][INFO] - 	 Starting Epoch: 1030
[2026-05-01 20:34:11,901][src.modRNN.training.common][INFO] - train epoch 1030 MSE 0.0041 nMSE 0.0357
[2026-05-01 20:34:11,902][src.modRNN.training.common][INFO] - 	 Starting Epoch: 1031
[2026-05-01 20:34:12,232][src.modRNN.training.common][INFO] - train epoch 1031 MSE 0.0020 nMSE 0.0175
[2026-05-01 20:34:12,233][src.modRNN.training.common][INFO] - 	 Starting Epoch: 1032
[2026-05-01 20:34:12,562][src.modRNN.training.common][INFO] - train epoch 1032 MSE 0.0042 nMSE 0.0363
[2026-05-01 20:34:12,563][src.modRNN.training.common][INFO] - 	 Starting Epoch: 1033
[2026-05-01 20:34:12,893][src.modRNN.training.common][INFO] - train epoch 1033 MSE 0.0030 nMSE 0.0261
[2026-05-01 20:34:12,894][src.modRNN.training.common][INFO] - 	 Starting Epoch: 1034
[2026-05-01 20:34:13,225][src.modRNN.training.common][INFO] - train epoch 1034 MSE 0.0036 nMSE 0.0308
[2026-05-01 20:34:13,226][src.modRNN.training.common][INFO] - 	 Starting Epoch: 1035
[2026-05-01 20:34:13,555][src.modRNN.training.common][INFO] - train epoch 1035 MSE 0.0026 nMSE 0.0221
[2026-05-01 20:34:13,556][src.modRNN.training.common][INFO] - 	 Starting Epoch: 1036
[2026-05-01 20:34:13,886][src.modRNN.training.common][INFO] - train epoch 1036 MSE 0.0024 nMSE 0.0206
[2026-05-01 20:34:13,887][src.modRNN.training.common][INFO] - 	 Starting Epoch: 1037
[2026-05-01 20:34:14,217][src.modRNN.training.common][INFO] - train epoch 1037 MSE 0.0030 nMSE 0.0260
[2026-05-01 20:34:14,218][src.modRNN.training.common][INFO] - 	 Starting Epoch: 1038
[2026-05-01 20:34:14,547][src.modRNN.training.common][INFO] - train epoch 1038 MSE 0.0025 nMSE 0.0212
[2026-05-01 20:34:14,548][src.modRNN.training.common][INFO] - 	 Starting Epoch: 1039
[2026-05-01 20:34:14,878][src.modRNN.training.common][INFO] - train epoch 1039 MSE 0.0032 nMSE 0.0276
[2026-05-01 20:34:14,879][src.modRNN.training.common][INFO] - 	 Starting Epoch: 1040
[2026-05-01 20:34:15,209][src.modRNN.training.common][INFO] - train epoch 1040 MSE 0.0029 nMSE 0.0246
[2026-05-01 20:34:15,210][src.modRNN.training.common][INFO] - 	 Starting Epoch: 1041
[2026-05-01 20:34:15,540][src.modRNN.training.common][INFO] - train epoch 1041 MSE 0.0029 nMSE 0.0252
[2026-05-01 20:34:15,541][src.modRNN.training.common][INFO] - 	 Starting Epoch: 1042
[2026-05-01 20:34:15,871][src.modRNN.training.common][INFO] - train epoch 1042 MSE 0.0032 nMSE 0.0279
[2026-05-01 20:34:15,872][src.modRNN.training.common][INFO] - 	 Starting Epoch: 1043
[2026-05-01 20:34:16,202][src.modRNN.training.common][INFO] - train epoch 1043 MSE 0.0032 nMSE 0.0275
[2026-05-01 20:34:16,203][src.modRNN.training.common][INFO] - 	 Starting Epoch: 1044
[2026-05-01 20:34:16,534][src.modRNN.training.common][INFO] - train epoch 1044 MSE 0.0031 nMSE 0.0265
[2026-05-01 20:34:16,534][src.modRNN.training.common][INFO] - 	 Starting Epoch: 1045
[2026-05-01 20:34:16,864][src.modRNN.training.common][INFO] - train epoch 1045 MSE 0.0034 nMSE 0.0295
[2026-05-01 20:34:16,865][src.modRNN.training.common][INFO] - 	 Starting Epoch: 1046
[2026-05-01 20:34:17,196][src.modRNN.training.common][INFO] - train epoch 1046 MSE 0.0027 nMSE 0.0235
[2026-05-01 20:34:17,196][src.modRNN.training.common][INFO] - 	 Starting Epoch: 1047
[2026-05-01 20:34:17,526][src.modRNN.training.common][INFO] - train epoch 1047 MSE 0.0032 nMSE 0.0272
[2026-05-01 20:34:17,527][src.modRNN.training.common][INFO] - 	 Starting Epoch: 1048
[2026-05-01 20:34:17,857][src.modRNN.training.common][INFO] - train epoch 1048 MSE 0.0032 nMSE 0.0278
[2026-05-01 20:34:17,858][src.modRNN.training.common][INFO] - 	 Starting Epoch: 1049
[2026-05-01 20:34:18,188][src.modRNN.training.common][INFO] - train epoch 1049 MSE 0.0024 nMSE 0.0203
[2026-05-01 20:34:18,189][src.modRNN.training.common][INFO] - 	 Starting Epoch: 1050
[2026-05-01 20:34:18,520][src.modRNN.training.common][INFO] - train epoch 1050 MSE 0.0030 nMSE 0.0259
[2026-05-01 20:34:18,521][src.modRNN.training.common][INFO] - 	 Starting Epoch: 1051
[2026-05-01 20:34:18,850][src.modRNN.training.common][INFO] - train epoch 1051 MSE 0.0028 nMSE 0.0238
[2026-05-01 20:34:18,901][src.modRNN.training.common][INFO] - eval  epoch 1051 MSE 0.0023 nMSE 0.0201
[2026-05-01 20:34:18,901][src.modRNN.training.common][INFO] - 	 Starting Epoch: 1052
[2026-05-01 20:34:19,233][src.modRNN.training.common][INFO] - train epoch 1052 MSE 0.0023 nMSE 0.0201
[2026-05-01 20:34:19,234][src.modRNN.training.common][INFO] - 	 Starting Epoch: 1053
[2026-05-01 20:34:19,564][src.modRNN.training.common][INFO] - train epoch 1053 MSE 0.0031 nMSE 0.0270
[2026-05-01 20:34:19,564][src.modRNN.training.common][INFO] - 	 Starting Epoch: 1054
[2026-05-01 20:34:19,894][src.modRNN.training.common][INFO] - train epoch 1054 MSE 0.0027 nMSE 0.0234
[2026-05-01 20:34:19,894][src.modRNN.training.common][INFO] - 	 Starting Epoch: 1055
[2026-05-01 20:34:20,224][src.modRNN.training.common][INFO] - train epoch 1055 MSE 0.0032 nMSE 0.0272
[2026-05-01 20:34:20,225][src.modRNN.training.common][INFO] - 	 Starting Epoch: 1056
[2026-05-01 20:34:20,554][src.modRNN.training.common][INFO] - train epoch 1056 MSE 0.0023 nMSE 0.0201
[2026-05-01 20:34:20,555][src.modRNN.training.common][INFO] - 	 Starting Epoch: 1057
[2026-05-01 20:34:20,884][src.modRNN.training.common][INFO] - train epoch 1057 MSE 0.0027 nMSE 0.0228
[2026-05-01 20:34:20,885][src.modRNN.training.common][INFO] - 	 Starting Epoch: 1058
[2026-05-01 20:34:21,214][src.modRNN.training.common][INFO] - train epoch 1058 MSE 0.0029 nMSE 0.0248
[2026-05-01 20:34:21,215][src.modRNN.training.common][INFO] - 	 Starting Epoch: 1059
[2026-05-01 20:34:21,544][src.modRNN.training.common][INFO] - train epoch 1059 MSE 0.0032 nMSE 0.0277
[2026-05-01 20:34:21,545][src.modRNN.training.common][INFO] - 	 Starting Epoch: 1060
[2026-05-01 20:34:21,875][src.modRNN.training.common][INFO] - train epoch 1060 MSE 0.0034 nMSE 0.0292
[2026-05-01 20:34:21,876][src.modRNN.training.common][INFO] - 	 Starting Epoch: 1061
[2026-05-01 20:34:22,204][src.modRNN.training.common][INFO] - train epoch 1061 MSE 0.0028 nMSE 0.0242
[2026-05-01 20:34:22,205][src.modRNN.training.common][INFO] - 	 Starting Epoch: 1062
[2026-05-01 20:34:22,535][src.modRNN.training.common][INFO] - train epoch 1062 MSE 0.0022 nMSE 0.0191
[2026-05-01 20:34:22,536][src.modRNN.training.common][INFO] - 	 Starting Epoch: 1063
[2026-05-01 20:34:22,865][src.modRNN.training.common][INFO] - train epoch 1063 MSE 0.0042 nMSE 0.0358
[2026-05-01 20:34:22,866][src.modRNN.training.common][INFO] - 	 Starting Epoch: 1064
[2026-05-01 20:34:23,195][src.modRNN.training.common][INFO] - train epoch 1064 MSE 0.0024 nMSE 0.0204
[2026-05-01 20:34:23,196][src.modRNN.training.common][INFO] - 	 Starting Epoch: 1065
[2026-05-01 20:34:23,526][src.modRNN.training.common][INFO] - train epoch 1065 MSE 0.0024 nMSE 0.0208
[2026-05-01 20:34:23,527][src.modRNN.training.common][INFO] - 	 Starting Epoch: 1066
[2026-05-01 20:34:23,856][src.modRNN.training.common][INFO] - train epoch 1066 MSE 0.0031 nMSE 0.0265
[2026-05-01 20:34:23,857][src.modRNN.training.common][INFO] - 	 Starting Epoch: 1067
[2026-05-01 20:34:24,186][src.modRNN.training.common][INFO] - train epoch 1067 MSE 0.0024 nMSE 0.0207
[2026-05-01 20:34:24,187][src.modRNN.training.common][INFO] - 	 Starting Epoch: 1068
[2026-05-01 20:34:24,518][src.modRNN.training.common][INFO] - train epoch 1068 MSE 0.0027 nMSE 0.0230
[2026-05-01 20:34:24,518][src.modRNN.training.common][INFO] - 	 Starting Epoch: 1069
[2026-05-01 20:34:24,848][src.modRNN.training.common][INFO] - train epoch 1069 MSE 0.0036 nMSE 0.0307
[2026-05-01 20:34:24,848][src.modRNN.training.common][INFO] - 	 Starting Epoch: 1070
[2026-05-01 20:34:25,178][src.modRNN.training.common][INFO] - train epoch 1070 MSE 0.0033 nMSE 0.0286
[2026-05-01 20:34:25,179][src.modRNN.training.common][INFO] - 	 Starting Epoch: 1071
[2026-05-01 20:34:25,509][src.modRNN.training.common][INFO] - train epoch 1071 MSE 0.0026 nMSE 0.0220
[2026-05-01 20:34:25,510][src.modRNN.training.common][INFO] - 	 Starting Epoch: 1072
[2026-05-01 20:34:25,840][src.modRNN.training.common][INFO] - train epoch 1072 MSE 0.0029 nMSE 0.0248
[2026-05-01 20:34:25,841][src.modRNN.training.common][INFO] - 	 Starting Epoch: 1073
[2026-05-01 20:34:26,170][src.modRNN.training.common][INFO] - train epoch 1073 MSE 0.0024 nMSE 0.0204
[2026-05-01 20:34:26,171][src.modRNN.training.common][INFO] - 	 Starting Epoch: 1074
[2026-05-01 20:34:26,501][src.modRNN.training.common][INFO] - train epoch 1074 MSE 0.0029 nMSE 0.0248
[2026-05-01 20:34:26,502][src.modRNN.training.common][INFO] - 	 Starting Epoch: 1075
[2026-05-01 20:34:26,831][src.modRNN.training.common][INFO] - train epoch 1075 MSE 0.0021 nMSE 0.0183
[2026-05-01 20:34:26,832][src.modRNN.training.common][INFO] - 	 Starting Epoch: 1076
[2026-05-01 20:34:27,162][src.modRNN.training.common][INFO] - train epoch 1076 MSE 0.0024 nMSE 0.0209
[2026-05-01 20:34:27,213][src.modRNN.training.common][INFO] - eval  epoch 1076 MSE 0.0025 nMSE 0.0213
[2026-05-01 20:34:27,213][src.modRNN.training.common][INFO] - 	 Starting Epoch: 1077
[2026-05-01 20:34:27,545][src.modRNN.training.common][INFO] - train epoch 1077 MSE 0.0025 nMSE 0.0213
[2026-05-01 20:34:27,546][src.modRNN.training.common][INFO] - 	 Starting Epoch: 1078
[2026-05-01 20:34:27,876][src.modRNN.training.common][INFO] - train epoch 1078 MSE 0.0024 nMSE 0.0207
[2026-05-01 20:34:27,877][src.modRNN.training.common][INFO] - 	 Starting Epoch: 1079
[2026-05-01 20:34:28,207][src.modRNN.training.common][INFO] - train epoch 1079 MSE 0.0022 nMSE 0.0187
[2026-05-01 20:34:28,207][src.modRNN.training.common][INFO] - 	 Starting Epoch: 1080
[2026-05-01 20:34:28,538][src.modRNN.training.common][INFO] - train epoch 1080 MSE 0.0035 nMSE 0.0303
[2026-05-01 20:34:28,539][src.modRNN.training.common][INFO] - 	 Starting Epoch: 1081
[2026-05-01 20:34:28,869][src.modRNN.training.common][INFO] - train epoch 1081 MSE 0.0024 nMSE 0.0209
[2026-05-01 20:34:28,870][src.modRNN.training.common][INFO] - 	 Starting Epoch: 1082
[2026-05-01 20:34:29,200][src.modRNN.training.common][INFO] - train epoch 1082 MSE 0.0025 nMSE 0.0215
[2026-05-01 20:34:29,201][src.modRNN.training.common][INFO] - 	 Starting Epoch: 1083
[2026-05-01 20:34:29,531][src.modRNN.training.common][INFO] - train epoch 1083 MSE 0.0026 nMSE 0.0228
[2026-05-01 20:34:29,532][src.modRNN.training.common][INFO] - 	 Starting Epoch: 1084
[2026-05-01 20:34:29,863][src.modRNN.training.common][INFO] - train epoch 1084 MSE 0.0026 nMSE 0.0224
[2026-05-01 20:34:29,864][src.modRNN.training.common][INFO] - 	 Starting Epoch: 1085
[2026-05-01 20:34:30,193][src.modRNN.training.common][INFO] - train epoch 1085 MSE 0.0031 nMSE 0.0263
[2026-05-01 20:34:30,194][src.modRNN.training.common][INFO] - 	 Starting Epoch: 1086
[2026-05-01 20:34:30,524][src.modRNN.training.common][INFO] - train epoch 1086 MSE 0.0028 nMSE 0.0237
[2026-05-01 20:34:30,525][src.modRNN.training.common][INFO] - 	 Starting Epoch: 1087
[2026-05-01 20:34:30,855][src.modRNN.training.common][INFO] - train epoch 1087 MSE 0.0034 nMSE 0.0292
[2026-05-01 20:34:30,856][src.modRNN.training.common][INFO] - 	 Starting Epoch: 1088
[2026-05-01 20:34:31,186][src.modRNN.training.common][INFO] - train epoch 1088 MSE 0.0029 nMSE 0.0250
[2026-05-01 20:34:31,187][src.modRNN.training.common][INFO] - 	 Starting Epoch: 1089
[2026-05-01 20:34:31,513][src.modRNN.training.common][INFO] - train epoch 1089 MSE 0.0024 nMSE 0.0205
[2026-05-01 20:34:31,514][src.modRNN.training.common][INFO] - 	 Starting Epoch: 1090
[2026-05-01 20:34:31,841][src.modRNN.training.common][INFO] - train epoch 1090 MSE 0.0022 nMSE 0.0186
[2026-05-01 20:34:31,842][src.modRNN.training.common][INFO] - 	 Starting Epoch: 1091
[2026-05-01 20:34:32,170][src.modRNN.training.common][INFO] - train epoch 1091 MSE 0.0029 nMSE 0.0250
[2026-05-01 20:34:32,171][src.modRNN.training.common][INFO] - 	 Starting Epoch: 1092
[2026-05-01 20:34:32,498][src.modRNN.training.common][INFO] - train epoch 1092 MSE 0.0023 nMSE 0.0195
[2026-05-01 20:34:32,499][src.modRNN.training.common][INFO] - 	 Starting Epoch: 1093
[2026-05-01 20:34:32,825][src.modRNN.training.common][INFO] - train epoch 1093 MSE 0.0025 nMSE 0.0219
[2026-05-01 20:34:32,826][src.modRNN.training.common][INFO] - 	 Starting Epoch: 1094
[2026-05-01 20:34:33,153][src.modRNN.training.common][INFO] - train epoch 1094 MSE 0.0023 nMSE 0.0197
[2026-05-01 20:34:33,154][src.modRNN.training.common][INFO] - 	 Starting Epoch: 1095
[2026-05-01 20:34:33,480][src.modRNN.training.common][INFO] - train epoch 1095 MSE 0.0024 nMSE 0.0206
[2026-05-01 20:34:33,481][src.modRNN.training.common][INFO] - 	 Starting Epoch: 1096
[2026-05-01 20:34:33,808][src.modRNN.training.common][INFO] - train epoch 1096 MSE 0.0027 nMSE 0.0234
[2026-05-01 20:34:33,809][src.modRNN.training.common][INFO] - 	 Starting Epoch: 1097
[2026-05-01 20:34:34,136][src.modRNN.training.common][INFO] - train epoch 1097 MSE 0.0022 nMSE 0.0193
[2026-05-01 20:34:34,137][src.modRNN.training.common][INFO] - 	 Starting Epoch: 1098
[2026-05-01 20:34:34,465][src.modRNN.training.common][INFO] - train epoch 1098 MSE 0.0025 nMSE 0.0217
[2026-05-01 20:34:34,466][src.modRNN.training.common][INFO] - 	 Starting Epoch: 1099
[2026-05-01 20:34:34,793][src.modRNN.training.common][INFO] - train epoch 1099 MSE 0.0022 nMSE 0.0193
[2026-05-01 20:34:34,794][src.modRNN.training.common][INFO] - 	 Starting Epoch: 1100
[2026-05-01 20:34:35,122][src.modRNN.training.common][INFO] - train epoch 1100 MSE 0.0026 nMSE 0.0225
[2026-05-01 20:34:35,122][src.modRNN.training.common][INFO] - 	 Starting Epoch: 1101
[2026-05-01 20:34:35,449][src.modRNN.training.common][INFO] - train epoch 1101 MSE 0.0024 nMSE 0.0206
[2026-05-01 20:34:35,498][src.modRNN.training.common][INFO] - eval  epoch 1101 MSE 0.0027 nMSE 0.0229
[2026-05-01 20:34:35,499][src.modRNN.training.common][INFO] - 	 Starting Epoch: 1102
[2026-05-01 20:34:35,827][src.modRNN.training.common][INFO] - train epoch 1102 MSE 0.0027 nMSE 0.0229
[2026-05-01 20:34:35,828][src.modRNN.training.common][INFO] - 	 Starting Epoch: 1103
[2026-05-01 20:34:36,155][src.modRNN.training.common][INFO] - train epoch 1103 MSE 0.0024 nMSE 0.0208
[2026-05-01 20:34:36,156][src.modRNN.training.common][INFO] - 	 Starting Epoch: 1104
[2026-05-01 20:34:36,482][src.modRNN.training.common][INFO] - train epoch 1104 MSE 0.0029 nMSE 0.0247
[2026-05-01 20:34:36,483][src.modRNN.training.common][INFO] - 	 Starting Epoch: 1105
[2026-05-01 20:34:36,810][src.modRNN.training.common][INFO] - train epoch 1105 MSE 0.0024 nMSE 0.0207
[2026-05-01 20:34:36,810][src.modRNN.training.common][INFO] - 	 Starting Epoch: 1106
[2026-05-01 20:34:37,137][src.modRNN.training.common][INFO] - train epoch 1106 MSE 0.0026 nMSE 0.0226
[2026-05-01 20:34:37,138][src.modRNN.training.common][INFO] - 	 Starting Epoch: 1107
[2026-05-01 20:34:37,464][src.modRNN.training.common][INFO] - train epoch 1107 MSE 0.0027 nMSE 0.0235
[2026-05-01 20:34:37,465][src.modRNN.training.common][INFO] - 	 Starting Epoch: 1108
[2026-05-01 20:34:37,792][src.modRNN.training.common][INFO] - train epoch 1108 MSE 0.0027 nMSE 0.0231
[2026-05-01 20:34:37,793][src.modRNN.training.common][INFO] - 	 Starting Epoch: 1109
[2026-05-01 20:34:38,119][src.modRNN.training.common][INFO] - train epoch 1109 MSE 0.0025 nMSE 0.0219
[2026-05-01 20:34:38,120][src.modRNN.training.common][INFO] - 	 Starting Epoch: 1110
[2026-05-01 20:34:38,446][src.modRNN.training.common][INFO] - train epoch 1110 MSE 0.0020 nMSE 0.0172
[2026-05-01 20:34:38,447][src.modRNN.training.common][INFO] - 	 Starting Epoch: 1111
[2026-05-01 20:34:38,772][src.modRNN.training.common][INFO] - train epoch 1111 MSE 0.0028 nMSE 0.0241
[2026-05-01 20:34:38,773][src.modRNN.training.common][INFO] - 	 Starting Epoch: 1112
[2026-05-01 20:34:39,101][src.modRNN.training.common][INFO] - train epoch 1112 MSE 0.0029 nMSE 0.0251
[2026-05-01 20:34:39,102][src.modRNN.training.common][INFO] - 	 Starting Epoch: 1113
[2026-05-01 20:34:39,429][src.modRNN.training.common][INFO] - train epoch 1113 MSE 0.0028 nMSE 0.0242
[2026-05-01 20:34:39,430][src.modRNN.training.common][INFO] - 	 Starting Epoch: 1114
[2026-05-01 20:34:39,756][src.modRNN.training.common][INFO] - train epoch 1114 MSE 0.0028 nMSE 0.0242
[2026-05-01 20:34:39,757][src.modRNN.training.common][INFO] - 	 Starting Epoch: 1115
[2026-05-01 20:34:40,083][src.modRNN.training.common][INFO] - train epoch 1115 MSE 0.0024 nMSE 0.0210
[2026-05-01 20:34:40,084][src.modRNN.training.common][INFO] - 	 Starting Epoch: 1116
[2026-05-01 20:34:40,411][src.modRNN.training.common][INFO] - train epoch 1116 MSE 0.0035 nMSE 0.0298
[2026-05-01 20:34:40,412][src.modRNN.training.common][INFO] - 	 Starting Epoch: 1117
[2026-05-01 20:34:40,738][src.modRNN.training.common][INFO] - train epoch 1117 MSE 0.0025 nMSE 0.0214
[2026-05-01 20:34:40,739][src.modRNN.training.common][INFO] - 	 Starting Epoch: 1118
[2026-05-01 20:34:41,066][src.modRNN.training.common][INFO] - train epoch 1118 MSE 0.0023 nMSE 0.0196
[2026-05-01 20:34:41,067][src.modRNN.training.common][INFO] - 	 Starting Epoch: 1119
[2026-05-01 20:34:41,393][src.modRNN.training.common][INFO] - train epoch 1119 MSE 0.0032 nMSE 0.0273
[2026-05-01 20:34:41,394][src.modRNN.training.common][INFO] - 	 Starting Epoch: 1120
[2026-05-01 20:34:41,721][src.modRNN.training.common][INFO] - train epoch 1120 MSE 0.0037 nMSE 0.0318
[2026-05-01 20:34:41,722][src.modRNN.training.common][INFO] - 	 Starting Epoch: 1121
[2026-05-01 20:34:42,049][src.modRNN.training.common][INFO] - train epoch 1121 MSE 0.0023 nMSE 0.0196
[2026-05-01 20:34:42,050][src.modRNN.training.common][INFO] - 	 Starting Epoch: 1122
[2026-05-01 20:34:42,406][src.modRNN.training.common][INFO] - train epoch 1122 MSE 0.0025 nMSE 0.0211
[2026-05-01 20:34:42,407][src.modRNN.training.common][INFO] - 	 Starting Epoch: 1123
[2026-05-01 20:34:42,779][src.modRNN.training.common][INFO] - train epoch 1123 MSE 0.0028 nMSE 0.0238
[2026-05-01 20:34:42,780][src.modRNN.training.common][INFO] - 	 Starting Epoch: 1124
[2026-05-01 20:34:43,107][src.modRNN.training.common][INFO] - train epoch 1124 MSE 0.0034 nMSE 0.0292
[2026-05-01 20:34:43,107][src.modRNN.training.common][INFO] - 	 Starting Epoch: 1125
[2026-05-01 20:34:43,433][src.modRNN.training.common][INFO] - train epoch 1125 MSE 0.0029 nMSE 0.0247
[2026-05-01 20:34:43,434][src.modRNN.training.common][INFO] - 	 Starting Epoch: 1126
[2026-05-01 20:34:43,761][src.modRNN.training.common][INFO] - train epoch 1126 MSE 0.0020 nMSE 0.0176
[2026-05-01 20:34:43,810][src.modRNN.training.common][INFO] - eval  epoch 1126 MSE 0.0024 nMSE 0.0211
[2026-05-01 20:34:43,811][src.modRNN.training.common][INFO] - 	 Starting Epoch: 1127
[2026-05-01 20:34:44,139][src.modRNN.training.common][INFO] - train epoch 1127 MSE 0.0024 nMSE 0.0211
[2026-05-01 20:34:44,140][src.modRNN.training.common][INFO] - 	 Starting Epoch: 1128
[2026-05-01 20:34:44,468][src.modRNN.training.common][INFO] - train epoch 1128 MSE 0.0023 nMSE 0.0202
[2026-05-01 20:34:44,469][src.modRNN.training.common][INFO] - 	 Starting Epoch: 1129
[2026-05-01 20:34:44,795][src.modRNN.training.common][INFO] - train epoch 1129 MSE 0.0025 nMSE 0.0213
[2026-05-01 20:34:44,796][src.modRNN.training.common][INFO] - 	 Starting Epoch: 1130
[2026-05-01 20:34:45,123][src.modRNN.training.common][INFO] - train epoch 1130 MSE 0.0029 nMSE 0.0247
[2026-05-01 20:34:45,124][src.modRNN.training.common][INFO] - 	 Starting Epoch: 1131
[2026-05-01 20:34:45,450][src.modRNN.training.common][INFO] - train epoch 1131 MSE 0.0024 nMSE 0.0206
[2026-05-01 20:34:45,451][src.modRNN.training.common][INFO] - 	 Starting Epoch: 1132
[2026-05-01 20:34:45,779][src.modRNN.training.common][INFO] - train epoch 1132 MSE 0.0022 nMSE 0.0187
[2026-05-01 20:34:45,779][src.modRNN.training.common][INFO] - 	 Starting Epoch: 1133
[2026-05-01 20:34:46,107][src.modRNN.training.common][INFO] - train epoch 1133 MSE 0.0024 nMSE 0.0209
[2026-05-01 20:34:46,108][src.modRNN.training.common][INFO] - 	 Starting Epoch: 1134
[2026-05-01 20:34:46,436][src.modRNN.training.common][INFO] - train epoch 1134 MSE 0.0026 nMSE 0.0223
[2026-05-01 20:34:46,437][src.modRNN.training.common][INFO] - 	 Starting Epoch: 1135
[2026-05-01 20:34:46,764][src.modRNN.training.common][INFO] - train epoch 1135 MSE 0.0029 nMSE 0.0245
[2026-05-01 20:34:46,765][src.modRNN.training.common][INFO] - 	 Starting Epoch: 1136
[2026-05-01 20:34:47,092][src.modRNN.training.common][INFO] - train epoch 1136 MSE 0.0041 nMSE 0.0349
[2026-05-01 20:34:47,093][src.modRNN.training.common][INFO] - 	 Starting Epoch: 1137
[2026-05-01 20:34:47,420][src.modRNN.training.common][INFO] - train epoch 1137 MSE 0.0041 nMSE 0.0351
[2026-05-01 20:34:47,421][src.modRNN.training.common][INFO] - 	 Starting Epoch: 1138
[2026-05-01 20:34:47,749][src.modRNN.training.common][INFO] - train epoch 1138 MSE 0.0025 nMSE 0.0215
[2026-05-01 20:34:47,750][src.modRNN.training.common][INFO] - 	 Starting Epoch: 1139
[2026-05-01 20:34:48,077][src.modRNN.training.common][INFO] - train epoch 1139 MSE 0.0024 nMSE 0.0207
[2026-05-01 20:34:48,078][src.modRNN.training.common][INFO] - 	 Starting Epoch: 1140
[2026-05-01 20:34:48,406][src.modRNN.training.common][INFO] - train epoch 1140 MSE 0.0026 nMSE 0.0222
[2026-05-01 20:34:48,407][src.modRNN.training.common][INFO] - 	 Starting Epoch: 1141
[2026-05-01 20:34:48,734][src.modRNN.training.common][INFO] - train epoch 1141 MSE 0.0025 nMSE 0.0215
[2026-05-01 20:34:48,734][src.modRNN.training.common][INFO] - 	 Starting Epoch: 1142
[2026-05-01 20:34:49,063][src.modRNN.training.common][INFO] - train epoch 1142 MSE 0.0023 nMSE 0.0200
[2026-05-01 20:34:49,064][src.modRNN.training.common][INFO] - 	 Starting Epoch: 1143
[2026-05-01 20:34:49,391][src.modRNN.training.common][INFO] - train epoch 1143 MSE 0.0020 nMSE 0.0170
[2026-05-01 20:34:49,392][src.modRNN.training.common][INFO] - 	 Starting Epoch: 1144
[2026-05-01 20:34:49,719][src.modRNN.training.common][INFO] - train epoch 1144 MSE 0.0026 nMSE 0.0226
[2026-05-01 20:34:49,720][src.modRNN.training.common][INFO] - 	 Starting Epoch: 1145
[2026-05-01 20:34:50,047][src.modRNN.training.common][INFO] - train epoch 1145 MSE 0.0024 nMSE 0.0210
[2026-05-01 20:34:50,048][src.modRNN.training.common][INFO] - 	 Starting Epoch: 1146
[2026-05-01 20:34:50,375][src.modRNN.training.common][INFO] - train epoch 1146 MSE 0.0029 nMSE 0.0251
[2026-05-01 20:34:50,376][src.modRNN.training.common][INFO] - 	 Starting Epoch: 1147
[2026-05-01 20:34:50,702][src.modRNN.training.common][INFO] - train epoch 1147 MSE 0.0021 nMSE 0.0177
[2026-05-01 20:34:50,703][src.modRNN.training.common][INFO] - 	 Starting Epoch: 1148
[2026-05-01 20:34:51,030][src.modRNN.training.common][INFO] - train epoch 1148 MSE 0.0024 nMSE 0.0209
[2026-05-01 20:34:51,031][src.modRNN.training.common][INFO] - 	 Starting Epoch: 1149
[2026-05-01 20:34:51,358][src.modRNN.training.common][INFO] - train epoch 1149 MSE 0.0026 nMSE 0.0222
[2026-05-01 20:34:51,359][src.modRNN.training.common][INFO] - 	 Starting Epoch: 1150
[2026-05-01 20:34:51,686][src.modRNN.training.common][INFO] - train epoch 1150 MSE 0.0036 nMSE 0.0307
[2026-05-01 20:34:51,687][src.modRNN.training.common][INFO] - 	 Starting Epoch: 1151
[2026-05-01 20:34:52,014][src.modRNN.training.common][INFO] - train epoch 1151 MSE 0.0022 nMSE 0.0191
[2026-05-01 20:34:52,063][src.modRNN.training.common][INFO] - eval  epoch 1151 MSE 0.0022 nMSE 0.0189
[2026-05-01 20:34:52,064][src.modRNN.training.common][INFO] - 	 Starting Epoch: 1152
[2026-05-01 20:34:52,392][src.modRNN.training.common][INFO] - train epoch 1152 MSE 0.0022 nMSE 0.0189
[2026-05-01 20:34:52,393][src.modRNN.training.common][INFO] - 	 Starting Epoch: 1153
[2026-05-01 20:34:52,721][src.modRNN.training.common][INFO] - train epoch 1153 MSE 0.0023 nMSE 0.0202
[2026-05-01 20:34:52,722][src.modRNN.training.common][INFO] - 	 Starting Epoch: 1154
[2026-05-01 20:34:53,049][src.modRNN.training.common][INFO] - train epoch 1154 MSE 0.0028 nMSE 0.0244
[2026-05-01 20:34:53,050][src.modRNN.training.common][INFO] - 	 Starting Epoch: 1155
[2026-05-01 20:34:53,376][src.modRNN.training.common][INFO] - train epoch 1155 MSE 0.0022 nMSE 0.0193
[2026-05-01 20:34:53,377][src.modRNN.training.common][INFO] - 	 Starting Epoch: 1156
[2026-05-01 20:34:53,704][src.modRNN.training.common][INFO] - train epoch 1156 MSE 0.0022 nMSE 0.0185
[2026-05-01 20:34:53,705][src.modRNN.training.common][INFO] - 	 Starting Epoch: 1157
[2026-05-01 20:34:54,032][src.modRNN.training.common][INFO] - train epoch 1157 MSE 0.0029 nMSE 0.0248
[2026-05-01 20:34:54,032][src.modRNN.training.common][INFO] - 	 Starting Epoch: 1158
[2026-05-01 20:34:54,360][src.modRNN.training.common][INFO] - train epoch 1158 MSE 0.0022 nMSE 0.0186
[2026-05-01 20:34:54,361][src.modRNN.training.common][INFO] - 	 Starting Epoch: 1159
[2026-05-01 20:34:54,686][src.modRNN.training.common][INFO] - train epoch 1159 MSE 0.0030 nMSE 0.0257
[2026-05-01 20:34:54,687][src.modRNN.training.common][INFO] - 	 Starting Epoch: 1160
[2026-05-01 20:34:55,014][src.modRNN.training.common][INFO] - train epoch 1160 MSE 0.0027 nMSE 0.0233
[2026-05-01 20:34:55,015][src.modRNN.training.common][INFO] - 	 Starting Epoch: 1161
[2026-05-01 20:34:55,342][src.modRNN.training.common][INFO] - train epoch 1161 MSE 0.0031 nMSE 0.0265
[2026-05-01 20:34:55,343][src.modRNN.training.common][INFO] - 	 Starting Epoch: 1162
[2026-05-01 20:34:55,670][src.modRNN.training.common][INFO] - train epoch 1162 MSE 0.0022 nMSE 0.0191
[2026-05-01 20:34:55,671][src.modRNN.training.common][INFO] - 	 Starting Epoch: 1163
[2026-05-01 20:34:55,997][src.modRNN.training.common][INFO] - train epoch 1163 MSE 0.0023 nMSE 0.0195
[2026-05-01 20:34:55,998][src.modRNN.training.common][INFO] - 	 Starting Epoch: 1164
[2026-05-01 20:34:56,325][src.modRNN.training.common][INFO] - train epoch 1164 MSE 0.0027 nMSE 0.0234
[2026-05-01 20:34:56,326][src.modRNN.training.common][INFO] - 	 Starting Epoch: 1165
[2026-05-01 20:34:56,653][src.modRNN.training.common][INFO] - train epoch 1165 MSE 0.0020 nMSE 0.0175
[2026-05-01 20:34:56,653][src.modRNN.training.common][INFO] - 	 Starting Epoch: 1166
[2026-05-01 20:34:56,981][src.modRNN.training.common][INFO] - train epoch 1166 MSE 0.0027 nMSE 0.0230
[2026-05-01 20:34:56,982][src.modRNN.training.common][INFO] - 	 Starting Epoch: 1167
[2026-05-01 20:34:57,308][src.modRNN.training.common][INFO] - train epoch 1167 MSE 0.0027 nMSE 0.0230
[2026-05-01 20:34:57,309][src.modRNN.training.common][INFO] - 	 Starting Epoch: 1168
[2026-05-01 20:34:57,635][src.modRNN.training.common][INFO] - train epoch 1168 MSE 0.0021 nMSE 0.0183
[2026-05-01 20:34:57,636][src.modRNN.training.common][INFO] - 	 Starting Epoch: 1169
[2026-05-01 20:34:57,962][src.modRNN.training.common][INFO] - train epoch 1169 MSE 0.0029 nMSE 0.0252
[2026-05-01 20:34:57,963][src.modRNN.training.common][INFO] - 	 Starting Epoch: 1170
[2026-05-01 20:34:58,290][src.modRNN.training.common][INFO] - train epoch 1170 MSE 0.0024 nMSE 0.0209
[2026-05-01 20:34:58,290][src.modRNN.training.common][INFO] - 	 Starting Epoch: 1171
[2026-05-01 20:34:58,616][src.modRNN.training.common][INFO] - train epoch 1171 MSE 0.0037 nMSE 0.0321
[2026-05-01 20:34:58,617][src.modRNN.training.common][INFO] - 	 Starting Epoch: 1172
[2026-05-01 20:34:58,943][src.modRNN.training.common][INFO] - train epoch 1172 MSE 0.0025 nMSE 0.0215
[2026-05-01 20:34:58,944][src.modRNN.training.common][INFO] - 	 Starting Epoch: 1173
[2026-05-01 20:34:59,270][src.modRNN.training.common][INFO] - train epoch 1173 MSE 0.0036 nMSE 0.0313
[2026-05-01 20:34:59,270][src.modRNN.training.common][INFO] - 	 Starting Epoch: 1174
[2026-05-01 20:34:59,597][src.modRNN.training.common][INFO] - train epoch 1174 MSE 0.0029 nMSE 0.0251
[2026-05-01 20:34:59,598][src.modRNN.training.common][INFO] - 	 Starting Epoch: 1175
[2026-05-01 20:34:59,924][src.modRNN.training.common][INFO] - train epoch 1175 MSE 0.0026 nMSE 0.0225
[2026-05-01 20:34:59,925][src.modRNN.training.common][INFO] - 	 Starting Epoch: 1176
[2026-05-01 20:35:00,252][src.modRNN.training.common][INFO] - train epoch 1176 MSE 0.0025 nMSE 0.0217
[2026-05-01 20:35:00,301][src.modRNN.training.common][INFO] - eval  epoch 1176 MSE 0.0023 nMSE 0.0200
[2026-05-01 20:35:00,302][src.modRNN.training.common][INFO] - 	 Starting Epoch: 1177
[2026-05-01 20:35:00,630][src.modRNN.training.common][INFO] - train epoch 1177 MSE 0.0023 nMSE 0.0200
[2026-05-01 20:35:00,631][src.modRNN.training.common][INFO] - 	 Starting Epoch: 1178
[2026-05-01 20:35:00,960][src.modRNN.training.common][INFO] - train epoch 1178 MSE 0.0024 nMSE 0.0207
[2026-05-01 20:35:00,961][src.modRNN.training.common][INFO] - 	 Starting Epoch: 1179
[2026-05-01 20:35:01,289][src.modRNN.training.common][INFO] - train epoch 1179 MSE 0.0028 nMSE 0.0243
[2026-05-01 20:35:01,290][src.modRNN.training.common][INFO] - 	 Starting Epoch: 1180
[2026-05-01 20:35:01,618][src.modRNN.training.common][INFO] - train epoch 1180 MSE 0.0022 nMSE 0.0191
[2026-05-01 20:35:01,619][src.modRNN.training.common][INFO] - 	 Starting Epoch: 1181
[2026-05-01 20:35:01,962][src.modRNN.training.common][INFO] - train epoch 1181 MSE 0.0028 nMSE 0.0237
[2026-05-01 20:35:01,963][src.modRNN.training.common][INFO] - 	 Starting Epoch: 1182
[2026-05-01 20:35:02,293][src.modRNN.training.common][INFO] - train epoch 1182 MSE 0.0025 nMSE 0.0215
[2026-05-01 20:35:02,294][src.modRNN.training.common][INFO] - 	 Starting Epoch: 1183
[2026-05-01 20:35:02,623][src.modRNN.training.common][INFO] - train epoch 1183 MSE 0.0026 nMSE 0.0223
[2026-05-01 20:35:02,623][src.modRNN.training.common][INFO] - 	 Starting Epoch: 1184
[2026-05-01 20:35:02,953][src.modRNN.training.common][INFO] - train epoch 1184 MSE 0.0023 nMSE 0.0196
[2026-05-01 20:35:02,954][src.modRNN.training.common][INFO] - 	 Starting Epoch: 1185
[2026-05-01 20:35:03,283][src.modRNN.training.common][INFO] - train epoch 1185 MSE 0.0038 nMSE 0.0326
[2026-05-01 20:35:03,284][src.modRNN.training.common][INFO] - 	 Starting Epoch: 1186
[2026-05-01 20:35:03,614][src.modRNN.training.common][INFO] - train epoch 1186 MSE 0.0025 nMSE 0.0214
[2026-05-01 20:35:03,615][src.modRNN.training.common][INFO] - 	 Starting Epoch: 1187
[2026-05-01 20:35:03,944][src.modRNN.training.common][INFO] - train epoch 1187 MSE 0.0032 nMSE 0.0275
[2026-05-01 20:35:03,945][src.modRNN.training.common][INFO] - 	 Starting Epoch: 1188
[2026-05-01 20:35:04,275][src.modRNN.training.common][INFO] - train epoch 1188 MSE 0.0022 nMSE 0.0188
[2026-05-01 20:35:04,276][src.modRNN.training.common][INFO] - 	 Starting Epoch: 1189
[2026-05-01 20:35:04,605][src.modRNN.training.common][INFO] - train epoch 1189 MSE 0.0027 nMSE 0.0230
[2026-05-01 20:35:04,606][src.modRNN.training.common][INFO] - 	 Starting Epoch: 1190
[2026-05-01 20:35:04,936][src.modRNN.training.common][INFO] - train epoch 1190 MSE 0.0025 nMSE 0.0215
[2026-05-01 20:35:04,937][src.modRNN.training.common][INFO] - 	 Starting Epoch: 1191
[2026-05-01 20:35:05,266][src.modRNN.training.common][INFO] - train epoch 1191 MSE 0.0030 nMSE 0.0258
[2026-05-01 20:35:05,266][src.modRNN.training.common][INFO] - 	 Starting Epoch: 1192
[2026-05-01 20:35:05,597][src.modRNN.training.common][INFO] - train epoch 1192 MSE 0.0026 nMSE 0.0224
[2026-05-01 20:35:05,598][src.modRNN.training.common][INFO] - 	 Starting Epoch: 1193
[2026-05-01 20:35:05,928][src.modRNN.training.common][INFO] - train epoch 1193 MSE 0.0027 nMSE 0.0228
[2026-05-01 20:35:05,929][src.modRNN.training.common][INFO] - 	 Starting Epoch: 1194
[2026-05-01 20:35:06,260][src.modRNN.training.common][INFO] - train epoch 1194 MSE 0.0026 nMSE 0.0222
[2026-05-01 20:35:06,261][src.modRNN.training.common][INFO] - 	 Starting Epoch: 1195
[2026-05-01 20:35:06,590][src.modRNN.training.common][INFO] - train epoch 1195 MSE 0.0023 nMSE 0.0195
[2026-05-01 20:35:06,591][src.modRNN.training.common][INFO] - 	 Starting Epoch: 1196
[2026-05-01 20:35:06,921][src.modRNN.training.common][INFO] - train epoch 1196 MSE 0.0031 nMSE 0.0264
[2026-05-01 20:35:06,922][src.modRNN.training.common][INFO] - 	 Starting Epoch: 1197
[2026-05-01 20:35:07,252][src.modRNN.training.common][INFO] - train epoch 1197 MSE 0.0019 nMSE 0.0164
[2026-05-01 20:35:07,253][src.modRNN.training.common][INFO] - 	 Starting Epoch: 1198
[2026-05-01 20:35:07,583][src.modRNN.training.common][INFO] - train epoch 1198 MSE 0.0020 nMSE 0.0170
[2026-05-01 20:35:07,583][src.modRNN.training.common][INFO] - 	 Starting Epoch: 1199
[2026-05-01 20:35:07,913][src.modRNN.training.common][INFO] - train epoch 1199 MSE 0.0020 nMSE 0.0169
[2026-05-01 20:35:07,914][src.modRNN.training.common][INFO] - 	 Starting Epoch: 1200
[2026-05-01 20:35:08,244][src.modRNN.training.common][INFO] - train epoch 1200 MSE 0.0025 nMSE 0.0216
[2026-05-01 20:35:08,245][src.modRNN.training.common][INFO] - 	 Starting Epoch: 1201
[2026-05-01 20:35:08,575][src.modRNN.training.common][INFO] - train epoch 1201 MSE 0.0029 nMSE 0.0250
[2026-05-01 20:35:08,625][src.modRNN.training.common][INFO] - eval  epoch 1201 MSE 0.0025 nMSE 0.0219
[2026-05-01 20:35:08,626][src.modRNN.training.common][INFO] - 	 Starting Epoch: 1202
[2026-05-01 20:35:08,957][src.modRNN.training.common][INFO] - train epoch 1202 MSE 0.0025 nMSE 0.0219
[2026-05-01 20:35:08,958][src.modRNN.training.common][INFO] - 	 Starting Epoch: 1203
[2026-05-01 20:35:09,288][src.modRNN.training.common][INFO] - train epoch 1203 MSE 0.0023 nMSE 0.0201
[2026-05-01 20:35:09,289][src.modRNN.training.common][INFO] - 	 Starting Epoch: 1204
[2026-05-01 20:35:09,618][src.modRNN.training.common][INFO] - train epoch 1204 MSE 0.0022 nMSE 0.0186
[2026-05-01 20:35:09,619][src.modRNN.training.common][INFO] - 	 Starting Epoch: 1205
[2026-05-01 20:35:09,947][src.modRNN.training.common][INFO] - train epoch 1205 MSE 0.0023 nMSE 0.0195
[2026-05-01 20:35:09,948][src.modRNN.training.common][INFO] - 	 Starting Epoch: 1206
[2026-05-01 20:35:10,277][src.modRNN.training.common][INFO] - train epoch 1206 MSE 0.0025 nMSE 0.0211
[2026-05-01 20:35:10,278][src.modRNN.training.common][INFO] - 	 Starting Epoch: 1207
[2026-05-01 20:35:10,607][src.modRNN.training.common][INFO] - train epoch 1207 MSE 0.0020 nMSE 0.0168
[2026-05-01 20:35:10,608][src.modRNN.training.common][INFO] - 	 Starting Epoch: 1208
[2026-05-01 20:35:10,937][src.modRNN.training.common][INFO] - train epoch 1208 MSE 0.0022 nMSE 0.0188
[2026-05-01 20:35:10,938][src.modRNN.training.common][INFO] - 	 Starting Epoch: 1209
[2026-05-01 20:35:11,267][src.modRNN.training.common][INFO] - train epoch 1209 MSE 0.0026 nMSE 0.0221
[2026-05-01 20:35:11,268][src.modRNN.training.common][INFO] - 	 Starting Epoch: 1210
[2026-05-01 20:35:11,598][src.modRNN.training.common][INFO] - train epoch 1210 MSE 0.0022 nMSE 0.0186
[2026-05-01 20:35:11,599][src.modRNN.training.common][INFO] - 	 Starting Epoch: 1211
[2026-05-01 20:35:11,929][src.modRNN.training.common][INFO] - train epoch 1211 MSE 0.0022 nMSE 0.0188
[2026-05-01 20:35:11,930][src.modRNN.training.common][INFO] - 	 Starting Epoch: 1212
[2026-05-01 20:35:12,260][src.modRNN.training.common][INFO] - train epoch 1212 MSE 0.0021 nMSE 0.0180
[2026-05-01 20:35:12,261][src.modRNN.training.common][INFO] - 	 Starting Epoch: 1213
[2026-05-01 20:35:12,591][src.modRNN.training.common][INFO] - train epoch 1213 MSE 0.0025 nMSE 0.0219
[2026-05-01 20:35:12,592][src.modRNN.training.common][INFO] - 	 Starting Epoch: 1214
[2026-05-01 20:35:12,922][src.modRNN.training.common][INFO] - train epoch 1214 MSE 0.0024 nMSE 0.0206
[2026-05-01 20:35:12,923][src.modRNN.training.common][INFO] - 	 Starting Epoch: 1215
[2026-05-01 20:35:13,252][src.modRNN.training.common][INFO] - train epoch 1215 MSE 0.0023 nMSE 0.0199
[2026-05-01 20:35:13,253][src.modRNN.training.common][INFO] - 	 Starting Epoch: 1216
[2026-05-01 20:35:13,582][src.modRNN.training.common][INFO] - train epoch 1216 MSE 0.0023 nMSE 0.0200
[2026-05-01 20:35:13,583][src.modRNN.training.common][INFO] - 	 Starting Epoch: 1217
[2026-05-01 20:35:13,912][src.modRNN.training.common][INFO] - train epoch 1217 MSE 0.0023 nMSE 0.0196
[2026-05-01 20:35:13,913][src.modRNN.training.common][INFO] - 	 Starting Epoch: 1218
[2026-05-01 20:35:14,243][src.modRNN.training.common][INFO] - train epoch 1218 MSE 0.0020 nMSE 0.0169
[2026-05-01 20:35:14,244][src.modRNN.training.common][INFO] - 	 Starting Epoch: 1219
[2026-05-01 20:35:14,572][src.modRNN.training.common][INFO] - train epoch 1219 MSE 0.0024 nMSE 0.0207
[2026-05-01 20:35:14,573][src.modRNN.training.common][INFO] - 	 Starting Epoch: 1220
[2026-05-01 20:35:14,903][src.modRNN.training.common][INFO] - train epoch 1220 MSE 0.0024 nMSE 0.0206
[2026-05-01 20:35:14,903][src.modRNN.training.common][INFO] - 	 Starting Epoch: 1221
[2026-05-01 20:35:15,233][src.modRNN.training.common][INFO] - train epoch 1221 MSE 0.0027 nMSE 0.0232
[2026-05-01 20:35:15,234][src.modRNN.training.common][INFO] - 	 Starting Epoch: 1222
[2026-05-01 20:35:15,564][src.modRNN.training.common][INFO] - train epoch 1222 MSE 0.0020 nMSE 0.0168
[2026-05-01 20:35:15,565][src.modRNN.training.common][INFO] - 	 Starting Epoch: 1223
[2026-05-01 20:35:15,895][src.modRNN.training.common][INFO] - train epoch 1223 MSE 0.0021 nMSE 0.0184
[2026-05-01 20:35:15,896][src.modRNN.training.common][INFO] - 	 Starting Epoch: 1224
[2026-05-01 20:35:16,225][src.modRNN.training.common][INFO] - train epoch 1224 MSE 0.0021 nMSE 0.0180
[2026-05-01 20:35:16,226][src.modRNN.training.common][INFO] - 	 Starting Epoch: 1225
[2026-05-01 20:35:16,556][src.modRNN.training.common][INFO] - train epoch 1225 MSE 0.0019 nMSE 0.0166
[2026-05-01 20:35:16,557][src.modRNN.training.common][INFO] - 	 Starting Epoch: 1226
[2026-05-01 20:35:16,886][src.modRNN.training.common][INFO] - train epoch 1226 MSE 0.0024 nMSE 0.0208
[2026-05-01 20:35:16,936][src.modRNN.training.common][INFO] - eval  epoch 1226 MSE 0.0025 nMSE 0.0212
[2026-05-01 20:35:16,937][src.modRNN.training.common][INFO] - 	 Starting Epoch: 1227
[2026-05-01 20:35:17,269][src.modRNN.training.common][INFO] - train epoch 1227 MSE 0.0025 nMSE 0.0212
[2026-05-01 20:35:17,269][src.modRNN.training.common][INFO] - 	 Starting Epoch: 1228
[2026-05-01 20:35:17,600][src.modRNN.training.common][INFO] - train epoch 1228 MSE 0.0021 nMSE 0.0182
[2026-05-01 20:35:17,600][src.modRNN.training.common][INFO] - 	 Starting Epoch: 1229
[2026-05-01 20:35:17,930][src.modRNN.training.common][INFO] - train epoch 1229 MSE 0.0021 nMSE 0.0180
[2026-05-01 20:35:17,931][src.modRNN.training.common][INFO] - 	 Starting Epoch: 1230
[2026-05-01 20:35:18,262][src.modRNN.training.common][INFO] - train epoch 1230 MSE 0.0018 nMSE 0.0154
[2026-05-01 20:35:18,263][src.modRNN.training.common][INFO] - 	 Starting Epoch: 1231
[2026-05-01 20:35:18,593][src.modRNN.training.common][INFO] - train epoch 1231 MSE 0.0018 nMSE 0.0153
[2026-05-01 20:35:18,594][src.modRNN.training.common][INFO] - 	 Starting Epoch: 1232
[2026-05-01 20:35:18,926][src.modRNN.training.common][INFO] - train epoch 1232 MSE 0.0021 nMSE 0.0183
[2026-05-01 20:35:18,927][src.modRNN.training.common][INFO] - 	 Starting Epoch: 1233
[2026-05-01 20:35:19,259][src.modRNN.training.common][INFO] - train epoch 1233 MSE 0.0026 nMSE 0.0222
[2026-05-01 20:35:19,259][src.modRNN.training.common][INFO] - 	 Starting Epoch: 1234
[2026-05-01 20:35:19,589][src.modRNN.training.common][INFO] - train epoch 1234 MSE 0.0019 nMSE 0.0166
[2026-05-01 20:35:19,590][src.modRNN.training.common][INFO] - 	 Starting Epoch: 1235
[2026-05-01 20:35:19,920][src.modRNN.training.common][INFO] - train epoch 1235 MSE 0.0020 nMSE 0.0174
[2026-05-01 20:35:19,921][src.modRNN.training.common][INFO] - 	 Starting Epoch: 1236
[2026-05-01 20:35:20,252][src.modRNN.training.common][INFO] - train epoch 1236 MSE 0.0024 nMSE 0.0204
[2026-05-01 20:35:20,253][src.modRNN.training.common][INFO] - 	 Starting Epoch: 1237
[2026-05-01 20:35:20,582][src.modRNN.training.common][INFO] - train epoch 1237 MSE 0.0023 nMSE 0.0197
[2026-05-01 20:35:20,583][src.modRNN.training.common][INFO] - 	 Starting Epoch: 1238
[2026-05-01 20:35:20,913][src.modRNN.training.common][INFO] - train epoch 1238 MSE 0.0020 nMSE 0.0169
[2026-05-01 20:35:20,914][src.modRNN.training.common][INFO] - 	 Starting Epoch: 1239
[2026-05-01 20:35:21,244][src.modRNN.training.common][INFO] - train epoch 1239 MSE 0.0021 nMSE 0.0178
[2026-05-01 20:35:21,244][src.modRNN.training.common][INFO] - 	 Starting Epoch: 1240
[2026-05-01 20:35:21,575][src.modRNN.training.common][INFO] - train epoch 1240 MSE 0.0019 nMSE 0.0164
[2026-05-01 20:35:21,576][src.modRNN.training.common][INFO] - 	 Starting Epoch: 1241
[2026-05-01 20:35:21,905][src.modRNN.training.common][INFO] - train epoch 1241 MSE 0.0021 nMSE 0.0184
[2026-05-01 20:35:21,906][src.modRNN.training.common][INFO] - 	 Starting Epoch: 1242
[2026-05-01 20:35:22,236][src.modRNN.training.common][INFO] - train epoch 1242 MSE 0.0021 nMSE 0.0180
[2026-05-01 20:35:22,236][src.modRNN.training.common][INFO] - 	 Starting Epoch: 1243
[2026-05-01 20:35:22,566][src.modRNN.training.common][INFO] - train epoch 1243 MSE 0.0023 nMSE 0.0198
[2026-05-01 20:35:22,566][src.modRNN.training.common][INFO] - 	 Starting Epoch: 1244
[2026-05-01 20:35:22,897][src.modRNN.training.common][INFO] - train epoch 1244 MSE 0.0022 nMSE 0.0186
[2026-05-01 20:35:22,898][src.modRNN.training.common][INFO] - 	 Starting Epoch: 1245
[2026-05-01 20:35:23,228][src.modRNN.training.common][INFO] - train epoch 1245 MSE 0.0022 nMSE 0.0190
[2026-05-01 20:35:23,229][src.modRNN.training.common][INFO] - 	 Starting Epoch: 1246
[2026-05-01 20:35:23,559][src.modRNN.training.common][INFO] - train epoch 1246 MSE 0.0023 nMSE 0.0202
[2026-05-01 20:35:23,560][src.modRNN.training.common][INFO] - 	 Starting Epoch: 1247
[2026-05-01 20:35:23,889][src.modRNN.training.common][INFO] - train epoch 1247 MSE 0.0021 nMSE 0.0179
[2026-05-01 20:35:23,890][src.modRNN.training.common][INFO] - 	 Starting Epoch: 1248
[2026-05-01 20:35:24,220][src.modRNN.training.common][INFO] - train epoch 1248 MSE 0.0031 nMSE 0.0269
[2026-05-01 20:35:24,221][src.modRNN.training.common][INFO] - 	 Starting Epoch: 1249
[2026-05-01 20:35:24,550][src.modRNN.training.common][INFO] - train epoch 1249 MSE 0.0025 nMSE 0.0215
[2026-05-01 20:35:24,551][src.modRNN.training.common][INFO] - 	 Starting Epoch: 1250
[2026-05-01 20:35:24,882][src.modRNN.training.common][INFO] - train epoch 1250 MSE 0.0019 nMSE 0.0167
[2026-05-01 20:35:24,883][src.modRNN.training.common][INFO] - 	 Starting Epoch: 1251
[2026-05-01 20:35:25,212][src.modRNN.training.common][INFO] - train epoch 1251 MSE 0.0032 nMSE 0.0276
[2026-05-01 20:35:25,262][src.modRNN.training.common][INFO] - eval  epoch 1251 MSE 0.0022 nMSE 0.0193
[2026-05-01 20:35:25,263][src.modRNN.training.common][INFO] - 	 Starting Epoch: 1252
[2026-05-01 20:35:25,593][src.modRNN.training.common][INFO] - train epoch 1252 MSE 0.0022 nMSE 0.0193
[2026-05-01 20:35:25,594][src.modRNN.training.common][INFO] - 	 Starting Epoch: 1253
[2026-05-01 20:35:25,924][src.modRNN.training.common][INFO] - train epoch 1253 MSE 0.0023 nMSE 0.0200
[2026-05-01 20:35:25,924][src.modRNN.training.common][INFO] - 	 Starting Epoch: 1254
[2026-05-01 20:35:26,253][src.modRNN.training.common][INFO] - train epoch 1254 MSE 0.0027 nMSE 0.0234
[2026-05-01 20:35:26,254][src.modRNN.training.common][INFO] - 	 Starting Epoch: 1255
[2026-05-01 20:35:26,583][src.modRNN.training.common][INFO] - train epoch 1255 MSE 0.0024 nMSE 0.0205
[2026-05-01 20:35:26,584][src.modRNN.training.common][INFO] - 	 Starting Epoch: 1256
[2026-05-01 20:35:26,914][src.modRNN.training.common][INFO] - train epoch 1256 MSE 0.0024 nMSE 0.0211
[2026-05-01 20:35:26,915][src.modRNN.training.common][INFO] - 	 Starting Epoch: 1257
[2026-05-01 20:35:27,244][src.modRNN.training.common][INFO] - train epoch 1257 MSE 0.0021 nMSE 0.0184
[2026-05-01 20:35:27,245][src.modRNN.training.common][INFO] - 	 Starting Epoch: 1258
[2026-05-01 20:35:27,575][src.modRNN.training.common][INFO] - train epoch 1258 MSE 0.0020 nMSE 0.0170
[2026-05-01 20:35:27,576][src.modRNN.training.common][INFO] - 	 Starting Epoch: 1259
[2026-05-01 20:35:27,904][src.modRNN.training.common][INFO] - train epoch 1259 MSE 0.0025 nMSE 0.0216
[2026-05-01 20:35:27,905][src.modRNN.training.common][INFO] - 	 Starting Epoch: 1260
[2026-05-01 20:35:28,235][src.modRNN.training.common][INFO] - train epoch 1260 MSE 0.0023 nMSE 0.0200
[2026-05-01 20:35:28,236][src.modRNN.training.common][INFO] - 	 Starting Epoch: 1261
[2026-05-01 20:35:28,564][src.modRNN.training.common][INFO] - train epoch 1261 MSE 0.0025 nMSE 0.0219
[2026-05-01 20:35:28,565][src.modRNN.training.common][INFO] - 	 Starting Epoch: 1262
[2026-05-01 20:35:28,895][src.modRNN.training.common][INFO] - train epoch 1262 MSE 0.0019 nMSE 0.0168
[2026-05-01 20:35:28,896][src.modRNN.training.common][INFO] - 	 Starting Epoch: 1263
[2026-05-01 20:35:29,225][src.modRNN.training.common][INFO] - train epoch 1263 MSE 0.0020 nMSE 0.0173
[2026-05-01 20:35:29,226][src.modRNN.training.common][INFO] - 	 Starting Epoch: 1264
[2026-05-01 20:35:29,556][src.modRNN.training.common][INFO] - train epoch 1264 MSE 0.0022 nMSE 0.0187
[2026-05-01 20:35:29,557][src.modRNN.training.common][INFO] - 	 Starting Epoch: 1265
[2026-05-01 20:35:29,886][src.modRNN.training.common][INFO] - train epoch 1265 MSE 0.0019 nMSE 0.0163
[2026-05-01 20:35:29,887][src.modRNN.training.common][INFO] - 	 Starting Epoch: 1266
[2026-05-01 20:35:30,216][src.modRNN.training.common][INFO] - train epoch 1266 MSE 0.0023 nMSE 0.0194
[2026-05-01 20:35:30,217][src.modRNN.training.common][INFO] - 	 Starting Epoch: 1267
[2026-05-01 20:35:30,546][src.modRNN.training.common][INFO] - train epoch 1267 MSE 0.0029 nMSE 0.0252
[2026-05-01 20:35:30,547][src.modRNN.training.common][INFO] - 	 Starting Epoch: 1268
[2026-05-01 20:35:30,877][src.modRNN.training.common][INFO] - train epoch 1268 MSE 0.0025 nMSE 0.0212
[2026-05-01 20:35:30,878][src.modRNN.training.common][INFO] - 	 Starting Epoch: 1269
[2026-05-01 20:35:31,207][src.modRNN.training.common][INFO] - train epoch 1269 MSE 0.0021 nMSE 0.0176
[2026-05-01 20:35:31,208][src.modRNN.training.common][INFO] - 	 Starting Epoch: 1270
[2026-05-01 20:35:31,535][src.modRNN.training.common][INFO] - train epoch 1270 MSE 0.0020 nMSE 0.0171
[2026-05-01 20:35:31,536][src.modRNN.training.common][INFO] - 	 Starting Epoch: 1271
[2026-05-01 20:35:31,864][src.modRNN.training.common][INFO] - train epoch 1271 MSE 0.0021 nMSE 0.0182
[2026-05-01 20:35:31,865][src.modRNN.training.common][INFO] - 	 Starting Epoch: 1272
[2026-05-01 20:35:32,191][src.modRNN.training.common][INFO] - train epoch 1272 MSE 0.0021 nMSE 0.0181
[2026-05-01 20:35:32,192][src.modRNN.training.common][INFO] - 	 Starting Epoch: 1273
[2026-05-01 20:35:32,518][src.modRNN.training.common][INFO] - train epoch 1273 MSE 0.0022 nMSE 0.0186
[2026-05-01 20:35:32,519][src.modRNN.training.common][INFO] - 	 Starting Epoch: 1274
[2026-05-01 20:35:32,846][src.modRNN.training.common][INFO] - train epoch 1274 MSE 0.0021 nMSE 0.0181
[2026-05-01 20:35:32,847][src.modRNN.training.common][INFO] - 	 Starting Epoch: 1275
[2026-05-01 20:35:33,173][src.modRNN.training.common][INFO] - train epoch 1275 MSE 0.0022 nMSE 0.0187
[2026-05-01 20:35:33,174][src.modRNN.training.common][INFO] - 	 Starting Epoch: 1276
[2026-05-01 20:35:33,501][src.modRNN.training.common][INFO] - train epoch 1276 MSE 0.0019 nMSE 0.0162
[2026-05-01 20:35:33,550][src.modRNN.training.common][INFO] - eval  epoch 1276 MSE 0.0020 nMSE 0.0169
[2026-05-01 20:35:33,551][src.modRNN.training.common][INFO] - 	 Starting Epoch: 1277
[2026-05-01 20:35:33,879][src.modRNN.training.common][INFO] - train epoch 1277 MSE 0.0020 nMSE 0.0169
[2026-05-01 20:35:33,880][src.modRNN.training.common][INFO] - 	 Starting Epoch: 1278
[2026-05-01 20:35:34,208][src.modRNN.training.common][INFO] - train epoch 1278 MSE 0.0024 nMSE 0.0206
[2026-05-01 20:35:34,209][src.modRNN.training.common][INFO] - 	 Starting Epoch: 1279
[2026-05-01 20:35:34,536][src.modRNN.training.common][INFO] - train epoch 1279 MSE 0.0027 nMSE 0.0228
[2026-05-01 20:35:34,536][src.modRNN.training.common][INFO] - 	 Starting Epoch: 1280
[2026-05-01 20:35:34,865][src.modRNN.training.common][INFO] - train epoch 1280 MSE 0.0022 nMSE 0.0189
[2026-05-01 20:35:34,865][src.modRNN.training.common][INFO] - 	 Starting Epoch: 1281
[2026-05-01 20:35:35,192][src.modRNN.training.common][INFO] - train epoch 1281 MSE 0.0029 nMSE 0.0248
[2026-05-01 20:35:35,193][src.modRNN.training.common][INFO] - 	 Starting Epoch: 1282
[2026-05-01 20:35:35,520][src.modRNN.training.common][INFO] - train epoch 1282 MSE 0.0022 nMSE 0.0193
[2026-05-01 20:35:35,521][src.modRNN.training.common][INFO] - 	 Starting Epoch: 1283
[2026-05-01 20:35:35,848][src.modRNN.training.common][INFO] - train epoch 1283 MSE 0.0018 nMSE 0.0157
[2026-05-01 20:35:35,849][src.modRNN.training.common][INFO] - 	 Starting Epoch: 1284
[2026-05-01 20:35:36,177][src.modRNN.training.common][INFO] - train epoch 1284 MSE 0.0018 nMSE 0.0153
[2026-05-01 20:35:36,178][src.modRNN.training.common][INFO] - 	 Starting Epoch: 1285
[2026-05-01 20:35:36,505][src.modRNN.training.common][INFO] - train epoch 1285 MSE 0.0023 nMSE 0.0196
[2026-05-01 20:35:36,506][src.modRNN.training.common][INFO] - 	 Starting Epoch: 1286
[2026-05-01 20:35:36,835][src.modRNN.training.common][INFO] - train epoch 1286 MSE 0.0034 nMSE 0.0291
[2026-05-01 20:35:36,836][src.modRNN.training.common][INFO] - 	 Starting Epoch: 1287
[2026-05-01 20:35:37,163][src.modRNN.training.common][INFO] - train epoch 1287 MSE 0.0020 nMSE 0.0171
[2026-05-01 20:35:37,164][src.modRNN.training.common][INFO] - 	 Starting Epoch: 1288
[2026-05-01 20:35:37,491][src.modRNN.training.common][INFO] - train epoch 1288 MSE 0.0019 nMSE 0.0165
[2026-05-01 20:35:37,492][src.modRNN.training.common][INFO] - 	 Starting Epoch: 1289
[2026-05-01 20:35:37,819][src.modRNN.training.common][INFO] - train epoch 1289 MSE 0.0021 nMSE 0.0182
[2026-05-01 20:35:37,820][src.modRNN.training.common][INFO] - 	 Starting Epoch: 1290
[2026-05-01 20:35:38,148][src.modRNN.training.common][INFO] - train epoch 1290 MSE 0.0022 nMSE 0.0193
[2026-05-01 20:35:38,149][src.modRNN.training.common][INFO] - 	 Starting Epoch: 1291
[2026-05-01 20:35:38,476][src.modRNN.training.common][INFO] - train epoch 1291 MSE 0.0019 nMSE 0.0164
[2026-05-01 20:35:38,477][src.modRNN.training.common][INFO] - 	 Starting Epoch: 1292
[2026-05-01 20:35:38,805][src.modRNN.training.common][INFO] - train epoch 1292 MSE 0.0020 nMSE 0.0173
[2026-05-01 20:35:38,806][src.modRNN.training.common][INFO] - 	 Starting Epoch: 1293
[2026-05-01 20:35:39,133][src.modRNN.training.common][INFO] - train epoch 1293 MSE 0.0022 nMSE 0.0185
[2026-05-01 20:35:39,134][src.modRNN.training.common][INFO] - 	 Starting Epoch: 1294
[2026-05-01 20:35:39,462][src.modRNN.training.common][INFO] - train epoch 1294 MSE 0.0026 nMSE 0.0226
[2026-05-01 20:35:39,463][src.modRNN.training.common][INFO] - 	 Starting Epoch: 1295
[2026-05-01 20:35:39,789][src.modRNN.training.common][INFO] - train epoch 1295 MSE 0.0019 nMSE 0.0166
[2026-05-01 20:35:39,790][src.modRNN.training.common][INFO] - 	 Starting Epoch: 1296
[2026-05-01 20:35:40,118][src.modRNN.training.common][INFO] - train epoch 1296 MSE 0.0028 nMSE 0.0237
[2026-05-01 20:35:40,119][src.modRNN.training.common][INFO] - 	 Starting Epoch: 1297
[2026-05-01 20:35:40,446][src.modRNN.training.common][INFO] - train epoch 1297 MSE 0.0040 nMSE 0.0341
[2026-05-01 20:35:40,447][src.modRNN.training.common][INFO] - 	 Starting Epoch: 1298
[2026-05-01 20:35:40,774][src.modRNN.training.common][INFO] - train epoch 1298 MSE 0.0024 nMSE 0.0202
[2026-05-01 20:35:40,775][src.modRNN.training.common][INFO] - 	 Starting Epoch: 1299
[2026-05-01 20:35:41,102][src.modRNN.training.common][INFO] - train epoch 1299 MSE 0.0017 nMSE 0.0149
[2026-05-01 20:35:41,103][src.modRNN.training.common][INFO] - 	 Starting Epoch: 1300
[2026-05-01 20:35:41,431][src.modRNN.training.common][INFO] - train epoch 1300 MSE 0.0021 nMSE 0.0180
[2026-05-01 20:35:41,432][src.modRNN.training.common][INFO] - 	 Starting Epoch: 1301
[2026-05-01 20:35:41,760][src.modRNN.training.common][INFO] - train epoch 1301 MSE 0.0022 nMSE 0.0191
[2026-05-01 20:35:41,809][src.modRNN.training.common][INFO] - eval  epoch 1301 MSE 0.0023 nMSE 0.0194
[2026-05-01 20:35:41,810][src.modRNN.training.common][INFO] - 	 Starting Epoch: 1302
[2026-05-01 20:35:42,139][src.modRNN.training.common][INFO] - train epoch 1302 MSE 0.0023 nMSE 0.0194
[2026-05-01 20:35:42,140][src.modRNN.training.common][INFO] - 	 Starting Epoch: 1303
[2026-05-01 20:35:42,504][src.modRNN.training.common][INFO] - train epoch 1303 MSE 0.0025 nMSE 0.0218
[2026-05-01 20:35:42,505][src.modRNN.training.common][INFO] - 	 Starting Epoch: 1304
[2026-05-01 20:35:42,875][src.modRNN.training.common][INFO] - train epoch 1304 MSE 0.0023 nMSE 0.0201
[2026-05-01 20:35:42,876][src.modRNN.training.common][INFO] - 	 Starting Epoch: 1305
[2026-05-01 20:35:43,236][src.modRNN.training.common][INFO] - train epoch 1305 MSE 0.0022 nMSE 0.0192
[2026-05-01 20:35:43,237][src.modRNN.training.common][INFO] - 	 Starting Epoch: 1306
[2026-05-01 20:35:43,565][src.modRNN.training.common][INFO] - train epoch 1306 MSE 0.0027 nMSE 0.0229
[2026-05-01 20:35:43,566][src.modRNN.training.common][INFO] - 	 Starting Epoch: 1307
[2026-05-01 20:35:43,893][src.modRNN.training.common][INFO] - train epoch 1307 MSE 0.0022 nMSE 0.0187
[2026-05-01 20:35:43,894][src.modRNN.training.common][INFO] - 	 Starting Epoch: 1308
[2026-05-01 20:35:44,221][src.modRNN.training.common][INFO] - train epoch 1308 MSE 0.0022 nMSE 0.0191
[2026-05-01 20:35:44,222][src.modRNN.training.common][INFO] - 	 Starting Epoch: 1309
[2026-05-01 20:35:44,548][src.modRNN.training.common][INFO] - train epoch 1309 MSE 0.0021 nMSE 0.0184
[2026-05-01 20:35:44,549][src.modRNN.training.common][INFO] - 	 Starting Epoch: 1310
[2026-05-01 20:35:44,876][src.modRNN.training.common][INFO] - train epoch 1310 MSE 0.0023 nMSE 0.0199
[2026-05-01 20:35:44,877][src.modRNN.training.common][INFO] - 	 Starting Epoch: 1311
[2026-05-01 20:35:45,203][src.modRNN.training.common][INFO] - train epoch 1311 MSE 0.0022 nMSE 0.0194
[2026-05-01 20:35:45,204][src.modRNN.training.common][INFO] - 	 Starting Epoch: 1312
[2026-05-01 20:35:45,531][src.modRNN.training.common][INFO] - train epoch 1312 MSE 0.0028 nMSE 0.0244
[2026-05-01 20:35:45,532][src.modRNN.training.common][INFO] - 	 Starting Epoch: 1313
[2026-05-01 20:35:45,859][src.modRNN.training.common][INFO] - train epoch 1313 MSE 0.0020 nMSE 0.0174
[2026-05-01 20:35:45,859][src.modRNN.training.common][INFO] - 	 Starting Epoch: 1314
[2026-05-01 20:35:46,186][src.modRNN.training.common][INFO] - train epoch 1314 MSE 0.0025 nMSE 0.0212
[2026-05-01 20:35:46,187][src.modRNN.training.common][INFO] - 	 Starting Epoch: 1315
[2026-05-01 20:35:46,513][src.modRNN.training.common][INFO] - train epoch 1315 MSE 0.0022 nMSE 0.0186
[2026-05-01 20:35:46,514][src.modRNN.training.common][INFO] - 	 Starting Epoch: 1316
[2026-05-01 20:35:46,841][src.modRNN.training.common][INFO] - train epoch 1316 MSE 0.0028 nMSE 0.0243
[2026-05-01 20:35:46,842][src.modRNN.training.common][INFO] - 	 Starting Epoch: 1317
[2026-05-01 20:35:47,168][src.modRNN.training.common][INFO] - train epoch 1317 MSE 0.0023 nMSE 0.0196
[2026-05-01 20:35:47,169][src.modRNN.training.common][INFO] - 	 Starting Epoch: 1318
[2026-05-01 20:35:47,496][src.modRNN.training.common][INFO] - train epoch 1318 MSE 0.0031 nMSE 0.0266
[2026-05-01 20:35:47,497][src.modRNN.training.common][INFO] - 	 Starting Epoch: 1319
[2026-05-01 20:35:47,823][src.modRNN.training.common][INFO] - train epoch 1319 MSE 0.0043 nMSE 0.0374
[2026-05-01 20:35:47,824][src.modRNN.training.common][INFO] - 	 Starting Epoch: 1320
[2026-05-01 20:35:48,152][src.modRNN.training.common][INFO] - train epoch 1320 MSE 0.0028 nMSE 0.0241
[2026-05-01 20:35:48,153][src.modRNN.training.common][INFO] - 	 Starting Epoch: 1321
[2026-05-01 20:35:48,479][src.modRNN.training.common][INFO] - train epoch 1321 MSE 0.0024 nMSE 0.0209
[2026-05-01 20:35:48,479][src.modRNN.training.common][INFO] - 	 Starting Epoch: 1322
[2026-05-01 20:35:48,806][src.modRNN.training.common][INFO] - train epoch 1322 MSE 0.0039 nMSE 0.0332
[2026-05-01 20:35:48,807][src.modRNN.training.common][INFO] - 	 Starting Epoch: 1323
[2026-05-01 20:35:49,133][src.modRNN.training.common][INFO] - train epoch 1323 MSE 0.0026 nMSE 0.0222
[2026-05-01 20:35:49,133][src.modRNN.training.common][INFO] - 	 Starting Epoch: 1324
[2026-05-01 20:35:49,460][src.modRNN.training.common][INFO] - train epoch 1324 MSE 0.0034 nMSE 0.0293
[2026-05-01 20:35:49,461][src.modRNN.training.common][INFO] - 	 Starting Epoch: 1325
[2026-05-01 20:35:49,787][src.modRNN.training.common][INFO] - train epoch 1325 MSE 0.0028 nMSE 0.0243
[2026-05-01 20:35:49,788][src.modRNN.training.common][INFO] - 	 Starting Epoch: 1326
[2026-05-01 20:35:50,115][src.modRNN.training.common][INFO] - train epoch 1326 MSE 0.0028 nMSE 0.0237
[2026-05-01 20:35:50,164][src.modRNN.training.common][INFO] - eval  epoch 1326 MSE 0.0027 nMSE 0.0231
[2026-05-01 20:35:50,165][src.modRNN.training.common][INFO] - 	 Starting Epoch: 1327
[2026-05-01 20:35:50,494][src.modRNN.training.common][INFO] - train epoch 1327 MSE 0.0027 nMSE 0.0231
[2026-05-01 20:35:50,495][src.modRNN.training.common][INFO] - 	 Starting Epoch: 1328
[2026-05-01 20:35:50,823][src.modRNN.training.common][INFO] - train epoch 1328 MSE 0.0029 nMSE 0.0251
[2026-05-01 20:35:50,824][src.modRNN.training.common][INFO] - 	 Starting Epoch: 1329
[2026-05-01 20:35:51,150][src.modRNN.training.common][INFO] - train epoch 1329 MSE 0.0019 nMSE 0.0168
[2026-05-01 20:35:51,151][src.modRNN.training.common][INFO] - 	 Starting Epoch: 1330
[2026-05-01 20:35:51,479][src.modRNN.training.common][INFO] - train epoch 1330 MSE 0.0028 nMSE 0.0241
[2026-05-01 20:35:51,480][src.modRNN.training.common][INFO] - 	 Starting Epoch: 1331
[2026-05-01 20:35:51,807][src.modRNN.training.common][INFO] - train epoch 1331 MSE 0.0031 nMSE 0.0269
[2026-05-01 20:35:51,808][src.modRNN.training.common][INFO] - 	 Starting Epoch: 1332
[2026-05-01 20:35:52,136][src.modRNN.training.common][INFO] - train epoch 1332 MSE 0.0028 nMSE 0.0243
[2026-05-01 20:35:52,137][src.modRNN.training.common][INFO] - 	 Starting Epoch: 1333
[2026-05-01 20:35:52,464][src.modRNN.training.common][INFO] - train epoch 1333 MSE 0.0026 nMSE 0.0228
[2026-05-01 20:35:52,464][src.modRNN.training.common][INFO] - 	 Starting Epoch: 1334
[2026-05-01 20:35:52,792][src.modRNN.training.common][INFO] - train epoch 1334 MSE 0.0019 nMSE 0.0164
[2026-05-01 20:35:52,793][src.modRNN.training.common][INFO] - 	 Starting Epoch: 1335
[2026-05-01 20:35:53,120][src.modRNN.training.common][INFO] - train epoch 1335 MSE 0.0028 nMSE 0.0243
[2026-05-01 20:35:53,121][src.modRNN.training.common][INFO] - 	 Starting Epoch: 1336
[2026-05-01 20:35:53,449][src.modRNN.training.common][INFO] - train epoch 1336 MSE 0.0020 nMSE 0.0173
[2026-05-01 20:35:53,449][src.modRNN.training.common][INFO] - 	 Starting Epoch: 1337
[2026-05-01 20:35:53,777][src.modRNN.training.common][INFO] - train epoch 1337 MSE 0.0024 nMSE 0.0209
[2026-05-01 20:35:53,777][src.modRNN.training.common][INFO] - 	 Starting Epoch: 1338
[2026-05-01 20:35:54,105][src.modRNN.training.common][INFO] - train epoch 1338 MSE 0.0026 nMSE 0.0223
[2026-05-01 20:35:54,106][src.modRNN.training.common][INFO] - 	 Starting Epoch: 1339
[2026-05-01 20:35:54,434][src.modRNN.training.common][INFO] - train epoch 1339 MSE 0.0024 nMSE 0.0210
[2026-05-01 20:35:54,434][src.modRNN.training.common][INFO] - 	 Starting Epoch: 1340
[2026-05-01 20:35:54,763][src.modRNN.training.common][INFO] - train epoch 1340 MSE 0.0025 nMSE 0.0217
[2026-05-01 20:35:54,764][src.modRNN.training.common][INFO] - 	 Starting Epoch: 1341
[2026-05-01 20:35:55,091][src.modRNN.training.common][INFO] - train epoch 1341 MSE 0.0019 nMSE 0.0164
[2026-05-01 20:35:55,092][src.modRNN.training.common][INFO] - 	 Starting Epoch: 1342
[2026-05-01 20:35:55,421][src.modRNN.training.common][INFO] - train epoch 1342 MSE 0.0022 nMSE 0.0188
[2026-05-01 20:35:55,421][src.modRNN.training.common][INFO] - 	 Starting Epoch: 1343
[2026-05-01 20:35:55,748][src.modRNN.training.common][INFO] - train epoch 1343 MSE 0.0019 nMSE 0.0164
[2026-05-01 20:35:55,749][src.modRNN.training.common][INFO] - 	 Starting Epoch: 1344
[2026-05-01 20:35:56,079][src.modRNN.training.common][INFO] - train epoch 1344 MSE 0.0028 nMSE 0.0241
[2026-05-01 20:35:56,080][src.modRNN.training.common][INFO] - 	 Starting Epoch: 1345
[2026-05-01 20:35:56,407][src.modRNN.training.common][INFO] - train epoch 1345 MSE 0.0027 nMSE 0.0233
[2026-05-01 20:35:56,408][src.modRNN.training.common][INFO] - 	 Starting Epoch: 1346
[2026-05-01 20:35:56,735][src.modRNN.training.common][INFO] - train epoch 1346 MSE 0.0022 nMSE 0.0189
[2026-05-01 20:35:56,736][src.modRNN.training.common][INFO] - 	 Starting Epoch: 1347
[2026-05-01 20:35:57,064][src.modRNN.training.common][INFO] - train epoch 1347 MSE 0.0019 nMSE 0.0167
[2026-05-01 20:35:57,065][src.modRNN.training.common][INFO] - 	 Starting Epoch: 1348
[2026-05-01 20:35:57,392][src.modRNN.training.common][INFO] - train epoch 1348 MSE 0.0020 nMSE 0.0175
[2026-05-01 20:35:57,393][src.modRNN.training.common][INFO] - 	 Starting Epoch: 1349
[2026-05-01 20:35:57,720][src.modRNN.training.common][INFO] - train epoch 1349 MSE 0.0025 nMSE 0.0217
[2026-05-01 20:35:57,721][src.modRNN.training.common][INFO] - 	 Starting Epoch: 1350
[2026-05-01 20:35:58,050][src.modRNN.training.common][INFO] - train epoch 1350 MSE 0.0024 nMSE 0.0210
[2026-05-01 20:35:58,050][src.modRNN.training.common][INFO] - 	 Starting Epoch: 1351
[2026-05-01 20:35:58,378][src.modRNN.training.common][INFO] - train epoch 1351 MSE 0.0033 nMSE 0.0286
[2026-05-01 20:35:58,428][src.modRNN.training.common][INFO] - eval  epoch 1351 MSE 0.0026 nMSE 0.0221
[2026-05-01 20:35:58,428][src.modRNN.training.common][INFO] - 	 Starting Epoch: 1352
[2026-05-01 20:35:58,758][src.modRNN.training.common][INFO] - train epoch 1352 MSE 0.0026 nMSE 0.0221
[2026-05-01 20:35:58,758][src.modRNN.training.common][INFO] - 	 Starting Epoch: 1353
[2026-05-01 20:35:59,084][src.modRNN.training.common][INFO] - train epoch 1353 MSE 0.0021 nMSE 0.0180
[2026-05-01 20:35:59,085][src.modRNN.training.common][INFO] - 	 Starting Epoch: 1354
[2026-05-01 20:35:59,413][src.modRNN.training.common][INFO] - train epoch 1354 MSE 0.0022 nMSE 0.0192
[2026-05-01 20:35:59,414][src.modRNN.training.common][INFO] - 	 Starting Epoch: 1355
[2026-05-01 20:35:59,740][src.modRNN.training.common][INFO] - train epoch 1355 MSE 0.0023 nMSE 0.0197
[2026-05-01 20:35:59,741][src.modRNN.training.common][INFO] - 	 Starting Epoch: 1356
[2026-05-01 20:36:00,068][src.modRNN.training.common][INFO] - train epoch 1356 MSE 0.0024 nMSE 0.0210
[2026-05-01 20:36:00,069][src.modRNN.training.common][INFO] - 	 Starting Epoch: 1357
[2026-05-01 20:36:00,396][src.modRNN.training.common][INFO] - train epoch 1357 MSE 0.0019 nMSE 0.0164
[2026-05-01 20:36:00,397][src.modRNN.training.common][INFO] - 	 Starting Epoch: 1358
[2026-05-01 20:36:00,725][src.modRNN.training.common][INFO] - train epoch 1358 MSE 0.0023 nMSE 0.0199
[2026-05-01 20:36:00,726][src.modRNN.training.common][INFO] - 	 Starting Epoch: 1359
[2026-05-01 20:36:01,052][src.modRNN.training.common][INFO] - train epoch 1359 MSE 0.0021 nMSE 0.0177
[2026-05-01 20:36:01,053][src.modRNN.training.common][INFO] - 	 Starting Epoch: 1360
[2026-05-01 20:36:01,384][src.modRNN.training.common][INFO] - train epoch 1360 MSE 0.0024 nMSE 0.0210
[2026-05-01 20:36:01,385][src.modRNN.training.common][INFO] - 	 Starting Epoch: 1361
[2026-05-01 20:36:01,713][src.modRNN.training.common][INFO] - train epoch 1361 MSE 0.0024 nMSE 0.0210
[2026-05-01 20:36:01,714][src.modRNN.training.common][INFO] - 	 Starting Epoch: 1362
[2026-05-01 20:36:02,045][src.modRNN.training.common][INFO] - train epoch 1362 MSE 0.0021 nMSE 0.0183
[2026-05-01 20:36:02,046][src.modRNN.training.common][INFO] - 	 Starting Epoch: 1363
[2026-05-01 20:36:02,375][src.modRNN.training.common][INFO] - train epoch 1363 MSE 0.0026 nMSE 0.0222
[2026-05-01 20:36:02,376][src.modRNN.training.common][INFO] - 	 Starting Epoch: 1364
[2026-05-01 20:36:02,707][src.modRNN.training.common][INFO] - train epoch 1364 MSE 0.0020 nMSE 0.0172
[2026-05-01 20:36:02,707][src.modRNN.training.common][INFO] - 	 Starting Epoch: 1365
[2026-05-01 20:36:03,037][src.modRNN.training.common][INFO] - train epoch 1365 MSE 0.0023 nMSE 0.0199
[2026-05-01 20:36:03,037][src.modRNN.training.common][INFO] - 	 Starting Epoch: 1366
[2026-05-01 20:36:03,368][src.modRNN.training.common][INFO] - train epoch 1366 MSE 0.0041 nMSE 0.0357
[2026-05-01 20:36:03,369][src.modRNN.training.common][INFO] - 	 Starting Epoch: 1367
[2026-05-01 20:36:03,698][src.modRNN.training.common][INFO] - train epoch 1367 MSE 0.0024 nMSE 0.0204
[2026-05-01 20:36:03,699][src.modRNN.training.common][INFO] - 	 Starting Epoch: 1368
[2026-05-01 20:36:04,030][src.modRNN.training.common][INFO] - train epoch 1368 MSE 0.0020 nMSE 0.0175
[2026-05-01 20:36:04,030][src.modRNN.training.common][INFO] - 	 Starting Epoch: 1369
[2026-05-01 20:36:04,360][src.modRNN.training.common][INFO] - train epoch 1369 MSE 0.0022 nMSE 0.0186
[2026-05-01 20:36:04,361][src.modRNN.training.common][INFO] - 	 Starting Epoch: 1370
[2026-05-01 20:36:04,692][src.modRNN.training.common][INFO] - train epoch 1370 MSE 0.0034 nMSE 0.0295
[2026-05-01 20:36:04,693][src.modRNN.training.common][INFO] - 	 Starting Epoch: 1371
[2026-05-01 20:36:05,022][src.modRNN.training.common][INFO] - train epoch 1371 MSE 0.0019 nMSE 0.0163
[2026-05-01 20:36:05,023][src.modRNN.training.common][INFO] - 	 Starting Epoch: 1372
[2026-05-01 20:36:05,353][src.modRNN.training.common][INFO] - train epoch 1372 MSE 0.0028 nMSE 0.0242
[2026-05-01 20:36:05,354][src.modRNN.training.common][INFO] - 	 Starting Epoch: 1373
[2026-05-01 20:36:05,683][src.modRNN.training.common][INFO] - train epoch 1373 MSE 0.0020 nMSE 0.0171
[2026-05-01 20:36:05,684][src.modRNN.training.common][INFO] - 	 Starting Epoch: 1374
[2026-05-01 20:36:06,015][src.modRNN.training.common][INFO] - train epoch 1374 MSE 0.0023 nMSE 0.0201
[2026-05-01 20:36:06,015][src.modRNN.training.common][INFO] - 	 Starting Epoch: 1375
[2026-05-01 20:36:06,344][src.modRNN.training.common][INFO] - train epoch 1375 MSE 0.0023 nMSE 0.0202
[2026-05-01 20:36:06,345][src.modRNN.training.common][INFO] - 	 Starting Epoch: 1376
[2026-05-01 20:36:06,676][src.modRNN.training.common][INFO] - train epoch 1376 MSE 0.0038 nMSE 0.0328
[2026-05-01 20:36:06,726][src.modRNN.training.common][INFO] - eval  epoch 1376 MSE 0.0028 nMSE 0.0245
[2026-05-01 20:36:06,727][src.modRNN.training.common][INFO] - 	 Starting Epoch: 1377
[2026-05-01 20:36:07,056][src.modRNN.training.common][INFO] - train epoch 1377 MSE 0.0028 nMSE 0.0245
[2026-05-01 20:36:07,057][src.modRNN.training.common][INFO] - 	 Starting Epoch: 1378
[2026-05-01 20:36:07,388][src.modRNN.training.common][INFO] - train epoch 1378 MSE 0.0023 nMSE 0.0199
[2026-05-01 20:36:07,389][src.modRNN.training.common][INFO] - 	 Starting Epoch: 1379
[2026-05-01 20:36:07,719][src.modRNN.training.common][INFO] - train epoch 1379 MSE 0.0028 nMSE 0.0239
[2026-05-01 20:36:07,720][src.modRNN.training.common][INFO] - 	 Starting Epoch: 1380
[2026-05-01 20:36:08,051][src.modRNN.training.common][INFO] - train epoch 1380 MSE 0.0021 nMSE 0.0184
[2026-05-01 20:36:08,052][src.modRNN.training.common][INFO] - 	 Starting Epoch: 1381
[2026-05-01 20:36:08,382][src.modRNN.training.common][INFO] - train epoch 1381 MSE 0.0021 nMSE 0.0178
[2026-05-01 20:36:08,383][src.modRNN.training.common][INFO] - 	 Starting Epoch: 1382
[2026-05-01 20:36:08,714][src.modRNN.training.common][INFO] - train epoch 1382 MSE 0.0028 nMSE 0.0237
[2026-05-01 20:36:08,715][src.modRNN.training.common][INFO] - 	 Starting Epoch: 1383
[2026-05-01 20:36:09,045][src.modRNN.training.common][INFO] - train epoch 1383 MSE 0.0026 nMSE 0.0223
[2026-05-01 20:36:09,046][src.modRNN.training.common][INFO] - 	 Starting Epoch: 1384
[2026-05-01 20:36:09,378][src.modRNN.training.common][INFO] - train epoch 1384 MSE 0.0020 nMSE 0.0176
[2026-05-01 20:36:09,378][src.modRNN.training.common][INFO] - 	 Starting Epoch: 1385
[2026-05-01 20:36:09,708][src.modRNN.training.common][INFO] - train epoch 1385 MSE 0.0018 nMSE 0.0151
[2026-05-01 20:36:09,709][src.modRNN.training.common][INFO] - 	 Starting Epoch: 1386
[2026-05-01 20:36:10,040][src.modRNN.training.common][INFO] - train epoch 1386 MSE 0.0026 nMSE 0.0221
[2026-05-01 20:36:10,041][src.modRNN.training.common][INFO] - 	 Starting Epoch: 1387
[2026-05-01 20:36:10,371][src.modRNN.training.common][INFO] - train epoch 1387 MSE 0.0021 nMSE 0.0180
[2026-05-01 20:36:10,372][src.modRNN.training.common][INFO] - 	 Starting Epoch: 1388
[2026-05-01 20:36:10,703][src.modRNN.training.common][INFO] - train epoch 1388 MSE 0.0020 nMSE 0.0174
[2026-05-01 20:36:10,704][src.modRNN.training.common][INFO] - 	 Starting Epoch: 1389
[2026-05-01 20:36:11,034][src.modRNN.training.common][INFO] - train epoch 1389 MSE 0.0024 nMSE 0.0205
[2026-05-01 20:36:11,035][src.modRNN.training.common][INFO] - 	 Starting Epoch: 1390
[2026-05-01 20:36:11,366][src.modRNN.training.common][INFO] - train epoch 1390 MSE 0.0022 nMSE 0.0186
[2026-05-01 20:36:11,367][src.modRNN.training.common][INFO] - 	 Starting Epoch: 1391
[2026-05-01 20:36:11,696][src.modRNN.training.common][INFO] - train epoch 1391 MSE 0.0026 nMSE 0.0222
[2026-05-01 20:36:11,697][src.modRNN.training.common][INFO] - 	 Starting Epoch: 1392
[2026-05-01 20:36:12,028][src.modRNN.training.common][INFO] - train epoch 1392 MSE 0.0021 nMSE 0.0180
[2026-05-01 20:36:12,029][src.modRNN.training.common][INFO] - 	 Starting Epoch: 1393
[2026-05-01 20:36:12,359][src.modRNN.training.common][INFO] - train epoch 1393 MSE 0.0033 nMSE 0.0286
[2026-05-01 20:36:12,360][src.modRNN.training.common][INFO] - 	 Starting Epoch: 1394
[2026-05-01 20:36:12,691][src.modRNN.training.common][INFO] - train epoch 1394 MSE 0.0021 nMSE 0.0183
[2026-05-01 20:36:12,692][src.modRNN.training.common][INFO] - 	 Starting Epoch: 1395
[2026-05-01 20:36:13,021][src.modRNN.training.common][INFO] - train epoch 1395 MSE 0.0022 nMSE 0.0186
[2026-05-01 20:36:13,022][src.modRNN.training.common][INFO] - 	 Starting Epoch: 1396
[2026-05-01 20:36:13,354][src.modRNN.training.common][INFO] - train epoch 1396 MSE 0.0023 nMSE 0.0198
[2026-05-01 20:36:13,354][src.modRNN.training.common][INFO] - 	 Starting Epoch: 1397
[2026-05-01 20:36:13,685][src.modRNN.training.common][INFO] - train epoch 1397 MSE 0.0022 nMSE 0.0191
[2026-05-01 20:36:13,686][src.modRNN.training.common][INFO] - 	 Starting Epoch: 1398
[2026-05-01 20:36:14,017][src.modRNN.training.common][INFO] - train epoch 1398 MSE 0.0021 nMSE 0.0184
[2026-05-01 20:36:14,018][src.modRNN.training.common][INFO] - 	 Starting Epoch: 1399
[2026-05-01 20:36:14,348][src.modRNN.training.common][INFO] - train epoch 1399 MSE 0.0022 nMSE 0.0190
[2026-05-01 20:36:14,349][src.modRNN.training.common][INFO] - 	 Starting Epoch: 1400
[2026-05-01 20:36:14,680][src.modRNN.training.common][INFO] - train epoch 1400 MSE 0.0024 nMSE 0.0206
[2026-05-01 20:36:14,681][src.modRNN.training.common][INFO] - 	 Starting Epoch: 1401
[2026-05-01 20:36:15,011][src.modRNN.training.common][INFO] - train epoch 1401 MSE 0.0024 nMSE 0.0210
[2026-05-01 20:36:15,061][src.modRNN.training.common][INFO] - eval  epoch 1401 MSE 0.0021 nMSE 0.0179
[2026-05-01 20:36:15,062][src.modRNN.training.common][INFO] - 	 Starting Epoch: 1402
[2026-05-01 20:36:15,392][src.modRNN.training.common][INFO] - train epoch 1402 MSE 0.0021 nMSE 0.0179
[2026-05-01 20:36:15,393][src.modRNN.training.common][INFO] - 	 Starting Epoch: 1403
[2026-05-01 20:36:15,722][src.modRNN.training.common][INFO] - train epoch 1403 MSE 0.0021 nMSE 0.0183
[2026-05-01 20:36:15,723][src.modRNN.training.common][INFO] - 	 Starting Epoch: 1404
[2026-05-01 20:36:16,053][src.modRNN.training.common][INFO] - train epoch 1404 MSE 0.0023 nMSE 0.0200
[2026-05-01 20:36:16,054][src.modRNN.training.common][INFO] - 	 Starting Epoch: 1405
[2026-05-01 20:36:16,383][src.modRNN.training.common][INFO] - train epoch 1405 MSE 0.0020 nMSE 0.0173
[2026-05-01 20:36:16,384][src.modRNN.training.common][INFO] - 	 Starting Epoch: 1406
[2026-05-01 20:36:16,715][src.modRNN.training.common][INFO] - train epoch 1406 MSE 0.0020 nMSE 0.0175
[2026-05-01 20:36:16,715][src.modRNN.training.common][INFO] - 	 Starting Epoch: 1407
[2026-05-01 20:36:17,045][src.modRNN.training.common][INFO] - train epoch 1407 MSE 0.0018 nMSE 0.0156
[2026-05-01 20:36:17,045][src.modRNN.training.common][INFO] - 	 Starting Epoch: 1408
[2026-05-01 20:36:17,376][src.modRNN.training.common][INFO] - train epoch 1408 MSE 0.0022 nMSE 0.0187
[2026-05-01 20:36:17,377][src.modRNN.training.common][INFO] - 	 Starting Epoch: 1409
[2026-05-01 20:36:17,706][src.modRNN.training.common][INFO] - train epoch 1409 MSE 0.0019 nMSE 0.0160
[2026-05-01 20:36:17,707][src.modRNN.training.common][INFO] - 	 Starting Epoch: 1410
[2026-05-01 20:36:18,038][src.modRNN.training.common][INFO] - train epoch 1410 MSE 0.0026 nMSE 0.0225
[2026-05-01 20:36:18,038][src.modRNN.training.common][INFO] - 	 Starting Epoch: 1411
[2026-05-01 20:36:18,368][src.modRNN.training.common][INFO] - train epoch 1411 MSE 0.0021 nMSE 0.0179
[2026-05-01 20:36:18,369][src.modRNN.training.common][INFO] - 	 Starting Epoch: 1412
[2026-05-01 20:36:18,699][src.modRNN.training.common][INFO] - train epoch 1412 MSE 0.0022 nMSE 0.0187
[2026-05-01 20:36:18,700][src.modRNN.training.common][INFO] - 	 Starting Epoch: 1413
[2026-05-01 20:36:19,029][src.modRNN.training.common][INFO] - train epoch 1413 MSE 0.0016 nMSE 0.0138
[2026-05-01 20:36:19,030][src.modRNN.training.common][INFO] - 	 Starting Epoch: 1414
[2026-05-01 20:36:19,360][src.modRNN.training.common][INFO] - train epoch 1414 MSE 0.0018 nMSE 0.0153
[2026-05-01 20:36:19,361][src.modRNN.training.common][INFO] - 	 Starting Epoch: 1415
[2026-05-01 20:36:19,690][src.modRNN.training.common][INFO] - train epoch 1415 MSE 0.0024 nMSE 0.0210
[2026-05-01 20:36:19,691][src.modRNN.training.common][INFO] - 	 Starting Epoch: 1416
[2026-05-01 20:36:20,022][src.modRNN.training.common][INFO] - train epoch 1416 MSE 0.0019 nMSE 0.0164
[2026-05-01 20:36:20,022][src.modRNN.training.common][INFO] - 	 Starting Epoch: 1417
[2026-05-01 20:36:20,352][src.modRNN.training.common][INFO] - train epoch 1417 MSE 0.0019 nMSE 0.0164
[2026-05-01 20:36:20,353][src.modRNN.training.common][INFO] - 	 Starting Epoch: 1418
[2026-05-01 20:36:20,683][src.modRNN.training.common][INFO] - train epoch 1418 MSE 0.0022 nMSE 0.0191
[2026-05-01 20:36:20,684][src.modRNN.training.common][INFO] - 	 Starting Epoch: 1419
[2026-05-01 20:36:21,013][src.modRNN.training.common][INFO] - train epoch 1419 MSE 0.0018 nMSE 0.0153
[2026-05-01 20:36:21,014][src.modRNN.training.common][INFO] - 	 Starting Epoch: 1420
[2026-05-01 20:36:21,345][src.modRNN.training.common][INFO] - train epoch 1420 MSE 0.0020 nMSE 0.0171
[2026-05-01 20:36:21,346][src.modRNN.training.common][INFO] - 	 Starting Epoch: 1421
[2026-05-01 20:36:21,675][src.modRNN.training.common][INFO] - train epoch 1421 MSE 0.0020 nMSE 0.0170
[2026-05-01 20:36:21,676][src.modRNN.training.common][INFO] - 	 Starting Epoch: 1422
[2026-05-01 20:36:22,007][src.modRNN.training.common][INFO] - train epoch 1422 MSE 0.0018 nMSE 0.0152
[2026-05-01 20:36:22,008][src.modRNN.training.common][INFO] - 	 Starting Epoch: 1423
[2026-05-01 20:36:22,338][src.modRNN.training.common][INFO] - train epoch 1423 MSE 0.0026 nMSE 0.0222
[2026-05-01 20:36:22,338][src.modRNN.training.common][INFO] - 	 Starting Epoch: 1424
[2026-05-01 20:36:22,669][src.modRNN.training.common][INFO] - train epoch 1424 MSE 0.0023 nMSE 0.0200
[2026-05-01 20:36:22,670][src.modRNN.training.common][INFO] - 	 Starting Epoch: 1425
[2026-05-01 20:36:22,999][src.modRNN.training.common][INFO] - train epoch 1425 MSE 0.0021 nMSE 0.0183
[2026-05-01 20:36:23,000][src.modRNN.training.common][INFO] - 	 Starting Epoch: 1426
[2026-05-01 20:36:23,331][src.modRNN.training.common][INFO] - train epoch 1426 MSE 0.0017 nMSE 0.0149
[2026-05-01 20:36:23,381][src.modRNN.training.common][INFO] - eval  epoch 1426 MSE 0.0022 nMSE 0.0189
[2026-05-01 20:36:23,382][src.modRNN.training.common][INFO] - 	 Starting Epoch: 1427
[2026-05-01 20:36:23,711][src.modRNN.training.common][INFO] - train epoch 1427 MSE 0.0022 nMSE 0.0189
[2026-05-01 20:36:23,712][src.modRNN.training.common][INFO] - 	 Starting Epoch: 1428
[2026-05-01 20:36:24,043][src.modRNN.training.common][INFO] - train epoch 1428 MSE 0.0025 nMSE 0.0214
[2026-05-01 20:36:24,044][src.modRNN.training.common][INFO] - 	 Starting Epoch: 1429
[2026-05-01 20:36:24,374][src.modRNN.training.common][INFO] - train epoch 1429 MSE 0.0024 nMSE 0.0204
[2026-05-01 20:36:24,375][src.modRNN.training.common][INFO] - 	 Starting Epoch: 1430
[2026-05-01 20:36:24,706][src.modRNN.training.common][INFO] - train epoch 1430 MSE 0.0020 nMSE 0.0171
[2026-05-01 20:36:24,706][src.modRNN.training.common][INFO] - 	 Starting Epoch: 1431
[2026-05-01 20:36:25,036][src.modRNN.training.common][INFO] - train epoch 1431 MSE 0.0020 nMSE 0.0174
[2026-05-01 20:36:25,037][src.modRNN.training.common][INFO] - 	 Starting Epoch: 1432
[2026-05-01 20:36:25,368][src.modRNN.training.common][INFO] - train epoch 1432 MSE 0.0019 nMSE 0.0163
[2026-05-01 20:36:25,369][src.modRNN.training.common][INFO] - 	 Starting Epoch: 1433
[2026-05-01 20:36:25,699][src.modRNN.training.common][INFO] - train epoch 1433 MSE 0.0018 nMSE 0.0157
[2026-05-01 20:36:25,700][src.modRNN.training.common][INFO] - 	 Starting Epoch: 1434
[2026-05-01 20:36:26,031][src.modRNN.training.common][INFO] - train epoch 1434 MSE 0.0019 nMSE 0.0161
[2026-05-01 20:36:26,031][src.modRNN.training.common][INFO] - 	 Starting Epoch: 1435
[2026-05-01 20:36:26,361][src.modRNN.training.common][INFO] - train epoch 1435 MSE 0.0019 nMSE 0.0164
[2026-05-01 20:36:26,362][src.modRNN.training.common][INFO] - 	 Starting Epoch: 1436
[2026-05-01 20:36:26,693][src.modRNN.training.common][INFO] - train epoch 1436 MSE 0.0019 nMSE 0.0164
[2026-05-01 20:36:26,694][src.modRNN.training.common][INFO] - 	 Starting Epoch: 1437
[2026-05-01 20:36:27,024][src.modRNN.training.common][INFO] - train epoch 1437 MSE 0.0018 nMSE 0.0158
[2026-05-01 20:36:27,025][src.modRNN.training.common][INFO] - 	 Starting Epoch: 1438
[2026-05-01 20:36:27,356][src.modRNN.training.common][INFO] - train epoch 1438 MSE 0.0018 nMSE 0.0155
[2026-05-01 20:36:27,357][src.modRNN.training.common][INFO] - 	 Starting Epoch: 1439
[2026-05-01 20:36:27,687][src.modRNN.training.common][INFO] - train epoch 1439 MSE 0.0024 nMSE 0.0203
[2026-05-01 20:36:27,688][src.modRNN.training.common][INFO] - 	 Starting Epoch: 1440
[2026-05-01 20:36:28,019][src.modRNN.training.common][INFO] - train epoch 1440 MSE 0.0019 nMSE 0.0167
[2026-05-01 20:36:28,020][src.modRNN.training.common][INFO] - 	 Starting Epoch: 1441
[2026-05-01 20:36:28,350][src.modRNN.training.common][INFO] - train epoch 1441 MSE 0.0017 nMSE 0.0145
[2026-05-01 20:36:28,351][src.modRNN.training.common][INFO] - 	 Starting Epoch: 1442
[2026-05-01 20:36:28,682][src.modRNN.training.common][INFO] - train epoch 1442 MSE 0.0022 nMSE 0.0187
[2026-05-01 20:36:28,683][src.modRNN.training.common][INFO] - 	 Starting Epoch: 1443
[2026-05-01 20:36:29,013][src.modRNN.training.common][INFO] - train epoch 1443 MSE 0.0019 nMSE 0.0159
[2026-05-01 20:36:29,014][src.modRNN.training.common][INFO] - 	 Starting Epoch: 1444
[2026-05-01 20:36:29,345][src.modRNN.training.common][INFO] - train epoch 1444 MSE 0.0021 nMSE 0.0177
[2026-05-01 20:36:29,346][src.modRNN.training.common][INFO] - 	 Starting Epoch: 1445
[2026-05-01 20:36:29,675][src.modRNN.training.common][INFO] - train epoch 1445 MSE 0.0023 nMSE 0.0200
[2026-05-01 20:36:29,676][src.modRNN.training.common][INFO] - 	 Starting Epoch: 1446
[2026-05-01 20:36:30,007][src.modRNN.training.common][INFO] - train epoch 1446 MSE 0.0023 nMSE 0.0198
[2026-05-01 20:36:30,008][src.modRNN.training.common][INFO] - 	 Starting Epoch: 1447
[2026-05-01 20:36:30,338][src.modRNN.training.common][INFO] - train epoch 1447 MSE 0.0019 nMSE 0.0161
[2026-05-01 20:36:30,339][src.modRNN.training.common][INFO] - 	 Starting Epoch: 1448
[2026-05-01 20:36:30,670][src.modRNN.training.common][INFO] - train epoch 1448 MSE 0.0037 nMSE 0.0320
[2026-05-01 20:36:30,671][src.modRNN.training.common][INFO] - 	 Starting Epoch: 1449
[2026-05-01 20:36:31,001][src.modRNN.training.common][INFO] - train epoch 1449 MSE 0.0022 nMSE 0.0187
[2026-05-01 20:36:31,002][src.modRNN.training.common][INFO] - 	 Starting Epoch: 1450
[2026-05-01 20:36:31,332][src.modRNN.training.common][INFO] - train epoch 1450 MSE 0.0026 nMSE 0.0223
[2026-05-01 20:36:31,333][src.modRNN.training.common][INFO] - 	 Starting Epoch: 1451
[2026-05-01 20:36:31,661][src.modRNN.training.common][INFO] - train epoch 1451 MSE 0.0020 nMSE 0.0176
[2026-05-01 20:36:31,710][src.modRNN.training.common][INFO] - eval  epoch 1451 MSE 0.0032 nMSE 0.0276
[2026-05-01 20:36:31,710][src.modRNN.training.common][INFO] - 	 Starting Epoch: 1452
[2026-05-01 20:36:32,038][src.modRNN.training.common][INFO] - train epoch 1452 MSE 0.0032 nMSE 0.0276
[2026-05-01 20:36:32,039][src.modRNN.training.common][INFO] - 	 Starting Epoch: 1453
[2026-05-01 20:36:32,365][src.modRNN.training.common][INFO] - train epoch 1453 MSE 0.0021 nMSE 0.0177
[2026-05-01 20:36:32,366][src.modRNN.training.common][INFO] - 	 Starting Epoch: 1454
[2026-05-01 20:36:32,694][src.modRNN.training.common][INFO] - train epoch 1454 MSE 0.0021 nMSE 0.0181
[2026-05-01 20:36:32,695][src.modRNN.training.common][INFO] - 	 Starting Epoch: 1455
[2026-05-01 20:36:33,022][src.modRNN.training.common][INFO] - train epoch 1455 MSE 0.0020 nMSE 0.0176
[2026-05-01 20:36:33,023][src.modRNN.training.common][INFO] - 	 Starting Epoch: 1456
[2026-05-01 20:36:33,351][src.modRNN.training.common][INFO] - train epoch 1456 MSE 0.0024 nMSE 0.0210
[2026-05-01 20:36:33,352][src.modRNN.training.common][INFO] - 	 Starting Epoch: 1457
[2026-05-01 20:36:33,679][src.modRNN.training.common][INFO] - train epoch 1457 MSE 0.0018 nMSE 0.0154
[2026-05-01 20:36:33,680][src.modRNN.training.common][INFO] - 	 Starting Epoch: 1458
[2026-05-01 20:36:34,008][src.modRNN.training.common][INFO] - train epoch 1458 MSE 0.0017 nMSE 0.0150
[2026-05-01 20:36:34,008][src.modRNN.training.common][INFO] - 	 Starting Epoch: 1459
[2026-05-01 20:36:34,335][src.modRNN.training.common][INFO] - train epoch 1459 MSE 0.0025 nMSE 0.0214
[2026-05-01 20:36:34,336][src.modRNN.training.common][INFO] - 	 Starting Epoch: 1460
[2026-05-01 20:36:34,664][src.modRNN.training.common][INFO] - train epoch 1460 MSE 0.0021 nMSE 0.0183
[2026-05-01 20:36:34,665][src.modRNN.training.common][INFO] - 	 Starting Epoch: 1461
[2026-05-01 20:36:34,992][src.modRNN.training.common][INFO] - train epoch 1461 MSE 0.0020 nMSE 0.0176
[2026-05-01 20:36:34,993][src.modRNN.training.common][INFO] - 	 Starting Epoch: 1462
[2026-05-01 20:36:35,321][src.modRNN.training.common][INFO] - train epoch 1462 MSE 0.0021 nMSE 0.0178
[2026-05-01 20:36:35,322][src.modRNN.training.common][INFO] - 	 Starting Epoch: 1463
[2026-05-01 20:36:35,648][src.modRNN.training.common][INFO] - train epoch 1463 MSE 0.0024 nMSE 0.0204
[2026-05-01 20:36:35,649][src.modRNN.training.common][INFO] - 	 Starting Epoch: 1464
[2026-05-01 20:36:35,977][src.modRNN.training.common][INFO] - train epoch 1464 MSE 0.0021 nMSE 0.0180
[2026-05-01 20:36:35,978][src.modRNN.training.common][INFO] - 	 Starting Epoch: 1465
[2026-05-01 20:36:36,305][src.modRNN.training.common][INFO] - train epoch 1465 MSE 0.0018 nMSE 0.0155
[2026-05-01 20:36:36,306][src.modRNN.training.common][INFO] - 	 Starting Epoch: 1466
[2026-05-01 20:36:36,633][src.modRNN.training.common][INFO] - train epoch 1466 MSE 0.0021 nMSE 0.0179
[2026-05-01 20:36:36,634][src.modRNN.training.common][INFO] - 	 Starting Epoch: 1467
[2026-05-01 20:36:36,961][src.modRNN.training.common][INFO] - train epoch 1467 MSE 0.0022 nMSE 0.0190
[2026-05-01 20:36:36,962][src.modRNN.training.common][INFO] - 	 Starting Epoch: 1468
[2026-05-01 20:36:37,289][src.modRNN.training.common][INFO] - train epoch 1468 MSE 0.0022 nMSE 0.0187
[2026-05-01 20:36:37,290][src.modRNN.training.common][INFO] - 	 Starting Epoch: 1469
[2026-05-01 20:36:37,616][src.modRNN.training.common][INFO] - train epoch 1469 MSE 0.0023 nMSE 0.0197
[2026-05-01 20:36:37,617][src.modRNN.training.common][INFO] - 	 Starting Epoch: 1470
[2026-05-01 20:36:37,945][src.modRNN.training.common][INFO] - train epoch 1470 MSE 0.0022 nMSE 0.0189
[2026-05-01 20:36:37,946][src.modRNN.training.common][INFO] - 	 Starting Epoch: 1471
[2026-05-01 20:36:38,272][src.modRNN.training.common][INFO] - train epoch 1471 MSE 0.0020 nMSE 0.0174
[2026-05-01 20:36:38,273][src.modRNN.training.common][INFO] - 	 Starting Epoch: 1472
[2026-05-01 20:36:38,601][src.modRNN.training.common][INFO] - train epoch 1472 MSE 0.0019 nMSE 0.0159
[2026-05-01 20:36:38,602][src.modRNN.training.common][INFO] - 	 Starting Epoch: 1473
[2026-05-01 20:36:38,928][src.modRNN.training.common][INFO] - train epoch 1473 MSE 0.0018 nMSE 0.0157
[2026-05-01 20:36:38,929][src.modRNN.training.common][INFO] - 	 Starting Epoch: 1474
[2026-05-01 20:36:39,257][src.modRNN.training.common][INFO] - train epoch 1474 MSE 0.0018 nMSE 0.0151
[2026-05-01 20:36:39,257][src.modRNN.training.common][INFO] - 	 Starting Epoch: 1475
[2026-05-01 20:36:39,584][src.modRNN.training.common][INFO] - train epoch 1475 MSE 0.0019 nMSE 0.0166
[2026-05-01 20:36:39,584][src.modRNN.training.common][INFO] - 	 Starting Epoch: 1476
[2026-05-01 20:36:39,912][src.modRNN.training.common][INFO] - train epoch 1476 MSE 0.0022 nMSE 0.0187
[2026-05-01 20:36:39,961][src.modRNN.training.common][INFO] - eval  epoch 1476 MSE 0.0018 nMSE 0.0158
[2026-05-01 20:36:39,962][src.modRNN.training.common][INFO] - 	 Starting Epoch: 1477
[2026-05-01 20:36:40,289][src.modRNN.training.common][INFO] - train epoch 1477 MSE 0.0018 nMSE 0.0158
[2026-05-01 20:36:40,290][src.modRNN.training.common][INFO] - 	 Starting Epoch: 1478
[2026-05-01 20:36:40,618][src.modRNN.training.common][INFO] - train epoch 1478 MSE 0.0020 nMSE 0.0168
[2026-05-01 20:36:40,619][src.modRNN.training.common][INFO] - 	 Starting Epoch: 1479
[2026-05-01 20:36:40,947][src.modRNN.training.common][INFO] - train epoch 1479 MSE 0.0020 nMSE 0.0169
[2026-05-01 20:36:40,948][src.modRNN.training.common][INFO] - 	 Starting Epoch: 1480
[2026-05-01 20:36:41,276][src.modRNN.training.common][INFO] - train epoch 1480 MSE 0.0022 nMSE 0.0191
[2026-05-01 20:36:41,277][src.modRNN.training.common][INFO] - 	 Starting Epoch: 1481
[2026-05-01 20:36:41,604][src.modRNN.training.common][INFO] - train epoch 1481 MSE 0.0021 nMSE 0.0181
[2026-05-01 20:36:41,605][src.modRNN.training.common][INFO] - 	 Starting Epoch: 1482
[2026-05-01 20:36:41,934][src.modRNN.training.common][INFO] - train epoch 1482 MSE 0.0021 nMSE 0.0183
[2026-05-01 20:36:41,935][src.modRNN.training.common][INFO] - 	 Starting Epoch: 1483
[2026-05-01 20:36:42,303][src.modRNN.training.common][INFO] - train epoch 1483 MSE 0.0027 nMSE 0.0232
[2026-05-01 20:36:42,304][src.modRNN.training.common][INFO] - 	 Starting Epoch: 1484
[2026-05-01 20:36:42,683][src.modRNN.training.common][INFO] - train epoch 1484 MSE 0.0025 nMSE 0.0213
[2026-05-01 20:36:42,684][src.modRNN.training.common][INFO] - 	 Starting Epoch: 1485
[2026-05-01 20:36:43,039][src.modRNN.training.common][INFO] - train epoch 1485 MSE 0.0020 nMSE 0.0171
[2026-05-01 20:36:43,040][src.modRNN.training.common][INFO] - 	 Starting Epoch: 1486
[2026-05-01 20:36:43,369][src.modRNN.training.common][INFO] - train epoch 1486 MSE 0.0023 nMSE 0.0194
[2026-05-01 20:36:43,370][src.modRNN.training.common][INFO] - 	 Starting Epoch: 1487
[2026-05-01 20:36:43,697][src.modRNN.training.common][INFO] - train epoch 1487 MSE 0.0018 nMSE 0.0158
[2026-05-01 20:36:43,698][src.modRNN.training.common][INFO] - 	 Starting Epoch: 1488
[2026-05-01 20:36:44,026][src.modRNN.training.common][INFO] - train epoch 1488 MSE 0.0020 nMSE 0.0176
[2026-05-01 20:36:44,027][src.modRNN.training.common][INFO] - 	 Starting Epoch: 1489
[2026-05-01 20:36:44,354][src.modRNN.training.common][INFO] - train epoch 1489 MSE 0.0019 nMSE 0.0164
[2026-05-01 20:36:44,355][src.modRNN.training.common][INFO] - 	 Starting Epoch: 1490
[2026-05-01 20:36:44,683][src.modRNN.training.common][INFO] - train epoch 1490 MSE 0.0017 nMSE 0.0149
[2026-05-01 20:36:44,684][src.modRNN.training.common][INFO] - 	 Starting Epoch: 1491
[2026-05-01 20:36:45,011][src.modRNN.training.common][INFO] - train epoch 1491 MSE 0.0022 nMSE 0.0189
[2026-05-01 20:36:45,012][src.modRNN.training.common][INFO] - 	 Starting Epoch: 1492
[2026-05-01 20:36:45,340][src.modRNN.training.common][INFO] - train epoch 1492 MSE 0.0018 nMSE 0.0158
[2026-05-01 20:36:45,341][src.modRNN.training.common][INFO] - 	 Starting Epoch: 1493
[2026-05-01 20:36:45,668][src.modRNN.training.common][INFO] - train epoch 1493 MSE 0.0037 nMSE 0.0317
[2026-05-01 20:36:45,669][src.modRNN.training.common][INFO] - 	 Starting Epoch: 1494
[2026-05-01 20:36:45,997][src.modRNN.training.common][INFO] - train epoch 1494 MSE 0.0020 nMSE 0.0176
[2026-05-01 20:36:45,998][src.modRNN.training.common][INFO] - 	 Starting Epoch: 1495
[2026-05-01 20:36:46,325][src.modRNN.training.common][INFO] - train epoch 1495 MSE 0.0019 nMSE 0.0162
[2026-05-01 20:36:46,326][src.modRNN.training.common][INFO] - 	 Starting Epoch: 1496
[2026-05-01 20:36:46,654][src.modRNN.training.common][INFO] - train epoch 1496 MSE 0.0021 nMSE 0.0184
[2026-05-01 20:36:46,655][src.modRNN.training.common][INFO] - 	 Starting Epoch: 1497
[2026-05-01 20:36:46,982][src.modRNN.training.common][INFO] - train epoch 1497 MSE 0.0020 nMSE 0.0169
[2026-05-01 20:36:46,983][src.modRNN.training.common][INFO] - 	 Starting Epoch: 1498
[2026-05-01 20:36:47,311][src.modRNN.training.common][INFO] - train epoch 1498 MSE 0.0017 nMSE 0.0150
[2026-05-01 20:36:47,312][src.modRNN.training.common][INFO] - 	 Starting Epoch: 1499
[2026-05-01 20:36:47,639][src.modRNN.training.common][INFO] - train epoch 1499 MSE 0.0022 nMSE 0.0189
[2026-05-01 20:36:47,640][src.modRNN.training.common][INFO] - 	 Starting Epoch: 1500
[2026-05-01 20:36:47,968][src.modRNN.training.common][INFO] - train epoch 1500 MSE 0.0025 nMSE 0.0217
[2026-05-01 20:36:47,969][src.modRNN.training.common][INFO] - 	 Starting Epoch: 1501
[2026-05-01 20:36:48,296][src.modRNN.training.common][INFO] - train epoch 1501 MSE 0.0019 nMSE 0.0163
[2026-05-01 20:36:48,345][src.modRNN.training.common][INFO] - eval  epoch 1501 MSE 0.0018 nMSE 0.0154
[2026-05-01 20:36:48,345][src.modRNN.training.common][INFO] - 	 Starting Epoch: 1502
[2026-05-01 20:36:48,674][src.modRNN.training.common][INFO] - train epoch 1502 MSE 0.0018 nMSE 0.0154
[2026-05-01 20:36:48,674][src.modRNN.training.common][INFO] - 	 Starting Epoch: 1503
[2026-05-01 20:36:49,001][src.modRNN.training.common][INFO] - train epoch 1503 MSE 0.0018 nMSE 0.0151
[2026-05-01 20:36:49,002][src.modRNN.training.common][INFO] - 	 Starting Epoch: 1504
[2026-05-01 20:36:49,330][src.modRNN.training.common][INFO] - train epoch 1504 MSE 0.0020 nMSE 0.0170
[2026-05-01 20:36:49,331][src.modRNN.training.common][INFO] - 	 Starting Epoch: 1505
[2026-05-01 20:36:49,658][src.modRNN.training.common][INFO] - train epoch 1505 MSE 0.0023 nMSE 0.0196
[2026-05-01 20:36:49,659][src.modRNN.training.common][INFO] - 	 Starting Epoch: 1506
[2026-05-01 20:36:49,987][src.modRNN.training.common][INFO] - train epoch 1506 MSE 0.0022 nMSE 0.0186
[2026-05-01 20:36:49,988][src.modRNN.training.common][INFO] - 	 Starting Epoch: 1507
[2026-05-01 20:36:50,315][src.modRNN.training.common][INFO] - train epoch 1507 MSE 0.0017 nMSE 0.0147
[2026-05-01 20:36:50,316][src.modRNN.training.common][INFO] - 	 Starting Epoch: 1508
[2026-05-01 20:36:50,644][src.modRNN.training.common][INFO] - train epoch 1508 MSE 0.0021 nMSE 0.0181
[2026-05-01 20:36:50,645][src.modRNN.training.common][INFO] - 	 Starting Epoch: 1509
[2026-05-01 20:36:50,971][src.modRNN.training.common][INFO] - train epoch 1509 MSE 0.0018 nMSE 0.0154
[2026-05-01 20:36:50,972][src.modRNN.training.common][INFO] - 	 Starting Epoch: 1510
[2026-05-01 20:36:51,301][src.modRNN.training.common][INFO] - train epoch 1510 MSE 0.0021 nMSE 0.0177
[2026-05-01 20:36:51,301][src.modRNN.training.common][INFO] - 	 Starting Epoch: 1511
[2026-05-01 20:36:51,628][src.modRNN.training.common][INFO] - train epoch 1511 MSE 0.0017 nMSE 0.0149
[2026-05-01 20:36:51,629][src.modRNN.training.common][INFO] - 	 Starting Epoch: 1512
[2026-05-01 20:36:51,957][src.modRNN.training.common][INFO] - train epoch 1512 MSE 0.0033 nMSE 0.0282
[2026-05-01 20:36:51,958][src.modRNN.training.common][INFO] - 	 Starting Epoch: 1513
[2026-05-01 20:36:52,284][src.modRNN.training.common][INFO] - train epoch 1513 MSE 0.0023 nMSE 0.0197
[2026-05-01 20:36:52,285][src.modRNN.training.common][INFO] - 	 Starting Epoch: 1514
[2026-05-01 20:36:52,612][src.modRNN.training.common][INFO] - train epoch 1514 MSE 0.0018 nMSE 0.0158
[2026-05-01 20:36:52,613][src.modRNN.training.common][INFO] - 	 Starting Epoch: 1515
[2026-05-01 20:36:52,941][src.modRNN.training.common][INFO] - train epoch 1515 MSE 0.0020 nMSE 0.0175
[2026-05-01 20:36:52,941][src.modRNN.training.common][INFO] - 	 Starting Epoch: 1516
[2026-05-01 20:36:53,270][src.modRNN.training.common][INFO] - train epoch 1516 MSE 0.0019 nMSE 0.0167
[2026-05-01 20:36:53,270][src.modRNN.training.common][INFO] - 	 Starting Epoch: 1517
[2026-05-01 20:36:53,597][src.modRNN.training.common][INFO] - train epoch 1517 MSE 0.0022 nMSE 0.0185
[2026-05-01 20:36:53,598][src.modRNN.training.common][INFO] - 	 Starting Epoch: 1518
[2026-05-01 20:36:53,926][src.modRNN.training.common][INFO] - train epoch 1518 MSE 0.0023 nMSE 0.0198
[2026-05-01 20:36:53,927][src.modRNN.training.common][INFO] - 	 Starting Epoch: 1519
[2026-05-01 20:36:54,253][src.modRNN.training.common][INFO] - train epoch 1519 MSE 0.0019 nMSE 0.0162
[2026-05-01 20:36:54,254][src.modRNN.training.common][INFO] - 	 Starting Epoch: 1520
[2026-05-01 20:36:54,583][src.modRNN.training.common][INFO] - train epoch 1520 MSE 0.0027 nMSE 0.0230
[2026-05-01 20:36:54,583][src.modRNN.training.common][INFO] - 	 Starting Epoch: 1521
[2026-05-01 20:36:54,911][src.modRNN.training.common][INFO] - train epoch 1521 MSE 0.0020 nMSE 0.0174
[2026-05-01 20:36:54,911][src.modRNN.training.common][INFO] - 	 Starting Epoch: 1522
[2026-05-01 20:36:55,240][src.modRNN.training.common][INFO] - train epoch 1522 MSE 0.0018 nMSE 0.0154
[2026-05-01 20:36:55,241][src.modRNN.training.common][INFO] - 	 Starting Epoch: 1523
[2026-05-01 20:36:55,568][src.modRNN.training.common][INFO] - train epoch 1523 MSE 0.0018 nMSE 0.0156
[2026-05-01 20:36:55,569][src.modRNN.training.common][INFO] - 	 Starting Epoch: 1524
[2026-05-01 20:36:55,898][src.modRNN.training.common][INFO] - train epoch 1524 MSE 0.0017 nMSE 0.0149
[2026-05-01 20:36:55,898][src.modRNN.training.common][INFO] - 	 Starting Epoch: 1525
[2026-05-01 20:36:56,225][src.modRNN.training.common][INFO] - train epoch 1525 MSE 0.0023 nMSE 0.0199
[2026-05-01 20:36:56,226][src.modRNN.training.common][INFO] - 	 Starting Epoch: 1526
[2026-05-01 20:36:56,554][src.modRNN.training.common][INFO] - train epoch 1526 MSE 0.0021 nMSE 0.0183
[2026-05-01 20:36:56,603][src.modRNN.training.common][INFO] - eval  epoch 1526 MSE 0.0018 nMSE 0.0152
[2026-05-01 20:36:56,604][src.modRNN.training.common][INFO] - 	 Starting Epoch: 1527
[2026-05-01 20:36:56,931][src.modRNN.training.common][INFO] - train epoch 1527 MSE 0.0018 nMSE 0.0152
[2026-05-01 20:36:56,932][src.modRNN.training.common][INFO] - 	 Starting Epoch: 1528
[2026-05-01 20:36:57,261][src.modRNN.training.common][INFO] - train epoch 1528 MSE 0.0023 nMSE 0.0197
[2026-05-01 20:36:57,261][src.modRNN.training.common][INFO] - 	 Starting Epoch: 1529
[2026-05-01 20:36:57,588][src.modRNN.training.common][INFO] - train epoch 1529 MSE 0.0016 nMSE 0.0139
[2026-05-01 20:36:57,589][src.modRNN.training.common][INFO] - 	 Starting Epoch: 1530
[2026-05-01 20:36:57,918][src.modRNN.training.common][INFO] - train epoch 1530 MSE 0.0018 nMSE 0.0156
[2026-05-01 20:36:57,918][src.modRNN.training.common][INFO] - 	 Starting Epoch: 1531
[2026-05-01 20:36:58,245][src.modRNN.training.common][INFO] - train epoch 1531 MSE 0.0019 nMSE 0.0162
[2026-05-01 20:36:58,246][src.modRNN.training.common][INFO] - 	 Starting Epoch: 1532
[2026-05-01 20:36:58,574][src.modRNN.training.common][INFO] - train epoch 1532 MSE 0.0018 nMSE 0.0151
[2026-05-01 20:36:58,575][src.modRNN.training.common][INFO] - 	 Starting Epoch: 1533
[2026-05-01 20:36:58,902][src.modRNN.training.common][INFO] - train epoch 1533 MSE 0.0018 nMSE 0.0151
[2026-05-01 20:36:58,903][src.modRNN.training.common][INFO] - 	 Starting Epoch: 1534
[2026-05-01 20:36:59,231][src.modRNN.training.common][INFO] - train epoch 1534 MSE 0.0017 nMSE 0.0149
[2026-05-01 20:36:59,232][src.modRNN.training.common][INFO] - 	 Starting Epoch: 1535
[2026-05-01 20:36:59,559][src.modRNN.training.common][INFO] - train epoch 1535 MSE 0.0019 nMSE 0.0160
[2026-05-01 20:36:59,560][src.modRNN.training.common][INFO] - 	 Starting Epoch: 1536
[2026-05-01 20:36:59,888][src.modRNN.training.common][INFO] - train epoch 1536 MSE 0.0020 nMSE 0.0170
[2026-05-01 20:36:59,889][src.modRNN.training.common][INFO] - 	 Starting Epoch: 1537
[2026-05-01 20:37:00,216][src.modRNN.training.common][INFO] - train epoch 1537 MSE 0.0015 nMSE 0.0128
[2026-05-01 20:37:00,217][src.modRNN.training.common][INFO] - 	 Starting Epoch: 1538
[2026-05-01 20:37:00,545][src.modRNN.training.common][INFO] - train epoch 1538 MSE 0.0022 nMSE 0.0187
[2026-05-01 20:37:00,546][src.modRNN.training.common][INFO] - 	 Starting Epoch: 1539
[2026-05-01 20:37:00,873][src.modRNN.training.common][INFO] - train epoch 1539 MSE 0.0026 nMSE 0.0225
[2026-05-01 20:37:00,873][src.modRNN.training.common][INFO] - 	 Starting Epoch: 1540
[2026-05-01 20:37:01,202][src.modRNN.training.common][INFO] - train epoch 1540 MSE 0.0024 nMSE 0.0210
[2026-05-01 20:37:01,203][src.modRNN.training.common][INFO] - 	 Starting Epoch: 1541
[2026-05-01 20:37:01,530][src.modRNN.training.common][INFO] - train epoch 1541 MSE 0.0016 nMSE 0.0136
[2026-05-01 20:37:01,531][src.modRNN.training.common][INFO] - 	 Starting Epoch: 1542
[2026-05-01 20:37:01,859][src.modRNN.training.common][INFO] - train epoch 1542 MSE 0.0017 nMSE 0.0142
[2026-05-01 20:37:01,861][src.modRNN.training.common][INFO] - 	 Starting Epoch: 1543
[2026-05-01 20:37:02,196][src.modRNN.training.common][INFO] - train epoch 1543 MSE 0.0024 nMSE 0.0210
[2026-05-01 20:37:02,197][src.modRNN.training.common][INFO] - 	 Starting Epoch: 1544
[2026-05-01 20:37:02,529][src.modRNN.training.common][INFO] - train epoch 1544 MSE 0.0018 nMSE 0.0155
[2026-05-01 20:37:02,530][src.modRNN.training.common][INFO] - 	 Starting Epoch: 1545
[2026-05-01 20:37:02,859][src.modRNN.training.common][INFO] - train epoch 1545 MSE 0.0015 nMSE 0.0128
[2026-05-01 20:37:02,860][src.modRNN.training.common][INFO] - 	 Starting Epoch: 1546
[2026-05-01 20:37:03,191][src.modRNN.training.common][INFO] - train epoch 1546 MSE 0.0016 nMSE 0.0137
[2026-05-01 20:37:03,192][src.modRNN.training.common][INFO] - 	 Starting Epoch: 1547
[2026-05-01 20:37:03,521][src.modRNN.training.common][INFO] - train epoch 1547 MSE 0.0016 nMSE 0.0139
[2026-05-01 20:37:03,522][src.modRNN.training.common][INFO] - 	 Starting Epoch: 1548
[2026-05-01 20:37:03,853][src.modRNN.training.common][INFO] - train epoch 1548 MSE 0.0020 nMSE 0.0170
[2026-05-01 20:37:03,854][src.modRNN.training.common][INFO] - 	 Starting Epoch: 1549
[2026-05-01 20:37:04,183][src.modRNN.training.common][INFO] - train epoch 1549 MSE 0.0016 nMSE 0.0141
[2026-05-01 20:37:04,184][src.modRNN.training.common][INFO] - 	 Starting Epoch: 1550
[2026-05-01 20:37:04,515][src.modRNN.training.common][INFO] - train epoch 1550 MSE 0.0019 nMSE 0.0161
[2026-05-01 20:37:04,516][src.modRNN.training.common][INFO] - 	 Starting Epoch: 1551
[2026-05-01 20:37:04,846][src.modRNN.training.common][INFO] - train epoch 1551 MSE 0.0020 nMSE 0.0175
[2026-05-01 20:37:04,896][src.modRNN.training.common][INFO] - eval  epoch 1551 MSE 0.0024 nMSE 0.0209
[2026-05-01 20:37:04,896][src.modRNN.training.common][INFO] - 	 Starting Epoch: 1552
[2026-05-01 20:37:05,227][src.modRNN.training.common][INFO] - train epoch 1552 MSE 0.0024 nMSE 0.0209
[2026-05-01 20:37:05,228][src.modRNN.training.common][INFO] - 	 Starting Epoch: 1553
[2026-05-01 20:37:05,557][src.modRNN.training.common][INFO] - train epoch 1553 MSE 0.0019 nMSE 0.0167
[2026-05-01 20:37:05,558][src.modRNN.training.common][INFO] - 	 Starting Epoch: 1554
[2026-05-01 20:37:05,889][src.modRNN.training.common][INFO] - train epoch 1554 MSE 0.0024 nMSE 0.0204
[2026-05-01 20:37:05,890][src.modRNN.training.common][INFO] - 	 Starting Epoch: 1555
[2026-05-01 20:37:06,219][src.modRNN.training.common][INFO] - train epoch 1555 MSE 0.0019 nMSE 0.0165
[2026-05-01 20:37:06,220][src.modRNN.training.common][INFO] - 	 Starting Epoch: 1556
[2026-05-01 20:37:06,551][src.modRNN.training.common][INFO] - train epoch 1556 MSE 0.0020 nMSE 0.0170
[2026-05-01 20:37:06,552][src.modRNN.training.common][INFO] - 	 Starting Epoch: 1557
[2026-05-01 20:37:06,881][src.modRNN.training.common][INFO] - train epoch 1557 MSE 0.0019 nMSE 0.0161
[2026-05-01 20:37:06,882][src.modRNN.training.common][INFO] - 	 Starting Epoch: 1558
[2026-05-01 20:37:07,213][src.modRNN.training.common][INFO] - train epoch 1558 MSE 0.0017 nMSE 0.0147
[2026-05-01 20:37:07,213][src.modRNN.training.common][INFO] - 	 Starting Epoch: 1559
[2026-05-01 20:37:07,544][src.modRNN.training.common][INFO] - train epoch 1559 MSE 0.0017 nMSE 0.0145
[2026-05-01 20:37:07,545][src.modRNN.training.common][INFO] - 	 Starting Epoch: 1560
[2026-05-01 20:37:07,876][src.modRNN.training.common][INFO] - train epoch 1560 MSE 0.0018 nMSE 0.0154
[2026-05-01 20:37:07,877][src.modRNN.training.common][INFO] - 	 Starting Epoch: 1561
[2026-05-01 20:37:08,206][src.modRNN.training.common][INFO] - train epoch 1561 MSE 0.0019 nMSE 0.0163
[2026-05-01 20:37:08,207][src.modRNN.training.common][INFO] - 	 Starting Epoch: 1562
[2026-05-01 20:37:08,538][src.modRNN.training.common][INFO] - train epoch 1562 MSE 0.0018 nMSE 0.0155
[2026-05-01 20:37:08,539][src.modRNN.training.common][INFO] - 	 Starting Epoch: 1563
[2026-05-01 20:37:08,868][src.modRNN.training.common][INFO] - train epoch 1563 MSE 0.0020 nMSE 0.0171
[2026-05-01 20:37:08,869][src.modRNN.training.common][INFO] - 	 Starting Epoch: 1564
[2026-05-01 20:37:09,200][src.modRNN.training.common][INFO] - train epoch 1564 MSE 0.0019 nMSE 0.0161
[2026-05-01 20:37:09,201][src.modRNN.training.common][INFO] - 	 Starting Epoch: 1565
[2026-05-01 20:37:09,530][src.modRNN.training.common][INFO] - train epoch 1565 MSE 0.0020 nMSE 0.0169
[2026-05-01 20:37:09,531][src.modRNN.training.common][INFO] - 	 Starting Epoch: 1566
[2026-05-01 20:37:09,862][src.modRNN.training.common][INFO] - train epoch 1566 MSE 0.0017 nMSE 0.0144
[2026-05-01 20:37:09,863][src.modRNN.training.common][INFO] - 	 Starting Epoch: 1567
[2026-05-01 20:37:10,193][src.modRNN.training.common][INFO] - train epoch 1567 MSE 0.0019 nMSE 0.0165
[2026-05-01 20:37:10,194][src.modRNN.training.common][INFO] - 	 Starting Epoch: 1568
[2026-05-01 20:37:10,525][src.modRNN.training.common][INFO] - train epoch 1568 MSE 0.0021 nMSE 0.0177
[2026-05-01 20:37:10,526][src.modRNN.training.common][INFO] - 	 Starting Epoch: 1569
[2026-05-01 20:37:10,855][src.modRNN.training.common][INFO] - train epoch 1569 MSE 0.0023 nMSE 0.0197
[2026-05-01 20:37:10,856][src.modRNN.training.common][INFO] - 	 Starting Epoch: 1570
[2026-05-01 20:37:11,187][src.modRNN.training.common][INFO] - train epoch 1570 MSE 0.0018 nMSE 0.0156
[2026-05-01 20:37:11,187][src.modRNN.training.common][INFO] - 	 Starting Epoch: 1571
[2026-05-01 20:37:11,517][src.modRNN.training.common][INFO] - train epoch 1571 MSE 0.0019 nMSE 0.0162
[2026-05-01 20:37:11,518][src.modRNN.training.common][INFO] - 	 Starting Epoch: 1572
[2026-05-01 20:37:11,849][src.modRNN.training.common][INFO] - train epoch 1572 MSE 0.0017 nMSE 0.0151
[2026-05-01 20:37:11,849][src.modRNN.training.common][INFO] - 	 Starting Epoch: 1573
[2026-05-01 20:37:12,179][src.modRNN.training.common][INFO] - train epoch 1573 MSE 0.0040 nMSE 0.0345
[2026-05-01 20:37:12,180][src.modRNN.training.common][INFO] - 	 Starting Epoch: 1574
[2026-05-01 20:37:12,510][src.modRNN.training.common][INFO] - train epoch 1574 MSE 0.0020 nMSE 0.0168
[2026-05-01 20:37:12,511][src.modRNN.training.common][INFO] - 	 Starting Epoch: 1575
[2026-05-01 20:37:12,841][src.modRNN.training.common][INFO] - train epoch 1575 MSE 0.0023 nMSE 0.0195
[2026-05-01 20:37:12,841][src.modRNN.training.common][INFO] - 	 Starting Epoch: 1576
[2026-05-01 20:37:13,172][src.modRNN.training.common][INFO] - train epoch 1576 MSE 0.0017 nMSE 0.0150
[2026-05-01 20:37:13,222][src.modRNN.training.common][INFO] - eval  epoch 1576 MSE 0.0016 nMSE 0.0142
[2026-05-01 20:37:13,223][src.modRNN.training.common][INFO] - 	 Starting Epoch: 1577
[2026-05-01 20:37:13,552][src.modRNN.training.common][INFO] - train epoch 1577 MSE 0.0016 nMSE 0.0142
[2026-05-01 20:37:13,553][src.modRNN.training.common][INFO] - 	 Starting Epoch: 1578
[2026-05-01 20:37:13,884][src.modRNN.training.common][INFO] - train epoch 1578 MSE 0.0017 nMSE 0.0142
[2026-05-01 20:37:13,885][src.modRNN.training.common][INFO] - 	 Starting Epoch: 1579
[2026-05-01 20:37:14,215][src.modRNN.training.common][INFO] - train epoch 1579 MSE 0.0026 nMSE 0.0222
[2026-05-01 20:37:14,216][src.modRNN.training.common][INFO] - 	 Starting Epoch: 1580
[2026-05-01 20:37:14,546][src.modRNN.training.common][INFO] - train epoch 1580 MSE 0.0016 nMSE 0.0139
[2026-05-01 20:37:14,547][src.modRNN.training.common][INFO] - 	 Starting Epoch: 1581
[2026-05-01 20:37:14,877][src.modRNN.training.common][INFO] - train epoch 1581 MSE 0.0022 nMSE 0.0192
[2026-05-01 20:37:14,878][src.modRNN.training.common][INFO] - 	 Starting Epoch: 1582
[2026-05-01 20:37:15,209][src.modRNN.training.common][INFO] - train epoch 1582 MSE 0.0016 nMSE 0.0140
[2026-05-01 20:37:15,209][src.modRNN.training.common][INFO] - 	 Starting Epoch: 1583
[2026-05-01 20:37:15,539][src.modRNN.training.common][INFO] - train epoch 1583 MSE 0.0020 nMSE 0.0170
[2026-05-01 20:37:15,540][src.modRNN.training.common][INFO] - 	 Starting Epoch: 1584
[2026-05-01 20:37:15,871][src.modRNN.training.common][INFO] - train epoch 1584 MSE 0.0017 nMSE 0.0150
[2026-05-01 20:37:15,872][src.modRNN.training.common][INFO] - 	 Starting Epoch: 1585
[2026-05-01 20:37:16,201][src.modRNN.training.common][INFO] - train epoch 1585 MSE 0.0018 nMSE 0.0154
[2026-05-01 20:37:16,202][src.modRNN.training.common][INFO] - 	 Starting Epoch: 1586
[2026-05-01 20:37:16,533][src.modRNN.training.common][INFO] - train epoch 1586 MSE 0.0018 nMSE 0.0152
[2026-05-01 20:37:16,534][src.modRNN.training.common][INFO] - 	 Starting Epoch: 1587
[2026-05-01 20:37:16,863][src.modRNN.training.common][INFO] - train epoch 1587 MSE 0.0018 nMSE 0.0154
[2026-05-01 20:37:16,864][src.modRNN.training.common][INFO] - 	 Starting Epoch: 1588
[2026-05-01 20:37:17,195][src.modRNN.training.common][INFO] - train epoch 1588 MSE 0.0019 nMSE 0.0167
[2026-05-01 20:37:17,196][src.modRNN.training.common][INFO] - 	 Starting Epoch: 1589
[2026-05-01 20:37:17,525][src.modRNN.training.common][INFO] - train epoch 1589 MSE 0.0022 nMSE 0.0189
[2026-05-01 20:37:17,526][src.modRNN.training.common][INFO] - 	 Starting Epoch: 1590
[2026-05-01 20:37:17,857][src.modRNN.training.common][INFO] - train epoch 1590 MSE 0.0018 nMSE 0.0151
[2026-05-01 20:37:17,858][src.modRNN.training.common][INFO] - 	 Starting Epoch: 1591
[2026-05-01 20:37:18,188][src.modRNN.training.common][INFO] - train epoch 1591 MSE 0.0019 nMSE 0.0161
[2026-05-01 20:37:18,189][src.modRNN.training.common][INFO] - 	 Starting Epoch: 1592
[2026-05-01 20:37:18,520][src.modRNN.training.common][INFO] - train epoch 1592 MSE 0.0018 nMSE 0.0158
[2026-05-01 20:37:18,521][src.modRNN.training.common][INFO] - 	 Starting Epoch: 1593
[2026-05-01 20:37:18,850][src.modRNN.training.common][INFO] - train epoch 1593 MSE 0.0019 nMSE 0.0167
[2026-05-01 20:37:18,851][src.modRNN.training.common][INFO] - 	 Starting Epoch: 1594
[2026-05-01 20:37:19,182][src.modRNN.training.common][INFO] - train epoch 1594 MSE 0.0017 nMSE 0.0146
[2026-05-01 20:37:19,183][src.modRNN.training.common][INFO] - 	 Starting Epoch: 1595
[2026-05-01 20:37:19,512][src.modRNN.training.common][INFO] - train epoch 1595 MSE 0.0024 nMSE 0.0208
[2026-05-01 20:37:19,513][src.modRNN.training.common][INFO] - 	 Starting Epoch: 1596
[2026-05-01 20:37:19,844][src.modRNN.training.common][INFO] - train epoch 1596 MSE 0.0020 nMSE 0.0172
[2026-05-01 20:37:19,845][src.modRNN.training.common][INFO] - 	 Starting Epoch: 1597
[2026-05-01 20:37:20,174][src.modRNN.training.common][INFO] - train epoch 1597 MSE 0.0017 nMSE 0.0147
[2026-05-01 20:37:20,175][src.modRNN.training.common][INFO] - 	 Starting Epoch: 1598
[2026-05-01 20:37:20,506][src.modRNN.training.common][INFO] - train epoch 1598 MSE 0.0018 nMSE 0.0159
[2026-05-01 20:37:20,507][src.modRNN.training.common][INFO] - 	 Starting Epoch: 1599
[2026-05-01 20:37:20,837][src.modRNN.training.common][INFO] - train epoch 1599 MSE 0.0024 nMSE 0.0210
[2026-05-01 20:37:20,837][src.modRNN.training.common][INFO] - 	 Starting Epoch: 1600
[2026-05-01 20:37:21,169][src.modRNN.training.common][INFO] - train epoch 1600 MSE 0.0016 nMSE 0.0134
[2026-05-01 20:37:21,170][src.modRNN.training.common][INFO] - 	 Starting Epoch: 1601
[2026-05-01 20:37:21,499][src.modRNN.training.common][INFO] - train epoch 1601 MSE 0.0018 nMSE 0.0158
[2026-05-01 20:37:21,549][src.modRNN.training.common][INFO] - eval  epoch 1601 MSE 0.0020 nMSE 0.0169
[2026-05-01 20:37:21,550][src.modRNN.training.common][INFO] - 	 Starting Epoch: 1602
[2026-05-01 20:37:21,880][src.modRNN.training.common][INFO] - train epoch 1602 MSE 0.0020 nMSE 0.0169
[2026-05-01 20:37:21,881][src.modRNN.training.common][INFO] - 	 Starting Epoch: 1603
[2026-05-01 20:37:22,211][src.modRNN.training.common][INFO] - train epoch 1603 MSE 0.0017 nMSE 0.0148
[2026-05-01 20:37:22,212][src.modRNN.training.common][INFO] - 	 Starting Epoch: 1604
[2026-05-01 20:37:22,542][src.modRNN.training.common][INFO] - train epoch 1604 MSE 0.0017 nMSE 0.0146
[2026-05-01 20:37:22,543][src.modRNN.training.common][INFO] - 	 Starting Epoch: 1605
[2026-05-01 20:37:22,872][src.modRNN.training.common][INFO] - train epoch 1605 MSE 0.0022 nMSE 0.0189
[2026-05-01 20:37:22,873][src.modRNN.training.common][INFO] - 	 Starting Epoch: 1606
[2026-05-01 20:37:23,204][src.modRNN.training.common][INFO] - train epoch 1606 MSE 0.0023 nMSE 0.0194
[2026-05-01 20:37:23,205][src.modRNN.training.common][INFO] - 	 Starting Epoch: 1607
[2026-05-01 20:37:23,535][src.modRNN.training.common][INFO] - train epoch 1607 MSE 0.0026 nMSE 0.0228
[2026-05-01 20:37:23,536][src.modRNN.training.common][INFO] - 	 Starting Epoch: 1608
[2026-05-01 20:37:23,866][src.modRNN.training.common][INFO] - train epoch 1608 MSE 0.0018 nMSE 0.0152
[2026-05-01 20:37:23,867][src.modRNN.training.common][INFO] - 	 Starting Epoch: 1609
[2026-05-01 20:37:24,197][src.modRNN.training.common][INFO] - train epoch 1609 MSE 0.0019 nMSE 0.0165
[2026-05-01 20:37:24,198][src.modRNN.training.common][INFO] - 	 Starting Epoch: 1610
[2026-05-01 20:37:24,528][src.modRNN.training.common][INFO] - train epoch 1610 MSE 0.0023 nMSE 0.0198
[2026-05-01 20:37:24,529][src.modRNN.training.common][INFO] - 	 Starting Epoch: 1611
[2026-05-01 20:37:24,859][src.modRNN.training.common][INFO] - train epoch 1611 MSE 0.0018 nMSE 0.0151
[2026-05-01 20:37:24,860][src.modRNN.training.common][INFO] - 	 Starting Epoch: 1612
[2026-05-01 20:37:25,190][src.modRNN.training.common][INFO] - train epoch 1612 MSE 0.0023 nMSE 0.0195
[2026-05-01 20:37:25,191][src.modRNN.training.common][INFO] - 	 Starting Epoch: 1613
[2026-05-01 20:37:25,521][src.modRNN.training.common][INFO] - train epoch 1613 MSE 0.0021 nMSE 0.0178
[2026-05-01 20:37:25,521][src.modRNN.training.common][INFO] - 	 Starting Epoch: 1614
[2026-05-01 20:37:25,852][src.modRNN.training.common][INFO] - train epoch 1614 MSE 0.0020 nMSE 0.0175
[2026-05-01 20:37:25,853][src.modRNN.training.common][INFO] - 	 Starting Epoch: 1615
[2026-05-01 20:37:26,182][src.modRNN.training.common][INFO] - train epoch 1615 MSE 0.0018 nMSE 0.0151
[2026-05-01 20:37:26,183][src.modRNN.training.common][INFO] - 	 Starting Epoch: 1616
[2026-05-01 20:37:26,514][src.modRNN.training.common][INFO] - train epoch 1616 MSE 0.0019 nMSE 0.0160
[2026-05-01 20:37:26,515][src.modRNN.training.common][INFO] - 	 Starting Epoch: 1617
[2026-05-01 20:37:26,844][src.modRNN.training.common][INFO] - train epoch 1617 MSE 0.0021 nMSE 0.0182
[2026-05-01 20:37:26,845][src.modRNN.training.common][INFO] - 	 Starting Epoch: 1618
[2026-05-01 20:37:27,176][src.modRNN.training.common][INFO] - train epoch 1618 MSE 0.0022 nMSE 0.0190
[2026-05-01 20:37:27,177][src.modRNN.training.common][INFO] - 	 Starting Epoch: 1619
[2026-05-01 20:37:27,506][src.modRNN.training.common][INFO] - train epoch 1619 MSE 0.0018 nMSE 0.0159
[2026-05-01 20:37:27,507][src.modRNN.training.common][INFO] - 	 Starting Epoch: 1620
[2026-05-01 20:37:27,838][src.modRNN.training.common][INFO] - train epoch 1620 MSE 0.0017 nMSE 0.0144
[2026-05-01 20:37:27,839][src.modRNN.training.common][INFO] - 	 Starting Epoch: 1621
[2026-05-01 20:37:28,168][src.modRNN.training.common][INFO] - train epoch 1621 MSE 0.0015 nMSE 0.0129
[2026-05-01 20:37:28,169][src.modRNN.training.common][INFO] - 	 Starting Epoch: 1622
[2026-05-01 20:37:28,500][src.modRNN.training.common][INFO] - train epoch 1622 MSE 0.0023 nMSE 0.0194
[2026-05-01 20:37:28,501][src.modRNN.training.common][INFO] - 	 Starting Epoch: 1623
[2026-05-01 20:37:28,830][src.modRNN.training.common][INFO] - train epoch 1623 MSE 0.0020 nMSE 0.0173
[2026-05-01 20:37:28,831][src.modRNN.training.common][INFO] - 	 Starting Epoch: 1624
[2026-05-01 20:37:29,162][src.modRNN.training.common][INFO] - train epoch 1624 MSE 0.0022 nMSE 0.0186
[2026-05-01 20:37:29,162][src.modRNN.training.common][INFO] - 	 Starting Epoch: 1625
[2026-05-01 20:37:29,492][src.modRNN.training.common][INFO] - train epoch 1625 MSE 0.0015 nMSE 0.0130
[2026-05-01 20:37:29,493][src.modRNN.training.common][INFO] - 	 Starting Epoch: 1626
[2026-05-01 20:37:29,823][src.modRNN.training.common][INFO] - train epoch 1626 MSE 0.0019 nMSE 0.0163
[2026-05-01 20:37:29,874][src.modRNN.training.common][INFO] - eval  epoch 1626 MSE 0.0021 nMSE 0.0181
[2026-05-01 20:37:29,874][src.modRNN.training.common][INFO] - 	 Starting Epoch: 1627
[2026-05-01 20:37:30,204][src.modRNN.training.common][INFO] - train epoch 1627 MSE 0.0021 nMSE 0.0181
[2026-05-01 20:37:30,205][src.modRNN.training.common][INFO] - 	 Starting Epoch: 1628
[2026-05-01 20:37:30,536][src.modRNN.training.common][INFO] - train epoch 1628 MSE 0.0020 nMSE 0.0175
[2026-05-01 20:37:30,537][src.modRNN.training.common][INFO] - 	 Starting Epoch: 1629
[2026-05-01 20:37:30,866][src.modRNN.training.common][INFO] - train epoch 1629 MSE 0.0017 nMSE 0.0149
[2026-05-01 20:37:30,867][src.modRNN.training.common][INFO] - 	 Starting Epoch: 1630
[2026-05-01 20:37:31,198][src.modRNN.training.common][INFO] - train epoch 1630 MSE 0.0017 nMSE 0.0146
[2026-05-01 20:37:31,199][src.modRNN.training.common][INFO] - 	 Starting Epoch: 1631
[2026-05-01 20:37:31,526][src.modRNN.training.common][INFO] - train epoch 1631 MSE 0.0018 nMSE 0.0159
[2026-05-01 20:37:31,527][src.modRNN.training.common][INFO] - 	 Starting Epoch: 1632
[2026-05-01 20:37:31,855][src.modRNN.training.common][INFO] - train epoch 1632 MSE 0.0019 nMSE 0.0160
[2026-05-01 20:37:31,856][src.modRNN.training.common][INFO] - 	 Starting Epoch: 1633
[2026-05-01 20:37:32,184][src.modRNN.training.common][INFO] - train epoch 1633 MSE 0.0019 nMSE 0.0166
[2026-05-01 20:37:32,185][src.modRNN.training.common][INFO] - 	 Starting Epoch: 1634
[2026-05-01 20:37:32,513][src.modRNN.training.common][INFO] - train epoch 1634 MSE 0.0020 nMSE 0.0169
[2026-05-01 20:37:32,514][src.modRNN.training.common][INFO] - 	 Starting Epoch: 1635
[2026-05-01 20:37:32,842][src.modRNN.training.common][INFO] - train epoch 1635 MSE 0.0017 nMSE 0.0147
[2026-05-01 20:37:32,843][src.modRNN.training.common][INFO] - 	 Starting Epoch: 1636
[2026-05-01 20:37:33,171][src.modRNN.training.common][INFO] - train epoch 1636 MSE 0.0016 nMSE 0.0136
[2026-05-01 20:37:33,172][src.modRNN.training.common][INFO] - 	 Starting Epoch: 1637
[2026-05-01 20:37:33,499][src.modRNN.training.common][INFO] - train epoch 1637 MSE 0.0018 nMSE 0.0154
[2026-05-01 20:37:33,500][src.modRNN.training.common][INFO] - 	 Starting Epoch: 1638
[2026-05-01 20:37:33,829][src.modRNN.training.common][INFO] - train epoch 1638 MSE 0.0016 nMSE 0.0137
[2026-05-01 20:37:33,830][src.modRNN.training.common][INFO] - 	 Starting Epoch: 1639
[2026-05-01 20:37:34,157][src.modRNN.training.common][INFO] - train epoch 1639 MSE 0.0018 nMSE 0.0157
[2026-05-01 20:37:34,158][src.modRNN.training.common][INFO] - 	 Starting Epoch: 1640
[2026-05-01 20:37:34,486][src.modRNN.training.common][INFO] - train epoch 1640 MSE 0.0019 nMSE 0.0162
[2026-05-01 20:37:34,487][src.modRNN.training.common][INFO] - 	 Starting Epoch: 1641
[2026-05-01 20:37:34,813][src.modRNN.training.common][INFO] - train epoch 1641 MSE 0.0023 nMSE 0.0199
[2026-05-01 20:37:34,814][src.modRNN.training.common][INFO] - 	 Starting Epoch: 1642
[2026-05-01 20:37:35,142][src.modRNN.training.common][INFO] - train epoch 1642 MSE 0.0015 nMSE 0.0133
[2026-05-01 20:37:35,143][src.modRNN.training.common][INFO] - 	 Starting Epoch: 1643
[2026-05-01 20:37:35,470][src.modRNN.training.common][INFO] - train epoch 1643 MSE 0.0016 nMSE 0.0135
[2026-05-01 20:37:35,471][src.modRNN.training.common][INFO] - 	 Starting Epoch: 1644
[2026-05-01 20:37:35,799][src.modRNN.training.common][INFO] - train epoch 1644 MSE 0.0017 nMSE 0.0147
[2026-05-01 20:37:35,800][src.modRNN.training.common][INFO] - 	 Starting Epoch: 1645
[2026-05-01 20:37:36,127][src.modRNN.training.common][INFO] - train epoch 1645 MSE 0.0026 nMSE 0.0220
[2026-05-01 20:37:36,128][src.modRNN.training.common][INFO] - 	 Starting Epoch: 1646
[2026-05-01 20:37:36,456][src.modRNN.training.common][INFO] - train epoch 1646 MSE 0.0017 nMSE 0.0148
[2026-05-01 20:37:36,457][src.modRNN.training.common][INFO] - 	 Starting Epoch: 1647
[2026-05-01 20:37:36,784][src.modRNN.training.common][INFO] - train epoch 1647 MSE 0.0016 nMSE 0.0139
[2026-05-01 20:37:36,785][src.modRNN.training.common][INFO] - 	 Starting Epoch: 1648
[2026-05-01 20:37:37,113][src.modRNN.training.common][INFO] - train epoch 1648 MSE 0.0020 nMSE 0.0170
[2026-05-01 20:37:37,114][src.modRNN.training.common][INFO] - 	 Starting Epoch: 1649
[2026-05-01 20:37:37,441][src.modRNN.training.common][INFO] - train epoch 1649 MSE 0.0016 nMSE 0.0142
[2026-05-01 20:37:37,442][src.modRNN.training.common][INFO] - 	 Starting Epoch: 1650
[2026-05-01 20:37:37,770][src.modRNN.training.common][INFO] - train epoch 1650 MSE 0.0017 nMSE 0.0143
[2026-05-01 20:37:37,771][src.modRNN.training.common][INFO] - 	 Starting Epoch: 1651
[2026-05-01 20:37:38,098][src.modRNN.training.common][INFO] - train epoch 1651 MSE 0.0018 nMSE 0.0151
[2026-05-01 20:37:38,147][src.modRNN.training.common][INFO] - eval  epoch 1651 MSE 0.0018 nMSE 0.0157
[2026-05-01 20:37:38,148][src.modRNN.training.common][INFO] - 	 Starting Epoch: 1652
[2026-05-01 20:37:38,475][src.modRNN.training.common][INFO] - train epoch 1652 MSE 0.0018 nMSE 0.0157
[2026-05-01 20:37:38,476][src.modRNN.training.common][INFO] - 	 Starting Epoch: 1653
[2026-05-01 20:37:38,803][src.modRNN.training.common][INFO] - train epoch 1653 MSE 0.0021 nMSE 0.0179
[2026-05-01 20:37:38,803][src.modRNN.training.common][INFO] - 	 Starting Epoch: 1654
[2026-05-01 20:37:39,131][src.modRNN.training.common][INFO] - train epoch 1654 MSE 0.0016 nMSE 0.0140
[2026-05-01 20:37:39,132][src.modRNN.training.common][INFO] - 	 Starting Epoch: 1655
[2026-05-01 20:37:39,459][src.modRNN.training.common][INFO] - train epoch 1655 MSE 0.0018 nMSE 0.0153
[2026-05-01 20:37:39,460][src.modRNN.training.common][INFO] - 	 Starting Epoch: 1656
[2026-05-01 20:37:39,788][src.modRNN.training.common][INFO] - train epoch 1656 MSE 0.0021 nMSE 0.0182
[2026-05-01 20:37:39,789][src.modRNN.training.common][INFO] - 	 Starting Epoch: 1657
[2026-05-01 20:37:40,116][src.modRNN.training.common][INFO] - train epoch 1657 MSE 0.0022 nMSE 0.0191
[2026-05-01 20:37:40,117][src.modRNN.training.common][INFO] - 	 Starting Epoch: 1658
[2026-05-01 20:37:40,445][src.modRNN.training.common][INFO] - train epoch 1658 MSE 0.0019 nMSE 0.0163
[2026-05-01 20:37:40,446][src.modRNN.training.common][INFO] - 	 Starting Epoch: 1659
[2026-05-01 20:37:40,773][src.modRNN.training.common][INFO] - train epoch 1659 MSE 0.0016 nMSE 0.0137
[2026-05-01 20:37:40,774][src.modRNN.training.common][INFO] - 	 Starting Epoch: 1660
[2026-05-01 20:37:41,102][src.modRNN.training.common][INFO] - train epoch 1660 MSE 0.0019 nMSE 0.0166
[2026-05-01 20:37:41,102][src.modRNN.training.common][INFO] - 	 Starting Epoch: 1661
[2026-05-01 20:37:41,429][src.modRNN.training.common][INFO] - train epoch 1661 MSE 0.0015 nMSE 0.0129
[2026-05-01 20:37:41,430][src.modRNN.training.common][INFO] - 	 Starting Epoch: 1662
[2026-05-01 20:37:41,758][src.modRNN.training.common][INFO] - train epoch 1662 MSE 0.0017 nMSE 0.0150
[2026-05-01 20:37:41,759][src.modRNN.training.common][INFO] - 	 Starting Epoch: 1663
[2026-05-01 20:37:42,087][src.modRNN.training.common][INFO] - train epoch 1663 MSE 0.0021 nMSE 0.0183
[2026-05-01 20:37:42,088][src.modRNN.training.common][INFO] - 	 Starting Epoch: 1664
[2026-05-01 20:37:42,468][src.modRNN.training.common][INFO] - train epoch 1664 MSE 0.0024 nMSE 0.0206
[2026-05-01 20:37:42,469][src.modRNN.training.common][INFO] - 	 Starting Epoch: 1665
[2026-05-01 20:37:42,859][src.modRNN.training.common][INFO] - train epoch 1665 MSE 0.0016 nMSE 0.0140
[2026-05-01 20:37:42,859][src.modRNN.training.common][INFO] - 	 Starting Epoch: 1666
[2026-05-01 20:37:43,189][src.modRNN.training.common][INFO] - train epoch 1666 MSE 0.0016 nMSE 0.0137
[2026-05-01 20:37:43,190][src.modRNN.training.common][INFO] - 	 Starting Epoch: 1667
[2026-05-01 20:37:43,517][src.modRNN.training.common][INFO] - train epoch 1667 MSE 0.0023 nMSE 0.0195
[2026-05-01 20:37:43,518][src.modRNN.training.common][INFO] - 	 Starting Epoch: 1668
[2026-05-01 20:37:43,846][src.modRNN.training.common][INFO] - train epoch 1668 MSE 0.0018 nMSE 0.0158
[2026-05-01 20:37:43,847][src.modRNN.training.common][INFO] - 	 Starting Epoch: 1669
[2026-05-01 20:37:44,173][src.modRNN.training.common][INFO] - train epoch 1669 MSE 0.0018 nMSE 0.0153
[2026-05-01 20:37:44,174][src.modRNN.training.common][INFO] - 	 Starting Epoch: 1670
[2026-05-01 20:37:44,502][src.modRNN.training.common][INFO] - train epoch 1670 MSE 0.0023 nMSE 0.0196
[2026-05-01 20:37:44,503][src.modRNN.training.common][INFO] - 	 Starting Epoch: 1671
[2026-05-01 20:37:44,830][src.modRNN.training.common][INFO] - train epoch 1671 MSE 0.0020 nMSE 0.0172
[2026-05-01 20:37:44,830][src.modRNN.training.common][INFO] - 	 Starting Epoch: 1672
[2026-05-01 20:37:45,158][src.modRNN.training.common][INFO] - train epoch 1672 MSE 0.0015 nMSE 0.0133
[2026-05-01 20:37:45,159][src.modRNN.training.common][INFO] - 	 Starting Epoch: 1673
[2026-05-01 20:37:45,486][src.modRNN.training.common][INFO] - train epoch 1673 MSE 0.0022 nMSE 0.0187
[2026-05-01 20:37:45,487][src.modRNN.training.common][INFO] - 	 Starting Epoch: 1674
[2026-05-01 20:37:45,815][src.modRNN.training.common][INFO] - train epoch 1674 MSE 0.0023 nMSE 0.0197
[2026-05-01 20:37:45,816][src.modRNN.training.common][INFO] - 	 Starting Epoch: 1675
[2026-05-01 20:37:46,142][src.modRNN.training.common][INFO] - train epoch 1675 MSE 0.0016 nMSE 0.0140
[2026-05-01 20:37:46,143][src.modRNN.training.common][INFO] - 	 Starting Epoch: 1676
[2026-05-01 20:37:46,471][src.modRNN.training.common][INFO] - train epoch 1676 MSE 0.0023 nMSE 0.0196
[2026-05-01 20:37:46,520][src.modRNN.training.common][INFO] - eval  epoch 1676 MSE 0.0017 nMSE 0.0150
[2026-05-01 20:37:46,520][src.modRNN.training.common][INFO] - 	 Starting Epoch: 1677
[2026-05-01 20:37:46,847][src.modRNN.training.common][INFO] - train epoch 1677 MSE 0.0017 nMSE 0.0150
[2026-05-01 20:37:46,847][src.modRNN.training.common][INFO] - 	 Starting Epoch: 1678
[2026-05-01 20:37:47,176][src.modRNN.training.common][INFO] - train epoch 1678 MSE 0.0017 nMSE 0.0150
[2026-05-01 20:37:47,176][src.modRNN.training.common][INFO] - 	 Starting Epoch: 1679
[2026-05-01 20:37:47,503][src.modRNN.training.common][INFO] - train epoch 1679 MSE 0.0016 nMSE 0.0137
[2026-05-01 20:37:47,504][src.modRNN.training.common][INFO] - 	 Starting Epoch: 1680
[2026-05-01 20:37:47,832][src.modRNN.training.common][INFO] - train epoch 1680 MSE 0.0022 nMSE 0.0185
[2026-05-01 20:37:47,832][src.modRNN.training.common][INFO] - 	 Starting Epoch: 1681
[2026-05-01 20:37:48,159][src.modRNN.training.common][INFO] - train epoch 1681 MSE 0.0016 nMSE 0.0134
[2026-05-01 20:37:48,160][src.modRNN.training.common][INFO] - 	 Starting Epoch: 1682
[2026-05-01 20:37:48,488][src.modRNN.training.common][INFO] - train epoch 1682 MSE 0.0031 nMSE 0.0270
[2026-05-01 20:37:48,489][src.modRNN.training.common][INFO] - 	 Starting Epoch: 1683
[2026-05-01 20:37:48,815][src.modRNN.training.common][INFO] - train epoch 1683 MSE 0.0019 nMSE 0.0161
[2026-05-01 20:37:48,816][src.modRNN.training.common][INFO] - 	 Starting Epoch: 1684
[2026-05-01 20:37:49,144][src.modRNN.training.common][INFO] - train epoch 1684 MSE 0.0016 nMSE 0.0140
[2026-05-01 20:37:49,145][src.modRNN.training.common][INFO] - 	 Starting Epoch: 1685
[2026-05-01 20:37:49,472][src.modRNN.training.common][INFO] - train epoch 1685 MSE 0.0017 nMSE 0.0145
[2026-05-01 20:37:49,473][src.modRNN.training.common][INFO] - 	 Starting Epoch: 1686
[2026-05-01 20:37:49,802][src.modRNN.training.common][INFO] - train epoch 1686 MSE 0.0019 nMSE 0.0165
[2026-05-01 20:37:49,802][src.modRNN.training.common][INFO] - 	 Starting Epoch: 1687
[2026-05-01 20:37:50,129][src.modRNN.training.common][INFO] - train epoch 1687 MSE 0.0019 nMSE 0.0168
[2026-05-01 20:37:50,130][src.modRNN.training.common][INFO] - 	 Starting Epoch: 1688
[2026-05-01 20:37:50,458][src.modRNN.training.common][INFO] - train epoch 1688 MSE 0.0026 nMSE 0.0223
[2026-05-01 20:37:50,459][src.modRNN.training.common][INFO] - 	 Starting Epoch: 1689
[2026-05-01 20:37:50,785][src.modRNN.training.common][INFO] - train epoch 1689 MSE 0.0018 nMSE 0.0155
[2026-05-01 20:37:50,786][src.modRNN.training.common][INFO] - 	 Starting Epoch: 1690
[2026-05-01 20:37:51,114][src.modRNN.training.common][INFO] - train epoch 1690 MSE 0.0021 nMSE 0.0182
[2026-05-01 20:37:51,115][src.modRNN.training.common][INFO] - 	 Starting Epoch: 1691
[2026-05-01 20:37:51,441][src.modRNN.training.common][INFO] - train epoch 1691 MSE 0.0018 nMSE 0.0157
[2026-05-01 20:37:51,442][src.modRNN.training.common][INFO] - 	 Starting Epoch: 1692
[2026-05-01 20:37:51,770][src.modRNN.training.common][INFO] - train epoch 1692 MSE 0.0015 nMSE 0.0129
[2026-05-01 20:37:51,771][src.modRNN.training.common][INFO] - 	 Starting Epoch: 1693
[2026-05-01 20:37:52,098][src.modRNN.training.common][INFO] - train epoch 1693 MSE 0.0014 nMSE 0.0122
[2026-05-01 20:37:52,098][src.modRNN.training.common][INFO] - 	 Starting Epoch: 1694
[2026-05-01 20:37:52,427][src.modRNN.training.common][INFO] - train epoch 1694 MSE 0.0018 nMSE 0.0155
[2026-05-01 20:37:52,428][src.modRNN.training.common][INFO] - 	 Starting Epoch: 1695
[2026-05-01 20:37:52,755][src.modRNN.training.common][INFO] - train epoch 1695 MSE 0.0017 nMSE 0.0150
[2026-05-01 20:37:52,755][src.modRNN.training.common][INFO] - 	 Starting Epoch: 1696
[2026-05-01 20:37:53,084][src.modRNN.training.common][INFO] - train epoch 1696 MSE 0.0018 nMSE 0.0152
[2026-05-01 20:37:53,084][src.modRNN.training.common][INFO] - 	 Starting Epoch: 1697
[2026-05-01 20:37:53,411][src.modRNN.training.common][INFO] - train epoch 1697 MSE 0.0019 nMSE 0.0163
[2026-05-01 20:37:53,412][src.modRNN.training.common][INFO] - 	 Starting Epoch: 1698
[2026-05-01 20:37:53,740][src.modRNN.training.common][INFO] - train epoch 1698 MSE 0.0015 nMSE 0.0133
[2026-05-01 20:37:53,741][src.modRNN.training.common][INFO] - 	 Starting Epoch: 1699
[2026-05-01 20:37:54,067][src.modRNN.training.common][INFO] - train epoch 1699 MSE 0.0014 nMSE 0.0119
[2026-05-01 20:37:54,068][src.modRNN.training.common][INFO] - 	 Starting Epoch: 1700
[2026-05-01 20:37:54,396][src.modRNN.training.common][INFO] - train epoch 1700 MSE 0.0017 nMSE 0.0150
[2026-05-01 20:37:54,397][src.modRNN.training.common][INFO] - 	 Starting Epoch: 1701
[2026-05-01 20:37:54,724][src.modRNN.training.common][INFO] - train epoch 1701 MSE 0.0020 nMSE 0.0172
[2026-05-01 20:37:54,773][src.modRNN.training.common][INFO] - eval  epoch 1701 MSE 0.0018 nMSE 0.0158
[2026-05-01 20:37:54,773][src.modRNN.training.common][INFO] - 	 Starting Epoch: 1702
[2026-05-01 20:37:55,101][src.modRNN.training.common][INFO] - train epoch 1702 MSE 0.0018 nMSE 0.0158
[2026-05-01 20:37:55,102][src.modRNN.training.common][INFO] - 	 Starting Epoch: 1703
[2026-05-01 20:37:55,429][src.modRNN.training.common][INFO] - train epoch 1703 MSE 0.0016 nMSE 0.0140
[2026-05-01 20:37:55,429][src.modRNN.training.common][INFO] - 	 Starting Epoch: 1704
[2026-05-01 20:37:55,757][src.modRNN.training.common][INFO] - train epoch 1704 MSE 0.0017 nMSE 0.0147
[2026-05-01 20:37:55,758][src.modRNN.training.common][INFO] - 	 Starting Epoch: 1705
[2026-05-01 20:37:56,085][src.modRNN.training.common][INFO] - train epoch 1705 MSE 0.0022 nMSE 0.0191
[2026-05-01 20:37:56,085][src.modRNN.training.common][INFO] - 	 Starting Epoch: 1706
[2026-05-01 20:37:56,413][src.modRNN.training.common][INFO] - train epoch 1706 MSE 0.0018 nMSE 0.0158
[2026-05-01 20:37:56,414][src.modRNN.training.common][INFO] - 	 Starting Epoch: 1707
[2026-05-01 20:37:56,741][src.modRNN.training.common][INFO] - train epoch 1707 MSE 0.0024 nMSE 0.0209
[2026-05-01 20:37:56,742][src.modRNN.training.common][INFO] - 	 Starting Epoch: 1708
[2026-05-01 20:37:57,070][src.modRNN.training.common][INFO] - train epoch 1708 MSE 0.0020 nMSE 0.0170
[2026-05-01 20:37:57,071][src.modRNN.training.common][INFO] - 	 Starting Epoch: 1709
[2026-05-01 20:37:57,398][src.modRNN.training.common][INFO] - train epoch 1709 MSE 0.0019 nMSE 0.0160
[2026-05-01 20:37:57,399][src.modRNN.training.common][INFO] - 	 Starting Epoch: 1710
[2026-05-01 20:37:57,727][src.modRNN.training.common][INFO] - train epoch 1710 MSE 0.0019 nMSE 0.0163
[2026-05-01 20:37:57,728][src.modRNN.training.common][INFO] - 	 Starting Epoch: 1711
[2026-05-01 20:37:58,055][src.modRNN.training.common][INFO] - train epoch 1711 MSE 0.0017 nMSE 0.0145
[2026-05-01 20:37:58,056][src.modRNN.training.common][INFO] - 	 Starting Epoch: 1712
[2026-05-01 20:37:58,383][src.modRNN.training.common][INFO] - train epoch 1712 MSE 0.0022 nMSE 0.0186
[2026-05-01 20:37:58,384][src.modRNN.training.common][INFO] - 	 Starting Epoch: 1713
[2026-05-01 20:37:58,711][src.modRNN.training.common][INFO] - train epoch 1713 MSE 0.0019 nMSE 0.0164
[2026-05-01 20:37:58,712][src.modRNN.training.common][INFO] - 	 Starting Epoch: 1714
[2026-05-01 20:37:59,040][src.modRNN.training.common][INFO] - train epoch 1714 MSE 0.0021 nMSE 0.0176
[2026-05-01 20:37:59,041][src.modRNN.training.common][INFO] - 	 Starting Epoch: 1715
[2026-05-01 20:37:59,367][src.modRNN.training.common][INFO] - train epoch 1715 MSE 0.0017 nMSE 0.0149
[2026-05-01 20:37:59,368][src.modRNN.training.common][INFO] - 	 Starting Epoch: 1716
[2026-05-01 20:37:59,696][src.modRNN.training.common][INFO] - train epoch 1716 MSE 0.0022 nMSE 0.0187
[2026-05-01 20:37:59,697][src.modRNN.training.common][INFO] - 	 Starting Epoch: 1717
[2026-05-01 20:38:00,024][src.modRNN.training.common][INFO] - train epoch 1717 MSE 0.0019 nMSE 0.0160
[2026-05-01 20:38:00,025][src.modRNN.training.common][INFO] - 	 Starting Epoch: 1718
[2026-05-01 20:38:00,353][src.modRNN.training.common][INFO] - train epoch 1718 MSE 0.0024 nMSE 0.0203
[2026-05-01 20:38:00,354][src.modRNN.training.common][INFO] - 	 Starting Epoch: 1719
[2026-05-01 20:38:00,681][src.modRNN.training.common][INFO] - train epoch 1719 MSE 0.0017 nMSE 0.0149
[2026-05-01 20:38:00,681][src.modRNN.training.common][INFO] - 	 Starting Epoch: 1720
[2026-05-01 20:38:01,010][src.modRNN.training.common][INFO] - train epoch 1720 MSE 0.0018 nMSE 0.0155
[2026-05-01 20:38:01,011][src.modRNN.training.common][INFO] - 	 Starting Epoch: 1721
[2026-05-01 20:38:01,337][src.modRNN.training.common][INFO] - train epoch 1721 MSE 0.0025 nMSE 0.0213
[2026-05-01 20:38:01,338][src.modRNN.training.common][INFO] - 	 Starting Epoch: 1722
[2026-05-01 20:38:01,669][src.modRNN.training.common][INFO] - train epoch 1722 MSE 0.0020 nMSE 0.0172
[2026-05-01 20:38:01,670][src.modRNN.training.common][INFO] - 	 Starting Epoch: 1723
[2026-05-01 20:38:01,999][src.modRNN.training.common][INFO] - train epoch 1723 MSE 0.0020 nMSE 0.0175
[2026-05-01 20:38:02,000][src.modRNN.training.common][INFO] - 	 Starting Epoch: 1724
[2026-05-01 20:38:02,331][src.modRNN.training.common][INFO] - train epoch 1724 MSE 0.0018 nMSE 0.0155
[2026-05-01 20:38:02,332][src.modRNN.training.common][INFO] - 	 Starting Epoch: 1725
[2026-05-01 20:38:02,662][src.modRNN.training.common][INFO] - train epoch 1725 MSE 0.0031 nMSE 0.0263
[2026-05-01 20:38:02,663][src.modRNN.training.common][INFO] - 	 Starting Epoch: 1726
[2026-05-01 20:38:02,994][src.modRNN.training.common][INFO] - train epoch 1726 MSE 0.0016 nMSE 0.0141
[2026-05-01 20:38:03,044][src.modRNN.training.common][INFO] - eval  epoch 1726 MSE 0.0023 nMSE 0.0200
[2026-05-01 20:38:03,045][src.modRNN.training.common][INFO] - 	 Starting Epoch: 1727
[2026-05-01 20:38:03,374][src.modRNN.training.common][INFO] - train epoch 1727 MSE 0.0023 nMSE 0.0200
[2026-05-01 20:38:03,375][src.modRNN.training.common][INFO] - 	 Starting Epoch: 1728
[2026-05-01 20:38:03,706][src.modRNN.training.common][INFO] - train epoch 1728 MSE 0.0018 nMSE 0.0153
[2026-05-01 20:38:03,707][src.modRNN.training.common][INFO] - 	 Starting Epoch: 1729
[2026-05-01 20:38:04,036][src.modRNN.training.common][INFO] - train epoch 1729 MSE 0.0022 nMSE 0.0188
[2026-05-01 20:38:04,037][src.modRNN.training.common][INFO] - 	 Starting Epoch: 1730
[2026-05-01 20:38:04,368][src.modRNN.training.common][INFO] - train epoch 1730 MSE 0.0027 nMSE 0.0235
[2026-05-01 20:38:04,369][src.modRNN.training.common][INFO] - 	 Starting Epoch: 1731
[2026-05-01 20:38:04,699][src.modRNN.training.common][INFO] - train epoch 1731 MSE 0.0019 nMSE 0.0159
[2026-05-01 20:38:04,700][src.modRNN.training.common][INFO] - 	 Starting Epoch: 1732
[2026-05-01 20:38:05,031][src.modRNN.training.common][INFO] - train epoch 1732 MSE 0.0024 nMSE 0.0207
[2026-05-01 20:38:05,032][src.modRNN.training.common][INFO] - 	 Starting Epoch: 1733
[2026-05-01 20:38:05,361][src.modRNN.training.common][INFO] - train epoch 1733 MSE 0.0018 nMSE 0.0158
[2026-05-01 20:38:05,362][src.modRNN.training.common][INFO] - 	 Starting Epoch: 1734
[2026-05-01 20:38:05,693][src.modRNN.training.common][INFO] - train epoch 1734 MSE 0.0027 nMSE 0.0233
[2026-05-01 20:38:05,694][src.modRNN.training.common][INFO] - 	 Starting Epoch: 1735
[2026-05-01 20:38:06,023][src.modRNN.training.common][INFO] - train epoch 1735 MSE 0.0019 nMSE 0.0164
[2026-05-01 20:38:06,024][src.modRNN.training.common][INFO] - 	 Starting Epoch: 1736
[2026-05-01 20:38:06,355][src.modRNN.training.common][INFO] - train epoch 1736 MSE 0.0025 nMSE 0.0211
[2026-05-01 20:38:06,356][src.modRNN.training.common][INFO] - 	 Starting Epoch: 1737
[2026-05-01 20:38:06,685][src.modRNN.training.common][INFO] - train epoch 1737 MSE 0.0016 nMSE 0.0134
[2026-05-01 20:38:06,686][src.modRNN.training.common][INFO] - 	 Starting Epoch: 1738
[2026-05-01 20:38:07,017][src.modRNN.training.common][INFO] - train epoch 1738 MSE 0.0022 nMSE 0.0188
[2026-05-01 20:38:07,018][src.modRNN.training.common][INFO] - 	 Starting Epoch: 1739
[2026-05-01 20:38:07,348][src.modRNN.training.common][INFO] - train epoch 1739 MSE 0.0018 nMSE 0.0157
[2026-05-01 20:38:07,349][src.modRNN.training.common][INFO] - 	 Starting Epoch: 1740
[2026-05-01 20:38:07,679][src.modRNN.training.common][INFO] - train epoch 1740 MSE 0.0021 nMSE 0.0178
[2026-05-01 20:38:07,680][src.modRNN.training.common][INFO] - 	 Starting Epoch: 1741
[2026-05-01 20:38:08,010][src.modRNN.training.common][INFO] - train epoch 1741 MSE 0.0017 nMSE 0.0146
[2026-05-01 20:38:08,011][src.modRNN.training.common][INFO] - 	 Starting Epoch: 1742
[2026-05-01 20:38:08,342][src.modRNN.training.common][INFO] - train epoch 1742 MSE 0.0019 nMSE 0.0161
[2026-05-01 20:38:08,343][src.modRNN.training.common][INFO] - 	 Starting Epoch: 1743
[2026-05-01 20:38:08,672][src.modRNN.training.common][INFO] - train epoch 1743 MSE 0.0024 nMSE 0.0204
[2026-05-01 20:38:08,673][src.modRNN.training.common][INFO] - 	 Starting Epoch: 1744
[2026-05-01 20:38:09,004][src.modRNN.training.common][INFO] - train epoch 1744 MSE 0.0018 nMSE 0.0156
[2026-05-01 20:38:09,005][src.modRNN.training.common][INFO] - 	 Starting Epoch: 1745
[2026-05-01 20:38:09,335][src.modRNN.training.common][INFO] - train epoch 1745 MSE 0.0021 nMSE 0.0178
[2026-05-01 20:38:09,335][src.modRNN.training.common][INFO] - 	 Starting Epoch: 1746
[2026-05-01 20:38:09,666][src.modRNN.training.common][INFO] - train epoch 1746 MSE 0.0017 nMSE 0.0148
[2026-05-01 20:38:09,667][src.modRNN.training.common][INFO] - 	 Starting Epoch: 1747
[2026-05-01 20:38:09,997][src.modRNN.training.common][INFO] - train epoch 1747 MSE 0.0020 nMSE 0.0176
[2026-05-01 20:38:09,997][src.modRNN.training.common][INFO] - 	 Starting Epoch: 1748
[2026-05-01 20:38:10,328][src.modRNN.training.common][INFO] - train epoch 1748 MSE 0.0018 nMSE 0.0157
[2026-05-01 20:38:10,329][src.modRNN.training.common][INFO] - 	 Starting Epoch: 1749
[2026-05-01 20:38:10,659][src.modRNN.training.common][INFO] - train epoch 1749 MSE 0.0023 nMSE 0.0199
[2026-05-01 20:38:10,659][src.modRNN.training.common][INFO] - 	 Starting Epoch: 1750
[2026-05-01 20:38:10,990][src.modRNN.training.common][INFO] - train epoch 1750 MSE 0.0019 nMSE 0.0161
[2026-05-01 20:38:10,991][src.modRNN.training.common][INFO] - 	 Starting Epoch: 1751
[2026-05-01 20:38:11,321][src.modRNN.training.common][INFO] - train epoch 1751 MSE 0.0022 nMSE 0.0191
[2026-05-01 20:38:11,371][src.modRNN.training.common][INFO] - eval  epoch 1751 MSE 0.0023 nMSE 0.0196
[2026-05-01 20:38:11,372][src.modRNN.training.common][INFO] - 	 Starting Epoch: 1752
[2026-05-01 20:38:11,702][src.modRNN.training.common][INFO] - train epoch 1752 MSE 0.0023 nMSE 0.0196
[2026-05-01 20:38:11,703][src.modRNN.training.common][INFO] - 	 Starting Epoch: 1753
[2026-05-01 20:38:12,032][src.modRNN.training.common][INFO] - train epoch 1753 MSE 0.0018 nMSE 0.0155
[2026-05-01 20:38:12,033][src.modRNN.training.common][INFO] - 	 Starting Epoch: 1754
[2026-05-01 20:38:12,364][src.modRNN.training.common][INFO] - train epoch 1754 MSE 0.0018 nMSE 0.0154
[2026-05-01 20:38:12,365][src.modRNN.training.common][INFO] - 	 Starting Epoch: 1755
[2026-05-01 20:38:12,694][src.modRNN.training.common][INFO] - train epoch 1755 MSE 0.0014 nMSE 0.0119
[2026-05-01 20:38:12,695][src.modRNN.training.common][INFO] - 	 Starting Epoch: 1756
[2026-05-01 20:38:13,026][src.modRNN.training.common][INFO] - train epoch 1756 MSE 0.0018 nMSE 0.0155
[2026-05-01 20:38:13,027][src.modRNN.training.common][INFO] - 	 Starting Epoch: 1757
[2026-05-01 20:38:13,356][src.modRNN.training.common][INFO] - train epoch 1757 MSE 0.0019 nMSE 0.0165
[2026-05-01 20:38:13,357][src.modRNN.training.common][INFO] - 	 Starting Epoch: 1758
[2026-05-01 20:38:13,688][src.modRNN.training.common][INFO] - train epoch 1758 MSE 0.0021 nMSE 0.0184
[2026-05-01 20:38:13,689][src.modRNN.training.common][INFO] - 	 Starting Epoch: 1759
[2026-05-01 20:38:14,018][src.modRNN.training.common][INFO] - train epoch 1759 MSE 0.0020 nMSE 0.0170
[2026-05-01 20:38:14,019][src.modRNN.training.common][INFO] - 	 Starting Epoch: 1760
[2026-05-01 20:38:14,350][src.modRNN.training.common][INFO] - train epoch 1760 MSE 0.0020 nMSE 0.0172
[2026-05-01 20:38:14,351][src.modRNN.training.common][INFO] - 	 Starting Epoch: 1761
[2026-05-01 20:38:14,680][src.modRNN.training.common][INFO] - train epoch 1761 MSE 0.0019 nMSE 0.0161
[2026-05-01 20:38:14,681][src.modRNN.training.common][INFO] - 	 Starting Epoch: 1762
[2026-05-01 20:38:15,012][src.modRNN.training.common][INFO] - train epoch 1762 MSE 0.0024 nMSE 0.0208
[2026-05-01 20:38:15,013][src.modRNN.training.common][INFO] - 	 Starting Epoch: 1763
[2026-05-01 20:38:15,342][src.modRNN.training.common][INFO] - train epoch 1763 MSE 0.0022 nMSE 0.0186
[2026-05-01 20:38:15,343][src.modRNN.training.common][INFO] - 	 Starting Epoch: 1764
[2026-05-01 20:38:15,675][src.modRNN.training.common][INFO] - train epoch 1764 MSE 0.0016 nMSE 0.0141
[2026-05-01 20:38:15,676][src.modRNN.training.common][INFO] - 	 Starting Epoch: 1765
[2026-05-01 20:38:16,005][src.modRNN.training.common][INFO] - train epoch 1765 MSE 0.0019 nMSE 0.0167
[2026-05-01 20:38:16,006][src.modRNN.training.common][INFO] - 	 Starting Epoch: 1766
[2026-05-01 20:38:16,337][src.modRNN.training.common][INFO] - train epoch 1766 MSE 0.0015 nMSE 0.0133
[2026-05-01 20:38:16,338][src.modRNN.training.common][INFO] - 	 Starting Epoch: 1767
[2026-05-01 20:38:16,667][src.modRNN.training.common][INFO] - train epoch 1767 MSE 0.0024 nMSE 0.0208
[2026-05-01 20:38:16,668][src.modRNN.training.common][INFO] - 	 Starting Epoch: 1768
[2026-05-01 20:38:16,999][src.modRNN.training.common][INFO] - train epoch 1768 MSE 0.0018 nMSE 0.0152
[2026-05-01 20:38:17,000][src.modRNN.training.common][INFO] - 	 Starting Epoch: 1769
[2026-05-01 20:38:17,329][src.modRNN.training.common][INFO] - train epoch 1769 MSE 0.0019 nMSE 0.0167
[2026-05-01 20:38:17,330][src.modRNN.training.common][INFO] - 	 Starting Epoch: 1770
[2026-05-01 20:38:17,660][src.modRNN.training.common][INFO] - train epoch 1770 MSE 0.0019 nMSE 0.0161
[2026-05-01 20:38:17,661][src.modRNN.training.common][INFO] - 	 Starting Epoch: 1771
[2026-05-01 20:38:17,991][src.modRNN.training.common][INFO] - train epoch 1771 MSE 0.0019 nMSE 0.0166
[2026-05-01 20:38:17,992][src.modRNN.training.common][INFO] - 	 Starting Epoch: 1772
[2026-05-01 20:38:18,323][src.modRNN.training.common][INFO] - train epoch 1772 MSE 0.0021 nMSE 0.0183
[2026-05-01 20:38:18,323][src.modRNN.training.common][INFO] - 	 Starting Epoch: 1773
[2026-05-01 20:38:18,653][src.modRNN.training.common][INFO] - train epoch 1773 MSE 0.0017 nMSE 0.0144
[2026-05-01 20:38:18,654][src.modRNN.training.common][INFO] - 	 Starting Epoch: 1774
[2026-05-01 20:38:18,985][src.modRNN.training.common][INFO] - train epoch 1774 MSE 0.0021 nMSE 0.0179
[2026-05-01 20:38:18,985][src.modRNN.training.common][INFO] - 	 Starting Epoch: 1775
[2026-05-01 20:38:19,315][src.modRNN.training.common][INFO] - train epoch 1775 MSE 0.0018 nMSE 0.0152
[2026-05-01 20:38:19,316][src.modRNN.training.common][INFO] - 	 Starting Epoch: 1776
[2026-05-01 20:38:19,647][src.modRNN.training.common][INFO] - train epoch 1776 MSE 0.0020 nMSE 0.0168
[2026-05-01 20:38:19,697][src.modRNN.training.common][INFO] - eval  epoch 1776 MSE 0.0017 nMSE 0.0143
[2026-05-01 20:38:19,697][src.modRNN.training.common][INFO] - 	 Starting Epoch: 1777
[2026-05-01 20:38:20,026][src.modRNN.training.common][INFO] - train epoch 1777 MSE 0.0017 nMSE 0.0143
[2026-05-01 20:38:20,027][src.modRNN.training.common][INFO] - 	 Starting Epoch: 1778
[2026-05-01 20:38:20,358][src.modRNN.training.common][INFO] - train epoch 1778 MSE 0.0017 nMSE 0.0146
[2026-05-01 20:38:20,359][src.modRNN.training.common][INFO] - 	 Starting Epoch: 1779
[2026-05-01 20:38:20,689][src.modRNN.training.common][INFO] - train epoch 1779 MSE 0.0018 nMSE 0.0158
[2026-05-01 20:38:20,689][src.modRNN.training.common][INFO] - 	 Starting Epoch: 1780
[2026-05-01 20:38:21,020][src.modRNN.training.common][INFO] - train epoch 1780 MSE 0.0017 nMSE 0.0149
[2026-05-01 20:38:21,021][src.modRNN.training.common][INFO] - 	 Starting Epoch: 1781
[2026-05-01 20:38:21,351][src.modRNN.training.common][INFO] - train epoch 1781 MSE 0.0022 nMSE 0.0191
[2026-05-01 20:38:21,351][src.modRNN.training.common][INFO] - 	 Starting Epoch: 1782
[2026-05-01 20:38:21,682][src.modRNN.training.common][INFO] - train epoch 1782 MSE 0.0016 nMSE 0.0133
[2026-05-01 20:38:21,683][src.modRNN.training.common][INFO] - 	 Starting Epoch: 1783
[2026-05-01 20:38:22,012][src.modRNN.training.common][INFO] - train epoch 1783 MSE 0.0022 nMSE 0.0186
[2026-05-01 20:38:22,013][src.modRNN.training.common][INFO] - 	 Starting Epoch: 1784
[2026-05-01 20:38:22,344][src.modRNN.training.common][INFO] - train epoch 1784 MSE 0.0017 nMSE 0.0149
[2026-05-01 20:38:22,345][src.modRNN.training.common][INFO] - 	 Starting Epoch: 1785
[2026-05-01 20:38:22,674][src.modRNN.training.common][INFO] - train epoch 1785 MSE 0.0017 nMSE 0.0142
[2026-05-01 20:38:22,675][src.modRNN.training.common][INFO] - 	 Starting Epoch: 1786
[2026-05-01 20:38:23,006][src.modRNN.training.common][INFO] - train epoch 1786 MSE 0.0020 nMSE 0.0175
[2026-05-01 20:38:23,007][src.modRNN.training.common][INFO] - 	 Starting Epoch: 1787
[2026-05-01 20:38:23,337][src.modRNN.training.common][INFO] - train epoch 1787 MSE 0.0019 nMSE 0.0162
[2026-05-01 20:38:23,337][src.modRNN.training.common][INFO] - 	 Starting Epoch: 1788
[2026-05-01 20:38:23,668][src.modRNN.training.common][INFO] - train epoch 1788 MSE 0.0022 nMSE 0.0189
[2026-05-01 20:38:23,669][src.modRNN.training.common][INFO] - 	 Starting Epoch: 1789
[2026-05-01 20:38:23,999][src.modRNN.training.common][INFO] - train epoch 1789 MSE 0.0017 nMSE 0.0143
[2026-05-01 20:38:24,000][src.modRNN.training.common][INFO] - 	 Starting Epoch: 1790
[2026-05-01 20:38:24,331][src.modRNN.training.common][INFO] - train epoch 1790 MSE 0.0016 nMSE 0.0141
[2026-05-01 20:38:24,331][src.modRNN.training.common][INFO] - 	 Starting Epoch: 1791
[2026-05-01 20:38:24,661][src.modRNN.training.common][INFO] - train epoch 1791 MSE 0.0014 nMSE 0.0123
[2026-05-01 20:38:24,662][src.modRNN.training.common][INFO] - 	 Starting Epoch: 1792
[2026-05-01 20:38:24,993][src.modRNN.training.common][INFO] - train epoch 1792 MSE 0.0020 nMSE 0.0176
[2026-05-01 20:38:24,994][src.modRNN.training.common][INFO] - 	 Starting Epoch: 1793
[2026-05-01 20:38:25,323][src.modRNN.training.common][INFO] - train epoch 1793 MSE 0.0021 nMSE 0.0180
[2026-05-01 20:38:25,324][src.modRNN.training.common][INFO] - 	 Starting Epoch: 1794
[2026-05-01 20:38:25,655][src.modRNN.training.common][INFO] - train epoch 1794 MSE 0.0014 nMSE 0.0124
[2026-05-01 20:38:25,656][src.modRNN.training.common][INFO] - 	 Starting Epoch: 1795
[2026-05-01 20:38:25,986][src.modRNN.training.common][INFO] - train epoch 1795 MSE 0.0017 nMSE 0.0146
[2026-05-01 20:38:25,986][src.modRNN.training.common][INFO] - 	 Starting Epoch: 1796
[2026-05-01 20:38:26,317][src.modRNN.training.common][INFO] - train epoch 1796 MSE 0.0018 nMSE 0.0158
[2026-05-01 20:38:26,318][src.modRNN.training.common][INFO] - 	 Starting Epoch: 1797
[2026-05-01 20:38:26,648][src.modRNN.training.common][INFO] - train epoch 1797 MSE 0.0018 nMSE 0.0159
[2026-05-01 20:38:26,648][src.modRNN.training.common][INFO] - 	 Starting Epoch: 1798
[2026-05-01 20:38:26,979][src.modRNN.training.common][INFO] - train epoch 1798 MSE 0.0016 nMSE 0.0140
[2026-05-01 20:38:26,980][src.modRNN.training.common][INFO] - 	 Starting Epoch: 1799
[2026-05-01 20:38:27,310][src.modRNN.training.common][INFO] - train epoch 1799 MSE 0.0014 nMSE 0.0120
[2026-05-01 20:38:27,310][src.modRNN.training.common][INFO] - 	 Starting Epoch: 1800
[2026-05-01 20:38:27,642][src.modRNN.training.common][INFO] - train epoch 1800 MSE 0.0017 nMSE 0.0143
[2026-05-01 20:38:27,642][src.modRNN.training.common][INFO] - 	 Starting Epoch: 1801
[2026-05-01 20:38:27,972][src.modRNN.training.common][INFO] - train epoch 1801 MSE 0.0020 nMSE 0.0169
[2026-05-01 20:38:28,022][src.modRNN.training.common][INFO] - eval  epoch 1801 MSE 0.0017 nMSE 0.0149
[2026-05-01 20:38:28,023][src.modRNN.training.common][INFO] - 	 Starting Epoch: 1802
[2026-05-01 20:38:28,353][src.modRNN.training.common][INFO] - train epoch 1802 MSE 0.0017 nMSE 0.0149
[2026-05-01 20:38:28,354][src.modRNN.training.common][INFO] - 	 Starting Epoch: 1803
[2026-05-01 20:38:28,684][src.modRNN.training.common][INFO] - train epoch 1803 MSE 0.0019 nMSE 0.0162
[2026-05-01 20:38:28,685][src.modRNN.training.common][INFO] - 	 Starting Epoch: 1804
[2026-05-01 20:38:29,016][src.modRNN.training.common][INFO] - train epoch 1804 MSE 0.0018 nMSE 0.0151
[2026-05-01 20:38:29,017][src.modRNN.training.common][INFO] - 	 Starting Epoch: 1805
[2026-05-01 20:38:29,346][src.modRNN.training.common][INFO] - train epoch 1805 MSE 0.0023 nMSE 0.0197
[2026-05-01 20:38:29,347][src.modRNN.training.common][INFO] - 	 Starting Epoch: 1806
[2026-05-01 20:38:29,678][src.modRNN.training.common][INFO] - train epoch 1806 MSE 0.0013 nMSE 0.0113
[2026-05-01 20:38:29,679][src.modRNN.training.common][INFO] - 	 Starting Epoch: 1807
[2026-05-01 20:38:30,008][src.modRNN.training.common][INFO] - train epoch 1807 MSE 0.0016 nMSE 0.0134
[2026-05-01 20:38:30,009][src.modRNN.training.common][INFO] - 	 Starting Epoch: 1808
[2026-05-01 20:38:30,340][src.modRNN.training.common][INFO] - train epoch 1808 MSE 0.0015 nMSE 0.0132
[2026-05-01 20:38:30,341][src.modRNN.training.common][INFO] - 	 Starting Epoch: 1809
[2026-05-01 20:38:30,671][src.modRNN.training.common][INFO] - train epoch 1809 MSE 0.0018 nMSE 0.0157
[2026-05-01 20:38:30,672][src.modRNN.training.common][INFO] - 	 Starting Epoch: 1810
[2026-05-01 20:38:31,003][src.modRNN.training.common][INFO] - train epoch 1810 MSE 0.0015 nMSE 0.0133
[2026-05-01 20:38:31,004][src.modRNN.training.common][INFO] - 	 Starting Epoch: 1811
[2026-05-01 20:38:31,332][src.modRNN.training.common][INFO] - train epoch 1811 MSE 0.0017 nMSE 0.0144
[2026-05-01 20:38:31,333][src.modRNN.training.common][INFO] - 	 Starting Epoch: 1812
[2026-05-01 20:38:31,661][src.modRNN.training.common][INFO] - train epoch 1812 MSE 0.0015 nMSE 0.0125
[2026-05-01 20:38:31,662][src.modRNN.training.common][INFO] - 	 Starting Epoch: 1813
[2026-05-01 20:38:31,989][src.modRNN.training.common][INFO] - train epoch 1813 MSE 0.0015 nMSE 0.0128
[2026-05-01 20:38:31,989][src.modRNN.training.common][INFO] - 	 Starting Epoch: 1814
[2026-05-01 20:38:32,317][src.modRNN.training.common][INFO] - train epoch 1814 MSE 0.0024 nMSE 0.0209
[2026-05-01 20:38:32,318][src.modRNN.training.common][INFO] - 	 Starting Epoch: 1815
[2026-05-01 20:38:32,645][src.modRNN.training.common][INFO] - train epoch 1815 MSE 0.0017 nMSE 0.0142
[2026-05-01 20:38:32,646][src.modRNN.training.common][INFO] - 	 Starting Epoch: 1816
[2026-05-01 20:38:32,974][src.modRNN.training.common][INFO] - train epoch 1816 MSE 0.0020 nMSE 0.0171
[2026-05-01 20:38:32,974][src.modRNN.training.common][INFO] - 	 Starting Epoch: 1817
[2026-05-01 20:38:33,302][src.modRNN.training.common][INFO] - train epoch 1817 MSE 0.0014 nMSE 0.0124
[2026-05-01 20:38:33,303][src.modRNN.training.common][INFO] - 	 Starting Epoch: 1818
[2026-05-01 20:38:33,631][src.modRNN.training.common][INFO] - train epoch 1818 MSE 0.0016 nMSE 0.0141
[2026-05-01 20:38:33,632][src.modRNN.training.common][INFO] - 	 Starting Epoch: 1819
[2026-05-01 20:38:33,959][src.modRNN.training.common][INFO] - train epoch 1819 MSE 0.0017 nMSE 0.0142
[2026-05-01 20:38:33,960][src.modRNN.training.common][INFO] - 	 Starting Epoch: 1820
[2026-05-01 20:38:34,289][src.modRNN.training.common][INFO] - train epoch 1820 MSE 0.0019 nMSE 0.0164
[2026-05-01 20:38:34,289][src.modRNN.training.common][INFO] - 	 Starting Epoch: 1821
[2026-05-01 20:38:34,616][src.modRNN.training.common][INFO] - train epoch 1821 MSE 0.0015 nMSE 0.0129
[2026-05-01 20:38:34,617][src.modRNN.training.common][INFO] - 	 Starting Epoch: 1822
[2026-05-01 20:38:34,944][src.modRNN.training.common][INFO] - train epoch 1822 MSE 0.0015 nMSE 0.0131
[2026-05-01 20:38:34,945][src.modRNN.training.common][INFO] - 	 Starting Epoch: 1823
[2026-05-01 20:38:35,272][src.modRNN.training.common][INFO] - train epoch 1823 MSE 0.0014 nMSE 0.0124
[2026-05-01 20:38:35,272][src.modRNN.training.common][INFO] - 	 Starting Epoch: 1824
[2026-05-01 20:38:35,601][src.modRNN.training.common][INFO] - train epoch 1824 MSE 0.0015 nMSE 0.0127
[2026-05-01 20:38:35,601][src.modRNN.training.common][INFO] - 	 Starting Epoch: 1825
[2026-05-01 20:38:35,928][src.modRNN.training.common][INFO] - train epoch 1825 MSE 0.0014 nMSE 0.0122
[2026-05-01 20:38:35,929][src.modRNN.training.common][INFO] - 	 Starting Epoch: 1826
[2026-05-01 20:38:36,256][src.modRNN.training.common][INFO] - train epoch 1826 MSE 0.0017 nMSE 0.0149
[2026-05-01 20:38:36,305][src.modRNN.training.common][INFO] - eval  epoch 1826 MSE 0.0022 nMSE 0.0188
[2026-05-01 20:38:36,306][src.modRNN.training.common][INFO] - 	 Starting Epoch: 1827
[2026-05-01 20:38:36,633][src.modRNN.training.common][INFO] - train epoch 1827 MSE 0.0022 nMSE 0.0188
[2026-05-01 20:38:36,634][src.modRNN.training.common][INFO] - 	 Starting Epoch: 1828
[2026-05-01 20:38:36,962][src.modRNN.training.common][INFO] - train epoch 1828 MSE 0.0018 nMSE 0.0159
[2026-05-01 20:38:36,963][src.modRNN.training.common][INFO] - 	 Starting Epoch: 1829
[2026-05-01 20:38:37,289][src.modRNN.training.common][INFO] - train epoch 1829 MSE 0.0017 nMSE 0.0143
[2026-05-01 20:38:37,290][src.modRNN.training.common][INFO] - 	 Starting Epoch: 1830
[2026-05-01 20:38:37,618][src.modRNN.training.common][INFO] - train epoch 1830 MSE 0.0017 nMSE 0.0142
[2026-05-01 20:38:37,619][src.modRNN.training.common][INFO] - 	 Starting Epoch: 1831
[2026-05-01 20:38:37,945][src.modRNN.training.common][INFO] - train epoch 1831 MSE 0.0018 nMSE 0.0155
[2026-05-01 20:38:37,946][src.modRNN.training.common][INFO] - 	 Starting Epoch: 1832
[2026-05-01 20:38:38,274][src.modRNN.training.common][INFO] - train epoch 1832 MSE 0.0017 nMSE 0.0142
[2026-05-01 20:38:38,275][src.modRNN.training.common][INFO] - 	 Starting Epoch: 1833
[2026-05-01 20:38:38,601][src.modRNN.training.common][INFO] - train epoch 1833 MSE 0.0016 nMSE 0.0135
[2026-05-01 20:38:38,602][src.modRNN.training.common][INFO] - 	 Starting Epoch: 1834
[2026-05-01 20:38:38,930][src.modRNN.training.common][INFO] - train epoch 1834 MSE 0.0015 nMSE 0.0133
[2026-05-01 20:38:38,931][src.modRNN.training.common][INFO] - 	 Starting Epoch: 1835
[2026-05-01 20:38:39,258][src.modRNN.training.common][INFO] - train epoch 1835 MSE 0.0015 nMSE 0.0133
[2026-05-01 20:38:39,259][src.modRNN.training.common][INFO] - 	 Starting Epoch: 1836
[2026-05-01 20:38:39,587][src.modRNN.training.common][INFO] - train epoch 1836 MSE 0.0016 nMSE 0.0134
[2026-05-01 20:38:39,588][src.modRNN.training.common][INFO] - 	 Starting Epoch: 1837
[2026-05-01 20:38:39,915][src.modRNN.training.common][INFO] - train epoch 1837 MSE 0.0017 nMSE 0.0150
[2026-05-01 20:38:39,915][src.modRNN.training.common][INFO] - 	 Starting Epoch: 1838
[2026-05-01 20:38:40,244][src.modRNN.training.common][INFO] - train epoch 1838 MSE 0.0013 nMSE 0.0113
[2026-05-01 20:38:40,244][src.modRNN.training.common][INFO] - 	 Starting Epoch: 1839
[2026-05-01 20:38:40,571][src.modRNN.training.common][INFO] - train epoch 1839 MSE 0.0016 nMSE 0.0141
[2026-05-01 20:38:40,572][src.modRNN.training.common][INFO] - 	 Starting Epoch: 1840
[2026-05-01 20:38:40,900][src.modRNN.training.common][INFO] - train epoch 1840 MSE 0.0014 nMSE 0.0124
[2026-05-01 20:38:40,901][src.modRNN.training.common][INFO] - 	 Starting Epoch: 1841
[2026-05-01 20:38:41,228][src.modRNN.training.common][INFO] - train epoch 1841 MSE 0.0020 nMSE 0.0169
[2026-05-01 20:38:41,229][src.modRNN.training.common][INFO] - 	 Starting Epoch: 1842
[2026-05-01 20:38:41,557][src.modRNN.training.common][INFO] - train epoch 1842 MSE 0.0015 nMSE 0.0131
[2026-05-01 20:38:41,558][src.modRNN.training.common][INFO] - 	 Starting Epoch: 1843
[2026-05-01 20:38:41,885][src.modRNN.training.common][INFO] - train epoch 1843 MSE 0.0015 nMSE 0.0132
[2026-05-01 20:38:41,886][src.modRNN.training.common][INFO] - 	 Starting Epoch: 1844
[2026-05-01 20:38:42,223][src.modRNN.training.common][INFO] - train epoch 1844 MSE 0.0015 nMSE 0.0126
[2026-05-01 20:38:42,224][src.modRNN.training.common][INFO] - 	 Starting Epoch: 1845
[2026-05-01 20:38:42,593][src.modRNN.training.common][INFO] - train epoch 1845 MSE 0.0014 nMSE 0.0118
[2026-05-01 20:38:42,595][src.modRNN.training.common][INFO] - 	 Starting Epoch: 1846
[2026-05-01 20:38:42,958][src.modRNN.training.common][INFO] - train epoch 1846 MSE 0.0016 nMSE 0.0138
[2026-05-01 20:38:42,959][src.modRNN.training.common][INFO] - 	 Starting Epoch: 1847
[2026-05-01 20:38:43,286][src.modRNN.training.common][INFO] - train epoch 1847 MSE 0.0015 nMSE 0.0131
[2026-05-01 20:38:43,287][src.modRNN.training.common][INFO] - 	 Starting Epoch: 1848
[2026-05-01 20:38:43,623][src.modRNN.training.common][INFO] - train epoch 1848 MSE 0.0016 nMSE 0.0139
[2026-05-01 20:38:43,624][src.modRNN.training.common][INFO] - 	 Starting Epoch: 1849
[2026-05-01 20:38:43,951][src.modRNN.training.common][INFO] - train epoch 1849 MSE 0.0018 nMSE 0.0158
[2026-05-01 20:38:43,952][src.modRNN.training.common][INFO] - 	 Starting Epoch: 1850
[2026-05-01 20:38:44,280][src.modRNN.training.common][INFO] - train epoch 1850 MSE 0.0022 nMSE 0.0187
[2026-05-01 20:38:44,281][src.modRNN.training.common][INFO] - 	 Starting Epoch: 1851
[2026-05-01 20:38:44,607][src.modRNN.training.common][INFO] - train epoch 1851 MSE 0.0018 nMSE 0.0152
[2026-05-01 20:38:44,656][src.modRNN.training.common][INFO] - eval  epoch 1851 MSE 0.0017 nMSE 0.0148
[2026-05-01 20:38:44,657][src.modRNN.training.common][INFO] - 	 Starting Epoch: 1852
[2026-05-01 20:38:44,985][src.modRNN.training.common][INFO] - train epoch 1852 MSE 0.0017 nMSE 0.0148
[2026-05-01 20:38:44,986][src.modRNN.training.common][INFO] - 	 Starting Epoch: 1853
[2026-05-01 20:38:45,313][src.modRNN.training.common][INFO] - train epoch 1853 MSE 0.0015 nMSE 0.0130
[2026-05-01 20:38:45,314][src.modRNN.training.common][INFO] - 	 Starting Epoch: 1854
[2026-05-01 20:38:45,642][src.modRNN.training.common][INFO] - train epoch 1854 MSE 0.0017 nMSE 0.0150
[2026-05-01 20:38:45,642][src.modRNN.training.common][INFO] - 	 Starting Epoch: 1855
[2026-05-01 20:38:45,969][src.modRNN.training.common][INFO] - train epoch 1855 MSE 0.0016 nMSE 0.0139
[2026-05-01 20:38:45,970][src.modRNN.training.common][INFO] - 	 Starting Epoch: 1856
[2026-05-01 20:38:46,299][src.modRNN.training.common][INFO] - train epoch 1856 MSE 0.0014 nMSE 0.0121
[2026-05-01 20:38:46,299][src.modRNN.training.common][INFO] - 	 Starting Epoch: 1857
[2026-05-01 20:38:46,626][src.modRNN.training.common][INFO] - train epoch 1857 MSE 0.0014 nMSE 0.0120
[2026-05-01 20:38:46,627][src.modRNN.training.common][INFO] - 	 Starting Epoch: 1858
[2026-05-01 20:38:46,955][src.modRNN.training.common][INFO] - train epoch 1858 MSE 0.0013 nMSE 0.0110
[2026-05-01 20:38:46,956][src.modRNN.training.common][INFO] - 	 Starting Epoch: 1859
[2026-05-01 20:38:47,282][src.modRNN.training.common][INFO] - train epoch 1859 MSE 0.0019 nMSE 0.0168
[2026-05-01 20:38:47,283][src.modRNN.training.common][INFO] - 	 Starting Epoch: 1860
[2026-05-01 20:38:47,611][src.modRNN.training.common][INFO] - train epoch 1860 MSE 0.0015 nMSE 0.0130
[2026-05-01 20:38:47,612][src.modRNN.training.common][INFO] - 	 Starting Epoch: 1861
[2026-05-01 20:38:47,939][src.modRNN.training.common][INFO] - train epoch 1861 MSE 0.0015 nMSE 0.0133
[2026-05-01 20:38:47,939][src.modRNN.training.common][INFO] - 	 Starting Epoch: 1862
[2026-05-01 20:38:48,268][src.modRNN.training.common][INFO] - train epoch 1862 MSE 0.0014 nMSE 0.0124
[2026-05-01 20:38:48,268][src.modRNN.training.common][INFO] - 	 Starting Epoch: 1863
[2026-05-01 20:38:48,595][src.modRNN.training.common][INFO] - train epoch 1863 MSE 0.0017 nMSE 0.0145
[2026-05-01 20:38:48,596][src.modRNN.training.common][INFO] - 	 Starting Epoch: 1864
[2026-05-01 20:38:48,924][src.modRNN.training.common][INFO] - train epoch 1864 MSE 0.0015 nMSE 0.0125
[2026-05-01 20:38:48,925][src.modRNN.training.common][INFO] - 	 Starting Epoch: 1865
[2026-05-01 20:38:49,252][src.modRNN.training.common][INFO] - train epoch 1865 MSE 0.0015 nMSE 0.0131
[2026-05-01 20:38:49,253][src.modRNN.training.common][INFO] - 	 Starting Epoch: 1866
[2026-05-01 20:38:49,581][src.modRNN.training.common][INFO] - train epoch 1866 MSE 0.0018 nMSE 0.0152
[2026-05-01 20:38:49,582][src.modRNN.training.common][INFO] - 	 Starting Epoch: 1867
[2026-05-01 20:38:49,909][src.modRNN.training.common][INFO] - train epoch 1867 MSE 0.0014 nMSE 0.0123
[2026-05-01 20:38:49,910][src.modRNN.training.common][INFO] - 	 Starting Epoch: 1868
[2026-05-01 20:38:50,237][src.modRNN.training.common][INFO] - train epoch 1868 MSE 0.0013 nMSE 0.0112
[2026-05-01 20:38:50,238][src.modRNN.training.common][INFO] - 	 Starting Epoch: 1869
[2026-05-01 20:38:50,565][src.modRNN.training.common][INFO] - train epoch 1869 MSE 0.0014 nMSE 0.0116
[2026-05-01 20:38:50,566][src.modRNN.training.common][INFO] - 	 Starting Epoch: 1870
[2026-05-01 20:38:50,894][src.modRNN.training.common][INFO] - train epoch 1870 MSE 0.0017 nMSE 0.0146
[2026-05-01 20:38:50,895][src.modRNN.training.common][INFO] - 	 Starting Epoch: 1871
[2026-05-01 20:38:51,221][src.modRNN.training.common][INFO] - train epoch 1871 MSE 0.0018 nMSE 0.0153
[2026-05-01 20:38:51,222][src.modRNN.training.common][INFO] - 	 Starting Epoch: 1872
[2026-05-01 20:38:51,550][src.modRNN.training.common][INFO] - train epoch 1872 MSE 0.0020 nMSE 0.0173
[2026-05-01 20:38:51,551][src.modRNN.training.common][INFO] - 	 Starting Epoch: 1873
[2026-05-01 20:38:51,878][src.modRNN.training.common][INFO] - train epoch 1873 MSE 0.0016 nMSE 0.0135
[2026-05-01 20:38:51,879][src.modRNN.training.common][INFO] - 	 Starting Epoch: 1874
[2026-05-01 20:38:52,207][src.modRNN.training.common][INFO] - train epoch 1874 MSE 0.0016 nMSE 0.0140
[2026-05-01 20:38:52,208][src.modRNN.training.common][INFO] - 	 Starting Epoch: 1875
[2026-05-01 20:38:52,535][src.modRNN.training.common][INFO] - train epoch 1875 MSE 0.0015 nMSE 0.0130
[2026-05-01 20:38:52,536][src.modRNN.training.common][INFO] - 	 Starting Epoch: 1876
[2026-05-01 20:38:52,863][src.modRNN.training.common][INFO] - train epoch 1876 MSE 0.0017 nMSE 0.0145
[2026-05-01 20:38:52,913][src.modRNN.training.common][INFO] - eval  epoch 1876 MSE 0.0015 nMSE 0.0127
[2026-05-01 20:38:52,913][src.modRNN.training.common][INFO] - 	 Starting Epoch: 1877
[2026-05-01 20:38:53,240][src.modRNN.training.common][INFO] - train epoch 1877 MSE 0.0015 nMSE 0.0127
[2026-05-01 20:38:53,241][src.modRNN.training.common][INFO] - 	 Starting Epoch: 1878
[2026-05-01 20:38:53,569][src.modRNN.training.common][INFO] - train epoch 1878 MSE 0.0014 nMSE 0.0123
[2026-05-01 20:38:53,570][src.modRNN.training.common][INFO] - 	 Starting Epoch: 1879
[2026-05-01 20:38:53,897][src.modRNN.training.common][INFO] - train epoch 1879 MSE 0.0012 nMSE 0.0105
[2026-05-01 20:38:53,898][src.modRNN.training.common][INFO] - 	 Starting Epoch: 1880
[2026-05-01 20:38:54,227][src.modRNN.training.common][INFO] - train epoch 1880 MSE 0.0016 nMSE 0.0134
[2026-05-01 20:38:54,227][src.modRNN.training.common][INFO] - 	 Starting Epoch: 1881
[2026-05-01 20:38:54,555][src.modRNN.training.common][INFO] - train epoch 1881 MSE 0.0016 nMSE 0.0135
[2026-05-01 20:38:54,555][src.modRNN.training.common][INFO] - 	 Starting Epoch: 1882
[2026-05-01 20:38:54,884][src.modRNN.training.common][INFO] - train epoch 1882 MSE 0.0016 nMSE 0.0134
[2026-05-01 20:38:54,885][src.modRNN.training.common][INFO] - 	 Starting Epoch: 1883
[2026-05-01 20:38:55,212][src.modRNN.training.common][INFO] - train epoch 1883 MSE 0.0015 nMSE 0.0127
[2026-05-01 20:38:55,213][src.modRNN.training.common][INFO] - 	 Starting Epoch: 1884
[2026-05-01 20:38:55,542][src.modRNN.training.common][INFO] - train epoch 1884 MSE 0.0018 nMSE 0.0156
[2026-05-01 20:38:55,543][src.modRNN.training.common][INFO] - 	 Starting Epoch: 1885
[2026-05-01 20:38:55,870][src.modRNN.training.common][INFO] - train epoch 1885 MSE 0.0016 nMSE 0.0134
[2026-05-01 20:38:55,870][src.modRNN.training.common][INFO] - 	 Starting Epoch: 1886
[2026-05-01 20:38:56,199][src.modRNN.training.common][INFO] - train epoch 1886 MSE 0.0015 nMSE 0.0133
[2026-05-01 20:38:56,200][src.modRNN.training.common][INFO] - 	 Starting Epoch: 1887
[2026-05-01 20:38:56,526][src.modRNN.training.common][INFO] - train epoch 1887 MSE 0.0015 nMSE 0.0133
[2026-05-01 20:38:56,527][src.modRNN.training.common][INFO] - 	 Starting Epoch: 1888
[2026-05-01 20:38:56,856][src.modRNN.training.common][INFO] - train epoch 1888 MSE 0.0014 nMSE 0.0124
[2026-05-01 20:38:56,857][src.modRNN.training.common][INFO] - 	 Starting Epoch: 1889
[2026-05-01 20:38:57,184][src.modRNN.training.common][INFO] - train epoch 1889 MSE 0.0015 nMSE 0.0130
[2026-05-01 20:38:57,185][src.modRNN.training.common][INFO] - 	 Starting Epoch: 1890
[2026-05-01 20:38:57,513][src.modRNN.training.common][INFO] - train epoch 1890 MSE 0.0015 nMSE 0.0129
[2026-05-01 20:38:57,514][src.modRNN.training.common][INFO] - 	 Starting Epoch: 1891
[2026-05-01 20:38:57,841][src.modRNN.training.common][INFO] - train epoch 1891 MSE 0.0014 nMSE 0.0119
[2026-05-01 20:38:57,842][src.modRNN.training.common][INFO] - 	 Starting Epoch: 1892
[2026-05-01 20:38:58,170][src.modRNN.training.common][INFO] - train epoch 1892 MSE 0.0016 nMSE 0.0137
[2026-05-01 20:38:58,170][src.modRNN.training.common][INFO] - 	 Starting Epoch: 1893
[2026-05-01 20:38:58,497][src.modRNN.training.common][INFO] - train epoch 1893 MSE 0.0017 nMSE 0.0150
[2026-05-01 20:38:58,498][src.modRNN.training.common][INFO] - 	 Starting Epoch: 1894
[2026-05-01 20:38:58,826][src.modRNN.training.common][INFO] - train epoch 1894 MSE 0.0017 nMSE 0.0144
[2026-05-01 20:38:58,827][src.modRNN.training.common][INFO] - 	 Starting Epoch: 1895
[2026-05-01 20:38:59,154][src.modRNN.training.common][INFO] - train epoch 1895 MSE 0.0014 nMSE 0.0122
[2026-05-01 20:38:59,155][src.modRNN.training.common][INFO] - 	 Starting Epoch: 1896
[2026-05-01 20:38:59,483][src.modRNN.training.common][INFO] - train epoch 1896 MSE 0.0016 nMSE 0.0134
[2026-05-01 20:38:59,484][src.modRNN.training.common][INFO] - 	 Starting Epoch: 1897
[2026-05-01 20:38:59,811][src.modRNN.training.common][INFO] - train epoch 1897 MSE 0.0014 nMSE 0.0124
[2026-05-01 20:38:59,812][src.modRNN.training.common][INFO] - 	 Starting Epoch: 1898
[2026-05-01 20:39:00,140][src.modRNN.training.common][INFO] - train epoch 1898 MSE 0.0019 nMSE 0.0160
[2026-05-01 20:39:00,141][src.modRNN.training.common][INFO] - 	 Starting Epoch: 1899
[2026-05-01 20:39:00,468][src.modRNN.training.common][INFO] - train epoch 1899 MSE 0.0016 nMSE 0.0136
[2026-05-01 20:39:00,468][src.modRNN.training.common][INFO] - 	 Starting Epoch: 1900
[2026-05-01 20:39:00,796][src.modRNN.training.common][INFO] - train epoch 1900 MSE 0.0015 nMSE 0.0132
[2026-05-01 20:39:00,797][src.modRNN.training.common][INFO] - 	 Starting Epoch: 1901
[2026-05-01 20:39:01,124][src.modRNN.training.common][INFO] - train epoch 1901 MSE 0.0019 nMSE 0.0159
[2026-05-01 20:39:01,174][src.modRNN.training.common][INFO] - eval  epoch 1901 MSE 0.0016 nMSE 0.0139
[2026-05-01 20:39:01,174][src.modRNN.training.common][INFO] - 	 Starting Epoch: 1902
[2026-05-01 20:39:01,504][src.modRNN.training.common][INFO] - train epoch 1902 MSE 0.0016 nMSE 0.0139
[2026-05-01 20:39:01,505][src.modRNN.training.common][INFO] - 	 Starting Epoch: 1903
[2026-05-01 20:39:01,834][src.modRNN.training.common][INFO] - train epoch 1903 MSE 0.0017 nMSE 0.0144
[2026-05-01 20:39:01,835][src.modRNN.training.common][INFO] - 	 Starting Epoch: 1904
[2026-05-01 20:39:02,165][src.modRNN.training.common][INFO] - train epoch 1904 MSE 0.0016 nMSE 0.0134
[2026-05-01 20:39:02,166][src.modRNN.training.common][INFO] - 	 Starting Epoch: 1905
[2026-05-01 20:39:02,496][src.modRNN.training.common][INFO] - train epoch 1905 MSE 0.0013 nMSE 0.0115
[2026-05-01 20:39:02,497][src.modRNN.training.common][INFO] - 	 Starting Epoch: 1906
[2026-05-01 20:39:02,828][src.modRNN.training.common][INFO] - train epoch 1906 MSE 0.0014 nMSE 0.0122
[2026-05-01 20:39:02,828][src.modRNN.training.common][INFO] - 	 Starting Epoch: 1907
[2026-05-01 20:39:03,158][src.modRNN.training.common][INFO] - train epoch 1907 MSE 0.0023 nMSE 0.0195
[2026-05-01 20:39:03,159][src.modRNN.training.common][INFO] - 	 Starting Epoch: 1908
[2026-05-01 20:39:03,489][src.modRNN.training.common][INFO] - train epoch 1908 MSE 0.0021 nMSE 0.0181
[2026-05-01 20:39:03,490][src.modRNN.training.common][INFO] - 	 Starting Epoch: 1909
[2026-05-01 20:39:03,820][src.modRNN.training.common][INFO] - train epoch 1909 MSE 0.0015 nMSE 0.0126
[2026-05-01 20:39:03,821][src.modRNN.training.common][INFO] - 	 Starting Epoch: 1910
[2026-05-01 20:39:04,151][src.modRNN.training.common][INFO] - train epoch 1910 MSE 0.0017 nMSE 0.0146
[2026-05-01 20:39:04,152][src.modRNN.training.common][INFO] - 	 Starting Epoch: 1911
[2026-05-01 20:39:04,482][src.modRNN.training.common][INFO] - train epoch 1911 MSE 0.0015 nMSE 0.0125
[2026-05-01 20:39:04,482][src.modRNN.training.common][INFO] - 	 Starting Epoch: 1912
[2026-05-01 20:39:04,813][src.modRNN.training.common][INFO] - train epoch 1912 MSE 0.0016 nMSE 0.0140
[2026-05-01 20:39:04,814][src.modRNN.training.common][INFO] - 	 Starting Epoch: 1913
[2026-05-01 20:39:05,143][src.modRNN.training.common][INFO] - train epoch 1913 MSE 0.0016 nMSE 0.0134
[2026-05-01 20:39:05,144][src.modRNN.training.common][INFO] - 	 Starting Epoch: 1914
[2026-05-01 20:39:05,475][src.modRNN.training.common][INFO] - train epoch 1914 MSE 0.0015 nMSE 0.0129
[2026-05-01 20:39:05,476][src.modRNN.training.common][INFO] - 	 Starting Epoch: 1915
[2026-05-01 20:39:05,806][src.modRNN.training.common][INFO] - train epoch 1915 MSE 0.0016 nMSE 0.0136
[2026-05-01 20:39:05,806][src.modRNN.training.common][INFO] - 	 Starting Epoch: 1916
[2026-05-01 20:39:06,137][src.modRNN.training.common][INFO] - train epoch 1916 MSE 0.0017 nMSE 0.0144
[2026-05-01 20:39:06,138][src.modRNN.training.common][INFO] - 	 Starting Epoch: 1917
[2026-05-01 20:39:06,468][src.modRNN.training.common][INFO] - train epoch 1917 MSE 0.0017 nMSE 0.0143
[2026-05-01 20:39:06,469][src.modRNN.training.common][INFO] - 	 Starting Epoch: 1918
[2026-05-01 20:39:06,800][src.modRNN.training.common][INFO] - train epoch 1918 MSE 0.0017 nMSE 0.0150
[2026-05-01 20:39:06,801][src.modRNN.training.common][INFO] - 	 Starting Epoch: 1919
[2026-05-01 20:39:07,131][src.modRNN.training.common][INFO] - train epoch 1919 MSE 0.0015 nMSE 0.0130
[2026-05-01 20:39:07,132][src.modRNN.training.common][INFO] - 	 Starting Epoch: 1920
[2026-05-01 20:39:07,462][src.modRNN.training.common][INFO] - train epoch 1920 MSE 0.0020 nMSE 0.0176
[2026-05-01 20:39:07,463][src.modRNN.training.common][INFO] - 	 Starting Epoch: 1921
[2026-05-01 20:39:07,793][src.modRNN.training.common][INFO] - train epoch 1921 MSE 0.0019 nMSE 0.0163
[2026-05-01 20:39:07,794][src.modRNN.training.common][INFO] - 	 Starting Epoch: 1922
[2026-05-01 20:39:08,125][src.modRNN.training.common][INFO] - train epoch 1922 MSE 0.0016 nMSE 0.0134
[2026-05-01 20:39:08,126][src.modRNN.training.common][INFO] - 	 Starting Epoch: 1923
[2026-05-01 20:39:08,456][src.modRNN.training.common][INFO] - train epoch 1923 MSE 0.0017 nMSE 0.0143
[2026-05-01 20:39:08,457][src.modRNN.training.common][INFO] - 	 Starting Epoch: 1924
[2026-05-01 20:39:08,788][src.modRNN.training.common][INFO] - train epoch 1924 MSE 0.0016 nMSE 0.0136
[2026-05-01 20:39:08,789][src.modRNN.training.common][INFO] - 	 Starting Epoch: 1925
[2026-05-01 20:39:09,118][src.modRNN.training.common][INFO] - train epoch 1925 MSE 0.0014 nMSE 0.0120
[2026-05-01 20:39:09,119][src.modRNN.training.common][INFO] - 	 Starting Epoch: 1926
[2026-05-01 20:39:09,450][src.modRNN.training.common][INFO] - train epoch 1926 MSE 0.0015 nMSE 0.0133
[2026-05-01 20:39:09,500][src.modRNN.training.common][INFO] - eval  epoch 1926 MSE 0.0016 nMSE 0.0135
[2026-05-01 20:39:09,501][src.modRNN.training.common][INFO] - 	 Starting Epoch: 1927
[2026-05-01 20:39:09,830][src.modRNN.training.common][INFO] - train epoch 1927 MSE 0.0016 nMSE 0.0135
[2026-05-01 20:39:09,831][src.modRNN.training.common][INFO] - 	 Starting Epoch: 1928
[2026-05-01 20:39:10,162][src.modRNN.training.common][INFO] - train epoch 1928 MSE 0.0022 nMSE 0.0188
[2026-05-01 20:39:10,163][src.modRNN.training.common][INFO] - 	 Starting Epoch: 1929
[2026-05-01 20:39:10,492][src.modRNN.training.common][INFO] - train epoch 1929 MSE 0.0015 nMSE 0.0131
[2026-05-01 20:39:10,493][src.modRNN.training.common][INFO] - 	 Starting Epoch: 1930
[2026-05-01 20:39:10,824][src.modRNN.training.common][INFO] - train epoch 1930 MSE 0.0016 nMSE 0.0139
[2026-05-01 20:39:10,825][src.modRNN.training.common][INFO] - 	 Starting Epoch: 1931
[2026-05-01 20:39:11,155][src.modRNN.training.common][INFO] - train epoch 1931 MSE 0.0015 nMSE 0.0127
[2026-05-01 20:39:11,155][src.modRNN.training.common][INFO] - 	 Starting Epoch: 1932
[2026-05-01 20:39:11,486][src.modRNN.training.common][INFO] - train epoch 1932 MSE 0.0014 nMSE 0.0123
[2026-05-01 20:39:11,487][src.modRNN.training.common][INFO] - 	 Starting Epoch: 1933
[2026-05-01 20:39:11,817][src.modRNN.training.common][INFO] - train epoch 1933 MSE 0.0021 nMSE 0.0181
[2026-05-01 20:39:11,818][src.modRNN.training.common][INFO] - 	 Starting Epoch: 1934
[2026-05-01 20:39:12,149][src.modRNN.training.common][INFO] - train epoch 1934 MSE 0.0019 nMSE 0.0163
[2026-05-01 20:39:12,149][src.modRNN.training.common][INFO] - 	 Starting Epoch: 1935
[2026-05-01 20:39:12,479][src.modRNN.training.common][INFO] - train epoch 1935 MSE 0.0017 nMSE 0.0150
[2026-05-01 20:39:12,480][src.modRNN.training.common][INFO] - 	 Starting Epoch: 1936
[2026-05-01 20:39:12,811][src.modRNN.training.common][INFO] - train epoch 1936 MSE 0.0018 nMSE 0.0157
[2026-05-01 20:39:12,812][src.modRNN.training.common][INFO] - 	 Starting Epoch: 1937
[2026-05-01 20:39:13,141][src.modRNN.training.common][INFO] - train epoch 1937 MSE 0.0017 nMSE 0.0145
[2026-05-01 20:39:13,142][src.modRNN.training.common][INFO] - 	 Starting Epoch: 1938
[2026-05-01 20:39:13,473][src.modRNN.training.common][INFO] - train epoch 1938 MSE 0.0019 nMSE 0.0167
[2026-05-01 20:39:13,474][src.modRNN.training.common][INFO] - 	 Starting Epoch: 1939
[2026-05-01 20:39:13,803][src.modRNN.training.common][INFO] - train epoch 1939 MSE 0.0016 nMSE 0.0136
[2026-05-01 20:39:13,804][src.modRNN.training.common][INFO] - 	 Starting Epoch: 1940
[2026-05-01 20:39:14,135][src.modRNN.training.common][INFO] - train epoch 1940 MSE 0.0022 nMSE 0.0186
[2026-05-01 20:39:14,136][src.modRNN.training.common][INFO] - 	 Starting Epoch: 1941
[2026-05-01 20:39:14,466][src.modRNN.training.common][INFO] - train epoch 1941 MSE 0.0015 nMSE 0.0126
[2026-05-01 20:39:14,467][src.modRNN.training.common][INFO] - 	 Starting Epoch: 1942
[2026-05-01 20:39:14,798][src.modRNN.training.common][INFO] - train epoch 1942 MSE 0.0017 nMSE 0.0147
[2026-05-01 20:39:14,799][src.modRNN.training.common][INFO] - 	 Starting Epoch: 1943
[2026-05-01 20:39:15,128][src.modRNN.training.common][INFO] - train epoch 1943 MSE 0.0017 nMSE 0.0147
[2026-05-01 20:39:15,129][src.modRNN.training.common][INFO] - 	 Starting Epoch: 1944
[2026-05-01 20:39:15,460][src.modRNN.training.common][INFO] - train epoch 1944 MSE 0.0014 nMSE 0.0122
[2026-05-01 20:39:15,461][src.modRNN.training.common][INFO] - 	 Starting Epoch: 1945
[2026-05-01 20:39:15,791][src.modRNN.training.common][INFO] - train epoch 1945 MSE 0.0018 nMSE 0.0153
[2026-05-01 20:39:15,792][src.modRNN.training.common][INFO] - 	 Starting Epoch: 1946
[2026-05-01 20:39:16,123][src.modRNN.training.common][INFO] - train epoch 1946 MSE 0.0015 nMSE 0.0133
[2026-05-01 20:39:16,124][src.modRNN.training.common][INFO] - 	 Starting Epoch: 1947
[2026-05-01 20:39:16,453][src.modRNN.training.common][INFO] - train epoch 1947 MSE 0.0016 nMSE 0.0141
[2026-05-01 20:39:16,454][src.modRNN.training.common][INFO] - 	 Starting Epoch: 1948
[2026-05-01 20:39:16,785][src.modRNN.training.common][INFO] - train epoch 1948 MSE 0.0020 nMSE 0.0174
[2026-05-01 20:39:16,786][src.modRNN.training.common][INFO] - 	 Starting Epoch: 1949
[2026-05-01 20:39:17,116][src.modRNN.training.common][INFO] - train epoch 1949 MSE 0.0019 nMSE 0.0167
[2026-05-01 20:39:17,116][src.modRNN.training.common][INFO] - 	 Starting Epoch: 1950
[2026-05-01 20:39:17,447][src.modRNN.training.common][INFO] - train epoch 1950 MSE 0.0013 nMSE 0.0113
[2026-05-01 20:39:17,448][src.modRNN.training.common][INFO] - 	 Starting Epoch: 1951
[2026-05-01 20:39:17,778][src.modRNN.training.common][INFO] - train epoch 1951 MSE 0.0016 nMSE 0.0142
[2026-05-01 20:39:17,829][src.modRNN.training.common][INFO] - eval  epoch 1951 MSE 0.0017 nMSE 0.0147
[2026-05-01 20:39:17,829][src.modRNN.training.common][INFO] - 	 Starting Epoch: 1952
[2026-05-01 20:39:18,160][src.modRNN.training.common][INFO] - train epoch 1952 MSE 0.0017 nMSE 0.0147
[2026-05-01 20:39:18,161][src.modRNN.training.common][INFO] - 	 Starting Epoch: 1953
[2026-05-01 20:39:18,490][src.modRNN.training.common][INFO] - train epoch 1953 MSE 0.0014 nMSE 0.0123
[2026-05-01 20:39:18,491][src.modRNN.training.common][INFO] - 	 Starting Epoch: 1954
[2026-05-01 20:39:18,822][src.modRNN.training.common][INFO] - train epoch 1954 MSE 0.0020 nMSE 0.0173
[2026-05-01 20:39:18,823][src.modRNN.training.common][INFO] - 	 Starting Epoch: 1955
[2026-05-01 20:39:19,152][src.modRNN.training.common][INFO] - train epoch 1955 MSE 0.0021 nMSE 0.0178
[2026-05-01 20:39:19,153][src.modRNN.training.common][INFO] - 	 Starting Epoch: 1956
[2026-05-01 20:39:19,484][src.modRNN.training.common][INFO] - train epoch 1956 MSE 0.0017 nMSE 0.0143
[2026-05-01 20:39:19,485][src.modRNN.training.common][INFO] - 	 Starting Epoch: 1957
[2026-05-01 20:39:19,814][src.modRNN.training.common][INFO] - train epoch 1957 MSE 0.0016 nMSE 0.0136
[2026-05-01 20:39:19,815][src.modRNN.training.common][INFO] - 	 Starting Epoch: 1958
[2026-05-01 20:39:20,146][src.modRNN.training.common][INFO] - train epoch 1958 MSE 0.0017 nMSE 0.0149
[2026-05-01 20:39:20,147][src.modRNN.training.common][INFO] - 	 Starting Epoch: 1959
[2026-05-01 20:39:20,476][src.modRNN.training.common][INFO] - train epoch 1959 MSE 0.0017 nMSE 0.0143
[2026-05-01 20:39:20,477][src.modRNN.training.common][INFO] - 	 Starting Epoch: 1960
[2026-05-01 20:39:20,809][src.modRNN.training.common][INFO] - train epoch 1960 MSE 0.0016 nMSE 0.0135
[2026-05-01 20:39:20,810][src.modRNN.training.common][INFO] - 	 Starting Epoch: 1961
[2026-05-01 20:39:21,139][src.modRNN.training.common][INFO] - train epoch 1961 MSE 0.0016 nMSE 0.0141
[2026-05-01 20:39:21,140][src.modRNN.training.common][INFO] - 	 Starting Epoch: 1962
[2026-05-01 20:39:21,472][src.modRNN.training.common][INFO] - train epoch 1962 MSE 0.0017 nMSE 0.0145
[2026-05-01 20:39:21,473][src.modRNN.training.common][INFO] - 	 Starting Epoch: 1963
[2026-05-01 20:39:21,802][src.modRNN.training.common][INFO] - train epoch 1963 MSE 0.0013 nMSE 0.0116
[2026-05-01 20:39:21,803][src.modRNN.training.common][INFO] - 	 Starting Epoch: 1964
[2026-05-01 20:39:22,134][src.modRNN.training.common][INFO] - train epoch 1964 MSE 0.0016 nMSE 0.0138
[2026-05-01 20:39:22,134][src.modRNN.training.common][INFO] - 	 Starting Epoch: 1965
[2026-05-01 20:39:22,464][src.modRNN.training.common][INFO] - train epoch 1965 MSE 0.0016 nMSE 0.0136
[2026-05-01 20:39:22,465][src.modRNN.training.common][INFO] - 	 Starting Epoch: 1966
[2026-05-01 20:39:22,795][src.modRNN.training.common][INFO] - train epoch 1966 MSE 0.0016 nMSE 0.0137
[2026-05-01 20:39:22,796][src.modRNN.training.common][INFO] - 	 Starting Epoch: 1967
[2026-05-01 20:39:23,126][src.modRNN.training.common][INFO] - train epoch 1967 MSE 0.0015 nMSE 0.0133
[2026-05-01 20:39:23,127][src.modRNN.training.common][INFO] - 	 Starting Epoch: 1968
[2026-05-01 20:39:23,457][src.modRNN.training.common][INFO] - train epoch 1968 MSE 0.0023 nMSE 0.0199
[2026-05-01 20:39:23,458][src.modRNN.training.common][INFO] - 	 Starting Epoch: 1969
[2026-05-01 20:39:23,788][src.modRNN.training.common][INFO] - train epoch 1969 MSE 0.0016 nMSE 0.0136
[2026-05-01 20:39:23,789][src.modRNN.training.common][INFO] - 	 Starting Epoch: 1970
[2026-05-01 20:39:24,119][src.modRNN.training.common][INFO] - train epoch 1970 MSE 0.0021 nMSE 0.0181
[2026-05-01 20:39:24,120][src.modRNN.training.common][INFO] - 	 Starting Epoch: 1971
[2026-05-01 20:39:24,449][src.modRNN.training.common][INFO] - train epoch 1971 MSE 0.0015 nMSE 0.0130
[2026-05-01 20:39:24,450][src.modRNN.training.common][INFO] - 	 Starting Epoch: 1972
[2026-05-01 20:39:24,783][src.modRNN.training.common][INFO] - train epoch 1972 MSE 0.0018 nMSE 0.0154
[2026-05-01 20:39:24,784][src.modRNN.training.common][INFO] - 	 Starting Epoch: 1973
[2026-05-01 20:39:25,113][src.modRNN.training.common][INFO] - train epoch 1973 MSE 0.0016 nMSE 0.0139
[2026-05-01 20:39:25,114][src.modRNN.training.common][INFO] - 	 Starting Epoch: 1974
[2026-05-01 20:39:25,445][src.modRNN.training.common][INFO] - train epoch 1974 MSE 0.0017 nMSE 0.0147
[2026-05-01 20:39:25,446][src.modRNN.training.common][INFO] - 	 Starting Epoch: 1975
[2026-05-01 20:39:25,775][src.modRNN.training.common][INFO] - train epoch 1975 MSE 0.0016 nMSE 0.0140
[2026-05-01 20:39:25,776][src.modRNN.training.common][INFO] - 	 Starting Epoch: 1976
[2026-05-01 20:39:26,107][src.modRNN.training.common][INFO] - train epoch 1976 MSE 0.0015 nMSE 0.0132
[2026-05-01 20:39:26,157][src.modRNN.training.common][INFO] - eval  epoch 1976 MSE 0.0020 nMSE 0.0174
[2026-05-01 20:39:26,158][src.modRNN.training.common][INFO] - 	 Starting Epoch: 1977
[2026-05-01 20:39:26,487][src.modRNN.training.common][INFO] - train epoch 1977 MSE 0.0020 nMSE 0.0174
[2026-05-01 20:39:26,488][src.modRNN.training.common][INFO] - 	 Starting Epoch: 1978
[2026-05-01 20:39:26,819][src.modRNN.training.common][INFO] - train epoch 1978 MSE 0.0015 nMSE 0.0128
[2026-05-01 20:39:26,820][src.modRNN.training.common][INFO] - 	 Starting Epoch: 1979
[2026-05-01 20:39:27,150][src.modRNN.training.common][INFO] - train epoch 1979 MSE 0.0016 nMSE 0.0136
[2026-05-01 20:39:27,151][src.modRNN.training.common][INFO] - 	 Starting Epoch: 1980
[2026-05-01 20:39:27,481][src.modRNN.training.common][INFO] - train epoch 1980 MSE 0.0014 nMSE 0.0125
[2026-05-01 20:39:27,482][src.modRNN.training.common][INFO] - 	 Starting Epoch: 1981
[2026-05-01 20:39:27,812][src.modRNN.training.common][INFO] - train epoch 1981 MSE 0.0021 nMSE 0.0180
[2026-05-01 20:39:27,813][src.modRNN.training.common][INFO] - 	 Starting Epoch: 1982
[2026-05-01 20:39:28,144][src.modRNN.training.common][INFO] - train epoch 1982 MSE 0.0018 nMSE 0.0157
[2026-05-01 20:39:28,145][src.modRNN.training.common][INFO] - 	 Starting Epoch: 1983
[2026-05-01 20:39:28,474][src.modRNN.training.common][INFO] - train epoch 1983 MSE 0.0017 nMSE 0.0148
[2026-05-01 20:39:28,475][src.modRNN.training.common][INFO] - 	 Starting Epoch: 1984
[2026-05-01 20:39:28,806][src.modRNN.training.common][INFO] - train epoch 1984 MSE 0.0016 nMSE 0.0140
[2026-05-01 20:39:28,807][src.modRNN.training.common][INFO] - 	 Starting Epoch: 1985
[2026-05-01 20:39:29,136][src.modRNN.training.common][INFO] - train epoch 1985 MSE 0.0019 nMSE 0.0163
[2026-05-01 20:39:29,137][src.modRNN.training.common][INFO] - 	 Starting Epoch: 1986
[2026-05-01 20:39:29,468][src.modRNN.training.common][INFO] - train epoch 1986 MSE 0.0017 nMSE 0.0149
[2026-05-01 20:39:29,469][src.modRNN.training.common][INFO] - 	 Starting Epoch: 1987
[2026-05-01 20:39:29,799][src.modRNN.training.common][INFO] - train epoch 1987 MSE 0.0017 nMSE 0.0144
[2026-05-01 20:39:29,800][src.modRNN.training.common][INFO] - 	 Starting Epoch: 1988
[2026-05-01 20:39:30,130][src.modRNN.training.common][INFO] - train epoch 1988 MSE 0.0014 nMSE 0.0121
[2026-05-01 20:39:30,131][src.modRNN.training.common][INFO] - 	 Starting Epoch: 1989
[2026-05-01 20:39:30,461][src.modRNN.training.common][INFO] - train epoch 1989 MSE 0.0020 nMSE 0.0168
[2026-05-01 20:39:30,462][src.modRNN.training.common][INFO] - 	 Starting Epoch: 1990
[2026-05-01 20:39:30,796][src.modRNN.training.common][INFO] - train epoch 1990 MSE 0.0018 nMSE 0.0155
[2026-05-01 20:39:30,797][src.modRNN.training.common][INFO] - 	 Starting Epoch: 1991
[2026-05-01 20:39:31,127][src.modRNN.training.common][INFO] - train epoch 1991 MSE 0.0016 nMSE 0.0141
[2026-05-01 20:39:31,127][src.modRNN.training.common][INFO] - 	 Starting Epoch: 1992
[2026-05-01 20:39:31,455][src.modRNN.training.common][INFO] - train epoch 1992 MSE 0.0019 nMSE 0.0161
[2026-05-01 20:39:31,456][src.modRNN.training.common][INFO] - 	 Starting Epoch: 1993
[2026-05-01 20:39:31,783][src.modRNN.training.common][INFO] - train epoch 1993 MSE 0.0016 nMSE 0.0141
[2026-05-01 20:39:31,784][src.modRNN.training.common][INFO] - 	 Starting Epoch: 1994
[2026-05-01 20:39:32,111][src.modRNN.training.common][INFO] - train epoch 1994 MSE 0.0018 nMSE 0.0154
[2026-05-01 20:39:32,112][src.modRNN.training.common][INFO] - 	 Starting Epoch: 1995
[2026-05-01 20:39:32,441][src.modRNN.training.common][INFO] - train epoch 1995 MSE 0.0017 nMSE 0.0146
[2026-05-01 20:39:32,442][src.modRNN.training.common][INFO] - 	 Starting Epoch: 1996
[2026-05-01 20:39:32,771][src.modRNN.training.common][INFO] - train epoch 1996 MSE 0.0017 nMSE 0.0149
[2026-05-01 20:39:32,772][src.modRNN.training.common][INFO] - 	 Starting Epoch: 1997
[2026-05-01 20:39:33,099][src.modRNN.training.common][INFO] - train epoch 1997 MSE 0.0015 nMSE 0.0133
[2026-05-01 20:39:33,100][src.modRNN.training.common][INFO] - 	 Starting Epoch: 1998
[2026-05-01 20:39:33,429][src.modRNN.training.common][INFO] - train epoch 1998 MSE 0.0013 nMSE 0.0116
[2026-05-01 20:39:33,430][src.modRNN.training.common][INFO] - 	 Starting Epoch: 1999
[2026-05-01 20:39:33,758][src.modRNN.training.common][INFO] - train epoch 1999 MSE 0.0017 nMSE 0.0146
[2026-05-01 20:39:33,758][src.modRNN.training.common][INFO] - 	 Starting Epoch: 2000
[2026-05-01 20:39:34,086][src.modRNN.training.common][INFO] - train epoch 2000 MSE 0.0015 nMSE 0.0133
[2026-05-01 20:39:34,135][src.modRNN.training.common][INFO] - eval  epoch 2000 MSE 0.0015 nMSE 0.0129
[2026-05-01 20:39:37,040][src.modRNN.training.common][INFO] - firing rate eval set  average 11.2 max 67.0 min 0.0
[2026-05-01 20:39:42,738][src.modRNN.training.common][INFO] - Training completed all 2000 iterations.
