[2026-05-04 16:54:11,467][jax._src.xla_bridge][INFO] - Unable to initialize backend 'rocm': module 'jaxlib.xla_extension' has no attribute 'GpuAllocatorConfig'
[2026-05-04 16:54:11,469][jax._src.xla_bridge][INFO] - Unable to initialize backend 'tpu': INTERNAL: Failed to open libtpu.so: libtpu.so: cannot open shared object file: No such file or directory
[2026-05-04 16:54:20,620][src.modRNN.training.training_loop][INFO] - Starting training...
[2026-05-04 16:54:20,621][src.modRNN.training.training_loop][INFO] - 	 Starting Epoch: 1
[2026-05-04 16:54:21,842][src.modRNN.training.training_loop][INFO] - train epoch 001 MSE 0.1326 nMSE 1.0002
[2026-05-04 16:54:22,167][src.modRNN.training.training_loop][INFO] - eval  epoch 001 MSE 0.1324 nMSE 0.9984
[2026-05-04 16:54:22,168][src.modRNN.training.training_loop][INFO] - 	 Starting Epoch: 2
[2026-05-04 16:54:22,286][src.modRNN.training.training_loop][INFO] - train epoch 002 MSE 0.1324 nMSE 0.9984
[2026-05-04 16:54:22,286][src.modRNN.training.training_loop][INFO] - 	 Starting Epoch: 3
[2026-05-04 16:54:22,401][src.modRNN.training.training_loop][INFO] - train epoch 003 MSE 0.1322 nMSE 0.9970
[2026-05-04 16:54:22,402][src.modRNN.training.training_loop][INFO] - 	 Starting Epoch: 4
[2026-05-04 16:54:22,517][src.modRNN.training.training_loop][INFO] - train epoch 004 MSE 0.1318 nMSE 0.9943
[2026-05-04 16:54:22,517][src.modRNN.training.training_loop][INFO] - 	 Starting Epoch: 5
[2026-05-04 16:54:22,632][src.modRNN.training.training_loop][INFO] - train epoch 005 MSE 0.1314 nMSE 0.9909
[2026-05-04 16:54:22,632][src.modRNN.training.training_loop][INFO] - 	 Starting Epoch: 6
[2026-05-04 16:54:22,747][src.modRNN.training.training_loop][INFO] - train epoch 006 MSE 0.1303 nMSE 0.9830
[2026-05-04 16:54:22,748][src.modRNN.training.training_loop][INFO] - 	 Starting Epoch: 7
[2026-05-04 16:54:22,862][src.modRNN.training.training_loop][INFO] - train epoch 007 MSE 0.1293 nMSE 0.9749
[2026-05-04 16:54:22,863][src.modRNN.training.training_loop][INFO] - 	 Starting Epoch: 8
[2026-05-04 16:54:22,977][src.modRNN.training.training_loop][INFO] - train epoch 008 MSE 0.1264 nMSE 0.9537
[2026-05-04 16:54:22,978][src.modRNN.training.training_loop][INFO] - 	 Starting Epoch: 9
[2026-05-04 16:54:23,092][src.modRNN.training.training_loop][INFO] - train epoch 009 MSE 0.1197 nMSE 0.9025
[2026-05-04 16:54:23,093][src.modRNN.training.training_loop][INFO] - 	 Starting Epoch: 10
[2026-05-04 16:54:23,208][src.modRNN.training.training_loop][INFO] - train epoch 010 MSE 0.1197 nMSE 0.9031
[2026-05-04 16:54:23,208][src.modRNN.training.training_loop][INFO] - 	 Starting Epoch: 11
[2026-05-04 16:54:23,322][src.modRNN.training.training_loop][INFO] - train epoch 011 MSE 0.4761 nMSE 3.5908
[2026-05-04 16:54:23,323][src.modRNN.training.training_loop][INFO] - 	 Starting Epoch: 12
[2026-05-04 16:54:23,437][src.modRNN.training.training_loop][INFO] - train epoch 012 MSE 0.3519 nMSE 2.6540
[2026-05-04 16:54:23,438][src.modRNN.training.training_loop][INFO] - 	 Starting Epoch: 13
[2026-05-04 16:54:23,552][src.modRNN.training.training_loop][INFO] - train epoch 013 MSE 0.1193 nMSE 0.9001
[2026-05-04 16:54:23,553][src.modRNN.training.training_loop][INFO] - 	 Starting Epoch: 14
[2026-05-04 16:54:23,667][src.modRNN.training.training_loop][INFO] - train epoch 014 MSE 0.1222 nMSE 0.9214
[2026-05-04 16:54:23,668][src.modRNN.training.training_loop][INFO] - 	 Starting Epoch: 15
[2026-05-04 16:54:23,782][src.modRNN.training.training_loop][INFO] - train epoch 015 MSE 0.1198 nMSE 0.9032
[2026-05-04 16:54:23,783][src.modRNN.training.training_loop][INFO] - 	 Starting Epoch: 16
[2026-05-04 16:54:23,897][src.modRNN.training.training_loop][INFO] - train epoch 016 MSE 0.1208 nMSE 0.9108
[2026-05-04 16:54:23,898][src.modRNN.training.training_loop][INFO] - 	 Starting Epoch: 17
[2026-05-04 16:54:24,012][src.modRNN.training.training_loop][INFO] - train epoch 017 MSE 0.1226 nMSE 0.9249
[2026-05-04 16:54:24,013][src.modRNN.training.training_loop][INFO] - 	 Starting Epoch: 18
[2026-05-04 16:54:24,127][src.modRNN.training.training_loop][INFO] - train epoch 018 MSE 0.1233 nMSE 0.9303
[2026-05-04 16:54:24,127][src.modRNN.training.training_loop][INFO] - 	 Starting Epoch: 19
[2026-05-04 16:54:24,241][src.modRNN.training.training_loop][INFO] - train epoch 019 MSE 0.1235 nMSE 0.9315
[2026-05-04 16:54:24,242][src.modRNN.training.training_loop][INFO] - 	 Starting Epoch: 20
[2026-05-04 16:54:24,357][src.modRNN.training.training_loop][INFO] - train epoch 020 MSE 0.1226 nMSE 0.9246
[2026-05-04 16:54:24,358][src.modRNN.training.training_loop][INFO] - 	 Starting Epoch: 21
[2026-05-04 16:54:24,472][src.modRNN.training.training_loop][INFO] - train epoch 021 MSE 0.1210 nMSE 0.9127
[2026-05-04 16:54:24,473][src.modRNN.training.training_loop][INFO] - 	 Starting Epoch: 22
[2026-05-04 16:54:24,587][src.modRNN.training.training_loop][INFO] - train epoch 022 MSE 0.1190 nMSE 0.8978
[2026-05-04 16:54:24,588][src.modRNN.training.training_loop][INFO] - 	 Starting Epoch: 23
[2026-05-04 16:54:24,702][src.modRNN.training.training_loop][INFO] - train epoch 023 MSE 0.1182 nMSE 0.8918
[2026-05-04 16:54:24,703][src.modRNN.training.training_loop][INFO] - 	 Starting Epoch: 24
[2026-05-04 16:54:24,817][src.modRNN.training.training_loop][INFO] - train epoch 024 MSE 0.1171 nMSE 0.8828
[2026-05-04 16:54:24,818][src.modRNN.training.training_loop][INFO] - 	 Starting Epoch: 25
[2026-05-04 16:54:24,931][src.modRNN.training.training_loop][INFO] - train epoch 025 MSE 0.1120 nMSE 0.8444
[2026-05-04 16:54:24,932][src.modRNN.training.training_loop][INFO] - 	 Starting Epoch: 26
[2026-05-04 16:54:25,046][src.modRNN.training.training_loop][INFO] - train epoch 026 MSE 0.1098 nMSE 0.8283
[2026-05-04 16:54:25,092][src.modRNN.training.training_loop][INFO] - eval  epoch 026 MSE 0.1055 nMSE 0.7959
[2026-05-04 16:54:25,092][src.modRNN.training.training_loop][INFO] - 	 Starting Epoch: 27
[2026-05-04 16:54:25,206][src.modRNN.training.training_loop][INFO] - train epoch 027 MSE 0.1055 nMSE 0.7959
[2026-05-04 16:54:25,207][src.modRNN.training.training_loop][INFO] - 	 Starting Epoch: 28
[2026-05-04 16:54:25,321][src.modRNN.training.training_loop][INFO] - train epoch 028 MSE 0.1149 nMSE 0.8668
[2026-05-04 16:54:25,321][src.modRNN.training.training_loop][INFO] - 	 Starting Epoch: 29
[2026-05-04 16:54:25,435][src.modRNN.training.training_loop][INFO] - train epoch 029 MSE 0.1111 nMSE 0.8379
[2026-05-04 16:54:25,436][src.modRNN.training.training_loop][INFO] - 	 Starting Epoch: 30
[2026-05-04 16:54:25,550][src.modRNN.training.training_loop][INFO] - train epoch 030 MSE 0.1152 nMSE 0.8686
[2026-05-04 16:54:25,551][src.modRNN.training.training_loop][INFO] - 	 Starting Epoch: 31
[2026-05-04 16:54:25,665][src.modRNN.training.training_loop][INFO] - train epoch 031 MSE 0.1100 nMSE 0.8296
[2026-05-04 16:54:25,666][src.modRNN.training.training_loop][INFO] - 	 Starting Epoch: 32
[2026-05-04 16:54:25,780][src.modRNN.training.training_loop][INFO] - train epoch 032 MSE 0.0985 nMSE 0.7426
[2026-05-04 16:54:25,781][src.modRNN.training.training_loop][INFO] - 	 Starting Epoch: 33
[2026-05-04 16:54:25,895][src.modRNN.training.training_loop][INFO] - train epoch 033 MSE 0.1112 nMSE 0.8387
[2026-05-04 16:54:25,896][src.modRNN.training.training_loop][INFO] - 	 Starting Epoch: 34
[2026-05-04 16:54:26,010][src.modRNN.training.training_loop][INFO] - train epoch 034 MSE 0.0998 nMSE 0.7526
[2026-05-04 16:54:26,011][src.modRNN.training.training_loop][INFO] - 	 Starting Epoch: 35
[2026-05-04 16:54:26,127][src.modRNN.training.training_loop][INFO] - train epoch 035 MSE 0.0976 nMSE 0.7358
[2026-05-04 16:54:26,128][src.modRNN.training.training_loop][INFO] - 	 Starting Epoch: 36
[2026-05-04 16:54:26,242][src.modRNN.training.training_loop][INFO] - train epoch 036 MSE 0.1023 nMSE 0.7713
[2026-05-04 16:54:26,243][src.modRNN.training.training_loop][INFO] - 	 Starting Epoch: 37
[2026-05-04 16:54:26,358][src.modRNN.training.training_loop][INFO] - train epoch 037 MSE 0.0997 nMSE 0.7517
[2026-05-04 16:54:26,359][src.modRNN.training.training_loop][INFO] - 	 Starting Epoch: 38
[2026-05-04 16:54:26,473][src.modRNN.training.training_loop][INFO] - train epoch 038 MSE 0.0893 nMSE 0.6736
[2026-05-04 16:54:26,474][src.modRNN.training.training_loop][INFO] - 	 Starting Epoch: 39
[2026-05-04 16:54:26,588][src.modRNN.training.training_loop][INFO] - train epoch 039 MSE 0.0916 nMSE 0.6910
[2026-05-04 16:54:26,589][src.modRNN.training.training_loop][INFO] - 	 Starting Epoch: 40
[2026-05-04 16:54:26,703][src.modRNN.training.training_loop][INFO] - train epoch 040 MSE 0.0870 nMSE 0.6563
[2026-05-04 16:54:26,704][src.modRNN.training.training_loop][INFO] - 	 Starting Epoch: 41
[2026-05-04 16:54:26,818][src.modRNN.training.training_loop][INFO] - train epoch 041 MSE 0.0831 nMSE 0.6265
[2026-05-04 16:54:26,819][src.modRNN.training.training_loop][INFO] - 	 Starting Epoch: 42
[2026-05-04 16:54:26,934][src.modRNN.training.training_loop][INFO] - train epoch 042 MSE 0.0861 nMSE 0.6497
[2026-05-04 16:54:26,934][src.modRNN.training.training_loop][INFO] - 	 Starting Epoch: 43
[2026-05-04 16:54:27,049][src.modRNN.training.training_loop][INFO] - train epoch 043 MSE 0.0722 nMSE 0.5444
[2026-05-04 16:54:27,050][src.modRNN.training.training_loop][INFO] - 	 Starting Epoch: 44
[2026-05-04 16:54:27,165][src.modRNN.training.training_loop][INFO] - train epoch 044 MSE 0.0926 nMSE 0.6983
[2026-05-04 16:54:27,165][src.modRNN.training.training_loop][INFO] - 	 Starting Epoch: 45
[2026-05-04 16:54:27,279][src.modRNN.training.training_loop][INFO] - train epoch 045 MSE 0.0762 nMSE 0.5744
[2026-05-04 16:54:27,280][src.modRNN.training.training_loop][INFO] - 	 Starting Epoch: 46
[2026-05-04 16:54:27,395][src.modRNN.training.training_loop][INFO] - train epoch 046 MSE 0.0850 nMSE 0.6410
[2026-05-04 16:54:27,395][src.modRNN.training.training_loop][INFO] - 	 Starting Epoch: 47
[2026-05-04 16:54:27,510][src.modRNN.training.training_loop][INFO] - train epoch 047 MSE 0.0716 nMSE 0.5401
[2026-05-04 16:54:27,511][src.modRNN.training.training_loop][INFO] - 	 Starting Epoch: 48
[2026-05-04 16:54:27,625][src.modRNN.training.training_loop][INFO] - train epoch 048 MSE 0.0756 nMSE 0.5698
[2026-05-04 16:54:27,626][src.modRNN.training.training_loop][INFO] - 	 Starting Epoch: 49
[2026-05-04 16:54:27,741][src.modRNN.training.training_loop][INFO] - train epoch 049 MSE 0.0814 nMSE 0.6143
[2026-05-04 16:54:27,742][src.modRNN.training.training_loop][INFO] - 	 Starting Epoch: 50
[2026-05-04 16:54:27,857][src.modRNN.training.training_loop][INFO] - train epoch 050 MSE 0.0661 nMSE 0.4989
[2026-05-04 16:54:27,858][src.modRNN.training.training_loop][INFO] - 	 Starting Epoch: 51
[2026-05-04 16:54:27,972][src.modRNN.training.training_loop][INFO] - train epoch 051 MSE 0.0712 nMSE 0.5371
[2026-05-04 16:54:28,018][src.modRNN.training.training_loop][INFO] - eval  epoch 051 MSE 0.0692 nMSE 0.5217
[2026-05-04 16:54:28,018][src.modRNN.training.training_loop][INFO] - 	 Starting Epoch: 52
[2026-05-04 16:54:28,134][src.modRNN.training.training_loop][INFO] - train epoch 052 MSE 0.0692 nMSE 0.5217
[2026-05-04 16:54:28,135][src.modRNN.training.training_loop][INFO] - 	 Starting Epoch: 53
[2026-05-04 16:54:28,250][src.modRNN.training.training_loop][INFO] - train epoch 053 MSE 0.0572 nMSE 0.4316
[2026-05-04 16:54:28,250][src.modRNN.training.training_loop][INFO] - 	 Starting Epoch: 54
[2026-05-04 16:54:28,365][src.modRNN.training.training_loop][INFO] - train epoch 054 MSE 0.0800 nMSE 0.6036
[2026-05-04 16:54:28,366][src.modRNN.training.training_loop][INFO] - 	 Starting Epoch: 55
[2026-05-04 16:54:28,481][src.modRNN.training.training_loop][INFO] - train epoch 055 MSE 0.0590 nMSE 0.4449
[2026-05-04 16:54:28,482][src.modRNN.training.training_loop][INFO] - 	 Starting Epoch: 56
[2026-05-04 16:54:28,596][src.modRNN.training.training_loop][INFO] - train epoch 056 MSE 0.0774 nMSE 0.5838
[2026-05-04 16:54:28,597][src.modRNN.training.training_loop][INFO] - 	 Starting Epoch: 57
[2026-05-04 16:54:28,712][src.modRNN.training.training_loop][INFO] - train epoch 057 MSE 0.0606 nMSE 0.4569
[2026-05-04 16:54:28,713][src.modRNN.training.training_loop][INFO] - 	 Starting Epoch: 58
[2026-05-04 16:54:28,827][src.modRNN.training.training_loop][INFO] - train epoch 058 MSE 0.0588 nMSE 0.4435
[2026-05-04 16:54:28,828][src.modRNN.training.training_loop][INFO] - 	 Starting Epoch: 59
[2026-05-04 16:54:28,943][src.modRNN.training.training_loop][INFO] - train epoch 059 MSE 0.0676 nMSE 0.5098
[2026-05-04 16:54:28,944][src.modRNN.training.training_loop][INFO] - 	 Starting Epoch: 60
[2026-05-04 16:54:29,060][src.modRNN.training.training_loop][INFO] - train epoch 060 MSE 0.0539 nMSE 0.4065
[2026-05-04 16:54:29,061][src.modRNN.training.training_loop][INFO] - 	 Starting Epoch: 61
[2026-05-04 16:54:29,177][src.modRNN.training.training_loop][INFO] - train epoch 061 MSE 0.0628 nMSE 0.4737
[2026-05-04 16:54:29,177][src.modRNN.training.training_loop][INFO] - 	 Starting Epoch: 62
[2026-05-04 16:54:29,292][src.modRNN.training.training_loop][INFO] - train epoch 062 MSE 0.0591 nMSE 0.4457
[2026-05-04 16:54:29,293][src.modRNN.training.training_loop][INFO] - 	 Starting Epoch: 63
[2026-05-04 16:54:29,407][src.modRNN.training.training_loop][INFO] - train epoch 063 MSE 0.0520 nMSE 0.3919
[2026-05-04 16:54:29,408][src.modRNN.training.training_loop][INFO] - 	 Starting Epoch: 64
[2026-05-04 16:54:29,523][src.modRNN.training.training_loop][INFO] - train epoch 064 MSE 0.0596 nMSE 0.4494
[2026-05-04 16:54:29,524][src.modRNN.training.training_loop][INFO] - 	 Starting Epoch: 65
[2026-05-04 16:54:29,639][src.modRNN.training.training_loop][INFO] - train epoch 065 MSE 0.0548 nMSE 0.4133
[2026-05-04 16:54:29,640][src.modRNN.training.training_loop][INFO] - 	 Starting Epoch: 66
[2026-05-04 16:54:29,754][src.modRNN.training.training_loop][INFO] - train epoch 066 MSE 0.0503 nMSE 0.3797
[2026-05-04 16:54:29,755][src.modRNN.training.training_loop][INFO] - 	 Starting Epoch: 67
[2026-05-04 16:54:29,870][src.modRNN.training.training_loop][INFO] - train epoch 067 MSE 0.0541 nMSE 0.4084
[2026-05-04 16:54:29,871][src.modRNN.training.training_loop][INFO] - 	 Starting Epoch: 68
[2026-05-04 16:54:29,986][src.modRNN.training.training_loop][INFO] - train epoch 068 MSE 0.0520 nMSE 0.3920
[2026-05-04 16:54:29,987][src.modRNN.training.training_loop][INFO] - 	 Starting Epoch: 69
[2026-05-04 16:54:30,101][src.modRNN.training.training_loop][INFO] - train epoch 069 MSE 0.0485 nMSE 0.3659
[2026-05-04 16:54:30,102][src.modRNN.training.training_loop][INFO] - 	 Starting Epoch: 70
[2026-05-04 16:54:30,217][src.modRNN.training.training_loop][INFO] - train epoch 070 MSE 0.0554 nMSE 0.4180
[2026-05-04 16:54:30,218][src.modRNN.training.training_loop][INFO] - 	 Starting Epoch: 71
[2026-05-04 16:54:30,332][src.modRNN.training.training_loop][INFO] - train epoch 071 MSE 0.0465 nMSE 0.3509
[2026-05-04 16:54:30,333][src.modRNN.training.training_loop][INFO] - 	 Starting Epoch: 72
[2026-05-04 16:54:30,447][src.modRNN.training.training_loop][INFO] - train epoch 072 MSE 0.0499 nMSE 0.3760
[2026-05-04 16:54:30,448][src.modRNN.training.training_loop][INFO] - 	 Starting Epoch: 73
[2026-05-04 16:54:30,563][src.modRNN.training.training_loop][INFO] - train epoch 073 MSE 0.0495 nMSE 0.3736
[2026-05-04 16:54:30,563][src.modRNN.training.training_loop][INFO] - 	 Starting Epoch: 74
[2026-05-04 16:54:30,678][src.modRNN.training.training_loop][INFO] - train epoch 074 MSE 0.0464 nMSE 0.3499
[2026-05-04 16:54:30,679][src.modRNN.training.training_loop][INFO] - 	 Starting Epoch: 75
[2026-05-04 16:54:30,793][src.modRNN.training.training_loop][INFO] - train epoch 075 MSE 0.0486 nMSE 0.3665
[2026-05-04 16:54:30,794][src.modRNN.training.training_loop][INFO] - 	 Starting Epoch: 76
[2026-05-04 16:54:30,908][src.modRNN.training.training_loop][INFO] - train epoch 076 MSE 0.0443 nMSE 0.3341
[2026-05-04 16:54:30,954][src.modRNN.training.training_loop][INFO] - eval  epoch 076 MSE 0.0446 nMSE 0.3362
[2026-05-04 16:54:30,955][src.modRNN.training.training_loop][INFO] - 	 Starting Epoch: 77
[2026-05-04 16:54:31,069][src.modRNN.training.training_loop][INFO] - train epoch 077 MSE 0.0446 nMSE 0.3362
[2026-05-04 16:54:31,070][src.modRNN.training.training_loop][INFO] - 	 Starting Epoch: 78
[2026-05-04 16:54:31,181][src.modRNN.training.training_loop][INFO] - train epoch 078 MSE 0.0443 nMSE 0.3341
[2026-05-04 16:54:31,182][src.modRNN.training.training_loop][INFO] - 	 Starting Epoch: 79
[2026-05-04 16:54:31,294][src.modRNN.training.training_loop][INFO] - train epoch 079 MSE 0.0422 nMSE 0.3183
[2026-05-04 16:54:31,294][src.modRNN.training.training_loop][INFO] - 	 Starting Epoch: 80
[2026-05-04 16:54:31,407][src.modRNN.training.training_loop][INFO] - train epoch 080 MSE 0.0434 nMSE 0.3275
[2026-05-04 16:54:31,408][src.modRNN.training.training_loop][INFO] - 	 Starting Epoch: 81
[2026-05-04 16:54:31,520][src.modRNN.training.training_loop][INFO] - train epoch 081 MSE 0.0397 nMSE 0.2991
[2026-05-04 16:54:31,521][src.modRNN.training.training_loop][INFO] - 	 Starting Epoch: 82
[2026-05-04 16:54:31,634][src.modRNN.training.training_loop][INFO] - train epoch 082 MSE 0.0410 nMSE 0.3094
[2026-05-04 16:54:31,634][src.modRNN.training.training_loop][INFO] - 	 Starting Epoch: 83
[2026-05-04 16:54:31,747][src.modRNN.training.training_loop][INFO] - train epoch 083 MSE 0.0388 nMSE 0.2926
[2026-05-04 16:54:31,748][src.modRNN.training.training_loop][INFO] - 	 Starting Epoch: 84
[2026-05-04 16:54:31,860][src.modRNN.training.training_loop][INFO] - train epoch 084 MSE 0.0398 nMSE 0.3004
[2026-05-04 16:54:31,861][src.modRNN.training.training_loop][INFO] - 	 Starting Epoch: 85
[2026-05-04 16:54:31,975][src.modRNN.training.training_loop][INFO] - train epoch 085 MSE 0.0366 nMSE 0.2759
[2026-05-04 16:54:31,976][src.modRNN.training.training_loop][INFO] - 	 Starting Epoch: 86
[2026-05-04 16:54:32,088][src.modRNN.training.training_loop][INFO] - train epoch 086 MSE 0.0366 nMSE 0.2757
[2026-05-04 16:54:32,089][src.modRNN.training.training_loop][INFO] - 	 Starting Epoch: 87
[2026-05-04 16:54:32,202][src.modRNN.training.training_loop][INFO] - train epoch 087 MSE 0.0357 nMSE 0.2695
[2026-05-04 16:54:32,203][src.modRNN.training.training_loop][INFO] - 	 Starting Epoch: 88
[2026-05-04 16:54:32,316][src.modRNN.training.training_loop][INFO] - train epoch 088 MSE 0.0376 nMSE 0.2836
[2026-05-04 16:54:32,316][src.modRNN.training.training_loop][INFO] - 	 Starting Epoch: 89
[2026-05-04 16:54:32,429][src.modRNN.training.training_loop][INFO] - train epoch 089 MSE 0.0344 nMSE 0.2596
[2026-05-04 16:54:32,430][src.modRNN.training.training_loop][INFO] - 	 Starting Epoch: 90
[2026-05-04 16:54:32,542][src.modRNN.training.training_loop][INFO] - train epoch 090 MSE 0.0341 nMSE 0.2571
[2026-05-04 16:54:32,543][src.modRNN.training.training_loop][INFO] - 	 Starting Epoch: 91
[2026-05-04 16:54:32,655][src.modRNN.training.training_loop][INFO] - train epoch 091 MSE 0.0334 nMSE 0.2517
[2026-05-04 16:54:32,656][src.modRNN.training.training_loop][INFO] - 	 Starting Epoch: 92
[2026-05-04 16:54:32,769][src.modRNN.training.training_loop][INFO] - train epoch 092 MSE 0.0315 nMSE 0.2378
[2026-05-04 16:54:32,770][src.modRNN.training.training_loop][INFO] - 	 Starting Epoch: 93
[2026-05-04 16:54:32,882][src.modRNN.training.training_loop][INFO] - train epoch 093 MSE 0.0348 nMSE 0.2628
[2026-05-04 16:54:32,883][src.modRNN.training.training_loop][INFO] - 	 Starting Epoch: 94
[2026-05-04 16:54:32,996][src.modRNN.training.training_loop][INFO] - train epoch 094 MSE 0.0316 nMSE 0.2386
[2026-05-04 16:54:32,997][src.modRNN.training.training_loop][INFO] - 	 Starting Epoch: 95
[2026-05-04 16:54:33,109][src.modRNN.training.training_loop][INFO] - train epoch 095 MSE 0.0294 nMSE 0.2215
[2026-05-04 16:54:33,109][src.modRNN.training.training_loop][INFO] - 	 Starting Epoch: 96
[2026-05-04 16:54:33,222][src.modRNN.training.training_loop][INFO] - train epoch 096 MSE 0.0293 nMSE 0.2212
[2026-05-04 16:54:33,222][src.modRNN.training.training_loop][INFO] - 	 Starting Epoch: 97
[2026-05-04 16:54:33,335][src.modRNN.training.training_loop][INFO] - train epoch 097 MSE 0.0275 nMSE 0.2073
[2026-05-04 16:54:33,336][src.modRNN.training.training_loop][INFO] - 	 Starting Epoch: 98
[2026-05-04 16:54:33,448][src.modRNN.training.training_loop][INFO] - train epoch 098 MSE 0.0285 nMSE 0.2147
[2026-05-04 16:54:33,449][src.modRNN.training.training_loop][INFO] - 	 Starting Epoch: 99
[2026-05-04 16:54:33,561][src.modRNN.training.training_loop][INFO] - train epoch 099 MSE 0.0273 nMSE 0.2057
[2026-05-04 16:54:33,562][src.modRNN.training.training_loop][INFO] - 	 Starting Epoch: 100
[2026-05-04 16:54:33,674][src.modRNN.training.training_loop][INFO] - train epoch 100 MSE 0.0248 nMSE 0.1874
[2026-05-04 16:54:33,675][src.modRNN.training.training_loop][INFO] - 	 Starting Epoch: 101
[2026-05-04 16:54:33,787][src.modRNN.training.training_loop][INFO] - train epoch 101 MSE 0.0249 nMSE 0.1874
[2026-05-04 16:54:33,832][src.modRNN.training.training_loop][INFO] - eval  epoch 101 MSE 0.0243 nMSE 0.1834
[2026-05-04 16:54:33,833][src.modRNN.training.training_loop][INFO] - 	 Starting Epoch: 102
[2026-05-04 16:54:33,945][src.modRNN.training.training_loop][INFO] - train epoch 102 MSE 0.0243 nMSE 0.1834
[2026-05-04 16:54:33,946][src.modRNN.training.training_loop][INFO] - 	 Starting Epoch: 103
[2026-05-04 16:54:34,059][src.modRNN.training.training_loop][INFO] - train epoch 103 MSE 0.0240 nMSE 0.1811
[2026-05-04 16:54:34,059][src.modRNN.training.training_loop][INFO] - 	 Starting Epoch: 104
[2026-05-04 16:54:34,172][src.modRNN.training.training_loop][INFO] - train epoch 104 MSE 0.0257 nMSE 0.1939
[2026-05-04 16:54:34,173][src.modRNN.training.training_loop][INFO] - 	 Starting Epoch: 105
[2026-05-04 16:54:34,285][src.modRNN.training.training_loop][INFO] - train epoch 105 MSE 0.0239 nMSE 0.1800
[2026-05-04 16:54:34,286][src.modRNN.training.training_loop][INFO] - 	 Starting Epoch: 106
[2026-05-04 16:54:34,399][src.modRNN.training.training_loop][INFO] - train epoch 106 MSE 0.0205 nMSE 0.1550
[2026-05-04 16:54:34,400][src.modRNN.training.training_loop][INFO] - 	 Starting Epoch: 107
[2026-05-04 16:54:34,513][src.modRNN.training.training_loop][INFO] - train epoch 107 MSE 0.0216 nMSE 0.1631
[2026-05-04 16:54:34,513][src.modRNN.training.training_loop][INFO] - 	 Starting Epoch: 108
[2026-05-04 16:54:34,627][src.modRNN.training.training_loop][INFO] - train epoch 108 MSE 0.0227 nMSE 0.1716
[2026-05-04 16:54:34,628][src.modRNN.training.training_loop][INFO] - 	 Starting Epoch: 109
[2026-05-04 16:54:34,741][src.modRNN.training.training_loop][INFO] - train epoch 109 MSE 0.0194 nMSE 0.1463
[2026-05-04 16:54:34,742][src.modRNN.training.training_loop][INFO] - 	 Starting Epoch: 110
[2026-05-04 16:54:34,855][src.modRNN.training.training_loop][INFO] - train epoch 110 MSE 0.0181 nMSE 0.1368
[2026-05-04 16:54:34,855][src.modRNN.training.training_loop][INFO] - 	 Starting Epoch: 111
[2026-05-04 16:54:34,968][src.modRNN.training.training_loop][INFO] - train epoch 111 MSE 0.0184 nMSE 0.1387
[2026-05-04 16:54:34,969][src.modRNN.training.training_loop][INFO] - 	 Starting Epoch: 112
[2026-05-04 16:54:35,081][src.modRNN.training.training_loop][INFO] - train epoch 112 MSE 0.0176 nMSE 0.1329
[2026-05-04 16:54:35,082][src.modRNN.training.training_loop][INFO] - 	 Starting Epoch: 113
[2026-05-04 16:54:35,195][src.modRNN.training.training_loop][INFO] - train epoch 113 MSE 0.0162 nMSE 0.1220
[2026-05-04 16:54:35,196][src.modRNN.training.training_loop][INFO] - 	 Starting Epoch: 114
[2026-05-04 16:54:35,308][src.modRNN.training.training_loop][INFO] - train epoch 114 MSE 0.0155 nMSE 0.1171
[2026-05-04 16:54:35,309][src.modRNN.training.training_loop][INFO] - 	 Starting Epoch: 115
[2026-05-04 16:54:35,422][src.modRNN.training.training_loop][INFO] - train epoch 115 MSE 0.0152 nMSE 0.1149
[2026-05-04 16:54:35,423][src.modRNN.training.training_loop][INFO] - 	 Starting Epoch: 116
[2026-05-04 16:54:35,535][src.modRNN.training.training_loop][INFO] - train epoch 116 MSE 0.0151 nMSE 0.1137
[2026-05-04 16:54:35,536][src.modRNN.training.training_loop][INFO] - 	 Starting Epoch: 117
[2026-05-04 16:54:35,648][src.modRNN.training.training_loop][INFO] - train epoch 117 MSE 0.0145 nMSE 0.1096
[2026-05-04 16:54:35,649][src.modRNN.training.training_loop][INFO] - 	 Starting Epoch: 118
[2026-05-04 16:54:35,762][src.modRNN.training.training_loop][INFO] - train epoch 118 MSE 0.0137 nMSE 0.1033
[2026-05-04 16:54:35,763][src.modRNN.training.training_loop][INFO] - 	 Starting Epoch: 119
[2026-05-04 16:54:35,876][src.modRNN.training.training_loop][INFO] - train epoch 119 MSE 0.0153 nMSE 0.1155
[2026-05-04 16:54:35,876][src.modRNN.training.training_loop][INFO] - 	 Starting Epoch: 120
[2026-05-04 16:54:35,990][src.modRNN.training.training_loop][INFO] - train epoch 120 MSE 0.0147 nMSE 0.1109
[2026-05-04 16:54:35,990][src.modRNN.training.training_loop][INFO] - 	 Starting Epoch: 121
[2026-05-04 16:54:36,103][src.modRNN.training.training_loop][INFO] - train epoch 121 MSE 0.0130 nMSE 0.0983
[2026-05-04 16:54:36,104][src.modRNN.training.training_loop][INFO] - 	 Starting Epoch: 122
[2026-05-04 16:54:36,217][src.modRNN.training.training_loop][INFO] - train epoch 122 MSE 0.0164 nMSE 0.1238
[2026-05-04 16:54:36,217][src.modRNN.training.training_loop][INFO] - 	 Starting Epoch: 123
[2026-05-04 16:54:36,331][src.modRNN.training.training_loop][INFO] - train epoch 123 MSE 0.0125 nMSE 0.0946
[2026-05-04 16:54:36,331][src.modRNN.training.training_loop][INFO] - 	 Starting Epoch: 124
[2026-05-04 16:54:36,444][src.modRNN.training.training_loop][INFO] - train epoch 124 MSE 0.0120 nMSE 0.0906
[2026-05-04 16:54:36,445][src.modRNN.training.training_loop][INFO] - 	 Starting Epoch: 125
[2026-05-04 16:54:36,559][src.modRNN.training.training_loop][INFO] - train epoch 125 MSE 0.0142 nMSE 0.1071
[2026-05-04 16:54:36,560][src.modRNN.training.training_loop][INFO] - 	 Starting Epoch: 126
[2026-05-04 16:54:36,673][src.modRNN.training.training_loop][INFO] - train epoch 126 MSE 0.0101 nMSE 0.0761
[2026-05-04 16:54:36,718][src.modRNN.training.training_loop][INFO] - eval  epoch 126 MSE 0.0108 nMSE 0.0818
[2026-05-04 16:54:36,718][src.modRNN.training.training_loop][INFO] - 	 Starting Epoch: 127
[2026-05-04 16:54:36,832][src.modRNN.training.training_loop][INFO] - train epoch 127 MSE 0.0108 nMSE 0.0818
[2026-05-04 16:54:36,833][src.modRNN.training.training_loop][INFO] - 	 Starting Epoch: 128
[2026-05-04 16:54:36,945][src.modRNN.training.training_loop][INFO] - train epoch 128 MSE 0.0090 nMSE 0.0680
[2026-05-04 16:54:36,946][src.modRNN.training.training_loop][INFO] - 	 Starting Epoch: 129
[2026-05-04 16:54:37,059][src.modRNN.training.training_loop][INFO] - train epoch 129 MSE 0.0117 nMSE 0.0885
[2026-05-04 16:54:37,060][src.modRNN.training.training_loop][INFO] - 	 Starting Epoch: 130
[2026-05-04 16:54:37,171][src.modRNN.training.training_loop][INFO] - train epoch 130 MSE 0.0102 nMSE 0.0766
[2026-05-04 16:54:37,172][src.modRNN.training.training_loop][INFO] - 	 Starting Epoch: 131
[2026-05-04 16:54:37,285][src.modRNN.training.training_loop][INFO] - train epoch 131 MSE 0.0089 nMSE 0.0669
[2026-05-04 16:54:37,285][src.modRNN.training.training_loop][INFO] - 	 Starting Epoch: 132
[2026-05-04 16:54:37,397][src.modRNN.training.training_loop][INFO] - train epoch 132 MSE 0.0095 nMSE 0.0717
[2026-05-04 16:54:37,398][src.modRNN.training.training_loop][INFO] - 	 Starting Epoch: 133
[2026-05-04 16:54:37,512][src.modRNN.training.training_loop][INFO] - train epoch 133 MSE 0.0085 nMSE 0.0639
[2026-05-04 16:54:37,512][src.modRNN.training.training_loop][INFO] - 	 Starting Epoch: 134
[2026-05-04 16:54:37,624][src.modRNN.training.training_loop][INFO] - train epoch 134 MSE 0.0075 nMSE 0.0564
[2026-05-04 16:54:37,625][src.modRNN.training.training_loop][INFO] - 	 Starting Epoch: 135
[2026-05-04 16:54:37,737][src.modRNN.training.training_loop][INFO] - train epoch 135 MSE 0.0127 nMSE 0.0960
[2026-05-04 16:54:37,738][src.modRNN.training.training_loop][INFO] - 	 Starting Epoch: 136
[2026-05-04 16:54:37,850][src.modRNN.training.training_loop][INFO] - train epoch 136 MSE 0.0114 nMSE 0.0858
[2026-05-04 16:54:37,851][src.modRNN.training.training_loop][INFO] - 	 Starting Epoch: 137
[2026-05-04 16:54:37,963][src.modRNN.training.training_loop][INFO] - train epoch 137 MSE 0.0093 nMSE 0.0699
[2026-05-04 16:54:37,963][src.modRNN.training.training_loop][INFO] - 	 Starting Epoch: 138
[2026-05-04 16:54:38,076][src.modRNN.training.training_loop][INFO] - train epoch 138 MSE 0.0076 nMSE 0.0574
[2026-05-04 16:54:38,077][src.modRNN.training.training_loop][INFO] - 	 Starting Epoch: 139
[2026-05-04 16:54:38,189][src.modRNN.training.training_loop][INFO] - train epoch 139 MSE 0.0070 nMSE 0.0528
[2026-05-04 16:54:38,190][src.modRNN.training.training_loop][INFO] - 	 Starting Epoch: 140
[2026-05-04 16:54:38,302][src.modRNN.training.training_loop][INFO] - train epoch 140 MSE 0.0087 nMSE 0.0654
[2026-05-04 16:54:38,303][src.modRNN.training.training_loop][INFO] - 	 Starting Epoch: 141
[2026-05-04 16:54:38,415][src.modRNN.training.training_loop][INFO] - train epoch 141 MSE 0.0117 nMSE 0.0879
[2026-05-04 16:54:38,416][src.modRNN.training.training_loop][INFO] - 	 Starting Epoch: 142
[2026-05-04 16:54:38,528][src.modRNN.training.training_loop][INFO] - train epoch 142 MSE 0.0075 nMSE 0.0567
[2026-05-04 16:54:38,528][src.modRNN.training.training_loop][INFO] - 	 Starting Epoch: 143
[2026-05-04 16:54:38,641][src.modRNN.training.training_loop][INFO] - train epoch 143 MSE 0.0087 nMSE 0.0660
[2026-05-04 16:54:38,641][src.modRNN.training.training_loop][INFO] - 	 Starting Epoch: 144
[2026-05-04 16:54:38,753][src.modRNN.training.training_loop][INFO] - train epoch 144 MSE 0.0065 nMSE 0.0489
[2026-05-04 16:54:38,754][src.modRNN.training.training_loop][INFO] - 	 Starting Epoch: 145
[2026-05-04 16:54:38,867][src.modRNN.training.training_loop][INFO] - train epoch 145 MSE 0.0072 nMSE 0.0542
[2026-05-04 16:54:38,868][src.modRNN.training.training_loop][INFO] - 	 Starting Epoch: 146
[2026-05-04 16:54:38,980][src.modRNN.training.training_loop][INFO] - train epoch 146 MSE 0.0054 nMSE 0.0406
[2026-05-04 16:54:38,981][src.modRNN.training.training_loop][INFO] - 	 Starting Epoch: 147
[2026-05-04 16:54:39,094][src.modRNN.training.training_loop][INFO] - train epoch 147 MSE 0.0065 nMSE 0.0487
[2026-05-04 16:54:39,095][src.modRNN.training.training_loop][INFO] - 	 Starting Epoch: 148
[2026-05-04 16:54:39,209][src.modRNN.training.training_loop][INFO] - train epoch 148 MSE 0.0057 nMSE 0.0426
[2026-05-04 16:54:39,209][src.modRNN.training.training_loop][INFO] - 	 Starting Epoch: 149
[2026-05-04 16:54:39,322][src.modRNN.training.training_loop][INFO] - train epoch 149 MSE 0.0046 nMSE 0.0349
[2026-05-04 16:54:39,323][src.modRNN.training.training_loop][INFO] - 	 Starting Epoch: 150
[2026-05-04 16:54:39,436][src.modRNN.training.training_loop][INFO] - train epoch 150 MSE 0.0066 nMSE 0.0499
[2026-05-04 16:54:39,437][src.modRNN.training.training_loop][INFO] - 	 Starting Epoch: 151
[2026-05-04 16:54:39,550][src.modRNN.training.training_loop][INFO] - train epoch 151 MSE 0.0058 nMSE 0.0437
[2026-05-04 16:54:39,595][src.modRNN.training.training_loop][INFO] - eval  epoch 151 MSE 0.0080 nMSE 0.0607
[2026-05-04 16:54:39,595][src.modRNN.training.training_loop][INFO] - 	 Starting Epoch: 152
[2026-05-04 16:54:39,710][src.modRNN.training.training_loop][INFO] - train epoch 152 MSE 0.0080 nMSE 0.0607
[2026-05-04 16:54:39,710][src.modRNN.training.training_loop][INFO] - 	 Starting Epoch: 153
[2026-05-04 16:54:39,823][src.modRNN.training.training_loop][INFO] - train epoch 153 MSE 0.0080 nMSE 0.0605
[2026-05-04 16:54:39,824][src.modRNN.training.training_loop][INFO] - 	 Starting Epoch: 154
[2026-05-04 16:54:39,936][src.modRNN.training.training_loop][INFO] - train epoch 154 MSE 0.0050 nMSE 0.0374
[2026-05-04 16:54:39,937][src.modRNN.training.training_loop][INFO] - 	 Starting Epoch: 155
[2026-05-04 16:54:40,050][src.modRNN.training.training_loop][INFO] - train epoch 155 MSE 0.0057 nMSE 0.0429
[2026-05-04 16:54:40,051][src.modRNN.training.training_loop][INFO] - 	 Starting Epoch: 156
[2026-05-04 16:54:40,164][src.modRNN.training.training_loop][INFO] - train epoch 156 MSE 0.0059 nMSE 0.0445
[2026-05-04 16:54:40,165][src.modRNN.training.training_loop][INFO] - 	 Starting Epoch: 157
[2026-05-04 16:54:40,278][src.modRNN.training.training_loop][INFO] - train epoch 157 MSE 0.0072 nMSE 0.0544
[2026-05-04 16:54:40,279][src.modRNN.training.training_loop][INFO] - 	 Starting Epoch: 158
[2026-05-04 16:54:40,392][src.modRNN.training.training_loop][INFO] - train epoch 158 MSE 0.0126 nMSE 0.0949
[2026-05-04 16:54:40,393][src.modRNN.training.training_loop][INFO] - 	 Starting Epoch: 159
[2026-05-04 16:54:40,506][src.modRNN.training.training_loop][INFO] - train epoch 159 MSE 0.0047 nMSE 0.0353
[2026-05-04 16:54:40,507][src.modRNN.training.training_loop][INFO] - 	 Starting Epoch: 160
[2026-05-04 16:54:40,621][src.modRNN.training.training_loop][INFO] - train epoch 160 MSE 0.0057 nMSE 0.0429
[2026-05-04 16:54:40,621][src.modRNN.training.training_loop][INFO] - 	 Starting Epoch: 161
[2026-05-04 16:54:40,734][src.modRNN.training.training_loop][INFO] - train epoch 161 MSE 0.0043 nMSE 0.0323
[2026-05-04 16:54:40,735][src.modRNN.training.training_loop][INFO] - 	 Starting Epoch: 162
[2026-05-04 16:54:40,848][src.modRNN.training.training_loop][INFO] - train epoch 162 MSE 0.0052 nMSE 0.0392
[2026-05-04 16:54:40,849][src.modRNN.training.training_loop][INFO] - 	 Starting Epoch: 163
[2026-05-04 16:54:40,962][src.modRNN.training.training_loop][INFO] - train epoch 163 MSE 0.0034 nMSE 0.0256
[2026-05-04 16:54:40,963][src.modRNN.training.training_loop][INFO] - 	 Starting Epoch: 164
[2026-05-04 16:54:41,076][src.modRNN.training.training_loop][INFO] - train epoch 164 MSE 0.0074 nMSE 0.0560
[2026-05-04 16:54:41,076][src.modRNN.training.training_loop][INFO] - 	 Starting Epoch: 165
[2026-05-04 16:54:41,190][src.modRNN.training.training_loop][INFO] - train epoch 165 MSE 0.0054 nMSE 0.0411
[2026-05-04 16:54:41,190][src.modRNN.training.training_loop][INFO] - 	 Starting Epoch: 166
[2026-05-04 16:54:41,303][src.modRNN.training.training_loop][INFO] - train epoch 166 MSE 0.0067 nMSE 0.0503
[2026-05-04 16:54:41,304][src.modRNN.training.training_loop][INFO] - 	 Starting Epoch: 167
[2026-05-04 16:54:41,418][src.modRNN.training.training_loop][INFO] - train epoch 167 MSE 0.0039 nMSE 0.0294
[2026-05-04 16:54:41,418][src.modRNN.training.training_loop][INFO] - 	 Starting Epoch: 168
[2026-05-04 16:54:41,532][src.modRNN.training.training_loop][INFO] - train epoch 168 MSE 0.0062 nMSE 0.0471
[2026-05-04 16:54:41,533][src.modRNN.training.training_loop][INFO] - 	 Starting Epoch: 169
[2026-05-04 16:54:41,646][src.modRNN.training.training_loop][INFO] - train epoch 169 MSE 0.0044 nMSE 0.0331
[2026-05-04 16:54:41,647][src.modRNN.training.training_loop][INFO] - 	 Starting Epoch: 170
[2026-05-04 16:54:41,760][src.modRNN.training.training_loop][INFO] - train epoch 170 MSE 0.0044 nMSE 0.0335
[2026-05-04 16:54:41,761][src.modRNN.training.training_loop][INFO] - 	 Starting Epoch: 171
[2026-05-04 16:54:41,874][src.modRNN.training.training_loop][INFO] - train epoch 171 MSE 0.0034 nMSE 0.0260
[2026-05-04 16:54:41,875][src.modRNN.training.training_loop][INFO] - 	 Starting Epoch: 172
[2026-05-04 16:54:41,987][src.modRNN.training.training_loop][INFO] - train epoch 172 MSE 0.0048 nMSE 0.0366
[2026-05-04 16:54:41,988][src.modRNN.training.training_loop][INFO] - 	 Starting Epoch: 173
[2026-05-04 16:54:42,101][src.modRNN.training.training_loop][INFO] - train epoch 173 MSE 0.0041 nMSE 0.0310
[2026-05-04 16:54:42,101][src.modRNN.training.training_loop][INFO] - 	 Starting Epoch: 174
[2026-05-04 16:54:42,215][src.modRNN.training.training_loop][INFO] - train epoch 174 MSE 0.0052 nMSE 0.0392
[2026-05-04 16:54:42,216][src.modRNN.training.training_loop][INFO] - 	 Starting Epoch: 175
[2026-05-04 16:54:42,330][src.modRNN.training.training_loop][INFO] - train epoch 175 MSE 0.0059 nMSE 0.0446
[2026-05-04 16:54:42,331][src.modRNN.training.training_loop][INFO] - 	 Starting Epoch: 176
[2026-05-04 16:54:42,443][src.modRNN.training.training_loop][INFO] - train epoch 176 MSE 0.0038 nMSE 0.0288
[2026-05-04 16:54:42,488][src.modRNN.training.training_loop][INFO] - eval  epoch 176 MSE 0.0043 nMSE 0.0322
[2026-05-04 16:54:42,489][src.modRNN.training.training_loop][INFO] - 	 Starting Epoch: 177
[2026-05-04 16:54:42,603][src.modRNN.training.training_loop][INFO] - train epoch 177 MSE 0.0043 nMSE 0.0322
[2026-05-04 16:54:42,603][src.modRNN.training.training_loop][INFO] - 	 Starting Epoch: 178
[2026-05-04 16:54:42,716][src.modRNN.training.training_loop][INFO] - train epoch 178 MSE 0.0036 nMSE 0.0275
[2026-05-04 16:54:42,717][src.modRNN.training.training_loop][INFO] - 	 Starting Epoch: 179
[2026-05-04 16:54:42,831][src.modRNN.training.training_loop][INFO] - train epoch 179 MSE 0.0032 nMSE 0.0238
[2026-05-04 16:54:42,831][src.modRNN.training.training_loop][INFO] - 	 Starting Epoch: 180
[2026-05-04 16:54:42,943][src.modRNN.training.training_loop][INFO] - train epoch 180 MSE 0.0031 nMSE 0.0236
[2026-05-04 16:54:42,944][src.modRNN.training.training_loop][INFO] - 	 Starting Epoch: 181
[2026-05-04 16:54:43,057][src.modRNN.training.training_loop][INFO] - train epoch 181 MSE 0.0034 nMSE 0.0253
[2026-05-04 16:54:43,058][src.modRNN.training.training_loop][INFO] - 	 Starting Epoch: 182
[2026-05-04 16:54:43,171][src.modRNN.training.training_loop][INFO] - train epoch 182 MSE 0.0032 nMSE 0.0239
[2026-05-04 16:54:43,171][src.modRNN.training.training_loop][INFO] - 	 Starting Epoch: 183
[2026-05-04 16:54:43,283][src.modRNN.training.training_loop][INFO] - train epoch 183 MSE 0.0042 nMSE 0.0319
[2026-05-04 16:54:43,284][src.modRNN.training.training_loop][INFO] - 	 Starting Epoch: 184
[2026-05-04 16:54:43,397][src.modRNN.training.training_loop][INFO] - train epoch 184 MSE 0.0031 nMSE 0.0237
[2026-05-04 16:54:43,397][src.modRNN.training.training_loop][INFO] - 	 Starting Epoch: 185
[2026-05-04 16:54:43,510][src.modRNN.training.training_loop][INFO] - train epoch 185 MSE 0.0040 nMSE 0.0298
[2026-05-04 16:54:43,511][src.modRNN.training.training_loop][INFO] - 	 Starting Epoch: 186
[2026-05-04 16:54:43,623][src.modRNN.training.training_loop][INFO] - train epoch 186 MSE 0.0037 nMSE 0.0278
[2026-05-04 16:54:43,624][src.modRNN.training.training_loop][INFO] - 	 Starting Epoch: 187
[2026-05-04 16:54:43,736][src.modRNN.training.training_loop][INFO] - train epoch 187 MSE 0.0030 nMSE 0.0224
[2026-05-04 16:54:43,737][src.modRNN.training.training_loop][INFO] - 	 Starting Epoch: 188
[2026-05-04 16:54:43,849][src.modRNN.training.training_loop][INFO] - train epoch 188 MSE 0.0029 nMSE 0.0217
[2026-05-04 16:54:43,850][src.modRNN.training.training_loop][INFO] - 	 Starting Epoch: 189
[2026-05-04 16:54:43,963][src.modRNN.training.training_loop][INFO] - train epoch 189 MSE 0.0036 nMSE 0.0271
[2026-05-04 16:54:43,964][src.modRNN.training.training_loop][INFO] - 	 Starting Epoch: 190
[2026-05-04 16:54:44,077][src.modRNN.training.training_loop][INFO] - train epoch 190 MSE 0.0031 nMSE 0.0235
[2026-05-04 16:54:44,078][src.modRNN.training.training_loop][INFO] - 	 Starting Epoch: 191
[2026-05-04 16:54:44,191][src.modRNN.training.training_loop][INFO] - train epoch 191 MSE 0.0033 nMSE 0.0245
[2026-05-04 16:54:44,192][src.modRNN.training.training_loop][INFO] - 	 Starting Epoch: 192
[2026-05-04 16:54:44,306][src.modRNN.training.training_loop][INFO] - train epoch 192 MSE 0.0032 nMSE 0.0242
[2026-05-04 16:54:44,306][src.modRNN.training.training_loop][INFO] - 	 Starting Epoch: 193
[2026-05-04 16:54:44,419][src.modRNN.training.training_loop][INFO] - train epoch 193 MSE 0.0039 nMSE 0.0291
[2026-05-04 16:54:44,420][src.modRNN.training.training_loop][INFO] - 	 Starting Epoch: 194
[2026-05-04 16:54:44,534][src.modRNN.training.training_loop][INFO] - train epoch 194 MSE 0.0036 nMSE 0.0274
[2026-05-04 16:54:44,534][src.modRNN.training.training_loop][INFO] - 	 Starting Epoch: 195
[2026-05-04 16:54:44,648][src.modRNN.training.training_loop][INFO] - train epoch 195 MSE 0.0026 nMSE 0.0199
[2026-05-04 16:54:44,649][src.modRNN.training.training_loop][INFO] - 	 Starting Epoch: 196
[2026-05-04 16:54:44,762][src.modRNN.training.training_loop][INFO] - train epoch 196 MSE 0.0032 nMSE 0.0242
[2026-05-04 16:54:44,763][src.modRNN.training.training_loop][INFO] - 	 Starting Epoch: 197
[2026-05-04 16:54:44,876][src.modRNN.training.training_loop][INFO] - train epoch 197 MSE 0.0028 nMSE 0.0212
[2026-05-04 16:54:44,877][src.modRNN.training.training_loop][INFO] - 	 Starting Epoch: 198
[2026-05-04 16:54:44,992][src.modRNN.training.training_loop][INFO] - train epoch 198 MSE 0.0030 nMSE 0.0223
[2026-05-04 16:54:44,993][src.modRNN.training.training_loop][INFO] - 	 Starting Epoch: 199
[2026-05-04 16:54:45,107][src.modRNN.training.training_loop][INFO] - train epoch 199 MSE 0.0028 nMSE 0.0210
[2026-05-04 16:54:45,108][src.modRNN.training.training_loop][INFO] - 	 Starting Epoch: 200
[2026-05-04 16:54:45,221][src.modRNN.training.training_loop][INFO] - train epoch 200 MSE 0.0026 nMSE 0.0193
[2026-05-04 16:54:45,222][src.modRNN.training.training_loop][INFO] - 	 Starting Epoch: 201
[2026-05-04 16:54:45,336][src.modRNN.training.training_loop][INFO] - train epoch 201 MSE 0.0031 nMSE 0.0236
[2026-05-04 16:54:45,381][src.modRNN.training.training_loop][INFO] - eval  epoch 201 MSE 0.0029 nMSE 0.0219
[2026-05-04 16:54:45,381][src.modRNN.training.training_loop][INFO] - 	 Starting Epoch: 202
[2026-05-04 16:54:45,495][src.modRNN.training.training_loop][INFO] - train epoch 202 MSE 0.0029 nMSE 0.0219
[2026-05-04 16:54:45,496][src.modRNN.training.training_loop][INFO] - 	 Starting Epoch: 203
[2026-05-04 16:54:45,608][src.modRNN.training.training_loop][INFO] - train epoch 203 MSE 0.0035 nMSE 0.0267
[2026-05-04 16:54:45,609][src.modRNN.training.training_loop][INFO] - 	 Starting Epoch: 204
[2026-05-04 16:54:45,722][src.modRNN.training.training_loop][INFO] - train epoch 204 MSE 0.0027 nMSE 0.0200
[2026-05-04 16:54:45,723][src.modRNN.training.training_loop][INFO] - 	 Starting Epoch: 205
[2026-05-04 16:54:45,835][src.modRNN.training.training_loop][INFO] - train epoch 205 MSE 0.0037 nMSE 0.0280
[2026-05-04 16:54:45,836][src.modRNN.training.training_loop][INFO] - 	 Starting Epoch: 206
[2026-05-04 16:54:45,950][src.modRNN.training.training_loop][INFO] - train epoch 206 MSE 0.0033 nMSE 0.0249
[2026-05-04 16:54:45,951][src.modRNN.training.training_loop][INFO] - 	 Starting Epoch: 207
[2026-05-04 16:54:46,064][src.modRNN.training.training_loop][INFO] - train epoch 207 MSE 0.0033 nMSE 0.0250
[2026-05-04 16:54:46,065][src.modRNN.training.training_loop][INFO] - 	 Starting Epoch: 208
[2026-05-04 16:54:46,178][src.modRNN.training.training_loop][INFO] - train epoch 208 MSE 0.0039 nMSE 0.0297
[2026-05-04 16:54:46,179][src.modRNN.training.training_loop][INFO] - 	 Starting Epoch: 209
[2026-05-04 16:54:46,292][src.modRNN.training.training_loop][INFO] - train epoch 209 MSE 0.0036 nMSE 0.0270
[2026-05-04 16:54:46,293][src.modRNN.training.training_loop][INFO] - 	 Starting Epoch: 210
[2026-05-04 16:54:46,405][src.modRNN.training.training_loop][INFO] - train epoch 210 MSE 0.0036 nMSE 0.0275
[2026-05-04 16:54:46,406][src.modRNN.training.training_loop][INFO] - 	 Starting Epoch: 211
[2026-05-04 16:54:46,519][src.modRNN.training.training_loop][INFO] - train epoch 211 MSE 0.0024 nMSE 0.0178
[2026-05-04 16:54:46,520][src.modRNN.training.training_loop][INFO] - 	 Starting Epoch: 212
[2026-05-04 16:54:46,633][src.modRNN.training.training_loop][INFO] - train epoch 212 MSE 0.0028 nMSE 0.0213
[2026-05-04 16:54:46,634][src.modRNN.training.training_loop][INFO] - 	 Starting Epoch: 213
[2026-05-04 16:54:46,747][src.modRNN.training.training_loop][INFO] - train epoch 213 MSE 0.0024 nMSE 0.0184
[2026-05-04 16:54:46,748][src.modRNN.training.training_loop][INFO] - 	 Starting Epoch: 214
[2026-05-04 16:54:46,860][src.modRNN.training.training_loop][INFO] - train epoch 214 MSE 0.0033 nMSE 0.0251
[2026-05-04 16:54:46,861][src.modRNN.training.training_loop][INFO] - 	 Starting Epoch: 215
[2026-05-04 16:54:46,974][src.modRNN.training.training_loop][INFO] - train epoch 215 MSE 0.0036 nMSE 0.0271
[2026-05-04 16:54:46,975][src.modRNN.training.training_loop][INFO] - 	 Starting Epoch: 216
[2026-05-04 16:54:47,088][src.modRNN.training.training_loop][INFO] - train epoch 216 MSE 0.0047 nMSE 0.0354
[2026-05-04 16:54:47,088][src.modRNN.training.training_loop][INFO] - 	 Starting Epoch: 217
[2026-05-04 16:54:47,202][src.modRNN.training.training_loop][INFO] - train epoch 217 MSE 0.0030 nMSE 0.0227
[2026-05-04 16:54:47,203][src.modRNN.training.training_loop][INFO] - 	 Starting Epoch: 218
[2026-05-04 16:54:47,316][src.modRNN.training.training_loop][INFO] - train epoch 218 MSE 0.0040 nMSE 0.0304
[2026-05-04 16:54:47,316][src.modRNN.training.training_loop][INFO] - 	 Starting Epoch: 219
[2026-05-04 16:54:47,429][src.modRNN.training.training_loop][INFO] - train epoch 219 MSE 0.0021 nMSE 0.0160
[2026-05-04 16:54:47,430][src.modRNN.training.training_loop][INFO] - 	 Starting Epoch: 220
[2026-05-04 16:54:47,542][src.modRNN.training.training_loop][INFO] - train epoch 220 MSE 0.0077 nMSE 0.0579
[2026-05-04 16:54:47,543][src.modRNN.training.training_loop][INFO] - 	 Starting Epoch: 221
[2026-05-04 16:54:47,656][src.modRNN.training.training_loop][INFO] - train epoch 221 MSE 0.0024 nMSE 0.0180
[2026-05-04 16:54:47,657][src.modRNN.training.training_loop][INFO] - 	 Starting Epoch: 222
[2026-05-04 16:54:47,770][src.modRNN.training.training_loop][INFO] - train epoch 222 MSE 0.0054 nMSE 0.0406
[2026-05-04 16:54:47,771][src.modRNN.training.training_loop][INFO] - 	 Starting Epoch: 223
[2026-05-04 16:54:47,884][src.modRNN.training.training_loop][INFO] - train epoch 223 MSE 0.0025 nMSE 0.0191
[2026-05-04 16:54:47,885][src.modRNN.training.training_loop][INFO] - 	 Starting Epoch: 224
[2026-05-04 16:54:47,998][src.modRNN.training.training_loop][INFO] - train epoch 224 MSE 0.0037 nMSE 0.0282
[2026-05-04 16:54:47,999][src.modRNN.training.training_loop][INFO] - 	 Starting Epoch: 225
[2026-05-04 16:54:48,113][src.modRNN.training.training_loop][INFO] - train epoch 225 MSE 0.0027 nMSE 0.0204
[2026-05-04 16:54:48,113][src.modRNN.training.training_loop][INFO] - 	 Starting Epoch: 226
[2026-05-04 16:54:48,227][src.modRNN.training.training_loop][INFO] - train epoch 226 MSE 0.0036 nMSE 0.0274
[2026-05-04 16:54:48,272][src.modRNN.training.training_loop][INFO] - eval  epoch 226 MSE 0.0026 nMSE 0.0198
[2026-05-04 16:54:48,272][src.modRNN.training.training_loop][INFO] - 	 Starting Epoch: 227
[2026-05-04 16:54:48,387][src.modRNN.training.training_loop][INFO] - train epoch 227 MSE 0.0026 nMSE 0.0198
[2026-05-04 16:54:48,387][src.modRNN.training.training_loop][INFO] - 	 Starting Epoch: 228
[2026-05-04 16:54:48,501][src.modRNN.training.training_loop][INFO] - train epoch 228 MSE 0.0030 nMSE 0.0228
[2026-05-04 16:54:48,501][src.modRNN.training.training_loop][INFO] - 	 Starting Epoch: 229
[2026-05-04 16:54:48,614][src.modRNN.training.training_loop][INFO] - train epoch 229 MSE 0.0037 nMSE 0.0281
[2026-05-04 16:54:48,615][src.modRNN.training.training_loop][INFO] - 	 Starting Epoch: 230
[2026-05-04 16:54:48,728][src.modRNN.training.training_loop][INFO] - train epoch 230 MSE 0.0025 nMSE 0.0189
[2026-05-04 16:54:48,729][src.modRNN.training.training_loop][INFO] - 	 Starting Epoch: 231
[2026-05-04 16:54:48,842][src.modRNN.training.training_loop][INFO] - train epoch 231 MSE 0.0030 nMSE 0.0225
[2026-05-04 16:54:48,843][src.modRNN.training.training_loop][INFO] - 	 Starting Epoch: 232
[2026-05-04 16:54:48,955][src.modRNN.training.training_loop][INFO] - train epoch 232 MSE 0.0049 nMSE 0.0369
[2026-05-04 16:54:48,956][src.modRNN.training.training_loop][INFO] - 	 Starting Epoch: 233
[2026-05-04 16:54:49,069][src.modRNN.training.training_loop][INFO] - train epoch 233 MSE 0.0032 nMSE 0.0238
[2026-05-04 16:54:49,070][src.modRNN.training.training_loop][INFO] - 	 Starting Epoch: 234
[2026-05-04 16:54:49,184][src.modRNN.training.training_loop][INFO] - train epoch 234 MSE 0.0028 nMSE 0.0213
[2026-05-04 16:54:49,184][src.modRNN.training.training_loop][INFO] - 	 Starting Epoch: 235
[2026-05-04 16:54:49,298][src.modRNN.training.training_loop][INFO] - train epoch 235 MSE 0.0044 nMSE 0.0332
[2026-05-04 16:54:49,299][src.modRNN.training.training_loop][INFO] - 	 Starting Epoch: 236
[2026-05-04 16:54:49,412][src.modRNN.training.training_loop][INFO] - train epoch 236 MSE 0.0029 nMSE 0.0218
[2026-05-04 16:54:49,413][src.modRNN.training.training_loop][INFO] - 	 Starting Epoch: 237
[2026-05-04 16:54:49,526][src.modRNN.training.training_loop][INFO] - train epoch 237 MSE 0.0029 nMSE 0.0218
[2026-05-04 16:54:49,527][src.modRNN.training.training_loop][INFO] - 	 Starting Epoch: 238
[2026-05-04 16:54:49,640][src.modRNN.training.training_loop][INFO] - train epoch 238 MSE 0.0026 nMSE 0.0193
[2026-05-04 16:54:49,640][src.modRNN.training.training_loop][INFO] - 	 Starting Epoch: 239
[2026-05-04 16:54:49,754][src.modRNN.training.training_loop][INFO] - train epoch 239 MSE 0.0034 nMSE 0.0254
[2026-05-04 16:54:49,755][src.modRNN.training.training_loop][INFO] - 	 Starting Epoch: 240
[2026-05-04 16:54:49,868][src.modRNN.training.training_loop][INFO] - train epoch 240 MSE 0.0025 nMSE 0.0187
[2026-05-04 16:54:49,869][src.modRNN.training.training_loop][INFO] - 	 Starting Epoch: 241
[2026-05-04 16:54:49,982][src.modRNN.training.training_loop][INFO] - train epoch 241 MSE 0.0036 nMSE 0.0271
[2026-05-04 16:54:49,982][src.modRNN.training.training_loop][INFO] - 	 Starting Epoch: 242
[2026-05-04 16:54:50,095][src.modRNN.training.training_loop][INFO] - train epoch 242 MSE 0.0026 nMSE 0.0198
[2026-05-04 16:54:50,096][src.modRNN.training.training_loop][INFO] - 	 Starting Epoch: 243
[2026-05-04 16:54:50,209][src.modRNN.training.training_loop][INFO] - train epoch 243 MSE 0.0027 nMSE 0.0206
[2026-05-04 16:54:50,210][src.modRNN.training.training_loop][INFO] - 	 Starting Epoch: 244
[2026-05-04 16:54:50,322][src.modRNN.training.training_loop][INFO] - train epoch 244 MSE 0.0022 nMSE 0.0169
[2026-05-04 16:54:50,322][src.modRNN.training.training_loop][INFO] - 	 Starting Epoch: 245
[2026-05-04 16:54:50,436][src.modRNN.training.training_loop][INFO] - train epoch 245 MSE 0.0028 nMSE 0.0211
[2026-05-04 16:54:50,437][src.modRNN.training.training_loop][INFO] - 	 Starting Epoch: 246
[2026-05-04 16:54:50,549][src.modRNN.training.training_loop][INFO] - train epoch 246 MSE 0.0029 nMSE 0.0220
[2026-05-04 16:54:50,550][src.modRNN.training.training_loop][INFO] - 	 Starting Epoch: 247
[2026-05-04 16:54:50,663][src.modRNN.training.training_loop][INFO] - train epoch 247 MSE 0.0034 nMSE 0.0255
[2026-05-04 16:54:50,663][src.modRNN.training.training_loop][INFO] - 	 Starting Epoch: 248
[2026-05-04 16:54:50,777][src.modRNN.training.training_loop][INFO] - train epoch 248 MSE 0.0027 nMSE 0.0205
[2026-05-04 16:54:50,777][src.modRNN.training.training_loop][INFO] - 	 Starting Epoch: 249
[2026-05-04 16:54:50,890][src.modRNN.training.training_loop][INFO] - train epoch 249 MSE 0.0034 nMSE 0.0259
[2026-05-04 16:54:50,891][src.modRNN.training.training_loop][INFO] - 	 Starting Epoch: 250
[2026-05-04 16:54:51,003][src.modRNN.training.training_loop][INFO] - train epoch 250 MSE 0.0026 nMSE 0.0200
[2026-05-04 16:54:51,004][src.modRNN.training.training_loop][INFO] - 	 Starting Epoch: 251
[2026-05-04 16:54:51,116][src.modRNN.training.training_loop][INFO] - train epoch 251 MSE 0.0021 nMSE 0.0162
[2026-05-04 16:54:51,161][src.modRNN.training.training_loop][INFO] - eval  epoch 251 MSE 0.0039 nMSE 0.0293
[2026-05-04 16:54:51,162][src.modRNN.training.training_loop][INFO] - 	 Starting Epoch: 252
[2026-05-04 16:54:51,277][src.modRNN.training.training_loop][INFO] - train epoch 252 MSE 0.0039 nMSE 0.0293
[2026-05-04 16:54:51,278][src.modRNN.training.training_loop][INFO] - 	 Starting Epoch: 253
[2026-05-04 16:54:51,391][src.modRNN.training.training_loop][INFO] - train epoch 253 MSE 0.0018 nMSE 0.0135
[2026-05-04 16:54:51,392][src.modRNN.training.training_loop][INFO] - 	 Starting Epoch: 254
[2026-05-04 16:54:51,506][src.modRNN.training.training_loop][INFO] - train epoch 254 MSE 0.0023 nMSE 0.0172
[2026-05-04 16:54:51,507][src.modRNN.training.training_loop][INFO] - 	 Starting Epoch: 255
[2026-05-04 16:54:51,620][src.modRNN.training.training_loop][INFO] - train epoch 255 MSE 0.0040 nMSE 0.0298
[2026-05-04 16:54:51,621][src.modRNN.training.training_loop][INFO] - 	 Starting Epoch: 256
[2026-05-04 16:54:51,734][src.modRNN.training.training_loop][INFO] - train epoch 256 MSE 0.0024 nMSE 0.0180
[2026-05-04 16:54:51,735][src.modRNN.training.training_loop][INFO] - 	 Starting Epoch: 257
[2026-05-04 16:54:51,848][src.modRNN.training.training_loop][INFO] - train epoch 257 MSE 0.0019 nMSE 0.0142
[2026-05-04 16:54:51,849][src.modRNN.training.training_loop][INFO] - 	 Starting Epoch: 258
[2026-05-04 16:54:51,962][src.modRNN.training.training_loop][INFO] - train epoch 258 MSE 0.0029 nMSE 0.0220
[2026-05-04 16:54:51,963][src.modRNN.training.training_loop][INFO] - 	 Starting Epoch: 259
[2026-05-04 16:54:52,075][src.modRNN.training.training_loop][INFO] - train epoch 259 MSE 0.0032 nMSE 0.0239
[2026-05-04 16:54:52,076][src.modRNN.training.training_loop][INFO] - 	 Starting Epoch: 260
[2026-05-04 16:54:52,190][src.modRNN.training.training_loop][INFO] - train epoch 260 MSE 0.0023 nMSE 0.0174
[2026-05-04 16:54:52,190][src.modRNN.training.training_loop][INFO] - 	 Starting Epoch: 261
[2026-05-04 16:54:52,303][src.modRNN.training.training_loop][INFO] - train epoch 261 MSE 0.0020 nMSE 0.0151
[2026-05-04 16:54:52,304][src.modRNN.training.training_loop][INFO] - 	 Starting Epoch: 262
[2026-05-04 16:54:52,417][src.modRNN.training.training_loop][INFO] - train epoch 262 MSE 0.0025 nMSE 0.0185
[2026-05-04 16:54:52,418][src.modRNN.training.training_loop][INFO] - 	 Starting Epoch: 263
[2026-05-04 16:54:52,531][src.modRNN.training.training_loop][INFO] - train epoch 263 MSE 0.0044 nMSE 0.0332
[2026-05-04 16:54:52,531][src.modRNN.training.training_loop][INFO] - 	 Starting Epoch: 264
[2026-05-04 16:54:52,645][src.modRNN.training.training_loop][INFO] - train epoch 264 MSE 0.0020 nMSE 0.0149
[2026-05-04 16:54:52,646][src.modRNN.training.training_loop][INFO] - 	 Starting Epoch: 265
[2026-05-04 16:54:52,759][src.modRNN.training.training_loop][INFO] - train epoch 265 MSE 0.0020 nMSE 0.0151
[2026-05-04 16:54:52,759][src.modRNN.training.training_loop][INFO] - 	 Starting Epoch: 266
[2026-05-04 16:54:52,873][src.modRNN.training.training_loop][INFO] - train epoch 266 MSE 0.0022 nMSE 0.0165
[2026-05-04 16:54:52,874][src.modRNN.training.training_loop][INFO] - 	 Starting Epoch: 267
[2026-05-04 16:54:52,987][src.modRNN.training.training_loop][INFO] - train epoch 267 MSE 0.0020 nMSE 0.0147
[2026-05-04 16:54:52,988][src.modRNN.training.training_loop][INFO] - 	 Starting Epoch: 268
[2026-05-04 16:54:53,102][src.modRNN.training.training_loop][INFO] - train epoch 268 MSE 0.0019 nMSE 0.0142
[2026-05-04 16:54:53,103][src.modRNN.training.training_loop][INFO] - 	 Starting Epoch: 269
[2026-05-04 16:54:53,217][src.modRNN.training.training_loop][INFO] - train epoch 269 MSE 0.0022 nMSE 0.0164
[2026-05-04 16:54:53,217][src.modRNN.training.training_loop][INFO] - 	 Starting Epoch: 270
[2026-05-04 16:54:53,331][src.modRNN.training.training_loop][INFO] - train epoch 270 MSE 0.0019 nMSE 0.0143
[2026-05-04 16:54:53,331][src.modRNN.training.training_loop][INFO] - 	 Starting Epoch: 271
[2026-05-04 16:54:53,446][src.modRNN.training.training_loop][INFO] - train epoch 271 MSE 0.0020 nMSE 0.0153
[2026-05-04 16:54:53,447][src.modRNN.training.training_loop][INFO] - 	 Starting Epoch: 272
[2026-05-04 16:54:53,561][src.modRNN.training.training_loop][INFO] - train epoch 272 MSE 0.0022 nMSE 0.0165
[2026-05-04 16:54:53,561][src.modRNN.training.training_loop][INFO] - 	 Starting Epoch: 273
[2026-05-04 16:54:53,675][src.modRNN.training.training_loop][INFO] - train epoch 273 MSE 0.0017 nMSE 0.0130
[2026-05-04 16:54:53,676][src.modRNN.training.training_loop][INFO] - 	 Starting Epoch: 274
[2026-05-04 16:54:53,790][src.modRNN.training.training_loop][INFO] - train epoch 274 MSE 0.0020 nMSE 0.0154
[2026-05-04 16:54:53,791][src.modRNN.training.training_loop][INFO] - 	 Starting Epoch: 275
[2026-05-04 16:54:53,905][src.modRNN.training.training_loop][INFO] - train epoch 275 MSE 0.0028 nMSE 0.0208
[2026-05-04 16:54:53,906][src.modRNN.training.training_loop][INFO] - 	 Starting Epoch: 276
[2026-05-04 16:54:54,020][src.modRNN.training.training_loop][INFO] - train epoch 276 MSE 0.0024 nMSE 0.0181
[2026-05-04 16:54:54,065][src.modRNN.training.training_loop][INFO] - eval  epoch 276 MSE 0.0023 nMSE 0.0171
[2026-05-04 16:54:54,066][src.modRNN.training.training_loop][INFO] - 	 Starting Epoch: 277
[2026-05-04 16:54:54,181][src.modRNN.training.training_loop][INFO] - train epoch 277 MSE 0.0023 nMSE 0.0171
[2026-05-04 16:54:54,182][src.modRNN.training.training_loop][INFO] - 	 Starting Epoch: 278
[2026-05-04 16:54:54,297][src.modRNN.training.training_loop][INFO] - train epoch 278 MSE 0.0018 nMSE 0.0136
[2026-05-04 16:54:54,297][src.modRNN.training.training_loop][INFO] - 	 Starting Epoch: 279
[2026-05-04 16:54:54,411][src.modRNN.training.training_loop][INFO] - train epoch 279 MSE 0.0024 nMSE 0.0182
[2026-05-04 16:54:54,412][src.modRNN.training.training_loop][INFO] - 	 Starting Epoch: 280
[2026-05-04 16:54:54,526][src.modRNN.training.training_loop][INFO] - train epoch 280 MSE 0.0020 nMSE 0.0154
[2026-05-04 16:54:54,527][src.modRNN.training.training_loop][INFO] - 	 Starting Epoch: 281
[2026-05-04 16:54:54,642][src.modRNN.training.training_loop][INFO] - train epoch 281 MSE 0.0026 nMSE 0.0200
[2026-05-04 16:54:54,643][src.modRNN.training.training_loop][INFO] - 	 Starting Epoch: 282
[2026-05-04 16:54:54,757][src.modRNN.training.training_loop][INFO] - train epoch 282 MSE 0.0022 nMSE 0.0166
[2026-05-04 16:54:54,758][src.modRNN.training.training_loop][INFO] - 	 Starting Epoch: 283
[2026-05-04 16:54:54,871][src.modRNN.training.training_loop][INFO] - train epoch 283 MSE 0.0028 nMSE 0.0213
[2026-05-04 16:54:54,872][src.modRNN.training.training_loop][INFO] - 	 Starting Epoch: 284
[2026-05-04 16:54:54,986][src.modRNN.training.training_loop][INFO] - train epoch 284 MSE 0.0019 nMSE 0.0144
[2026-05-04 16:54:54,986][src.modRNN.training.training_loop][INFO] - 	 Starting Epoch: 285
[2026-05-04 16:54:55,100][src.modRNN.training.training_loop][INFO] - train epoch 285 MSE 0.0021 nMSE 0.0158
[2026-05-04 16:54:55,101][src.modRNN.training.training_loop][INFO] - 	 Starting Epoch: 286
[2026-05-04 16:54:55,214][src.modRNN.training.training_loop][INFO] - train epoch 286 MSE 0.0019 nMSE 0.0141
[2026-05-04 16:54:55,215][src.modRNN.training.training_loop][INFO] - 	 Starting Epoch: 287
[2026-05-04 16:54:55,329][src.modRNN.training.training_loop][INFO] - train epoch 287 MSE 0.0024 nMSE 0.0178
[2026-05-04 16:54:55,330][src.modRNN.training.training_loop][INFO] - 	 Starting Epoch: 288
[2026-05-04 16:54:55,443][src.modRNN.training.training_loop][INFO] - train epoch 288 MSE 0.0018 nMSE 0.0135
[2026-05-04 16:54:55,444][src.modRNN.training.training_loop][INFO] - 	 Starting Epoch: 289
[2026-05-04 16:54:55,558][src.modRNN.training.training_loop][INFO] - train epoch 289 MSE 0.0018 nMSE 0.0134
[2026-05-04 16:54:55,559][src.modRNN.training.training_loop][INFO] - 	 Starting Epoch: 290
[2026-05-04 16:54:55,673][src.modRNN.training.training_loop][INFO] - train epoch 290 MSE 0.0025 nMSE 0.0186
[2026-05-04 16:54:55,674][src.modRNN.training.training_loop][INFO] - 	 Starting Epoch: 291
[2026-05-04 16:54:55,788][src.modRNN.training.training_loop][INFO] - train epoch 291 MSE 0.0019 nMSE 0.0141
[2026-05-04 16:54:55,789][src.modRNN.training.training_loop][INFO] - 	 Starting Epoch: 292
[2026-05-04 16:54:55,902][src.modRNN.training.training_loop][INFO] - train epoch 292 MSE 0.0020 nMSE 0.0152
[2026-05-04 16:54:55,903][src.modRNN.training.training_loop][INFO] - 	 Starting Epoch: 293
[2026-05-04 16:54:56,017][src.modRNN.training.training_loop][INFO] - train epoch 293 MSE 0.0018 nMSE 0.0133
[2026-05-04 16:54:56,017][src.modRNN.training.training_loop][INFO] - 	 Starting Epoch: 294
[2026-05-04 16:54:56,130][src.modRNN.training.training_loop][INFO] - train epoch 294 MSE 0.0019 nMSE 0.0140
[2026-05-04 16:54:56,131][src.modRNN.training.training_loop][INFO] - 	 Starting Epoch: 295
[2026-05-04 16:54:56,245][src.modRNN.training.training_loop][INFO] - train epoch 295 MSE 0.0019 nMSE 0.0142
[2026-05-04 16:54:56,246][src.modRNN.training.training_loop][INFO] - 	 Starting Epoch: 296
[2026-05-04 16:54:56,359][src.modRNN.training.training_loop][INFO] - train epoch 296 MSE 0.0018 nMSE 0.0138
[2026-05-04 16:54:56,359][src.modRNN.training.training_loop][INFO] - 	 Starting Epoch: 297
[2026-05-04 16:54:56,474][src.modRNN.training.training_loop][INFO] - train epoch 297 MSE 0.0018 nMSE 0.0135
[2026-05-04 16:54:56,475][src.modRNN.training.training_loop][INFO] - 	 Starting Epoch: 298
[2026-05-04 16:54:56,589][src.modRNN.training.training_loop][INFO] - train epoch 298 MSE 0.0017 nMSE 0.0132
[2026-05-04 16:54:56,589][src.modRNN.training.training_loop][INFO] - 	 Starting Epoch: 299
[2026-05-04 16:54:56,703][src.modRNN.training.training_loop][INFO] - train epoch 299 MSE 0.0017 nMSE 0.0128
[2026-05-04 16:54:56,704][src.modRNN.training.training_loop][INFO] - 	 Starting Epoch: 300
[2026-05-04 16:54:56,818][src.modRNN.training.training_loop][INFO] - train epoch 300 MSE 0.0018 nMSE 0.0134
[2026-05-04 16:54:56,819][src.modRNN.training.training_loop][INFO] - 	 Starting Epoch: 301
[2026-05-04 16:54:56,932][src.modRNN.training.training_loop][INFO] - train epoch 301 MSE 0.0022 nMSE 0.0165
[2026-05-04 16:54:56,977][src.modRNN.training.training_loop][INFO] - eval  epoch 301 MSE 0.0022 nMSE 0.0164
[2026-05-04 16:54:56,978][src.modRNN.training.training_loop][INFO] - 	 Starting Epoch: 302
[2026-05-04 16:54:57,093][src.modRNN.training.training_loop][INFO] - train epoch 302 MSE 0.0022 nMSE 0.0164
[2026-05-04 16:54:57,094][src.modRNN.training.training_loop][INFO] - 	 Starting Epoch: 303
[2026-05-04 16:54:57,208][src.modRNN.training.training_loop][INFO] - train epoch 303 MSE 0.0013 nMSE 0.0100
[2026-05-04 16:54:57,209][src.modRNN.training.training_loop][INFO] - 	 Starting Epoch: 304
[2026-05-04 16:54:57,323][src.modRNN.training.training_loop][INFO] - train epoch 304 MSE 0.0018 nMSE 0.0133
[2026-05-04 16:54:57,324][src.modRNN.training.training_loop][INFO] - 	 Starting Epoch: 305
[2026-05-04 16:54:57,437][src.modRNN.training.training_loop][INFO] - train epoch 305 MSE 0.0016 nMSE 0.0124
[2026-05-04 16:54:57,438][src.modRNN.training.training_loop][INFO] - 	 Starting Epoch: 306
[2026-05-04 16:54:57,552][src.modRNN.training.training_loop][INFO] - train epoch 306 MSE 0.0018 nMSE 0.0137
[2026-05-04 16:54:57,553][src.modRNN.training.training_loop][INFO] - 	 Starting Epoch: 307
[2026-05-04 16:54:57,666][src.modRNN.training.training_loop][INFO] - train epoch 307 MSE 0.0016 nMSE 0.0117
[2026-05-04 16:54:57,667][src.modRNN.training.training_loop][INFO] - 	 Starting Epoch: 308
[2026-05-04 16:54:57,782][src.modRNN.training.training_loop][INFO] - train epoch 308 MSE 0.0014 nMSE 0.0105
[2026-05-04 16:54:57,782][src.modRNN.training.training_loop][INFO] - 	 Starting Epoch: 309
[2026-05-04 16:54:57,897][src.modRNN.training.training_loop][INFO] - train epoch 309 MSE 0.0017 nMSE 0.0126
[2026-05-04 16:54:57,897][src.modRNN.training.training_loop][INFO] - 	 Starting Epoch: 310
[2026-05-04 16:54:58,011][src.modRNN.training.training_loop][INFO] - train epoch 310 MSE 0.0016 nMSE 0.0121
[2026-05-04 16:54:58,012][src.modRNN.training.training_loop][INFO] - 	 Starting Epoch: 311
[2026-05-04 16:54:58,125][src.modRNN.training.training_loop][INFO] - train epoch 311 MSE 0.0014 nMSE 0.0107
[2026-05-04 16:54:58,126][src.modRNN.training.training_loop][INFO] - 	 Starting Epoch: 312
[2026-05-04 16:54:58,240][src.modRNN.training.training_loop][INFO] - train epoch 312 MSE 0.0015 nMSE 0.0111
[2026-05-04 16:54:58,241][src.modRNN.training.training_loop][INFO] - 	 Starting Epoch: 313
[2026-05-04 16:54:58,355][src.modRNN.training.training_loop][INFO] - train epoch 313 MSE 0.0018 nMSE 0.0133
[2026-05-04 16:54:58,356][src.modRNN.training.training_loop][INFO] - 	 Starting Epoch: 314
[2026-05-04 16:54:58,470][src.modRNN.training.training_loop][INFO] - train epoch 314 MSE 0.0014 nMSE 0.0108
[2026-05-04 16:54:58,470][src.modRNN.training.training_loop][INFO] - 	 Starting Epoch: 315
[2026-05-04 16:54:58,584][src.modRNN.training.training_loop][INFO] - train epoch 315 MSE 0.0014 nMSE 0.0104
[2026-05-04 16:54:58,585][src.modRNN.training.training_loop][INFO] - 	 Starting Epoch: 316
[2026-05-04 16:54:58,699][src.modRNN.training.training_loop][INFO] - train epoch 316 MSE 0.0017 nMSE 0.0125
[2026-05-04 16:54:58,700][src.modRNN.training.training_loop][INFO] - 	 Starting Epoch: 317
[2026-05-04 16:54:58,814][src.modRNN.training.training_loop][INFO] - train epoch 317 MSE 0.0016 nMSE 0.0117
[2026-05-04 16:54:58,815][src.modRNN.training.training_loop][INFO] - 	 Starting Epoch: 318
[2026-05-04 16:54:58,928][src.modRNN.training.training_loop][INFO] - train epoch 318 MSE 0.0015 nMSE 0.0110
[2026-05-04 16:54:58,929][src.modRNN.training.training_loop][INFO] - 	 Starting Epoch: 319
[2026-05-04 16:54:59,042][src.modRNN.training.training_loop][INFO] - train epoch 319 MSE 0.0014 nMSE 0.0103
[2026-05-04 16:54:59,043][src.modRNN.training.training_loop][INFO] - 	 Starting Epoch: 320
[2026-05-04 16:54:59,156][src.modRNN.training.training_loop][INFO] - train epoch 320 MSE 0.0021 nMSE 0.0159
[2026-05-04 16:54:59,157][src.modRNN.training.training_loop][INFO] - 	 Starting Epoch: 321
[2026-05-04 16:54:59,270][src.modRNN.training.training_loop][INFO] - train epoch 321 MSE 0.0015 nMSE 0.0110
[2026-05-04 16:54:59,271][src.modRNN.training.training_loop][INFO] - 	 Starting Epoch: 322
[2026-05-04 16:54:59,384][src.modRNN.training.training_loop][INFO] - train epoch 322 MSE 0.0015 nMSE 0.0117
[2026-05-04 16:54:59,385][src.modRNN.training.training_loop][INFO] - 	 Starting Epoch: 323
[2026-05-04 16:54:59,498][src.modRNN.training.training_loop][INFO] - train epoch 323 MSE 0.0014 nMSE 0.0102
[2026-05-04 16:54:59,498][src.modRNN.training.training_loop][INFO] - 	 Starting Epoch: 324
[2026-05-04 16:54:59,612][src.modRNN.training.training_loop][INFO] - train epoch 324 MSE 0.0017 nMSE 0.0125
[2026-05-04 16:54:59,613][src.modRNN.training.training_loop][INFO] - 	 Starting Epoch: 325
[2026-05-04 16:54:59,727][src.modRNN.training.training_loop][INFO] - train epoch 325 MSE 0.0016 nMSE 0.0119
[2026-05-04 16:54:59,728][src.modRNN.training.training_loop][INFO] - 	 Starting Epoch: 326
[2026-05-04 16:54:59,842][src.modRNN.training.training_loop][INFO] - train epoch 326 MSE 0.0015 nMSE 0.0114
[2026-05-04 16:54:59,887][src.modRNN.training.training_loop][INFO] - eval  epoch 326 MSE 0.0018 nMSE 0.0134
[2026-05-04 16:54:59,888][src.modRNN.training.training_loop][INFO] - 	 Starting Epoch: 327
[2026-05-04 16:55:00,001][src.modRNN.training.training_loop][INFO] - train epoch 327 MSE 0.0018 nMSE 0.0134
[2026-05-04 16:55:00,002][src.modRNN.training.training_loop][INFO] - 	 Starting Epoch: 328
[2026-05-04 16:55:00,116][src.modRNN.training.training_loop][INFO] - train epoch 328 MSE 0.0016 nMSE 0.0117
[2026-05-04 16:55:00,117][src.modRNN.training.training_loop][INFO] - 	 Starting Epoch: 329
[2026-05-04 16:55:00,231][src.modRNN.training.training_loop][INFO] - train epoch 329 MSE 0.0016 nMSE 0.0123
[2026-05-04 16:55:00,232][src.modRNN.training.training_loop][INFO] - 	 Starting Epoch: 330
[2026-05-04 16:55:00,345][src.modRNN.training.training_loop][INFO] - train epoch 330 MSE 0.0014 nMSE 0.0109
[2026-05-04 16:55:00,346][src.modRNN.training.training_loop][INFO] - 	 Starting Epoch: 331
[2026-05-04 16:55:00,460][src.modRNN.training.training_loop][INFO] - train epoch 331 MSE 0.0013 nMSE 0.0095
[2026-05-04 16:55:00,461][src.modRNN.training.training_loop][INFO] - 	 Starting Epoch: 332
[2026-05-04 16:55:00,575][src.modRNN.training.training_loop][INFO] - train epoch 332 MSE 0.0024 nMSE 0.0180
[2026-05-04 16:55:00,576][src.modRNN.training.training_loop][INFO] - 	 Starting Epoch: 333
[2026-05-04 16:55:00,690][src.modRNN.training.training_loop][INFO] - train epoch 333 MSE 0.0014 nMSE 0.0107
[2026-05-04 16:55:00,690][src.modRNN.training.training_loop][INFO] - 	 Starting Epoch: 334
[2026-05-04 16:55:00,804][src.modRNN.training.training_loop][INFO] - train epoch 334 MSE 0.0018 nMSE 0.0139
[2026-05-04 16:55:00,805][src.modRNN.training.training_loop][INFO] - 	 Starting Epoch: 335
[2026-05-04 16:55:00,919][src.modRNN.training.training_loop][INFO] - train epoch 335 MSE 0.0021 nMSE 0.0155
[2026-05-04 16:55:00,919][src.modRNN.training.training_loop][INFO] - 	 Starting Epoch: 336
[2026-05-04 16:55:01,033][src.modRNN.training.training_loop][INFO] - train epoch 336 MSE 0.0013 nMSE 0.0095
[2026-05-04 16:55:01,034][src.modRNN.training.training_loop][INFO] - 	 Starting Epoch: 337
[2026-05-04 16:55:01,148][src.modRNN.training.training_loop][INFO] - train epoch 337 MSE 0.0015 nMSE 0.0116
[2026-05-04 16:55:01,148][src.modRNN.training.training_loop][INFO] - 	 Starting Epoch: 338
[2026-05-04 16:55:01,263][src.modRNN.training.training_loop][INFO] - train epoch 338 MSE 0.0013 nMSE 0.0094
[2026-05-04 16:55:01,263][src.modRNN.training.training_loop][INFO] - 	 Starting Epoch: 339
[2026-05-04 16:55:01,377][src.modRNN.training.training_loop][INFO] - train epoch 339 MSE 0.0019 nMSE 0.0140
[2026-05-04 16:55:01,378][src.modRNN.training.training_loop][INFO] - 	 Starting Epoch: 340
[2026-05-04 16:55:01,491][src.modRNN.training.training_loop][INFO] - train epoch 340 MSE 0.0015 nMSE 0.0112
[2026-05-04 16:55:01,492][src.modRNN.training.training_loop][INFO] - 	 Starting Epoch: 341
[2026-05-04 16:55:01,606][src.modRNN.training.training_loop][INFO] - train epoch 341 MSE 0.0014 nMSE 0.0109
[2026-05-04 16:55:01,607][src.modRNN.training.training_loop][INFO] - 	 Starting Epoch: 342
[2026-05-04 16:55:01,722][src.modRNN.training.training_loop][INFO] - train epoch 342 MSE 0.0015 nMSE 0.0111
[2026-05-04 16:55:01,723][src.modRNN.training.training_loop][INFO] - 	 Starting Epoch: 343
[2026-05-04 16:55:01,859][src.modRNN.training.training_loop][INFO] - train epoch 343 MSE 0.0013 nMSE 0.0099
[2026-05-04 16:55:01,860][src.modRNN.training.training_loop][INFO] - 	 Starting Epoch: 344
[2026-05-04 16:55:01,975][src.modRNN.training.training_loop][INFO] - train epoch 344 MSE 0.0013 nMSE 0.0100
[2026-05-04 16:55:01,976][src.modRNN.training.training_loop][INFO] - 	 Starting Epoch: 345
[2026-05-04 16:55:02,093][src.modRNN.training.training_loop][INFO] - train epoch 345 MSE 0.0014 nMSE 0.0107
[2026-05-04 16:55:02,094][src.modRNN.training.training_loop][INFO] - 	 Starting Epoch: 346
[2026-05-04 16:55:02,210][src.modRNN.training.training_loop][INFO] - train epoch 346 MSE 0.0017 nMSE 0.0131
[2026-05-04 16:55:02,211][src.modRNN.training.training_loop][INFO] - 	 Starting Epoch: 347
[2026-05-04 16:55:02,327][src.modRNN.training.training_loop][INFO] - train epoch 347 MSE 0.0014 nMSE 0.0103
[2026-05-04 16:55:02,328][src.modRNN.training.training_loop][INFO] - 	 Starting Epoch: 348
[2026-05-04 16:55:02,444][src.modRNN.training.training_loop][INFO] - train epoch 348 MSE 0.0012 nMSE 0.0087
[2026-05-04 16:55:02,444][src.modRNN.training.training_loop][INFO] - 	 Starting Epoch: 349
[2026-05-04 16:55:02,560][src.modRNN.training.training_loop][INFO] - train epoch 349 MSE 0.0014 nMSE 0.0105
[2026-05-04 16:55:02,561][src.modRNN.training.training_loop][INFO] - 	 Starting Epoch: 350
[2026-05-04 16:55:02,676][src.modRNN.training.training_loop][INFO] - train epoch 350 MSE 0.0016 nMSE 0.0121
[2026-05-04 16:55:02,677][src.modRNN.training.training_loop][INFO] - 	 Starting Epoch: 351
[2026-05-04 16:55:02,793][src.modRNN.training.training_loop][INFO] - train epoch 351 MSE 0.0013 nMSE 0.0101
[2026-05-04 16:55:02,839][src.modRNN.training.training_loop][INFO] - eval  epoch 351 MSE 0.0014 nMSE 0.0104
[2026-05-04 16:55:02,839][src.modRNN.training.training_loop][INFO] - 	 Starting Epoch: 352
[2026-05-04 16:55:02,956][src.modRNN.training.training_loop][INFO] - train epoch 352 MSE 0.0014 nMSE 0.0104
[2026-05-04 16:55:02,957][src.modRNN.training.training_loop][INFO] - 	 Starting Epoch: 353
[2026-05-04 16:55:03,074][src.modRNN.training.training_loop][INFO] - train epoch 353 MSE 0.0016 nMSE 0.0120
[2026-05-04 16:55:03,075][src.modRNN.training.training_loop][INFO] - 	 Starting Epoch: 354
[2026-05-04 16:55:03,191][src.modRNN.training.training_loop][INFO] - train epoch 354 MSE 0.0021 nMSE 0.0156
[2026-05-04 16:55:03,192][src.modRNN.training.training_loop][INFO] - 	 Starting Epoch: 355
[2026-05-04 16:55:03,308][src.modRNN.training.training_loop][INFO] - train epoch 355 MSE 0.0019 nMSE 0.0141
[2026-05-04 16:55:03,309][src.modRNN.training.training_loop][INFO] - 	 Starting Epoch: 356
[2026-05-04 16:55:03,425][src.modRNN.training.training_loop][INFO] - train epoch 356 MSE 0.0017 nMSE 0.0128
[2026-05-04 16:55:03,426][src.modRNN.training.training_loop][INFO] - 	 Starting Epoch: 357
[2026-05-04 16:55:03,542][src.modRNN.training.training_loop][INFO] - train epoch 357 MSE 0.0018 nMSE 0.0139
[2026-05-04 16:55:03,543][src.modRNN.training.training_loop][INFO] - 	 Starting Epoch: 358
[2026-05-04 16:55:03,660][src.modRNN.training.training_loop][INFO] - train epoch 358 MSE 0.0018 nMSE 0.0138
[2026-05-04 16:55:03,661][src.modRNN.training.training_loop][INFO] - 	 Starting Epoch: 359
[2026-05-04 16:55:03,778][src.modRNN.training.training_loop][INFO] - train epoch 359 MSE 0.0016 nMSE 0.0123
[2026-05-04 16:55:03,779][src.modRNN.training.training_loop][INFO] - 	 Starting Epoch: 360
[2026-05-04 16:55:03,895][src.modRNN.training.training_loop][INFO] - train epoch 360 MSE 0.0020 nMSE 0.0149
[2026-05-04 16:55:03,896][src.modRNN.training.training_loop][INFO] - 	 Starting Epoch: 361
[2026-05-04 16:55:04,012][src.modRNN.training.training_loop][INFO] - train epoch 361 MSE 0.0015 nMSE 0.0115
[2026-05-04 16:55:04,012][src.modRNN.training.training_loop][INFO] - 	 Starting Epoch: 362
[2026-05-04 16:55:04,130][src.modRNN.training.training_loop][INFO] - train epoch 362 MSE 0.0013 nMSE 0.0101
[2026-05-04 16:55:04,131][src.modRNN.training.training_loop][INFO] - 	 Starting Epoch: 363
[2026-05-04 16:55:04,247][src.modRNN.training.training_loop][INFO] - train epoch 363 MSE 0.0014 nMSE 0.0108
[2026-05-04 16:55:04,248][src.modRNN.training.training_loop][INFO] - 	 Starting Epoch: 364
[2026-05-04 16:55:04,364][src.modRNN.training.training_loop][INFO] - train epoch 364 MSE 0.0015 nMSE 0.0111
[2026-05-04 16:55:04,365][src.modRNN.training.training_loop][INFO] - 	 Starting Epoch: 365
[2026-05-04 16:55:04,481][src.modRNN.training.training_loop][INFO] - train epoch 365 MSE 0.0016 nMSE 0.0123
[2026-05-04 16:55:04,482][src.modRNN.training.training_loop][INFO] - 	 Starting Epoch: 366
[2026-05-04 16:55:04,598][src.modRNN.training.training_loop][INFO] - train epoch 366 MSE 0.0015 nMSE 0.0113
[2026-05-04 16:55:04,599][src.modRNN.training.training_loop][INFO] - 	 Starting Epoch: 367
[2026-05-04 16:55:04,715][src.modRNN.training.training_loop][INFO] - train epoch 367 MSE 0.0014 nMSE 0.0106
[2026-05-04 16:55:04,716][src.modRNN.training.training_loop][INFO] - 	 Starting Epoch: 368
[2026-05-04 16:55:04,833][src.modRNN.training.training_loop][INFO] - train epoch 368 MSE 0.0016 nMSE 0.0122
[2026-05-04 16:55:04,833][src.modRNN.training.training_loop][INFO] - 	 Starting Epoch: 369
[2026-05-04 16:55:04,950][src.modRNN.training.training_loop][INFO] - train epoch 369 MSE 0.0014 nMSE 0.0103
[2026-05-04 16:55:04,951][src.modRNN.training.training_loop][INFO] - 	 Starting Epoch: 370
[2026-05-04 16:55:05,067][src.modRNN.training.training_loop][INFO] - train epoch 370 MSE 0.0012 nMSE 0.0090
[2026-05-04 16:55:05,068][src.modRNN.training.training_loop][INFO] - 	 Starting Epoch: 371
[2026-05-04 16:55:05,183][src.modRNN.training.training_loop][INFO] - train epoch 371 MSE 0.0013 nMSE 0.0100
[2026-05-04 16:55:05,184][src.modRNN.training.training_loop][INFO] - 	 Starting Epoch: 372
[2026-05-04 16:55:05,301][src.modRNN.training.training_loop][INFO] - train epoch 372 MSE 0.0013 nMSE 0.0098
[2026-05-04 16:55:05,302][src.modRNN.training.training_loop][INFO] - 	 Starting Epoch: 373
[2026-05-04 16:55:05,417][src.modRNN.training.training_loop][INFO] - train epoch 373 MSE 0.0014 nMSE 0.0109
[2026-05-04 16:55:05,418][src.modRNN.training.training_loop][INFO] - 	 Starting Epoch: 374
[2026-05-04 16:55:05,534][src.modRNN.training.training_loop][INFO] - train epoch 374 MSE 0.0011 nMSE 0.0084
[2026-05-04 16:55:05,535][src.modRNN.training.training_loop][INFO] - 	 Starting Epoch: 375
[2026-05-04 16:55:05,651][src.modRNN.training.training_loop][INFO] - train epoch 375 MSE 0.0012 nMSE 0.0089
[2026-05-04 16:55:05,652][src.modRNN.training.training_loop][INFO] - 	 Starting Epoch: 376
[2026-05-04 16:55:05,768][src.modRNN.training.training_loop][INFO] - train epoch 376 MSE 0.0014 nMSE 0.0102
[2026-05-04 16:55:05,814][src.modRNN.training.training_loop][INFO] - eval  epoch 376 MSE 0.0018 nMSE 0.0137
[2026-05-04 16:55:05,815][src.modRNN.training.training_loop][INFO] - 	 Starting Epoch: 377
[2026-05-04 16:55:05,932][src.modRNN.training.training_loop][INFO] - train epoch 377 MSE 0.0018 nMSE 0.0137
[2026-05-04 16:55:05,933][src.modRNN.training.training_loop][INFO] - 	 Starting Epoch: 378
[2026-05-04 16:55:06,049][src.modRNN.training.training_loop][INFO] - train epoch 378 MSE 0.0015 nMSE 0.0112
[2026-05-04 16:55:06,049][src.modRNN.training.training_loop][INFO] - 	 Starting Epoch: 379
[2026-05-04 16:55:06,165][src.modRNN.training.training_loop][INFO] - train epoch 379 MSE 0.0013 nMSE 0.0102
[2026-05-04 16:55:06,166][src.modRNN.training.training_loop][INFO] - 	 Starting Epoch: 380
[2026-05-04 16:55:06,282][src.modRNN.training.training_loop][INFO] - train epoch 380 MSE 0.0017 nMSE 0.0127
[2026-05-04 16:55:06,283][src.modRNN.training.training_loop][INFO] - 	 Starting Epoch: 381
[2026-05-04 16:55:06,399][src.modRNN.training.training_loop][INFO] - train epoch 381 MSE 0.0016 nMSE 0.0122
[2026-05-04 16:55:06,400][src.modRNN.training.training_loop][INFO] - 	 Starting Epoch: 382
[2026-05-04 16:55:06,515][src.modRNN.training.training_loop][INFO] - train epoch 382 MSE 0.0014 nMSE 0.0103
[2026-05-04 16:55:06,516][src.modRNN.training.training_loop][INFO] - 	 Starting Epoch: 383
[2026-05-04 16:55:06,631][src.modRNN.training.training_loop][INFO] - train epoch 383 MSE 0.0013 nMSE 0.0095
[2026-05-04 16:55:06,632][src.modRNN.training.training_loop][INFO] - 	 Starting Epoch: 384
[2026-05-04 16:55:06,747][src.modRNN.training.training_loop][INFO] - train epoch 384 MSE 0.0014 nMSE 0.0105
[2026-05-04 16:55:06,748][src.modRNN.training.training_loop][INFO] - 	 Starting Epoch: 385
[2026-05-04 16:55:06,865][src.modRNN.training.training_loop][INFO] - train epoch 385 MSE 0.0013 nMSE 0.0097
[2026-05-04 16:55:06,865][src.modRNN.training.training_loop][INFO] - 	 Starting Epoch: 386
[2026-05-04 16:55:06,982][src.modRNN.training.training_loop][INFO] - train epoch 386 MSE 0.0012 nMSE 0.0094
[2026-05-04 16:55:06,983][src.modRNN.training.training_loop][INFO] - 	 Starting Epoch: 387
[2026-05-04 16:55:07,099][src.modRNN.training.training_loop][INFO] - train epoch 387 MSE 0.0012 nMSE 0.0091
[2026-05-04 16:55:07,100][src.modRNN.training.training_loop][INFO] - 	 Starting Epoch: 388
[2026-05-04 16:55:07,215][src.modRNN.training.training_loop][INFO] - train epoch 388 MSE 0.0015 nMSE 0.0110
[2026-05-04 16:55:07,216][src.modRNN.training.training_loop][INFO] - 	 Starting Epoch: 389
[2026-05-04 16:55:07,332][src.modRNN.training.training_loop][INFO] - train epoch 389 MSE 0.0014 nMSE 0.0108
[2026-05-04 16:55:07,333][src.modRNN.training.training_loop][INFO] - 	 Starting Epoch: 390
[2026-05-04 16:55:07,449][src.modRNN.training.training_loop][INFO] - train epoch 390 MSE 0.0013 nMSE 0.0099
[2026-05-04 16:55:07,449][src.modRNN.training.training_loop][INFO] - 	 Starting Epoch: 391
[2026-05-04 16:55:07,565][src.modRNN.training.training_loop][INFO] - train epoch 391 MSE 0.0011 nMSE 0.0081
[2026-05-04 16:55:07,566][src.modRNN.training.training_loop][INFO] - 	 Starting Epoch: 392
[2026-05-04 16:55:07,682][src.modRNN.training.training_loop][INFO] - train epoch 392 MSE 0.0013 nMSE 0.0096
[2026-05-04 16:55:07,683][src.modRNN.training.training_loop][INFO] - 	 Starting Epoch: 393
[2026-05-04 16:55:07,798][src.modRNN.training.training_loop][INFO] - train epoch 393 MSE 0.0014 nMSE 0.0106
[2026-05-04 16:55:07,799][src.modRNN.training.training_loop][INFO] - 	 Starting Epoch: 394
[2026-05-04 16:55:07,915][src.modRNN.training.training_loop][INFO] - train epoch 394 MSE 0.0012 nMSE 0.0094
[2026-05-04 16:55:07,916][src.modRNN.training.training_loop][INFO] - 	 Starting Epoch: 395
[2026-05-04 16:55:08,032][src.modRNN.training.training_loop][INFO] - train epoch 395 MSE 0.0010 nMSE 0.0078
[2026-05-04 16:55:08,032][src.modRNN.training.training_loop][INFO] - 	 Starting Epoch: 396
[2026-05-04 16:55:08,149][src.modRNN.training.training_loop][INFO] - train epoch 396 MSE 0.0016 nMSE 0.0117
[2026-05-04 16:55:08,150][src.modRNN.training.training_loop][INFO] - 	 Starting Epoch: 397
[2026-05-04 16:55:08,267][src.modRNN.training.training_loop][INFO] - train epoch 397 MSE 0.0013 nMSE 0.0099
[2026-05-04 16:55:08,268][src.modRNN.training.training_loop][INFO] - 	 Starting Epoch: 398
[2026-05-04 16:55:08,383][src.modRNN.training.training_loop][INFO] - train epoch 398 MSE 0.0010 nMSE 0.0077
[2026-05-04 16:55:08,384][src.modRNN.training.training_loop][INFO] - 	 Starting Epoch: 399
[2026-05-04 16:55:08,501][src.modRNN.training.training_loop][INFO] - train epoch 399 MSE 0.0015 nMSE 0.0113
[2026-05-04 16:55:08,501][src.modRNN.training.training_loop][INFO] - 	 Starting Epoch: 400
[2026-05-04 16:55:08,617][src.modRNN.training.training_loop][INFO] - train epoch 400 MSE 0.0015 nMSE 0.0113
[2026-05-04 16:55:08,618][src.modRNN.training.training_loop][INFO] - 	 Starting Epoch: 401
[2026-05-04 16:55:08,734][src.modRNN.training.training_loop][INFO] - train epoch 401 MSE 0.0010 nMSE 0.0076
[2026-05-04 16:55:08,780][src.modRNN.training.training_loop][INFO] - eval  epoch 401 MSE 0.0012 nMSE 0.0092
[2026-05-04 16:55:08,780][src.modRNN.training.training_loop][INFO] - 	 Starting Epoch: 402
[2026-05-04 16:55:08,898][src.modRNN.training.training_loop][INFO] - train epoch 402 MSE 0.0012 nMSE 0.0092
[2026-05-04 16:55:08,898][src.modRNN.training.training_loop][INFO] - 	 Starting Epoch: 403
[2026-05-04 16:55:09,014][src.modRNN.training.training_loop][INFO] - train epoch 403 MSE 0.0015 nMSE 0.0111
[2026-05-04 16:55:09,015][src.modRNN.training.training_loop][INFO] - 	 Starting Epoch: 404
[2026-05-04 16:55:09,132][src.modRNN.training.training_loop][INFO] - train epoch 404 MSE 0.0013 nMSE 0.0100
[2026-05-04 16:55:09,132][src.modRNN.training.training_loop][INFO] - 	 Starting Epoch: 405
[2026-05-04 16:55:09,248][src.modRNN.training.training_loop][INFO] - train epoch 405 MSE 0.0011 nMSE 0.0085
[2026-05-04 16:55:09,249][src.modRNN.training.training_loop][INFO] - 	 Starting Epoch: 406
[2026-05-04 16:55:09,366][src.modRNN.training.training_loop][INFO] - train epoch 406 MSE 0.0011 nMSE 0.0084
[2026-05-04 16:55:09,366][src.modRNN.training.training_loop][INFO] - 	 Starting Epoch: 407
[2026-05-04 16:55:09,482][src.modRNN.training.training_loop][INFO] - train epoch 407 MSE 0.0013 nMSE 0.0094
[2026-05-04 16:55:09,484][src.modRNN.training.training_loop][INFO] - 	 Starting Epoch: 408
[2026-05-04 16:55:09,600][src.modRNN.training.training_loop][INFO] - train epoch 408 MSE 0.0013 nMSE 0.0096
[2026-05-04 16:55:09,601][src.modRNN.training.training_loop][INFO] - 	 Starting Epoch: 409
[2026-05-04 16:55:09,717][src.modRNN.training.training_loop][INFO] - train epoch 409 MSE 0.0010 nMSE 0.0076
[2026-05-04 16:55:09,718][src.modRNN.training.training_loop][INFO] - 	 Starting Epoch: 410
[2026-05-04 16:55:09,835][src.modRNN.training.training_loop][INFO] - train epoch 410 MSE 0.0012 nMSE 0.0089
[2026-05-04 16:55:09,835][src.modRNN.training.training_loop][INFO] - 	 Starting Epoch: 411
[2026-05-04 16:55:09,952][src.modRNN.training.training_loop][INFO] - train epoch 411 MSE 0.0013 nMSE 0.0094
[2026-05-04 16:55:09,953][src.modRNN.training.training_loop][INFO] - 	 Starting Epoch: 412
[2026-05-04 16:55:10,070][src.modRNN.training.training_loop][INFO] - train epoch 412 MSE 0.0012 nMSE 0.0092
[2026-05-04 16:55:10,070][src.modRNN.training.training_loop][INFO] - 	 Starting Epoch: 413
[2026-05-04 16:55:10,187][src.modRNN.training.training_loop][INFO] - train epoch 413 MSE 0.0010 nMSE 0.0077
[2026-05-04 16:55:10,188][src.modRNN.training.training_loop][INFO] - 	 Starting Epoch: 414
[2026-05-04 16:55:10,305][src.modRNN.training.training_loop][INFO] - train epoch 414 MSE 0.0015 nMSE 0.0117
[2026-05-04 16:55:10,305][src.modRNN.training.training_loop][INFO] - 	 Starting Epoch: 415
[2026-05-04 16:55:10,422][src.modRNN.training.training_loop][INFO] - train epoch 415 MSE 0.0013 nMSE 0.0098
[2026-05-04 16:55:10,422][src.modRNN.training.training_loop][INFO] - 	 Starting Epoch: 416
[2026-05-04 16:55:10,539][src.modRNN.training.training_loop][INFO] - train epoch 416 MSE 0.0013 nMSE 0.0095
[2026-05-04 16:55:10,539][src.modRNN.training.training_loop][INFO] - 	 Starting Epoch: 417
[2026-05-04 16:55:10,656][src.modRNN.training.training_loop][INFO] - train epoch 417 MSE 0.0012 nMSE 0.0089
[2026-05-04 16:55:10,656][src.modRNN.training.training_loop][INFO] - 	 Starting Epoch: 418
[2026-05-04 16:55:10,773][src.modRNN.training.training_loop][INFO] - train epoch 418 MSE 0.0012 nMSE 0.0091
[2026-05-04 16:55:10,773][src.modRNN.training.training_loop][INFO] - 	 Starting Epoch: 419
[2026-05-04 16:55:10,890][src.modRNN.training.training_loop][INFO] - train epoch 419 MSE 0.0013 nMSE 0.0101
[2026-05-04 16:55:10,891][src.modRNN.training.training_loop][INFO] - 	 Starting Epoch: 420
[2026-05-04 16:55:11,007][src.modRNN.training.training_loop][INFO] - train epoch 420 MSE 0.0010 nMSE 0.0078
[2026-05-04 16:55:11,008][src.modRNN.training.training_loop][INFO] - 	 Starting Epoch: 421
[2026-05-04 16:55:11,124][src.modRNN.training.training_loop][INFO] - train epoch 421 MSE 0.0012 nMSE 0.0094
[2026-05-04 16:55:11,125][src.modRNN.training.training_loop][INFO] - 	 Starting Epoch: 422
[2026-05-04 16:55:11,242][src.modRNN.training.training_loop][INFO] - train epoch 422 MSE 0.0011 nMSE 0.0085
[2026-05-04 16:55:11,243][src.modRNN.training.training_loop][INFO] - 	 Starting Epoch: 423
[2026-05-04 16:55:11,359][src.modRNN.training.training_loop][INFO] - train epoch 423 MSE 0.0012 nMSE 0.0092
[2026-05-04 16:55:11,360][src.modRNN.training.training_loop][INFO] - 	 Starting Epoch: 424
[2026-05-04 16:55:11,476][src.modRNN.training.training_loop][INFO] - train epoch 424 MSE 0.0012 nMSE 0.0090
[2026-05-04 16:55:11,477][src.modRNN.training.training_loop][INFO] - 	 Starting Epoch: 425
[2026-05-04 16:55:11,594][src.modRNN.training.training_loop][INFO] - train epoch 425 MSE 0.0014 nMSE 0.0102
[2026-05-04 16:55:11,595][src.modRNN.training.training_loop][INFO] - 	 Starting Epoch: 426
[2026-05-04 16:55:11,711][src.modRNN.training.training_loop][INFO] - train epoch 426 MSE 0.0011 nMSE 0.0086
[2026-05-04 16:55:11,757][src.modRNN.training.training_loop][INFO] - eval  epoch 426 MSE 0.0011 nMSE 0.0083
[2026-05-04 16:55:11,758][src.modRNN.training.training_loop][INFO] - 	 Starting Epoch: 427
[2026-05-04 16:55:11,875][src.modRNN.training.training_loop][INFO] - train epoch 427 MSE 0.0011 nMSE 0.0083
[2026-05-04 16:55:11,876][src.modRNN.training.training_loop][INFO] - 	 Starting Epoch: 428
[2026-05-04 16:55:11,991][src.modRNN.training.training_loop][INFO] - train epoch 428 MSE 0.0013 nMSE 0.0095
[2026-05-04 16:55:11,992][src.modRNN.training.training_loop][INFO] - 	 Starting Epoch: 429
[2026-05-04 16:55:12,108][src.modRNN.training.training_loop][INFO] - train epoch 429 MSE 0.0013 nMSE 0.0097
[2026-05-04 16:55:12,109][src.modRNN.training.training_loop][INFO] - 	 Starting Epoch: 430
[2026-05-04 16:55:12,225][src.modRNN.training.training_loop][INFO] - train epoch 430 MSE 0.0011 nMSE 0.0086
[2026-05-04 16:55:12,226][src.modRNN.training.training_loop][INFO] - 	 Starting Epoch: 431
[2026-05-04 16:55:12,342][src.modRNN.training.training_loop][INFO] - train epoch 431 MSE 0.0011 nMSE 0.0081
[2026-05-04 16:55:12,343][src.modRNN.training.training_loop][INFO] - 	 Starting Epoch: 432
[2026-05-04 16:55:12,459][src.modRNN.training.training_loop][INFO] - train epoch 432 MSE 0.0013 nMSE 0.0098
[2026-05-04 16:55:12,459][src.modRNN.training.training_loop][INFO] - 	 Starting Epoch: 433
[2026-05-04 16:55:12,576][src.modRNN.training.training_loop][INFO] - train epoch 433 MSE 0.0011 nMSE 0.0079
[2026-05-04 16:55:12,577][src.modRNN.training.training_loop][INFO] - 	 Starting Epoch: 434
[2026-05-04 16:55:12,693][src.modRNN.training.training_loop][INFO] - train epoch 434 MSE 0.0011 nMSE 0.0081
[2026-05-04 16:55:12,694][src.modRNN.training.training_loop][INFO] - 	 Starting Epoch: 435
[2026-05-04 16:55:12,811][src.modRNN.training.training_loop][INFO] - train epoch 435 MSE 0.0010 nMSE 0.0073
[2026-05-04 16:55:12,812][src.modRNN.training.training_loop][INFO] - 	 Starting Epoch: 436
[2026-05-04 16:55:12,928][src.modRNN.training.training_loop][INFO] - train epoch 436 MSE 0.0011 nMSE 0.0080
[2026-05-04 16:55:12,928][src.modRNN.training.training_loop][INFO] - 	 Starting Epoch: 437
[2026-05-04 16:55:13,044][src.modRNN.training.training_loop][INFO] - train epoch 437 MSE 0.0012 nMSE 0.0091
[2026-05-04 16:55:13,045][src.modRNN.training.training_loop][INFO] - 	 Starting Epoch: 438
[2026-05-04 16:55:13,160][src.modRNN.training.training_loop][INFO] - train epoch 438 MSE 0.0011 nMSE 0.0085
[2026-05-04 16:55:13,161][src.modRNN.training.training_loop][INFO] - 	 Starting Epoch: 439
[2026-05-04 16:55:13,277][src.modRNN.training.training_loop][INFO] - train epoch 439 MSE 0.0011 nMSE 0.0080
[2026-05-04 16:55:13,278][src.modRNN.training.training_loop][INFO] - 	 Starting Epoch: 440
[2026-05-04 16:55:13,394][src.modRNN.training.training_loop][INFO] - train epoch 440 MSE 0.0013 nMSE 0.0096
[2026-05-04 16:55:13,395][src.modRNN.training.training_loop][INFO] - 	 Starting Epoch: 441
[2026-05-04 16:55:13,511][src.modRNN.training.training_loop][INFO] - train epoch 441 MSE 0.0012 nMSE 0.0088
[2026-05-04 16:55:13,511][src.modRNN.training.training_loop][INFO] - 	 Starting Epoch: 442
[2026-05-04 16:55:13,627][src.modRNN.training.training_loop][INFO] - train epoch 442 MSE 0.0011 nMSE 0.0086
[2026-05-04 16:55:13,628][src.modRNN.training.training_loop][INFO] - 	 Starting Epoch: 443
[2026-05-04 16:55:13,748][src.modRNN.training.training_loop][INFO] - train epoch 443 MSE 0.0013 nMSE 0.0095
[2026-05-04 16:55:13,749][src.modRNN.training.training_loop][INFO] - 	 Starting Epoch: 444
[2026-05-04 16:55:13,868][src.modRNN.training.training_loop][INFO] - train epoch 444 MSE 0.0011 nMSE 0.0085
[2026-05-04 16:55:13,869][src.modRNN.training.training_loop][INFO] - 	 Starting Epoch: 445
[2026-05-04 16:55:14,012][src.modRNN.training.training_loop][INFO] - train epoch 445 MSE 0.0014 nMSE 0.0103
[2026-05-04 16:55:14,013][src.modRNN.training.training_loop][INFO] - 	 Starting Epoch: 446
[2026-05-04 16:55:14,152][src.modRNN.training.training_loop][INFO] - train epoch 446 MSE 0.0012 nMSE 0.0089
[2026-05-04 16:55:14,153][src.modRNN.training.training_loop][INFO] - 	 Starting Epoch: 447
[2026-05-04 16:55:14,300][src.modRNN.training.training_loop][INFO] - train epoch 447 MSE 0.0012 nMSE 0.0089
[2026-05-04 16:55:14,302][src.modRNN.training.training_loop][INFO] - 	 Starting Epoch: 448
[2026-05-04 16:55:14,439][src.modRNN.training.training_loop][INFO] - train epoch 448 MSE 0.0014 nMSE 0.0102
[2026-05-04 16:55:14,440][src.modRNN.training.training_loop][INFO] - 	 Starting Epoch: 449
[2026-05-04 16:55:14,576][src.modRNN.training.training_loop][INFO] - train epoch 449 MSE 0.0013 nMSE 0.0101
[2026-05-04 16:55:14,577][src.modRNN.training.training_loop][INFO] - 	 Starting Epoch: 450
[2026-05-04 16:55:14,715][src.modRNN.training.training_loop][INFO] - train epoch 450 MSE 0.0011 nMSE 0.0079
[2026-05-04 16:55:14,716][src.modRNN.training.training_loop][INFO] - 	 Starting Epoch: 451
[2026-05-04 16:55:14,833][src.modRNN.training.training_loop][INFO] - train epoch 451 MSE 0.0012 nMSE 0.0087
[2026-05-04 16:55:14,879][src.modRNN.training.training_loop][INFO] - eval  epoch 451 MSE 0.0013 nMSE 0.0094
[2026-05-04 16:55:14,880][src.modRNN.training.training_loop][INFO] - 	 Starting Epoch: 452
[2026-05-04 16:55:14,996][src.modRNN.training.training_loop][INFO] - train epoch 452 MSE 0.0013 nMSE 0.0094
[2026-05-04 16:55:14,997][src.modRNN.training.training_loop][INFO] - 	 Starting Epoch: 453
[2026-05-04 16:55:15,113][src.modRNN.training.training_loop][INFO] - train epoch 453 MSE 0.0013 nMSE 0.0096
[2026-05-04 16:55:15,114][src.modRNN.training.training_loop][INFO] - 	 Starting Epoch: 454
[2026-05-04 16:55:15,230][src.modRNN.training.training_loop][INFO] - train epoch 454 MSE 0.0013 nMSE 0.0099
[2026-05-04 16:55:15,231][src.modRNN.training.training_loop][INFO] - 	 Starting Epoch: 455
[2026-05-04 16:55:15,347][src.modRNN.training.training_loop][INFO] - train epoch 455 MSE 0.0013 nMSE 0.0099
[2026-05-04 16:55:15,348][src.modRNN.training.training_loop][INFO] - 	 Starting Epoch: 456
[2026-05-04 16:55:15,464][src.modRNN.training.training_loop][INFO] - train epoch 456 MSE 0.0014 nMSE 0.0108
[2026-05-04 16:55:15,465][src.modRNN.training.training_loop][INFO] - 	 Starting Epoch: 457
[2026-05-04 16:55:15,581][src.modRNN.training.training_loop][INFO] - train epoch 457 MSE 0.0015 nMSE 0.0112
[2026-05-04 16:55:15,582][src.modRNN.training.training_loop][INFO] - 	 Starting Epoch: 458
[2026-05-04 16:55:15,698][src.modRNN.training.training_loop][INFO] - train epoch 458 MSE 0.0013 nMSE 0.0098
[2026-05-04 16:55:15,699][src.modRNN.training.training_loop][INFO] - 	 Starting Epoch: 459
[2026-05-04 16:55:15,815][src.modRNN.training.training_loop][INFO] - train epoch 459 MSE 0.0013 nMSE 0.0097
[2026-05-04 16:55:15,816][src.modRNN.training.training_loop][INFO] - 	 Starting Epoch: 460
[2026-05-04 16:55:15,932][src.modRNN.training.training_loop][INFO] - train epoch 460 MSE 0.0014 nMSE 0.0104
[2026-05-04 16:55:15,933][src.modRNN.training.training_loop][INFO] - 	 Starting Epoch: 461
[2026-05-04 16:55:16,050][src.modRNN.training.training_loop][INFO] - train epoch 461 MSE 0.0012 nMSE 0.0090
[2026-05-04 16:55:16,050][src.modRNN.training.training_loop][INFO] - 	 Starting Epoch: 462
[2026-05-04 16:55:16,167][src.modRNN.training.training_loop][INFO] - train epoch 462 MSE 0.0014 nMSE 0.0106
[2026-05-04 16:55:16,168][src.modRNN.training.training_loop][INFO] - 	 Starting Epoch: 463
[2026-05-04 16:55:16,284][src.modRNN.training.training_loop][INFO] - train epoch 463 MSE 0.0017 nMSE 0.0125
[2026-05-04 16:55:16,285][src.modRNN.training.training_loop][INFO] - 	 Starting Epoch: 464
[2026-05-04 16:55:16,401][src.modRNN.training.training_loop][INFO] - train epoch 464 MSE 0.0013 nMSE 0.0097
[2026-05-04 16:55:16,402][src.modRNN.training.training_loop][INFO] - 	 Starting Epoch: 465
[2026-05-04 16:55:16,518][src.modRNN.training.training_loop][INFO] - train epoch 465 MSE 0.0014 nMSE 0.0104
[2026-05-04 16:55:16,519][src.modRNN.training.training_loop][INFO] - 	 Starting Epoch: 466
[2026-05-04 16:55:16,635][src.modRNN.training.training_loop][INFO] - train epoch 466 MSE 0.0016 nMSE 0.0121
[2026-05-04 16:55:16,636][src.modRNN.training.training_loop][INFO] - 	 Starting Epoch: 467
[2026-05-04 16:55:16,752][src.modRNN.training.training_loop][INFO] - train epoch 467 MSE 0.0012 nMSE 0.0090
[2026-05-04 16:55:16,753][src.modRNN.training.training_loop][INFO] - 	 Starting Epoch: 468
[2026-05-04 16:55:16,870][src.modRNN.training.training_loop][INFO] - train epoch 468 MSE 0.0010 nMSE 0.0078
[2026-05-04 16:55:16,871][src.modRNN.training.training_loop][INFO] - 	 Starting Epoch: 469
[2026-05-04 16:55:16,987][src.modRNN.training.training_loop][INFO] - train epoch 469 MSE 0.0013 nMSE 0.0094
[2026-05-04 16:55:16,988][src.modRNN.training.training_loop][INFO] - 	 Starting Epoch: 470
[2026-05-04 16:55:17,104][src.modRNN.training.training_loop][INFO] - train epoch 470 MSE 0.0013 nMSE 0.0097
[2026-05-04 16:55:17,105][src.modRNN.training.training_loop][INFO] - 	 Starting Epoch: 471
[2026-05-04 16:55:17,221][src.modRNN.training.training_loop][INFO] - train epoch 471 MSE 0.0011 nMSE 0.0083
[2026-05-04 16:55:17,222][src.modRNN.training.training_loop][INFO] - 	 Starting Epoch: 472
[2026-05-04 16:55:17,339][src.modRNN.training.training_loop][INFO] - train epoch 472 MSE 0.0011 nMSE 0.0082
[2026-05-04 16:55:17,339][src.modRNN.training.training_loop][INFO] - 	 Starting Epoch: 473
[2026-05-04 16:55:17,456][src.modRNN.training.training_loop][INFO] - train epoch 473 MSE 0.0012 nMSE 0.0088
[2026-05-04 16:55:17,457][src.modRNN.training.training_loop][INFO] - 	 Starting Epoch: 474
[2026-05-04 16:55:17,572][src.modRNN.training.training_loop][INFO] - train epoch 474 MSE 0.0014 nMSE 0.0105
[2026-05-04 16:55:17,573][src.modRNN.training.training_loop][INFO] - 	 Starting Epoch: 475
[2026-05-04 16:55:17,690][src.modRNN.training.training_loop][INFO] - train epoch 475 MSE 0.0011 nMSE 0.0086
[2026-05-04 16:55:17,691][src.modRNN.training.training_loop][INFO] - 	 Starting Epoch: 476
[2026-05-04 16:55:17,807][src.modRNN.training.training_loop][INFO] - train epoch 476 MSE 0.0012 nMSE 0.0092
[2026-05-04 16:55:17,853][src.modRNN.training.training_loop][INFO] - eval  epoch 476 MSE 0.0013 nMSE 0.0097
[2026-05-04 16:55:17,854][src.modRNN.training.training_loop][INFO] - 	 Starting Epoch: 477
[2026-05-04 16:55:17,971][src.modRNN.training.training_loop][INFO] - train epoch 477 MSE 0.0013 nMSE 0.0097
[2026-05-04 16:55:17,972][src.modRNN.training.training_loop][INFO] - 	 Starting Epoch: 478
[2026-05-04 16:55:18,088][src.modRNN.training.training_loop][INFO] - train epoch 478 MSE 0.0011 nMSE 0.0084
[2026-05-04 16:55:18,088][src.modRNN.training.training_loop][INFO] - 	 Starting Epoch: 479
[2026-05-04 16:55:18,204][src.modRNN.training.training_loop][INFO] - train epoch 479 MSE 0.0012 nMSE 0.0089
[2026-05-04 16:55:18,205][src.modRNN.training.training_loop][INFO] - 	 Starting Epoch: 480
[2026-05-04 16:55:18,321][src.modRNN.training.training_loop][INFO] - train epoch 480 MSE 0.0012 nMSE 0.0094
[2026-05-04 16:55:18,322][src.modRNN.training.training_loop][INFO] - 	 Starting Epoch: 481
[2026-05-04 16:55:18,438][src.modRNN.training.training_loop][INFO] - train epoch 481 MSE 0.0013 nMSE 0.0101
[2026-05-04 16:55:18,439][src.modRNN.training.training_loop][INFO] - 	 Starting Epoch: 482
[2026-05-04 16:55:18,555][src.modRNN.training.training_loop][INFO] - train epoch 482 MSE 0.0013 nMSE 0.0099
[2026-05-04 16:55:18,555][src.modRNN.training.training_loop][INFO] - 	 Starting Epoch: 483
[2026-05-04 16:55:18,672][src.modRNN.training.training_loop][INFO] - train epoch 483 MSE 0.0010 nMSE 0.0078
[2026-05-04 16:55:18,673][src.modRNN.training.training_loop][INFO] - 	 Starting Epoch: 484
[2026-05-04 16:55:18,789][src.modRNN.training.training_loop][INFO] - train epoch 484 MSE 0.0014 nMSE 0.0106
[2026-05-04 16:55:18,789][src.modRNN.training.training_loop][INFO] - 	 Starting Epoch: 485
[2026-05-04 16:55:18,906][src.modRNN.training.training_loop][INFO] - train epoch 485 MSE 0.0015 nMSE 0.0110
[2026-05-04 16:55:18,906][src.modRNN.training.training_loop][INFO] - 	 Starting Epoch: 486
[2026-05-04 16:55:19,022][src.modRNN.training.training_loop][INFO] - train epoch 486 MSE 0.0012 nMSE 0.0094
[2026-05-04 16:55:19,023][src.modRNN.training.training_loop][INFO] - 	 Starting Epoch: 487
[2026-05-04 16:55:19,139][src.modRNN.training.training_loop][INFO] - train epoch 487 MSE 0.0010 nMSE 0.0078
[2026-05-04 16:55:19,140][src.modRNN.training.training_loop][INFO] - 	 Starting Epoch: 488
[2026-05-04 16:55:19,255][src.modRNN.training.training_loop][INFO] - train epoch 488 MSE 0.0011 nMSE 0.0081
[2026-05-04 16:55:19,256][src.modRNN.training.training_loop][INFO] - 	 Starting Epoch: 489
[2026-05-04 16:55:19,373][src.modRNN.training.training_loop][INFO] - train epoch 489 MSE 0.0013 nMSE 0.0096
[2026-05-04 16:55:19,374][src.modRNN.training.training_loop][INFO] - 	 Starting Epoch: 490
[2026-05-04 16:55:19,490][src.modRNN.training.training_loop][INFO] - train epoch 490 MSE 0.0011 nMSE 0.0085
[2026-05-04 16:55:19,491][src.modRNN.training.training_loop][INFO] - 	 Starting Epoch: 491
[2026-05-04 16:55:19,607][src.modRNN.training.training_loop][INFO] - train epoch 491 MSE 0.0039 nMSE 0.0294
[2026-05-04 16:55:19,608][src.modRNN.training.training_loop][INFO] - 	 Starting Epoch: 492
[2026-05-04 16:55:19,724][src.modRNN.training.training_loop][INFO] - train epoch 492 MSE 0.0011 nMSE 0.0086
[2026-05-04 16:55:19,725][src.modRNN.training.training_loop][INFO] - 	 Starting Epoch: 493
[2026-05-04 16:55:19,841][src.modRNN.training.training_loop][INFO] - train epoch 493 MSE 0.0011 nMSE 0.0080
[2026-05-04 16:55:19,842][src.modRNN.training.training_loop][INFO] - 	 Starting Epoch: 494
[2026-05-04 16:55:19,958][src.modRNN.training.training_loop][INFO] - train epoch 494 MSE 0.0009 nMSE 0.0071
[2026-05-04 16:55:19,959][src.modRNN.training.training_loop][INFO] - 	 Starting Epoch: 495
[2026-05-04 16:55:20,075][src.modRNN.training.training_loop][INFO] - train epoch 495 MSE 0.0011 nMSE 0.0081
[2026-05-04 16:55:20,076][src.modRNN.training.training_loop][INFO] - 	 Starting Epoch: 496
[2026-05-04 16:55:20,191][src.modRNN.training.training_loop][INFO] - train epoch 496 MSE 0.0012 nMSE 0.0093
[2026-05-04 16:55:20,192][src.modRNN.training.training_loop][INFO] - 	 Starting Epoch: 497
[2026-05-04 16:55:20,308][src.modRNN.training.training_loop][INFO] - train epoch 497 MSE 0.0011 nMSE 0.0086
[2026-05-04 16:55:20,309][src.modRNN.training.training_loop][INFO] - 	 Starting Epoch: 498
[2026-05-04 16:55:20,425][src.modRNN.training.training_loop][INFO] - train epoch 498 MSE 0.0015 nMSE 0.0114
[2026-05-04 16:55:20,426][src.modRNN.training.training_loop][INFO] - 	 Starting Epoch: 499
[2026-05-04 16:55:20,541][src.modRNN.training.training_loop][INFO] - train epoch 499 MSE 0.0011 nMSE 0.0086
[2026-05-04 16:55:20,542][src.modRNN.training.training_loop][INFO] - 	 Starting Epoch: 500
[2026-05-04 16:55:20,658][src.modRNN.training.training_loop][INFO] - train epoch 500 MSE 0.0014 nMSE 0.0105
[2026-05-04 16:55:20,659][src.modRNN.training.training_loop][INFO] - 	 Starting Epoch: 501
[2026-05-04 16:55:20,774][src.modRNN.training.training_loop][INFO] - train epoch 501 MSE 0.0013 nMSE 0.0099
[2026-05-04 16:55:20,820][src.modRNN.training.training_loop][INFO] - eval  epoch 501 MSE 0.0012 nMSE 0.0089
[2026-05-04 16:55:20,821][src.modRNN.training.training_loop][INFO] - 	 Starting Epoch: 502
[2026-05-04 16:55:20,938][src.modRNN.training.training_loop][INFO] - train epoch 502 MSE 0.0012 nMSE 0.0089
[2026-05-04 16:55:20,939][src.modRNN.training.training_loop][INFO] - 	 Starting Epoch: 503
[2026-05-04 16:55:21,055][src.modRNN.training.training_loop][INFO] - train epoch 503 MSE 0.0011 nMSE 0.0080
[2026-05-04 16:55:21,056][src.modRNN.training.training_loop][INFO] - 	 Starting Epoch: 504
[2026-05-04 16:55:21,173][src.modRNN.training.training_loop][INFO] - train epoch 504 MSE 0.0010 nMSE 0.0074
[2026-05-04 16:55:21,174][src.modRNN.training.training_loop][INFO] - 	 Starting Epoch: 505
[2026-05-04 16:55:21,289][src.modRNN.training.training_loop][INFO] - train epoch 505 MSE 0.0010 nMSE 0.0078
[2026-05-04 16:55:21,290][src.modRNN.training.training_loop][INFO] - 	 Starting Epoch: 506
[2026-05-04 16:55:21,407][src.modRNN.training.training_loop][INFO] - train epoch 506 MSE 0.0010 nMSE 0.0078
[2026-05-04 16:55:21,408][src.modRNN.training.training_loop][INFO] - 	 Starting Epoch: 507
[2026-05-04 16:55:21,524][src.modRNN.training.training_loop][INFO] - train epoch 507 MSE 0.0011 nMSE 0.0084
[2026-05-04 16:55:21,525][src.modRNN.training.training_loop][INFO] - 	 Starting Epoch: 508
[2026-05-04 16:55:21,642][src.modRNN.training.training_loop][INFO] - train epoch 508 MSE 0.0011 nMSE 0.0084
[2026-05-04 16:55:21,643][src.modRNN.training.training_loop][INFO] - 	 Starting Epoch: 509
[2026-05-04 16:55:21,759][src.modRNN.training.training_loop][INFO] - train epoch 509 MSE 0.0010 nMSE 0.0074
[2026-05-04 16:55:21,760][src.modRNN.training.training_loop][INFO] - 	 Starting Epoch: 510
[2026-05-04 16:55:21,877][src.modRNN.training.training_loop][INFO] - train epoch 510 MSE 0.0010 nMSE 0.0074
[2026-05-04 16:55:21,877][src.modRNN.training.training_loop][INFO] - 	 Starting Epoch: 511
[2026-05-04 16:55:21,994][src.modRNN.training.training_loop][INFO] - train epoch 511 MSE 0.0010 nMSE 0.0078
[2026-05-04 16:55:21,995][src.modRNN.training.training_loop][INFO] - 	 Starting Epoch: 512
[2026-05-04 16:55:22,111][src.modRNN.training.training_loop][INFO] - train epoch 512 MSE 0.0011 nMSE 0.0081
[2026-05-04 16:55:22,112][src.modRNN.training.training_loop][INFO] - 	 Starting Epoch: 513
[2026-05-04 16:55:22,228][src.modRNN.training.training_loop][INFO] - train epoch 513 MSE 0.0010 nMSE 0.0075
[2026-05-04 16:55:22,229][src.modRNN.training.training_loop][INFO] - 	 Starting Epoch: 514
[2026-05-04 16:55:22,346][src.modRNN.training.training_loop][INFO] - train epoch 514 MSE 0.0011 nMSE 0.0080
[2026-05-04 16:55:22,347][src.modRNN.training.training_loop][INFO] - 	 Starting Epoch: 515
[2026-05-04 16:55:22,463][src.modRNN.training.training_loop][INFO] - train epoch 515 MSE 0.0012 nMSE 0.0089
[2026-05-04 16:55:22,464][src.modRNN.training.training_loop][INFO] - 	 Starting Epoch: 516
[2026-05-04 16:55:22,581][src.modRNN.training.training_loop][INFO] - train epoch 516 MSE 0.0010 nMSE 0.0072
[2026-05-04 16:55:22,581][src.modRNN.training.training_loop][INFO] - 	 Starting Epoch: 517
[2026-05-04 16:55:22,698][src.modRNN.training.training_loop][INFO] - train epoch 517 MSE 0.0011 nMSE 0.0080
[2026-05-04 16:55:22,698][src.modRNN.training.training_loop][INFO] - 	 Starting Epoch: 518
[2026-05-04 16:55:22,815][src.modRNN.training.training_loop][INFO] - train epoch 518 MSE 0.0009 nMSE 0.0069
[2026-05-04 16:55:22,816][src.modRNN.training.training_loop][INFO] - 	 Starting Epoch: 519
[2026-05-04 16:55:22,933][src.modRNN.training.training_loop][INFO] - train epoch 519 MSE 0.0010 nMSE 0.0072
[2026-05-04 16:55:22,933][src.modRNN.training.training_loop][INFO] - 	 Starting Epoch: 520
[2026-05-04 16:55:23,050][src.modRNN.training.training_loop][INFO] - train epoch 520 MSE 0.0010 nMSE 0.0076
[2026-05-04 16:55:23,050][src.modRNN.training.training_loop][INFO] - 	 Starting Epoch: 521
[2026-05-04 16:55:23,167][src.modRNN.training.training_loop][INFO] - train epoch 521 MSE 0.0010 nMSE 0.0072
[2026-05-04 16:55:23,168][src.modRNN.training.training_loop][INFO] - 	 Starting Epoch: 522
[2026-05-04 16:55:23,283][src.modRNN.training.training_loop][INFO] - train epoch 522 MSE 0.0008 nMSE 0.0062
[2026-05-04 16:55:23,284][src.modRNN.training.training_loop][INFO] - 	 Starting Epoch: 523
[2026-05-04 16:55:23,400][src.modRNN.training.training_loop][INFO] - train epoch 523 MSE 0.0009 nMSE 0.0069
[2026-05-04 16:55:23,401][src.modRNN.training.training_loop][INFO] - 	 Starting Epoch: 524
[2026-05-04 16:55:23,517][src.modRNN.training.training_loop][INFO] - train epoch 524 MSE 0.0011 nMSE 0.0085
[2026-05-04 16:55:23,518][src.modRNN.training.training_loop][INFO] - 	 Starting Epoch: 525
[2026-05-04 16:55:23,634][src.modRNN.training.training_loop][INFO] - train epoch 525 MSE 0.0010 nMSE 0.0076
[2026-05-04 16:55:23,635][src.modRNN.training.training_loop][INFO] - 	 Starting Epoch: 526
[2026-05-04 16:55:23,751][src.modRNN.training.training_loop][INFO] - train epoch 526 MSE 0.0009 nMSE 0.0066
[2026-05-04 16:55:23,797][src.modRNN.training.training_loop][INFO] - eval  epoch 526 MSE 0.0009 nMSE 0.0067
[2026-05-04 16:55:23,798][src.modRNN.training.training_loop][INFO] - 	 Starting Epoch: 527
[2026-05-04 16:55:23,915][src.modRNN.training.training_loop][INFO] - train epoch 527 MSE 0.0009 nMSE 0.0067
[2026-05-04 16:55:23,916][src.modRNN.training.training_loop][INFO] - 	 Starting Epoch: 528
[2026-05-04 16:55:24,031][src.modRNN.training.training_loop][INFO] - train epoch 528 MSE 0.0011 nMSE 0.0081
[2026-05-04 16:55:24,032][src.modRNN.training.training_loop][INFO] - 	 Starting Epoch: 529
[2026-05-04 16:55:24,148][src.modRNN.training.training_loop][INFO] - train epoch 529 MSE 0.0008 nMSE 0.0060
[2026-05-04 16:55:24,149][src.modRNN.training.training_loop][INFO] - 	 Starting Epoch: 530
[2026-05-04 16:55:24,265][src.modRNN.training.training_loop][INFO] - train epoch 530 MSE 0.0009 nMSE 0.0070
[2026-05-04 16:55:24,265][src.modRNN.training.training_loop][INFO] - 	 Starting Epoch: 531
[2026-05-04 16:55:24,381][src.modRNN.training.training_loop][INFO] - train epoch 531 MSE 0.0010 nMSE 0.0078
[2026-05-04 16:55:24,382][src.modRNN.training.training_loop][INFO] - 	 Starting Epoch: 532
[2026-05-04 16:55:24,498][src.modRNN.training.training_loop][INFO] - train epoch 532 MSE 0.0010 nMSE 0.0072
[2026-05-04 16:55:24,499][src.modRNN.training.training_loop][INFO] - 	 Starting Epoch: 533
[2026-05-04 16:55:24,615][src.modRNN.training.training_loop][INFO] - train epoch 533 MSE 0.0010 nMSE 0.0076
[2026-05-04 16:55:24,616][src.modRNN.training.training_loop][INFO] - 	 Starting Epoch: 534
[2026-05-04 16:55:24,732][src.modRNN.training.training_loop][INFO] - train epoch 534 MSE 0.0008 nMSE 0.0063
[2026-05-04 16:55:24,733][src.modRNN.training.training_loop][INFO] - 	 Starting Epoch: 535
[2026-05-04 16:55:24,848][src.modRNN.training.training_loop][INFO] - train epoch 535 MSE 0.0008 nMSE 0.0061
[2026-05-04 16:55:24,849][src.modRNN.training.training_loop][INFO] - 	 Starting Epoch: 536
[2026-05-04 16:55:24,965][src.modRNN.training.training_loop][INFO] - train epoch 536 MSE 0.0009 nMSE 0.0066
[2026-05-04 16:55:24,966][src.modRNN.training.training_loop][INFO] - 	 Starting Epoch: 537
[2026-05-04 16:55:25,082][src.modRNN.training.training_loop][INFO] - train epoch 537 MSE 0.0009 nMSE 0.0069
[2026-05-04 16:55:25,083][src.modRNN.training.training_loop][INFO] - 	 Starting Epoch: 538
[2026-05-04 16:55:25,198][src.modRNN.training.training_loop][INFO] - train epoch 538 MSE 0.0010 nMSE 0.0072
[2026-05-04 16:55:25,199][src.modRNN.training.training_loop][INFO] - 	 Starting Epoch: 539
[2026-05-04 16:55:25,315][src.modRNN.training.training_loop][INFO] - train epoch 539 MSE 0.0008 nMSE 0.0062
[2026-05-04 16:55:25,316][src.modRNN.training.training_loop][INFO] - 	 Starting Epoch: 540
[2026-05-04 16:55:25,432][src.modRNN.training.training_loop][INFO] - train epoch 540 MSE 0.0009 nMSE 0.0065
[2026-05-04 16:55:25,433][src.modRNN.training.training_loop][INFO] - 	 Starting Epoch: 541
[2026-05-04 16:55:25,549][src.modRNN.training.training_loop][INFO] - train epoch 541 MSE 0.0013 nMSE 0.0097
[2026-05-04 16:55:25,549][src.modRNN.training.training_loop][INFO] - 	 Starting Epoch: 542
[2026-05-04 16:55:25,665][src.modRNN.training.training_loop][INFO] - train epoch 542 MSE 0.0011 nMSE 0.0082
[2026-05-04 16:55:25,666][src.modRNN.training.training_loop][INFO] - 	 Starting Epoch: 543
[2026-05-04 16:55:25,782][src.modRNN.training.training_loop][INFO] - train epoch 543 MSE 0.0011 nMSE 0.0082
[2026-05-04 16:55:25,783][src.modRNN.training.training_loop][INFO] - 	 Starting Epoch: 544
[2026-05-04 16:55:25,899][src.modRNN.training.training_loop][INFO] - train epoch 544 MSE 0.0009 nMSE 0.0068
[2026-05-04 16:55:25,899][src.modRNN.training.training_loop][INFO] - 	 Starting Epoch: 545
[2026-05-04 16:55:26,015][src.modRNN.training.training_loop][INFO] - train epoch 545 MSE 0.0008 nMSE 0.0061
[2026-05-04 16:55:26,016][src.modRNN.training.training_loop][INFO] - 	 Starting Epoch: 546
[2026-05-04 16:55:26,133][src.modRNN.training.training_loop][INFO] - train epoch 546 MSE 0.0010 nMSE 0.0074
[2026-05-04 16:55:26,133][src.modRNN.training.training_loop][INFO] - 	 Starting Epoch: 547
[2026-05-04 16:55:26,251][src.modRNN.training.training_loop][INFO] - train epoch 547 MSE 0.0010 nMSE 0.0077
[2026-05-04 16:55:26,251][src.modRNN.training.training_loop][INFO] - 	 Starting Epoch: 548
[2026-05-04 16:55:26,368][src.modRNN.training.training_loop][INFO] - train epoch 548 MSE 0.0011 nMSE 0.0080
[2026-05-04 16:55:26,368][src.modRNN.training.training_loop][INFO] - 	 Starting Epoch: 549
[2026-05-04 16:55:26,485][src.modRNN.training.training_loop][INFO] - train epoch 549 MSE 0.0009 nMSE 0.0068
[2026-05-04 16:55:26,485][src.modRNN.training.training_loop][INFO] - 	 Starting Epoch: 550
[2026-05-04 16:55:26,602][src.modRNN.training.training_loop][INFO] - train epoch 550 MSE 0.0010 nMSE 0.0075
[2026-05-04 16:55:26,603][src.modRNN.training.training_loop][INFO] - 	 Starting Epoch: 551
[2026-05-04 16:55:26,720][src.modRNN.training.training_loop][INFO] - train epoch 551 MSE 0.0012 nMSE 0.0089
[2026-05-04 16:55:26,766][src.modRNN.training.training_loop][INFO] - eval  epoch 551 MSE 0.0009 nMSE 0.0066
[2026-05-04 16:55:26,766][src.modRNN.training.training_loop][INFO] - 	 Starting Epoch: 552
[2026-05-04 16:55:26,883][src.modRNN.training.training_loop][INFO] - train epoch 552 MSE 0.0009 nMSE 0.0066
[2026-05-04 16:55:26,884][src.modRNN.training.training_loop][INFO] - 	 Starting Epoch: 553
[2026-05-04 16:55:27,000][src.modRNN.training.training_loop][INFO] - train epoch 553 MSE 0.0010 nMSE 0.0078
[2026-05-04 16:55:27,001][src.modRNN.training.training_loop][INFO] - 	 Starting Epoch: 554
[2026-05-04 16:55:27,118][src.modRNN.training.training_loop][INFO] - train epoch 554 MSE 0.0008 nMSE 0.0060
[2026-05-04 16:55:27,119][src.modRNN.training.training_loop][INFO] - 	 Starting Epoch: 555
[2026-05-04 16:55:27,235][src.modRNN.training.training_loop][INFO] - train epoch 555 MSE 0.0009 nMSE 0.0071
[2026-05-04 16:55:27,236][src.modRNN.training.training_loop][INFO] - 	 Starting Epoch: 556
[2026-05-04 16:55:27,353][src.modRNN.training.training_loop][INFO] - train epoch 556 MSE 0.0010 nMSE 0.0073
[2026-05-04 16:55:27,354][src.modRNN.training.training_loop][INFO] - 	 Starting Epoch: 557
[2026-05-04 16:55:27,470][src.modRNN.training.training_loop][INFO] - train epoch 557 MSE 0.0009 nMSE 0.0066
[2026-05-04 16:55:27,470][src.modRNN.training.training_loop][INFO] - 	 Starting Epoch: 558
[2026-05-04 16:55:27,586][src.modRNN.training.training_loop][INFO] - train epoch 558 MSE 0.0008 nMSE 0.0063
[2026-05-04 16:55:27,587][src.modRNN.training.training_loop][INFO] - 	 Starting Epoch: 559
[2026-05-04 16:55:27,703][src.modRNN.training.training_loop][INFO] - train epoch 559 MSE 0.0010 nMSE 0.0077
[2026-05-04 16:55:27,704][src.modRNN.training.training_loop][INFO] - 	 Starting Epoch: 560
[2026-05-04 16:55:27,819][src.modRNN.training.training_loop][INFO] - train epoch 560 MSE 0.0009 nMSE 0.0064
[2026-05-04 16:55:27,820][src.modRNN.training.training_loop][INFO] - 	 Starting Epoch: 561
[2026-05-04 16:55:27,936][src.modRNN.training.training_loop][INFO] - train epoch 561 MSE 0.0009 nMSE 0.0069
[2026-05-04 16:55:27,937][src.modRNN.training.training_loop][INFO] - 	 Starting Epoch: 562
[2026-05-04 16:55:28,053][src.modRNN.training.training_loop][INFO] - train epoch 562 MSE 0.0011 nMSE 0.0084
[2026-05-04 16:55:28,054][src.modRNN.training.training_loop][INFO] - 	 Starting Epoch: 563
[2026-05-04 16:55:28,170][src.modRNN.training.training_loop][INFO] - train epoch 563 MSE 0.0010 nMSE 0.0074
[2026-05-04 16:55:28,171][src.modRNN.training.training_loop][INFO] - 	 Starting Epoch: 564
[2026-05-04 16:55:28,288][src.modRNN.training.training_loop][INFO] - train epoch 564 MSE 0.0008 nMSE 0.0064
[2026-05-04 16:55:28,288][src.modRNN.training.training_loop][INFO] - 	 Starting Epoch: 565
[2026-05-04 16:55:28,404][src.modRNN.training.training_loop][INFO] - train epoch 565 MSE 0.0010 nMSE 0.0073
[2026-05-04 16:55:28,405][src.modRNN.training.training_loop][INFO] - 	 Starting Epoch: 566
[2026-05-04 16:55:28,522][src.modRNN.training.training_loop][INFO] - train epoch 566 MSE 0.0012 nMSE 0.0092
[2026-05-04 16:55:28,523][src.modRNN.training.training_loop][INFO] - 	 Starting Epoch: 567
[2026-05-04 16:55:28,639][src.modRNN.training.training_loop][INFO] - train epoch 567 MSE 0.0008 nMSE 0.0063
[2026-05-04 16:55:28,640][src.modRNN.training.training_loop][INFO] - 	 Starting Epoch: 568
[2026-05-04 16:55:28,756][src.modRNN.training.training_loop][INFO] - train epoch 568 MSE 0.0009 nMSE 0.0069
[2026-05-04 16:55:28,756][src.modRNN.training.training_loop][INFO] - 	 Starting Epoch: 569
[2026-05-04 16:55:28,872][src.modRNN.training.training_loop][INFO] - train epoch 569 MSE 0.0009 nMSE 0.0070
[2026-05-04 16:55:28,873][src.modRNN.training.training_loop][INFO] - 	 Starting Epoch: 570
[2026-05-04 16:55:28,989][src.modRNN.training.training_loop][INFO] - train epoch 570 MSE 0.0009 nMSE 0.0069
[2026-05-04 16:55:28,990][src.modRNN.training.training_loop][INFO] - 	 Starting Epoch: 571
[2026-05-04 16:55:29,106][src.modRNN.training.training_loop][INFO] - train epoch 571 MSE 0.0010 nMSE 0.0072
[2026-05-04 16:55:29,106][src.modRNN.training.training_loop][INFO] - 	 Starting Epoch: 572
[2026-05-04 16:55:29,222][src.modRNN.training.training_loop][INFO] - train epoch 572 MSE 0.0008 nMSE 0.0059
[2026-05-04 16:55:29,223][src.modRNN.training.training_loop][INFO] - 	 Starting Epoch: 573
[2026-05-04 16:55:29,339][src.modRNN.training.training_loop][INFO] - train epoch 573 MSE 0.0008 nMSE 0.0060
[2026-05-04 16:55:29,339][src.modRNN.training.training_loop][INFO] - 	 Starting Epoch: 574
[2026-05-04 16:55:29,456][src.modRNN.training.training_loop][INFO] - train epoch 574 MSE 0.0010 nMSE 0.0073
[2026-05-04 16:55:29,456][src.modRNN.training.training_loop][INFO] - 	 Starting Epoch: 575
[2026-05-04 16:55:29,572][src.modRNN.training.training_loop][INFO] - train epoch 575 MSE 0.0011 nMSE 0.0082
[2026-05-04 16:55:29,573][src.modRNN.training.training_loop][INFO] - 	 Starting Epoch: 576
[2026-05-04 16:55:29,690][src.modRNN.training.training_loop][INFO] - train epoch 576 MSE 0.0008 nMSE 0.0064
[2026-05-04 16:55:29,736][src.modRNN.training.training_loop][INFO] - eval  epoch 576 MSE 0.0008 nMSE 0.0061
[2026-05-04 16:55:29,737][src.modRNN.training.training_loop][INFO] - 	 Starting Epoch: 577
[2026-05-04 16:55:29,853][src.modRNN.training.training_loop][INFO] - train epoch 577 MSE 0.0008 nMSE 0.0061
[2026-05-04 16:55:29,853][src.modRNN.training.training_loop][INFO] - 	 Starting Epoch: 578
[2026-05-04 16:55:29,970][src.modRNN.training.training_loop][INFO] - train epoch 578 MSE 0.0010 nMSE 0.0078
[2026-05-04 16:55:29,970][src.modRNN.training.training_loop][INFO] - 	 Starting Epoch: 579
[2026-05-04 16:55:30,087][src.modRNN.training.training_loop][INFO] - train epoch 579 MSE 0.0009 nMSE 0.0070
[2026-05-04 16:55:30,088][src.modRNN.training.training_loop][INFO] - 	 Starting Epoch: 580
[2026-05-04 16:55:30,204][src.modRNN.training.training_loop][INFO] - train epoch 580 MSE 0.0008 nMSE 0.0064
[2026-05-04 16:55:30,205][src.modRNN.training.training_loop][INFO] - 	 Starting Epoch: 581
[2026-05-04 16:55:30,322][src.modRNN.training.training_loop][INFO] - train epoch 581 MSE 0.0008 nMSE 0.0060
[2026-05-04 16:55:30,323][src.modRNN.training.training_loop][INFO] - 	 Starting Epoch: 582
[2026-05-04 16:55:30,438][src.modRNN.training.training_loop][INFO] - train epoch 582 MSE 0.0008 nMSE 0.0062
[2026-05-04 16:55:30,439][src.modRNN.training.training_loop][INFO] - 	 Starting Epoch: 583
[2026-05-04 16:55:30,555][src.modRNN.training.training_loop][INFO] - train epoch 583 MSE 0.0009 nMSE 0.0071
[2026-05-04 16:55:30,556][src.modRNN.training.training_loop][INFO] - 	 Starting Epoch: 584
[2026-05-04 16:55:30,672][src.modRNN.training.training_loop][INFO] - train epoch 584 MSE 0.0008 nMSE 0.0057
[2026-05-04 16:55:30,673][src.modRNN.training.training_loop][INFO] - 	 Starting Epoch: 585
[2026-05-04 16:55:30,789][src.modRNN.training.training_loop][INFO] - train epoch 585 MSE 0.0007 nMSE 0.0053
[2026-05-04 16:55:30,789][src.modRNN.training.training_loop][INFO] - 	 Starting Epoch: 586
[2026-05-04 16:55:30,905][src.modRNN.training.training_loop][INFO] - train epoch 586 MSE 0.0007 nMSE 0.0055
[2026-05-04 16:55:30,906][src.modRNN.training.training_loop][INFO] - 	 Starting Epoch: 587
[2026-05-04 16:55:31,023][src.modRNN.training.training_loop][INFO] - train epoch 587 MSE 0.0008 nMSE 0.0057
[2026-05-04 16:55:31,024][src.modRNN.training.training_loop][INFO] - 	 Starting Epoch: 588
[2026-05-04 16:55:31,137][src.modRNN.training.training_loop][INFO] - train epoch 588 MSE 0.0008 nMSE 0.0063
[2026-05-04 16:55:31,138][src.modRNN.training.training_loop][INFO] - 	 Starting Epoch: 589
[2026-05-04 16:55:31,252][src.modRNN.training.training_loop][INFO] - train epoch 589 MSE 0.0010 nMSE 0.0072
[2026-05-04 16:55:31,253][src.modRNN.training.training_loop][INFO] - 	 Starting Epoch: 590
[2026-05-04 16:55:31,366][src.modRNN.training.training_loop][INFO] - train epoch 590 MSE 0.0007 nMSE 0.0056
[2026-05-04 16:55:31,367][src.modRNN.training.training_loop][INFO] - 	 Starting Epoch: 591
[2026-05-04 16:55:31,481][src.modRNN.training.training_loop][INFO] - train epoch 591 MSE 0.0009 nMSE 0.0065
[2026-05-04 16:55:31,481][src.modRNN.training.training_loop][INFO] - 	 Starting Epoch: 592
[2026-05-04 16:55:31,595][src.modRNN.training.training_loop][INFO] - train epoch 592 MSE 0.0007 nMSE 0.0057
[2026-05-04 16:55:31,596][src.modRNN.training.training_loop][INFO] - 	 Starting Epoch: 593
[2026-05-04 16:55:31,710][src.modRNN.training.training_loop][INFO] - train epoch 593 MSE 0.0010 nMSE 0.0073
[2026-05-04 16:55:31,710][src.modRNN.training.training_loop][INFO] - 	 Starting Epoch: 594
[2026-05-04 16:55:31,824][src.modRNN.training.training_loop][INFO] - train epoch 594 MSE 0.0009 nMSE 0.0070
[2026-05-04 16:55:31,825][src.modRNN.training.training_loop][INFO] - 	 Starting Epoch: 595
[2026-05-04 16:55:31,939][src.modRNN.training.training_loop][INFO] - train epoch 595 MSE 0.0012 nMSE 0.0088
[2026-05-04 16:55:31,940][src.modRNN.training.training_loop][INFO] - 	 Starting Epoch: 596
[2026-05-04 16:55:32,053][src.modRNN.training.training_loop][INFO] - train epoch 596 MSE 0.0011 nMSE 0.0080
[2026-05-04 16:55:32,054][src.modRNN.training.training_loop][INFO] - 	 Starting Epoch: 597
[2026-05-04 16:55:32,167][src.modRNN.training.training_loop][INFO] - train epoch 597 MSE 0.0009 nMSE 0.0069
[2026-05-04 16:55:32,168][src.modRNN.training.training_loop][INFO] - 	 Starting Epoch: 598
[2026-05-04 16:55:32,281][src.modRNN.training.training_loop][INFO] - train epoch 598 MSE 0.0008 nMSE 0.0063
[2026-05-04 16:55:32,282][src.modRNN.training.training_loop][INFO] - 	 Starting Epoch: 599
[2026-05-04 16:55:32,395][src.modRNN.training.training_loop][INFO] - train epoch 599 MSE 0.0009 nMSE 0.0071
[2026-05-04 16:55:32,396][src.modRNN.training.training_loop][INFO] - 	 Starting Epoch: 600
[2026-05-04 16:55:32,509][src.modRNN.training.training_loop][INFO] - train epoch 600 MSE 0.0008 nMSE 0.0057
[2026-05-04 16:55:32,510][src.modRNN.training.training_loop][INFO] - 	 Starting Epoch: 601
[2026-05-04 16:55:32,622][src.modRNN.training.training_loop][INFO] - train epoch 601 MSE 0.0008 nMSE 0.0059
[2026-05-04 16:55:32,668][src.modRNN.training.training_loop][INFO] - eval  epoch 601 MSE 0.0008 nMSE 0.0064
[2026-05-04 16:55:32,668][src.modRNN.training.training_loop][INFO] - 	 Starting Epoch: 602
[2026-05-04 16:55:32,784][src.modRNN.training.training_loop][INFO] - train epoch 602 MSE 0.0008 nMSE 0.0064
[2026-05-04 16:55:32,785][src.modRNN.training.training_loop][INFO] - 	 Starting Epoch: 603
[2026-05-04 16:55:32,899][src.modRNN.training.training_loop][INFO] - train epoch 603 MSE 0.0009 nMSE 0.0068
[2026-05-04 16:55:32,900][src.modRNN.training.training_loop][INFO] - 	 Starting Epoch: 604
[2026-05-04 16:55:33,014][src.modRNN.training.training_loop][INFO] - train epoch 604 MSE 0.0008 nMSE 0.0060
[2026-05-04 16:55:33,014][src.modRNN.training.training_loop][INFO] - 	 Starting Epoch: 605
[2026-05-04 16:55:33,128][src.modRNN.training.training_loop][INFO] - train epoch 605 MSE 0.0010 nMSE 0.0072
[2026-05-04 16:55:33,129][src.modRNN.training.training_loop][INFO] - 	 Starting Epoch: 606
[2026-05-04 16:55:33,242][src.modRNN.training.training_loop][INFO] - train epoch 606 MSE 0.0007 nMSE 0.0056
[2026-05-04 16:55:33,243][src.modRNN.training.training_loop][INFO] - 	 Starting Epoch: 607
[2026-05-04 16:55:33,357][src.modRNN.training.training_loop][INFO] - train epoch 607 MSE 0.0009 nMSE 0.0065
[2026-05-04 16:55:33,357][src.modRNN.training.training_loop][INFO] - 	 Starting Epoch: 608
[2026-05-04 16:55:33,471][src.modRNN.training.training_loop][INFO] - train epoch 608 MSE 0.0008 nMSE 0.0057
[2026-05-04 16:55:33,472][src.modRNN.training.training_loop][INFO] - 	 Starting Epoch: 609
[2026-05-04 16:55:33,587][src.modRNN.training.training_loop][INFO] - train epoch 609 MSE 0.0009 nMSE 0.0067
[2026-05-04 16:55:33,587][src.modRNN.training.training_loop][INFO] - 	 Starting Epoch: 610
[2026-05-04 16:55:33,702][src.modRNN.training.training_loop][INFO] - train epoch 610 MSE 0.0009 nMSE 0.0068
[2026-05-04 16:55:33,702][src.modRNN.training.training_loop][INFO] - 	 Starting Epoch: 611
[2026-05-04 16:55:33,816][src.modRNN.training.training_loop][INFO] - train epoch 611 MSE 0.0008 nMSE 0.0064
[2026-05-04 16:55:33,817][src.modRNN.training.training_loop][INFO] - 	 Starting Epoch: 612
[2026-05-04 16:55:33,931][src.modRNN.training.training_loop][INFO] - train epoch 612 MSE 0.0009 nMSE 0.0069
[2026-05-04 16:55:33,932][src.modRNN.training.training_loop][INFO] - 	 Starting Epoch: 613
[2026-05-04 16:55:34,046][src.modRNN.training.training_loop][INFO] - train epoch 613 MSE 0.0008 nMSE 0.0061
[2026-05-04 16:55:34,047][src.modRNN.training.training_loop][INFO] - 	 Starting Epoch: 614
[2026-05-04 16:55:34,161][src.modRNN.training.training_loop][INFO] - train epoch 614 MSE 0.0008 nMSE 0.0060
[2026-05-04 16:55:34,161][src.modRNN.training.training_loop][INFO] - 	 Starting Epoch: 615
[2026-05-04 16:55:34,276][src.modRNN.training.training_loop][INFO] - train epoch 615 MSE 0.0008 nMSE 0.0058
[2026-05-04 16:55:34,277][src.modRNN.training.training_loop][INFO] - 	 Starting Epoch: 616
[2026-05-04 16:55:34,391][src.modRNN.training.training_loop][INFO] - train epoch 616 MSE 0.0009 nMSE 0.0065
[2026-05-04 16:55:34,391][src.modRNN.training.training_loop][INFO] - 	 Starting Epoch: 617
[2026-05-04 16:55:34,506][src.modRNN.training.training_loop][INFO] - train epoch 617 MSE 0.0008 nMSE 0.0061
[2026-05-04 16:55:34,507][src.modRNN.training.training_loop][INFO] - 	 Starting Epoch: 618
[2026-05-04 16:55:34,623][src.modRNN.training.training_loop][INFO] - train epoch 618 MSE 0.0008 nMSE 0.0062
[2026-05-04 16:55:34,624][src.modRNN.training.training_loop][INFO] - 	 Starting Epoch: 619
[2026-05-04 16:55:34,739][src.modRNN.training.training_loop][INFO] - train epoch 619 MSE 0.0009 nMSE 0.0067
[2026-05-04 16:55:34,740][src.modRNN.training.training_loop][INFO] - 	 Starting Epoch: 620
[2026-05-04 16:55:34,854][src.modRNN.training.training_loop][INFO] - train epoch 620 MSE 0.0009 nMSE 0.0067
[2026-05-04 16:55:34,855][src.modRNN.training.training_loop][INFO] - 	 Starting Epoch: 621
[2026-05-04 16:55:34,968][src.modRNN.training.training_loop][INFO] - train epoch 621 MSE 0.0009 nMSE 0.0069
[2026-05-04 16:55:34,969][src.modRNN.training.training_loop][INFO] - 	 Starting Epoch: 622
[2026-05-04 16:55:35,083][src.modRNN.training.training_loop][INFO] - train epoch 622 MSE 0.0006 nMSE 0.0049
[2026-05-04 16:55:35,083][src.modRNN.training.training_loop][INFO] - 	 Starting Epoch: 623
[2026-05-04 16:55:35,197][src.modRNN.training.training_loop][INFO] - train epoch 623 MSE 0.0008 nMSE 0.0059
[2026-05-04 16:55:35,198][src.modRNN.training.training_loop][INFO] - 	 Starting Epoch: 624
[2026-05-04 16:55:35,311][src.modRNN.training.training_loop][INFO] - train epoch 624 MSE 0.0008 nMSE 0.0063
[2026-05-04 16:55:35,312][src.modRNN.training.training_loop][INFO] - 	 Starting Epoch: 625
[2026-05-04 16:55:35,426][src.modRNN.training.training_loop][INFO] - train epoch 625 MSE 0.0008 nMSE 0.0059
[2026-05-04 16:55:35,427][src.modRNN.training.training_loop][INFO] - 	 Starting Epoch: 626
[2026-05-04 16:55:35,541][src.modRNN.training.training_loop][INFO] - train epoch 626 MSE 0.0008 nMSE 0.0057
[2026-05-04 16:55:35,585][src.modRNN.training.training_loop][INFO] - eval  epoch 626 MSE 0.0008 nMSE 0.0061
[2026-05-04 16:55:35,586][src.modRNN.training.training_loop][INFO] - 	 Starting Epoch: 627
[2026-05-04 16:55:35,701][src.modRNN.training.training_loop][INFO] - train epoch 627 MSE 0.0008 nMSE 0.0061
[2026-05-04 16:55:35,701][src.modRNN.training.training_loop][INFO] - 	 Starting Epoch: 628
[2026-05-04 16:55:35,814][src.modRNN.training.training_loop][INFO] - train epoch 628 MSE 0.0007 nMSE 0.0055
[2026-05-04 16:55:35,815][src.modRNN.training.training_loop][INFO] - 	 Starting Epoch: 629
[2026-05-04 16:55:35,929][src.modRNN.training.training_loop][INFO] - train epoch 629 MSE 0.0009 nMSE 0.0069
[2026-05-04 16:55:35,930][src.modRNN.training.training_loop][INFO] - 	 Starting Epoch: 630
[2026-05-04 16:55:36,044][src.modRNN.training.training_loop][INFO] - train epoch 630 MSE 0.0008 nMSE 0.0064
[2026-05-04 16:55:36,045][src.modRNN.training.training_loop][INFO] - 	 Starting Epoch: 631
[2026-05-04 16:55:36,160][src.modRNN.training.training_loop][INFO] - train epoch 631 MSE 0.0008 nMSE 0.0060
[2026-05-04 16:55:36,161][src.modRNN.training.training_loop][INFO] - 	 Starting Epoch: 632
[2026-05-04 16:55:36,274][src.modRNN.training.training_loop][INFO] - train epoch 632 MSE 0.0008 nMSE 0.0063
[2026-05-04 16:55:36,275][src.modRNN.training.training_loop][INFO] - 	 Starting Epoch: 633
[2026-05-04 16:55:36,389][src.modRNN.training.training_loop][INFO] - train epoch 633 MSE 0.0009 nMSE 0.0067
[2026-05-04 16:55:36,390][src.modRNN.training.training_loop][INFO] - 	 Starting Epoch: 634
[2026-05-04 16:55:36,503][src.modRNN.training.training_loop][INFO] - train epoch 634 MSE 0.0007 nMSE 0.0054
[2026-05-04 16:55:36,504][src.modRNN.training.training_loop][INFO] - 	 Starting Epoch: 635
[2026-05-04 16:55:36,617][src.modRNN.training.training_loop][INFO] - train epoch 635 MSE 0.0008 nMSE 0.0064
[2026-05-04 16:55:36,618][src.modRNN.training.training_loop][INFO] - 	 Starting Epoch: 636
[2026-05-04 16:55:36,732][src.modRNN.training.training_loop][INFO] - train epoch 636 MSE 0.0009 nMSE 0.0067
[2026-05-04 16:55:36,733][src.modRNN.training.training_loop][INFO] - 	 Starting Epoch: 637
[2026-05-04 16:55:36,848][src.modRNN.training.training_loop][INFO] - train epoch 637 MSE 0.0007 nMSE 0.0055
[2026-05-04 16:55:36,849][src.modRNN.training.training_loop][INFO] - 	 Starting Epoch: 638
[2026-05-04 16:55:36,962][src.modRNN.training.training_loop][INFO] - train epoch 638 MSE 0.0007 nMSE 0.0053
[2026-05-04 16:55:36,963][src.modRNN.training.training_loop][INFO] - 	 Starting Epoch: 639
[2026-05-04 16:55:37,079][src.modRNN.training.training_loop][INFO] - train epoch 639 MSE 0.0008 nMSE 0.0062
[2026-05-04 16:55:37,080][src.modRNN.training.training_loop][INFO] - 	 Starting Epoch: 640
[2026-05-04 16:55:37,195][src.modRNN.training.training_loop][INFO] - train epoch 640 MSE 0.0009 nMSE 0.0065
[2026-05-04 16:55:37,196][src.modRNN.training.training_loop][INFO] - 	 Starting Epoch: 641
[2026-05-04 16:55:37,310][src.modRNN.training.training_loop][INFO] - train epoch 641 MSE 0.0007 nMSE 0.0055
[2026-05-04 16:55:37,311][src.modRNN.training.training_loop][INFO] - 	 Starting Epoch: 642
[2026-05-04 16:55:37,425][src.modRNN.training.training_loop][INFO] - train epoch 642 MSE 0.0009 nMSE 0.0069
[2026-05-04 16:55:37,426][src.modRNN.training.training_loop][INFO] - 	 Starting Epoch: 643
[2026-05-04 16:55:37,540][src.modRNN.training.training_loop][INFO] - train epoch 643 MSE 0.0009 nMSE 0.0069
[2026-05-04 16:55:37,541][src.modRNN.training.training_loop][INFO] - 	 Starting Epoch: 644
[2026-05-04 16:55:37,655][src.modRNN.training.training_loop][INFO] - train epoch 644 MSE 0.0008 nMSE 0.0064
[2026-05-04 16:55:37,655][src.modRNN.training.training_loop][INFO] - 	 Starting Epoch: 645
[2026-05-04 16:55:37,770][src.modRNN.training.training_loop][INFO] - train epoch 645 MSE 0.0009 nMSE 0.0071
[2026-05-04 16:55:37,771][src.modRNN.training.training_loop][INFO] - 	 Starting Epoch: 646
[2026-05-04 16:55:37,885][src.modRNN.training.training_loop][INFO] - train epoch 646 MSE 0.0007 nMSE 0.0057
[2026-05-04 16:55:37,885][src.modRNN.training.training_loop][INFO] - 	 Starting Epoch: 647
[2026-05-04 16:55:38,000][src.modRNN.training.training_loop][INFO] - train epoch 647 MSE 0.0008 nMSE 0.0060
[2026-05-04 16:55:38,001][src.modRNN.training.training_loop][INFO] - 	 Starting Epoch: 648
[2026-05-04 16:55:38,115][src.modRNN.training.training_loop][INFO] - train epoch 648 MSE 0.0008 nMSE 0.0058
[2026-05-04 16:55:38,116][src.modRNN.training.training_loop][INFO] - 	 Starting Epoch: 649
[2026-05-04 16:55:38,230][src.modRNN.training.training_loop][INFO] - train epoch 649 MSE 0.0009 nMSE 0.0070
[2026-05-04 16:55:38,231][src.modRNN.training.training_loop][INFO] - 	 Starting Epoch: 650
[2026-05-04 16:55:38,345][src.modRNN.training.training_loop][INFO] - train epoch 650 MSE 0.0009 nMSE 0.0065
[2026-05-04 16:55:38,345][src.modRNN.training.training_loop][INFO] - 	 Starting Epoch: 651
[2026-05-04 16:55:38,464][src.modRNN.training.training_loop][INFO] - train epoch 651 MSE 0.0008 nMSE 0.0060
[2026-05-04 16:55:38,514][src.modRNN.training.training_loop][INFO] - eval  epoch 651 MSE 0.0008 nMSE 0.0059
[2026-05-04 16:55:38,515][src.modRNN.training.training_loop][INFO] - 	 Starting Epoch: 652
[2026-05-04 16:55:38,633][src.modRNN.training.training_loop][INFO] - train epoch 652 MSE 0.0008 nMSE 0.0059
[2026-05-04 16:55:38,634][src.modRNN.training.training_loop][INFO] - 	 Starting Epoch: 653
[2026-05-04 16:55:38,749][src.modRNN.training.training_loop][INFO] - train epoch 653 MSE 0.0007 nMSE 0.0056
[2026-05-04 16:55:38,749][src.modRNN.training.training_loop][INFO] - 	 Starting Epoch: 654
[2026-05-04 16:55:38,864][src.modRNN.training.training_loop][INFO] - train epoch 654 MSE 0.0007 nMSE 0.0054
[2026-05-04 16:55:38,865][src.modRNN.training.training_loop][INFO] - 	 Starting Epoch: 655
[2026-05-04 16:55:38,980][src.modRNN.training.training_loop][INFO] - train epoch 655 MSE 0.0008 nMSE 0.0057
[2026-05-04 16:55:38,980][src.modRNN.training.training_loop][INFO] - 	 Starting Epoch: 656
[2026-05-04 16:55:39,094][src.modRNN.training.training_loop][INFO] - train epoch 656 MSE 0.0008 nMSE 0.0063
[2026-05-04 16:55:39,095][src.modRNN.training.training_loop][INFO] - 	 Starting Epoch: 657
[2026-05-04 16:55:39,210][src.modRNN.training.training_loop][INFO] - train epoch 657 MSE 0.0007 nMSE 0.0053
[2026-05-04 16:55:39,210][src.modRNN.training.training_loop][INFO] - 	 Starting Epoch: 658
[2026-05-04 16:55:39,325][src.modRNN.training.training_loop][INFO] - train epoch 658 MSE 0.0008 nMSE 0.0060
[2026-05-04 16:55:39,326][src.modRNN.training.training_loop][INFO] - 	 Starting Epoch: 659
[2026-05-04 16:55:39,440][src.modRNN.training.training_loop][INFO] - train epoch 659 MSE 0.0008 nMSE 0.0062
[2026-05-04 16:55:39,441][src.modRNN.training.training_loop][INFO] - 	 Starting Epoch: 660
[2026-05-04 16:55:39,555][src.modRNN.training.training_loop][INFO] - train epoch 660 MSE 0.0006 nMSE 0.0046
[2026-05-04 16:55:39,555][src.modRNN.training.training_loop][INFO] - 	 Starting Epoch: 661
[2026-05-04 16:55:39,670][src.modRNN.training.training_loop][INFO] - train epoch 661 MSE 0.0008 nMSE 0.0058
[2026-05-04 16:55:39,670][src.modRNN.training.training_loop][INFO] - 	 Starting Epoch: 662
[2026-05-04 16:55:39,785][src.modRNN.training.training_loop][INFO] - train epoch 662 MSE 0.0007 nMSE 0.0054
[2026-05-04 16:55:39,786][src.modRNN.training.training_loop][INFO] - 	 Starting Epoch: 663
[2026-05-04 16:55:39,900][src.modRNN.training.training_loop][INFO] - train epoch 663 MSE 0.0007 nMSE 0.0054
[2026-05-04 16:55:39,901][src.modRNN.training.training_loop][INFO] - 	 Starting Epoch: 664
[2026-05-04 16:55:40,015][src.modRNN.training.training_loop][INFO] - train epoch 664 MSE 0.0009 nMSE 0.0069
[2026-05-04 16:55:40,016][src.modRNN.training.training_loop][INFO] - 	 Starting Epoch: 665
[2026-05-04 16:55:40,130][src.modRNN.training.training_loop][INFO] - train epoch 665 MSE 0.0007 nMSE 0.0055
[2026-05-04 16:55:40,131][src.modRNN.training.training_loop][INFO] - 	 Starting Epoch: 666
[2026-05-04 16:55:40,246][src.modRNN.training.training_loop][INFO] - train epoch 666 MSE 0.0008 nMSE 0.0062
[2026-05-04 16:55:40,246][src.modRNN.training.training_loop][INFO] - 	 Starting Epoch: 667
[2026-05-04 16:55:40,360][src.modRNN.training.training_loop][INFO] - train epoch 667 MSE 0.0007 nMSE 0.0055
[2026-05-04 16:55:40,361][src.modRNN.training.training_loop][INFO] - 	 Starting Epoch: 668
[2026-05-04 16:55:40,475][src.modRNN.training.training_loop][INFO] - train epoch 668 MSE 0.0007 nMSE 0.0055
[2026-05-04 16:55:40,476][src.modRNN.training.training_loop][INFO] - 	 Starting Epoch: 669
[2026-05-04 16:55:40,590][src.modRNN.training.training_loop][INFO] - train epoch 669 MSE 0.0007 nMSE 0.0051
[2026-05-04 16:55:40,591][src.modRNN.training.training_loop][INFO] - 	 Starting Epoch: 670
[2026-05-04 16:55:40,706][src.modRNN.training.training_loop][INFO] - train epoch 670 MSE 0.0008 nMSE 0.0058
[2026-05-04 16:55:40,707][src.modRNN.training.training_loop][INFO] - 	 Starting Epoch: 671
[2026-05-04 16:55:40,824][src.modRNN.training.training_loop][INFO] - train epoch 671 MSE 0.0007 nMSE 0.0054
[2026-05-04 16:55:40,824][src.modRNN.training.training_loop][INFO] - 	 Starting Epoch: 672
[2026-05-04 16:55:40,940][src.modRNN.training.training_loop][INFO] - train epoch 672 MSE 0.0009 nMSE 0.0069
[2026-05-04 16:55:40,941][src.modRNN.training.training_loop][INFO] - 	 Starting Epoch: 673
[2026-05-04 16:55:41,056][src.modRNN.training.training_loop][INFO] - train epoch 673 MSE 0.0007 nMSE 0.0056
[2026-05-04 16:55:41,057][src.modRNN.training.training_loop][INFO] - 	 Starting Epoch: 674
[2026-05-04 16:55:41,171][src.modRNN.training.training_loop][INFO] - train epoch 674 MSE 0.0006 nMSE 0.0047
[2026-05-04 16:55:41,172][src.modRNN.training.training_loop][INFO] - 	 Starting Epoch: 675
[2026-05-04 16:55:41,286][src.modRNN.training.training_loop][INFO] - train epoch 675 MSE 0.0009 nMSE 0.0067
[2026-05-04 16:55:41,287][src.modRNN.training.training_loop][INFO] - 	 Starting Epoch: 676
[2026-05-04 16:55:41,401][src.modRNN.training.training_loop][INFO] - train epoch 676 MSE 0.0007 nMSE 0.0055
[2026-05-04 16:55:41,447][src.modRNN.training.training_loop][INFO] - eval  epoch 676 MSE 0.0007 nMSE 0.0050
[2026-05-04 16:55:41,447][src.modRNN.training.training_loop][INFO] - 	 Starting Epoch: 677
[2026-05-04 16:55:41,562][src.modRNN.training.training_loop][INFO] - train epoch 677 MSE 0.0007 nMSE 0.0050
[2026-05-04 16:55:41,563][src.modRNN.training.training_loop][INFO] - 	 Starting Epoch: 678
[2026-05-04 16:55:41,678][src.modRNN.training.training_loop][INFO] - train epoch 678 MSE 0.0008 nMSE 0.0059
[2026-05-04 16:55:41,679][src.modRNN.training.training_loop][INFO] - 	 Starting Epoch: 679
[2026-05-04 16:55:41,799][src.modRNN.training.training_loop][INFO] - train epoch 679 MSE 0.0007 nMSE 0.0052
[2026-05-04 16:55:41,800][src.modRNN.training.training_loop][INFO] - 	 Starting Epoch: 680
[2026-05-04 16:55:41,917][src.modRNN.training.training_loop][INFO] - train epoch 680 MSE 0.0009 nMSE 0.0069
[2026-05-04 16:55:41,918][src.modRNN.training.training_loop][INFO] - 	 Starting Epoch: 681
[2026-05-04 16:55:42,032][src.modRNN.training.training_loop][INFO] - train epoch 681 MSE 0.0007 nMSE 0.0055
[2026-05-04 16:55:42,033][src.modRNN.training.training_loop][INFO] - 	 Starting Epoch: 682
[2026-05-04 16:55:42,147][src.modRNN.training.training_loop][INFO] - train epoch 682 MSE 0.0007 nMSE 0.0049
[2026-05-04 16:55:42,148][src.modRNN.training.training_loop][INFO] - 	 Starting Epoch: 683
[2026-05-04 16:55:42,262][src.modRNN.training.training_loop][INFO] - train epoch 683 MSE 0.0008 nMSE 0.0058
[2026-05-04 16:55:42,263][src.modRNN.training.training_loop][INFO] - 	 Starting Epoch: 684
[2026-05-04 16:55:42,376][src.modRNN.training.training_loop][INFO] - train epoch 684 MSE 0.0009 nMSE 0.0066
[2026-05-04 16:55:42,377][src.modRNN.training.training_loop][INFO] - 	 Starting Epoch: 685
[2026-05-04 16:55:42,491][src.modRNN.training.training_loop][INFO] - train epoch 685 MSE 0.0007 nMSE 0.0055
[2026-05-04 16:55:42,492][src.modRNN.training.training_loop][INFO] - 	 Starting Epoch: 686
[2026-05-04 16:55:42,605][src.modRNN.training.training_loop][INFO] - train epoch 686 MSE 0.0009 nMSE 0.0065
[2026-05-04 16:55:42,606][src.modRNN.training.training_loop][INFO] - 	 Starting Epoch: 687
[2026-05-04 16:55:42,720][src.modRNN.training.training_loop][INFO] - train epoch 687 MSE 0.0007 nMSE 0.0051
[2026-05-04 16:55:42,721][src.modRNN.training.training_loop][INFO] - 	 Starting Epoch: 688
[2026-05-04 16:55:42,835][src.modRNN.training.training_loop][INFO] - train epoch 688 MSE 0.0007 nMSE 0.0052
[2026-05-04 16:55:42,836][src.modRNN.training.training_loop][INFO] - 	 Starting Epoch: 689
[2026-05-04 16:55:42,951][src.modRNN.training.training_loop][INFO] - train epoch 689 MSE 0.0007 nMSE 0.0056
[2026-05-04 16:55:42,952][src.modRNN.training.training_loop][INFO] - 	 Starting Epoch: 690
[2026-05-04 16:55:43,069][src.modRNN.training.training_loop][INFO] - train epoch 690 MSE 0.0008 nMSE 0.0063
[2026-05-04 16:55:43,070][src.modRNN.training.training_loop][INFO] - 	 Starting Epoch: 691
[2026-05-04 16:55:43,186][src.modRNN.training.training_loop][INFO] - train epoch 691 MSE 0.0007 nMSE 0.0053
[2026-05-04 16:55:43,187][src.modRNN.training.training_loop][INFO] - 	 Starting Epoch: 692
[2026-05-04 16:55:43,302][src.modRNN.training.training_loop][INFO] - train epoch 692 MSE 0.0007 nMSE 0.0054
[2026-05-04 16:55:43,302][src.modRNN.training.training_loop][INFO] - 	 Starting Epoch: 693
[2026-05-04 16:55:43,417][src.modRNN.training.training_loop][INFO] - train epoch 693 MSE 0.0007 nMSE 0.0052
[2026-05-04 16:55:43,418][src.modRNN.training.training_loop][INFO] - 	 Starting Epoch: 694
[2026-05-04 16:55:43,531][src.modRNN.training.training_loop][INFO] - train epoch 694 MSE 0.0007 nMSE 0.0054
[2026-05-04 16:55:43,532][src.modRNN.training.training_loop][INFO] - 	 Starting Epoch: 695
[2026-05-04 16:55:43,646][src.modRNN.training.training_loop][INFO] - train epoch 695 MSE 0.0008 nMSE 0.0057
[2026-05-04 16:55:43,647][src.modRNN.training.training_loop][INFO] - 	 Starting Epoch: 696
[2026-05-04 16:55:43,761][src.modRNN.training.training_loop][INFO] - train epoch 696 MSE 0.0008 nMSE 0.0063
[2026-05-04 16:55:43,761][src.modRNN.training.training_loop][INFO] - 	 Starting Epoch: 697
[2026-05-04 16:55:43,876][src.modRNN.training.training_loop][INFO] - train epoch 697 MSE 0.0008 nMSE 0.0060
[2026-05-04 16:55:43,877][src.modRNN.training.training_loop][INFO] - 	 Starting Epoch: 698
[2026-05-04 16:55:43,996][src.modRNN.training.training_loop][INFO] - train epoch 698 MSE 0.0008 nMSE 0.0059
[2026-05-04 16:55:43,996][src.modRNN.training.training_loop][INFO] - 	 Starting Epoch: 699
[2026-05-04 16:55:44,117][src.modRNN.training.training_loop][INFO] - train epoch 699 MSE 0.0008 nMSE 0.0061
[2026-05-04 16:55:44,118][src.modRNN.training.training_loop][INFO] - 	 Starting Epoch: 700
[2026-05-04 16:55:44,234][src.modRNN.training.training_loop][INFO] - train epoch 700 MSE 0.0008 nMSE 0.0061
[2026-05-04 16:55:44,235][src.modRNN.training.training_loop][INFO] - 	 Starting Epoch: 701
[2026-05-04 16:55:44,349][src.modRNN.training.training_loop][INFO] - train epoch 701 MSE 0.0007 nMSE 0.0056
[2026-05-04 16:55:44,394][src.modRNN.training.training_loop][INFO] - eval  epoch 701 MSE 0.0007 nMSE 0.0053
[2026-05-04 16:55:44,395][src.modRNN.training.training_loop][INFO] - 	 Starting Epoch: 702
[2026-05-04 16:55:44,510][src.modRNN.training.training_loop][INFO] - train epoch 702 MSE 0.0007 nMSE 0.0053
[2026-05-04 16:55:44,511][src.modRNN.training.training_loop][INFO] - 	 Starting Epoch: 703
[2026-05-04 16:55:44,625][src.modRNN.training.training_loop][INFO] - train epoch 703 MSE 0.0007 nMSE 0.0052
[2026-05-04 16:55:44,626][src.modRNN.training.training_loop][INFO] - 	 Starting Epoch: 704
[2026-05-04 16:55:44,740][src.modRNN.training.training_loop][INFO] - train epoch 704 MSE 0.0007 nMSE 0.0053
[2026-05-04 16:55:44,741][src.modRNN.training.training_loop][INFO] - 	 Starting Epoch: 705
[2026-05-04 16:55:44,856][src.modRNN.training.training_loop][INFO] - train epoch 705 MSE 0.0008 nMSE 0.0059
[2026-05-04 16:55:44,857][src.modRNN.training.training_loop][INFO] - 	 Starting Epoch: 706
[2026-05-04 16:55:44,972][src.modRNN.training.training_loop][INFO] - train epoch 706 MSE 0.0008 nMSE 0.0061
[2026-05-04 16:55:44,973][src.modRNN.training.training_loop][INFO] - 	 Starting Epoch: 707
[2026-05-04 16:55:45,087][src.modRNN.training.training_loop][INFO] - train epoch 707 MSE 0.0009 nMSE 0.0069
[2026-05-04 16:55:45,088][src.modRNN.training.training_loop][INFO] - 	 Starting Epoch: 708
[2026-05-04 16:55:45,202][src.modRNN.training.training_loop][INFO] - train epoch 708 MSE 0.0007 nMSE 0.0056
[2026-05-04 16:55:45,203][src.modRNN.training.training_loop][INFO] - 	 Starting Epoch: 709
[2026-05-04 16:55:45,317][src.modRNN.training.training_loop][INFO] - train epoch 709 MSE 0.0008 nMSE 0.0060
[2026-05-04 16:55:45,318][src.modRNN.training.training_loop][INFO] - 	 Starting Epoch: 710
[2026-05-04 16:55:45,432][src.modRNN.training.training_loop][INFO] - train epoch 710 MSE 0.0008 nMSE 0.0062
[2026-05-04 16:55:45,433][src.modRNN.training.training_loop][INFO] - 	 Starting Epoch: 711
[2026-05-04 16:55:45,547][src.modRNN.training.training_loop][INFO] - train epoch 711 MSE 0.0007 nMSE 0.0050
[2026-05-04 16:55:45,548][src.modRNN.training.training_loop][INFO] - 	 Starting Epoch: 712
[2026-05-04 16:55:45,661][src.modRNN.training.training_loop][INFO] - train epoch 712 MSE 0.0008 nMSE 0.0059
[2026-05-04 16:55:45,662][src.modRNN.training.training_loop][INFO] - 	 Starting Epoch: 713
[2026-05-04 16:55:45,777][src.modRNN.training.training_loop][INFO] - train epoch 713 MSE 0.0008 nMSE 0.0063
[2026-05-04 16:55:45,778][src.modRNN.training.training_loop][INFO] - 	 Starting Epoch: 714
[2026-05-04 16:55:45,892][src.modRNN.training.training_loop][INFO] - train epoch 714 MSE 0.0008 nMSE 0.0057
[2026-05-04 16:55:45,893][src.modRNN.training.training_loop][INFO] - 	 Starting Epoch: 715
[2026-05-04 16:55:46,008][src.modRNN.training.training_loop][INFO] - train epoch 715 MSE 0.0007 nMSE 0.0052
[2026-05-04 16:55:46,009][src.modRNN.training.training_loop][INFO] - 	 Starting Epoch: 716
[2026-05-04 16:55:46,126][src.modRNN.training.training_loop][INFO] - train epoch 716 MSE 0.0007 nMSE 0.0055
[2026-05-04 16:55:46,127][src.modRNN.training.training_loop][INFO] - 	 Starting Epoch: 717
[2026-05-04 16:55:46,243][src.modRNN.training.training_loop][INFO] - train epoch 717 MSE 0.0011 nMSE 0.0086
[2026-05-04 16:55:46,243][src.modRNN.training.training_loop][INFO] - 	 Starting Epoch: 718
[2026-05-04 16:55:46,357][src.modRNN.training.training_loop][INFO] - train epoch 718 MSE 0.0006 nMSE 0.0048
[2026-05-04 16:55:46,358][src.modRNN.training.training_loop][INFO] - 	 Starting Epoch: 719
[2026-05-04 16:55:46,472][src.modRNN.training.training_loop][INFO] - train epoch 719 MSE 0.0006 nMSE 0.0048
[2026-05-04 16:55:46,473][src.modRNN.training.training_loop][INFO] - 	 Starting Epoch: 720
[2026-05-04 16:55:46,587][src.modRNN.training.training_loop][INFO] - train epoch 720 MSE 0.0006 nMSE 0.0046
[2026-05-04 16:55:46,587][src.modRNN.training.training_loop][INFO] - 	 Starting Epoch: 721
[2026-05-04 16:55:46,703][src.modRNN.training.training_loop][INFO] - train epoch 721 MSE 0.0007 nMSE 0.0050
[2026-05-04 16:55:46,704][src.modRNN.training.training_loop][INFO] - 	 Starting Epoch: 722
[2026-05-04 16:55:46,819][src.modRNN.training.training_loop][INFO] - train epoch 722 MSE 0.0007 nMSE 0.0054
[2026-05-04 16:55:46,819][src.modRNN.training.training_loop][INFO] - 	 Starting Epoch: 723
[2026-05-04 16:55:46,934][src.modRNN.training.training_loop][INFO] - train epoch 723 MSE 0.0007 nMSE 0.0055
[2026-05-04 16:55:46,934][src.modRNN.training.training_loop][INFO] - 	 Starting Epoch: 724
[2026-05-04 16:55:47,049][src.modRNN.training.training_loop][INFO] - train epoch 724 MSE 0.0008 nMSE 0.0063
[2026-05-04 16:55:47,050][src.modRNN.training.training_loop][INFO] - 	 Starting Epoch: 725
[2026-05-04 16:55:47,164][src.modRNN.training.training_loop][INFO] - train epoch 725 MSE 0.0006 nMSE 0.0045
[2026-05-04 16:55:47,165][src.modRNN.training.training_loop][INFO] - 	 Starting Epoch: 726
[2026-05-04 16:55:47,280][src.modRNN.training.training_loop][INFO] - train epoch 726 MSE 0.0008 nMSE 0.0063
[2026-05-04 16:55:47,326][src.modRNN.training.training_loop][INFO] - eval  epoch 726 MSE 0.0007 nMSE 0.0053
[2026-05-04 16:55:47,327][src.modRNN.training.training_loop][INFO] - 	 Starting Epoch: 727
[2026-05-04 16:55:47,442][src.modRNN.training.training_loop][INFO] - train epoch 727 MSE 0.0007 nMSE 0.0053
[2026-05-04 16:55:47,443][src.modRNN.training.training_loop][INFO] - 	 Starting Epoch: 728
[2026-05-04 16:55:47,557][src.modRNN.training.training_loop][INFO] - train epoch 728 MSE 0.0007 nMSE 0.0053
[2026-05-04 16:55:47,558][src.modRNN.training.training_loop][INFO] - 	 Starting Epoch: 729
[2026-05-04 16:55:47,673][src.modRNN.training.training_loop][INFO] - train epoch 729 MSE 0.0008 nMSE 0.0058
[2026-05-04 16:55:47,673][src.modRNN.training.training_loop][INFO] - 	 Starting Epoch: 730
[2026-05-04 16:55:47,790][src.modRNN.training.training_loop][INFO] - train epoch 730 MSE 0.0006 nMSE 0.0043
[2026-05-04 16:55:47,791][src.modRNN.training.training_loop][INFO] - 	 Starting Epoch: 731
[2026-05-04 16:55:47,906][src.modRNN.training.training_loop][INFO] - train epoch 731 MSE 0.0009 nMSE 0.0070
[2026-05-04 16:55:47,906][src.modRNN.training.training_loop][INFO] - 	 Starting Epoch: 732
[2026-05-04 16:55:48,021][src.modRNN.training.training_loop][INFO] - train epoch 732 MSE 0.0006 nMSE 0.0048
[2026-05-04 16:55:48,021][src.modRNN.training.training_loop][INFO] - 	 Starting Epoch: 733
[2026-05-04 16:55:48,138][src.modRNN.training.training_loop][INFO] - train epoch 733 MSE 0.0008 nMSE 0.0058
[2026-05-04 16:55:48,138][src.modRNN.training.training_loop][INFO] - 	 Starting Epoch: 734
[2026-05-04 16:55:48,254][src.modRNN.training.training_loop][INFO] - train epoch 734 MSE 0.0007 nMSE 0.0054
[2026-05-04 16:55:48,254][src.modRNN.training.training_loop][INFO] - 	 Starting Epoch: 735
[2026-05-04 16:55:48,368][src.modRNN.training.training_loop][INFO] - train epoch 735 MSE 0.0006 nMSE 0.0048
[2026-05-04 16:55:48,369][src.modRNN.training.training_loop][INFO] - 	 Starting Epoch: 736
[2026-05-04 16:55:48,483][src.modRNN.training.training_loop][INFO] - train epoch 736 MSE 0.0007 nMSE 0.0054
[2026-05-04 16:55:48,484][src.modRNN.training.training_loop][INFO] - 	 Starting Epoch: 737
[2026-05-04 16:55:48,598][src.modRNN.training.training_loop][INFO] - train epoch 737 MSE 0.0007 nMSE 0.0053
[2026-05-04 16:55:48,599][src.modRNN.training.training_loop][INFO] - 	 Starting Epoch: 738
[2026-05-04 16:55:48,712][src.modRNN.training.training_loop][INFO] - train epoch 738 MSE 0.0007 nMSE 0.0053
[2026-05-04 16:55:48,713][src.modRNN.training.training_loop][INFO] - 	 Starting Epoch: 739
[2026-05-04 16:55:48,828][src.modRNN.training.training_loop][INFO] - train epoch 739 MSE 0.0007 nMSE 0.0052
[2026-05-04 16:55:48,829][src.modRNN.training.training_loop][INFO] - 	 Starting Epoch: 740
[2026-05-04 16:55:48,944][src.modRNN.training.training_loop][INFO] - train epoch 740 MSE 0.0008 nMSE 0.0057
[2026-05-04 16:55:48,945][src.modRNN.training.training_loop][INFO] - 	 Starting Epoch: 741
[2026-05-04 16:55:49,060][src.modRNN.training.training_loop][INFO] - train epoch 741 MSE 0.0007 nMSE 0.0056
[2026-05-04 16:55:49,061][src.modRNN.training.training_loop][INFO] - 	 Starting Epoch: 742
[2026-05-04 16:55:49,175][src.modRNN.training.training_loop][INFO] - train epoch 742 MSE 0.0007 nMSE 0.0054
[2026-05-04 16:55:49,175][src.modRNN.training.training_loop][INFO] - 	 Starting Epoch: 743
[2026-05-04 16:55:49,290][src.modRNN.training.training_loop][INFO] - train epoch 743 MSE 0.0008 nMSE 0.0058
[2026-05-04 16:55:49,291][src.modRNN.training.training_loop][INFO] - 	 Starting Epoch: 744
[2026-05-04 16:55:49,407][src.modRNN.training.training_loop][INFO] - train epoch 744 MSE 0.0007 nMSE 0.0051
[2026-05-04 16:55:49,408][src.modRNN.training.training_loop][INFO] - 	 Starting Epoch: 745
[2026-05-04 16:55:49,524][src.modRNN.training.training_loop][INFO] - train epoch 745 MSE 0.0008 nMSE 0.0058
[2026-05-04 16:55:49,525][src.modRNN.training.training_loop][INFO] - 	 Starting Epoch: 746
[2026-05-04 16:55:49,639][src.modRNN.training.training_loop][INFO] - train epoch 746 MSE 0.0007 nMSE 0.0054
[2026-05-04 16:55:49,640][src.modRNN.training.training_loop][INFO] - 	 Starting Epoch: 747
[2026-05-04 16:55:49,755][src.modRNN.training.training_loop][INFO] - train epoch 747 MSE 0.0009 nMSE 0.0065
[2026-05-04 16:55:49,756][src.modRNN.training.training_loop][INFO] - 	 Starting Epoch: 748
[2026-05-04 16:55:49,871][src.modRNN.training.training_loop][INFO] - train epoch 748 MSE 0.0007 nMSE 0.0050
[2026-05-04 16:55:49,872][src.modRNN.training.training_loop][INFO] - 	 Starting Epoch: 749
[2026-05-04 16:55:49,992][src.modRNN.training.training_loop][INFO] - train epoch 749 MSE 0.0009 nMSE 0.0066
[2026-05-04 16:55:49,993][src.modRNN.training.training_loop][INFO] - 	 Starting Epoch: 750
[2026-05-04 16:55:50,110][src.modRNN.training.training_loop][INFO] - train epoch 750 MSE 0.0007 nMSE 0.0053
[2026-05-04 16:55:50,111][src.modRNN.training.training_loop][INFO] - 	 Starting Epoch: 751
[2026-05-04 16:55:50,225][src.modRNN.training.training_loop][INFO] - train epoch 751 MSE 0.0006 nMSE 0.0048
[2026-05-04 16:55:50,271][src.modRNN.training.training_loop][INFO] - eval  epoch 751 MSE 0.0009 nMSE 0.0065
[2026-05-04 16:55:50,271][src.modRNN.training.training_loop][INFO] - 	 Starting Epoch: 752
[2026-05-04 16:55:50,386][src.modRNN.training.training_loop][INFO] - train epoch 752 MSE 0.0009 nMSE 0.0065
[2026-05-04 16:55:50,387][src.modRNN.training.training_loop][INFO] - 	 Starting Epoch: 753
[2026-05-04 16:55:50,501][src.modRNN.training.training_loop][INFO] - train epoch 753 MSE 0.0007 nMSE 0.0054
[2026-05-04 16:55:50,502][src.modRNN.training.training_loop][INFO] - 	 Starting Epoch: 754
[2026-05-04 16:55:50,616][src.modRNN.training.training_loop][INFO] - train epoch 754 MSE 0.0009 nMSE 0.0069
[2026-05-04 16:55:50,617][src.modRNN.training.training_loop][INFO] - 	 Starting Epoch: 755
[2026-05-04 16:55:50,732][src.modRNN.training.training_loop][INFO] - train epoch 755 MSE 0.0007 nMSE 0.0052
[2026-05-04 16:55:50,733][src.modRNN.training.training_loop][INFO] - 	 Starting Epoch: 756
[2026-05-04 16:55:50,847][src.modRNN.training.training_loop][INFO] - train epoch 756 MSE 0.0007 nMSE 0.0051
[2026-05-04 16:55:50,848][src.modRNN.training.training_loop][INFO] - 	 Starting Epoch: 757
[2026-05-04 16:55:50,963][src.modRNN.training.training_loop][INFO] - train epoch 757 MSE 0.0007 nMSE 0.0055
[2026-05-04 16:55:50,964][src.modRNN.training.training_loop][INFO] - 	 Starting Epoch: 758
[2026-05-04 16:55:51,080][src.modRNN.training.training_loop][INFO] - train epoch 758 MSE 0.0006 nMSE 0.0044
[2026-05-04 16:55:51,081][src.modRNN.training.training_loop][INFO] - 	 Starting Epoch: 759
[2026-05-04 16:55:51,195][src.modRNN.training.training_loop][INFO] - train epoch 759 MSE 0.0007 nMSE 0.0054
[2026-05-04 16:55:51,196][src.modRNN.training.training_loop][INFO] - 	 Starting Epoch: 760
[2026-05-04 16:55:51,310][src.modRNN.training.training_loop][INFO] - train epoch 760 MSE 0.0007 nMSE 0.0054
[2026-05-04 16:55:51,311][src.modRNN.training.training_loop][INFO] - 	 Starting Epoch: 761
[2026-05-04 16:55:51,425][src.modRNN.training.training_loop][INFO] - train epoch 761 MSE 0.0008 nMSE 0.0059
[2026-05-04 16:55:51,426][src.modRNN.training.training_loop][INFO] - 	 Starting Epoch: 762
[2026-05-04 16:55:51,541][src.modRNN.training.training_loop][INFO] - train epoch 762 MSE 0.0007 nMSE 0.0054
[2026-05-04 16:55:51,542][src.modRNN.training.training_loop][INFO] - 	 Starting Epoch: 763
[2026-05-04 16:55:51,660][src.modRNN.training.training_loop][INFO] - train epoch 763 MSE 0.0006 nMSE 0.0047
[2026-05-04 16:55:51,661][src.modRNN.training.training_loop][INFO] - 	 Starting Epoch: 764
[2026-05-04 16:55:51,778][src.modRNN.training.training_loop][INFO] - train epoch 764 MSE 0.0007 nMSE 0.0050
[2026-05-04 16:55:51,779][src.modRNN.training.training_loop][INFO] - 	 Starting Epoch: 765
[2026-05-04 16:55:51,893][src.modRNN.training.training_loop][INFO] - train epoch 765 MSE 0.0006 nMSE 0.0046
[2026-05-04 16:55:51,894][src.modRNN.training.training_loop][INFO] - 	 Starting Epoch: 766
[2026-05-04 16:55:52,008][src.modRNN.training.training_loop][INFO] - train epoch 766 MSE 0.0006 nMSE 0.0047
[2026-05-04 16:55:52,009][src.modRNN.training.training_loop][INFO] - 	 Starting Epoch: 767
[2026-05-04 16:55:52,125][src.modRNN.training.training_loop][INFO] - train epoch 767 MSE 0.0006 nMSE 0.0048
[2026-05-04 16:55:52,125][src.modRNN.training.training_loop][INFO] - 	 Starting Epoch: 768
[2026-05-04 16:55:52,245][src.modRNN.training.training_loop][INFO] - train epoch 768 MSE 0.0007 nMSE 0.0053
[2026-05-04 16:55:52,246][src.modRNN.training.training_loop][INFO] - 	 Starting Epoch: 769
[2026-05-04 16:55:52,364][src.modRNN.training.training_loop][INFO] - train epoch 769 MSE 0.0008 nMSE 0.0060
[2026-05-04 16:55:52,365][src.modRNN.training.training_loop][INFO] - 	 Starting Epoch: 770
[2026-05-04 16:55:52,479][src.modRNN.training.training_loop][INFO] - train epoch 770 MSE 0.0006 nMSE 0.0048
[2026-05-04 16:55:52,480][src.modRNN.training.training_loop][INFO] - 	 Starting Epoch: 771
[2026-05-04 16:55:52,594][src.modRNN.training.training_loop][INFO] - train epoch 771 MSE 0.0007 nMSE 0.0049
[2026-05-04 16:55:52,595][src.modRNN.training.training_loop][INFO] - 	 Starting Epoch: 772
[2026-05-04 16:55:52,709][src.modRNN.training.training_loop][INFO] - train epoch 772 MSE 0.0009 nMSE 0.0064
[2026-05-04 16:55:52,710][src.modRNN.training.training_loop][INFO] - 	 Starting Epoch: 773
[2026-05-04 16:55:52,824][src.modRNN.training.training_loop][INFO] - train epoch 773 MSE 0.0007 nMSE 0.0049
[2026-05-04 16:55:52,825][src.modRNN.training.training_loop][INFO] - 	 Starting Epoch: 774
[2026-05-04 16:55:52,939][src.modRNN.training.training_loop][INFO] - train epoch 774 MSE 0.0007 nMSE 0.0051
[2026-05-04 16:55:52,940][src.modRNN.training.training_loop][INFO] - 	 Starting Epoch: 775
[2026-05-04 16:55:53,057][src.modRNN.training.training_loop][INFO] - train epoch 775 MSE 0.0008 nMSE 0.0059
[2026-05-04 16:55:53,058][src.modRNN.training.training_loop][INFO] - 	 Starting Epoch: 776
[2026-05-04 16:55:53,173][src.modRNN.training.training_loop][INFO] - train epoch 776 MSE 0.0009 nMSE 0.0064
[2026-05-04 16:55:53,219][src.modRNN.training.training_loop][INFO] - eval  epoch 776 MSE 0.0008 nMSE 0.0057
[2026-05-04 16:55:53,219][src.modRNN.training.training_loop][INFO] - 	 Starting Epoch: 777
[2026-05-04 16:55:53,334][src.modRNN.training.training_loop][INFO] - train epoch 777 MSE 0.0008 nMSE 0.0057
[2026-05-04 16:55:53,335][src.modRNN.training.training_loop][INFO] - 	 Starting Epoch: 778
[2026-05-04 16:55:53,451][src.modRNN.training.training_loop][INFO] - train epoch 778 MSE 0.0007 nMSE 0.0052
[2026-05-04 16:55:53,452][src.modRNN.training.training_loop][INFO] - 	 Starting Epoch: 779
[2026-05-04 16:55:53,568][src.modRNN.training.training_loop][INFO] - train epoch 779 MSE 0.0006 nMSE 0.0048
[2026-05-04 16:55:53,569][src.modRNN.training.training_loop][INFO] - 	 Starting Epoch: 780
[2026-05-04 16:55:53,683][src.modRNN.training.training_loop][INFO] - train epoch 780 MSE 0.0007 nMSE 0.0054
[2026-05-04 16:55:53,684][src.modRNN.training.training_loop][INFO] - 	 Starting Epoch: 781
[2026-05-04 16:55:53,798][src.modRNN.training.training_loop][INFO] - train epoch 781 MSE 0.0006 nMSE 0.0048
[2026-05-04 16:55:53,798][src.modRNN.training.training_loop][INFO] - 	 Starting Epoch: 782
[2026-05-04 16:55:53,912][src.modRNN.training.training_loop][INFO] - train epoch 782 MSE 0.0006 nMSE 0.0048
[2026-05-04 16:55:53,913][src.modRNN.training.training_loop][INFO] - 	 Starting Epoch: 783
[2026-05-04 16:55:54,028][src.modRNN.training.training_loop][INFO] - train epoch 783 MSE 0.0008 nMSE 0.0063
[2026-05-04 16:55:54,029][src.modRNN.training.training_loop][INFO] - 	 Starting Epoch: 784
[2026-05-04 16:55:54,144][src.modRNN.training.training_loop][INFO] - train epoch 784 MSE 0.0008 nMSE 0.0058
[2026-05-04 16:55:54,145][src.modRNN.training.training_loop][INFO] - 	 Starting Epoch: 785
[2026-05-04 16:55:54,260][src.modRNN.training.training_loop][INFO] - train epoch 785 MSE 0.0006 nMSE 0.0048
[2026-05-04 16:55:54,261][src.modRNN.training.training_loop][INFO] - 	 Starting Epoch: 786
[2026-05-04 16:55:54,375][src.modRNN.training.training_loop][INFO] - train epoch 786 MSE 0.0006 nMSE 0.0046
[2026-05-04 16:55:54,376][src.modRNN.training.training_loop][INFO] - 	 Starting Epoch: 787
[2026-05-04 16:55:54,490][src.modRNN.training.training_loop][INFO] - train epoch 787 MSE 0.0008 nMSE 0.0059
[2026-05-04 16:55:54,491][src.modRNN.training.training_loop][INFO] - 	 Starting Epoch: 788
[2026-05-04 16:55:54,606][src.modRNN.training.training_loop][INFO] - train epoch 788 MSE 0.0006 nMSE 0.0045
[2026-05-04 16:55:54,606][src.modRNN.training.training_loop][INFO] - 	 Starting Epoch: 789
[2026-05-04 16:55:54,724][src.modRNN.training.training_loop][INFO] - train epoch 789 MSE 0.0006 nMSE 0.0049
[2026-05-04 16:55:54,725][src.modRNN.training.training_loop][INFO] - 	 Starting Epoch: 790
[2026-05-04 16:55:54,840][src.modRNN.training.training_loop][INFO] - train epoch 790 MSE 0.0006 nMSE 0.0048
[2026-05-04 16:55:54,841][src.modRNN.training.training_loop][INFO] - 	 Starting Epoch: 791
[2026-05-04 16:55:54,955][src.modRNN.training.training_loop][INFO] - train epoch 791 MSE 0.0006 nMSE 0.0043
[2026-05-04 16:55:54,955][src.modRNN.training.training_loop][INFO] - 	 Starting Epoch: 792
[2026-05-04 16:55:55,069][src.modRNN.training.training_loop][INFO] - train epoch 792 MSE 0.0007 nMSE 0.0050
[2026-05-04 16:55:55,070][src.modRNN.training.training_loop][INFO] - 	 Starting Epoch: 793
[2026-05-04 16:55:55,184][src.modRNN.training.training_loop][INFO] - train epoch 793 MSE 0.0006 nMSE 0.0046
[2026-05-04 16:55:55,185][src.modRNN.training.training_loop][INFO] - 	 Starting Epoch: 794
[2026-05-04 16:55:55,299][src.modRNN.training.training_loop][INFO] - train epoch 794 MSE 0.0007 nMSE 0.0052
[2026-05-04 16:55:55,300][src.modRNN.training.training_loop][INFO] - 	 Starting Epoch: 795
[2026-05-04 16:55:55,414][src.modRNN.training.training_loop][INFO] - train epoch 795 MSE 0.0008 nMSE 0.0057
[2026-05-04 16:55:55,415][src.modRNN.training.training_loop][INFO] - 	 Starting Epoch: 796
[2026-05-04 16:55:55,529][src.modRNN.training.training_loop][INFO] - train epoch 796 MSE 0.0007 nMSE 0.0051
[2026-05-04 16:55:55,530][src.modRNN.training.training_loop][INFO] - 	 Starting Epoch: 797
[2026-05-04 16:55:55,645][src.modRNN.training.training_loop][INFO] - train epoch 797 MSE 0.0007 nMSE 0.0055
[2026-05-04 16:55:55,645][src.modRNN.training.training_loop][INFO] - 	 Starting Epoch: 798
[2026-05-04 16:55:55,761][src.modRNN.training.training_loop][INFO] - train epoch 798 MSE 0.0010 nMSE 0.0077
[2026-05-04 16:55:55,762][src.modRNN.training.training_loop][INFO] - 	 Starting Epoch: 799
[2026-05-04 16:55:55,878][src.modRNN.training.training_loop][INFO] - train epoch 799 MSE 0.0007 nMSE 0.0056
[2026-05-04 16:55:55,878][src.modRNN.training.training_loop][INFO] - 	 Starting Epoch: 800
[2026-05-04 16:55:55,992][src.modRNN.training.training_loop][INFO] - train epoch 800 MSE 0.0008 nMSE 0.0058
[2026-05-04 16:55:55,993][src.modRNN.training.training_loop][INFO] - 	 Starting Epoch: 801
[2026-05-04 16:55:56,108][src.modRNN.training.training_loop][INFO] - train epoch 801 MSE 0.0008 nMSE 0.0057
[2026-05-04 16:55:56,154][src.modRNN.training.training_loop][INFO] - eval  epoch 801 MSE 0.0007 nMSE 0.0050
[2026-05-04 16:55:56,155][src.modRNN.training.training_loop][INFO] - 	 Starting Epoch: 802
[2026-05-04 16:55:56,271][src.modRNN.training.training_loop][INFO] - train epoch 802 MSE 0.0007 nMSE 0.0050
[2026-05-04 16:55:56,271][src.modRNN.training.training_loop][INFO] - 	 Starting Epoch: 803
[2026-05-04 16:55:56,386][src.modRNN.training.training_loop][INFO] - train epoch 803 MSE 0.0008 nMSE 0.0061
[2026-05-04 16:55:56,386][src.modRNN.training.training_loop][INFO] - 	 Starting Epoch: 804
[2026-05-04 16:55:56,502][src.modRNN.training.training_loop][INFO] - train epoch 804 MSE 0.0007 nMSE 0.0056
[2026-05-04 16:55:56,503][src.modRNN.training.training_loop][INFO] - 	 Starting Epoch: 805
[2026-05-04 16:55:56,621][src.modRNN.training.training_loop][INFO] - train epoch 805 MSE 0.0007 nMSE 0.0057
[2026-05-04 16:55:56,622][src.modRNN.training.training_loop][INFO] - 	 Starting Epoch: 806
[2026-05-04 16:55:56,736][src.modRNN.training.training_loop][INFO] - train epoch 806 MSE 0.0009 nMSE 0.0064
[2026-05-04 16:55:56,737][src.modRNN.training.training_loop][INFO] - 	 Starting Epoch: 807
[2026-05-04 16:55:56,851][src.modRNN.training.training_loop][INFO] - train epoch 807 MSE 0.0007 nMSE 0.0050
[2026-05-04 16:55:56,852][src.modRNN.training.training_loop][INFO] - 	 Starting Epoch: 808
[2026-05-04 16:55:56,965][src.modRNN.training.training_loop][INFO] - train epoch 808 MSE 0.0007 nMSE 0.0050
[2026-05-04 16:55:56,966][src.modRNN.training.training_loop][INFO] - 	 Starting Epoch: 809
[2026-05-04 16:55:57,081][src.modRNN.training.training_loop][INFO] - train epoch 809 MSE 0.0008 nMSE 0.0060
[2026-05-04 16:55:57,082][src.modRNN.training.training_loop][INFO] - 	 Starting Epoch: 810
[2026-05-04 16:55:57,199][src.modRNN.training.training_loop][INFO] - train epoch 810 MSE 0.0008 nMSE 0.0057
[2026-05-04 16:55:57,199][src.modRNN.training.training_loop][INFO] - 	 Starting Epoch: 811
[2026-05-04 16:55:57,314][src.modRNN.training.training_loop][INFO] - train epoch 811 MSE 0.0006 nMSE 0.0049
[2026-05-04 16:55:57,315][src.modRNN.training.training_loop][INFO] - 	 Starting Epoch: 812
[2026-05-04 16:55:57,429][src.modRNN.training.training_loop][INFO] - train epoch 812 MSE 0.0007 nMSE 0.0053
[2026-05-04 16:55:57,430][src.modRNN.training.training_loop][INFO] - 	 Starting Epoch: 813
[2026-05-04 16:55:57,544][src.modRNN.training.training_loop][INFO] - train epoch 813 MSE 0.0009 nMSE 0.0070
[2026-05-04 16:55:57,545][src.modRNN.training.training_loop][INFO] - 	 Starting Epoch: 814
[2026-05-04 16:55:57,661][src.modRNN.training.training_loop][INFO] - train epoch 814 MSE 0.0009 nMSE 0.0068
[2026-05-04 16:55:57,662][src.modRNN.training.training_loop][INFO] - 	 Starting Epoch: 815
[2026-05-04 16:55:57,781][src.modRNN.training.training_loop][INFO] - train epoch 815 MSE 0.0007 nMSE 0.0054
[2026-05-04 16:55:57,782][src.modRNN.training.training_loop][INFO] - 	 Starting Epoch: 816
[2026-05-04 16:55:57,899][src.modRNN.training.training_loop][INFO] - train epoch 816 MSE 0.0009 nMSE 0.0071
[2026-05-04 16:55:57,900][src.modRNN.training.training_loop][INFO] - 	 Starting Epoch: 817
[2026-05-04 16:55:58,015][src.modRNN.training.training_loop][INFO] - train epoch 817 MSE 0.0008 nMSE 0.0062
[2026-05-04 16:55:58,015][src.modRNN.training.training_loop][INFO] - 	 Starting Epoch: 818
[2026-05-04 16:55:58,130][src.modRNN.training.training_loop][INFO] - train epoch 818 MSE 0.0009 nMSE 0.0068
[2026-05-04 16:55:58,130][src.modRNN.training.training_loop][INFO] - 	 Starting Epoch: 819
[2026-05-04 16:55:58,245][src.modRNN.training.training_loop][INFO] - train epoch 819 MSE 0.0009 nMSE 0.0070
[2026-05-04 16:55:58,245][src.modRNN.training.training_loop][INFO] - 	 Starting Epoch: 820
[2026-05-04 16:55:58,359][src.modRNN.training.training_loop][INFO] - train epoch 820 MSE 0.0007 nMSE 0.0056
[2026-05-04 16:55:58,360][src.modRNN.training.training_loop][INFO] - 	 Starting Epoch: 821
[2026-05-04 16:55:58,475][src.modRNN.training.training_loop][INFO] - train epoch 821 MSE 0.0008 nMSE 0.0058
[2026-05-04 16:55:58,475][src.modRNN.training.training_loop][INFO] - 	 Starting Epoch: 822
[2026-05-04 16:55:58,592][src.modRNN.training.training_loop][INFO] - train epoch 822 MSE 0.0008 nMSE 0.0062
[2026-05-04 16:55:58,593][src.modRNN.training.training_loop][INFO] - 	 Starting Epoch: 823
[2026-05-04 16:55:58,708][src.modRNN.training.training_loop][INFO] - train epoch 823 MSE 0.0007 nMSE 0.0055
[2026-05-04 16:55:58,709][src.modRNN.training.training_loop][INFO] - 	 Starting Epoch: 824
[2026-05-04 16:55:58,823][src.modRNN.training.training_loop][INFO] - train epoch 824 MSE 0.0006 nMSE 0.0049
[2026-05-04 16:55:58,824][src.modRNN.training.training_loop][INFO] - 	 Starting Epoch: 825
[2026-05-04 16:55:58,939][src.modRNN.training.training_loop][INFO] - train epoch 825 MSE 0.0006 nMSE 0.0049
[2026-05-04 16:55:58,940][src.modRNN.training.training_loop][INFO] - 	 Starting Epoch: 826
[2026-05-04 16:55:59,057][src.modRNN.training.training_loop][INFO] - train epoch 826 MSE 0.0008 nMSE 0.0060
[2026-05-04 16:55:59,104][src.modRNN.training.training_loop][INFO] - eval  epoch 826 MSE 0.0009 nMSE 0.0068
[2026-05-04 16:55:59,105][src.modRNN.training.training_loop][INFO] - 	 Starting Epoch: 827
[2026-05-04 16:55:59,220][src.modRNN.training.training_loop][INFO] - train epoch 827 MSE 0.0009 nMSE 0.0068
[2026-05-04 16:55:59,221][src.modRNN.training.training_loop][INFO] - 	 Starting Epoch: 828
[2026-05-04 16:55:59,335][src.modRNN.training.training_loop][INFO] - train epoch 828 MSE 0.0009 nMSE 0.0065
[2026-05-04 16:55:59,336][src.modRNN.training.training_loop][INFO] - 	 Starting Epoch: 829
[2026-05-04 16:55:59,451][src.modRNN.training.training_loop][INFO] - train epoch 829 MSE 0.0007 nMSE 0.0049
[2026-05-04 16:55:59,451][src.modRNN.training.training_loop][INFO] - 	 Starting Epoch: 830
[2026-05-04 16:55:59,566][src.modRNN.training.training_loop][INFO] - train epoch 830 MSE 0.0008 nMSE 0.0058
[2026-05-04 16:55:59,567][src.modRNN.training.training_loop][INFO] - 	 Starting Epoch: 831
[2026-05-04 16:55:59,684][src.modRNN.training.training_loop][INFO] - train epoch 831 MSE 0.0008 nMSE 0.0060
[2026-05-04 16:55:59,685][src.modRNN.training.training_loop][INFO] - 	 Starting Epoch: 832
[2026-05-04 16:55:59,799][src.modRNN.training.training_loop][INFO] - train epoch 832 MSE 0.0008 nMSE 0.0064
[2026-05-04 16:55:59,800][src.modRNN.training.training_loop][INFO] - 	 Starting Epoch: 833
[2026-05-04 16:55:59,915][src.modRNN.training.training_loop][INFO] - train epoch 833 MSE 0.0008 nMSE 0.0057
[2026-05-04 16:55:59,916][src.modRNN.training.training_loop][INFO] - 	 Starting Epoch: 834
[2026-05-04 16:56:00,033][src.modRNN.training.training_loop][INFO] - train epoch 834 MSE 0.0010 nMSE 0.0073
[2026-05-04 16:56:00,034][src.modRNN.training.training_loop][INFO] - 	 Starting Epoch: 835
[2026-05-04 16:56:00,150][src.modRNN.training.training_loop][INFO] - train epoch 835 MSE 0.0010 nMSE 0.0072
[2026-05-04 16:56:00,151][src.modRNN.training.training_loop][INFO] - 	 Starting Epoch: 836
[2026-05-04 16:56:00,265][src.modRNN.training.training_loop][INFO] - train epoch 836 MSE 0.0007 nMSE 0.0051
[2026-05-04 16:56:00,266][src.modRNN.training.training_loop][INFO] - 	 Starting Epoch: 837
[2026-05-04 16:56:00,380][src.modRNN.training.training_loop][INFO] - train epoch 837 MSE 0.0008 nMSE 0.0060
[2026-05-04 16:56:00,381][src.modRNN.training.training_loop][INFO] - 	 Starting Epoch: 838
[2026-05-04 16:56:00,494][src.modRNN.training.training_loop][INFO] - train epoch 838 MSE 0.0008 nMSE 0.0063
[2026-05-04 16:56:00,495][src.modRNN.training.training_loop][INFO] - 	 Starting Epoch: 839
[2026-05-04 16:56:00,609][src.modRNN.training.training_loop][INFO] - train epoch 839 MSE 0.0009 nMSE 0.0068
[2026-05-04 16:56:00,610][src.modRNN.training.training_loop][INFO] - 	 Starting Epoch: 840
[2026-05-04 16:56:00,725][src.modRNN.training.training_loop][INFO] - train epoch 840 MSE 0.0007 nMSE 0.0052
[2026-05-04 16:56:00,726][src.modRNN.training.training_loop][INFO] - 	 Starting Epoch: 841
[2026-05-04 16:56:00,848][src.modRNN.training.training_loop][INFO] - train epoch 841 MSE 0.0008 nMSE 0.0057
[2026-05-04 16:56:00,849][src.modRNN.training.training_loop][INFO] - 	 Starting Epoch: 842
[2026-05-04 16:56:00,968][src.modRNN.training.training_loop][INFO] - train epoch 842 MSE 0.0011 nMSE 0.0082
[2026-05-04 16:56:00,969][src.modRNN.training.training_loop][INFO] - 	 Starting Epoch: 843
[2026-05-04 16:56:01,083][src.modRNN.training.training_loop][INFO] - train epoch 843 MSE 0.0009 nMSE 0.0068
[2026-05-04 16:56:01,084][src.modRNN.training.training_loop][INFO] - 	 Starting Epoch: 844
[2026-05-04 16:56:01,198][src.modRNN.training.training_loop][INFO] - train epoch 844 MSE 0.0007 nMSE 0.0054
[2026-05-04 16:56:01,199][src.modRNN.training.training_loop][INFO] - 	 Starting Epoch: 845
[2026-05-04 16:56:01,313][src.modRNN.training.training_loop][INFO] - train epoch 845 MSE 0.0008 nMSE 0.0063
[2026-05-04 16:56:01,314][src.modRNN.training.training_loop][INFO] - 	 Starting Epoch: 846
[2026-05-04 16:56:01,429][src.modRNN.training.training_loop][INFO] - train epoch 846 MSE 0.0009 nMSE 0.0067
[2026-05-04 16:56:01,430][src.modRNN.training.training_loop][INFO] - 	 Starting Epoch: 847
[2026-05-04 16:56:01,560][src.modRNN.training.training_loop][INFO] - train epoch 847 MSE 0.0009 nMSE 0.0065
[2026-05-04 16:56:01,561][src.modRNN.training.training_loop][INFO] - 	 Starting Epoch: 848
[2026-05-04 16:56:01,687][src.modRNN.training.training_loop][INFO] - train epoch 848 MSE 0.0007 nMSE 0.0052
[2026-05-04 16:56:01,688][src.modRNN.training.training_loop][INFO] - 	 Starting Epoch: 849
[2026-05-04 16:56:01,805][src.modRNN.training.training_loop][INFO] - train epoch 849 MSE 0.0008 nMSE 0.0060
[2026-05-04 16:56:01,806][src.modRNN.training.training_loop][INFO] - 	 Starting Epoch: 850
[2026-05-04 16:56:01,925][src.modRNN.training.training_loop][INFO] - train epoch 850 MSE 0.0010 nMSE 0.0075
[2026-05-04 16:56:01,926][src.modRNN.training.training_loop][INFO] - 	 Starting Epoch: 851
[2026-05-04 16:56:02,043][src.modRNN.training.training_loop][INFO] - train epoch 851 MSE 0.0009 nMSE 0.0067
[2026-05-04 16:56:02,090][src.modRNN.training.training_loop][INFO] - eval  epoch 851 MSE 0.0008 nMSE 0.0058
[2026-05-04 16:56:02,090][src.modRNN.training.training_loop][INFO] - 	 Starting Epoch: 852
[2026-05-04 16:56:02,208][src.modRNN.training.training_loop][INFO] - train epoch 852 MSE 0.0008 nMSE 0.0058
[2026-05-04 16:56:02,209][src.modRNN.training.training_loop][INFO] - 	 Starting Epoch: 853
[2026-05-04 16:56:02,326][src.modRNN.training.training_loop][INFO] - train epoch 853 MSE 0.0007 nMSE 0.0049
[2026-05-04 16:56:02,327][src.modRNN.training.training_loop][INFO] - 	 Starting Epoch: 854
[2026-05-04 16:56:02,447][src.modRNN.training.training_loop][INFO] - train epoch 854 MSE 0.0009 nMSE 0.0070
[2026-05-04 16:56:02,448][src.modRNN.training.training_loop][INFO] - 	 Starting Epoch: 855
[2026-05-04 16:56:02,571][src.modRNN.training.training_loop][INFO] - train epoch 855 MSE 0.0012 nMSE 0.0090
[2026-05-04 16:56:02,572][src.modRNN.training.training_loop][INFO] - 	 Starting Epoch: 856
[2026-05-04 16:56:02,688][src.modRNN.training.training_loop][INFO] - train epoch 856 MSE 0.0007 nMSE 0.0056
[2026-05-04 16:56:02,689][src.modRNN.training.training_loop][INFO] - 	 Starting Epoch: 857
[2026-05-04 16:56:02,806][src.modRNN.training.training_loop][INFO] - train epoch 857 MSE 0.0009 nMSE 0.0068
[2026-05-04 16:56:02,807][src.modRNN.training.training_loop][INFO] - 	 Starting Epoch: 858
[2026-05-04 16:56:02,924][src.modRNN.training.training_loop][INFO] - train epoch 858 MSE 0.0011 nMSE 0.0079
[2026-05-04 16:56:02,924][src.modRNN.training.training_loop][INFO] - 	 Starting Epoch: 859
[2026-05-04 16:56:03,046][src.modRNN.training.training_loop][INFO] - train epoch 859 MSE 0.0011 nMSE 0.0083
[2026-05-04 16:56:03,047][src.modRNN.training.training_loop][INFO] - 	 Starting Epoch: 860
[2026-05-04 16:56:03,171][src.modRNN.training.training_loop][INFO] - train epoch 860 MSE 0.0011 nMSE 0.0082
[2026-05-04 16:56:03,172][src.modRNN.training.training_loop][INFO] - 	 Starting Epoch: 861
[2026-05-04 16:56:03,289][src.modRNN.training.training_loop][INFO] - train epoch 861 MSE 0.0007 nMSE 0.0051
[2026-05-04 16:56:03,290][src.modRNN.training.training_loop][INFO] - 	 Starting Epoch: 862
[2026-05-04 16:56:03,407][src.modRNN.training.training_loop][INFO] - train epoch 862 MSE 0.0010 nMSE 0.0075
[2026-05-04 16:56:03,408][src.modRNN.training.training_loop][INFO] - 	 Starting Epoch: 863
[2026-05-04 16:56:03,525][src.modRNN.training.training_loop][INFO] - train epoch 863 MSE 0.0012 nMSE 0.0089
[2026-05-04 16:56:03,526][src.modRNN.training.training_loop][INFO] - 	 Starting Epoch: 864
[2026-05-04 16:56:03,642][src.modRNN.training.training_loop][INFO] - train epoch 864 MSE 0.0008 nMSE 0.0063
[2026-05-04 16:56:03,643][src.modRNN.training.training_loop][INFO] - 	 Starting Epoch: 865
[2026-05-04 16:56:03,760][src.modRNN.training.training_loop][INFO] - train epoch 865 MSE 0.0007 nMSE 0.0056
[2026-05-04 16:56:03,761][src.modRNN.training.training_loop][INFO] - 	 Starting Epoch: 866
[2026-05-04 16:56:03,878][src.modRNN.training.training_loop][INFO] - train epoch 866 MSE 0.0010 nMSE 0.0073
[2026-05-04 16:56:03,879][src.modRNN.training.training_loop][INFO] - 	 Starting Epoch: 867
[2026-05-04 16:56:03,998][src.modRNN.training.training_loop][INFO] - train epoch 867 MSE 0.0014 nMSE 0.0103
[2026-05-04 16:56:03,999][src.modRNN.training.training_loop][INFO] - 	 Starting Epoch: 868
[2026-05-04 16:56:04,116][src.modRNN.training.training_loop][INFO] - train epoch 868 MSE 0.0008 nMSE 0.0062
[2026-05-04 16:56:04,117][src.modRNN.training.training_loop][INFO] - 	 Starting Epoch: 869
[2026-05-04 16:56:04,234][src.modRNN.training.training_loop][INFO] - train epoch 869 MSE 0.0007 nMSE 0.0053
[2026-05-04 16:56:04,235][src.modRNN.training.training_loop][INFO] - 	 Starting Epoch: 870
[2026-05-04 16:56:04,351][src.modRNN.training.training_loop][INFO] - train epoch 870 MSE 0.0010 nMSE 0.0072
[2026-05-04 16:56:04,352][src.modRNN.training.training_loop][INFO] - 	 Starting Epoch: 871
[2026-05-04 16:56:04,473][src.modRNN.training.training_loop][INFO] - train epoch 871 MSE 0.0008 nMSE 0.0060
[2026-05-04 16:56:04,474][src.modRNN.training.training_loop][INFO] - 	 Starting Epoch: 872
[2026-05-04 16:56:04,598][src.modRNN.training.training_loop][INFO] - train epoch 872 MSE 0.0007 nMSE 0.0056
[2026-05-04 16:56:04,598][src.modRNN.training.training_loop][INFO] - 	 Starting Epoch: 873
[2026-05-04 16:56:04,716][src.modRNN.training.training_loop][INFO] - train epoch 873 MSE 0.0006 nMSE 0.0045
[2026-05-04 16:56:04,717][src.modRNN.training.training_loop][INFO] - 	 Starting Epoch: 874
[2026-05-04 16:56:04,833][src.modRNN.training.training_loop][INFO] - train epoch 874 MSE 0.0007 nMSE 0.0054
[2026-05-04 16:56:04,834][src.modRNN.training.training_loop][INFO] - 	 Starting Epoch: 875
[2026-05-04 16:56:04,951][src.modRNN.training.training_loop][INFO] - train epoch 875 MSE 0.0008 nMSE 0.0057
[2026-05-04 16:56:04,951][src.modRNN.training.training_loop][INFO] - 	 Starting Epoch: 876
[2026-05-04 16:56:05,071][src.modRNN.training.training_loop][INFO] - train epoch 876 MSE 0.0006 nMSE 0.0046
[2026-05-04 16:56:05,121][src.modRNN.training.training_loop][INFO] - eval  epoch 876 MSE 0.0006 nMSE 0.0045
[2026-05-04 16:56:05,121][src.modRNN.training.training_loop][INFO] - 	 Starting Epoch: 877
[2026-05-04 16:56:05,241][src.modRNN.training.training_loop][INFO] - train epoch 877 MSE 0.0006 nMSE 0.0045
[2026-05-04 16:56:05,242][src.modRNN.training.training_loop][INFO] - 	 Starting Epoch: 878
[2026-05-04 16:56:05,359][src.modRNN.training.training_loop][INFO] - train epoch 878 MSE 0.0006 nMSE 0.0042
[2026-05-04 16:56:05,360][src.modRNN.training.training_loop][INFO] - 	 Starting Epoch: 879
[2026-05-04 16:56:05,476][src.modRNN.training.training_loop][INFO] - train epoch 879 MSE 0.0008 nMSE 0.0059
[2026-05-04 16:56:05,477][src.modRNN.training.training_loop][INFO] - 	 Starting Epoch: 880
[2026-05-04 16:56:05,593][src.modRNN.training.training_loop][INFO] - train epoch 880 MSE 0.0007 nMSE 0.0050
[2026-05-04 16:56:05,594][src.modRNN.training.training_loop][INFO] - 	 Starting Epoch: 881
[2026-05-04 16:56:05,711][src.modRNN.training.training_loop][INFO] - train epoch 881 MSE 0.0006 nMSE 0.0043
[2026-05-04 16:56:05,712][src.modRNN.training.training_loop][INFO] - 	 Starting Epoch: 882
[2026-05-04 16:56:05,829][src.modRNN.training.training_loop][INFO] - train epoch 882 MSE 0.0007 nMSE 0.0051
[2026-05-04 16:56:05,829][src.modRNN.training.training_loop][INFO] - 	 Starting Epoch: 883
[2026-05-04 16:56:05,946][src.modRNN.training.training_loop][INFO] - train epoch 883 MSE 0.0007 nMSE 0.0052
[2026-05-04 16:56:05,947][src.modRNN.training.training_loop][INFO] - 	 Starting Epoch: 884
[2026-05-04 16:56:06,065][src.modRNN.training.training_loop][INFO] - train epoch 884 MSE 0.0006 nMSE 0.0048
[2026-05-04 16:56:06,066][src.modRNN.training.training_loop][INFO] - 	 Starting Epoch: 885
[2026-05-04 16:56:06,189][src.modRNN.training.training_loop][INFO] - train epoch 885 MSE 0.0005 nMSE 0.0040
[2026-05-04 16:56:06,190][src.modRNN.training.training_loop][INFO] - 	 Starting Epoch: 886
[2026-05-04 16:56:06,310][src.modRNN.training.training_loop][INFO] - train epoch 886 MSE 0.0006 nMSE 0.0043
[2026-05-04 16:56:06,311][src.modRNN.training.training_loop][INFO] - 	 Starting Epoch: 887
[2026-05-04 16:56:06,428][src.modRNN.training.training_loop][INFO] - train epoch 887 MSE 0.0007 nMSE 0.0056
[2026-05-04 16:56:06,429][src.modRNN.training.training_loop][INFO] - 	 Starting Epoch: 888
[2026-05-04 16:56:06,545][src.modRNN.training.training_loop][INFO] - train epoch 888 MSE 0.0006 nMSE 0.0047
[2026-05-04 16:56:06,546][src.modRNN.training.training_loop][INFO] - 	 Starting Epoch: 889
[2026-05-04 16:56:06,663][src.modRNN.training.training_loop][INFO] - train epoch 889 MSE 0.0007 nMSE 0.0049
[2026-05-04 16:56:06,664][src.modRNN.training.training_loop][INFO] - 	 Starting Epoch: 890
[2026-05-04 16:56:06,784][src.modRNN.training.training_loop][INFO] - train epoch 890 MSE 0.0006 nMSE 0.0046
[2026-05-04 16:56:06,785][src.modRNN.training.training_loop][INFO] - 	 Starting Epoch: 891
[2026-05-04 16:56:06,904][src.modRNN.training.training_loop][INFO] - train epoch 891 MSE 0.0007 nMSE 0.0051
[2026-05-04 16:56:06,905][src.modRNN.training.training_loop][INFO] - 	 Starting Epoch: 892
[2026-05-04 16:56:07,022][src.modRNN.training.training_loop][INFO] - train epoch 892 MSE 0.0006 nMSE 0.0048
[2026-05-04 16:56:07,023][src.modRNN.training.training_loop][INFO] - 	 Starting Epoch: 893
[2026-05-04 16:56:07,140][src.modRNN.training.training_loop][INFO] - train epoch 893 MSE 0.0006 nMSE 0.0047
[2026-05-04 16:56:07,140][src.modRNN.training.training_loop][INFO] - 	 Starting Epoch: 894
[2026-05-04 16:56:07,257][src.modRNN.training.training_loop][INFO] - train epoch 894 MSE 0.0005 nMSE 0.0039
[2026-05-04 16:56:07,258][src.modRNN.training.training_loop][INFO] - 	 Starting Epoch: 895
[2026-05-04 16:56:07,375][src.modRNN.training.training_loop][INFO] - train epoch 895 MSE 0.0006 nMSE 0.0045
[2026-05-04 16:56:07,376][src.modRNN.training.training_loop][INFO] - 	 Starting Epoch: 896
[2026-05-04 16:56:07,493][src.modRNN.training.training_loop][INFO] - train epoch 896 MSE 0.0006 nMSE 0.0044
[2026-05-04 16:56:07,494][src.modRNN.training.training_loop][INFO] - 	 Starting Epoch: 897
[2026-05-04 16:56:07,618][src.modRNN.training.training_loop][INFO] - train epoch 897 MSE 0.0007 nMSE 0.0051
[2026-05-04 16:56:07,619][src.modRNN.training.training_loop][INFO] - 	 Starting Epoch: 898
[2026-05-04 16:56:07,740][src.modRNN.training.training_loop][INFO] - train epoch 898 MSE 0.0007 nMSE 0.0052
[2026-05-04 16:56:07,740][src.modRNN.training.training_loop][INFO] - 	 Starting Epoch: 899
[2026-05-04 16:56:07,857][src.modRNN.training.training_loop][INFO] - train epoch 899 MSE 0.0006 nMSE 0.0047
[2026-05-04 16:56:07,858][src.modRNN.training.training_loop][INFO] - 	 Starting Epoch: 900
[2026-05-04 16:56:07,975][src.modRNN.training.training_loop][INFO] - train epoch 900 MSE 0.0007 nMSE 0.0050
[2026-05-04 16:56:07,976][src.modRNN.training.training_loop][INFO] - 	 Starting Epoch: 901
[2026-05-04 16:56:08,093][src.modRNN.training.training_loop][INFO] - train epoch 901 MSE 0.0007 nMSE 0.0053
[2026-05-04 16:56:08,142][src.modRNN.training.training_loop][INFO] - eval  epoch 901 MSE 0.0006 nMSE 0.0044
[2026-05-04 16:56:08,143][src.modRNN.training.training_loop][INFO] - 	 Starting Epoch: 902
[2026-05-04 16:56:08,263][src.modRNN.training.training_loop][INFO] - train epoch 902 MSE 0.0006 nMSE 0.0044
[2026-05-04 16:56:08,263][src.modRNN.training.training_loop][INFO] - 	 Starting Epoch: 903
[2026-05-04 16:56:08,381][src.modRNN.training.training_loop][INFO] - train epoch 903 MSE 0.0006 nMSE 0.0043
[2026-05-04 16:56:08,382][src.modRNN.training.training_loop][INFO] - 	 Starting Epoch: 904
[2026-05-04 16:56:08,499][src.modRNN.training.training_loop][INFO] - train epoch 904 MSE 0.0008 nMSE 0.0061
[2026-05-04 16:56:08,499][src.modRNN.training.training_loop][INFO] - 	 Starting Epoch: 905
[2026-05-04 16:56:08,618][src.modRNN.training.training_loop][INFO] - train epoch 905 MSE 0.0007 nMSE 0.0056
[2026-05-04 16:56:08,619][src.modRNN.training.training_loop][INFO] - 	 Starting Epoch: 906
[2026-05-04 16:56:08,738][src.modRNN.training.training_loop][INFO] - train epoch 906 MSE 0.0006 nMSE 0.0044
[2026-05-04 16:56:08,739][src.modRNN.training.training_loop][INFO] - 	 Starting Epoch: 907
[2026-05-04 16:56:08,856][src.modRNN.training.training_loop][INFO] - train epoch 907 MSE 0.0007 nMSE 0.0050
[2026-05-04 16:56:08,857][src.modRNN.training.training_loop][INFO] - 	 Starting Epoch: 908
[2026-05-04 16:56:08,973][src.modRNN.training.training_loop][INFO] - train epoch 908 MSE 0.0006 nMSE 0.0049
[2026-05-04 16:56:08,974][src.modRNN.training.training_loop][INFO] - 	 Starting Epoch: 909
[2026-05-04 16:56:09,091][src.modRNN.training.training_loop][INFO] - train epoch 909 MSE 0.0007 nMSE 0.0051
[2026-05-04 16:56:09,092][src.modRNN.training.training_loop][INFO] - 	 Starting Epoch: 910
[2026-05-04 16:56:09,208][src.modRNN.training.training_loop][INFO] - train epoch 910 MSE 0.0007 nMSE 0.0052
[2026-05-04 16:56:09,209][src.modRNN.training.training_loop][INFO] - 	 Starting Epoch: 911
[2026-05-04 16:56:09,327][src.modRNN.training.training_loop][INFO] - train epoch 911 MSE 0.0007 nMSE 0.0050
[2026-05-04 16:56:09,328][src.modRNN.training.training_loop][INFO] - 	 Starting Epoch: 912
[2026-05-04 16:56:09,452][src.modRNN.training.training_loop][INFO] - train epoch 912 MSE 0.0006 nMSE 0.0047
[2026-05-04 16:56:09,452][src.modRNN.training.training_loop][INFO] - 	 Starting Epoch: 913
[2026-05-04 16:56:09,573][src.modRNN.training.training_loop][INFO] - train epoch 913 MSE 0.0008 nMSE 0.0058
[2026-05-04 16:56:09,574][src.modRNN.training.training_loop][INFO] - 	 Starting Epoch: 914
[2026-05-04 16:56:09,690][src.modRNN.training.training_loop][INFO] - train epoch 914 MSE 0.0006 nMSE 0.0046
[2026-05-04 16:56:09,691][src.modRNN.training.training_loop][INFO] - 	 Starting Epoch: 915
[2026-05-04 16:56:09,808][src.modRNN.training.training_loop][INFO] - train epoch 915 MSE 0.0006 nMSE 0.0046
[2026-05-04 16:56:09,808][src.modRNN.training.training_loop][INFO] - 	 Starting Epoch: 916
[2026-05-04 16:56:09,925][src.modRNN.training.training_loop][INFO] - train epoch 916 MSE 0.0005 nMSE 0.0040
[2026-05-04 16:56:09,926][src.modRNN.training.training_loop][INFO] - 	 Starting Epoch: 917
[2026-05-04 16:56:10,043][src.modRNN.training.training_loop][INFO] - train epoch 917 MSE 0.0006 nMSE 0.0049
[2026-05-04 16:56:10,044][src.modRNN.training.training_loop][INFO] - 	 Starting Epoch: 918
[2026-05-04 16:56:10,163][src.modRNN.training.training_loop][INFO] - train epoch 918 MSE 0.0006 nMSE 0.0045
[2026-05-04 16:56:10,163][src.modRNN.training.training_loop][INFO] - 	 Starting Epoch: 919
[2026-05-04 16:56:10,288][src.modRNN.training.training_loop][INFO] - train epoch 919 MSE 0.0007 nMSE 0.0055
[2026-05-04 16:56:10,289][src.modRNN.training.training_loop][INFO] - 	 Starting Epoch: 920
[2026-05-04 16:56:10,409][src.modRNN.training.training_loop][INFO] - train epoch 920 MSE 0.0005 nMSE 0.0040
[2026-05-04 16:56:10,410][src.modRNN.training.training_loop][INFO] - 	 Starting Epoch: 921
[2026-05-04 16:56:10,527][src.modRNN.training.training_loop][INFO] - train epoch 921 MSE 0.0006 nMSE 0.0043
[2026-05-04 16:56:10,528][src.modRNN.training.training_loop][INFO] - 	 Starting Epoch: 922
[2026-05-04 16:56:10,645][src.modRNN.training.training_loop][INFO] - train epoch 922 MSE 0.0007 nMSE 0.0056
[2026-05-04 16:56:10,645][src.modRNN.training.training_loop][INFO] - 	 Starting Epoch: 923
[2026-05-04 16:56:10,764][src.modRNN.training.training_loop][INFO] - train epoch 923 MSE 0.0009 nMSE 0.0067
[2026-05-04 16:56:10,765][src.modRNN.training.training_loop][INFO] - 	 Starting Epoch: 924
[2026-05-04 16:56:10,886][src.modRNN.training.training_loop][INFO] - train epoch 924 MSE 0.0006 nMSE 0.0049
[2026-05-04 16:56:10,887][src.modRNN.training.training_loop][INFO] - 	 Starting Epoch: 925
[2026-05-04 16:56:11,007][src.modRNN.training.training_loop][INFO] - train epoch 925 MSE 0.0006 nMSE 0.0045
[2026-05-04 16:56:11,008][src.modRNN.training.training_loop][INFO] - 	 Starting Epoch: 926
[2026-05-04 16:56:11,125][src.modRNN.training.training_loop][INFO] - train epoch 926 MSE 0.0006 nMSE 0.0042
[2026-05-04 16:56:11,171][src.modRNN.training.training_loop][INFO] - eval  epoch 926 MSE 0.0006 nMSE 0.0048
[2026-05-04 16:56:11,172][src.modRNN.training.training_loop][INFO] - 	 Starting Epoch: 927
[2026-05-04 16:56:11,289][src.modRNN.training.training_loop][INFO] - train epoch 927 MSE 0.0006 nMSE 0.0048
[2026-05-04 16:56:11,290][src.modRNN.training.training_loop][INFO] - 	 Starting Epoch: 928
[2026-05-04 16:56:11,407][src.modRNN.training.training_loop][INFO] - train epoch 928 MSE 0.0006 nMSE 0.0042
[2026-05-04 16:56:11,407][src.modRNN.training.training_loop][INFO] - 	 Starting Epoch: 929
[2026-05-04 16:56:11,527][src.modRNN.training.training_loop][INFO] - train epoch 929 MSE 0.0006 nMSE 0.0042
[2026-05-04 16:56:11,528][src.modRNN.training.training_loop][INFO] - 	 Starting Epoch: 930
[2026-05-04 16:56:11,646][src.modRNN.training.training_loop][INFO] - train epoch 930 MSE 0.0006 nMSE 0.0045
[2026-05-04 16:56:11,647][src.modRNN.training.training_loop][INFO] - 	 Starting Epoch: 931
[2026-05-04 16:56:11,764][src.modRNN.training.training_loop][INFO] - train epoch 931 MSE 0.0006 nMSE 0.0047
[2026-05-04 16:56:11,765][src.modRNN.training.training_loop][INFO] - 	 Starting Epoch: 932
[2026-05-04 16:56:11,881][src.modRNN.training.training_loop][INFO] - train epoch 932 MSE 0.0006 nMSE 0.0043
[2026-05-04 16:56:11,881][src.modRNN.training.training_loop][INFO] - 	 Starting Epoch: 933
[2026-05-04 16:56:12,000][src.modRNN.training.training_loop][INFO] - train epoch 933 MSE 0.0006 nMSE 0.0043
[2026-05-04 16:56:12,001][src.modRNN.training.training_loop][INFO] - 	 Starting Epoch: 934
[2026-05-04 16:56:12,124][src.modRNN.training.training_loop][INFO] - train epoch 934 MSE 0.0007 nMSE 0.0054
[2026-05-04 16:56:12,125][src.modRNN.training.training_loop][INFO] - 	 Starting Epoch: 935
[2026-05-04 16:56:12,246][src.modRNN.training.training_loop][INFO] - train epoch 935 MSE 0.0006 nMSE 0.0042
[2026-05-04 16:56:12,247][src.modRNN.training.training_loop][INFO] - 	 Starting Epoch: 936
[2026-05-04 16:56:12,363][src.modRNN.training.training_loop][INFO] - train epoch 936 MSE 0.0005 nMSE 0.0040
[2026-05-04 16:56:12,364][src.modRNN.training.training_loop][INFO] - 	 Starting Epoch: 937
[2026-05-04 16:56:12,481][src.modRNN.training.training_loop][INFO] - train epoch 937 MSE 0.0007 nMSE 0.0054
[2026-05-04 16:56:12,481][src.modRNN.training.training_loop][INFO] - 	 Starting Epoch: 938
[2026-05-04 16:56:12,598][src.modRNN.training.training_loop][INFO] - train epoch 938 MSE 0.0006 nMSE 0.0048
[2026-05-04 16:56:12,599][src.modRNN.training.training_loop][INFO] - 	 Starting Epoch: 939
[2026-05-04 16:56:12,717][src.modRNN.training.training_loop][INFO] - train epoch 939 MSE 0.0007 nMSE 0.0049
[2026-05-04 16:56:12,718][src.modRNN.training.training_loop][INFO] - 	 Starting Epoch: 940
[2026-05-04 16:56:12,835][src.modRNN.training.training_loop][INFO] - train epoch 940 MSE 0.0007 nMSE 0.0051
[2026-05-04 16:56:12,835][src.modRNN.training.training_loop][INFO] - 	 Starting Epoch: 941
[2026-05-04 16:56:12,952][src.modRNN.training.training_loop][INFO] - train epoch 941 MSE 0.0007 nMSE 0.0051
[2026-05-04 16:56:12,953][src.modRNN.training.training_loop][INFO] - 	 Starting Epoch: 942
[2026-05-04 16:56:13,070][src.modRNN.training.training_loop][INFO] - train epoch 942 MSE 0.0006 nMSE 0.0048
[2026-05-04 16:56:13,071][src.modRNN.training.training_loop][INFO] - 	 Starting Epoch: 943
[2026-05-04 16:56:13,192][src.modRNN.training.training_loop][INFO] - train epoch 943 MSE 0.0008 nMSE 0.0059
[2026-05-04 16:56:13,193][src.modRNN.training.training_loop][INFO] - 	 Starting Epoch: 944
[2026-05-04 16:56:13,309][src.modRNN.training.training_loop][INFO] - train epoch 944 MSE 0.0007 nMSE 0.0054
[2026-05-04 16:56:13,310][src.modRNN.training.training_loop][INFO] - 	 Starting Epoch: 945
[2026-05-04 16:56:13,426][src.modRNN.training.training_loop][INFO] - train epoch 945 MSE 0.0006 nMSE 0.0045
[2026-05-04 16:56:13,427][src.modRNN.training.training_loop][INFO] - 	 Starting Epoch: 946
[2026-05-04 16:56:13,543][src.modRNN.training.training_loop][INFO] - train epoch 946 MSE 0.0007 nMSE 0.0055
[2026-05-04 16:56:13,544][src.modRNN.training.training_loop][INFO] - 	 Starting Epoch: 947
[2026-05-04 16:56:13,662][src.modRNN.training.training_loop][INFO] - train epoch 947 MSE 0.0007 nMSE 0.0053
[2026-05-04 16:56:13,663][src.modRNN.training.training_loop][INFO] - 	 Starting Epoch: 948
[2026-05-04 16:56:13,789][src.modRNN.training.training_loop][INFO] - train epoch 948 MSE 0.0007 nMSE 0.0054
[2026-05-04 16:56:13,789][src.modRNN.training.training_loop][INFO] - 	 Starting Epoch: 949
[2026-05-04 16:56:13,931][src.modRNN.training.training_loop][INFO] - train epoch 949 MSE 0.0006 nMSE 0.0046
[2026-05-04 16:56:13,933][src.modRNN.training.training_loop][INFO] - 	 Starting Epoch: 950
[2026-05-04 16:56:14,075][src.modRNN.training.training_loop][INFO] - train epoch 950 MSE 0.0007 nMSE 0.0051
[2026-05-04 16:56:14,076][src.modRNN.training.training_loop][INFO] - 	 Starting Epoch: 951
[2026-05-04 16:56:14,214][src.modRNN.training.training_loop][INFO] - train epoch 951 MSE 0.0007 nMSE 0.0054
[2026-05-04 16:56:14,271][src.modRNN.training.training_loop][INFO] - eval  epoch 951 MSE 0.0007 nMSE 0.0050
[2026-05-04 16:56:14,272][src.modRNN.training.training_loop][INFO] - 	 Starting Epoch: 952
[2026-05-04 16:56:14,417][src.modRNN.training.training_loop][INFO] - train epoch 952 MSE 0.0007 nMSE 0.0050
[2026-05-04 16:56:14,418][src.modRNN.training.training_loop][INFO] - 	 Starting Epoch: 953
[2026-05-04 16:56:14,553][src.modRNN.training.training_loop][INFO] - train epoch 953 MSE 0.0005 nMSE 0.0040
[2026-05-04 16:56:14,554][src.modRNN.training.training_loop][INFO] - 	 Starting Epoch: 954
[2026-05-04 16:56:14,677][src.modRNN.training.training_loop][INFO] - train epoch 954 MSE 0.0007 nMSE 0.0055
[2026-05-04 16:56:14,678][src.modRNN.training.training_loop][INFO] - 	 Starting Epoch: 955
[2026-05-04 16:56:14,803][src.modRNN.training.training_loop][INFO] - train epoch 955 MSE 0.0007 nMSE 0.0053
[2026-05-04 16:56:14,804][src.modRNN.training.training_loop][INFO] - 	 Starting Epoch: 956
[2026-05-04 16:56:14,942][src.modRNN.training.training_loop][INFO] - train epoch 956 MSE 0.0007 nMSE 0.0052
[2026-05-04 16:56:14,942][src.modRNN.training.training_loop][INFO] - 	 Starting Epoch: 957
[2026-05-04 16:56:15,060][src.modRNN.training.training_loop][INFO] - train epoch 957 MSE 0.0007 nMSE 0.0049
[2026-05-04 16:56:15,061][src.modRNN.training.training_loop][INFO] - 	 Starting Epoch: 958
[2026-05-04 16:56:15,177][src.modRNN.training.training_loop][INFO] - train epoch 958 MSE 0.0006 nMSE 0.0044
[2026-05-04 16:56:15,178][src.modRNN.training.training_loop][INFO] - 	 Starting Epoch: 959
[2026-05-04 16:56:15,296][src.modRNN.training.training_loop][INFO] - train epoch 959 MSE 0.0007 nMSE 0.0051
[2026-05-04 16:56:15,297][src.modRNN.training.training_loop][INFO] - 	 Starting Epoch: 960
[2026-05-04 16:56:15,424][src.modRNN.training.training_loop][INFO] - train epoch 960 MSE 0.0006 nMSE 0.0046
[2026-05-04 16:56:15,425][src.modRNN.training.training_loop][INFO] - 	 Starting Epoch: 961
[2026-05-04 16:56:15,553][src.modRNN.training.training_loop][INFO] - train epoch 961 MSE 0.0005 nMSE 0.0040
[2026-05-04 16:56:15,554][src.modRNN.training.training_loop][INFO] - 	 Starting Epoch: 962
[2026-05-04 16:56:15,671][src.modRNN.training.training_loop][INFO] - train epoch 962 MSE 0.0006 nMSE 0.0044
[2026-05-04 16:56:15,672][src.modRNN.training.training_loop][INFO] - 	 Starting Epoch: 963
[2026-05-04 16:56:15,792][src.modRNN.training.training_loop][INFO] - train epoch 963 MSE 0.0006 nMSE 0.0044
[2026-05-04 16:56:15,793][src.modRNN.training.training_loop][INFO] - 	 Starting Epoch: 964
[2026-05-04 16:56:15,911][src.modRNN.training.training_loop][INFO] - train epoch 964 MSE 0.0007 nMSE 0.0052
[2026-05-04 16:56:15,912][src.modRNN.training.training_loop][INFO] - 	 Starting Epoch: 965
[2026-05-04 16:56:16,029][src.modRNN.training.training_loop][INFO] - train epoch 965 MSE 0.0006 nMSE 0.0043
[2026-05-04 16:56:16,030][src.modRNN.training.training_loop][INFO] - 	 Starting Epoch: 966
[2026-05-04 16:56:16,148][src.modRNN.training.training_loop][INFO] - train epoch 966 MSE 0.0007 nMSE 0.0055
[2026-05-04 16:56:16,148][src.modRNN.training.training_loop][INFO] - 	 Starting Epoch: 967
[2026-05-04 16:56:16,268][src.modRNN.training.training_loop][INFO] - train epoch 967 MSE 0.0006 nMSE 0.0045
[2026-05-04 16:56:16,269][src.modRNN.training.training_loop][INFO] - 	 Starting Epoch: 968
[2026-05-04 16:56:16,386][src.modRNN.training.training_loop][INFO] - train epoch 968 MSE 0.0005 nMSE 0.0038
[2026-05-04 16:56:16,387][src.modRNN.training.training_loop][INFO] - 	 Starting Epoch: 969
[2026-05-04 16:56:16,504][src.modRNN.training.training_loop][INFO] - train epoch 969 MSE 0.0006 nMSE 0.0042
[2026-05-04 16:56:16,505][src.modRNN.training.training_loop][INFO] - 	 Starting Epoch: 970
[2026-05-04 16:56:16,627][src.modRNN.training.training_loop][INFO] - train epoch 970 MSE 0.0006 nMSE 0.0044
[2026-05-04 16:56:16,627][src.modRNN.training.training_loop][INFO] - 	 Starting Epoch: 971
[2026-05-04 16:56:16,747][src.modRNN.training.training_loop][INFO] - train epoch 971 MSE 0.0006 nMSE 0.0046
[2026-05-04 16:56:16,748][src.modRNN.training.training_loop][INFO] - 	 Starting Epoch: 972
[2026-05-04 16:56:16,865][src.modRNN.training.training_loop][INFO] - train epoch 972 MSE 0.0005 nMSE 0.0041
[2026-05-04 16:56:16,865][src.modRNN.training.training_loop][INFO] - 	 Starting Epoch: 973
[2026-05-04 16:56:16,983][src.modRNN.training.training_loop][INFO] - train epoch 973 MSE 0.0006 nMSE 0.0042
[2026-05-04 16:56:16,983][src.modRNN.training.training_loop][INFO] - 	 Starting Epoch: 974
[2026-05-04 16:56:17,102][src.modRNN.training.training_loop][INFO] - train epoch 974 MSE 0.0006 nMSE 0.0042
[2026-05-04 16:56:17,103][src.modRNN.training.training_loop][INFO] - 	 Starting Epoch: 975
[2026-05-04 16:56:17,223][src.modRNN.training.training_loop][INFO] - train epoch 975 MSE 0.0006 nMSE 0.0042
[2026-05-04 16:56:17,224][src.modRNN.training.training_loop][INFO] - 	 Starting Epoch: 976
[2026-05-04 16:56:17,343][src.modRNN.training.training_loop][INFO] - train epoch 976 MSE 0.0006 nMSE 0.0041
[2026-05-04 16:56:17,389][src.modRNN.training.training_loop][INFO] - eval  epoch 976 MSE 0.0006 nMSE 0.0049
[2026-05-04 16:56:17,390][src.modRNN.training.training_loop][INFO] - 	 Starting Epoch: 977
[2026-05-04 16:56:17,507][src.modRNN.training.training_loop][INFO] - train epoch 977 MSE 0.0006 nMSE 0.0049
[2026-05-04 16:56:17,508][src.modRNN.training.training_loop][INFO] - 	 Starting Epoch: 978
[2026-05-04 16:56:17,624][src.modRNN.training.training_loop][INFO] - train epoch 978 MSE 0.0005 nMSE 0.0037
[2026-05-04 16:56:17,625][src.modRNN.training.training_loop][INFO] - 	 Starting Epoch: 979
[2026-05-04 16:56:17,744][src.modRNN.training.training_loop][INFO] - train epoch 979 MSE 0.0006 nMSE 0.0045
[2026-05-04 16:56:17,745][src.modRNN.training.training_loop][INFO] - 	 Starting Epoch: 980
[2026-05-04 16:56:17,868][src.modRNN.training.training_loop][INFO] - train epoch 980 MSE 0.0006 nMSE 0.0042
[2026-05-04 16:56:17,869][src.modRNN.training.training_loop][INFO] - 	 Starting Epoch: 981
[2026-05-04 16:56:17,991][src.modRNN.training.training_loop][INFO] - train epoch 981 MSE 0.0006 nMSE 0.0043
[2026-05-04 16:56:17,991][src.modRNN.training.training_loop][INFO] - 	 Starting Epoch: 982
[2026-05-04 16:56:18,108][src.modRNN.training.training_loop][INFO] - train epoch 982 MSE 0.0005 nMSE 0.0035
[2026-05-04 16:56:18,109][src.modRNN.training.training_loop][INFO] - 	 Starting Epoch: 983
[2026-05-04 16:56:18,226][src.modRNN.training.training_loop][INFO] - train epoch 983 MSE 0.0005 nMSE 0.0040
[2026-05-04 16:56:18,226][src.modRNN.training.training_loop][INFO] - 	 Starting Epoch: 984
[2026-05-04 16:56:18,345][src.modRNN.training.training_loop][INFO] - train epoch 984 MSE 0.0006 nMSE 0.0042
[2026-05-04 16:56:18,346][src.modRNN.training.training_loop][INFO] - 	 Starting Epoch: 985
[2026-05-04 16:56:18,470][src.modRNN.training.training_loop][INFO] - train epoch 985 MSE 0.0005 nMSE 0.0039
[2026-05-04 16:56:18,470][src.modRNN.training.training_loop][INFO] - 	 Starting Epoch: 986
[2026-05-04 16:56:18,591][src.modRNN.training.training_loop][INFO] - train epoch 986 MSE 0.0006 nMSE 0.0044
[2026-05-04 16:56:18,592][src.modRNN.training.training_loop][INFO] - 	 Starting Epoch: 987
[2026-05-04 16:56:18,709][src.modRNN.training.training_loop][INFO] - train epoch 987 MSE 0.0005 nMSE 0.0039
[2026-05-04 16:56:18,710][src.modRNN.training.training_loop][INFO] - 	 Starting Epoch: 988
[2026-05-04 16:56:18,826][src.modRNN.training.training_loop][INFO] - train epoch 988 MSE 0.0006 nMSE 0.0044
[2026-05-04 16:56:18,827][src.modRNN.training.training_loop][INFO] - 	 Starting Epoch: 989
[2026-05-04 16:56:18,943][src.modRNN.training.training_loop][INFO] - train epoch 989 MSE 0.0006 nMSE 0.0043
[2026-05-04 16:56:18,944][src.modRNN.training.training_loop][INFO] - 	 Starting Epoch: 990
[2026-05-04 16:56:19,060][src.modRNN.training.training_loop][INFO] - train epoch 990 MSE 0.0005 nMSE 0.0040
[2026-05-04 16:56:19,061][src.modRNN.training.training_loop][INFO] - 	 Starting Epoch: 991
[2026-05-04 16:56:19,180][src.modRNN.training.training_loop][INFO] - train epoch 991 MSE 0.0006 nMSE 0.0047
[2026-05-04 16:56:19,181][src.modRNN.training.training_loop][INFO] - 	 Starting Epoch: 992
[2026-05-04 16:56:19,305][src.modRNN.training.training_loop][INFO] - train epoch 992 MSE 0.0006 nMSE 0.0046
[2026-05-04 16:56:19,305][src.modRNN.training.training_loop][INFO] - 	 Starting Epoch: 993
[2026-05-04 16:56:19,426][src.modRNN.training.training_loop][INFO] - train epoch 993 MSE 0.0005 nMSE 0.0038
[2026-05-04 16:56:19,427][src.modRNN.training.training_loop][INFO] - 	 Starting Epoch: 994
[2026-05-04 16:56:19,544][src.modRNN.training.training_loop][INFO] - train epoch 994 MSE 0.0006 nMSE 0.0042
[2026-05-04 16:56:19,544][src.modRNN.training.training_loop][INFO] - 	 Starting Epoch: 995
[2026-05-04 16:56:19,662][src.modRNN.training.training_loop][INFO] - train epoch 995 MSE 0.0005 nMSE 0.0041
[2026-05-04 16:56:19,662][src.modRNN.training.training_loop][INFO] - 	 Starting Epoch: 996
[2026-05-04 16:56:19,781][src.modRNN.training.training_loop][INFO] - train epoch 996 MSE 0.0006 nMSE 0.0044
[2026-05-04 16:56:19,782][src.modRNN.training.training_loop][INFO] - 	 Starting Epoch: 997
[2026-05-04 16:56:19,907][src.modRNN.training.training_loop][INFO] - train epoch 997 MSE 0.0006 nMSE 0.0042
[2026-05-04 16:56:19,908][src.modRNN.training.training_loop][INFO] - 	 Starting Epoch: 998
[2026-05-04 16:56:20,028][src.modRNN.training.training_loop][INFO] - train epoch 998 MSE 0.0006 nMSE 0.0044
[2026-05-04 16:56:20,029][src.modRNN.training.training_loop][INFO] - 	 Starting Epoch: 999
[2026-05-04 16:56:20,146][src.modRNN.training.training_loop][INFO] - train epoch 999 MSE 0.0005 nMSE 0.0038
[2026-05-04 16:56:20,147][src.modRNN.training.training_loop][INFO] - 	 Starting Epoch: 1000
[2026-05-04 16:56:20,263][src.modRNN.training.training_loop][INFO] - train epoch 1000 MSE 0.0005 nMSE 0.0040
[2026-05-04 16:56:20,264][src.modRNN.training.training_loop][INFO] - 	 Starting Epoch: 1001
[2026-05-04 16:56:20,381][src.modRNN.training.training_loop][INFO] - train epoch 1001 MSE 0.0005 nMSE 0.0038
[2026-05-04 16:56:20,428][src.modRNN.training.training_loop][INFO] - eval  epoch 1001 MSE 0.0006 nMSE 0.0042
[2026-05-04 16:56:20,429][src.modRNN.training.training_loop][INFO] - 	 Starting Epoch: 1002
[2026-05-04 16:56:20,546][src.modRNN.training.training_loop][INFO] - train epoch 1002 MSE 0.0006 nMSE 0.0042
[2026-05-04 16:56:20,547][src.modRNN.training.training_loop][INFO] - 	 Starting Epoch: 1003
[2026-05-04 16:56:20,669][src.modRNN.training.training_loop][INFO] - train epoch 1003 MSE 0.0005 nMSE 0.0041
[2026-05-04 16:56:20,670][src.modRNN.training.training_loop][INFO] - 	 Starting Epoch: 1004
[2026-05-04 16:56:20,793][src.modRNN.training.training_loop][INFO] - train epoch 1004 MSE 0.0006 nMSE 0.0041
[2026-05-04 16:56:20,794][src.modRNN.training.training_loop][INFO] - 	 Starting Epoch: 1005
[2026-05-04 16:56:20,911][src.modRNN.training.training_loop][INFO] - train epoch 1005 MSE 0.0005 nMSE 0.0041
[2026-05-04 16:56:20,911][src.modRNN.training.training_loop][INFO] - 	 Starting Epoch: 1006
[2026-05-04 16:56:21,028][src.modRNN.training.training_loop][INFO] - train epoch 1006 MSE 0.0006 nMSE 0.0047
[2026-05-04 16:56:21,029][src.modRNN.training.training_loop][INFO] - 	 Starting Epoch: 1007
[2026-05-04 16:56:21,146][src.modRNN.training.training_loop][INFO] - train epoch 1007 MSE 0.0005 nMSE 0.0039
[2026-05-04 16:56:21,147][src.modRNN.training.training_loop][INFO] - 	 Starting Epoch: 1008
[2026-05-04 16:56:21,269][src.modRNN.training.training_loop][INFO] - train epoch 1008 MSE 0.0005 nMSE 0.0039
[2026-05-04 16:56:21,270][src.modRNN.training.training_loop][INFO] - 	 Starting Epoch: 1009
[2026-05-04 16:56:21,395][src.modRNN.training.training_loop][INFO] - train epoch 1009 MSE 0.0006 nMSE 0.0045
[2026-05-04 16:56:21,395][src.modRNN.training.training_loop][INFO] - 	 Starting Epoch: 1010
[2026-05-04 16:56:21,513][src.modRNN.training.training_loop][INFO] - train epoch 1010 MSE 0.0005 nMSE 0.0040
[2026-05-04 16:56:21,514][src.modRNN.training.training_loop][INFO] - 	 Starting Epoch: 1011
[2026-05-04 16:56:21,630][src.modRNN.training.training_loop][INFO] - train epoch 1011 MSE 0.0005 nMSE 0.0037
[2026-05-04 16:56:21,631][src.modRNN.training.training_loop][INFO] - 	 Starting Epoch: 1012
[2026-05-04 16:56:21,747][src.modRNN.training.training_loop][INFO] - train epoch 1012 MSE 0.0005 nMSE 0.0039
[2026-05-04 16:56:21,748][src.modRNN.training.training_loop][INFO] - 	 Starting Epoch: 1013
[2026-05-04 16:56:21,865][src.modRNN.training.training_loop][INFO] - train epoch 1013 MSE 0.0005 nMSE 0.0040
[2026-05-04 16:56:21,866][src.modRNN.training.training_loop][INFO] - 	 Starting Epoch: 1014
[2026-05-04 16:56:21,985][src.modRNN.training.training_loop][INFO] - train epoch 1014 MSE 0.0006 nMSE 0.0046
[2026-05-04 16:56:21,985][src.modRNN.training.training_loop][INFO] - 	 Starting Epoch: 1015
[2026-05-04 16:56:22,104][src.modRNN.training.training_loop][INFO] - train epoch 1015 MSE 0.0006 nMSE 0.0042
[2026-05-04 16:56:22,104][src.modRNN.training.training_loop][INFO] - 	 Starting Epoch: 1016
[2026-05-04 16:56:22,221][src.modRNN.training.training_loop][INFO] - train epoch 1016 MSE 0.0005 nMSE 0.0039
[2026-05-04 16:56:22,222][src.modRNN.training.training_loop][INFO] - 	 Starting Epoch: 1017
[2026-05-04 16:56:22,341][src.modRNN.training.training_loop][INFO] - train epoch 1017 MSE 0.0006 nMSE 0.0049
[2026-05-04 16:56:22,342][src.modRNN.training.training_loop][INFO] - 	 Starting Epoch: 1018
[2026-05-04 16:56:22,460][src.modRNN.training.training_loop][INFO] - train epoch 1018 MSE 0.0005 nMSE 0.0037
[2026-05-04 16:56:22,461][src.modRNN.training.training_loop][INFO] - 	 Starting Epoch: 1019
[2026-05-04 16:56:22,578][src.modRNN.training.training_loop][INFO] - train epoch 1019 MSE 0.0005 nMSE 0.0038
[2026-05-04 16:56:22,579][src.modRNN.training.training_loop][INFO] - 	 Starting Epoch: 1020
[2026-05-04 16:56:22,696][src.modRNN.training.training_loop][INFO] - train epoch 1020 MSE 0.0006 nMSE 0.0042
[2026-05-04 16:56:22,696][src.modRNN.training.training_loop][INFO] - 	 Starting Epoch: 1021
[2026-05-04 16:56:22,816][src.modRNN.training.training_loop][INFO] - train epoch 1021 MSE 0.0006 nMSE 0.0043
[2026-05-04 16:56:22,817][src.modRNN.training.training_loop][INFO] - 	 Starting Epoch: 1022
[2026-05-04 16:56:22,935][src.modRNN.training.training_loop][INFO] - train epoch 1022 MSE 0.0005 nMSE 0.0040
[2026-05-04 16:56:22,936][src.modRNN.training.training_loop][INFO] - 	 Starting Epoch: 1023
[2026-05-04 16:56:23,053][src.modRNN.training.training_loop][INFO] - train epoch 1023 MSE 0.0006 nMSE 0.0044
[2026-05-04 16:56:23,054][src.modRNN.training.training_loop][INFO] - 	 Starting Epoch: 1024
[2026-05-04 16:56:23,175][src.modRNN.training.training_loop][INFO] - train epoch 1024 MSE 0.0006 nMSE 0.0042
[2026-05-04 16:56:23,176][src.modRNN.training.training_loop][INFO] - 	 Starting Epoch: 1025
[2026-05-04 16:56:23,295][src.modRNN.training.training_loop][INFO] - train epoch 1025 MSE 0.0006 nMSE 0.0043
[2026-05-04 16:56:23,296][src.modRNN.training.training_loop][INFO] - 	 Starting Epoch: 1026
[2026-05-04 16:56:23,412][src.modRNN.training.training_loop][INFO] - train epoch 1026 MSE 0.0006 nMSE 0.0045
[2026-05-04 16:56:23,459][src.modRNN.training.training_loop][INFO] - eval  epoch 1026 MSE 0.0016 nMSE 0.0122
[2026-05-04 16:56:23,459][src.modRNN.training.training_loop][INFO] - 	 Starting Epoch: 1027
[2026-05-04 16:56:23,577][src.modRNN.training.training_loop][INFO] - train epoch 1027 MSE 0.0016 nMSE 0.0122
[2026-05-04 16:56:23,578][src.modRNN.training.training_loop][INFO] - 	 Starting Epoch: 1028
[2026-05-04 16:56:23,696][src.modRNN.training.training_loop][INFO] - train epoch 1028 MSE 0.0007 nMSE 0.0055
[2026-05-04 16:56:23,697][src.modRNN.training.training_loop][INFO] - 	 Starting Epoch: 1029
[2026-05-04 16:56:23,819][src.modRNN.training.training_loop][INFO] - train epoch 1029 MSE 0.0027 nMSE 0.0205
[2026-05-04 16:56:23,820][src.modRNN.training.training_loop][INFO] - 	 Starting Epoch: 1030
[2026-05-04 16:56:23,937][src.modRNN.training.training_loop][INFO] - train epoch 1030 MSE 0.0007 nMSE 0.0054
[2026-05-04 16:56:23,938][src.modRNN.training.training_loop][INFO] - 	 Starting Epoch: 1031
[2026-05-04 16:56:24,055][src.modRNN.training.training_loop][INFO] - train epoch 1031 MSE 0.0009 nMSE 0.0071
[2026-05-04 16:56:24,055][src.modRNN.training.training_loop][INFO] - 	 Starting Epoch: 1032
[2026-05-04 16:56:24,172][src.modRNN.training.training_loop][INFO] - train epoch 1032 MSE 0.0012 nMSE 0.0090
[2026-05-04 16:56:24,173][src.modRNN.training.training_loop][INFO] - 	 Starting Epoch: 1033
[2026-05-04 16:56:24,291][src.modRNN.training.training_loop][INFO] - train epoch 1033 MSE 0.0011 nMSE 0.0081
[2026-05-04 16:56:24,292][src.modRNN.training.training_loop][INFO] - 	 Starting Epoch: 1034
[2026-05-04 16:56:24,415][src.modRNN.training.training_loop][INFO] - train epoch 1034 MSE 0.0010 nMSE 0.0072
[2026-05-04 16:56:24,416][src.modRNN.training.training_loop][INFO] - 	 Starting Epoch: 1035
[2026-05-04 16:56:24,537][src.modRNN.training.training_loop][INFO] - train epoch 1035 MSE 0.0008 nMSE 0.0061
[2026-05-04 16:56:24,538][src.modRNN.training.training_loop][INFO] - 	 Starting Epoch: 1036
[2026-05-04 16:56:24,655][src.modRNN.training.training_loop][INFO] - train epoch 1036 MSE 0.0009 nMSE 0.0065
[2026-05-04 16:56:24,656][src.modRNN.training.training_loop][INFO] - 	 Starting Epoch: 1037
[2026-05-04 16:56:24,773][src.modRNN.training.training_loop][INFO] - train epoch 1037 MSE 0.0007 nMSE 0.0056
[2026-05-04 16:56:24,773][src.modRNN.training.training_loop][INFO] - 	 Starting Epoch: 1038
[2026-05-04 16:56:24,890][src.modRNN.training.training_loop][INFO] - train epoch 1038 MSE 0.0007 nMSE 0.0053
[2026-05-04 16:56:24,891][src.modRNN.training.training_loop][INFO] - 	 Starting Epoch: 1039
[2026-05-04 16:56:25,013][src.modRNN.training.training_loop][INFO] - train epoch 1039 MSE 0.0009 nMSE 0.0066
[2026-05-04 16:56:25,014][src.modRNN.training.training_loop][INFO] - 	 Starting Epoch: 1040
[2026-05-04 16:56:25,133][src.modRNN.training.training_loop][INFO] - train epoch 1040 MSE 0.0007 nMSE 0.0054
[2026-05-04 16:56:25,134][src.modRNN.training.training_loop][INFO] - 	 Starting Epoch: 1041
[2026-05-04 16:56:25,251][src.modRNN.training.training_loop][INFO] - train epoch 1041 MSE 0.0009 nMSE 0.0072
[2026-05-04 16:56:25,252][src.modRNN.training.training_loop][INFO] - 	 Starting Epoch: 1042
[2026-05-04 16:56:25,369][src.modRNN.training.training_loop][INFO] - train epoch 1042 MSE 0.0006 nMSE 0.0046
[2026-05-04 16:56:25,370][src.modRNN.training.training_loop][INFO] - 	 Starting Epoch: 1043
[2026-05-04 16:56:25,491][src.modRNN.training.training_loop][INFO] - train epoch 1043 MSE 0.0007 nMSE 0.0054
[2026-05-04 16:56:25,492][src.modRNN.training.training_loop][INFO] - 	 Starting Epoch: 1044
[2026-05-04 16:56:25,608][src.modRNN.training.training_loop][INFO] - train epoch 1044 MSE 0.0007 nMSE 0.0053
[2026-05-04 16:56:25,609][src.modRNN.training.training_loop][INFO] - 	 Starting Epoch: 1045
[2026-05-04 16:56:25,727][src.modRNN.training.training_loop][INFO] - train epoch 1045 MSE 0.0007 nMSE 0.0052
[2026-05-04 16:56:25,728][src.modRNN.training.training_loop][INFO] - 	 Starting Epoch: 1046
[2026-05-04 16:56:25,850][src.modRNN.training.training_loop][INFO] - train epoch 1046 MSE 0.0005 nMSE 0.0038
[2026-05-04 16:56:25,851][src.modRNN.training.training_loop][INFO] - 	 Starting Epoch: 1047
[2026-05-04 16:56:25,971][src.modRNN.training.training_loop][INFO] - train epoch 1047 MSE 0.0006 nMSE 0.0048
[2026-05-04 16:56:25,971][src.modRNN.training.training_loop][INFO] - 	 Starting Epoch: 1048
[2026-05-04 16:56:26,088][src.modRNN.training.training_loop][INFO] - train epoch 1048 MSE 0.0006 nMSE 0.0045
[2026-05-04 16:56:26,089][src.modRNN.training.training_loop][INFO] - 	 Starting Epoch: 1049
[2026-05-04 16:56:26,207][src.modRNN.training.training_loop][INFO] - train epoch 1049 MSE 0.0005 nMSE 0.0040
[2026-05-04 16:56:26,207][src.modRNN.training.training_loop][INFO] - 	 Starting Epoch: 1050
[2026-05-04 16:56:26,326][src.modRNN.training.training_loop][INFO] - train epoch 1050 MSE 0.0006 nMSE 0.0045
[2026-05-04 16:56:26,327][src.modRNN.training.training_loop][INFO] - 	 Starting Epoch: 1051
[2026-05-04 16:56:26,451][src.modRNN.training.training_loop][INFO] - train epoch 1051 MSE 0.0006 nMSE 0.0043
[2026-05-04 16:56:26,502][src.modRNN.training.training_loop][INFO] - eval  epoch 1051 MSE 0.0006 nMSE 0.0044
[2026-05-04 16:56:26,502][src.modRNN.training.training_loop][INFO] - 	 Starting Epoch: 1052
[2026-05-04 16:56:26,620][src.modRNN.training.training_loop][INFO] - train epoch 1052 MSE 0.0006 nMSE 0.0044
[2026-05-04 16:56:26,621][src.modRNN.training.training_loop][INFO] - 	 Starting Epoch: 1053
[2026-05-04 16:56:26,738][src.modRNN.training.training_loop][INFO] - train epoch 1053 MSE 0.0006 nMSE 0.0044
[2026-05-04 16:56:26,739][src.modRNN.training.training_loop][INFO] - 	 Starting Epoch: 1054
[2026-05-04 16:56:26,857][src.modRNN.training.training_loop][INFO] - train epoch 1054 MSE 0.0006 nMSE 0.0046
[2026-05-04 16:56:26,858][src.modRNN.training.training_loop][INFO] - 	 Starting Epoch: 1055
[2026-05-04 16:56:26,976][src.modRNN.training.training_loop][INFO] - train epoch 1055 MSE 0.0006 nMSE 0.0042
[2026-05-04 16:56:26,977][src.modRNN.training.training_loop][INFO] - 	 Starting Epoch: 1056
[2026-05-04 16:56:27,094][src.modRNN.training.training_loop][INFO] - train epoch 1056 MSE 0.0006 nMSE 0.0042
[2026-05-04 16:56:27,095][src.modRNN.training.training_loop][INFO] - 	 Starting Epoch: 1057
[2026-05-04 16:56:27,216][src.modRNN.training.training_loop][INFO] - train epoch 1057 MSE 0.0006 nMSE 0.0046
[2026-05-04 16:56:27,217][src.modRNN.training.training_loop][INFO] - 	 Starting Epoch: 1058
[2026-05-04 16:56:27,341][src.modRNN.training.training_loop][INFO] - train epoch 1058 MSE 0.0005 nMSE 0.0037
[2026-05-04 16:56:27,342][src.modRNN.training.training_loop][INFO] - 	 Starting Epoch: 1059
[2026-05-04 16:56:27,459][src.modRNN.training.training_loop][INFO] - train epoch 1059 MSE 0.0005 nMSE 0.0037
[2026-05-04 16:56:27,460][src.modRNN.training.training_loop][INFO] - 	 Starting Epoch: 1060
[2026-05-04 16:56:27,577][src.modRNN.training.training_loop][INFO] - train epoch 1060 MSE 0.0006 nMSE 0.0043
[2026-05-04 16:56:27,578][src.modRNN.training.training_loop][INFO] - 	 Starting Epoch: 1061
[2026-05-04 16:56:27,695][src.modRNN.training.training_loop][INFO] - train epoch 1061 MSE 0.0006 nMSE 0.0045
[2026-05-04 16:56:27,696][src.modRNN.training.training_loop][INFO] - 	 Starting Epoch: 1062
[2026-05-04 16:56:27,816][src.modRNN.training.training_loop][INFO] - train epoch 1062 MSE 0.0006 nMSE 0.0042
[2026-05-04 16:56:27,817][src.modRNN.training.training_loop][INFO] - 	 Starting Epoch: 1063
[2026-05-04 16:56:27,940][src.modRNN.training.training_loop][INFO] - train epoch 1063 MSE 0.0005 nMSE 0.0038
[2026-05-04 16:56:27,941][src.modRNN.training.training_loop][INFO] - 	 Starting Epoch: 1064
[2026-05-04 16:56:28,059][src.modRNN.training.training_loop][INFO] - train epoch 1064 MSE 0.0006 nMSE 0.0044
[2026-05-04 16:56:28,060][src.modRNN.training.training_loop][INFO] - 	 Starting Epoch: 1065
[2026-05-04 16:56:28,177][src.modRNN.training.training_loop][INFO] - train epoch 1065 MSE 0.0005 nMSE 0.0040
[2026-05-04 16:56:28,178][src.modRNN.training.training_loop][INFO] - 	 Starting Epoch: 1066
[2026-05-04 16:56:28,295][src.modRNN.training.training_loop][INFO] - train epoch 1066 MSE 0.0006 nMSE 0.0042
[2026-05-04 16:56:28,295][src.modRNN.training.training_loop][INFO] - 	 Starting Epoch: 1067
[2026-05-04 16:56:28,413][src.modRNN.training.training_loop][INFO] - train epoch 1067 MSE 0.0005 nMSE 0.0034
[2026-05-04 16:56:28,413][src.modRNN.training.training_loop][INFO] - 	 Starting Epoch: 1068
[2026-05-04 16:56:28,532][src.modRNN.training.training_loop][INFO] - train epoch 1068 MSE 0.0005 nMSE 0.0041
[2026-05-04 16:56:28,533][src.modRNN.training.training_loop][INFO] - 	 Starting Epoch: 1069
[2026-05-04 16:56:28,650][src.modRNN.training.training_loop][INFO] - train epoch 1069 MSE 0.0007 nMSE 0.0052
[2026-05-04 16:56:28,651][src.modRNN.training.training_loop][INFO] - 	 Starting Epoch: 1070
[2026-05-04 16:56:28,767][src.modRNN.training.training_loop][INFO] - train epoch 1070 MSE 0.0005 nMSE 0.0039
[2026-05-04 16:56:28,768][src.modRNN.training.training_loop][INFO] - 	 Starting Epoch: 1071
[2026-05-04 16:56:28,886][src.modRNN.training.training_loop][INFO] - train epoch 1071 MSE 0.0005 nMSE 0.0038
[2026-05-04 16:56:28,887][src.modRNN.training.training_loop][INFO] - 	 Starting Epoch: 1072
[2026-05-04 16:56:29,006][src.modRNN.training.training_loop][INFO] - train epoch 1072 MSE 0.0007 nMSE 0.0049
[2026-05-04 16:56:29,006][src.modRNN.training.training_loop][INFO] - 	 Starting Epoch: 1073
[2026-05-04 16:56:29,129][src.modRNN.training.training_loop][INFO] - train epoch 1073 MSE 0.0006 nMSE 0.0042
[2026-05-04 16:56:29,130][src.modRNN.training.training_loop][INFO] - 	 Starting Epoch: 1074
[2026-05-04 16:56:29,250][src.modRNN.training.training_loop][INFO] - train epoch 1074 MSE 0.0005 nMSE 0.0040
[2026-05-04 16:56:29,251][src.modRNN.training.training_loop][INFO] - 	 Starting Epoch: 1075
[2026-05-04 16:56:29,369][src.modRNN.training.training_loop][INFO] - train epoch 1075 MSE 0.0006 nMSE 0.0043
[2026-05-04 16:56:29,369][src.modRNN.training.training_loop][INFO] - 	 Starting Epoch: 1076
[2026-05-04 16:56:29,487][src.modRNN.training.training_loop][INFO] - train epoch 1076 MSE 0.0005 nMSE 0.0035
[2026-05-04 16:56:29,534][src.modRNN.training.training_loop][INFO] - eval  epoch 1076 MSE 0.0006 nMSE 0.0045
[2026-05-04 16:56:29,535][src.modRNN.training.training_loop][INFO] - 	 Starting Epoch: 1077
[2026-05-04 16:56:29,654][src.modRNN.training.training_loop][INFO] - train epoch 1077 MSE 0.0006 nMSE 0.0045
[2026-05-04 16:56:29,655][src.modRNN.training.training_loop][INFO] - 	 Starting Epoch: 1078
[2026-05-04 16:56:29,776][src.modRNN.training.training_loop][INFO] - train epoch 1078 MSE 0.0005 nMSE 0.0040
[2026-05-04 16:56:29,776][src.modRNN.training.training_loop][INFO] - 	 Starting Epoch: 1079
[2026-05-04 16:56:29,894][src.modRNN.training.training_loop][INFO] - train epoch 1079 MSE 0.0005 nMSE 0.0038
[2026-05-04 16:56:29,895][src.modRNN.training.training_loop][INFO] - 	 Starting Epoch: 1080
[2026-05-04 16:56:30,012][src.modRNN.training.training_loop][INFO] - train epoch 1080 MSE 0.0005 nMSE 0.0038
[2026-05-04 16:56:30,013][src.modRNN.training.training_loop][INFO] - 	 Starting Epoch: 1081
[2026-05-04 16:56:30,134][src.modRNN.training.training_loop][INFO] - train epoch 1081 MSE 0.0006 nMSE 0.0048
[2026-05-04 16:56:30,135][src.modRNN.training.training_loop][INFO] - 	 Starting Epoch: 1082
[2026-05-04 16:56:30,254][src.modRNN.training.training_loop][INFO] - train epoch 1082 MSE 0.0005 nMSE 0.0038
[2026-05-04 16:56:30,255][src.modRNN.training.training_loop][INFO] - 	 Starting Epoch: 1083
[2026-05-04 16:56:30,372][src.modRNN.training.training_loop][INFO] - train epoch 1083 MSE 0.0004 nMSE 0.0033
[2026-05-04 16:56:30,373][src.modRNN.training.training_loop][INFO] - 	 Starting Epoch: 1084
[2026-05-04 16:56:30,489][src.modRNN.training.training_loop][INFO] - train epoch 1084 MSE 0.0005 nMSE 0.0034
[2026-05-04 16:56:30,490][src.modRNN.training.training_loop][INFO] - 	 Starting Epoch: 1085
[2026-05-04 16:56:30,610][src.modRNN.training.training_loop][INFO] - train epoch 1085 MSE 0.0005 nMSE 0.0035
[2026-05-04 16:56:30,611][src.modRNN.training.training_loop][INFO] - 	 Starting Epoch: 1086
[2026-05-04 16:56:30,730][src.modRNN.training.training_loop][INFO] - train epoch 1086 MSE 0.0005 nMSE 0.0038
[2026-05-04 16:56:30,730][src.modRNN.training.training_loop][INFO] - 	 Starting Epoch: 1087
[2026-05-04 16:56:30,848][src.modRNN.training.training_loop][INFO] - train epoch 1087 MSE 0.0005 nMSE 0.0036
[2026-05-04 16:56:30,849][src.modRNN.training.training_loop][INFO] - 	 Starting Epoch: 1088
[2026-05-04 16:56:30,966][src.modRNN.training.training_loop][INFO] - train epoch 1088 MSE 0.0005 nMSE 0.0038
[2026-05-04 16:56:30,967][src.modRNN.training.training_loop][INFO] - 	 Starting Epoch: 1089
[2026-05-04 16:56:31,083][src.modRNN.training.training_loop][INFO] - train epoch 1089 MSE 0.0005 nMSE 0.0037
[2026-05-04 16:56:31,084][src.modRNN.training.training_loop][INFO] - 	 Starting Epoch: 1090
[2026-05-04 16:56:31,200][src.modRNN.training.training_loop][INFO] - train epoch 1090 MSE 0.0005 nMSE 0.0036
[2026-05-04 16:56:31,201][src.modRNN.training.training_loop][INFO] - 	 Starting Epoch: 1091
[2026-05-04 16:56:31,322][src.modRNN.training.training_loop][INFO] - train epoch 1091 MSE 0.0006 nMSE 0.0046
[2026-05-04 16:56:31,323][src.modRNN.training.training_loop][INFO] - 	 Starting Epoch: 1092
[2026-05-04 16:56:31,445][src.modRNN.training.training_loop][INFO] - train epoch 1092 MSE 0.0006 nMSE 0.0046
[2026-05-04 16:56:31,446][src.modRNN.training.training_loop][INFO] - 	 Starting Epoch: 1093
[2026-05-04 16:56:31,561][src.modRNN.training.training_loop][INFO] - train epoch 1093 MSE 0.0005 nMSE 0.0037
[2026-05-04 16:56:31,562][src.modRNN.training.training_loop][INFO] - 	 Starting Epoch: 1094
[2026-05-04 16:56:31,678][src.modRNN.training.training_loop][INFO] - train epoch 1094 MSE 0.0006 nMSE 0.0042
[2026-05-04 16:56:31,679][src.modRNN.training.training_loop][INFO] - 	 Starting Epoch: 1095
[2026-05-04 16:56:31,797][src.modRNN.training.training_loop][INFO] - train epoch 1095 MSE 0.0006 nMSE 0.0044
[2026-05-04 16:56:31,798][src.modRNN.training.training_loop][INFO] - 	 Starting Epoch: 1096
[2026-05-04 16:56:31,913][src.modRNN.training.training_loop][INFO] - train epoch 1096 MSE 0.0005 nMSE 0.0041
[2026-05-04 16:56:31,914][src.modRNN.training.training_loop][INFO] - 	 Starting Epoch: 1097
[2026-05-04 16:56:32,028][src.modRNN.training.training_loop][INFO] - train epoch 1097 MSE 0.0006 nMSE 0.0042
[2026-05-04 16:56:32,029][src.modRNN.training.training_loop][INFO] - 	 Starting Epoch: 1098
[2026-05-04 16:56:32,143][src.modRNN.training.training_loop][INFO] - train epoch 1098 MSE 0.0005 nMSE 0.0036
[2026-05-04 16:56:32,144][src.modRNN.training.training_loop][INFO] - 	 Starting Epoch: 1099
[2026-05-04 16:56:32,259][src.modRNN.training.training_loop][INFO] - train epoch 1099 MSE 0.0005 nMSE 0.0041
[2026-05-04 16:56:32,260][src.modRNN.training.training_loop][INFO] - 	 Starting Epoch: 1100
[2026-05-04 16:56:32,374][src.modRNN.training.training_loop][INFO] - train epoch 1100 MSE 0.0005 nMSE 0.0036
[2026-05-04 16:56:32,375][src.modRNN.training.training_loop][INFO] - 	 Starting Epoch: 1101
[2026-05-04 16:56:32,492][src.modRNN.training.training_loop][INFO] - train epoch 1101 MSE 0.0005 nMSE 0.0036
[2026-05-04 16:56:32,543][src.modRNN.training.training_loop][INFO] - eval  epoch 1101 MSE 0.0005 nMSE 0.0037
[2026-05-04 16:56:32,543][src.modRNN.training.training_loop][INFO] - 	 Starting Epoch: 1102
[2026-05-04 16:56:32,662][src.modRNN.training.training_loop][INFO] - train epoch 1102 MSE 0.0005 nMSE 0.0037
[2026-05-04 16:56:32,663][src.modRNN.training.training_loop][INFO] - 	 Starting Epoch: 1103
[2026-05-04 16:56:32,777][src.modRNN.training.training_loop][INFO] - train epoch 1103 MSE 0.0005 nMSE 0.0040
[2026-05-04 16:56:32,778][src.modRNN.training.training_loop][INFO] - 	 Starting Epoch: 1104
[2026-05-04 16:56:32,893][src.modRNN.training.training_loop][INFO] - train epoch 1104 MSE 0.0005 nMSE 0.0035
[2026-05-04 16:56:32,894][src.modRNN.training.training_loop][INFO] - 	 Starting Epoch: 1105
[2026-05-04 16:56:33,013][src.modRNN.training.training_loop][INFO] - train epoch 1105 MSE 0.0005 nMSE 0.0038
[2026-05-04 16:56:33,014][src.modRNN.training.training_loop][INFO] - 	 Starting Epoch: 1106
[2026-05-04 16:56:33,131][src.modRNN.training.training_loop][INFO] - train epoch 1106 MSE 0.0007 nMSE 0.0049
[2026-05-04 16:56:33,132][src.modRNN.training.training_loop][INFO] - 	 Starting Epoch: 1107
[2026-05-04 16:56:33,246][src.modRNN.training.training_loop][INFO] - train epoch 1107 MSE 0.0004 nMSE 0.0032
[2026-05-04 16:56:33,247][src.modRNN.training.training_loop][INFO] - 	 Starting Epoch: 1108
[2026-05-04 16:56:33,361][src.modRNN.training.training_loop][INFO] - train epoch 1108 MSE 0.0005 nMSE 0.0039
[2026-05-04 16:56:33,362][src.modRNN.training.training_loop][INFO] - 	 Starting Epoch: 1109
[2026-05-04 16:56:33,478][src.modRNN.training.training_loop][INFO] - train epoch 1109 MSE 0.0006 nMSE 0.0044
[2026-05-04 16:56:33,478][src.modRNN.training.training_loop][INFO] - 	 Starting Epoch: 1110
[2026-05-04 16:56:33,594][src.modRNN.training.training_loop][INFO] - train epoch 1110 MSE 0.0005 nMSE 0.0037
[2026-05-04 16:56:33,595][src.modRNN.training.training_loop][INFO] - 	 Starting Epoch: 1111
[2026-05-04 16:56:33,711][src.modRNN.training.training_loop][INFO] - train epoch 1111 MSE 0.0005 nMSE 0.0039
[2026-05-04 16:56:33,712][src.modRNN.training.training_loop][INFO] - 	 Starting Epoch: 1112
[2026-05-04 16:56:33,833][src.modRNN.training.training_loop][INFO] - train epoch 1112 MSE 0.0006 nMSE 0.0043
[2026-05-04 16:56:33,834][src.modRNN.training.training_loop][INFO] - 	 Starting Epoch: 1113
[2026-05-04 16:56:33,953][src.modRNN.training.training_loop][INFO] - train epoch 1113 MSE 0.0006 nMSE 0.0043
[2026-05-04 16:56:33,954][src.modRNN.training.training_loop][INFO] - 	 Starting Epoch: 1114
[2026-05-04 16:56:34,069][src.modRNN.training.training_loop][INFO] - train epoch 1114 MSE 0.0004 nMSE 0.0033
[2026-05-04 16:56:34,070][src.modRNN.training.training_loop][INFO] - 	 Starting Epoch: 1115
[2026-05-04 16:56:34,185][src.modRNN.training.training_loop][INFO] - train epoch 1115 MSE 0.0006 nMSE 0.0045
[2026-05-04 16:56:34,186][src.modRNN.training.training_loop][INFO] - 	 Starting Epoch: 1116
[2026-05-04 16:56:34,302][src.modRNN.training.training_loop][INFO] - train epoch 1116 MSE 0.0005 nMSE 0.0037
[2026-05-04 16:56:34,303][src.modRNN.training.training_loop][INFO] - 	 Starting Epoch: 1117
[2026-05-04 16:56:34,419][src.modRNN.training.training_loop][INFO] - train epoch 1117 MSE 0.0006 nMSE 0.0048
[2026-05-04 16:56:34,420][src.modRNN.training.training_loop][INFO] - 	 Starting Epoch: 1118
[2026-05-04 16:56:34,536][src.modRNN.training.training_loop][INFO] - train epoch 1118 MSE 0.0005 nMSE 0.0040
[2026-05-04 16:56:34,536][src.modRNN.training.training_loop][INFO] - 	 Starting Epoch: 1119
[2026-05-04 16:56:34,651][src.modRNN.training.training_loop][INFO] - train epoch 1119 MSE 0.0007 nMSE 0.0050
[2026-05-04 16:56:34,651][src.modRNN.training.training_loop][INFO] - 	 Starting Epoch: 1120
[2026-05-04 16:56:34,766][src.modRNN.training.training_loop][INFO] - train epoch 1120 MSE 0.0005 nMSE 0.0038
[2026-05-04 16:56:34,767][src.modRNN.training.training_loop][INFO] - 	 Starting Epoch: 1121
[2026-05-04 16:56:34,884][src.modRNN.training.training_loop][INFO] - train epoch 1121 MSE 0.0005 nMSE 0.0037
[2026-05-04 16:56:34,885][src.modRNN.training.training_loop][INFO] - 	 Starting Epoch: 1122
[2026-05-04 16:56:35,002][src.modRNN.training.training_loop][INFO] - train epoch 1122 MSE 0.0005 nMSE 0.0036
[2026-05-04 16:56:35,002][src.modRNN.training.training_loop][INFO] - 	 Starting Epoch: 1123
[2026-05-04 16:56:35,119][src.modRNN.training.training_loop][INFO] - train epoch 1123 MSE 0.0004 nMSE 0.0034
[2026-05-04 16:56:35,120][src.modRNN.training.training_loop][INFO] - 	 Starting Epoch: 1124
[2026-05-04 16:56:35,235][src.modRNN.training.training_loop][INFO] - train epoch 1124 MSE 0.0005 nMSE 0.0038
[2026-05-04 16:56:35,236][src.modRNN.training.training_loop][INFO] - 	 Starting Epoch: 1125
[2026-05-04 16:56:35,352][src.modRNN.training.training_loop][INFO] - train epoch 1125 MSE 0.0005 nMSE 0.0037
[2026-05-04 16:56:35,353][src.modRNN.training.training_loop][INFO] - 	 Starting Epoch: 1126
[2026-05-04 16:56:35,475][src.modRNN.training.training_loop][INFO] - train epoch 1126 MSE 0.0005 nMSE 0.0035
[2026-05-04 16:56:35,525][src.modRNN.training.training_loop][INFO] - eval  epoch 1126 MSE 0.0005 nMSE 0.0037
[2026-05-04 16:56:35,525][src.modRNN.training.training_loop][INFO] - 	 Starting Epoch: 1127
[2026-05-04 16:56:35,641][src.modRNN.training.training_loop][INFO] - train epoch 1127 MSE 0.0005 nMSE 0.0037
[2026-05-04 16:56:35,642][src.modRNN.training.training_loop][INFO] - 	 Starting Epoch: 1128
[2026-05-04 16:56:35,757][src.modRNN.training.training_loop][INFO] - train epoch 1128 MSE 0.0006 nMSE 0.0045
[2026-05-04 16:56:35,757][src.modRNN.training.training_loop][INFO] - 	 Starting Epoch: 1129
[2026-05-04 16:56:35,878][src.modRNN.training.training_loop][INFO] - train epoch 1129 MSE 0.0005 nMSE 0.0039
[2026-05-04 16:56:35,879][src.modRNN.training.training_loop][INFO] - 	 Starting Epoch: 1130
[2026-05-04 16:56:35,996][src.modRNN.training.training_loop][INFO] - train epoch 1130 MSE 0.0005 nMSE 0.0034
[2026-05-04 16:56:35,997][src.modRNN.training.training_loop][INFO] - 	 Starting Epoch: 1131
[2026-05-04 16:56:36,111][src.modRNN.training.training_loop][INFO] - train epoch 1131 MSE 0.0005 nMSE 0.0038
[2026-05-04 16:56:36,112][src.modRNN.training.training_loop][INFO] - 	 Starting Epoch: 1132
[2026-05-04 16:56:36,226][src.modRNN.training.training_loop][INFO] - train epoch 1132 MSE 0.0005 nMSE 0.0036
[2026-05-04 16:56:36,227][src.modRNN.training.training_loop][INFO] - 	 Starting Epoch: 1133
[2026-05-04 16:56:36,344][src.modRNN.training.training_loop][INFO] - train epoch 1133 MSE 0.0006 nMSE 0.0043
[2026-05-04 16:56:36,345][src.modRNN.training.training_loop][INFO] - 	 Starting Epoch: 1134
[2026-05-04 16:56:36,458][src.modRNN.training.training_loop][INFO] - train epoch 1134 MSE 0.0005 nMSE 0.0035
[2026-05-04 16:56:36,459][src.modRNN.training.training_loop][INFO] - 	 Starting Epoch: 1135
[2026-05-04 16:56:36,573][src.modRNN.training.training_loop][INFO] - train epoch 1135 MSE 0.0005 nMSE 0.0038
[2026-05-04 16:56:36,574][src.modRNN.training.training_loop][INFO] - 	 Starting Epoch: 1136
[2026-05-04 16:56:36,690][src.modRNN.training.training_loop][INFO] - train epoch 1136 MSE 0.0005 nMSE 0.0038
[2026-05-04 16:56:36,690][src.modRNN.training.training_loop][INFO] - 	 Starting Epoch: 1137
[2026-05-04 16:56:36,806][src.modRNN.training.training_loop][INFO] - train epoch 1137 MSE 0.0005 nMSE 0.0038
[2026-05-04 16:56:36,807][src.modRNN.training.training_loop][INFO] - 	 Starting Epoch: 1138
[2026-05-04 16:56:36,921][src.modRNN.training.training_loop][INFO] - train epoch 1138 MSE 0.0006 nMSE 0.0042
[2026-05-04 16:56:36,922][src.modRNN.training.training_loop][INFO] - 	 Starting Epoch: 1139
[2026-05-04 16:56:37,037][src.modRNN.training.training_loop][INFO] - train epoch 1139 MSE 0.0004 nMSE 0.0033
[2026-05-04 16:56:37,038][src.modRNN.training.training_loop][INFO] - 	 Starting Epoch: 1140
[2026-05-04 16:56:37,156][src.modRNN.training.training_loop][INFO] - train epoch 1140 MSE 0.0005 nMSE 0.0037
[2026-05-04 16:56:37,157][src.modRNN.training.training_loop][INFO] - 	 Starting Epoch: 1141
[2026-05-04 16:56:37,273][src.modRNN.training.training_loop][INFO] - train epoch 1141 MSE 0.0005 nMSE 0.0035
[2026-05-04 16:56:37,273][src.modRNN.training.training_loop][INFO] - 	 Starting Epoch: 1142
[2026-05-04 16:56:37,388][src.modRNN.training.training_loop][INFO] - train epoch 1142 MSE 0.0005 nMSE 0.0037
[2026-05-04 16:56:37,389][src.modRNN.training.training_loop][INFO] - 	 Starting Epoch: 1143
[2026-05-04 16:56:37,510][src.modRNN.training.training_loop][INFO] - train epoch 1143 MSE 0.0005 nMSE 0.0037
[2026-05-04 16:56:37,510][src.modRNN.training.training_loop][INFO] - 	 Starting Epoch: 1144
[2026-05-04 16:56:37,627][src.modRNN.training.training_loop][INFO] - train epoch 1144 MSE 0.0005 nMSE 0.0035
[2026-05-04 16:56:37,628][src.modRNN.training.training_loop][INFO] - 	 Starting Epoch: 1145
[2026-05-04 16:56:37,743][src.modRNN.training.training_loop][INFO] - train epoch 1145 MSE 0.0005 nMSE 0.0038
[2026-05-04 16:56:37,743][src.modRNN.training.training_loop][INFO] - 	 Starting Epoch: 1146
[2026-05-04 16:56:37,860][src.modRNN.training.training_loop][INFO] - train epoch 1146 MSE 0.0005 nMSE 0.0035
[2026-05-04 16:56:37,861][src.modRNN.training.training_loop][INFO] - 	 Starting Epoch: 1147
[2026-05-04 16:56:37,981][src.modRNN.training.training_loop][INFO] - train epoch 1147 MSE 0.0006 nMSE 0.0043
[2026-05-04 16:56:37,982][src.modRNN.training.training_loop][INFO] - 	 Starting Epoch: 1148
[2026-05-04 16:56:38,095][src.modRNN.training.training_loop][INFO] - train epoch 1148 MSE 0.0005 nMSE 0.0038
[2026-05-04 16:56:38,096][src.modRNN.training.training_loop][INFO] - 	 Starting Epoch: 1149
[2026-05-04 16:56:38,211][src.modRNN.training.training_loop][INFO] - train epoch 1149 MSE 0.0006 nMSE 0.0046
[2026-05-04 16:56:38,212][src.modRNN.training.training_loop][INFO] - 	 Starting Epoch: 1150
[2026-05-04 16:56:38,328][src.modRNN.training.training_loop][INFO] - train epoch 1150 MSE 0.0006 nMSE 0.0044
[2026-05-04 16:56:38,329][src.modRNN.training.training_loop][INFO] - 	 Starting Epoch: 1151
[2026-05-04 16:56:38,445][src.modRNN.training.training_loop][INFO] - train epoch 1151 MSE 0.0005 nMSE 0.0038
[2026-05-04 16:56:38,490][src.modRNN.training.training_loop][INFO] - eval  epoch 1151 MSE 0.0006 nMSE 0.0042
[2026-05-04 16:56:38,491][src.modRNN.training.training_loop][INFO] - 	 Starting Epoch: 1152
[2026-05-04 16:56:38,606][src.modRNN.training.training_loop][INFO] - train epoch 1152 MSE 0.0006 nMSE 0.0042
[2026-05-04 16:56:38,607][src.modRNN.training.training_loop][INFO] - 	 Starting Epoch: 1153
[2026-05-04 16:56:38,722][src.modRNN.training.training_loop][INFO] - train epoch 1153 MSE 0.0006 nMSE 0.0044
[2026-05-04 16:56:38,722][src.modRNN.training.training_loop][INFO] - 	 Starting Epoch: 1154
[2026-05-04 16:56:38,839][src.modRNN.training.training_loop][INFO] - train epoch 1154 MSE 0.0006 nMSE 0.0044
[2026-05-04 16:56:38,840][src.modRNN.training.training_loop][INFO] - 	 Starting Epoch: 1155
[2026-05-04 16:56:38,962][src.modRNN.training.training_loop][INFO] - train epoch 1155 MSE 0.0007 nMSE 0.0056
[2026-05-04 16:56:38,963][src.modRNN.training.training_loop][INFO] - 	 Starting Epoch: 1156
[2026-05-04 16:56:39,081][src.modRNN.training.training_loop][INFO] - train epoch 1156 MSE 0.0005 nMSE 0.0040
[2026-05-04 16:56:39,081][src.modRNN.training.training_loop][INFO] - 	 Starting Epoch: 1157
[2026-05-04 16:56:39,197][src.modRNN.training.training_loop][INFO] - train epoch 1157 MSE 0.0009 nMSE 0.0065
[2026-05-04 16:56:39,197][src.modRNN.training.training_loop][INFO] - 	 Starting Epoch: 1158
[2026-05-04 16:56:39,312][src.modRNN.training.training_loop][INFO] - train epoch 1158 MSE 0.0006 nMSE 0.0048
[2026-05-04 16:56:39,313][src.modRNN.training.training_loop][INFO] - 	 Starting Epoch: 1159
[2026-05-04 16:56:39,429][src.modRNN.training.training_loop][INFO] - train epoch 1159 MSE 0.0007 nMSE 0.0050
[2026-05-04 16:56:39,430][src.modRNN.training.training_loop][INFO] - 	 Starting Epoch: 1160
[2026-05-04 16:56:39,544][src.modRNN.training.training_loop][INFO] - train epoch 1160 MSE 0.0007 nMSE 0.0056
[2026-05-04 16:56:39,545][src.modRNN.training.training_loop][INFO] - 	 Starting Epoch: 1161
[2026-05-04 16:56:39,662][src.modRNN.training.training_loop][INFO] - train epoch 1161 MSE 0.0006 nMSE 0.0043
[2026-05-04 16:56:39,663][src.modRNN.training.training_loop][INFO] - 	 Starting Epoch: 1162
[2026-05-04 16:56:39,784][src.modRNN.training.training_loop][INFO] - train epoch 1162 MSE 0.0006 nMSE 0.0047
[2026-05-04 16:56:39,785][src.modRNN.training.training_loop][INFO] - 	 Starting Epoch: 1163
[2026-05-04 16:56:39,903][src.modRNN.training.training_loop][INFO] - train epoch 1163 MSE 0.0007 nMSE 0.0051
[2026-05-04 16:56:39,904][src.modRNN.training.training_loop][INFO] - 	 Starting Epoch: 1164
[2026-05-04 16:56:40,018][src.modRNN.training.training_loop][INFO] - train epoch 1164 MSE 0.0004 nMSE 0.0034
[2026-05-04 16:56:40,019][src.modRNN.training.training_loop][INFO] - 	 Starting Epoch: 1165
[2026-05-04 16:56:40,133][src.modRNN.training.training_loop][INFO] - train epoch 1165 MSE 0.0008 nMSE 0.0060
[2026-05-04 16:56:40,134][src.modRNN.training.training_loop][INFO] - 	 Starting Epoch: 1166
[2026-05-04 16:56:40,249][src.modRNN.training.training_loop][INFO] - train epoch 1166 MSE 0.0006 nMSE 0.0043
[2026-05-04 16:56:40,250][src.modRNN.training.training_loop][INFO] - 	 Starting Epoch: 1167
[2026-05-04 16:56:40,370][src.modRNN.training.training_loop][INFO] - train epoch 1167 MSE 0.0006 nMSE 0.0044
[2026-05-04 16:56:40,371][src.modRNN.training.training_loop][INFO] - 	 Starting Epoch: 1168
[2026-05-04 16:56:40,488][src.modRNN.training.training_loop][INFO] - train epoch 1168 MSE 0.0006 nMSE 0.0042
[2026-05-04 16:56:40,489][src.modRNN.training.training_loop][INFO] - 	 Starting Epoch: 1169
[2026-05-04 16:56:40,603][src.modRNN.training.training_loop][INFO] - train epoch 1169 MSE 0.0005 nMSE 0.0039
[2026-05-04 16:56:40,604][src.modRNN.training.training_loop][INFO] - 	 Starting Epoch: 1170
[2026-05-04 16:56:40,723][src.modRNN.training.training_loop][INFO] - train epoch 1170 MSE 0.0005 nMSE 0.0041
[2026-05-04 16:56:40,724][src.modRNN.training.training_loop][INFO] - 	 Starting Epoch: 1171
[2026-05-04 16:56:40,846][src.modRNN.training.training_loop][INFO] - train epoch 1171 MSE 0.0005 nMSE 0.0038
[2026-05-04 16:56:40,847][src.modRNN.training.training_loop][INFO] - 	 Starting Epoch: 1172
[2026-05-04 16:56:40,962][src.modRNN.training.training_loop][INFO] - train epoch 1172 MSE 0.0005 nMSE 0.0039
[2026-05-04 16:56:40,963][src.modRNN.training.training_loop][INFO] - 	 Starting Epoch: 1173
[2026-05-04 16:56:41,078][src.modRNN.training.training_loop][INFO] - train epoch 1173 MSE 0.0005 nMSE 0.0036
[2026-05-04 16:56:41,079][src.modRNN.training.training_loop][INFO] - 	 Starting Epoch: 1174
[2026-05-04 16:56:41,196][src.modRNN.training.training_loop][INFO] - train epoch 1174 MSE 0.0007 nMSE 0.0051
[2026-05-04 16:56:41,197][src.modRNN.training.training_loop][INFO] - 	 Starting Epoch: 1175
[2026-05-04 16:56:41,313][src.modRNN.training.training_loop][INFO] - train epoch 1175 MSE 0.0006 nMSE 0.0042
[2026-05-04 16:56:41,314][src.modRNN.training.training_loop][INFO] - 	 Starting Epoch: 1176
[2026-05-04 16:56:41,429][src.modRNN.training.training_loop][INFO] - train epoch 1176 MSE 0.0005 nMSE 0.0038
[2026-05-04 16:56:41,474][src.modRNN.training.training_loop][INFO] - eval  epoch 1176 MSE 0.0004 nMSE 0.0033
[2026-05-04 16:56:41,475][src.modRNN.training.training_loop][INFO] - 	 Starting Epoch: 1177
[2026-05-04 16:56:41,592][src.modRNN.training.training_loop][INFO] - train epoch 1177 MSE 0.0004 nMSE 0.0033
[2026-05-04 16:56:41,592][src.modRNN.training.training_loop][INFO] - 	 Starting Epoch: 1178
[2026-05-04 16:56:41,708][src.modRNN.training.training_loop][INFO] - train epoch 1178 MSE 0.0006 nMSE 0.0042
[2026-05-04 16:56:41,708][src.modRNN.training.training_loop][INFO] - 	 Starting Epoch: 1179
[2026-05-04 16:56:41,822][src.modRNN.training.training_loop][INFO] - train epoch 1179 MSE 0.0005 nMSE 0.0037
[2026-05-04 16:56:41,823][src.modRNN.training.training_loop][INFO] - 	 Starting Epoch: 1180
[2026-05-04 16:56:41,937][src.modRNN.training.training_loop][INFO] - train epoch 1180 MSE 0.0005 nMSE 0.0037
[2026-05-04 16:56:41,938][src.modRNN.training.training_loop][INFO] - 	 Starting Epoch: 1181
[2026-05-04 16:56:42,055][src.modRNN.training.training_loop][INFO] - train epoch 1181 MSE 0.0005 nMSE 0.0036
[2026-05-04 16:56:42,056][src.modRNN.training.training_loop][INFO] - 	 Starting Epoch: 1182
[2026-05-04 16:56:42,172][src.modRNN.training.training_loop][INFO] - train epoch 1182 MSE 0.0005 nMSE 0.0038
[2026-05-04 16:56:42,172][src.modRNN.training.training_loop][INFO] - 	 Starting Epoch: 1183
[2026-05-04 16:56:42,287][src.modRNN.training.training_loop][INFO] - train epoch 1183 MSE 0.0005 nMSE 0.0035
[2026-05-04 16:56:42,287][src.modRNN.training.training_loop][INFO] - 	 Starting Epoch: 1184
[2026-05-04 16:56:42,401][src.modRNN.training.training_loop][INFO] - train epoch 1184 MSE 0.0005 nMSE 0.0037
[2026-05-04 16:56:42,402][src.modRNN.training.training_loop][INFO] - 	 Starting Epoch: 1185
[2026-05-04 16:56:42,519][src.modRNN.training.training_loop][INFO] - train epoch 1185 MSE 0.0006 nMSE 0.0047
[2026-05-04 16:56:42,520][src.modRNN.training.training_loop][INFO] - 	 Starting Epoch: 1186
[2026-05-04 16:56:42,641][src.modRNN.training.training_loop][INFO] - train epoch 1186 MSE 0.0004 nMSE 0.0033
[2026-05-04 16:56:42,641][src.modRNN.training.training_loop][INFO] - 	 Starting Epoch: 1187
[2026-05-04 16:56:42,760][src.modRNN.training.training_loop][INFO] - train epoch 1187 MSE 0.0005 nMSE 0.0035
[2026-05-04 16:56:42,761][src.modRNN.training.training_loop][INFO] - 	 Starting Epoch: 1188
[2026-05-04 16:56:42,875][src.modRNN.training.training_loop][INFO] - train epoch 1188 MSE 0.0005 nMSE 0.0041
[2026-05-04 16:56:42,876][src.modRNN.training.training_loop][INFO] - 	 Starting Epoch: 1189
[2026-05-04 16:56:42,990][src.modRNN.training.training_loop][INFO] - train epoch 1189 MSE 0.0005 nMSE 0.0041
[2026-05-04 16:56:42,991][src.modRNN.training.training_loop][INFO] - 	 Starting Epoch: 1190
[2026-05-04 16:56:43,107][src.modRNN.training.training_loop][INFO] - train epoch 1190 MSE 0.0005 nMSE 0.0037
[2026-05-04 16:56:43,108][src.modRNN.training.training_loop][INFO] - 	 Starting Epoch: 1191
[2026-05-04 16:56:43,224][src.modRNN.training.training_loop][INFO] - train epoch 1191 MSE 0.0006 nMSE 0.0045
[2026-05-04 16:56:43,225][src.modRNN.training.training_loop][INFO] - 	 Starting Epoch: 1192
[2026-05-04 16:56:43,342][src.modRNN.training.training_loop][INFO] - train epoch 1192 MSE 0.0005 nMSE 0.0039
[2026-05-04 16:56:43,342][src.modRNN.training.training_loop][INFO] - 	 Starting Epoch: 1193
[2026-05-04 16:56:43,465][src.modRNN.training.training_loop][INFO] - train epoch 1193 MSE 0.0005 nMSE 0.0036
[2026-05-04 16:56:43,465][src.modRNN.training.training_loop][INFO] - 	 Starting Epoch: 1194
[2026-05-04 16:56:43,583][src.modRNN.training.training_loop][INFO] - train epoch 1194 MSE 0.0004 nMSE 0.0032
[2026-05-04 16:56:43,584][src.modRNN.training.training_loop][INFO] - 	 Starting Epoch: 1195
[2026-05-04 16:56:43,698][src.modRNN.training.training_loop][INFO] - train epoch 1195 MSE 0.0005 nMSE 0.0034
[2026-05-04 16:56:43,699][src.modRNN.training.training_loop][INFO] - 	 Starting Epoch: 1196
[2026-05-04 16:56:43,813][src.modRNN.training.training_loop][INFO] - train epoch 1196 MSE 0.0005 nMSE 0.0037
[2026-05-04 16:56:43,814][src.modRNN.training.training_loop][INFO] - 	 Starting Epoch: 1197
[2026-05-04 16:56:43,929][src.modRNN.training.training_loop][INFO] - train epoch 1197 MSE 0.0005 nMSE 0.0037
[2026-05-04 16:56:43,929][src.modRNN.training.training_loop][INFO] - 	 Starting Epoch: 1198
[2026-05-04 16:56:44,044][src.modRNN.training.training_loop][INFO] - train epoch 1198 MSE 0.0005 nMSE 0.0037
[2026-05-04 16:56:44,045][src.modRNN.training.training_loop][INFO] - 	 Starting Epoch: 1199
[2026-05-04 16:56:44,162][src.modRNN.training.training_loop][INFO] - train epoch 1199 MSE 0.0006 nMSE 0.0046
[2026-05-04 16:56:44,163][src.modRNN.training.training_loop][INFO] - 	 Starting Epoch: 1200
[2026-05-04 16:56:44,284][src.modRNN.training.training_loop][INFO] - train epoch 1200 MSE 0.0006 nMSE 0.0044
[2026-05-04 16:56:44,285][src.modRNN.training.training_loop][INFO] - 	 Starting Epoch: 1201
[2026-05-04 16:56:44,404][src.modRNN.training.training_loop][INFO] - train epoch 1201 MSE 0.0006 nMSE 0.0042
[2026-05-04 16:56:44,450][src.modRNN.training.training_loop][INFO] - eval  epoch 1201 MSE 0.0004 nMSE 0.0033
[2026-05-04 16:56:44,451][src.modRNN.training.training_loop][INFO] - 	 Starting Epoch: 1202
[2026-05-04 16:56:44,567][src.modRNN.training.training_loop][INFO] - train epoch 1202 MSE 0.0004 nMSE 0.0033
[2026-05-04 16:56:44,568][src.modRNN.training.training_loop][INFO] - 	 Starting Epoch: 1203
[2026-05-04 16:56:44,687][src.modRNN.training.training_loop][INFO] - train epoch 1203 MSE 0.0005 nMSE 0.0036
[2026-05-04 16:56:44,688][src.modRNN.training.training_loop][INFO] - 	 Starting Epoch: 1204
[2026-05-04 16:56:44,805][src.modRNN.training.training_loop][INFO] - train epoch 1204 MSE 0.0006 nMSE 0.0043
[2026-05-04 16:56:44,806][src.modRNN.training.training_loop][INFO] - 	 Starting Epoch: 1205
[2026-05-04 16:56:44,921][src.modRNN.training.training_loop][INFO] - train epoch 1205 MSE 0.0005 nMSE 0.0035
[2026-05-04 16:56:44,922][src.modRNN.training.training_loop][INFO] - 	 Starting Epoch: 1206
[2026-05-04 16:56:45,037][src.modRNN.training.training_loop][INFO] - train epoch 1206 MSE 0.0005 nMSE 0.0035
[2026-05-04 16:56:45,038][src.modRNN.training.training_loop][INFO] - 	 Starting Epoch: 1207
[2026-05-04 16:56:45,152][src.modRNN.training.training_loop][INFO] - train epoch 1207 MSE 0.0005 nMSE 0.0035
[2026-05-04 16:56:45,153][src.modRNN.training.training_loop][INFO] - 	 Starting Epoch: 1208
[2026-05-04 16:56:45,269][src.modRNN.training.training_loop][INFO] - train epoch 1208 MSE 0.0005 nMSE 0.0038
[2026-05-04 16:56:45,269][src.modRNN.training.training_loop][INFO] - 	 Starting Epoch: 1209
[2026-05-04 16:56:45,386][src.modRNN.training.training_loop][INFO] - train epoch 1209 MSE 0.0005 nMSE 0.0034
[2026-05-04 16:56:45,387][src.modRNN.training.training_loop][INFO] - 	 Starting Epoch: 1210
[2026-05-04 16:56:45,509][src.modRNN.training.training_loop][INFO] - train epoch 1210 MSE 0.0005 nMSE 0.0038
[2026-05-04 16:56:45,510][src.modRNN.training.training_loop][INFO] - 	 Starting Epoch: 1211
[2026-05-04 16:56:45,630][src.modRNN.training.training_loop][INFO] - train epoch 1211 MSE 0.0004 nMSE 0.0032
[2026-05-04 16:56:45,630][src.modRNN.training.training_loop][INFO] - 	 Starting Epoch: 1212
[2026-05-04 16:56:45,745][src.modRNN.training.training_loop][INFO] - train epoch 1212 MSE 0.0006 nMSE 0.0042
[2026-05-04 16:56:45,746][src.modRNN.training.training_loop][INFO] - 	 Starting Epoch: 1213
[2026-05-04 16:56:45,861][src.modRNN.training.training_loop][INFO] - train epoch 1213 MSE 0.0005 nMSE 0.0036
[2026-05-04 16:56:45,861][src.modRNN.training.training_loop][INFO] - 	 Starting Epoch: 1214
[2026-05-04 16:56:45,977][src.modRNN.training.training_loop][INFO] - train epoch 1214 MSE 0.0005 nMSE 0.0039
[2026-05-04 16:56:45,978][src.modRNN.training.training_loop][INFO] - 	 Starting Epoch: 1215
[2026-05-04 16:56:46,094][src.modRNN.training.training_loop][INFO] - train epoch 1215 MSE 0.0005 nMSE 0.0036
[2026-05-04 16:56:46,095][src.modRNN.training.training_loop][INFO] - 	 Starting Epoch: 1216
[2026-05-04 16:56:46,212][src.modRNN.training.training_loop][INFO] - train epoch 1216 MSE 0.0005 nMSE 0.0035
[2026-05-04 16:56:46,213][src.modRNN.training.training_loop][INFO] - 	 Starting Epoch: 1217
[2026-05-04 16:56:46,335][src.modRNN.training.training_loop][INFO] - train epoch 1217 MSE 0.0004 nMSE 0.0032
[2026-05-04 16:56:46,336][src.modRNN.training.training_loop][INFO] - 	 Starting Epoch: 1218
[2026-05-04 16:56:46,453][src.modRNN.training.training_loop][INFO] - train epoch 1218 MSE 0.0005 nMSE 0.0041
[2026-05-04 16:56:46,454][src.modRNN.training.training_loop][INFO] - 	 Starting Epoch: 1219
[2026-05-04 16:56:46,568][src.modRNN.training.training_loop][INFO] - train epoch 1219 MSE 0.0005 nMSE 0.0038
[2026-05-04 16:56:46,569][src.modRNN.training.training_loop][INFO] - 	 Starting Epoch: 1220
[2026-05-04 16:56:46,685][src.modRNN.training.training_loop][INFO] - train epoch 1220 MSE 0.0004 nMSE 0.0032
[2026-05-04 16:56:46,685][src.modRNN.training.training_loop][INFO] - 	 Starting Epoch: 1221
[2026-05-04 16:56:46,804][src.modRNN.training.training_loop][INFO] - train epoch 1221 MSE 0.0005 nMSE 0.0036
[2026-05-04 16:56:46,804][src.modRNN.training.training_loop][INFO] - 	 Starting Epoch: 1222
[2026-05-04 16:56:46,919][src.modRNN.training.training_loop][INFO] - train epoch 1222 MSE 0.0005 nMSE 0.0039
[2026-05-04 16:56:46,919][src.modRNN.training.training_loop][INFO] - 	 Starting Epoch: 1223
[2026-05-04 16:56:47,034][src.modRNN.training.training_loop][INFO] - train epoch 1223 MSE 0.0005 nMSE 0.0040
[2026-05-04 16:56:47,035][src.modRNN.training.training_loop][INFO] - 	 Starting Epoch: 1224
[2026-05-04 16:56:47,153][src.modRNN.training.training_loop][INFO] - train epoch 1224 MSE 0.0005 nMSE 0.0040
[2026-05-04 16:56:47,154][src.modRNN.training.training_loop][INFO] - 	 Starting Epoch: 1225
[2026-05-04 16:56:47,271][src.modRNN.training.training_loop][INFO] - train epoch 1225 MSE 0.0005 nMSE 0.0038
[2026-05-04 16:56:47,272][src.modRNN.training.training_loop][INFO] - 	 Starting Epoch: 1226
[2026-05-04 16:56:47,386][src.modRNN.training.training_loop][INFO] - train epoch 1226 MSE 0.0005 nMSE 0.0038
[2026-05-04 16:56:47,432][src.modRNN.training.training_loop][INFO] - eval  epoch 1226 MSE 0.0005 nMSE 0.0041
[2026-05-04 16:56:47,432][src.modRNN.training.training_loop][INFO] - 	 Starting Epoch: 1227
[2026-05-04 16:56:47,548][src.modRNN.training.training_loop][INFO] - train epoch 1227 MSE 0.0005 nMSE 0.0041
[2026-05-04 16:56:47,549][src.modRNN.training.training_loop][INFO] - 	 Starting Epoch: 1228
[2026-05-04 16:56:47,665][src.modRNN.training.training_loop][INFO] - train epoch 1228 MSE 0.0005 nMSE 0.0041
[2026-05-04 16:56:47,666][src.modRNN.training.training_loop][INFO] - 	 Starting Epoch: 1229
[2026-05-04 16:56:47,784][src.modRNN.training.training_loop][INFO] - train epoch 1229 MSE 0.0005 nMSE 0.0037
[2026-05-04 16:56:47,784][src.modRNN.training.training_loop][INFO] - 	 Starting Epoch: 1230
[2026-05-04 16:56:47,899][src.modRNN.training.training_loop][INFO] - train epoch 1230 MSE 0.0005 nMSE 0.0040
[2026-05-04 16:56:47,900][src.modRNN.training.training_loop][INFO] - 	 Starting Epoch: 1231
[2026-05-04 16:56:48,014][src.modRNN.training.training_loop][INFO] - train epoch 1231 MSE 0.0006 nMSE 0.0046
[2026-05-04 16:56:48,015][src.modRNN.training.training_loop][INFO] - 	 Starting Epoch: 1232
[2026-05-04 16:56:48,129][src.modRNN.training.training_loop][INFO] - train epoch 1232 MSE 0.0005 nMSE 0.0037
[2026-05-04 16:56:48,129][src.modRNN.training.training_loop][INFO] - 	 Starting Epoch: 1233
[2026-05-04 16:56:48,245][src.modRNN.training.training_loop][INFO] - train epoch 1233 MSE 0.0005 nMSE 0.0041
[2026-05-04 16:56:48,246][src.modRNN.training.training_loop][INFO] - 	 Starting Epoch: 1234
[2026-05-04 16:56:48,364][src.modRNN.training.training_loop][INFO] - train epoch 1234 MSE 0.0005 nMSE 0.0039
[2026-05-04 16:56:48,365][src.modRNN.training.training_loop][INFO] - 	 Starting Epoch: 1235
[2026-05-04 16:56:48,481][src.modRNN.training.training_loop][INFO] - train epoch 1235 MSE 0.0005 nMSE 0.0035
[2026-05-04 16:56:48,482][src.modRNN.training.training_loop][INFO] - 	 Starting Epoch: 1236
[2026-05-04 16:56:48,596][src.modRNN.training.training_loop][INFO] - train epoch 1236 MSE 0.0006 nMSE 0.0046
[2026-05-04 16:56:48,596][src.modRNN.training.training_loop][INFO] - 	 Starting Epoch: 1237
[2026-05-04 16:56:48,714][src.modRNN.training.training_loop][INFO] - train epoch 1237 MSE 0.0005 nMSE 0.0036
[2026-05-04 16:56:48,715][src.modRNN.training.training_loop][INFO] - 	 Starting Epoch: 1238
[2026-05-04 16:56:48,836][src.modRNN.training.training_loop][INFO] - train epoch 1238 MSE 0.0004 nMSE 0.0031
[2026-05-04 16:56:48,837][src.modRNN.training.training_loop][INFO] - 	 Starting Epoch: 1239
[2026-05-04 16:56:48,952][src.modRNN.training.training_loop][INFO] - train epoch 1239 MSE 0.0005 nMSE 0.0039
[2026-05-04 16:56:48,953][src.modRNN.training.training_loop][INFO] - 	 Starting Epoch: 1240
[2026-05-04 16:56:49,068][src.modRNN.training.training_loop][INFO] - train epoch 1240 MSE 0.0006 nMSE 0.0047
[2026-05-04 16:56:49,069][src.modRNN.training.training_loop][INFO] - 	 Starting Epoch: 1241
[2026-05-04 16:56:49,188][src.modRNN.training.training_loop][INFO] - train epoch 1241 MSE 0.0006 nMSE 0.0043
[2026-05-04 16:56:49,189][src.modRNN.training.training_loop][INFO] - 	 Starting Epoch: 1242
[2026-05-04 16:56:49,305][src.modRNN.training.training_loop][INFO] - train epoch 1242 MSE 0.0004 nMSE 0.0033
[2026-05-04 16:56:49,306][src.modRNN.training.training_loop][INFO] - 	 Starting Epoch: 1243
[2026-05-04 16:56:49,420][src.modRNN.training.training_loop][INFO] - train epoch 1243 MSE 0.0006 nMSE 0.0045
[2026-05-04 16:56:49,421][src.modRNN.training.training_loop][INFO] - 	 Starting Epoch: 1244
[2026-05-04 16:56:49,537][src.modRNN.training.training_loop][INFO] - train epoch 1244 MSE 0.0005 nMSE 0.0038
[2026-05-04 16:56:49,538][src.modRNN.training.training_loop][INFO] - 	 Starting Epoch: 1245
[2026-05-04 16:56:49,657][src.modRNN.training.training_loop][INFO] - train epoch 1245 MSE 0.0006 nMSE 0.0043
[2026-05-04 16:56:49,658][src.modRNN.training.training_loop][INFO] - 	 Starting Epoch: 1246
[2026-05-04 16:56:49,772][src.modRNN.training.training_loop][INFO] - train epoch 1246 MSE 0.0005 nMSE 0.0036
[2026-05-04 16:56:49,773][src.modRNN.training.training_loop][INFO] - 	 Starting Epoch: 1247
[2026-05-04 16:56:49,889][src.modRNN.training.training_loop][INFO] - train epoch 1247 MSE 0.0005 nMSE 0.0036
[2026-05-04 16:56:49,890][src.modRNN.training.training_loop][INFO] - 	 Starting Epoch: 1248
[2026-05-04 16:56:50,009][src.modRNN.training.training_loop][INFO] - train epoch 1248 MSE 0.0006 nMSE 0.0045
[2026-05-04 16:56:50,010][src.modRNN.training.training_loop][INFO] - 	 Starting Epoch: 1249
[2026-05-04 16:56:50,127][src.modRNN.training.training_loop][INFO] - train epoch 1249 MSE 0.0005 nMSE 0.0039
[2026-05-04 16:56:50,128][src.modRNN.training.training_loop][INFO] - 	 Starting Epoch: 1250
[2026-05-04 16:56:50,242][src.modRNN.training.training_loop][INFO] - train epoch 1250 MSE 0.0005 nMSE 0.0036
[2026-05-04 16:56:50,243][src.modRNN.training.training_loop][INFO] - 	 Starting Epoch: 1251
[2026-05-04 16:56:50,358][src.modRNN.training.training_loop][INFO] - train epoch 1251 MSE 0.0005 nMSE 0.0041
[2026-05-04 16:56:50,406][src.modRNN.training.training_loop][INFO] - eval  epoch 1251 MSE 0.0005 nMSE 0.0036
[2026-05-04 16:56:50,407][src.modRNN.training.training_loop][INFO] - 	 Starting Epoch: 1252
[2026-05-04 16:56:50,523][src.modRNN.training.training_loop][INFO] - train epoch 1252 MSE 0.0005 nMSE 0.0036
[2026-05-04 16:56:50,523][src.modRNN.training.training_loop][INFO] - 	 Starting Epoch: 1253
[2026-05-04 16:56:50,638][src.modRNN.training.training_loop][INFO] - train epoch 1253 MSE 0.0004 nMSE 0.0033
[2026-05-04 16:56:50,639][src.modRNN.training.training_loop][INFO] - 	 Starting Epoch: 1254
[2026-05-04 16:56:50,757][src.modRNN.training.training_loop][INFO] - train epoch 1254 MSE 0.0005 nMSE 0.0041
[2026-05-04 16:56:50,762][src.modRNN.training.training_loop][INFO] - 	 Starting Epoch: 1255
[2026-05-04 16:56:50,883][src.modRNN.training.training_loop][INFO] - train epoch 1255 MSE 0.0004 nMSE 0.0031
[2026-05-04 16:56:50,884][src.modRNN.training.training_loop][INFO] - 	 Starting Epoch: 1256
[2026-05-04 16:56:50,999][src.modRNN.training.training_loop][INFO] - train epoch 1256 MSE 0.0008 nMSE 0.0059
[2026-05-04 16:56:51,000][src.modRNN.training.training_loop][INFO] - 	 Starting Epoch: 1257
[2026-05-04 16:56:51,115][src.modRNN.training.training_loop][INFO] - train epoch 1257 MSE 0.0005 nMSE 0.0034
[2026-05-04 16:56:51,116][src.modRNN.training.training_loop][INFO] - 	 Starting Epoch: 1258
[2026-05-04 16:56:51,235][src.modRNN.training.training_loop][INFO] - train epoch 1258 MSE 0.0004 nMSE 0.0033
[2026-05-04 16:56:51,235][src.modRNN.training.training_loop][INFO] - 	 Starting Epoch: 1259
[2026-05-04 16:56:51,352][src.modRNN.training.training_loop][INFO] - train epoch 1259 MSE 0.0006 nMSE 0.0042
[2026-05-04 16:56:51,353][src.modRNN.training.training_loop][INFO] - 	 Starting Epoch: 1260
[2026-05-04 16:56:51,467][src.modRNN.training.training_loop][INFO] - train epoch 1260 MSE 0.0005 nMSE 0.0036
[2026-05-04 16:56:51,468][src.modRNN.training.training_loop][INFO] - 	 Starting Epoch: 1261
[2026-05-04 16:56:51,587][src.modRNN.training.training_loop][INFO] - train epoch 1261 MSE 0.0005 nMSE 0.0037
[2026-05-04 16:56:51,588][src.modRNN.training.training_loop][INFO] - 	 Starting Epoch: 1262
[2026-05-04 16:56:51,709][src.modRNN.training.training_loop][INFO] - train epoch 1262 MSE 0.0005 nMSE 0.0041
[2026-05-04 16:56:51,710][src.modRNN.training.training_loop][INFO] - 	 Starting Epoch: 1263
[2026-05-04 16:56:51,824][src.modRNN.training.training_loop][INFO] - train epoch 1263 MSE 0.0004 nMSE 0.0034
[2026-05-04 16:56:51,825][src.modRNN.training.training_loop][INFO] - 	 Starting Epoch: 1264
[2026-05-04 16:56:51,939][src.modRNN.training.training_loop][INFO] - train epoch 1264 MSE 0.0005 nMSE 0.0038
[2026-05-04 16:56:51,940][src.modRNN.training.training_loop][INFO] - 	 Starting Epoch: 1265
[2026-05-04 16:56:52,055][src.modRNN.training.training_loop][INFO] - train epoch 1265 MSE 0.0004 nMSE 0.0032
[2026-05-04 16:56:52,056][src.modRNN.training.training_loop][INFO] - 	 Starting Epoch: 1266
[2026-05-04 16:56:52,170][src.modRNN.training.training_loop][INFO] - train epoch 1266 MSE 0.0005 nMSE 0.0036
[2026-05-04 16:56:52,171][src.modRNN.training.training_loop][INFO] - 	 Starting Epoch: 1267
[2026-05-04 16:56:52,289][src.modRNN.training.training_loop][INFO] - train epoch 1267 MSE 0.0005 nMSE 0.0039
[2026-05-04 16:56:52,290][src.modRNN.training.training_loop][INFO] - 	 Starting Epoch: 1268
[2026-05-04 16:56:52,407][src.modRNN.training.training_loop][INFO] - train epoch 1268 MSE 0.0005 nMSE 0.0034
[2026-05-04 16:56:52,408][src.modRNN.training.training_loop][INFO] - 	 Starting Epoch: 1269
[2026-05-04 16:56:52,523][src.modRNN.training.training_loop][INFO] - train epoch 1269 MSE 0.0005 nMSE 0.0040
[2026-05-04 16:56:52,524][src.modRNN.training.training_loop][INFO] - 	 Starting Epoch: 1270
[2026-05-04 16:56:52,638][src.modRNN.training.training_loop][INFO] - train epoch 1270 MSE 0.0005 nMSE 0.0040
[2026-05-04 16:56:52,639][src.modRNN.training.training_loop][INFO] - 	 Starting Epoch: 1271
[2026-05-04 16:56:52,755][src.modRNN.training.training_loop][INFO] - train epoch 1271 MSE 0.0005 nMSE 0.0039
[2026-05-04 16:56:52,756][src.modRNN.training.training_loop][INFO] - 	 Starting Epoch: 1272
[2026-05-04 16:56:52,876][src.modRNN.training.training_loop][INFO] - train epoch 1272 MSE 0.0006 nMSE 0.0044
[2026-05-04 16:56:52,877][src.modRNN.training.training_loop][INFO] - 	 Starting Epoch: 1273
[2026-05-04 16:56:52,996][src.modRNN.training.training_loop][INFO] - train epoch 1273 MSE 0.0006 nMSE 0.0049
[2026-05-04 16:56:52,996][src.modRNN.training.training_loop][INFO] - 	 Starting Epoch: 1274
[2026-05-04 16:56:53,111][src.modRNN.training.training_loop][INFO] - train epoch 1274 MSE 0.0005 nMSE 0.0035
[2026-05-04 16:56:53,112][src.modRNN.training.training_loop][INFO] - 	 Starting Epoch: 1275
[2026-05-04 16:56:53,226][src.modRNN.training.training_loop][INFO] - train epoch 1275 MSE 0.0006 nMSE 0.0042
[2026-05-04 16:56:53,227][src.modRNN.training.training_loop][INFO] - 	 Starting Epoch: 1276
[2026-05-04 16:56:53,342][src.modRNN.training.training_loop][INFO] - train epoch 1276 MSE 0.0005 nMSE 0.0040
[2026-05-04 16:56:53,389][src.modRNN.training.training_loop][INFO] - eval  epoch 1276 MSE 0.0005 nMSE 0.0037
[2026-05-04 16:56:53,390][src.modRNN.training.training_loop][INFO] - 	 Starting Epoch: 1277
[2026-05-04 16:56:53,505][src.modRNN.training.training_loop][INFO] - train epoch 1277 MSE 0.0005 nMSE 0.0037
[2026-05-04 16:56:53,506][src.modRNN.training.training_loop][INFO] - 	 Starting Epoch: 1278
[2026-05-04 16:56:53,625][src.modRNN.training.training_loop][INFO] - train epoch 1278 MSE 0.0006 nMSE 0.0048
[2026-05-04 16:56:53,625][src.modRNN.training.training_loop][INFO] - 	 Starting Epoch: 1279
[2026-05-04 16:56:53,746][src.modRNN.training.training_loop][INFO] - train epoch 1279 MSE 0.0005 nMSE 0.0038
[2026-05-04 16:56:53,747][src.modRNN.training.training_loop][INFO] - 	 Starting Epoch: 1280
[2026-05-04 16:56:53,863][src.modRNN.training.training_loop][INFO] - train epoch 1280 MSE 0.0005 nMSE 0.0041
[2026-05-04 16:56:53,864][src.modRNN.training.training_loop][INFO] - 	 Starting Epoch: 1281
[2026-05-04 16:56:53,979][src.modRNN.training.training_loop][INFO] - train epoch 1281 MSE 0.0005 nMSE 0.0038
[2026-05-04 16:56:53,980][src.modRNN.training.training_loop][INFO] - 	 Starting Epoch: 1282
[2026-05-04 16:56:54,097][src.modRNN.training.training_loop][INFO] - train epoch 1282 MSE 0.0006 nMSE 0.0045
[2026-05-04 16:56:54,098][src.modRNN.training.training_loop][INFO] - 	 Starting Epoch: 1283
[2026-05-04 16:56:54,214][src.modRNN.training.training_loop][INFO] - train epoch 1283 MSE 0.0005 nMSE 0.0036
[2026-05-04 16:56:54,215][src.modRNN.training.training_loop][INFO] - 	 Starting Epoch: 1284
[2026-05-04 16:56:54,329][src.modRNN.training.training_loop][INFO] - train epoch 1284 MSE 0.0005 nMSE 0.0038
[2026-05-04 16:56:54,329][src.modRNN.training.training_loop][INFO] - 	 Starting Epoch: 1285
[2026-05-04 16:56:54,447][src.modRNN.training.training_loop][INFO] - train epoch 1285 MSE 0.0006 nMSE 0.0042
[2026-05-04 16:56:54,448][src.modRNN.training.training_loop][INFO] - 	 Starting Epoch: 1286
[2026-05-04 16:56:54,570][src.modRNN.training.training_loop][INFO] - train epoch 1286 MSE 0.0005 nMSE 0.0040
[2026-05-04 16:56:54,570][src.modRNN.training.training_loop][INFO] - 	 Starting Epoch: 1287
[2026-05-04 16:56:54,685][src.modRNN.training.training_loop][INFO] - train epoch 1287 MSE 0.0005 nMSE 0.0041
[2026-05-04 16:56:54,686][src.modRNN.training.training_loop][INFO] - 	 Starting Epoch: 1288
[2026-05-04 16:56:54,800][src.modRNN.training.training_loop][INFO] - train epoch 1288 MSE 0.0006 nMSE 0.0046
[2026-05-04 16:56:54,801][src.modRNN.training.training_loop][INFO] - 	 Starting Epoch: 1289
[2026-05-04 16:56:54,921][src.modRNN.training.training_loop][INFO] - train epoch 1289 MSE 0.0005 nMSE 0.0040
[2026-05-04 16:56:54,921][src.modRNN.training.training_loop][INFO] - 	 Starting Epoch: 1290
[2026-05-04 16:56:55,038][src.modRNN.training.training_loop][INFO] - train epoch 1290 MSE 0.0005 nMSE 0.0037
[2026-05-04 16:56:55,039][src.modRNN.training.training_loop][INFO] - 	 Starting Epoch: 1291
[2026-05-04 16:56:55,154][src.modRNN.training.training_loop][INFO] - train epoch 1291 MSE 0.0005 nMSE 0.0038
[2026-05-04 16:56:55,155][src.modRNN.training.training_loop][INFO] - 	 Starting Epoch: 1292
[2026-05-04 16:56:55,271][src.modRNN.training.training_loop][INFO] - train epoch 1292 MSE 0.0005 nMSE 0.0038
[2026-05-04 16:56:55,272][src.modRNN.training.training_loop][INFO] - 	 Starting Epoch: 1293
[2026-05-04 16:56:55,393][src.modRNN.training.training_loop][INFO] - train epoch 1293 MSE 0.0005 nMSE 0.0041
[2026-05-04 16:56:55,394][src.modRNN.training.training_loop][INFO] - 	 Starting Epoch: 1294
[2026-05-04 16:56:55,508][src.modRNN.training.training_loop][INFO] - train epoch 1294 MSE 0.0005 nMSE 0.0036
[2026-05-04 16:56:55,509][src.modRNN.training.training_loop][INFO] - 	 Starting Epoch: 1295
[2026-05-04 16:56:55,623][src.modRNN.training.training_loop][INFO] - train epoch 1295 MSE 0.0005 nMSE 0.0038
[2026-05-04 16:56:55,624][src.modRNN.training.training_loop][INFO] - 	 Starting Epoch: 1296
[2026-05-04 16:56:55,737][src.modRNN.training.training_loop][INFO] - train epoch 1296 MSE 0.0005 nMSE 0.0035
[2026-05-04 16:56:55,738][src.modRNN.training.training_loop][INFO] - 	 Starting Epoch: 1297
[2026-05-04 16:56:55,852][src.modRNN.training.training_loop][INFO] - train epoch 1297 MSE 0.0005 nMSE 0.0037
[2026-05-04 16:56:55,853][src.modRNN.training.training_loop][INFO] - 	 Starting Epoch: 1298
[2026-05-04 16:56:55,969][src.modRNN.training.training_loop][INFO] - train epoch 1298 MSE 0.0005 nMSE 0.0040
[2026-05-04 16:56:55,970][src.modRNN.training.training_loop][INFO] - 	 Starting Epoch: 1299
[2026-05-04 16:56:56,092][src.modRNN.training.training_loop][INFO] - train epoch 1299 MSE 0.0004 nMSE 0.0033
[2026-05-04 16:56:56,093][src.modRNN.training.training_loop][INFO] - 	 Starting Epoch: 1300
[2026-05-04 16:56:56,216][src.modRNN.training.training_loop][INFO] - train epoch 1300 MSE 0.0005 nMSE 0.0037
[2026-05-04 16:56:56,217][src.modRNN.training.training_loop][INFO] - 	 Starting Epoch: 1301
[2026-05-04 16:56:56,331][src.modRNN.training.training_loop][INFO] - train epoch 1301 MSE 0.0005 nMSE 0.0036
[2026-05-04 16:56:56,377][src.modRNN.training.training_loop][INFO] - eval  epoch 1301 MSE 0.0004 nMSE 0.0030
[2026-05-04 16:56:56,377][src.modRNN.training.training_loop][INFO] - 	 Starting Epoch: 1302
[2026-05-04 16:56:56,492][src.modRNN.training.training_loop][INFO] - train epoch 1302 MSE 0.0004 nMSE 0.0030
[2026-05-04 16:56:56,493][src.modRNN.training.training_loop][INFO] - 	 Starting Epoch: 1303
[2026-05-04 16:56:56,607][src.modRNN.training.training_loop][INFO] - train epoch 1303 MSE 0.0005 nMSE 0.0041
[2026-05-04 16:56:56,608][src.modRNN.training.training_loop][INFO] - 	 Starting Epoch: 1304
[2026-05-04 16:56:56,722][src.modRNN.training.training_loop][INFO] - train epoch 1304 MSE 0.0005 nMSE 0.0035
[2026-05-04 16:56:56,723][src.modRNN.training.training_loop][INFO] - 	 Starting Epoch: 1305
[2026-05-04 16:56:56,838][src.modRNN.training.training_loop][INFO] - train epoch 1305 MSE 0.0005 nMSE 0.0040
[2026-05-04 16:56:56,839][src.modRNN.training.training_loop][INFO] - 	 Starting Epoch: 1306
[2026-05-04 16:56:56,956][src.modRNN.training.training_loop][INFO] - train epoch 1306 MSE 0.0004 nMSE 0.0032
[2026-05-04 16:56:56,957][src.modRNN.training.training_loop][INFO] - 	 Starting Epoch: 1307
[2026-05-04 16:56:57,073][src.modRNN.training.training_loop][INFO] - train epoch 1307 MSE 0.0005 nMSE 0.0036
[2026-05-04 16:56:57,074][src.modRNN.training.training_loop][INFO] - 	 Starting Epoch: 1308
[2026-05-04 16:56:57,188][src.modRNN.training.training_loop][INFO] - train epoch 1308 MSE 0.0005 nMSE 0.0035
[2026-05-04 16:56:57,189][src.modRNN.training.training_loop][INFO] - 	 Starting Epoch: 1309
[2026-05-04 16:56:57,305][src.modRNN.training.training_loop][INFO] - train epoch 1309 MSE 0.0005 nMSE 0.0037
[2026-05-04 16:56:57,306][src.modRNN.training.training_loop][INFO] - 	 Starting Epoch: 1310
[2026-05-04 16:56:57,424][src.modRNN.training.training_loop][INFO] - train epoch 1310 MSE 0.0004 nMSE 0.0034
[2026-05-04 16:56:57,425][src.modRNN.training.training_loop][INFO] - 	 Starting Epoch: 1311
[2026-05-04 16:56:57,540][src.modRNN.training.training_loop][INFO] - train epoch 1311 MSE 0.0005 nMSE 0.0036
[2026-05-04 16:56:57,540][src.modRNN.training.training_loop][INFO] - 	 Starting Epoch: 1312
[2026-05-04 16:56:57,654][src.modRNN.training.training_loop][INFO] - train epoch 1312 MSE 0.0004 nMSE 0.0033
[2026-05-04 16:56:57,655][src.modRNN.training.training_loop][INFO] - 	 Starting Epoch: 1313
[2026-05-04 16:56:57,770][src.modRNN.training.training_loop][INFO] - train epoch 1313 MSE 0.0004 nMSE 0.0034
[2026-05-04 16:56:57,770][src.modRNN.training.training_loop][INFO] - 	 Starting Epoch: 1314
[2026-05-04 16:56:57,887][src.modRNN.training.training_loop][INFO] - train epoch 1314 MSE 0.0005 nMSE 0.0034
[2026-05-04 16:56:57,887][src.modRNN.training.training_loop][INFO] - 	 Starting Epoch: 1315
[2026-05-04 16:56:58,009][src.modRNN.training.training_loop][INFO] - train epoch 1315 MSE 0.0005 nMSE 0.0034
[2026-05-04 16:56:58,010][src.modRNN.training.training_loop][INFO] - 	 Starting Epoch: 1316
[2026-05-04 16:56:58,128][src.modRNN.training.training_loop][INFO] - train epoch 1316 MSE 0.0004 nMSE 0.0033
[2026-05-04 16:56:58,129][src.modRNN.training.training_loop][INFO] - 	 Starting Epoch: 1317
[2026-05-04 16:56:58,244][src.modRNN.training.training_loop][INFO] - train epoch 1317 MSE 0.0004 nMSE 0.0028
[2026-05-04 16:56:58,245][src.modRNN.training.training_loop][INFO] - 	 Starting Epoch: 1318
[2026-05-04 16:56:58,359][src.modRNN.training.training_loop][INFO] - train epoch 1318 MSE 0.0004 nMSE 0.0032
[2026-05-04 16:56:58,360][src.modRNN.training.training_loop][INFO] - 	 Starting Epoch: 1319
[2026-05-04 16:56:58,475][src.modRNN.training.training_loop][INFO] - train epoch 1319 MSE 0.0004 nMSE 0.0034
[2026-05-04 16:56:58,475][src.modRNN.training.training_loop][INFO] - 	 Starting Epoch: 1320
[2026-05-04 16:56:58,593][src.modRNN.training.training_loop][INFO] - train epoch 1320 MSE 0.0004 nMSE 0.0032
[2026-05-04 16:56:58,594][src.modRNN.training.training_loop][INFO] - 	 Starting Epoch: 1321
[2026-05-04 16:56:58,711][src.modRNN.training.training_loop][INFO] - train epoch 1321 MSE 0.0004 nMSE 0.0031
[2026-05-04 16:56:58,711][src.modRNN.training.training_loop][INFO] - 	 Starting Epoch: 1322
[2026-05-04 16:56:58,825][src.modRNN.training.training_loop][INFO] - train epoch 1322 MSE 0.0004 nMSE 0.0032
[2026-05-04 16:56:58,826][src.modRNN.training.training_loop][INFO] - 	 Starting Epoch: 1323
[2026-05-04 16:56:58,944][src.modRNN.training.training_loop][INFO] - train epoch 1323 MSE 0.0004 nMSE 0.0031
[2026-05-04 16:56:58,944][src.modRNN.training.training_loop][INFO] - 	 Starting Epoch: 1324
[2026-05-04 16:56:59,066][src.modRNN.training.training_loop][INFO] - train epoch 1324 MSE 0.0004 nMSE 0.0031
[2026-05-04 16:56:59,067][src.modRNN.training.training_loop][INFO] - 	 Starting Epoch: 1325
[2026-05-04 16:56:59,184][src.modRNN.training.training_loop][INFO] - train epoch 1325 MSE 0.0004 nMSE 0.0032
[2026-05-04 16:56:59,185][src.modRNN.training.training_loop][INFO] - 	 Starting Epoch: 1326
[2026-05-04 16:56:59,299][src.modRNN.training.training_loop][INFO] - train epoch 1326 MSE 0.0005 nMSE 0.0035
[2026-05-04 16:56:59,346][src.modRNN.training.training_loop][INFO] - eval  epoch 1326 MSE 0.0004 nMSE 0.0032
[2026-05-04 16:56:59,347][src.modRNN.training.training_loop][INFO] - 	 Starting Epoch: 1327
[2026-05-04 16:56:59,463][src.modRNN.training.training_loop][INFO] - train epoch 1327 MSE 0.0004 nMSE 0.0032
[2026-05-04 16:56:59,464][src.modRNN.training.training_loop][INFO] - 	 Starting Epoch: 1328
[2026-05-04 16:56:59,578][src.modRNN.training.training_loop][INFO] - train epoch 1328 MSE 0.0005 nMSE 0.0035
[2026-05-04 16:56:59,579][src.modRNN.training.training_loop][INFO] - 	 Starting Epoch: 1329
[2026-05-04 16:56:59,693][src.modRNN.training.training_loop][INFO] - train epoch 1329 MSE 0.0004 nMSE 0.0034
[2026-05-04 16:56:59,694][src.modRNN.training.training_loop][INFO] - 	 Starting Epoch: 1330
[2026-05-04 16:56:59,808][src.modRNN.training.training_loop][INFO] - train epoch 1330 MSE 0.0004 nMSE 0.0031
[2026-05-04 16:56:59,809][src.modRNN.training.training_loop][INFO] - 	 Starting Epoch: 1331
[2026-05-04 16:56:59,925][src.modRNN.training.training_loop][INFO] - train epoch 1331 MSE 0.0004 nMSE 0.0031
[2026-05-04 16:56:59,926][src.modRNN.training.training_loop][INFO] - 	 Starting Epoch: 1332
[2026-05-04 16:57:00,046][src.modRNN.training.training_loop][INFO] - train epoch 1332 MSE 0.0004 nMSE 0.0033
[2026-05-04 16:57:00,047][src.modRNN.training.training_loop][INFO] - 	 Starting Epoch: 1333
[2026-05-04 16:57:00,166][src.modRNN.training.training_loop][INFO] - train epoch 1333 MSE 0.0004 nMSE 0.0032
[2026-05-04 16:57:00,167][src.modRNN.training.training_loop][INFO] - 	 Starting Epoch: 1334
[2026-05-04 16:57:00,281][src.modRNN.training.training_loop][INFO] - train epoch 1334 MSE 0.0004 nMSE 0.0030
[2026-05-04 16:57:00,282][src.modRNN.training.training_loop][INFO] - 	 Starting Epoch: 1335
[2026-05-04 16:57:00,401][src.modRNN.training.training_loop][INFO] - train epoch 1335 MSE 0.0006 nMSE 0.0042
[2026-05-04 16:57:00,401][src.modRNN.training.training_loop][INFO] - 	 Starting Epoch: 1336
[2026-05-04 16:57:00,523][src.modRNN.training.training_loop][INFO] - train epoch 1336 MSE 0.0004 nMSE 0.0031
[2026-05-04 16:57:00,524][src.modRNN.training.training_loop][INFO] - 	 Starting Epoch: 1337
[2026-05-04 16:57:00,638][src.modRNN.training.training_loop][INFO] - train epoch 1337 MSE 0.0004 nMSE 0.0033
[2026-05-04 16:57:00,639][src.modRNN.training.training_loop][INFO] - 	 Starting Epoch: 1338
[2026-05-04 16:57:00,754][src.modRNN.training.training_loop][INFO] - train epoch 1338 MSE 0.0004 nMSE 0.0030
[2026-05-04 16:57:00,755][src.modRNN.training.training_loop][INFO] - 	 Starting Epoch: 1339
[2026-05-04 16:57:00,874][src.modRNN.training.training_loop][INFO] - train epoch 1339 MSE 0.0005 nMSE 0.0041
[2026-05-04 16:57:00,874][src.modRNN.training.training_loop][INFO] - 	 Starting Epoch: 1340
[2026-05-04 16:57:00,991][src.modRNN.training.training_loop][INFO] - train epoch 1340 MSE 0.0004 nMSE 0.0032
[2026-05-04 16:57:00,992][src.modRNN.training.training_loop][INFO] - 	 Starting Epoch: 1341
[2026-05-04 16:57:01,108][src.modRNN.training.training_loop][INFO] - train epoch 1341 MSE 0.0004 nMSE 0.0033
[2026-05-04 16:57:01,109][src.modRNN.training.training_loop][INFO] - 	 Starting Epoch: 1342
[2026-05-04 16:57:01,243][src.modRNN.training.training_loop][INFO] - train epoch 1342 MSE 0.0004 nMSE 0.0032
[2026-05-04 16:57:01,244][src.modRNN.training.training_loop][INFO] - 	 Starting Epoch: 1343
[2026-05-04 16:57:01,364][src.modRNN.training.training_loop][INFO] - train epoch 1343 MSE 0.0005 nMSE 0.0038
[2026-05-04 16:57:01,364][src.modRNN.training.training_loop][INFO] - 	 Starting Epoch: 1344
[2026-05-04 16:57:01,486][src.modRNN.training.training_loop][INFO] - train epoch 1344 MSE 0.0004 nMSE 0.0033
[2026-05-04 16:57:01,487][src.modRNN.training.training_loop][INFO] - 	 Starting Epoch: 1345
[2026-05-04 16:57:01,607][src.modRNN.training.training_loop][INFO] - train epoch 1345 MSE 0.0004 nMSE 0.0034
[2026-05-04 16:57:01,607][src.modRNN.training.training_loop][INFO] - 	 Starting Epoch: 1346
[2026-05-04 16:57:01,723][src.modRNN.training.training_loop][INFO] - train epoch 1346 MSE 0.0005 nMSE 0.0037
[2026-05-04 16:57:01,724][src.modRNN.training.training_loop][INFO] - 	 Starting Epoch: 1347
[2026-05-04 16:57:01,841][src.modRNN.training.training_loop][INFO] - train epoch 1347 MSE 0.0005 nMSE 0.0041
[2026-05-04 16:57:01,842][src.modRNN.training.training_loop][INFO] - 	 Starting Epoch: 1348
[2026-05-04 16:57:01,962][src.modRNN.training.training_loop][INFO] - train epoch 1348 MSE 0.0005 nMSE 0.0038
[2026-05-04 16:57:01,963][src.modRNN.training.training_loop][INFO] - 	 Starting Epoch: 1349
[2026-05-04 16:57:02,079][src.modRNN.training.training_loop][INFO] - train epoch 1349 MSE 0.0005 nMSE 0.0035
[2026-05-04 16:57:02,080][src.modRNN.training.training_loop][INFO] - 	 Starting Epoch: 1350
[2026-05-04 16:57:02,197][src.modRNN.training.training_loop][INFO] - train epoch 1350 MSE 0.0005 nMSE 0.0038
[2026-05-04 16:57:02,198][src.modRNN.training.training_loop][INFO] - 	 Starting Epoch: 1351
[2026-05-04 16:57:02,318][src.modRNN.training.training_loop][INFO] - train epoch 1351 MSE 0.0005 nMSE 0.0036
[2026-05-04 16:57:02,366][src.modRNN.training.training_loop][INFO] - eval  epoch 1351 MSE 0.0005 nMSE 0.0035
[2026-05-04 16:57:02,367][src.modRNN.training.training_loop][INFO] - 	 Starting Epoch: 1352
[2026-05-04 16:57:02,484][src.modRNN.training.training_loop][INFO] - train epoch 1352 MSE 0.0005 nMSE 0.0035
[2026-05-04 16:57:02,485][src.modRNN.training.training_loop][INFO] - 	 Starting Epoch: 1353
[2026-05-04 16:57:02,602][src.modRNN.training.training_loop][INFO] - train epoch 1353 MSE 0.0004 nMSE 0.0032
[2026-05-04 16:57:02,603][src.modRNN.training.training_loop][INFO] - 	 Starting Epoch: 1354
[2026-05-04 16:57:02,723][src.modRNN.training.training_loop][INFO] - train epoch 1354 MSE 0.0004 nMSE 0.0033
[2026-05-04 16:57:02,724][src.modRNN.training.training_loop][INFO] - 	 Starting Epoch: 1355
[2026-05-04 16:57:02,843][src.modRNN.training.training_loop][INFO] - train epoch 1355 MSE 0.0004 nMSE 0.0030
[2026-05-04 16:57:02,843][src.modRNN.training.training_loop][INFO] - 	 Starting Epoch: 1356
[2026-05-04 16:57:02,960][src.modRNN.training.training_loop][INFO] - train epoch 1356 MSE 0.0006 nMSE 0.0043
[2026-05-04 16:57:02,961][src.modRNN.training.training_loop][INFO] - 	 Starting Epoch: 1357
[2026-05-04 16:57:03,077][src.modRNN.training.training_loop][INFO] - train epoch 1357 MSE 0.0005 nMSE 0.0037
[2026-05-04 16:57:03,078][src.modRNN.training.training_loop][INFO] - 	 Starting Epoch: 1358
[2026-05-04 16:57:03,195][src.modRNN.training.training_loop][INFO] - train epoch 1358 MSE 0.0005 nMSE 0.0037
[2026-05-04 16:57:03,196][src.modRNN.training.training_loop][INFO] - 	 Starting Epoch: 1359
[2026-05-04 16:57:03,315][src.modRNN.training.training_loop][INFO] - train epoch 1359 MSE 0.0005 nMSE 0.0035
[2026-05-04 16:57:03,316][src.modRNN.training.training_loop][INFO] - 	 Starting Epoch: 1360
[2026-05-04 16:57:03,437][src.modRNN.training.training_loop][INFO] - train epoch 1360 MSE 0.0006 nMSE 0.0042
[2026-05-04 16:57:03,438][src.modRNN.training.training_loop][INFO] - 	 Starting Epoch: 1361
[2026-05-04 16:57:03,562][src.modRNN.training.training_loop][INFO] - train epoch 1361 MSE 0.0004 nMSE 0.0033
[2026-05-04 16:57:03,563][src.modRNN.training.training_loop][INFO] - 	 Starting Epoch: 1362
[2026-05-04 16:57:03,682][src.modRNN.training.training_loop][INFO] - train epoch 1362 MSE 0.0005 nMSE 0.0038
[2026-05-04 16:57:03,683][src.modRNN.training.training_loop][INFO] - 	 Starting Epoch: 1363
[2026-05-04 16:57:03,800][src.modRNN.training.training_loop][INFO] - train epoch 1363 MSE 0.0006 nMSE 0.0044
[2026-05-04 16:57:03,801][src.modRNN.training.training_loop][INFO] - 	 Starting Epoch: 1364
[2026-05-04 16:57:03,919][src.modRNN.training.training_loop][INFO] - train epoch 1364 MSE 0.0005 nMSE 0.0036
[2026-05-04 16:57:03,920][src.modRNN.training.training_loop][INFO] - 	 Starting Epoch: 1365
[2026-05-04 16:57:04,039][src.modRNN.training.training_loop][INFO] - train epoch 1365 MSE 0.0006 nMSE 0.0045
[2026-05-04 16:57:04,039][src.modRNN.training.training_loop][INFO] - 	 Starting Epoch: 1366
[2026-05-04 16:57:04,157][src.modRNN.training.training_loop][INFO] - train epoch 1366 MSE 0.0007 nMSE 0.0052
[2026-05-04 16:57:04,157][src.modRNN.training.training_loop][INFO] - 	 Starting Epoch: 1367
[2026-05-04 16:57:04,280][src.modRNN.training.training_loop][INFO] - train epoch 1367 MSE 0.0004 nMSE 0.0034
[2026-05-04 16:57:04,281][src.modRNN.training.training_loop][INFO] - 	 Starting Epoch: 1368
[2026-05-04 16:57:04,405][src.modRNN.training.training_loop][INFO] - train epoch 1368 MSE 0.0005 nMSE 0.0035
[2026-05-04 16:57:04,406][src.modRNN.training.training_loop][INFO] - 	 Starting Epoch: 1369
[2026-05-04 16:57:04,523][src.modRNN.training.training_loop][INFO] - train epoch 1369 MSE 0.0006 nMSE 0.0046
[2026-05-04 16:57:04,524][src.modRNN.training.training_loop][INFO] - 	 Starting Epoch: 1370
[2026-05-04 16:57:04,642][src.modRNN.training.training_loop][INFO] - train epoch 1370 MSE 0.0005 nMSE 0.0040
[2026-05-04 16:57:04,643][src.modRNN.training.training_loop][INFO] - 	 Starting Epoch: 1371
[2026-05-04 16:57:04,765][src.modRNN.training.training_loop][INFO] - train epoch 1371 MSE 0.0005 nMSE 0.0041
[2026-05-04 16:57:04,766][src.modRNN.training.training_loop][INFO] - 	 Starting Epoch: 1372
[2026-05-04 16:57:04,886][src.modRNN.training.training_loop][INFO] - train epoch 1372 MSE 0.0005 nMSE 0.0036
[2026-05-04 16:57:04,887][src.modRNN.training.training_loop][INFO] - 	 Starting Epoch: 1373
[2026-05-04 16:57:05,004][src.modRNN.training.training_loop][INFO] - train epoch 1373 MSE 0.0005 nMSE 0.0036
[2026-05-04 16:57:05,005][src.modRNN.training.training_loop][INFO] - 	 Starting Epoch: 1374
[2026-05-04 16:57:05,122][src.modRNN.training.training_loop][INFO] - train epoch 1374 MSE 0.0005 nMSE 0.0039
[2026-05-04 16:57:05,123][src.modRNN.training.training_loop][INFO] - 	 Starting Epoch: 1375
[2026-05-04 16:57:05,240][src.modRNN.training.training_loop][INFO] - train epoch 1375 MSE 0.0005 nMSE 0.0036
[2026-05-04 16:57:05,241][src.modRNN.training.training_loop][INFO] - 	 Starting Epoch: 1376
[2026-05-04 16:57:05,364][src.modRNN.training.training_loop][INFO] - train epoch 1376 MSE 0.0005 nMSE 0.0040
[2026-05-04 16:57:05,413][src.modRNN.training.training_loop][INFO] - eval  epoch 1376 MSE 0.0005 nMSE 0.0039
[2026-05-04 16:57:05,414][src.modRNN.training.training_loop][INFO] - 	 Starting Epoch: 1377
[2026-05-04 16:57:05,531][src.modRNN.training.training_loop][INFO] - train epoch 1377 MSE 0.0005 nMSE 0.0039
[2026-05-04 16:57:05,532][src.modRNN.training.training_loop][INFO] - 	 Starting Epoch: 1378
[2026-05-04 16:57:05,650][src.modRNN.training.training_loop][INFO] - train epoch 1378 MSE 0.0005 nMSE 0.0038
[2026-05-04 16:57:05,651][src.modRNN.training.training_loop][INFO] - 	 Starting Epoch: 1379
[2026-05-04 16:57:05,773][src.modRNN.training.training_loop][INFO] - train epoch 1379 MSE 0.0006 nMSE 0.0049
[2026-05-04 16:57:05,774][src.modRNN.training.training_loop][INFO] - 	 Starting Epoch: 1380
[2026-05-04 16:57:05,894][src.modRNN.training.training_loop][INFO] - train epoch 1380 MSE 0.0004 nMSE 0.0033
[2026-05-04 16:57:05,895][src.modRNN.training.training_loop][INFO] - 	 Starting Epoch: 1381
[2026-05-04 16:57:06,012][src.modRNN.training.training_loop][INFO] - train epoch 1381 MSE 0.0006 nMSE 0.0045
[2026-05-04 16:57:06,012][src.modRNN.training.training_loop][INFO] - 	 Starting Epoch: 1382
[2026-05-04 16:57:06,133][src.modRNN.training.training_loop][INFO] - train epoch 1382 MSE 0.0005 nMSE 0.0038
[2026-05-04 16:57:06,134][src.modRNN.training.training_loop][INFO] - 	 Starting Epoch: 1383
[2026-05-04 16:57:06,259][src.modRNN.training.training_loop][INFO] - train epoch 1383 MSE 0.0006 nMSE 0.0044
[2026-05-04 16:57:06,259][src.modRNN.training.training_loop][INFO] - 	 Starting Epoch: 1384
[2026-05-04 16:57:06,376][src.modRNN.training.training_loop][INFO] - train epoch 1384 MSE 0.0005 nMSE 0.0039
[2026-05-04 16:57:06,376][src.modRNN.training.training_loop][INFO] - 	 Starting Epoch: 1385
[2026-05-04 16:57:06,494][src.modRNN.training.training_loop][INFO] - train epoch 1385 MSE 0.0005 nMSE 0.0040
[2026-05-04 16:57:06,494][src.modRNN.training.training_loop][INFO] - 	 Starting Epoch: 1386
[2026-05-04 16:57:06,611][src.modRNN.training.training_loop][INFO] - train epoch 1386 MSE 0.0005 nMSE 0.0036
[2026-05-04 16:57:06,612][src.modRNN.training.training_loop][INFO] - 	 Starting Epoch: 1387
[2026-05-04 16:57:06,731][src.modRNN.training.training_loop][INFO] - train epoch 1387 MSE 0.0007 nMSE 0.0054
[2026-05-04 16:57:06,732][src.modRNN.training.training_loop][INFO] - 	 Starting Epoch: 1388
[2026-05-04 16:57:06,854][src.modRNN.training.training_loop][INFO] - train epoch 1388 MSE 0.0006 nMSE 0.0045
[2026-05-04 16:57:06,854][src.modRNN.training.training_loop][INFO] - 	 Starting Epoch: 1389
[2026-05-04 16:57:06,972][src.modRNN.training.training_loop][INFO] - train epoch 1389 MSE 0.0006 nMSE 0.0042
[2026-05-04 16:57:06,973][src.modRNN.training.training_loop][INFO] - 	 Starting Epoch: 1390
[2026-05-04 16:57:07,091][src.modRNN.training.training_loop][INFO] - train epoch 1390 MSE 0.0007 nMSE 0.0051
[2026-05-04 16:57:07,091][src.modRNN.training.training_loop][INFO] - 	 Starting Epoch: 1391
[2026-05-04 16:57:07,213][src.modRNN.training.training_loop][INFO] - train epoch 1391 MSE 0.0008 nMSE 0.0059
[2026-05-04 16:57:07,214][src.modRNN.training.training_loop][INFO] - 	 Starting Epoch: 1392
[2026-05-04 16:57:07,333][src.modRNN.training.training_loop][INFO] - train epoch 1392 MSE 0.0006 nMSE 0.0042
[2026-05-04 16:57:07,334][src.modRNN.training.training_loop][INFO] - 	 Starting Epoch: 1393
[2026-05-04 16:57:07,451][src.modRNN.training.training_loop][INFO] - train epoch 1393 MSE 0.0006 nMSE 0.0047
[2026-05-04 16:57:07,452][src.modRNN.training.training_loop][INFO] - 	 Starting Epoch: 1394
[2026-05-04 16:57:07,571][src.modRNN.training.training_loop][INFO] - train epoch 1394 MSE 0.0007 nMSE 0.0056
[2026-05-04 16:57:07,572][src.modRNN.training.training_loop][INFO] - 	 Starting Epoch: 1395
[2026-05-04 16:57:07,694][src.modRNN.training.training_loop][INFO] - train epoch 1395 MSE 0.0006 nMSE 0.0047
[2026-05-04 16:57:07,695][src.modRNN.training.training_loop][INFO] - 	 Starting Epoch: 1396
[2026-05-04 16:57:07,811][src.modRNN.training.training_loop][INFO] - train epoch 1396 MSE 0.0005 nMSE 0.0036
[2026-05-04 16:57:07,812][src.modRNN.training.training_loop][INFO] - 	 Starting Epoch: 1397
[2026-05-04 16:57:07,930][src.modRNN.training.training_loop][INFO] - train epoch 1397 MSE 0.0007 nMSE 0.0051
[2026-05-04 16:57:07,930][src.modRNN.training.training_loop][INFO] - 	 Starting Epoch: 1398
[2026-05-04 16:57:08,050][src.modRNN.training.training_loop][INFO] - train epoch 1398 MSE 0.0008 nMSE 0.0059
[2026-05-04 16:57:08,051][src.modRNN.training.training_loop][INFO] - 	 Starting Epoch: 1399
[2026-05-04 16:57:08,170][src.modRNN.training.training_loop][INFO] - train epoch 1399 MSE 0.0006 nMSE 0.0045
[2026-05-04 16:57:08,170][src.modRNN.training.training_loop][INFO] - 	 Starting Epoch: 1400
[2026-05-04 16:57:08,287][src.modRNN.training.training_loop][INFO] - train epoch 1400 MSE 0.0005 nMSE 0.0040
[2026-05-04 16:57:08,288][src.modRNN.training.training_loop][INFO] - 	 Starting Epoch: 1401
[2026-05-04 16:57:08,405][src.modRNN.training.training_loop][INFO] - train epoch 1401 MSE 0.0007 nMSE 0.0051
[2026-05-04 16:57:08,452][src.modRNN.training.training_loop][INFO] - eval  epoch 1401 MSE 0.0007 nMSE 0.0051
[2026-05-04 16:57:08,453][src.modRNN.training.training_loop][INFO] - 	 Starting Epoch: 1402
[2026-05-04 16:57:08,576][src.modRNN.training.training_loop][INFO] - train epoch 1402 MSE 0.0007 nMSE 0.0051
[2026-05-04 16:57:08,576][src.modRNN.training.training_loop][INFO] - 	 Starting Epoch: 1403
[2026-05-04 16:57:08,702][src.modRNN.training.training_loop][INFO] - train epoch 1403 MSE 0.0005 nMSE 0.0035
[2026-05-04 16:57:08,703][src.modRNN.training.training_loop][INFO] - 	 Starting Epoch: 1404
[2026-05-04 16:57:08,820][src.modRNN.training.training_loop][INFO] - train epoch 1404 MSE 0.0004 nMSE 0.0033
[2026-05-04 16:57:08,821][src.modRNN.training.training_loop][INFO] - 	 Starting Epoch: 1405
[2026-05-04 16:57:08,937][src.modRNN.training.training_loop][INFO] - train epoch 1405 MSE 0.0006 nMSE 0.0047
[2026-05-04 16:57:08,938][src.modRNN.training.training_loop][INFO] - 	 Starting Epoch: 1406
[2026-05-04 16:57:09,055][src.modRNN.training.training_loop][INFO] - train epoch 1406 MSE 0.0008 nMSE 0.0057
[2026-05-04 16:57:09,056][src.modRNN.training.training_loop][INFO] - 	 Starting Epoch: 1407
[2026-05-04 16:57:09,173][src.modRNN.training.training_loop][INFO] - train epoch 1407 MSE 0.0005 nMSE 0.0037
[2026-05-04 16:57:09,174][src.modRNN.training.training_loop][INFO] - 	 Starting Epoch: 1408
[2026-05-04 16:57:09,293][src.modRNN.training.training_loop][INFO] - train epoch 1408 MSE 0.0005 nMSE 0.0040
[2026-05-04 16:57:09,294][src.modRNN.training.training_loop][INFO] - 	 Starting Epoch: 1409
[2026-05-04 16:57:09,411][src.modRNN.training.training_loop][INFO] - train epoch 1409 MSE 0.0005 nMSE 0.0037
[2026-05-04 16:57:09,412][src.modRNN.training.training_loop][INFO] - 	 Starting Epoch: 1410
[2026-05-04 16:57:09,530][src.modRNN.training.training_loop][INFO] - train epoch 1410 MSE 0.0005 nMSE 0.0040
[2026-05-04 16:57:09,530][src.modRNN.training.training_loop][INFO] - 	 Starting Epoch: 1411
[2026-05-04 16:57:09,649][src.modRNN.training.training_loop][INFO] - train epoch 1411 MSE 0.0006 nMSE 0.0043
[2026-05-04 16:57:09,650][src.modRNN.training.training_loop][INFO] - 	 Starting Epoch: 1412
[2026-05-04 16:57:09,770][src.modRNN.training.training_loop][INFO] - train epoch 1412 MSE 0.0006 nMSE 0.0046
[2026-05-04 16:57:09,771][src.modRNN.training.training_loop][INFO] - 	 Starting Epoch: 1413
[2026-05-04 16:57:09,893][src.modRNN.training.training_loop][INFO] - train epoch 1413 MSE 0.0004 nMSE 0.0029
[2026-05-04 16:57:09,893][src.modRNN.training.training_loop][INFO] - 	 Starting Epoch: 1414
[2026-05-04 16:57:10,016][src.modRNN.training.training_loop][INFO] - train epoch 1414 MSE 0.0006 nMSE 0.0043
[2026-05-04 16:57:10,017][src.modRNN.training.training_loop][INFO] - 	 Starting Epoch: 1415
[2026-05-04 16:57:10,135][src.modRNN.training.training_loop][INFO] - train epoch 1415 MSE 0.0006 nMSE 0.0046
[2026-05-04 16:57:10,136][src.modRNN.training.training_loop][INFO] - 	 Starting Epoch: 1416
[2026-05-04 16:57:10,252][src.modRNN.training.training_loop][INFO] - train epoch 1416 MSE 0.0005 nMSE 0.0037
[2026-05-04 16:57:10,253][src.modRNN.training.training_loop][INFO] - 	 Starting Epoch: 1417
[2026-05-04 16:57:10,372][src.modRNN.training.training_loop][INFO] - train epoch 1417 MSE 0.0004 nMSE 0.0031
[2026-05-04 16:57:10,373][src.modRNN.training.training_loop][INFO] - 	 Starting Epoch: 1418
[2026-05-04 16:57:10,497][src.modRNN.training.training_loop][INFO] - train epoch 1418 MSE 0.0005 nMSE 0.0036
[2026-05-04 16:57:10,497][src.modRNN.training.training_loop][INFO] - 	 Starting Epoch: 1419
[2026-05-04 16:57:10,619][src.modRNN.training.training_loop][INFO] - train epoch 1419 MSE 0.0005 nMSE 0.0037
[2026-05-04 16:57:10,619][src.modRNN.training.training_loop][INFO] - 	 Starting Epoch: 1420
[2026-05-04 16:57:10,736][src.modRNN.training.training_loop][INFO] - train epoch 1420 MSE 0.0005 nMSE 0.0037
[2026-05-04 16:57:10,737][src.modRNN.training.training_loop][INFO] - 	 Starting Epoch: 1421
[2026-05-04 16:57:10,854][src.modRNN.training.training_loop][INFO] - train epoch 1421 MSE 0.0005 nMSE 0.0036
[2026-05-04 16:57:10,855][src.modRNN.training.training_loop][INFO] - 	 Starting Epoch: 1422
[2026-05-04 16:57:10,974][src.modRNN.training.training_loop][INFO] - train epoch 1422 MSE 0.0005 nMSE 0.0035
[2026-05-04 16:57:10,974][src.modRNN.training.training_loop][INFO] - 	 Starting Epoch: 1423
[2026-05-04 16:57:11,098][src.modRNN.training.training_loop][INFO] - train epoch 1423 MSE 0.0005 nMSE 0.0041
[2026-05-04 16:57:11,099][src.modRNN.training.training_loop][INFO] - 	 Starting Epoch: 1424
[2026-05-04 16:57:11,220][src.modRNN.training.training_loop][INFO] - train epoch 1424 MSE 0.0005 nMSE 0.0035
[2026-05-04 16:57:11,221][src.modRNN.training.training_loop][INFO] - 	 Starting Epoch: 1425
[2026-05-04 16:57:11,338][src.modRNN.training.training_loop][INFO] - train epoch 1425 MSE 0.0004 nMSE 0.0030
[2026-05-04 16:57:11,339][src.modRNN.training.training_loop][INFO] - 	 Starting Epoch: 1426
[2026-05-04 16:57:11,461][src.modRNN.training.training_loop][INFO] - train epoch 1426 MSE 0.0005 nMSE 0.0037
[2026-05-04 16:57:11,512][src.modRNN.training.training_loop][INFO] - eval  epoch 1426 MSE 0.0004 nMSE 0.0032
[2026-05-04 16:57:11,512][src.modRNN.training.training_loop][INFO] - 	 Starting Epoch: 1427
[2026-05-04 16:57:11,632][src.modRNN.training.training_loop][INFO] - train epoch 1427 MSE 0.0004 nMSE 0.0032
[2026-05-04 16:57:11,633][src.modRNN.training.training_loop][INFO] - 	 Starting Epoch: 1428
[2026-05-04 16:57:11,749][src.modRNN.training.training_loop][INFO] - train epoch 1428 MSE 0.0006 nMSE 0.0043
[2026-05-04 16:57:11,750][src.modRNN.training.training_loop][INFO] - 	 Starting Epoch: 1429
[2026-05-04 16:57:11,868][src.modRNN.training.training_loop][INFO] - train epoch 1429 MSE 0.0004 nMSE 0.0033
[2026-05-04 16:57:11,869][src.modRNN.training.training_loop][INFO] - 	 Starting Epoch: 1430
[2026-05-04 16:57:11,989][src.modRNN.training.training_loop][INFO] - train epoch 1430 MSE 0.0005 nMSE 0.0035
[2026-05-04 16:57:11,990][src.modRNN.training.training_loop][INFO] - 	 Starting Epoch: 1431
[2026-05-04 16:57:12,107][src.modRNN.training.training_loop][INFO] - train epoch 1431 MSE 0.0005 nMSE 0.0034
[2026-05-04 16:57:12,108][src.modRNN.training.training_loop][INFO] - 	 Starting Epoch: 1432
[2026-05-04 16:57:12,225][src.modRNN.training.training_loop][INFO] - train epoch 1432 MSE 0.0004 nMSE 0.0031
[2026-05-04 16:57:12,226][src.modRNN.training.training_loop][INFO] - 	 Starting Epoch: 1433
[2026-05-04 16:57:12,347][src.modRNN.training.training_loop][INFO] - train epoch 1433 MSE 0.0004 nMSE 0.0027
[2026-05-04 16:57:12,347][src.modRNN.training.training_loop][INFO] - 	 Starting Epoch: 1434
[2026-05-04 16:57:12,466][src.modRNN.training.training_loop][INFO] - train epoch 1434 MSE 0.0004 nMSE 0.0031
[2026-05-04 16:57:12,467][src.modRNN.training.training_loop][INFO] - 	 Starting Epoch: 1435
[2026-05-04 16:57:12,584][src.modRNN.training.training_loop][INFO] - train epoch 1435 MSE 0.0005 nMSE 0.0039
[2026-05-04 16:57:12,585][src.modRNN.training.training_loop][INFO] - 	 Starting Epoch: 1436
[2026-05-04 16:57:12,701][src.modRNN.training.training_loop][INFO] - train epoch 1436 MSE 0.0004 nMSE 0.0033
[2026-05-04 16:57:12,702][src.modRNN.training.training_loop][INFO] - 	 Starting Epoch: 1437
[2026-05-04 16:57:12,820][src.modRNN.training.training_loop][INFO] - train epoch 1437 MSE 0.0005 nMSE 0.0035
[2026-05-04 16:57:12,821][src.modRNN.training.training_loop][INFO] - 	 Starting Epoch: 1438
[2026-05-04 16:57:12,941][src.modRNN.training.training_loop][INFO] - train epoch 1438 MSE 0.0004 nMSE 0.0033
[2026-05-04 16:57:12,942][src.modRNN.training.training_loop][INFO] - 	 Starting Epoch: 1439
[2026-05-04 16:57:13,060][src.modRNN.training.training_loop][INFO] - train epoch 1439 MSE 0.0005 nMSE 0.0037
[2026-05-04 16:57:13,061][src.modRNN.training.training_loop][INFO] - 	 Starting Epoch: 1440
[2026-05-04 16:57:13,177][src.modRNN.training.training_loop][INFO] - train epoch 1440 MSE 0.0006 nMSE 0.0042
[2026-05-04 16:57:13,178][src.modRNN.training.training_loop][INFO] - 	 Starting Epoch: 1441
[2026-05-04 16:57:13,299][src.modRNN.training.training_loop][INFO] - train epoch 1441 MSE 0.0005 nMSE 0.0036
[2026-05-04 16:57:13,300][src.modRNN.training.training_loop][INFO] - 	 Starting Epoch: 1442
[2026-05-04 16:57:13,423][src.modRNN.training.training_loop][INFO] - train epoch 1442 MSE 0.0004 nMSE 0.0029
[2026-05-04 16:57:13,424][src.modRNN.training.training_loop][INFO] - 	 Starting Epoch: 1443
[2026-05-04 16:57:13,541][src.modRNN.training.training_loop][INFO] - train epoch 1443 MSE 0.0005 nMSE 0.0034
[2026-05-04 16:57:13,542][src.modRNN.training.training_loop][INFO] - 	 Starting Epoch: 1444
[2026-05-04 16:57:13,659][src.modRNN.training.training_loop][INFO] - train epoch 1444 MSE 0.0005 nMSE 0.0040
[2026-05-04 16:57:13,660][src.modRNN.training.training_loop][INFO] - 	 Starting Epoch: 1445
[2026-05-04 16:57:13,804][src.modRNN.training.training_loop][INFO] - train epoch 1445 MSE 0.0005 nMSE 0.0038
[2026-05-04 16:57:13,806][src.modRNN.training.training_loop][INFO] - 	 Starting Epoch: 1446
[2026-05-04 16:57:13,951][src.modRNN.training.training_loop][INFO] - train epoch 1446 MSE 0.0005 nMSE 0.0034
[2026-05-04 16:57:13,953][src.modRNN.training.training_loop][INFO] - 	 Starting Epoch: 1447
[2026-05-04 16:57:14,109][src.modRNN.training.training_loop][INFO] - train epoch 1447 MSE 0.0006 nMSE 0.0042
[2026-05-04 16:57:14,110][src.modRNN.training.training_loop][INFO] - 	 Starting Epoch: 1448
[2026-05-04 16:57:14,262][src.modRNN.training.training_loop][INFO] - train epoch 1448 MSE 0.0005 nMSE 0.0036
[2026-05-04 16:57:14,263][src.modRNN.training.training_loop][INFO] - 	 Starting Epoch: 1449
[2026-05-04 16:57:14,402][src.modRNN.training.training_loop][INFO] - train epoch 1449 MSE 0.0006 nMSE 0.0042
[2026-05-04 16:57:14,404][src.modRNN.training.training_loop][INFO] - 	 Starting Epoch: 1450
[2026-05-04 16:57:14,539][src.modRNN.training.training_loop][INFO] - train epoch 1450 MSE 0.0004 nMSE 0.0034
[2026-05-04 16:57:14,540][src.modRNN.training.training_loop][INFO] - 	 Starting Epoch: 1451
[2026-05-04 16:57:14,678][src.modRNN.training.training_loop][INFO] - train epoch 1451 MSE 0.0005 nMSE 0.0034
[2026-05-04 16:57:14,725][src.modRNN.training.training_loop][INFO] - eval  epoch 1451 MSE 0.0004 nMSE 0.0029
[2026-05-04 16:57:14,725][src.modRNN.training.training_loop][INFO] - 	 Starting Epoch: 1452
[2026-05-04 16:57:14,843][src.modRNN.training.training_loop][INFO] - train epoch 1452 MSE 0.0004 nMSE 0.0029
[2026-05-04 16:57:14,844][src.modRNN.training.training_loop][INFO] - 	 Starting Epoch: 1453
[2026-05-04 16:57:14,964][src.modRNN.training.training_loop][INFO] - train epoch 1453 MSE 0.0005 nMSE 0.0036
[2026-05-04 16:57:14,966][src.modRNN.training.training_loop][INFO] - 	 Starting Epoch: 1454
[2026-05-04 16:57:15,083][src.modRNN.training.training_loop][INFO] - train epoch 1454 MSE 0.0004 nMSE 0.0033
[2026-05-04 16:57:15,084][src.modRNN.training.training_loop][INFO] - 	 Starting Epoch: 1455
[2026-05-04 16:57:15,208][src.modRNN.training.training_loop][INFO] - train epoch 1455 MSE 0.0004 nMSE 0.0030
[2026-05-04 16:57:15,208][src.modRNN.training.training_loop][INFO] - 	 Starting Epoch: 1456
[2026-05-04 16:57:15,328][src.modRNN.training.training_loop][INFO] - train epoch 1456 MSE 0.0005 nMSE 0.0035
[2026-05-04 16:57:15,329][src.modRNN.training.training_loop][INFO] - 	 Starting Epoch: 1457
[2026-05-04 16:57:15,446][src.modRNN.training.training_loop][INFO] - train epoch 1457 MSE 0.0004 nMSE 0.0032
[2026-05-04 16:57:15,446][src.modRNN.training.training_loop][INFO] - 	 Starting Epoch: 1458
[2026-05-04 16:57:15,563][src.modRNN.training.training_loop][INFO] - train epoch 1458 MSE 0.0005 nMSE 0.0036
[2026-05-04 16:57:15,564][src.modRNN.training.training_loop][INFO] - 	 Starting Epoch: 1459
[2026-05-04 16:57:15,683][src.modRNN.training.training_loop][INFO] - train epoch 1459 MSE 0.0005 nMSE 0.0036
[2026-05-04 16:57:15,684][src.modRNN.training.training_loop][INFO] - 	 Starting Epoch: 1460
[2026-05-04 16:57:15,804][src.modRNN.training.training_loop][INFO] - train epoch 1460 MSE 0.0004 nMSE 0.0030
[2026-05-04 16:57:15,804][src.modRNN.training.training_loop][INFO] - 	 Starting Epoch: 1461
[2026-05-04 16:57:15,923][src.modRNN.training.training_loop][INFO] - train epoch 1461 MSE 0.0005 nMSE 0.0036
[2026-05-04 16:57:15,924][src.modRNN.training.training_loop][INFO] - 	 Starting Epoch: 1462
[2026-05-04 16:57:16,042][src.modRNN.training.training_loop][INFO] - train epoch 1462 MSE 0.0004 nMSE 0.0033
[2026-05-04 16:57:16,042][src.modRNN.training.training_loop][INFO] - 	 Starting Epoch: 1463
[2026-05-04 16:57:16,164][src.modRNN.training.training_loop][INFO] - train epoch 1463 MSE 0.0004 nMSE 0.0034
[2026-05-04 16:57:16,165][src.modRNN.training.training_loop][INFO] - 	 Starting Epoch: 1464
[2026-05-04 16:57:16,289][src.modRNN.training.training_loop][INFO] - train epoch 1464 MSE 0.0004 nMSE 0.0032
[2026-05-04 16:57:16,290][src.modRNN.training.training_loop][INFO] - 	 Starting Epoch: 1465
[2026-05-04 16:57:16,407][src.modRNN.training.training_loop][INFO] - train epoch 1465 MSE 0.0004 nMSE 0.0030
[2026-05-04 16:57:16,408][src.modRNN.training.training_loop][INFO] - 	 Starting Epoch: 1466
[2026-05-04 16:57:16,525][src.modRNN.training.training_loop][INFO] - train epoch 1466 MSE 0.0005 nMSE 0.0035
[2026-05-04 16:57:16,525][src.modRNN.training.training_loop][INFO] - 	 Starting Epoch: 1467
[2026-05-04 16:57:16,645][src.modRNN.training.training_loop][INFO] - train epoch 1467 MSE 0.0005 nMSE 0.0035
[2026-05-04 16:57:16,646][src.modRNN.training.training_loop][INFO] - 	 Starting Epoch: 1468
[2026-05-04 16:57:16,764][src.modRNN.training.training_loop][INFO] - train epoch 1468 MSE 0.0004 nMSE 0.0030
[2026-05-04 16:57:16,765][src.modRNN.training.training_loop][INFO] - 	 Starting Epoch: 1469
[2026-05-04 16:57:16,882][src.modRNN.training.training_loop][INFO] - train epoch 1469 MSE 0.0004 nMSE 0.0031
[2026-05-04 16:57:16,883][src.modRNN.training.training_loop][INFO] - 	 Starting Epoch: 1470
[2026-05-04 16:57:17,000][src.modRNN.training.training_loop][INFO] - train epoch 1470 MSE 0.0005 nMSE 0.0035
[2026-05-04 16:57:17,001][src.modRNN.training.training_loop][INFO] - 	 Starting Epoch: 1471
[2026-05-04 16:57:17,120][src.modRNN.training.training_loop][INFO] - train epoch 1471 MSE 0.0005 nMSE 0.0035
[2026-05-04 16:57:17,120][src.modRNN.training.training_loop][INFO] - 	 Starting Epoch: 1472
[2026-05-04 16:57:17,243][src.modRNN.training.training_loop][INFO] - train epoch 1472 MSE 0.0005 nMSE 0.0035
[2026-05-04 16:57:17,244][src.modRNN.training.training_loop][INFO] - 	 Starting Epoch: 1473
[2026-05-04 16:57:17,364][src.modRNN.training.training_loop][INFO] - train epoch 1473 MSE 0.0004 nMSE 0.0030
[2026-05-04 16:57:17,364][src.modRNN.training.training_loop][INFO] - 	 Starting Epoch: 1474
[2026-05-04 16:57:17,482][src.modRNN.training.training_loop][INFO] - train epoch 1474 MSE 0.0004 nMSE 0.0033
[2026-05-04 16:57:17,483][src.modRNN.training.training_loop][INFO] - 	 Starting Epoch: 1475
[2026-05-04 16:57:17,600][src.modRNN.training.training_loop][INFO] - train epoch 1475 MSE 0.0004 nMSE 0.0030
[2026-05-04 16:57:17,601][src.modRNN.training.training_loop][INFO] - 	 Starting Epoch: 1476
[2026-05-04 16:57:17,720][src.modRNN.training.training_loop][INFO] - train epoch 1476 MSE 0.0005 nMSE 0.0034
[2026-05-04 16:57:17,768][src.modRNN.training.training_loop][INFO] - eval  epoch 1476 MSE 0.0004 nMSE 0.0031
[2026-05-04 16:57:17,769][src.modRNN.training.training_loop][INFO] - 	 Starting Epoch: 1477
[2026-05-04 16:57:17,888][src.modRNN.training.training_loop][INFO] - train epoch 1477 MSE 0.0004 nMSE 0.0031
[2026-05-04 16:57:17,888][src.modRNN.training.training_loop][INFO] - 	 Starting Epoch: 1478
[2026-05-04 16:57:18,011][src.modRNN.training.training_loop][INFO] - train epoch 1478 MSE 0.0004 nMSE 0.0029
[2026-05-04 16:57:18,012][src.modRNN.training.training_loop][INFO] - 	 Starting Epoch: 1479
[2026-05-04 16:57:18,135][src.modRNN.training.training_loop][INFO] - train epoch 1479 MSE 0.0005 nMSE 0.0036
[2026-05-04 16:57:18,136][src.modRNN.training.training_loop][INFO] - 	 Starting Epoch: 1480
[2026-05-04 16:57:18,252][src.modRNN.training.training_loop][INFO] - train epoch 1480 MSE 0.0005 nMSE 0.0037
[2026-05-04 16:57:18,253][src.modRNN.training.training_loop][INFO] - 	 Starting Epoch: 1481
[2026-05-04 16:57:18,371][src.modRNN.training.training_loop][INFO] - train epoch 1481 MSE 0.0004 nMSE 0.0031
[2026-05-04 16:57:18,372][src.modRNN.training.training_loop][INFO] - 	 Starting Epoch: 1482
[2026-05-04 16:57:18,493][src.modRNN.training.training_loop][INFO] - train epoch 1482 MSE 0.0004 nMSE 0.0029
[2026-05-04 16:57:18,493][src.modRNN.training.training_loop][INFO] - 	 Starting Epoch: 1483
[2026-05-04 16:57:18,613][src.modRNN.training.training_loop][INFO] - train epoch 1483 MSE 0.0005 nMSE 0.0035
[2026-05-04 16:57:18,614][src.modRNN.training.training_loop][INFO] - 	 Starting Epoch: 1484
[2026-05-04 16:57:18,730][src.modRNN.training.training_loop][INFO] - train epoch 1484 MSE 0.0004 nMSE 0.0032
[2026-05-04 16:57:18,731][src.modRNN.training.training_loop][INFO] - 	 Starting Epoch: 1485
[2026-05-04 16:57:18,848][src.modRNN.training.training_loop][INFO] - train epoch 1485 MSE 0.0004 nMSE 0.0030
[2026-05-04 16:57:18,849][src.modRNN.training.training_loop][INFO] - 	 Starting Epoch: 1486
[2026-05-04 16:57:18,967][src.modRNN.training.training_loop][INFO] - train epoch 1486 MSE 0.0004 nMSE 0.0029
[2026-05-04 16:57:18,968][src.modRNN.training.training_loop][INFO] - 	 Starting Epoch: 1487
[2026-05-04 16:57:19,096][src.modRNN.training.training_loop][INFO] - train epoch 1487 MSE 0.0005 nMSE 0.0038
[2026-05-04 16:57:19,096][src.modRNN.training.training_loop][INFO] - 	 Starting Epoch: 1488
[2026-05-04 16:57:19,218][src.modRNN.training.training_loop][INFO] - train epoch 1488 MSE 0.0005 nMSE 0.0035
[2026-05-04 16:57:19,219][src.modRNN.training.training_loop][INFO] - 	 Starting Epoch: 1489
[2026-05-04 16:57:19,336][src.modRNN.training.training_loop][INFO] - train epoch 1489 MSE 0.0004 nMSE 0.0032
[2026-05-04 16:57:19,337][src.modRNN.training.training_loop][INFO] - 	 Starting Epoch: 1490
[2026-05-04 16:57:19,452][src.modRNN.training.training_loop][INFO] - train epoch 1490 MSE 0.0004 nMSE 0.0029
[2026-05-04 16:57:19,453][src.modRNN.training.training_loop][INFO] - 	 Starting Epoch: 1491
[2026-05-04 16:57:19,570][src.modRNN.training.training_loop][INFO] - train epoch 1491 MSE 0.0004 nMSE 0.0032
[2026-05-04 16:57:19,571][src.modRNN.training.training_loop][INFO] - 	 Starting Epoch: 1492
[2026-05-04 16:57:19,689][src.modRNN.training.training_loop][INFO] - train epoch 1492 MSE 0.0004 nMSE 0.0027
[2026-05-04 16:57:19,690][src.modRNN.training.training_loop][INFO] - 	 Starting Epoch: 1493
[2026-05-04 16:57:19,810][src.modRNN.training.training_loop][INFO] - train epoch 1493 MSE 0.0004 nMSE 0.0027
[2026-05-04 16:57:19,811][src.modRNN.training.training_loop][INFO] - 	 Starting Epoch: 1494
[2026-05-04 16:57:19,934][src.modRNN.training.training_loop][INFO] - train epoch 1494 MSE 0.0005 nMSE 0.0036
[2026-05-04 16:57:19,935][src.modRNN.training.training_loop][INFO] - 	 Starting Epoch: 1495
[2026-05-04 16:57:20,056][src.modRNN.training.training_loop][INFO] - train epoch 1495 MSE 0.0004 nMSE 0.0032
[2026-05-04 16:57:20,056][src.modRNN.training.training_loop][INFO] - 	 Starting Epoch: 1496
[2026-05-04 16:57:20,173][src.modRNN.training.training_loop][INFO] - train epoch 1496 MSE 0.0003 nMSE 0.0026
[2026-05-04 16:57:20,174][src.modRNN.training.training_loop][INFO] - 	 Starting Epoch: 1497
[2026-05-04 16:57:20,291][src.modRNN.training.training_loop][INFO] - train epoch 1497 MSE 0.0004 nMSE 0.0027
[2026-05-04 16:57:20,292][src.modRNN.training.training_loop][INFO] - 	 Starting Epoch: 1498
[2026-05-04 16:57:20,411][src.modRNN.training.training_loop][INFO] - train epoch 1498 MSE 0.0003 nMSE 0.0026
[2026-05-04 16:57:20,412][src.modRNN.training.training_loop][INFO] - 	 Starting Epoch: 1499
[2026-05-04 16:57:20,537][src.modRNN.training.training_loop][INFO] - train epoch 1499 MSE 0.0004 nMSE 0.0029
[2026-05-04 16:57:20,537][src.modRNN.training.training_loop][INFO] - 	 Starting Epoch: 1500
[2026-05-04 16:57:20,657][src.modRNN.training.training_loop][INFO] - train epoch 1500 MSE 0.0004 nMSE 0.0031
[2026-05-04 16:57:20,658][src.modRNN.training.training_loop][INFO] - 	 Starting Epoch: 1501
[2026-05-04 16:57:20,775][src.modRNN.training.training_loop][INFO] - train epoch 1501 MSE 0.0004 nMSE 0.0032
[2026-05-04 16:57:20,821][src.modRNN.training.training_loop][INFO] - eval  epoch 1501 MSE 0.0004 nMSE 0.0031
[2026-05-04 16:57:20,822][src.modRNN.training.training_loop][INFO] - 	 Starting Epoch: 1502
[2026-05-04 16:57:20,940][src.modRNN.training.training_loop][INFO] - train epoch 1502 MSE 0.0004 nMSE 0.0031
[2026-05-04 16:57:20,940][src.modRNN.training.training_loop][INFO] - 	 Starting Epoch: 1503
[2026-05-04 16:57:21,058][src.modRNN.training.training_loop][INFO] - train epoch 1503 MSE 0.0004 nMSE 0.0033
[2026-05-04 16:57:21,059][src.modRNN.training.training_loop][INFO] - 	 Starting Epoch: 1504
[2026-05-04 16:57:21,179][src.modRNN.training.training_loop][INFO] - train epoch 1504 MSE 0.0005 nMSE 0.0035
[2026-05-04 16:57:21,180][src.modRNN.training.training_loop][INFO] - 	 Starting Epoch: 1505
[2026-05-04 16:57:21,302][src.modRNN.training.training_loop][INFO] - train epoch 1505 MSE 0.0004 nMSE 0.0029
[2026-05-04 16:57:21,303][src.modRNN.training.training_loop][INFO] - 	 Starting Epoch: 1506
[2026-05-04 16:57:21,426][src.modRNN.training.training_loop][INFO] - train epoch 1506 MSE 0.0005 nMSE 0.0034
[2026-05-04 16:57:21,426][src.modRNN.training.training_loop][INFO] - 	 Starting Epoch: 1507
[2026-05-04 16:57:21,543][src.modRNN.training.training_loop][INFO] - train epoch 1507 MSE 0.0004 nMSE 0.0031
[2026-05-04 16:57:21,544][src.modRNN.training.training_loop][INFO] - 	 Starting Epoch: 1508
[2026-05-04 16:57:21,660][src.modRNN.training.training_loop][INFO] - train epoch 1508 MSE 0.0004 nMSE 0.0028
[2026-05-04 16:57:21,661][src.modRNN.training.training_loop][INFO] - 	 Starting Epoch: 1509
[2026-05-04 16:57:21,780][src.modRNN.training.training_loop][INFO] - train epoch 1509 MSE 0.0005 nMSE 0.0040
[2026-05-04 16:57:21,780][src.modRNN.training.training_loop][INFO] - 	 Starting Epoch: 1510
[2026-05-04 16:57:21,904][src.modRNN.training.training_loop][INFO] - train epoch 1510 MSE 0.0005 nMSE 0.0039
[2026-05-04 16:57:21,905][src.modRNN.training.training_loop][INFO] - 	 Starting Epoch: 1511
[2026-05-04 16:57:22,029][src.modRNN.training.training_loop][INFO] - train epoch 1511 MSE 0.0005 nMSE 0.0034
[2026-05-04 16:57:22,030][src.modRNN.training.training_loop][INFO] - 	 Starting Epoch: 1512
[2026-05-04 16:57:22,148][src.modRNN.training.training_loop][INFO] - train epoch 1512 MSE 0.0004 nMSE 0.0029
[2026-05-04 16:57:22,148][src.modRNN.training.training_loop][INFO] - 	 Starting Epoch: 1513
[2026-05-04 16:57:22,266][src.modRNN.training.training_loop][INFO] - train epoch 1513 MSE 0.0004 nMSE 0.0032
[2026-05-04 16:57:22,267][src.modRNN.training.training_loop][INFO] - 	 Starting Epoch: 1514
[2026-05-04 16:57:22,386][src.modRNN.training.training_loop][INFO] - train epoch 1514 MSE 0.0005 nMSE 0.0038
[2026-05-04 16:57:22,387][src.modRNN.training.training_loop][INFO] - 	 Starting Epoch: 1515
[2026-05-04 16:57:22,511][src.modRNN.training.training_loop][INFO] - train epoch 1515 MSE 0.0004 nMSE 0.0027
[2026-05-04 16:57:22,511][src.modRNN.training.training_loop][INFO] - 	 Starting Epoch: 1516
[2026-05-04 16:57:22,637][src.modRNN.training.training_loop][INFO] - train epoch 1516 MSE 0.0004 nMSE 0.0028
[2026-05-04 16:57:22,638][src.modRNN.training.training_loop][INFO] - 	 Starting Epoch: 1517
[2026-05-04 16:57:22,755][src.modRNN.training.training_loop][INFO] - train epoch 1517 MSE 0.0004 nMSE 0.0032
[2026-05-04 16:57:22,756][src.modRNN.training.training_loop][INFO] - 	 Starting Epoch: 1518
[2026-05-04 16:57:22,873][src.modRNN.training.training_loop][INFO] - train epoch 1518 MSE 0.0004 nMSE 0.0032
[2026-05-04 16:57:22,874][src.modRNN.training.training_loop][INFO] - 	 Starting Epoch: 1519
[2026-05-04 16:57:22,996][src.modRNN.training.training_loop][INFO] - train epoch 1519 MSE 0.0004 nMSE 0.0031
[2026-05-04 16:57:22,996][src.modRNN.training.training_loop][INFO] - 	 Starting Epoch: 1520
[2026-05-04 16:57:23,116][src.modRNN.training.training_loop][INFO] - train epoch 1520 MSE 0.0004 nMSE 0.0032
[2026-05-04 16:57:23,117][src.modRNN.training.training_loop][INFO] - 	 Starting Epoch: 1521
[2026-05-04 16:57:23,234][src.modRNN.training.training_loop][INFO] - train epoch 1521 MSE 0.0004 nMSE 0.0027
[2026-05-04 16:57:23,234][src.modRNN.training.training_loop][INFO] - 	 Starting Epoch: 1522
[2026-05-04 16:57:23,352][src.modRNN.training.training_loop][INFO] - train epoch 1522 MSE 0.0004 nMSE 0.0033
[2026-05-04 16:57:23,353][src.modRNN.training.training_loop][INFO] - 	 Starting Epoch: 1523
[2026-05-04 16:57:23,472][src.modRNN.training.training_loop][INFO] - train epoch 1523 MSE 0.0005 nMSE 0.0037
[2026-05-04 16:57:23,473][src.modRNN.training.training_loop][INFO] - 	 Starting Epoch: 1524
[2026-05-04 16:57:23,597][src.modRNN.training.training_loop][INFO] - train epoch 1524 MSE 0.0004 nMSE 0.0028
[2026-05-04 16:57:23,598][src.modRNN.training.training_loop][INFO] - 	 Starting Epoch: 1525
[2026-05-04 16:57:23,719][src.modRNN.training.training_loop][INFO] - train epoch 1525 MSE 0.0004 nMSE 0.0034
[2026-05-04 16:57:23,719][src.modRNN.training.training_loop][INFO] - 	 Starting Epoch: 1526
[2026-05-04 16:57:23,836][src.modRNN.training.training_loop][INFO] - train epoch 1526 MSE 0.0005 nMSE 0.0041
[2026-05-04 16:57:23,882][src.modRNN.training.training_loop][INFO] - eval  epoch 1526 MSE 0.0005 nMSE 0.0037
[2026-05-04 16:57:23,883][src.modRNN.training.training_loop][INFO] - 	 Starting Epoch: 1527
[2026-05-04 16:57:24,001][src.modRNN.training.training_loop][INFO] - train epoch 1527 MSE 0.0005 nMSE 0.0037
[2026-05-04 16:57:24,002][src.modRNN.training.training_loop][INFO] - 	 Starting Epoch: 1528
[2026-05-04 16:57:24,121][src.modRNN.training.training_loop][INFO] - train epoch 1528 MSE 0.0004 nMSE 0.0030
[2026-05-04 16:57:24,122][src.modRNN.training.training_loop][INFO] - 	 Starting Epoch: 1529
[2026-05-04 16:57:24,244][src.modRNN.training.training_loop][INFO] - train epoch 1529 MSE 0.0005 nMSE 0.0034
[2026-05-04 16:57:24,245][src.modRNN.training.training_loop][INFO] - 	 Starting Epoch: 1530
[2026-05-04 16:57:24,363][src.modRNN.training.training_loop][INFO] - train epoch 1530 MSE 0.0005 nMSE 0.0036
[2026-05-04 16:57:24,364][src.modRNN.training.training_loop][INFO] - 	 Starting Epoch: 1531
[2026-05-04 16:57:24,480][src.modRNN.training.training_loop][INFO] - train epoch 1531 MSE 0.0004 nMSE 0.0034
[2026-05-04 16:57:24,481][src.modRNN.training.training_loop][INFO] - 	 Starting Epoch: 1532
[2026-05-04 16:57:24,599][src.modRNN.training.training_loop][INFO] - train epoch 1532 MSE 0.0005 nMSE 0.0035
[2026-05-04 16:57:24,600][src.modRNN.training.training_loop][INFO] - 	 Starting Epoch: 1533
[2026-05-04 16:57:24,719][src.modRNN.training.training_loop][INFO] - train epoch 1533 MSE 0.0004 nMSE 0.0031
[2026-05-04 16:57:24,720][src.modRNN.training.training_loop][INFO] - 	 Starting Epoch: 1534
[2026-05-04 16:57:24,842][src.modRNN.training.training_loop][INFO] - train epoch 1534 MSE 0.0004 nMSE 0.0032
[2026-05-04 16:57:24,842][src.modRNN.training.training_loop][INFO] - 	 Starting Epoch: 1535
[2026-05-04 16:57:24,962][src.modRNN.training.training_loop][INFO] - train epoch 1535 MSE 0.0004 nMSE 0.0033
[2026-05-04 16:57:24,963][src.modRNN.training.training_loop][INFO] - 	 Starting Epoch: 1536
[2026-05-04 16:57:25,080][src.modRNN.training.training_loop][INFO] - train epoch 1536 MSE 0.0004 nMSE 0.0033
[2026-05-04 16:57:25,081][src.modRNN.training.training_loop][INFO] - 	 Starting Epoch: 1537
[2026-05-04 16:57:25,198][src.modRNN.training.training_loop][INFO] - train epoch 1537 MSE 0.0005 nMSE 0.0035
[2026-05-04 16:57:25,199][src.modRNN.training.training_loop][INFO] - 	 Starting Epoch: 1538
[2026-05-04 16:57:25,316][src.modRNN.training.training_loop][INFO] - train epoch 1538 MSE 0.0004 nMSE 0.0034
[2026-05-04 16:57:25,317][src.modRNN.training.training_loop][INFO] - 	 Starting Epoch: 1539
[2026-05-04 16:57:25,440][src.modRNN.training.training_loop][INFO] - train epoch 1539 MSE 0.0004 nMSE 0.0032
[2026-05-04 16:57:25,441][src.modRNN.training.training_loop][INFO] - 	 Starting Epoch: 1540
[2026-05-04 16:57:25,561][src.modRNN.training.training_loop][INFO] - train epoch 1540 MSE 0.0004 nMSE 0.0033
[2026-05-04 16:57:25,562][src.modRNN.training.training_loop][INFO] - 	 Starting Epoch: 1541
[2026-05-04 16:57:25,679][src.modRNN.training.training_loop][INFO] - train epoch 1541 MSE 0.0005 nMSE 0.0036
[2026-05-04 16:57:25,680][src.modRNN.training.training_loop][INFO] - 	 Starting Epoch: 1542
[2026-05-04 16:57:25,796][src.modRNN.training.training_loop][INFO] - train epoch 1542 MSE 0.0004 nMSE 0.0033
[2026-05-04 16:57:25,797][src.modRNN.training.training_loop][INFO] - 	 Starting Epoch: 1543
[2026-05-04 16:57:25,916][src.modRNN.training.training_loop][INFO] - train epoch 1543 MSE 0.0004 nMSE 0.0031
[2026-05-04 16:57:25,917][src.modRNN.training.training_loop][INFO] - 	 Starting Epoch: 1544
[2026-05-04 16:57:26,036][src.modRNN.training.training_loop][INFO] - train epoch 1544 MSE 0.0005 nMSE 0.0036
[2026-05-04 16:57:26,037][src.modRNN.training.training_loop][INFO] - 	 Starting Epoch: 1545
[2026-05-04 16:57:26,158][src.modRNN.training.training_loop][INFO] - train epoch 1545 MSE 0.0004 nMSE 0.0032
[2026-05-04 16:57:26,158][src.modRNN.training.training_loop][INFO] - 	 Starting Epoch: 1546
[2026-05-04 16:57:26,282][src.modRNN.training.training_loop][INFO] - train epoch 1546 MSE 0.0005 nMSE 0.0034
[2026-05-04 16:57:26,282][src.modRNN.training.training_loop][INFO] - 	 Starting Epoch: 1547
[2026-05-04 16:57:26,402][src.modRNN.training.training_loop][INFO] - train epoch 1547 MSE 0.0004 nMSE 0.0031
[2026-05-04 16:57:26,403][src.modRNN.training.training_loop][INFO] - 	 Starting Epoch: 1548
[2026-05-04 16:57:26,520][src.modRNN.training.training_loop][INFO] - train epoch 1548 MSE 0.0005 nMSE 0.0038
[2026-05-04 16:57:26,521][src.modRNN.training.training_loop][INFO] - 	 Starting Epoch: 1549
[2026-05-04 16:57:26,640][src.modRNN.training.training_loop][INFO] - train epoch 1549 MSE 0.0004 nMSE 0.0031
[2026-05-04 16:57:26,641][src.modRNN.training.training_loop][INFO] - 	 Starting Epoch: 1550
[2026-05-04 16:57:26,760][src.modRNN.training.training_loop][INFO] - train epoch 1550 MSE 0.0005 nMSE 0.0038
[2026-05-04 16:57:26,761][src.modRNN.training.training_loop][INFO] - 	 Starting Epoch: 1551
[2026-05-04 16:57:26,885][src.modRNN.training.training_loop][INFO] - train epoch 1551 MSE 0.0004 nMSE 0.0030
[2026-05-04 16:57:26,935][src.modRNN.training.training_loop][INFO] - eval  epoch 1551 MSE 0.0005 nMSE 0.0036
[2026-05-04 16:57:26,935][src.modRNN.training.training_loop][INFO] - 	 Starting Epoch: 1552
[2026-05-04 16:57:27,053][src.modRNN.training.training_loop][INFO] - train epoch 1552 MSE 0.0005 nMSE 0.0036
[2026-05-04 16:57:27,054][src.modRNN.training.training_loop][INFO] - 	 Starting Epoch: 1553
[2026-05-04 16:57:27,172][src.modRNN.training.training_loop][INFO] - train epoch 1553 MSE 0.0005 nMSE 0.0040
[2026-05-04 16:57:27,173][src.modRNN.training.training_loop][INFO] - 	 Starting Epoch: 1554
[2026-05-04 16:57:27,296][src.modRNN.training.training_loop][INFO] - train epoch 1554 MSE 0.0005 nMSE 0.0035
[2026-05-04 16:57:27,296][src.modRNN.training.training_loop][INFO] - 	 Starting Epoch: 1555
[2026-05-04 16:57:27,416][src.modRNN.training.training_loop][INFO] - train epoch 1555 MSE 0.0005 nMSE 0.0035
[2026-05-04 16:57:27,417][src.modRNN.training.training_loop][INFO] - 	 Starting Epoch: 1556
[2026-05-04 16:57:27,534][src.modRNN.training.training_loop][INFO] - train epoch 1556 MSE 0.0005 nMSE 0.0034
[2026-05-04 16:57:27,534][src.modRNN.training.training_loop][INFO] - 	 Starting Epoch: 1557
[2026-05-04 16:57:27,651][src.modRNN.training.training_loop][INFO] - train epoch 1557 MSE 0.0005 nMSE 0.0035
[2026-05-04 16:57:27,652][src.modRNN.training.training_loop][INFO] - 	 Starting Epoch: 1558
[2026-05-04 16:57:27,770][src.modRNN.training.training_loop][INFO] - train epoch 1558 MSE 0.0005 nMSE 0.0034
[2026-05-04 16:57:27,771][src.modRNN.training.training_loop][INFO] - 	 Starting Epoch: 1559
[2026-05-04 16:57:27,894][src.modRNN.training.training_loop][INFO] - train epoch 1559 MSE 0.0005 nMSE 0.0038
[2026-05-04 16:57:27,895][src.modRNN.training.training_loop][INFO] - 	 Starting Epoch: 1560
[2026-05-04 16:57:28,016][src.modRNN.training.training_loop][INFO] - train epoch 1560 MSE 0.0005 nMSE 0.0034
[2026-05-04 16:57:28,017][src.modRNN.training.training_loop][INFO] - 	 Starting Epoch: 1561
[2026-05-04 16:57:28,134][src.modRNN.training.training_loop][INFO] - train epoch 1561 MSE 0.0006 nMSE 0.0044
[2026-05-04 16:57:28,135][src.modRNN.training.training_loop][INFO] - 	 Starting Epoch: 1562
[2026-05-04 16:57:28,257][src.modRNN.training.training_loop][INFO] - train epoch 1562 MSE 0.0005 nMSE 0.0036
[2026-05-04 16:57:28,258][src.modRNN.training.training_loop][INFO] - 	 Starting Epoch: 1563
[2026-05-04 16:57:28,383][src.modRNN.training.training_loop][INFO] - train epoch 1563 MSE 0.0005 nMSE 0.0038
[2026-05-04 16:57:28,384][src.modRNN.training.training_loop][INFO] - 	 Starting Epoch: 1564
[2026-05-04 16:57:28,500][src.modRNN.training.training_loop][INFO] - train epoch 1564 MSE 0.0005 nMSE 0.0036
[2026-05-04 16:57:28,501][src.modRNN.training.training_loop][INFO] - 	 Starting Epoch: 1565
[2026-05-04 16:57:28,619][src.modRNN.training.training_loop][INFO] - train epoch 1565 MSE 0.0004 nMSE 0.0032
[2026-05-04 16:57:28,620][src.modRNN.training.training_loop][INFO] - 	 Starting Epoch: 1566
[2026-05-04 16:57:28,740][src.modRNN.training.training_loop][INFO] - train epoch 1566 MSE 0.0005 nMSE 0.0036
[2026-05-04 16:57:28,741][src.modRNN.training.training_loop][INFO] - 	 Starting Epoch: 1567
[2026-05-04 16:57:28,859][src.modRNN.training.training_loop][INFO] - train epoch 1567 MSE 0.0004 nMSE 0.0031
[2026-05-04 16:57:28,860][src.modRNN.training.training_loop][INFO] - 	 Starting Epoch: 1568
[2026-05-04 16:57:28,977][src.modRNN.training.training_loop][INFO] - train epoch 1568 MSE 0.0004 nMSE 0.0032
[2026-05-04 16:57:28,978][src.modRNN.training.training_loop][INFO] - 	 Starting Epoch: 1569
[2026-05-04 16:57:29,095][src.modRNN.training.training_loop][INFO] - train epoch 1569 MSE 0.0004 nMSE 0.0029
[2026-05-04 16:57:29,095][src.modRNN.training.training_loop][INFO] - 	 Starting Epoch: 1570
[2026-05-04 16:57:29,214][src.modRNN.training.training_loop][INFO] - train epoch 1570 MSE 0.0005 nMSE 0.0038
[2026-05-04 16:57:29,215][src.modRNN.training.training_loop][INFO] - 	 Starting Epoch: 1571
[2026-05-04 16:57:29,339][src.modRNN.training.training_loop][INFO] - train epoch 1571 MSE 0.0004 nMSE 0.0034
[2026-05-04 16:57:29,339][src.modRNN.training.training_loop][INFO] - 	 Starting Epoch: 1572
[2026-05-04 16:57:29,461][src.modRNN.training.training_loop][INFO] - train epoch 1572 MSE 0.0005 nMSE 0.0034
[2026-05-04 16:57:29,461][src.modRNN.training.training_loop][INFO] - 	 Starting Epoch: 1573
[2026-05-04 16:57:29,579][src.modRNN.training.training_loop][INFO] - train epoch 1573 MSE 0.0004 nMSE 0.0029
[2026-05-04 16:57:29,580][src.modRNN.training.training_loop][INFO] - 	 Starting Epoch: 1574
[2026-05-04 16:57:29,696][src.modRNN.training.training_loop][INFO] - train epoch 1574 MSE 0.0004 nMSE 0.0032
[2026-05-04 16:57:29,697][src.modRNN.training.training_loop][INFO] - 	 Starting Epoch: 1575
[2026-05-04 16:57:29,816][src.modRNN.training.training_loop][INFO] - train epoch 1575 MSE 0.0005 nMSE 0.0036
[2026-05-04 16:57:29,817][src.modRNN.training.training_loop][INFO] - 	 Starting Epoch: 1576
[2026-05-04 16:57:29,937][src.modRNN.training.training_loop][INFO] - train epoch 1576 MSE 0.0004 nMSE 0.0028
[2026-05-04 16:57:29,986][src.modRNN.training.training_loop][INFO] - eval  epoch 1576 MSE 0.0004 nMSE 0.0029
[2026-05-04 16:57:29,986][src.modRNN.training.training_loop][INFO] - 	 Starting Epoch: 1577
[2026-05-04 16:57:30,104][src.modRNN.training.training_loop][INFO] - train epoch 1577 MSE 0.0004 nMSE 0.0029
[2026-05-04 16:57:30,105][src.modRNN.training.training_loop][INFO] - 	 Starting Epoch: 1578
[2026-05-04 16:57:30,222][src.modRNN.training.training_loop][INFO] - train epoch 1578 MSE 0.0004 nMSE 0.0031
[2026-05-04 16:57:30,223][src.modRNN.training.training_loop][INFO] - 	 Starting Epoch: 1579
[2026-05-04 16:57:30,343][src.modRNN.training.training_loop][INFO] - train epoch 1579 MSE 0.0004 nMSE 0.0033
[2026-05-04 16:57:30,344][src.modRNN.training.training_loop][INFO] - 	 Starting Epoch: 1580
[2026-05-04 16:57:30,464][src.modRNN.training.training_loop][INFO] - train epoch 1580 MSE 0.0004 nMSE 0.0033
[2026-05-04 16:57:30,465][src.modRNN.training.training_loop][INFO] - 	 Starting Epoch: 1581
[2026-05-04 16:57:30,588][src.modRNN.training.training_loop][INFO] - train epoch 1581 MSE 0.0004 nMSE 0.0028
[2026-05-04 16:57:30,589][src.modRNN.training.training_loop][INFO] - 	 Starting Epoch: 1582
[2026-05-04 16:57:30,707][src.modRNN.training.training_loop][INFO] - train epoch 1582 MSE 0.0004 nMSE 0.0031
[2026-05-04 16:57:30,708][src.modRNN.training.training_loop][INFO] - 	 Starting Epoch: 1583
[2026-05-04 16:57:30,825][src.modRNN.training.training_loop][INFO] - train epoch 1583 MSE 0.0005 nMSE 0.0039
[2026-05-04 16:57:30,826][src.modRNN.training.training_loop][INFO] - 	 Starting Epoch: 1584
[2026-05-04 16:57:30,944][src.modRNN.training.training_loop][INFO] - train epoch 1584 MSE 0.0004 nMSE 0.0031
[2026-05-04 16:57:30,945][src.modRNN.training.training_loop][INFO] - 	 Starting Epoch: 1585
[2026-05-04 16:57:31,064][src.modRNN.training.training_loop][INFO] - train epoch 1585 MSE 0.0004 nMSE 0.0027
[2026-05-04 16:57:31,065][src.modRNN.training.training_loop][INFO] - 	 Starting Epoch: 1586
[2026-05-04 16:57:31,186][src.modRNN.training.training_loop][INFO] - train epoch 1586 MSE 0.0005 nMSE 0.0036
[2026-05-04 16:57:31,187][src.modRNN.training.training_loop][INFO] - 	 Starting Epoch: 1587
[2026-05-04 16:57:31,307][src.modRNN.training.training_loop][INFO] - train epoch 1587 MSE 0.0004 nMSE 0.0033
[2026-05-04 16:57:31,308][src.modRNN.training.training_loop][INFO] - 	 Starting Epoch: 1588
[2026-05-04 16:57:31,421][src.modRNN.training.training_loop][INFO] - train epoch 1588 MSE 0.0004 nMSE 0.0032
[2026-05-04 16:57:31,422][src.modRNN.training.training_loop][INFO] - 	 Starting Epoch: 1589
[2026-05-04 16:57:31,536][src.modRNN.training.training_loop][INFO] - train epoch 1589 MSE 0.0005 nMSE 0.0035
[2026-05-04 16:57:31,537][src.modRNN.training.training_loop][INFO] - 	 Starting Epoch: 1590
[2026-05-04 16:57:31,652][src.modRNN.training.training_loop][INFO] - train epoch 1590 MSE 0.0004 nMSE 0.0029
[2026-05-04 16:57:31,653][src.modRNN.training.training_loop][INFO] - 	 Starting Epoch: 1591
[2026-05-04 16:57:31,770][src.modRNN.training.training_loop][INFO] - train epoch 1591 MSE 0.0005 nMSE 0.0036
[2026-05-04 16:57:31,770][src.modRNN.training.training_loop][INFO] - 	 Starting Epoch: 1592
[2026-05-04 16:57:31,888][src.modRNN.training.training_loop][INFO] - train epoch 1592 MSE 0.0004 nMSE 0.0032
[2026-05-04 16:57:31,888][src.modRNN.training.training_loop][INFO] - 	 Starting Epoch: 1593
[2026-05-04 16:57:32,010][src.modRNN.training.training_loop][INFO] - train epoch 1593 MSE 0.0004 nMSE 0.0030
[2026-05-04 16:57:32,011][src.modRNN.training.training_loop][INFO] - 	 Starting Epoch: 1594
[2026-05-04 16:57:32,128][src.modRNN.training.training_loop][INFO] - train epoch 1594 MSE 0.0004 nMSE 0.0030
[2026-05-04 16:57:32,129][src.modRNN.training.training_loop][INFO] - 	 Starting Epoch: 1595
[2026-05-04 16:57:32,244][src.modRNN.training.training_loop][INFO] - train epoch 1595 MSE 0.0004 nMSE 0.0030
[2026-05-04 16:57:32,245][src.modRNN.training.training_loop][INFO] - 	 Starting Epoch: 1596
[2026-05-04 16:57:32,359][src.modRNN.training.training_loop][INFO] - train epoch 1596 MSE 0.0005 nMSE 0.0035
[2026-05-04 16:57:32,360][src.modRNN.training.training_loop][INFO] - 	 Starting Epoch: 1597
[2026-05-04 16:57:32,477][src.modRNN.training.training_loop][INFO] - train epoch 1597 MSE 0.0004 nMSE 0.0034
[2026-05-04 16:57:32,478][src.modRNN.training.training_loop][INFO] - 	 Starting Epoch: 1598
[2026-05-04 16:57:32,603][src.modRNN.training.training_loop][INFO] - train epoch 1598 MSE 0.0004 nMSE 0.0031
[2026-05-04 16:57:32,603][src.modRNN.training.training_loop][INFO] - 	 Starting Epoch: 1599
[2026-05-04 16:57:32,723][src.modRNN.training.training_loop][INFO] - train epoch 1599 MSE 0.0004 nMSE 0.0033
[2026-05-04 16:57:32,724][src.modRNN.training.training_loop][INFO] - 	 Starting Epoch: 1600
[2026-05-04 16:57:32,838][src.modRNN.training.training_loop][INFO] - train epoch 1600 MSE 0.0004 nMSE 0.0030
[2026-05-04 16:57:32,839][src.modRNN.training.training_loop][INFO] - 	 Starting Epoch: 1601
[2026-05-04 16:57:32,958][src.modRNN.training.training_loop][INFO] - train epoch 1601 MSE 0.0004 nMSE 0.0032
[2026-05-04 16:57:33,008][src.modRNN.training.training_loop][INFO] - eval  epoch 1601 MSE 0.0004 nMSE 0.0030
[2026-05-04 16:57:33,009][src.modRNN.training.training_loop][INFO] - 	 Starting Epoch: 1602
[2026-05-04 16:57:33,126][src.modRNN.training.training_loop][INFO] - train epoch 1602 MSE 0.0004 nMSE 0.0030
[2026-05-04 16:57:33,127][src.modRNN.training.training_loop][INFO] - 	 Starting Epoch: 1603
[2026-05-04 16:57:33,241][src.modRNN.training.training_loop][INFO] - train epoch 1603 MSE 0.0004 nMSE 0.0028
[2026-05-04 16:57:33,242][src.modRNN.training.training_loop][INFO] - 	 Starting Epoch: 1604
[2026-05-04 16:57:33,360][src.modRNN.training.training_loop][INFO] - train epoch 1604 MSE 0.0004 nMSE 0.0030
[2026-05-04 16:57:33,361][src.modRNN.training.training_loop][INFO] - 	 Starting Epoch: 1605
[2026-05-04 16:57:33,483][src.modRNN.training.training_loop][INFO] - train epoch 1605 MSE 0.0004 nMSE 0.0034
[2026-05-04 16:57:33,483][src.modRNN.training.training_loop][INFO] - 	 Starting Epoch: 1606
[2026-05-04 16:57:33,598][src.modRNN.training.training_loop][INFO] - train epoch 1606 MSE 0.0004 nMSE 0.0027
[2026-05-04 16:57:33,598][src.modRNN.training.training_loop][INFO] - 	 Starting Epoch: 1607
[2026-05-04 16:57:33,715][src.modRNN.training.training_loop][INFO] - train epoch 1607 MSE 0.0004 nMSE 0.0033
[2026-05-04 16:57:33,716][src.modRNN.training.training_loop][INFO] - 	 Starting Epoch: 1608
[2026-05-04 16:57:33,835][src.modRNN.training.training_loop][INFO] - train epoch 1608 MSE 0.0004 nMSE 0.0034
[2026-05-04 16:57:33,836][src.modRNN.training.training_loop][INFO] - 	 Starting Epoch: 1609
[2026-05-04 16:57:33,954][src.modRNN.training.training_loop][INFO] - train epoch 1609 MSE 0.0004 nMSE 0.0032
[2026-05-04 16:57:33,955][src.modRNN.training.training_loop][INFO] - 	 Starting Epoch: 1610
[2026-05-04 16:57:34,069][src.modRNN.training.training_loop][INFO] - train epoch 1610 MSE 0.0004 nMSE 0.0031
[2026-05-04 16:57:34,070][src.modRNN.training.training_loop][INFO] - 	 Starting Epoch: 1611
[2026-05-04 16:57:34,189][src.modRNN.training.training_loop][INFO] - train epoch 1611 MSE 0.0004 nMSE 0.0033
[2026-05-04 16:57:34,190][src.modRNN.training.training_loop][INFO] - 	 Starting Epoch: 1612
[2026-05-04 16:57:34,312][src.modRNN.training.training_loop][INFO] - train epoch 1612 MSE 0.0004 nMSE 0.0032
[2026-05-04 16:57:34,313][src.modRNN.training.training_loop][INFO] - 	 Starting Epoch: 1613
[2026-05-04 16:57:34,428][src.modRNN.training.training_loop][INFO] - train epoch 1613 MSE 0.0006 nMSE 0.0044
[2026-05-04 16:57:34,428][src.modRNN.training.training_loop][INFO] - 	 Starting Epoch: 1614
[2026-05-04 16:57:34,542][src.modRNN.training.training_loop][INFO] - train epoch 1614 MSE 0.0005 nMSE 0.0034
[2026-05-04 16:57:34,543][src.modRNN.training.training_loop][INFO] - 	 Starting Epoch: 1615
[2026-05-04 16:57:34,657][src.modRNN.training.training_loop][INFO] - train epoch 1615 MSE 0.0004 nMSE 0.0031
[2026-05-04 16:57:34,657][src.modRNN.training.training_loop][INFO] - 	 Starting Epoch: 1616
[2026-05-04 16:57:34,772][src.modRNN.training.training_loop][INFO] - train epoch 1616 MSE 0.0004 nMSE 0.0031
[2026-05-04 16:57:34,773][src.modRNN.training.training_loop][INFO] - 	 Starting Epoch: 1617
[2026-05-04 16:57:34,890][src.modRNN.training.training_loop][INFO] - train epoch 1617 MSE 0.0005 nMSE 0.0034
[2026-05-04 16:57:34,891][src.modRNN.training.training_loop][INFO] - 	 Starting Epoch: 1618
[2026-05-04 16:57:35,006][src.modRNN.training.training_loop][INFO] - train epoch 1618 MSE 0.0004 nMSE 0.0033
[2026-05-04 16:57:35,007][src.modRNN.training.training_loop][INFO] - 	 Starting Epoch: 1619
[2026-05-04 16:57:35,121][src.modRNN.training.training_loop][INFO] - train epoch 1619 MSE 0.0004 nMSE 0.0031
[2026-05-04 16:57:35,121][src.modRNN.training.training_loop][INFO] - 	 Starting Epoch: 1620
[2026-05-04 16:57:35,235][src.modRNN.training.training_loop][INFO] - train epoch 1620 MSE 0.0004 nMSE 0.0028
[2026-05-04 16:57:35,236][src.modRNN.training.training_loop][INFO] - 	 Starting Epoch: 1621
[2026-05-04 16:57:35,353][src.modRNN.training.training_loop][INFO] - train epoch 1621 MSE 0.0004 nMSE 0.0029
[2026-05-04 16:57:35,353][src.modRNN.training.training_loop][INFO] - 	 Starting Epoch: 1622
[2026-05-04 16:57:35,477][src.modRNN.training.training_loop][INFO] - train epoch 1622 MSE 0.0004 nMSE 0.0031
[2026-05-04 16:57:35,478][src.modRNN.training.training_loop][INFO] - 	 Starting Epoch: 1623
[2026-05-04 16:57:35,597][src.modRNN.training.training_loop][INFO] - train epoch 1623 MSE 0.0004 nMSE 0.0029
[2026-05-04 16:57:35,598][src.modRNN.training.training_loop][INFO] - 	 Starting Epoch: 1624
[2026-05-04 16:57:35,713][src.modRNN.training.training_loop][INFO] - train epoch 1624 MSE 0.0004 nMSE 0.0027
[2026-05-04 16:57:35,713][src.modRNN.training.training_loop][INFO] - 	 Starting Epoch: 1625
[2026-05-04 16:57:35,828][src.modRNN.training.training_loop][INFO] - train epoch 1625 MSE 0.0004 nMSE 0.0028
[2026-05-04 16:57:35,829][src.modRNN.training.training_loop][INFO] - 	 Starting Epoch: 1626
[2026-05-04 16:57:35,945][src.modRNN.training.training_loop][INFO] - train epoch 1626 MSE 0.0003 nMSE 0.0026
[2026-05-04 16:57:35,992][src.modRNN.training.training_loop][INFO] - eval  epoch 1626 MSE 0.0004 nMSE 0.0034
[2026-05-04 16:57:35,992][src.modRNN.training.training_loop][INFO] - 	 Starting Epoch: 1627
[2026-05-04 16:57:36,108][src.modRNN.training.training_loop][INFO] - train epoch 1627 MSE 0.0004 nMSE 0.0034
[2026-05-04 16:57:36,109][src.modRNN.training.training_loop][INFO] - 	 Starting Epoch: 1628
[2026-05-04 16:57:36,230][src.modRNN.training.training_loop][INFO] - train epoch 1628 MSE 0.0004 nMSE 0.0029
[2026-05-04 16:57:36,231][src.modRNN.training.training_loop][INFO] - 	 Starting Epoch: 1629
[2026-05-04 16:57:36,356][src.modRNN.training.training_loop][INFO] - train epoch 1629 MSE 0.0004 nMSE 0.0030
[2026-05-04 16:57:36,357][src.modRNN.training.training_loop][INFO] - 	 Starting Epoch: 1630
[2026-05-04 16:57:36,471][src.modRNN.training.training_loop][INFO] - train epoch 1630 MSE 0.0004 nMSE 0.0029
[2026-05-04 16:57:36,472][src.modRNN.training.training_loop][INFO] - 	 Starting Epoch: 1631
[2026-05-04 16:57:36,588][src.modRNN.training.training_loop][INFO] - train epoch 1631 MSE 0.0004 nMSE 0.0029
[2026-05-04 16:57:36,588][src.modRNN.training.training_loop][INFO] - 	 Starting Epoch: 1632
[2026-05-04 16:57:36,707][src.modRNN.training.training_loop][INFO] - train epoch 1632 MSE 0.0004 nMSE 0.0034
[2026-05-04 16:57:36,708][src.modRNN.training.training_loop][INFO] - 	 Starting Epoch: 1633
[2026-05-04 16:57:36,826][src.modRNN.training.training_loop][INFO] - train epoch 1633 MSE 0.0004 nMSE 0.0030
[2026-05-04 16:57:36,827][src.modRNN.training.training_loop][INFO] - 	 Starting Epoch: 1634
[2026-05-04 16:57:36,942][src.modRNN.training.training_loop][INFO] - train epoch 1634 MSE 0.0004 nMSE 0.0030
[2026-05-04 16:57:36,942][src.modRNN.training.training_loop][INFO] - 	 Starting Epoch: 1635
[2026-05-04 16:57:37,058][src.modRNN.training.training_loop][INFO] - train epoch 1635 MSE 0.0004 nMSE 0.0031
[2026-05-04 16:57:37,059][src.modRNN.training.training_loop][INFO] - 	 Starting Epoch: 1636
[2026-05-04 16:57:37,177][src.modRNN.training.training_loop][INFO] - train epoch 1636 MSE 0.0004 nMSE 0.0028
[2026-05-04 16:57:37,178][src.modRNN.training.training_loop][INFO] - 	 Starting Epoch: 1637
[2026-05-04 16:57:37,293][src.modRNN.training.training_loop][INFO] - train epoch 1637 MSE 0.0004 nMSE 0.0032
[2026-05-04 16:57:37,294][src.modRNN.training.training_loop][INFO] - 	 Starting Epoch: 1638
[2026-05-04 16:57:37,409][src.modRNN.training.training_loop][INFO] - train epoch 1638 MSE 0.0004 nMSE 0.0026
[2026-05-04 16:57:37,410][src.modRNN.training.training_loop][INFO] - 	 Starting Epoch: 1639
[2026-05-04 16:57:37,528][src.modRNN.training.training_loop][INFO] - train epoch 1639 MSE 0.0004 nMSE 0.0028
[2026-05-04 16:57:37,529][src.modRNN.training.training_loop][INFO] - 	 Starting Epoch: 1640
[2026-05-04 16:57:37,645][src.modRNN.training.training_loop][INFO] - train epoch 1640 MSE 0.0004 nMSE 0.0030
[2026-05-04 16:57:37,646][src.modRNN.training.training_loop][INFO] - 	 Starting Epoch: 1641
[2026-05-04 16:57:37,760][src.modRNN.training.training_loop][INFO] - train epoch 1641 MSE 0.0004 nMSE 0.0033
[2026-05-04 16:57:37,761][src.modRNN.training.training_loop][INFO] - 	 Starting Epoch: 1642
[2026-05-04 16:57:37,875][src.modRNN.training.training_loop][INFO] - train epoch 1642 MSE 0.0004 nMSE 0.0029
[2026-05-04 16:57:37,876][src.modRNN.training.training_loop][INFO] - 	 Starting Epoch: 1643
[2026-05-04 16:57:37,992][src.modRNN.training.training_loop][INFO] - train epoch 1643 MSE 0.0003 nMSE 0.0026
[2026-05-04 16:57:37,993][src.modRNN.training.training_loop][INFO] - 	 Starting Epoch: 1644
[2026-05-04 16:57:38,108][src.modRNN.training.training_loop][INFO] - train epoch 1644 MSE 0.0004 nMSE 0.0031
[2026-05-04 16:57:38,109][src.modRNN.training.training_loop][INFO] - 	 Starting Epoch: 1645
[2026-05-04 16:57:38,226][src.modRNN.training.training_loop][INFO] - train epoch 1645 MSE 0.0005 nMSE 0.0034
[2026-05-04 16:57:38,227][src.modRNN.training.training_loop][INFO] - 	 Starting Epoch: 1646
[2026-05-04 16:57:38,351][src.modRNN.training.training_loop][INFO] - train epoch 1646 MSE 0.0004 nMSE 0.0032
[2026-05-04 16:57:38,352][src.modRNN.training.training_loop][INFO] - 	 Starting Epoch: 1647
[2026-05-04 16:57:38,471][src.modRNN.training.training_loop][INFO] - train epoch 1647 MSE 0.0004 nMSE 0.0032
[2026-05-04 16:57:38,472][src.modRNN.training.training_loop][INFO] - 	 Starting Epoch: 1648
[2026-05-04 16:57:38,586][src.modRNN.training.training_loop][INFO] - train epoch 1648 MSE 0.0004 nMSE 0.0029
[2026-05-04 16:57:38,587][src.modRNN.training.training_loop][INFO] - 	 Starting Epoch: 1649
[2026-05-04 16:57:38,701][src.modRNN.training.training_loop][INFO] - train epoch 1649 MSE 0.0004 nMSE 0.0028
[2026-05-04 16:57:38,702][src.modRNN.training.training_loop][INFO] - 	 Starting Epoch: 1650
[2026-05-04 16:57:38,816][src.modRNN.training.training_loop][INFO] - train epoch 1650 MSE 0.0004 nMSE 0.0032
[2026-05-04 16:57:38,817][src.modRNN.training.training_loop][INFO] - 	 Starting Epoch: 1651
[2026-05-04 16:57:38,937][src.modRNN.training.training_loop][INFO] - train epoch 1651 MSE 0.0003 nMSE 0.0026
[2026-05-04 16:57:38,986][src.modRNN.training.training_loop][INFO] - eval  epoch 1651 MSE 0.0005 nMSE 0.0036
[2026-05-04 16:57:38,987][src.modRNN.training.training_loop][INFO] - 	 Starting Epoch: 1652
[2026-05-04 16:57:39,102][src.modRNN.training.training_loop][INFO] - train epoch 1652 MSE 0.0005 nMSE 0.0036
[2026-05-04 16:57:39,103][src.modRNN.training.training_loop][INFO] - 	 Starting Epoch: 1653
[2026-05-04 16:57:39,217][src.modRNN.training.training_loop][INFO] - train epoch 1653 MSE 0.0004 nMSE 0.0028
[2026-05-04 16:57:39,217][src.modRNN.training.training_loop][INFO] - 	 Starting Epoch: 1654
[2026-05-04 16:57:39,332][src.modRNN.training.training_loop][INFO] - train epoch 1654 MSE 0.0004 nMSE 0.0028
[2026-05-04 16:57:39,333][src.modRNN.training.training_loop][INFO] - 	 Starting Epoch: 1655
[2026-05-04 16:57:39,450][src.modRNN.training.training_loop][INFO] - train epoch 1655 MSE 0.0004 nMSE 0.0030
[2026-05-04 16:57:39,451][src.modRNN.training.training_loop][INFO] - 	 Starting Epoch: 1656
[2026-05-04 16:57:39,574][src.modRNN.training.training_loop][INFO] - train epoch 1656 MSE 0.0004 nMSE 0.0027
[2026-05-04 16:57:39,575][src.modRNN.training.training_loop][INFO] - 	 Starting Epoch: 1657
[2026-05-04 16:57:39,695][src.modRNN.training.training_loop][INFO] - train epoch 1657 MSE 0.0004 nMSE 0.0029
[2026-05-04 16:57:39,696][src.modRNN.training.training_loop][INFO] - 	 Starting Epoch: 1658
[2026-05-04 16:57:39,810][src.modRNN.training.training_loop][INFO] - train epoch 1658 MSE 0.0004 nMSE 0.0027
[2026-05-04 16:57:39,810][src.modRNN.training.training_loop][INFO] - 	 Starting Epoch: 1659
[2026-05-04 16:57:39,925][src.modRNN.training.training_loop][INFO] - train epoch 1659 MSE 0.0005 nMSE 0.0038
[2026-05-04 16:57:39,926][src.modRNN.training.training_loop][INFO] - 	 Starting Epoch: 1660
[2026-05-04 16:57:40,042][src.modRNN.training.training_loop][INFO] - train epoch 1660 MSE 0.0004 nMSE 0.0030
[2026-05-04 16:57:40,043][src.modRNN.training.training_loop][INFO] - 	 Starting Epoch: 1661
[2026-05-04 16:57:40,159][src.modRNN.training.training_loop][INFO] - train epoch 1661 MSE 0.0004 nMSE 0.0026
[2026-05-04 16:57:40,160][src.modRNN.training.training_loop][INFO] - 	 Starting Epoch: 1662
[2026-05-04 16:57:40,277][src.modRNN.training.training_loop][INFO] - train epoch 1662 MSE 0.0004 nMSE 0.0031
[2026-05-04 16:57:40,278][src.modRNN.training.training_loop][INFO] - 	 Starting Epoch: 1663
[2026-05-04 16:57:40,400][src.modRNN.training.training_loop][INFO] - train epoch 1663 MSE 0.0004 nMSE 0.0033
[2026-05-04 16:57:40,400][src.modRNN.training.training_loop][INFO] - 	 Starting Epoch: 1664
[2026-05-04 16:57:40,518][src.modRNN.training.training_loop][INFO] - train epoch 1664 MSE 0.0004 nMSE 0.0032
[2026-05-04 16:57:40,519][src.modRNN.training.training_loop][INFO] - 	 Starting Epoch: 1665
[2026-05-04 16:57:40,634][src.modRNN.training.training_loop][INFO] - train epoch 1665 MSE 0.0004 nMSE 0.0029
[2026-05-04 16:57:40,635][src.modRNN.training.training_loop][INFO] - 	 Starting Epoch: 1666
[2026-05-04 16:57:40,749][src.modRNN.training.training_loop][INFO] - train epoch 1666 MSE 0.0004 nMSE 0.0028
[2026-05-04 16:57:40,750][src.modRNN.training.training_loop][INFO] - 	 Starting Epoch: 1667
[2026-05-04 16:57:40,865][src.modRNN.training.training_loop][INFO] - train epoch 1667 MSE 0.0004 nMSE 0.0033
[2026-05-04 16:57:40,866][src.modRNN.training.training_loop][INFO] - 	 Starting Epoch: 1668
[2026-05-04 16:57:40,982][src.modRNN.training.training_loop][INFO] - train epoch 1668 MSE 0.0004 nMSE 0.0030
[2026-05-04 16:57:40,982][src.modRNN.training.training_loop][INFO] - 	 Starting Epoch: 1669
[2026-05-04 16:57:41,099][src.modRNN.training.training_loop][INFO] - train epoch 1669 MSE 0.0003 nMSE 0.0025
[2026-05-04 16:57:41,100][src.modRNN.training.training_loop][INFO] - 	 Starting Epoch: 1670
[2026-05-04 16:57:41,221][src.modRNN.training.training_loop][INFO] - train epoch 1670 MSE 0.0004 nMSE 0.0029
[2026-05-04 16:57:41,222][src.modRNN.training.training_loop][INFO] - 	 Starting Epoch: 1671
[2026-05-04 16:57:41,341][src.modRNN.training.training_loop][INFO] - train epoch 1671 MSE 0.0004 nMSE 0.0030
[2026-05-04 16:57:41,342][src.modRNN.training.training_loop][INFO] - 	 Starting Epoch: 1672
[2026-05-04 16:57:41,456][src.modRNN.training.training_loop][INFO] - train epoch 1672 MSE 0.0004 nMSE 0.0030
[2026-05-04 16:57:41,457][src.modRNN.training.training_loop][INFO] - 	 Starting Epoch: 1673
[2026-05-04 16:57:41,571][src.modRNN.training.training_loop][INFO] - train epoch 1673 MSE 0.0004 nMSE 0.0030
[2026-05-04 16:57:41,572][src.modRNN.training.training_loop][INFO] - 	 Starting Epoch: 1674
[2026-05-04 16:57:41,688][src.modRNN.training.training_loop][INFO] - train epoch 1674 MSE 0.0004 nMSE 0.0031
[2026-05-04 16:57:41,689][src.modRNN.training.training_loop][INFO] - 	 Starting Epoch: 1675
[2026-05-04 16:57:41,812][src.modRNN.training.training_loop][INFO] - train epoch 1675 MSE 0.0004 nMSE 0.0030
[2026-05-04 16:57:41,813][src.modRNN.training.training_loop][INFO] - 	 Starting Epoch: 1676
[2026-05-04 16:57:41,932][src.modRNN.training.training_loop][INFO] - train epoch 1676 MSE 0.0004 nMSE 0.0030
[2026-05-04 16:57:41,977][src.modRNN.training.training_loop][INFO] - eval  epoch 1676 MSE 0.0004 nMSE 0.0030
[2026-05-04 16:57:41,978][src.modRNN.training.training_loop][INFO] - 	 Starting Epoch: 1677
[2026-05-04 16:57:42,093][src.modRNN.training.training_loop][INFO] - train epoch 1677 MSE 0.0004 nMSE 0.0030
[2026-05-04 16:57:42,094][src.modRNN.training.training_loop][INFO] - 	 Starting Epoch: 1678
[2026-05-04 16:57:42,207][src.modRNN.training.training_loop][INFO] - train epoch 1678 MSE 0.0004 nMSE 0.0029
[2026-05-04 16:57:42,208][src.modRNN.training.training_loop][INFO] - 	 Starting Epoch: 1679
[2026-05-04 16:57:42,326][src.modRNN.training.training_loop][INFO] - train epoch 1679 MSE 0.0004 nMSE 0.0027
[2026-05-04 16:57:42,326][src.modRNN.training.training_loop][INFO] - 	 Starting Epoch: 1680
[2026-05-04 16:57:42,450][src.modRNN.training.training_loop][INFO] - train epoch 1680 MSE 0.0004 nMSE 0.0031
[2026-05-04 16:57:42,451][src.modRNN.training.training_loop][INFO] - 	 Starting Epoch: 1681
[2026-05-04 16:57:42,571][src.modRNN.training.training_loop][INFO] - train epoch 1681 MSE 0.0004 nMSE 0.0031
[2026-05-04 16:57:42,571][src.modRNN.training.training_loop][INFO] - 	 Starting Epoch: 1682
[2026-05-04 16:57:42,685][src.modRNN.training.training_loop][INFO] - train epoch 1682 MSE 0.0004 nMSE 0.0028
[2026-05-04 16:57:42,686][src.modRNN.training.training_loop][INFO] - 	 Starting Epoch: 1683
[2026-05-04 16:57:42,800][src.modRNN.training.training_loop][INFO] - train epoch 1683 MSE 0.0004 nMSE 0.0031
[2026-05-04 16:57:42,801][src.modRNN.training.training_loop][INFO] - 	 Starting Epoch: 1684
[2026-05-04 16:57:42,916][src.modRNN.training.training_loop][INFO] - train epoch 1684 MSE 0.0003 nMSE 0.0025
[2026-05-04 16:57:42,917][src.modRNN.training.training_loop][INFO] - 	 Starting Epoch: 1685
[2026-05-04 16:57:43,037][src.modRNN.training.training_loop][INFO] - train epoch 1685 MSE 0.0003 nMSE 0.0025
[2026-05-04 16:57:43,038][src.modRNN.training.training_loop][INFO] - 	 Starting Epoch: 1686
[2026-05-04 16:57:43,156][src.modRNN.training.training_loop][INFO] - train epoch 1686 MSE 0.0004 nMSE 0.0031
[2026-05-04 16:57:43,157][src.modRNN.training.training_loop][INFO] - 	 Starting Epoch: 1687
[2026-05-04 16:57:43,271][src.modRNN.training.training_loop][INFO] - train epoch 1687 MSE 0.0004 nMSE 0.0030
[2026-05-04 16:57:43,272][src.modRNN.training.training_loop][INFO] - 	 Starting Epoch: 1688
[2026-05-04 16:57:43,389][src.modRNN.training.training_loop][INFO] - train epoch 1688 MSE 0.0004 nMSE 0.0028
[2026-05-04 16:57:43,389][src.modRNN.training.training_loop][INFO] - 	 Starting Epoch: 1689
[2026-05-04 16:57:43,508][src.modRNN.training.training_loop][INFO] - train epoch 1689 MSE 0.0004 nMSE 0.0031
[2026-05-04 16:57:43,509][src.modRNN.training.training_loop][INFO] - 	 Starting Epoch: 1690
[2026-05-04 16:57:43,627][src.modRNN.training.training_loop][INFO] - train epoch 1690 MSE 0.0004 nMSE 0.0029
[2026-05-04 16:57:43,628][src.modRNN.training.training_loop][INFO] - 	 Starting Epoch: 1691
[2026-05-04 16:57:43,746][src.modRNN.training.training_loop][INFO] - train epoch 1691 MSE 0.0005 nMSE 0.0036
[2026-05-04 16:57:43,747][src.modRNN.training.training_loop][INFO] - 	 Starting Epoch: 1692
[2026-05-04 16:57:43,860][src.modRNN.training.training_loop][INFO] - train epoch 1692 MSE 0.0004 nMSE 0.0027
[2026-05-04 16:57:43,861][src.modRNN.training.training_loop][INFO] - 	 Starting Epoch: 1693
[2026-05-04 16:57:43,977][src.modRNN.training.training_loop][INFO] - train epoch 1693 MSE 0.0005 nMSE 0.0034
[2026-05-04 16:57:43,978][src.modRNN.training.training_loop][INFO] - 	 Starting Epoch: 1694
[2026-05-04 16:57:44,097][src.modRNN.training.training_loop][INFO] - train epoch 1694 MSE 0.0004 nMSE 0.0032
[2026-05-04 16:57:44,098][src.modRNN.training.training_loop][INFO] - 	 Starting Epoch: 1695
[2026-05-04 16:57:44,215][src.modRNN.training.training_loop][INFO] - train epoch 1695 MSE 0.0003 nMSE 0.0025
[2026-05-04 16:57:44,216][src.modRNN.training.training_loop][INFO] - 	 Starting Epoch: 1696
[2026-05-04 16:57:44,329][src.modRNN.training.training_loop][INFO] - train epoch 1696 MSE 0.0004 nMSE 0.0034
[2026-05-04 16:57:44,330][src.modRNN.training.training_loop][INFO] - 	 Starting Epoch: 1697
[2026-05-04 16:57:44,445][src.modRNN.training.training_loop][INFO] - train epoch 1697 MSE 0.0005 nMSE 0.0034
[2026-05-04 16:57:44,446][src.modRNN.training.training_loop][INFO] - 	 Starting Epoch: 1698
[2026-05-04 16:57:44,563][src.modRNN.training.training_loop][INFO] - train epoch 1698 MSE 0.0004 nMSE 0.0029
[2026-05-04 16:57:44,563][src.modRNN.training.training_loop][INFO] - 	 Starting Epoch: 1699
[2026-05-04 16:57:44,688][src.modRNN.training.training_loop][INFO] - train epoch 1699 MSE 0.0005 nMSE 0.0038
[2026-05-04 16:57:44,689][src.modRNN.training.training_loop][INFO] - 	 Starting Epoch: 1700
[2026-05-04 16:57:44,808][src.modRNN.training.training_loop][INFO] - train epoch 1700 MSE 0.0004 nMSE 0.0028
[2026-05-04 16:57:44,808][src.modRNN.training.training_loop][INFO] - 	 Starting Epoch: 1701
[2026-05-04 16:57:44,924][src.modRNN.training.training_loop][INFO] - train epoch 1701 MSE 0.0004 nMSE 0.0032
[2026-05-04 16:57:44,969][src.modRNN.training.training_loop][INFO] - eval  epoch 1701 MSE 0.0004 nMSE 0.0028
[2026-05-04 16:57:44,970][src.modRNN.training.training_loop][INFO] - 	 Starting Epoch: 1702
[2026-05-04 16:57:45,086][src.modRNN.training.training_loop][INFO] - train epoch 1702 MSE 0.0004 nMSE 0.0028
[2026-05-04 16:57:45,087][src.modRNN.training.training_loop][INFO] - 	 Starting Epoch: 1703
[2026-05-04 16:57:45,206][src.modRNN.training.training_loop][INFO] - train epoch 1703 MSE 0.0004 nMSE 0.0030
[2026-05-04 16:57:45,207][src.modRNN.training.training_loop][INFO] - 	 Starting Epoch: 1704
[2026-05-04 16:57:45,330][src.modRNN.training.training_loop][INFO] - train epoch 1704 MSE 0.0004 nMSE 0.0029
[2026-05-04 16:57:45,331][src.modRNN.training.training_loop][INFO] - 	 Starting Epoch: 1705
[2026-05-04 16:57:45,449][src.modRNN.training.training_loop][INFO] - train epoch 1705 MSE 0.0004 nMSE 0.0030
[2026-05-04 16:57:45,449][src.modRNN.training.training_loop][INFO] - 	 Starting Epoch: 1706
[2026-05-04 16:57:45,564][src.modRNN.training.training_loop][INFO] - train epoch 1706 MSE 0.0003 nMSE 0.0023
[2026-05-04 16:57:45,565][src.modRNN.training.training_loop][INFO] - 	 Starting Epoch: 1707
[2026-05-04 16:57:45,680][src.modRNN.training.training_loop][INFO] - train epoch 1707 MSE 0.0005 nMSE 0.0034
[2026-05-04 16:57:45,681][src.modRNN.training.training_loop][INFO] - 	 Starting Epoch: 1708
[2026-05-04 16:57:45,797][src.modRNN.training.training_loop][INFO] - train epoch 1708 MSE 0.0004 nMSE 0.0027
[2026-05-04 16:57:45,798][src.modRNN.training.training_loop][INFO] - 	 Starting Epoch: 1709
[2026-05-04 16:57:45,920][src.modRNN.training.training_loop][INFO] - train epoch 1709 MSE 0.0004 nMSE 0.0031
[2026-05-04 16:57:45,921][src.modRNN.training.training_loop][INFO] - 	 Starting Epoch: 1710
[2026-05-04 16:57:46,039][src.modRNN.training.training_loop][INFO] - train epoch 1710 MSE 0.0004 nMSE 0.0032
[2026-05-04 16:57:46,040][src.modRNN.training.training_loop][INFO] - 	 Starting Epoch: 1711
[2026-05-04 16:57:46,155][src.modRNN.training.training_loop][INFO] - train epoch 1711 MSE 0.0004 nMSE 0.0027
[2026-05-04 16:57:46,155][src.modRNN.training.training_loop][INFO] - 	 Starting Epoch: 1712
[2026-05-04 16:57:46,274][src.modRNN.training.training_loop][INFO] - train epoch 1712 MSE 0.0004 nMSE 0.0033
[2026-05-04 16:57:46,275][src.modRNN.training.training_loop][INFO] - 	 Starting Epoch: 1713
[2026-05-04 16:57:46,398][src.modRNN.training.training_loop][INFO] - train epoch 1713 MSE 0.0004 nMSE 0.0030
[2026-05-04 16:57:46,398][src.modRNN.training.training_loop][INFO] - 	 Starting Epoch: 1714
[2026-05-04 16:57:46,512][src.modRNN.training.training_loop][INFO] - train epoch 1714 MSE 0.0004 nMSE 0.0031
[2026-05-04 16:57:46,513][src.modRNN.training.training_loop][INFO] - 	 Starting Epoch: 1715
[2026-05-04 16:57:46,629][src.modRNN.training.training_loop][INFO] - train epoch 1715 MSE 0.0005 nMSE 0.0036
[2026-05-04 16:57:46,629][src.modRNN.training.training_loop][INFO] - 	 Starting Epoch: 1716
[2026-05-04 16:57:46,748][src.modRNN.training.training_loop][INFO] - train epoch 1716 MSE 0.0003 nMSE 0.0024
[2026-05-04 16:57:46,749][src.modRNN.training.training_loop][INFO] - 	 Starting Epoch: 1717
[2026-05-04 16:57:46,866][src.modRNN.training.training_loop][INFO] - train epoch 1717 MSE 0.0004 nMSE 0.0028
[2026-05-04 16:57:46,867][src.modRNN.training.training_loop][INFO] - 	 Starting Epoch: 1718
[2026-05-04 16:57:46,981][src.modRNN.training.training_loop][INFO] - train epoch 1718 MSE 0.0004 nMSE 0.0030
[2026-05-04 16:57:46,982][src.modRNN.training.training_loop][INFO] - 	 Starting Epoch: 1719
[2026-05-04 16:57:47,097][src.modRNN.training.training_loop][INFO] - train epoch 1719 MSE 0.0004 nMSE 0.0027
[2026-05-04 16:57:47,097][src.modRNN.training.training_loop][INFO] - 	 Starting Epoch: 1720
[2026-05-04 16:57:47,212][src.modRNN.training.training_loop][INFO] - train epoch 1720 MSE 0.0003 nMSE 0.0026
[2026-05-04 16:57:47,213][src.modRNN.training.training_loop][INFO] - 	 Starting Epoch: 1721
[2026-05-04 16:57:47,334][src.modRNN.training.training_loop][INFO] - train epoch 1721 MSE 0.0004 nMSE 0.0030
[2026-05-04 16:57:47,335][src.modRNN.training.training_loop][INFO] - 	 Starting Epoch: 1722
[2026-05-04 16:57:47,452][src.modRNN.training.training_loop][INFO] - train epoch 1722 MSE 0.0004 nMSE 0.0032
[2026-05-04 16:57:47,453][src.modRNN.training.training_loop][INFO] - 	 Starting Epoch: 1723
[2026-05-04 16:57:47,567][src.modRNN.training.training_loop][INFO] - train epoch 1723 MSE 0.0004 nMSE 0.0028
[2026-05-04 16:57:47,568][src.modRNN.training.training_loop][INFO] - 	 Starting Epoch: 1724
[2026-05-04 16:57:47,682][src.modRNN.training.training_loop][INFO] - train epoch 1724 MSE 0.0004 nMSE 0.0027
[2026-05-04 16:57:47,683][src.modRNN.training.training_loop][INFO] - 	 Starting Epoch: 1725
[2026-05-04 16:57:47,800][src.modRNN.training.training_loop][INFO] - train epoch 1725 MSE 0.0003 nMSE 0.0026
[2026-05-04 16:57:47,801][src.modRNN.training.training_loop][INFO] - 	 Starting Epoch: 1726
[2026-05-04 16:57:47,920][src.modRNN.training.training_loop][INFO] - train epoch 1726 MSE 0.0004 nMSE 0.0028
[2026-05-04 16:57:47,971][src.modRNN.training.training_loop][INFO] - eval  epoch 1726 MSE 0.0003 nMSE 0.0026
[2026-05-04 16:57:47,971][src.modRNN.training.training_loop][INFO] - 	 Starting Epoch: 1727
[2026-05-04 16:57:48,089][src.modRNN.training.training_loop][INFO] - train epoch 1727 MSE 0.0003 nMSE 0.0026
[2026-05-04 16:57:48,090][src.modRNN.training.training_loop][INFO] - 	 Starting Epoch: 1728
[2026-05-04 16:57:48,204][src.modRNN.training.training_loop][INFO] - train epoch 1728 MSE 0.0004 nMSE 0.0028
[2026-05-04 16:57:48,204][src.modRNN.training.training_loop][INFO] - 	 Starting Epoch: 1729
[2026-05-04 16:57:48,320][src.modRNN.training.training_loop][INFO] - train epoch 1729 MSE 0.0003 nMSE 0.0025
[2026-05-04 16:57:48,321][src.modRNN.training.training_loop][INFO] - 	 Starting Epoch: 1730
[2026-05-04 16:57:48,439][src.modRNN.training.training_loop][INFO] - train epoch 1730 MSE 0.0003 nMSE 0.0026
[2026-05-04 16:57:48,440][src.modRNN.training.training_loop][INFO] - 	 Starting Epoch: 1731
[2026-05-04 16:57:48,555][src.modRNN.training.training_loop][INFO] - train epoch 1731 MSE 0.0003 nMSE 0.0025
[2026-05-04 16:57:48,555][src.modRNN.training.training_loop][INFO] - 	 Starting Epoch: 1732
[2026-05-04 16:57:48,670][src.modRNN.training.training_loop][INFO] - train epoch 1732 MSE 0.0004 nMSE 0.0027
[2026-05-04 16:57:48,671][src.modRNN.training.training_loop][INFO] - 	 Starting Epoch: 1733
[2026-05-04 16:57:48,789][src.modRNN.training.training_loop][INFO] - train epoch 1733 MSE 0.0004 nMSE 0.0027
[2026-05-04 16:57:48,790][src.modRNN.training.training_loop][INFO] - 	 Starting Epoch: 1734
[2026-05-04 16:57:48,907][src.modRNN.training.training_loop][INFO] - train epoch 1734 MSE 0.0004 nMSE 0.0029
[2026-05-04 16:57:48,908][src.modRNN.training.training_loop][INFO] - 	 Starting Epoch: 1735
[2026-05-04 16:57:49,022][src.modRNN.training.training_loop][INFO] - train epoch 1735 MSE 0.0003 nMSE 0.0024
[2026-05-04 16:57:49,023][src.modRNN.training.training_loop][INFO] - 	 Starting Epoch: 1736
[2026-05-04 16:57:49,136][src.modRNN.training.training_loop][INFO] - train epoch 1736 MSE 0.0004 nMSE 0.0033
[2026-05-04 16:57:49,137][src.modRNN.training.training_loop][INFO] - 	 Starting Epoch: 1737
[2026-05-04 16:57:49,252][src.modRNN.training.training_loop][INFO] - train epoch 1737 MSE 0.0004 nMSE 0.0027
[2026-05-04 16:57:49,253][src.modRNN.training.training_loop][INFO] - 	 Starting Epoch: 1738
[2026-05-04 16:57:49,367][src.modRNN.training.training_loop][INFO] - train epoch 1738 MSE 0.0004 nMSE 0.0027
[2026-05-04 16:57:49,368][src.modRNN.training.training_loop][INFO] - 	 Starting Epoch: 1739
[2026-05-04 16:57:49,484][src.modRNN.training.training_loop][INFO] - train epoch 1739 MSE 0.0004 nMSE 0.0028
[2026-05-04 16:57:49,485][src.modRNN.training.training_loop][INFO] - 	 Starting Epoch: 1740
[2026-05-04 16:57:49,609][src.modRNN.training.training_loop][INFO] - train epoch 1740 MSE 0.0004 nMSE 0.0032
[2026-05-04 16:57:49,610][src.modRNN.training.training_loop][INFO] - 	 Starting Epoch: 1741
[2026-05-04 16:57:49,729][src.modRNN.training.training_loop][INFO] - train epoch 1741 MSE 0.0003 nMSE 0.0026
[2026-05-04 16:57:49,730][src.modRNN.training.training_loop][INFO] - 	 Starting Epoch: 1742
[2026-05-04 16:57:49,844][src.modRNN.training.training_loop][INFO] - train epoch 1742 MSE 0.0004 nMSE 0.0030
[2026-05-04 16:57:49,844][src.modRNN.training.training_loop][INFO] - 	 Starting Epoch: 1743
[2026-05-04 16:57:49,959][src.modRNN.training.training_loop][INFO] - train epoch 1743 MSE 0.0004 nMSE 0.0030
[2026-05-04 16:57:49,960][src.modRNN.training.training_loop][INFO] - 	 Starting Epoch: 1744
[2026-05-04 16:57:50,076][src.modRNN.training.training_loop][INFO] - train epoch 1744 MSE 0.0004 nMSE 0.0029
[2026-05-04 16:57:50,076][src.modRNN.training.training_loop][INFO] - 	 Starting Epoch: 1745
[2026-05-04 16:57:50,194][src.modRNN.training.training_loop][INFO] - train epoch 1745 MSE 0.0003 nMSE 0.0025
[2026-05-04 16:57:50,195][src.modRNN.training.training_loop][INFO] - 	 Starting Epoch: 1746
[2026-05-04 16:57:50,313][src.modRNN.training.training_loop][INFO] - train epoch 1746 MSE 0.0004 nMSE 0.0032
[2026-05-04 16:57:50,314][src.modRNN.training.training_loop][INFO] - 	 Starting Epoch: 1747
[2026-05-04 16:57:50,436][src.modRNN.training.training_loop][INFO] - train epoch 1747 MSE 0.0004 nMSE 0.0029
[2026-05-04 16:57:50,437][src.modRNN.training.training_loop][INFO] - 	 Starting Epoch: 1748
[2026-05-04 16:57:50,554][src.modRNN.training.training_loop][INFO] - train epoch 1748 MSE 0.0003 nMSE 0.0024
[2026-05-04 16:57:50,555][src.modRNN.training.training_loop][INFO] - 	 Starting Epoch: 1749
[2026-05-04 16:57:50,669][src.modRNN.training.training_loop][INFO] - train epoch 1749 MSE 0.0004 nMSE 0.0026
[2026-05-04 16:57:50,670][src.modRNN.training.training_loop][INFO] - 	 Starting Epoch: 1750
[2026-05-04 16:57:50,785][src.modRNN.training.training_loop][INFO] - train epoch 1750 MSE 0.0004 nMSE 0.0027
[2026-05-04 16:57:50,786][src.modRNN.training.training_loop][INFO] - 	 Starting Epoch: 1751
[2026-05-04 16:57:50,903][src.modRNN.training.training_loop][INFO] - train epoch 1751 MSE 0.0004 nMSE 0.0032
[2026-05-04 16:57:50,950][src.modRNN.training.training_loop][INFO] - eval  epoch 1751 MSE 0.0003 nMSE 0.0026
[2026-05-04 16:57:50,951][src.modRNN.training.training_loop][INFO] - 	 Starting Epoch: 1752
[2026-05-04 16:57:51,067][src.modRNN.training.training_loop][INFO] - train epoch 1752 MSE 0.0003 nMSE 0.0026
[2026-05-04 16:57:51,068][src.modRNN.training.training_loop][INFO] - 	 Starting Epoch: 1753
[2026-05-04 16:57:51,184][src.modRNN.training.training_loop][INFO] - train epoch 1753 MSE 0.0004 nMSE 0.0027
[2026-05-04 16:57:51,185][src.modRNN.training.training_loop][INFO] - 	 Starting Epoch: 1754
[2026-05-04 16:57:51,299][src.modRNN.training.training_loop][INFO] - train epoch 1754 MSE 0.0003 nMSE 0.0024
[2026-05-04 16:57:51,300][src.modRNN.training.training_loop][INFO] - 	 Starting Epoch: 1755
[2026-05-04 16:57:51,415][src.modRNN.training.training_loop][INFO] - train epoch 1755 MSE 0.0003 nMSE 0.0026
[2026-05-04 16:57:51,415][src.modRNN.training.training_loop][INFO] - 	 Starting Epoch: 1756
[2026-05-04 16:57:51,533][src.modRNN.training.training_loop][INFO] - train epoch 1756 MSE 0.0003 nMSE 0.0024
[2026-05-04 16:57:51,534][src.modRNN.training.training_loop][INFO] - 	 Starting Epoch: 1757
[2026-05-04 16:57:51,658][src.modRNN.training.training_loop][INFO] - train epoch 1757 MSE 0.0004 nMSE 0.0028
[2026-05-04 16:57:51,659][src.modRNN.training.training_loop][INFO] - 	 Starting Epoch: 1758
[2026-05-04 16:57:51,778][src.modRNN.training.training_loop][INFO] - train epoch 1758 MSE 0.0004 nMSE 0.0030
[2026-05-04 16:57:51,779][src.modRNN.training.training_loop][INFO] - 	 Starting Epoch: 1759
[2026-05-04 16:57:51,893][src.modRNN.training.training_loop][INFO] - train epoch 1759 MSE 0.0003 nMSE 0.0026
[2026-05-04 16:57:51,894][src.modRNN.training.training_loop][INFO] - 	 Starting Epoch: 1760
[2026-05-04 16:57:52,008][src.modRNN.training.training_loop][INFO] - train epoch 1760 MSE 0.0003 nMSE 0.0024
[2026-05-04 16:57:52,009][src.modRNN.training.training_loop][INFO] - 	 Starting Epoch: 1761
[2026-05-04 16:57:52,123][src.modRNN.training.training_loop][INFO] - train epoch 1761 MSE 0.0004 nMSE 0.0028
[2026-05-04 16:57:52,124][src.modRNN.training.training_loop][INFO] - 	 Starting Epoch: 1762
[2026-05-04 16:57:52,239][src.modRNN.training.training_loop][INFO] - train epoch 1762 MSE 0.0003 nMSE 0.0026
[2026-05-04 16:57:52,240][src.modRNN.training.training_loop][INFO] - 	 Starting Epoch: 1763
[2026-05-04 16:57:52,357][src.modRNN.training.training_loop][INFO] - train epoch 1763 MSE 0.0004 nMSE 0.0028
[2026-05-04 16:57:52,358][src.modRNN.training.training_loop][INFO] - 	 Starting Epoch: 1764
[2026-05-04 16:57:52,482][src.modRNN.training.training_loop][INFO] - train epoch 1764 MSE 0.0004 nMSE 0.0029
[2026-05-04 16:57:52,483][src.modRNN.training.training_loop][INFO] - 	 Starting Epoch: 1765
[2026-05-04 16:57:52,602][src.modRNN.training.training_loop][INFO] - train epoch 1765 MSE 0.0004 nMSE 0.0031
[2026-05-04 16:57:52,603][src.modRNN.training.training_loop][INFO] - 	 Starting Epoch: 1766
[2026-05-04 16:57:52,717][src.modRNN.training.training_loop][INFO] - train epoch 1766 MSE 0.0004 nMSE 0.0027
[2026-05-04 16:57:52,718][src.modRNN.training.training_loop][INFO] - 	 Starting Epoch: 1767
[2026-05-04 16:57:52,832][src.modRNN.training.training_loop][INFO] - train epoch 1767 MSE 0.0004 nMSE 0.0030
[2026-05-04 16:57:52,833][src.modRNN.training.training_loop][INFO] - 	 Starting Epoch: 1768
[2026-05-04 16:57:52,948][src.modRNN.training.training_loop][INFO] - train epoch 1768 MSE 0.0004 nMSE 0.0029
[2026-05-04 16:57:52,949][src.modRNN.training.training_loop][INFO] - 	 Starting Epoch: 1769
[2026-05-04 16:57:53,069][src.modRNN.training.training_loop][INFO] - train epoch 1769 MSE 0.0005 nMSE 0.0034
[2026-05-04 16:57:53,069][src.modRNN.training.training_loop][INFO] - 	 Starting Epoch: 1770
[2026-05-04 16:57:53,187][src.modRNN.training.training_loop][INFO] - train epoch 1770 MSE 0.0004 nMSE 0.0031
[2026-05-04 16:57:53,188][src.modRNN.training.training_loop][INFO] - 	 Starting Epoch: 1771
[2026-05-04 16:57:53,302][src.modRNN.training.training_loop][INFO] - train epoch 1771 MSE 0.0004 nMSE 0.0033
[2026-05-04 16:57:53,303][src.modRNN.training.training_loop][INFO] - 	 Starting Epoch: 1772
[2026-05-04 16:57:53,423][src.modRNN.training.training_loop][INFO] - train epoch 1772 MSE 0.0003 nMSE 0.0026
[2026-05-04 16:57:53,424][src.modRNN.training.training_loop][INFO] - 	 Starting Epoch: 1773
[2026-05-04 16:57:53,547][src.modRNN.training.training_loop][INFO] - train epoch 1773 MSE 0.0004 nMSE 0.0032
[2026-05-04 16:57:53,547][src.modRNN.training.training_loop][INFO] - 	 Starting Epoch: 1774
[2026-05-04 16:57:53,664][src.modRNN.training.training_loop][INFO] - train epoch 1774 MSE 0.0004 nMSE 0.0027
[2026-05-04 16:57:53,665][src.modRNN.training.training_loop][INFO] - 	 Starting Epoch: 1775
[2026-05-04 16:57:53,779][src.modRNN.training.training_loop][INFO] - train epoch 1775 MSE 0.0004 nMSE 0.0032
[2026-05-04 16:57:53,780][src.modRNN.training.training_loop][INFO] - 	 Starting Epoch: 1776
[2026-05-04 16:57:53,897][src.modRNN.training.training_loop][INFO] - train epoch 1776 MSE 0.0004 nMSE 0.0033
[2026-05-04 16:57:53,944][src.modRNN.training.training_loop][INFO] - eval  epoch 1776 MSE 0.0005 nMSE 0.0035
[2026-05-04 16:57:53,945][src.modRNN.training.training_loop][INFO] - 	 Starting Epoch: 1777
[2026-05-04 16:57:54,060][src.modRNN.training.training_loop][INFO] - train epoch 1777 MSE 0.0005 nMSE 0.0035
[2026-05-04 16:57:54,061][src.modRNN.training.training_loop][INFO] - 	 Starting Epoch: 1778
[2026-05-04 16:57:54,175][src.modRNN.training.training_loop][INFO] - train epoch 1778 MSE 0.0005 nMSE 0.0034
[2026-05-04 16:57:54,176][src.modRNN.training.training_loop][INFO] - 	 Starting Epoch: 1779
[2026-05-04 16:57:54,292][src.modRNN.training.training_loop][INFO] - train epoch 1779 MSE 0.0004 nMSE 0.0032
[2026-05-04 16:57:54,293][src.modRNN.training.training_loop][INFO] - 	 Starting Epoch: 1780
[2026-05-04 16:57:54,410][src.modRNN.training.training_loop][INFO] - train epoch 1780 MSE 0.0004 nMSE 0.0032
[2026-05-04 16:57:54,411][src.modRNN.training.training_loop][INFO] - 	 Starting Epoch: 1781
[2026-05-04 16:57:54,533][src.modRNN.training.training_loop][INFO] - train epoch 1781 MSE 0.0003 nMSE 0.0025
[2026-05-04 16:57:54,534][src.modRNN.training.training_loop][INFO] - 	 Starting Epoch: 1782
[2026-05-04 16:57:54,652][src.modRNN.training.training_loop][INFO] - train epoch 1782 MSE 0.0004 nMSE 0.0032
[2026-05-04 16:57:54,653][src.modRNN.training.training_loop][INFO] - 	 Starting Epoch: 1783
[2026-05-04 16:57:54,767][src.modRNN.training.training_loop][INFO] - train epoch 1783 MSE 0.0004 nMSE 0.0030
[2026-05-04 16:57:54,768][src.modRNN.training.training_loop][INFO] - 	 Starting Epoch: 1784
[2026-05-04 16:57:54,882][src.modRNN.training.training_loop][INFO] - train epoch 1784 MSE 0.0003 nMSE 0.0024
[2026-05-04 16:57:54,883][src.modRNN.training.training_loop][INFO] - 	 Starting Epoch: 1785
[2026-05-04 16:57:54,998][src.modRNN.training.training_loop][INFO] - train epoch 1785 MSE 0.0004 nMSE 0.0032
[2026-05-04 16:57:54,999][src.modRNN.training.training_loop][INFO] - 	 Starting Epoch: 1786
[2026-05-04 16:57:55,114][src.modRNN.training.training_loop][INFO] - train epoch 1786 MSE 0.0005 nMSE 0.0036
[2026-05-04 16:57:55,115][src.modRNN.training.training_loop][INFO] - 	 Starting Epoch: 1787
[2026-05-04 16:57:55,233][src.modRNN.training.training_loop][INFO] - train epoch 1787 MSE 0.0004 nMSE 0.0031
[2026-05-04 16:57:55,234][src.modRNN.training.training_loop][INFO] - 	 Starting Epoch: 1788
[2026-05-04 16:57:55,357][src.modRNN.training.training_loop][INFO] - train epoch 1788 MSE 0.0004 nMSE 0.0030
[2026-05-04 16:57:55,358][src.modRNN.training.training_loop][INFO] - 	 Starting Epoch: 1789
[2026-05-04 16:57:55,478][src.modRNN.training.training_loop][INFO] - train epoch 1789 MSE 0.0003 nMSE 0.0026
[2026-05-04 16:57:55,479][src.modRNN.training.training_loop][INFO] - 	 Starting Epoch: 1790
[2026-05-04 16:57:55,593][src.modRNN.training.training_loop][INFO] - train epoch 1790 MSE 0.0004 nMSE 0.0030
[2026-05-04 16:57:55,594][src.modRNN.training.training_loop][INFO] - 	 Starting Epoch: 1791
[2026-05-04 16:57:55,708][src.modRNN.training.training_loop][INFO] - train epoch 1791 MSE 0.0004 nMSE 0.0031
[2026-05-04 16:57:55,709][src.modRNN.training.training_loop][INFO] - 	 Starting Epoch: 1792
[2026-05-04 16:57:55,824][src.modRNN.training.training_loop][INFO] - train epoch 1792 MSE 0.0004 nMSE 0.0027
[2026-05-04 16:57:55,825][src.modRNN.training.training_loop][INFO] - 	 Starting Epoch: 1793
[2026-05-04 16:57:55,950][src.modRNN.training.training_loop][INFO] - train epoch 1793 MSE 0.0004 nMSE 0.0027
[2026-05-04 16:57:55,950][src.modRNN.training.training_loop][INFO] - 	 Starting Epoch: 1794
[2026-05-04 16:57:56,069][src.modRNN.training.training_loop][INFO] - train epoch 1794 MSE 0.0004 nMSE 0.0027
[2026-05-04 16:57:56,070][src.modRNN.training.training_loop][INFO] - 	 Starting Epoch: 1795
[2026-05-04 16:57:56,185][src.modRNN.training.training_loop][INFO] - train epoch 1795 MSE 0.0004 nMSE 0.0032
[2026-05-04 16:57:56,186][src.modRNN.training.training_loop][INFO] - 	 Starting Epoch: 1796
[2026-05-04 16:57:56,300][src.modRNN.training.training_loop][INFO] - train epoch 1796 MSE 0.0004 nMSE 0.0033
[2026-05-04 16:57:56,301][src.modRNN.training.training_loop][INFO] - 	 Starting Epoch: 1797
[2026-05-04 16:57:56,417][src.modRNN.training.training_loop][INFO] - train epoch 1797 MSE 0.0004 nMSE 0.0027
[2026-05-04 16:57:56,417][src.modRNN.training.training_loop][INFO] - 	 Starting Epoch: 1798
[2026-05-04 16:57:56,533][src.modRNN.training.training_loop][INFO] - train epoch 1798 MSE 0.0003 nMSE 0.0025
[2026-05-04 16:57:56,534][src.modRNN.training.training_loop][INFO] - 	 Starting Epoch: 1799
[2026-05-04 16:57:56,651][src.modRNN.training.training_loop][INFO] - train epoch 1799 MSE 0.0004 nMSE 0.0029
[2026-05-04 16:57:56,652][src.modRNN.training.training_loop][INFO] - 	 Starting Epoch: 1800
[2026-05-04 16:57:56,773][src.modRNN.training.training_loop][INFO] - train epoch 1800 MSE 0.0003 nMSE 0.0025
[2026-05-04 16:57:56,774][src.modRNN.training.training_loop][INFO] - 	 Starting Epoch: 1801
[2026-05-04 16:57:56,892][src.modRNN.training.training_loop][INFO] - train epoch 1801 MSE 0.0004 nMSE 0.0028
[2026-05-04 16:57:56,937][src.modRNN.training.training_loop][INFO] - eval  epoch 1801 MSE 0.0003 nMSE 0.0026
[2026-05-04 16:57:56,938][src.modRNN.training.training_loop][INFO] - 	 Starting Epoch: 1802
[2026-05-04 16:57:57,053][src.modRNN.training.training_loop][INFO] - train epoch 1802 MSE 0.0003 nMSE 0.0026
[2026-05-04 16:57:57,054][src.modRNN.training.training_loop][INFO] - 	 Starting Epoch: 1803
[2026-05-04 16:57:57,173][src.modRNN.training.training_loop][INFO] - train epoch 1803 MSE 0.0004 nMSE 0.0029
[2026-05-04 16:57:57,174][src.modRNN.training.training_loop][INFO] - 	 Starting Epoch: 1804
[2026-05-04 16:57:57,290][src.modRNN.training.training_loop][INFO] - train epoch 1804 MSE 0.0004 nMSE 0.0030
[2026-05-04 16:57:57,291][src.modRNN.training.training_loop][INFO] - 	 Starting Epoch: 1805
[2026-05-04 16:57:57,406][src.modRNN.training.training_loop][INFO] - train epoch 1805 MSE 0.0004 nMSE 0.0031
[2026-05-04 16:57:57,406][src.modRNN.training.training_loop][INFO] - 	 Starting Epoch: 1806
[2026-05-04 16:57:57,527][src.modRNN.training.training_loop][INFO] - train epoch 1806 MSE 0.0004 nMSE 0.0027
[2026-05-04 16:57:57,528][src.modRNN.training.training_loop][INFO] - 	 Starting Epoch: 1807
[2026-05-04 16:57:57,652][src.modRNN.training.training_loop][INFO] - train epoch 1807 MSE 0.0003 nMSE 0.0025
[2026-05-04 16:57:57,652][src.modRNN.training.training_loop][INFO] - 	 Starting Epoch: 1808
[2026-05-04 16:57:57,766][src.modRNN.training.training_loop][INFO] - train epoch 1808 MSE 0.0003 nMSE 0.0025
[2026-05-04 16:57:57,767][src.modRNN.training.training_loop][INFO] - 	 Starting Epoch: 1809
[2026-05-04 16:57:57,883][src.modRNN.training.training_loop][INFO] - train epoch 1809 MSE 0.0004 nMSE 0.0028
[2026-05-04 16:57:57,883][src.modRNN.training.training_loop][INFO] - 	 Starting Epoch: 1810
[2026-05-04 16:57:58,003][src.modRNN.training.training_loop][INFO] - train epoch 1810 MSE 0.0004 nMSE 0.0027
[2026-05-04 16:57:58,003][src.modRNN.training.training_loop][INFO] - 	 Starting Epoch: 1811
[2026-05-04 16:57:58,120][src.modRNN.training.training_loop][INFO] - train epoch 1811 MSE 0.0004 nMSE 0.0028
[2026-05-04 16:57:58,121][src.modRNN.training.training_loop][INFO] - 	 Starting Epoch: 1812
[2026-05-04 16:57:58,235][src.modRNN.training.training_loop][INFO] - train epoch 1812 MSE 0.0004 nMSE 0.0029
[2026-05-04 16:57:58,236][src.modRNN.training.training_loop][INFO] - 	 Starting Epoch: 1813
[2026-05-04 16:57:58,354][src.modRNN.training.training_loop][INFO] - train epoch 1813 MSE 0.0004 nMSE 0.0029
[2026-05-04 16:57:58,354][src.modRNN.training.training_loop][INFO] - 	 Starting Epoch: 1814
[2026-05-04 16:57:58,475][src.modRNN.training.training_loop][INFO] - train epoch 1814 MSE 0.0004 nMSE 0.0027
[2026-05-04 16:57:58,476][src.modRNN.training.training_loop][INFO] - 	 Starting Epoch: 1815
[2026-05-04 16:57:58,591][src.modRNN.training.training_loop][INFO] - train epoch 1815 MSE 0.0004 nMSE 0.0029
[2026-05-04 16:57:58,592][src.modRNN.training.training_loop][INFO] - 	 Starting Epoch: 1816
[2026-05-04 16:57:58,707][src.modRNN.training.training_loop][INFO] - train epoch 1816 MSE 0.0003 nMSE 0.0026
[2026-05-04 16:57:58,708][src.modRNN.training.training_loop][INFO] - 	 Starting Epoch: 1817
[2026-05-04 16:57:58,826][src.modRNN.training.training_loop][INFO] - train epoch 1817 MSE 0.0003 nMSE 0.0026
[2026-05-04 16:57:58,827][src.modRNN.training.training_loop][INFO] - 	 Starting Epoch: 1818
[2026-05-04 16:57:58,943][src.modRNN.training.training_loop][INFO] - train epoch 1818 MSE 0.0004 nMSE 0.0027
[2026-05-04 16:57:58,944][src.modRNN.training.training_loop][INFO] - 	 Starting Epoch: 1819
[2026-05-04 16:57:59,058][src.modRNN.training.training_loop][INFO] - train epoch 1819 MSE 0.0004 nMSE 0.0028
[2026-05-04 16:57:59,059][src.modRNN.training.training_loop][INFO] - 	 Starting Epoch: 1820
[2026-05-04 16:57:59,179][src.modRNN.training.training_loop][INFO] - train epoch 1820 MSE 0.0004 nMSE 0.0028
[2026-05-04 16:57:59,180][src.modRNN.training.training_loop][INFO] - 	 Starting Epoch: 1821
[2026-05-04 16:57:59,305][src.modRNN.training.training_loop][INFO] - train epoch 1821 MSE 0.0003 nMSE 0.0024
[2026-05-04 16:57:59,305][src.modRNN.training.training_loop][INFO] - 	 Starting Epoch: 1822
[2026-05-04 16:57:59,420][src.modRNN.training.training_loop][INFO] - train epoch 1822 MSE 0.0005 nMSE 0.0039
[2026-05-04 16:57:59,421][src.modRNN.training.training_loop][INFO] - 	 Starting Epoch: 1823
[2026-05-04 16:57:59,536][src.modRNN.training.training_loop][INFO] - train epoch 1823 MSE 0.0003 nMSE 0.0026
[2026-05-04 16:57:59,537][src.modRNN.training.training_loop][INFO] - 	 Starting Epoch: 1824
[2026-05-04 16:57:59,655][src.modRNN.training.training_loop][INFO] - train epoch 1824 MSE 0.0005 nMSE 0.0034
[2026-05-04 16:57:59,655][src.modRNN.training.training_loop][INFO] - 	 Starting Epoch: 1825
[2026-05-04 16:57:59,772][src.modRNN.training.training_loop][INFO] - train epoch 1825 MSE 0.0004 nMSE 0.0032
[2026-05-04 16:57:59,773][src.modRNN.training.training_loop][INFO] - 	 Starting Epoch: 1826
[2026-05-04 16:57:59,887][src.modRNN.training.training_loop][INFO] - train epoch 1826 MSE 0.0004 nMSE 0.0030
[2026-05-04 16:57:59,933][src.modRNN.training.training_loop][INFO] - eval  epoch 1826 MSE 0.0004 nMSE 0.0033
[2026-05-04 16:57:59,933][src.modRNN.training.training_loop][INFO] - 	 Starting Epoch: 1827
[2026-05-04 16:58:00,048][src.modRNN.training.training_loop][INFO] - train epoch 1827 MSE 0.0004 nMSE 0.0033
[2026-05-04 16:58:00,049][src.modRNN.training.training_loop][INFO] - 	 Starting Epoch: 1828
[2026-05-04 16:58:00,166][src.modRNN.training.training_loop][INFO] - train epoch 1828 MSE 0.0003 nMSE 0.0024
[2026-05-04 16:58:00,167][src.modRNN.training.training_loop][INFO] - 	 Starting Epoch: 1829
[2026-05-04 16:58:00,289][src.modRNN.training.training_loop][INFO] - train epoch 1829 MSE 0.0004 nMSE 0.0029
[2026-05-04 16:58:00,290][src.modRNN.training.training_loop][INFO] - 	 Starting Epoch: 1830
[2026-05-04 16:58:00,405][src.modRNN.training.training_loop][INFO] - train epoch 1830 MSE 0.0004 nMSE 0.0029
[2026-05-04 16:58:00,406][src.modRNN.training.training_loop][INFO] - 	 Starting Epoch: 1831
[2026-05-04 16:58:00,520][src.modRNN.training.training_loop][INFO] - train epoch 1831 MSE 0.0004 nMSE 0.0027
[2026-05-04 16:58:00,521][src.modRNN.training.training_loop][INFO] - 	 Starting Epoch: 1832
[2026-05-04 16:58:00,634][src.modRNN.training.training_loop][INFO] - train epoch 1832 MSE 0.0004 nMSE 0.0033
[2026-05-04 16:58:00,635][src.modRNN.training.training_loop][INFO] - 	 Starting Epoch: 1833
[2026-05-04 16:58:00,753][src.modRNN.training.training_loop][INFO] - train epoch 1833 MSE 0.0004 nMSE 0.0027
[2026-05-04 16:58:00,754][src.modRNN.training.training_loop][INFO] - 	 Starting Epoch: 1834
[2026-05-04 16:58:00,878][src.modRNN.training.training_loop][INFO] - train epoch 1834 MSE 0.0003 nMSE 0.0023
[2026-05-04 16:58:00,879][src.modRNN.training.training_loop][INFO] - 	 Starting Epoch: 1835
[2026-05-04 16:58:00,998][src.modRNN.training.training_loop][INFO] - train epoch 1835 MSE 0.0004 nMSE 0.0028
[2026-05-04 16:58:00,999][src.modRNN.training.training_loop][INFO] - 	 Starting Epoch: 1836
[2026-05-04 16:58:01,112][src.modRNN.training.training_loop][INFO] - train epoch 1836 MSE 0.0004 nMSE 0.0029
[2026-05-04 16:58:01,113][src.modRNN.training.training_loop][INFO] - 	 Starting Epoch: 1837
[2026-05-04 16:58:01,228][src.modRNN.training.training_loop][INFO] - train epoch 1837 MSE 0.0004 nMSE 0.0029
[2026-05-04 16:58:01,228][src.modRNN.training.training_loop][INFO] - 	 Starting Epoch: 1838
[2026-05-04 16:58:01,343][src.modRNN.training.training_loop][INFO] - train epoch 1838 MSE 0.0004 nMSE 0.0028
[2026-05-04 16:58:01,344][src.modRNN.training.training_loop][INFO] - 	 Starting Epoch: 1839
[2026-05-04 16:58:01,465][src.modRNN.training.training_loop][INFO] - train epoch 1839 MSE 0.0003 nMSE 0.0025
[2026-05-04 16:58:01,466][src.modRNN.training.training_loop][INFO] - 	 Starting Epoch: 1840
[2026-05-04 16:58:01,583][src.modRNN.training.training_loop][INFO] - train epoch 1840 MSE 0.0003 nMSE 0.0026
[2026-05-04 16:58:01,584][src.modRNN.training.training_loop][INFO] - 	 Starting Epoch: 1841
[2026-05-04 16:58:01,698][src.modRNN.training.training_loop][INFO] - train epoch 1841 MSE 0.0005 nMSE 0.0036
[2026-05-04 16:58:01,699][src.modRNN.training.training_loop][INFO] - 	 Starting Epoch: 1842
[2026-05-04 16:58:01,819][src.modRNN.training.training_loop][INFO] - train epoch 1842 MSE 0.0004 nMSE 0.0028
[2026-05-04 16:58:01,820][src.modRNN.training.training_loop][INFO] - 	 Starting Epoch: 1843
[2026-05-04 16:58:01,948][src.modRNN.training.training_loop][INFO] - train epoch 1843 MSE 0.0004 nMSE 0.0027
[2026-05-04 16:58:01,949][src.modRNN.training.training_loop][INFO] - 	 Starting Epoch: 1844
[2026-05-04 16:58:02,068][src.modRNN.training.training_loop][INFO] - train epoch 1844 MSE 0.0004 nMSE 0.0031
[2026-05-04 16:58:02,068][src.modRNN.training.training_loop][INFO] - 	 Starting Epoch: 1845
[2026-05-04 16:58:02,189][src.modRNN.training.training_loop][INFO] - train epoch 1845 MSE 0.0004 nMSE 0.0029
[2026-05-04 16:58:02,190][src.modRNN.training.training_loop][INFO] - 	 Starting Epoch: 1846
[2026-05-04 16:58:02,314][src.modRNN.training.training_loop][INFO] - train epoch 1846 MSE 0.0004 nMSE 0.0034
[2026-05-04 16:58:02,315][src.modRNN.training.training_loop][INFO] - 	 Starting Epoch: 1847
[2026-05-04 16:58:02,436][src.modRNN.training.training_loop][INFO] - train epoch 1847 MSE 0.0004 nMSE 0.0028
[2026-05-04 16:58:02,437][src.modRNN.training.training_loop][INFO] - 	 Starting Epoch: 1848
[2026-05-04 16:58:02,553][src.modRNN.training.training_loop][INFO] - train epoch 1848 MSE 0.0004 nMSE 0.0028
[2026-05-04 16:58:02,554][src.modRNN.training.training_loop][INFO] - 	 Starting Epoch: 1849
[2026-05-04 16:58:02,670][src.modRNN.training.training_loop][INFO] - train epoch 1849 MSE 0.0003 nMSE 0.0024
[2026-05-04 16:58:02,671][src.modRNN.training.training_loop][INFO] - 	 Starting Epoch: 1850
[2026-05-04 16:58:02,789][src.modRNN.training.training_loop][INFO] - train epoch 1850 MSE 0.0004 nMSE 0.0028
[2026-05-04 16:58:02,790][src.modRNN.training.training_loop][INFO] - 	 Starting Epoch: 1851
[2026-05-04 16:58:02,917][src.modRNN.training.training_loop][INFO] - train epoch 1851 MSE 0.0004 nMSE 0.0027
[2026-05-04 16:58:02,968][src.modRNN.training.training_loop][INFO] - eval  epoch 1851 MSE 0.0003 nMSE 0.0025
[2026-05-04 16:58:02,968][src.modRNN.training.training_loop][INFO] - 	 Starting Epoch: 1852
[2026-05-04 16:58:03,086][src.modRNN.training.training_loop][INFO] - train epoch 1852 MSE 0.0003 nMSE 0.0025
[2026-05-04 16:58:03,087][src.modRNN.training.training_loop][INFO] - 	 Starting Epoch: 1853
[2026-05-04 16:58:03,204][src.modRNN.training.training_loop][INFO] - train epoch 1853 MSE 0.0004 nMSE 0.0029
[2026-05-04 16:58:03,205][src.modRNN.training.training_loop][INFO] - 	 Starting Epoch: 1854
[2026-05-04 16:58:03,325][src.modRNN.training.training_loop][INFO] - train epoch 1854 MSE 0.0003 nMSE 0.0024
[2026-05-04 16:58:03,326][src.modRNN.training.training_loop][INFO] - 	 Starting Epoch: 1855
[2026-05-04 16:58:03,447][src.modRNN.training.training_loop][INFO] - train epoch 1855 MSE 0.0003 nMSE 0.0025
[2026-05-04 16:58:03,448][src.modRNN.training.training_loop][INFO] - 	 Starting Epoch: 1856
[2026-05-04 16:58:03,572][src.modRNN.training.training_loop][INFO] - train epoch 1856 MSE 0.0003 nMSE 0.0026
[2026-05-04 16:58:03,573][src.modRNN.training.training_loop][INFO] - 	 Starting Epoch: 1857
[2026-05-04 16:58:03,693][src.modRNN.training.training_loop][INFO] - train epoch 1857 MSE 0.0003 nMSE 0.0026
[2026-05-04 16:58:03,694][src.modRNN.training.training_loop][INFO] - 	 Starting Epoch: 1858
[2026-05-04 16:58:03,810][src.modRNN.training.training_loop][INFO] - train epoch 1858 MSE 0.0004 nMSE 0.0029
[2026-05-04 16:58:03,811][src.modRNN.training.training_loop][INFO] - 	 Starting Epoch: 1859
[2026-05-04 16:58:03,931][src.modRNN.training.training_loop][INFO] - train epoch 1859 MSE 0.0003 nMSE 0.0025
[2026-05-04 16:58:03,931][src.modRNN.training.training_loop][INFO] - 	 Starting Epoch: 1860
[2026-05-04 16:58:04,052][src.modRNN.training.training_loop][INFO] - train epoch 1860 MSE 0.0004 nMSE 0.0027
[2026-05-04 16:58:04,052][src.modRNN.training.training_loop][INFO] - 	 Starting Epoch: 1861
[2026-05-04 16:58:04,176][src.modRNN.training.training_loop][INFO] - train epoch 1861 MSE 0.0003 nMSE 0.0026
[2026-05-04 16:58:04,177][src.modRNN.training.training_loop][INFO] - 	 Starting Epoch: 1862
[2026-05-04 16:58:04,296][src.modRNN.training.training_loop][INFO] - train epoch 1862 MSE 0.0003 nMSE 0.0025
[2026-05-04 16:58:04,297][src.modRNN.training.training_loop][INFO] - 	 Starting Epoch: 1863
[2026-05-04 16:58:04,414][src.modRNN.training.training_loop][INFO] - train epoch 1863 MSE 0.0004 nMSE 0.0027
[2026-05-04 16:58:04,415][src.modRNN.training.training_loop][INFO] - 	 Starting Epoch: 1864
[2026-05-04 16:58:04,533][src.modRNN.training.training_loop][INFO] - train epoch 1864 MSE 0.0003 nMSE 0.0025
[2026-05-04 16:58:04,534][src.modRNN.training.training_loop][INFO] - 	 Starting Epoch: 1865
[2026-05-04 16:58:04,654][src.modRNN.training.training_loop][INFO] - train epoch 1865 MSE 0.0004 nMSE 0.0029
[2026-05-04 16:58:04,655][src.modRNN.training.training_loop][INFO] - 	 Starting Epoch: 1866
[2026-05-04 16:58:04,777][src.modRNN.training.training_loop][INFO] - train epoch 1866 MSE 0.0003 nMSE 0.0022
[2026-05-04 16:58:04,778][src.modRNN.training.training_loop][INFO] - 	 Starting Epoch: 1867
[2026-05-04 16:58:04,899][src.modRNN.training.training_loop][INFO] - train epoch 1867 MSE 0.0003 nMSE 0.0025
[2026-05-04 16:58:04,900][src.modRNN.training.training_loop][INFO] - 	 Starting Epoch: 1868
[2026-05-04 16:58:05,016][src.modRNN.training.training_loop][INFO] - train epoch 1868 MSE 0.0004 nMSE 0.0029
[2026-05-04 16:58:05,017][src.modRNN.training.training_loop][INFO] - 	 Starting Epoch: 1869
[2026-05-04 16:58:05,134][src.modRNN.training.training_loop][INFO] - train epoch 1869 MSE 0.0004 nMSE 0.0032
[2026-05-04 16:58:05,135][src.modRNN.training.training_loop][INFO] - 	 Starting Epoch: 1870
[2026-05-04 16:58:05,254][src.modRNN.training.training_loop][INFO] - train epoch 1870 MSE 0.0004 nMSE 0.0027
[2026-05-04 16:58:05,254][src.modRNN.training.training_loop][INFO] - 	 Starting Epoch: 1871
[2026-05-04 16:58:05,381][src.modRNN.training.training_loop][INFO] - train epoch 1871 MSE 0.0003 nMSE 0.0024
[2026-05-04 16:58:05,382][src.modRNN.training.training_loop][INFO] - 	 Starting Epoch: 1872
[2026-05-04 16:58:05,504][src.modRNN.training.training_loop][INFO] - train epoch 1872 MSE 0.0004 nMSE 0.0028
[2026-05-04 16:58:05,504][src.modRNN.training.training_loop][INFO] - 	 Starting Epoch: 1873
[2026-05-04 16:58:05,622][src.modRNN.training.training_loop][INFO] - train epoch 1873 MSE 0.0004 nMSE 0.0027
[2026-05-04 16:58:05,623][src.modRNN.training.training_loop][INFO] - 	 Starting Epoch: 1874
[2026-05-04 16:58:05,739][src.modRNN.training.training_loop][INFO] - train epoch 1874 MSE 0.0004 nMSE 0.0027
[2026-05-04 16:58:05,740][src.modRNN.training.training_loop][INFO] - 	 Starting Epoch: 1875
[2026-05-04 16:58:05,860][src.modRNN.training.training_loop][INFO] - train epoch 1875 MSE 0.0003 nMSE 0.0024
[2026-05-04 16:58:05,861][src.modRNN.training.training_loop][INFO] - 	 Starting Epoch: 1876
[2026-05-04 16:58:05,987][src.modRNN.training.training_loop][INFO] - train epoch 1876 MSE 0.0004 nMSE 0.0027
[2026-05-04 16:58:06,038][src.modRNN.training.training_loop][INFO] - eval  epoch 1876 MSE 0.0003 nMSE 0.0025
[2026-05-04 16:58:06,039][src.modRNN.training.training_loop][INFO] - 	 Starting Epoch: 1877
[2026-05-04 16:58:06,157][src.modRNN.training.training_loop][INFO] - train epoch 1877 MSE 0.0003 nMSE 0.0025
[2026-05-04 16:58:06,158][src.modRNN.training.training_loop][INFO] - 	 Starting Epoch: 1878
[2026-05-04 16:58:06,275][src.modRNN.training.training_loop][INFO] - train epoch 1878 MSE 0.0003 nMSE 0.0026
[2026-05-04 16:58:06,276][src.modRNN.training.training_loop][INFO] - 	 Starting Epoch: 1879
[2026-05-04 16:58:06,397][src.modRNN.training.training_loop][INFO] - train epoch 1879 MSE 0.0004 nMSE 0.0031
[2026-05-04 16:58:06,398][src.modRNN.training.training_loop][INFO] - 	 Starting Epoch: 1880
[2026-05-04 16:58:06,516][src.modRNN.training.training_loop][INFO] - train epoch 1880 MSE 0.0004 nMSE 0.0029
[2026-05-04 16:58:06,517][src.modRNN.training.training_loop][INFO] - 	 Starting Epoch: 1881
[2026-05-04 16:58:06,633][src.modRNN.training.training_loop][INFO] - train epoch 1881 MSE 0.0003 nMSE 0.0024
[2026-05-04 16:58:06,634][src.modRNN.training.training_loop][INFO] - 	 Starting Epoch: 1882
[2026-05-04 16:58:06,754][src.modRNN.training.training_loop][INFO] - train epoch 1882 MSE 0.0003 nMSE 0.0025
[2026-05-04 16:58:06,755][src.modRNN.training.training_loop][INFO] - 	 Starting Epoch: 1883
[2026-05-04 16:58:06,878][src.modRNN.training.training_loop][INFO] - train epoch 1883 MSE 0.0004 nMSE 0.0028
[2026-05-04 16:58:06,879][src.modRNN.training.training_loop][INFO] - 	 Starting Epoch: 1884
[2026-05-04 16:58:06,995][src.modRNN.training.training_loop][INFO] - train epoch 1884 MSE 0.0005 nMSE 0.0038
[2026-05-04 16:58:06,996][src.modRNN.training.training_loop][INFO] - 	 Starting Epoch: 1885
[2026-05-04 16:58:07,114][src.modRNN.training.training_loop][INFO] - train epoch 1885 MSE 0.0004 nMSE 0.0028
[2026-05-04 16:58:07,114][src.modRNN.training.training_loop][INFO] - 	 Starting Epoch: 1886
[2026-05-04 16:58:07,234][src.modRNN.training.training_loop][INFO] - train epoch 1886 MSE 0.0005 nMSE 0.0035
[2026-05-04 16:58:07,235][src.modRNN.training.training_loop][INFO] - 	 Starting Epoch: 1887
[2026-05-04 16:58:07,360][src.modRNN.training.training_loop][INFO] - train epoch 1887 MSE 0.0004 nMSE 0.0027
[2026-05-04 16:58:07,361][src.modRNN.training.training_loop][INFO] - 	 Starting Epoch: 1888
[2026-05-04 16:58:07,488][src.modRNN.training.training_loop][INFO] - train epoch 1888 MSE 0.0004 nMSE 0.0031
[2026-05-04 16:58:07,489][src.modRNN.training.training_loop][INFO] - 	 Starting Epoch: 1889
[2026-05-04 16:58:07,606][src.modRNN.training.training_loop][INFO] - train epoch 1889 MSE 0.0003 nMSE 0.0026
[2026-05-04 16:58:07,607][src.modRNN.training.training_loop][INFO] - 	 Starting Epoch: 1890
[2026-05-04 16:58:07,724][src.modRNN.training.training_loop][INFO] - train epoch 1890 MSE 0.0004 nMSE 0.0031
[2026-05-04 16:58:07,725][src.modRNN.training.training_loop][INFO] - 	 Starting Epoch: 1891
[2026-05-04 16:58:07,847][src.modRNN.training.training_loop][INFO] - train epoch 1891 MSE 0.0003 nMSE 0.0025
[2026-05-04 16:58:07,848][src.modRNN.training.training_loop][INFO] - 	 Starting Epoch: 1892
[2026-05-04 16:58:07,968][src.modRNN.training.training_loop][INFO] - train epoch 1892 MSE 0.0004 nMSE 0.0027
[2026-05-04 16:58:07,968][src.modRNN.training.training_loop][INFO] - 	 Starting Epoch: 1893
[2026-05-04 16:58:08,085][src.modRNN.training.training_loop][INFO] - train epoch 1893 MSE 0.0003 nMSE 0.0025
[2026-05-04 16:58:08,086][src.modRNN.training.training_loop][INFO] - 	 Starting Epoch: 1894
[2026-05-04 16:58:08,203][src.modRNN.training.training_loop][INFO] - train epoch 1894 MSE 0.0004 nMSE 0.0031
[2026-05-04 16:58:08,203][src.modRNN.training.training_loop][INFO] - 	 Starting Epoch: 1895
[2026-05-04 16:58:08,323][src.modRNN.training.training_loop][INFO] - train epoch 1895 MSE 0.0004 nMSE 0.0034
[2026-05-04 16:58:08,323][src.modRNN.training.training_loop][INFO] - 	 Starting Epoch: 1896
[2026-05-04 16:58:08,446][src.modRNN.training.training_loop][INFO] - train epoch 1896 MSE 0.0004 nMSE 0.0026
[2026-05-04 16:58:08,447][src.modRNN.training.training_loop][INFO] - 	 Starting Epoch: 1897
[2026-05-04 16:58:08,568][src.modRNN.training.training_loop][INFO] - train epoch 1897 MSE 0.0004 nMSE 0.0027
[2026-05-04 16:58:08,569][src.modRNN.training.training_loop][INFO] - 	 Starting Epoch: 1898
[2026-05-04 16:58:08,685][src.modRNN.training.training_loop][INFO] - train epoch 1898 MSE 0.0004 nMSE 0.0032
[2026-05-04 16:58:08,686][src.modRNN.training.training_loop][INFO] - 	 Starting Epoch: 1899
[2026-05-04 16:58:08,808][src.modRNN.training.training_loop][INFO] - train epoch 1899 MSE 0.0004 nMSE 0.0030
[2026-05-04 16:58:08,809][src.modRNN.training.training_loop][INFO] - 	 Starting Epoch: 1900
[2026-05-04 16:58:08,932][src.modRNN.training.training_loop][INFO] - train epoch 1900 MSE 0.0004 nMSE 0.0026
[2026-05-04 16:58:08,933][src.modRNN.training.training_loop][INFO] - 	 Starting Epoch: 1901
[2026-05-04 16:58:09,050][src.modRNN.training.training_loop][INFO] - train epoch 1901 MSE 0.0005 nMSE 0.0036
[2026-05-04 16:58:09,096][src.modRNN.training.training_loop][INFO] - eval  epoch 1901 MSE 0.0004 nMSE 0.0030
[2026-05-04 16:58:09,097][src.modRNN.training.training_loop][INFO] - 	 Starting Epoch: 1902
[2026-05-04 16:58:09,219][src.modRNN.training.training_loop][INFO] - train epoch 1902 MSE 0.0004 nMSE 0.0030
[2026-05-04 16:58:09,220][src.modRNN.training.training_loop][INFO] - 	 Starting Epoch: 1903
[2026-05-04 16:58:09,345][src.modRNN.training.training_loop][INFO] - train epoch 1903 MSE 0.0003 nMSE 0.0026
[2026-05-04 16:58:09,345][src.modRNN.training.training_loop][INFO] - 	 Starting Epoch: 1904
[2026-05-04 16:58:09,462][src.modRNN.training.training_loop][INFO] - train epoch 1904 MSE 0.0004 nMSE 0.0030
[2026-05-04 16:58:09,463][src.modRNN.training.training_loop][INFO] - 	 Starting Epoch: 1905
[2026-05-04 16:58:09,581][src.modRNN.training.training_loop][INFO] - train epoch 1905 MSE 0.0003 nMSE 0.0026
[2026-05-04 16:58:09,581][src.modRNN.training.training_loop][INFO] - 	 Starting Epoch: 1906
[2026-05-04 16:58:09,700][src.modRNN.training.training_loop][INFO] - train epoch 1906 MSE 0.0004 nMSE 0.0027
[2026-05-04 16:58:09,701][src.modRNN.training.training_loop][INFO] - 	 Starting Epoch: 1907
[2026-05-04 16:58:09,825][src.modRNN.training.training_loop][INFO] - train epoch 1907 MSE 0.0004 nMSE 0.0029
[2026-05-04 16:58:09,826][src.modRNN.training.training_loop][INFO] - 	 Starting Epoch: 1908
[2026-05-04 16:58:09,951][src.modRNN.training.training_loop][INFO] - train epoch 1908 MSE 0.0004 nMSE 0.0027
[2026-05-04 16:58:09,952][src.modRNN.training.training_loop][INFO] - 	 Starting Epoch: 1909
[2026-05-04 16:58:10,069][src.modRNN.training.training_loop][INFO] - train epoch 1909 MSE 0.0004 nMSE 0.0029
[2026-05-04 16:58:10,070][src.modRNN.training.training_loop][INFO] - 	 Starting Epoch: 1910
[2026-05-04 16:58:10,187][src.modRNN.training.training_loop][INFO] - train epoch 1910 MSE 0.0004 nMSE 0.0030
[2026-05-04 16:58:10,188][src.modRNN.training.training_loop][INFO] - 	 Starting Epoch: 1911
[2026-05-04 16:58:10,310][src.modRNN.training.training_loop][INFO] - train epoch 1911 MSE 0.0004 nMSE 0.0030
[2026-05-04 16:58:10,311][src.modRNN.training.training_loop][INFO] - 	 Starting Epoch: 1912
[2026-05-04 16:58:10,430][src.modRNN.training.training_loop][INFO] - train epoch 1912 MSE 0.0004 nMSE 0.0031
[2026-05-04 16:58:10,431][src.modRNN.training.training_loop][INFO] - 	 Starting Epoch: 1913
[2026-05-04 16:58:10,548][src.modRNN.training.training_loop][INFO] - train epoch 1913 MSE 0.0004 nMSE 0.0033
[2026-05-04 16:58:10,549][src.modRNN.training.training_loop][INFO] - 	 Starting Epoch: 1914
[2026-05-04 16:58:10,665][src.modRNN.training.training_loop][INFO] - train epoch 1914 MSE 0.0004 nMSE 0.0027
[2026-05-04 16:58:10,666][src.modRNN.training.training_loop][INFO] - 	 Starting Epoch: 1915
[2026-05-04 16:58:10,785][src.modRNN.training.training_loop][INFO] - train epoch 1915 MSE 0.0004 nMSE 0.0027
[2026-05-04 16:58:10,786][src.modRNN.training.training_loop][INFO] - 	 Starting Epoch: 1916
[2026-05-04 16:58:10,909][src.modRNN.training.training_loop][INFO] - train epoch 1916 MSE 0.0004 nMSE 0.0031
[2026-05-04 16:58:10,910][src.modRNN.training.training_loop][INFO] - 	 Starting Epoch: 1917
[2026-05-04 16:58:11,031][src.modRNN.training.training_loop][INFO] - train epoch 1917 MSE 0.0003 nMSE 0.0026
[2026-05-04 16:58:11,032][src.modRNN.training.training_loop][INFO] - 	 Starting Epoch: 1918
[2026-05-04 16:58:11,149][src.modRNN.training.training_loop][INFO] - train epoch 1918 MSE 0.0004 nMSE 0.0031
[2026-05-04 16:58:11,150][src.modRNN.training.training_loop][INFO] - 	 Starting Epoch: 1919
[2026-05-04 16:58:11,267][src.modRNN.training.training_loop][INFO] - train epoch 1919 MSE 0.0004 nMSE 0.0029
[2026-05-04 16:58:11,267][src.modRNN.training.training_loop][INFO] - 	 Starting Epoch: 1920
[2026-05-04 16:58:11,385][src.modRNN.training.training_loop][INFO] - train epoch 1920 MSE 0.0003 nMSE 0.0025
[2026-05-04 16:58:11,386][src.modRNN.training.training_loop][INFO] - 	 Starting Epoch: 1921
[2026-05-04 16:58:11,504][src.modRNN.training.training_loop][INFO] - train epoch 1921 MSE 0.0004 nMSE 0.0032
[2026-05-04 16:58:11,505][src.modRNN.training.training_loop][INFO] - 	 Starting Epoch: 1922
[2026-05-04 16:58:11,624][src.modRNN.training.training_loop][INFO] - train epoch 1922 MSE 0.0004 nMSE 0.0028
[2026-05-04 16:58:11,625][src.modRNN.training.training_loop][INFO] - 	 Starting Epoch: 1923
[2026-05-04 16:58:11,749][src.modRNN.training.training_loop][INFO] - train epoch 1923 MSE 0.0003 nMSE 0.0025
[2026-05-04 16:58:11,750][src.modRNN.training.training_loop][INFO] - 	 Starting Epoch: 1924
[2026-05-04 16:58:11,870][src.modRNN.training.training_loop][INFO] - train epoch 1924 MSE 0.0004 nMSE 0.0033
[2026-05-04 16:58:11,871][src.modRNN.training.training_loop][INFO] - 	 Starting Epoch: 1925
[2026-05-04 16:58:11,988][src.modRNN.training.training_loop][INFO] - train epoch 1925 MSE 0.0004 nMSE 0.0028
[2026-05-04 16:58:11,989][src.modRNN.training.training_loop][INFO] - 	 Starting Epoch: 1926
[2026-05-04 16:58:12,106][src.modRNN.training.training_loop][INFO] - train epoch 1926 MSE 0.0003 nMSE 0.0024
[2026-05-04 16:58:12,153][src.modRNN.training.training_loop][INFO] - eval  epoch 1926 MSE 0.0003 nMSE 0.0025
[2026-05-04 16:58:12,153][src.modRNN.training.training_loop][INFO] - 	 Starting Epoch: 1927
[2026-05-04 16:58:12,278][src.modRNN.training.training_loop][INFO] - train epoch 1927 MSE 0.0003 nMSE 0.0025
[2026-05-04 16:58:12,278][src.modRNN.training.training_loop][INFO] - 	 Starting Epoch: 1928
[2026-05-04 16:58:12,405][src.modRNN.training.training_loop][INFO] - train epoch 1928 MSE 0.0004 nMSE 0.0028
[2026-05-04 16:58:12,406][src.modRNN.training.training_loop][INFO] - 	 Starting Epoch: 1929
[2026-05-04 16:58:12,523][src.modRNN.training.training_loop][INFO] - train epoch 1929 MSE 0.0004 nMSE 0.0031
[2026-05-04 16:58:12,524][src.modRNN.training.training_loop][INFO] - 	 Starting Epoch: 1930
[2026-05-04 16:58:12,641][src.modRNN.training.training_loop][INFO] - train epoch 1930 MSE 0.0004 nMSE 0.0028
[2026-05-04 16:58:12,642][src.modRNN.training.training_loop][INFO] - 	 Starting Epoch: 1931
[2026-05-04 16:58:12,765][src.modRNN.training.training_loop][INFO] - train epoch 1931 MSE 0.0004 nMSE 0.0033
[2026-05-04 16:58:12,765][src.modRNN.training.training_loop][INFO] - 	 Starting Epoch: 1932
[2026-05-04 16:58:12,890][src.modRNN.training.training_loop][INFO] - train epoch 1932 MSE 0.0004 nMSE 0.0032
[2026-05-04 16:58:12,891][src.modRNN.training.training_loop][INFO] - 	 Starting Epoch: 1933
[2026-05-04 16:58:13,019][src.modRNN.training.training_loop][INFO] - train epoch 1933 MSE 0.0004 nMSE 0.0027
[2026-05-04 16:58:13,020][src.modRNN.training.training_loop][INFO] - 	 Starting Epoch: 1934
[2026-05-04 16:58:13,136][src.modRNN.training.training_loop][INFO] - train epoch 1934 MSE 0.0003 nMSE 0.0025
[2026-05-04 16:58:13,137][src.modRNN.training.training_loop][INFO] - 	 Starting Epoch: 1935
[2026-05-04 16:58:13,255][src.modRNN.training.training_loop][INFO] - train epoch 1935 MSE 0.0003 nMSE 0.0025
[2026-05-04 16:58:13,256][src.modRNN.training.training_loop][INFO] - 	 Starting Epoch: 1936
[2026-05-04 16:58:13,376][src.modRNN.training.training_loop][INFO] - train epoch 1936 MSE 0.0004 nMSE 0.0027
[2026-05-04 16:58:13,377][src.modRNN.training.training_loop][INFO] - 	 Starting Epoch: 1937
[2026-05-04 16:58:13,497][src.modRNN.training.training_loop][INFO] - train epoch 1937 MSE 0.0004 nMSE 0.0028
[2026-05-04 16:58:13,498][src.modRNN.training.training_loop][INFO] - 	 Starting Epoch: 1938
[2026-05-04 16:58:13,614][src.modRNN.training.training_loop][INFO] - train epoch 1938 MSE 0.0005 nMSE 0.0036
[2026-05-04 16:58:13,615][src.modRNN.training.training_loop][INFO] - 	 Starting Epoch: 1939
[2026-05-04 16:58:13,736][src.modRNN.training.training_loop][INFO] - train epoch 1939 MSE 0.0004 nMSE 0.0029
[2026-05-04 16:58:13,737][src.modRNN.training.training_loop][INFO] - 	 Starting Epoch: 1940
[2026-05-04 16:58:13,878][src.modRNN.training.training_loop][INFO] - train epoch 1940 MSE 0.0004 nMSE 0.0033
[2026-05-04 16:58:13,879][src.modRNN.training.training_loop][INFO] - 	 Starting Epoch: 1941
[2026-05-04 16:58:14,035][src.modRNN.training.training_loop][INFO] - train epoch 1941 MSE 0.0003 nMSE 0.0025
[2026-05-04 16:58:14,036][src.modRNN.training.training_loop][INFO] - 	 Starting Epoch: 1942
[2026-05-04 16:58:14,183][src.modRNN.training.training_loop][INFO] - train epoch 1942 MSE 0.0004 nMSE 0.0029
[2026-05-04 16:58:14,185][src.modRNN.training.training_loop][INFO] - 	 Starting Epoch: 1943
[2026-05-04 16:58:14,335][src.modRNN.training.training_loop][INFO] - train epoch 1943 MSE 0.0004 nMSE 0.0033
[2026-05-04 16:58:14,336][src.modRNN.training.training_loop][INFO] - 	 Starting Epoch: 1944
[2026-05-04 16:58:14,481][src.modRNN.training.training_loop][INFO] - train epoch 1944 MSE 0.0003 nMSE 0.0024
[2026-05-04 16:58:14,483][src.modRNN.training.training_loop][INFO] - 	 Starting Epoch: 1945
[2026-05-04 16:58:14,624][src.modRNN.training.training_loop][INFO] - train epoch 1945 MSE 0.0004 nMSE 0.0030
[2026-05-04 16:58:14,625][src.modRNN.training.training_loop][INFO] - 	 Starting Epoch: 1946
[2026-05-04 16:58:14,760][src.modRNN.training.training_loop][INFO] - train epoch 1946 MSE 0.0004 nMSE 0.0027
[2026-05-04 16:58:14,761][src.modRNN.training.training_loop][INFO] - 	 Starting Epoch: 1947
[2026-05-04 16:58:14,880][src.modRNN.training.training_loop][INFO] - train epoch 1947 MSE 0.0003 nMSE 0.0026
[2026-05-04 16:58:14,880][src.modRNN.training.training_loop][INFO] - 	 Starting Epoch: 1948
[2026-05-04 16:58:15,003][src.modRNN.training.training_loop][INFO] - train epoch 1948 MSE 0.0004 nMSE 0.0029
[2026-05-04 16:58:15,004][src.modRNN.training.training_loop][INFO] - 	 Starting Epoch: 1949
[2026-05-04 16:58:15,124][src.modRNN.training.training_loop][INFO] - train epoch 1949 MSE 0.0003 nMSE 0.0025
[2026-05-04 16:58:15,125][src.modRNN.training.training_loop][INFO] - 	 Starting Epoch: 1950
[2026-05-04 16:58:15,245][src.modRNN.training.training_loop][INFO] - train epoch 1950 MSE 0.0003 nMSE 0.0026
[2026-05-04 16:58:15,246][src.modRNN.training.training_loop][INFO] - 	 Starting Epoch: 1951
[2026-05-04 16:58:15,362][src.modRNN.training.training_loop][INFO] - train epoch 1951 MSE 0.0005 nMSE 0.0034
[2026-05-04 16:58:15,409][src.modRNN.training.training_loop][INFO] - eval  epoch 1951 MSE 0.0004 nMSE 0.0029
[2026-05-04 16:58:15,410][src.modRNN.training.training_loop][INFO] - 	 Starting Epoch: 1952
[2026-05-04 16:58:15,530][src.modRNN.training.training_loop][INFO] - train epoch 1952 MSE 0.0004 nMSE 0.0029
[2026-05-04 16:58:15,531][src.modRNN.training.training_loop][INFO] - 	 Starting Epoch: 1953
[2026-05-04 16:58:15,655][src.modRNN.training.training_loop][INFO] - train epoch 1953 MSE 0.0004 nMSE 0.0027
[2026-05-04 16:58:15,656][src.modRNN.training.training_loop][INFO] - 	 Starting Epoch: 1954
[2026-05-04 16:58:15,775][src.modRNN.training.training_loop][INFO] - train epoch 1954 MSE 0.0004 nMSE 0.0031
[2026-05-04 16:58:15,776][src.modRNN.training.training_loop][INFO] - 	 Starting Epoch: 1955
[2026-05-04 16:58:15,893][src.modRNN.training.training_loop][INFO] - train epoch 1955 MSE 0.0003 nMSE 0.0026
[2026-05-04 16:58:15,894][src.modRNN.training.training_loop][INFO] - 	 Starting Epoch: 1956
[2026-05-04 16:58:16,012][src.modRNN.training.training_loop][INFO] - train epoch 1956 MSE 0.0004 nMSE 0.0029
[2026-05-04 16:58:16,013][src.modRNN.training.training_loop][INFO] - 	 Starting Epoch: 1957
[2026-05-04 16:58:16,133][src.modRNN.training.training_loop][INFO] - train epoch 1957 MSE 0.0005 nMSE 0.0034
[2026-05-04 16:58:16,134][src.modRNN.training.training_loop][INFO] - 	 Starting Epoch: 1958
[2026-05-04 16:58:16,256][src.modRNN.training.training_loop][INFO] - train epoch 1958 MSE 0.0004 nMSE 0.0028
[2026-05-04 16:58:16,257][src.modRNN.training.training_loop][INFO] - 	 Starting Epoch: 1959
[2026-05-04 16:58:16,377][src.modRNN.training.training_loop][INFO] - train epoch 1959 MSE 0.0004 nMSE 0.0033
[2026-05-04 16:58:16,378][src.modRNN.training.training_loop][INFO] - 	 Starting Epoch: 1960
[2026-05-04 16:58:16,495][src.modRNN.training.training_loop][INFO] - train epoch 1960 MSE 0.0004 nMSE 0.0027
[2026-05-04 16:58:16,496][src.modRNN.training.training_loop][INFO] - 	 Starting Epoch: 1961
[2026-05-04 16:58:16,614][src.modRNN.training.training_loop][INFO] - train epoch 1961 MSE 0.0004 nMSE 0.0030
[2026-05-04 16:58:16,615][src.modRNN.training.training_loop][INFO] - 	 Starting Epoch: 1962
[2026-05-04 16:58:16,736][src.modRNN.training.training_loop][INFO] - train epoch 1962 MSE 0.0004 nMSE 0.0028
[2026-05-04 16:58:16,737][src.modRNN.training.training_loop][INFO] - 	 Starting Epoch: 1963
[2026-05-04 16:58:16,860][src.modRNN.training.training_loop][INFO] - train epoch 1963 MSE 0.0003 nMSE 0.0025
[2026-05-04 16:58:16,861][src.modRNN.training.training_loop][INFO] - 	 Starting Epoch: 1964
[2026-05-04 16:58:16,981][src.modRNN.training.training_loop][INFO] - train epoch 1964 MSE 0.0004 nMSE 0.0034
[2026-05-04 16:58:16,982][src.modRNN.training.training_loop][INFO] - 	 Starting Epoch: 1965
[2026-05-04 16:58:17,099][src.modRNN.training.training_loop][INFO] - train epoch 1965 MSE 0.0004 nMSE 0.0028
[2026-05-04 16:58:17,100][src.modRNN.training.training_loop][INFO] - 	 Starting Epoch: 1966
[2026-05-04 16:58:17,217][src.modRNN.training.training_loop][INFO] - train epoch 1966 MSE 0.0003 nMSE 0.0025
[2026-05-04 16:58:17,218][src.modRNN.training.training_loop][INFO] - 	 Starting Epoch: 1967
[2026-05-04 16:58:17,337][src.modRNN.training.training_loop][INFO] - train epoch 1967 MSE 0.0004 nMSE 0.0030
[2026-05-04 16:58:17,338][src.modRNN.training.training_loop][INFO] - 	 Starting Epoch: 1968
[2026-05-04 16:58:17,465][src.modRNN.training.training_loop][INFO] - train epoch 1968 MSE 0.0004 nMSE 0.0029
[2026-05-04 16:58:17,465][src.modRNN.training.training_loop][INFO] - 	 Starting Epoch: 1969
[2026-05-04 16:58:17,587][src.modRNN.training.training_loop][INFO] - train epoch 1969 MSE 0.0003 nMSE 0.0026
[2026-05-04 16:58:17,588][src.modRNN.training.training_loop][INFO] - 	 Starting Epoch: 1970
[2026-05-04 16:58:17,704][src.modRNN.training.training_loop][INFO] - train epoch 1970 MSE 0.0004 nMSE 0.0029
[2026-05-04 16:58:17,705][src.modRNN.training.training_loop][INFO] - 	 Starting Epoch: 1971
[2026-05-04 16:58:17,822][src.modRNN.training.training_loop][INFO] - train epoch 1971 MSE 0.0004 nMSE 0.0027
[2026-05-04 16:58:17,823][src.modRNN.training.training_loop][INFO] - 	 Starting Epoch: 1972
[2026-05-04 16:58:17,941][src.modRNN.training.training_loop][INFO] - train epoch 1972 MSE 0.0004 nMSE 0.0029
[2026-05-04 16:58:17,942][src.modRNN.training.training_loop][INFO] - 	 Starting Epoch: 1973
[2026-05-04 16:58:18,069][src.modRNN.training.training_loop][INFO] - train epoch 1973 MSE 0.0004 nMSE 0.0030
[2026-05-04 16:58:18,070][src.modRNN.training.training_loop][INFO] - 	 Starting Epoch: 1974
[2026-05-04 16:58:18,191][src.modRNN.training.training_loop][INFO] - train epoch 1974 MSE 0.0003 nMSE 0.0024
[2026-05-04 16:58:18,192][src.modRNN.training.training_loop][INFO] - 	 Starting Epoch: 1975
[2026-05-04 16:58:18,309][src.modRNN.training.training_loop][INFO] - train epoch 1975 MSE 0.0004 nMSE 0.0030
[2026-05-04 16:58:18,310][src.modRNN.training.training_loop][INFO] - 	 Starting Epoch: 1976
[2026-05-04 16:58:18,433][src.modRNN.training.training_loop][INFO] - train epoch 1976 MSE 0.0004 nMSE 0.0029
[2026-05-04 16:58:18,484][src.modRNN.training.training_loop][INFO] - eval  epoch 1976 MSE 0.0004 nMSE 0.0027
[2026-05-04 16:58:18,485][src.modRNN.training.training_loop][INFO] - 	 Starting Epoch: 1977
[2026-05-04 16:58:18,608][src.modRNN.training.training_loop][INFO] - train epoch 1977 MSE 0.0004 nMSE 0.0027
[2026-05-04 16:58:18,609][src.modRNN.training.training_loop][INFO] - 	 Starting Epoch: 1978
[2026-05-04 16:58:18,726][src.modRNN.training.training_loop][INFO] - train epoch 1978 MSE 0.0004 nMSE 0.0028
[2026-05-04 16:58:18,726][src.modRNN.training.training_loop][INFO] - 	 Starting Epoch: 1979
[2026-05-04 16:58:18,843][src.modRNN.training.training_loop][INFO] - train epoch 1979 MSE 0.0005 nMSE 0.0036
[2026-05-04 16:58:18,844][src.modRNN.training.training_loop][INFO] - 	 Starting Epoch: 1980
[2026-05-04 16:58:18,962][src.modRNN.training.training_loop][INFO] - train epoch 1980 MSE 0.0003 nMSE 0.0026
[2026-05-04 16:58:18,963][src.modRNN.training.training_loop][INFO] - 	 Starting Epoch: 1981
[2026-05-04 16:58:19,088][src.modRNN.training.training_loop][INFO] - train epoch 1981 MSE 0.0004 nMSE 0.0033
[2026-05-04 16:58:19,089][src.modRNN.training.training_loop][INFO] - 	 Starting Epoch: 1982
[2026-05-04 16:58:19,209][src.modRNN.training.training_loop][INFO] - train epoch 1982 MSE 0.0004 nMSE 0.0028
[2026-05-04 16:58:19,210][src.modRNN.training.training_loop][INFO] - 	 Starting Epoch: 1983
[2026-05-04 16:58:19,326][src.modRNN.training.training_loop][INFO] - train epoch 1983 MSE 0.0004 nMSE 0.0029
[2026-05-04 16:58:19,327][src.modRNN.training.training_loop][INFO] - 	 Starting Epoch: 1984
[2026-05-04 16:58:19,446][src.modRNN.training.training_loop][INFO] - train epoch 1984 MSE 0.0004 nMSE 0.0032
[2026-05-04 16:58:19,446][src.modRNN.training.training_loop][INFO] - 	 Starting Epoch: 1985
[2026-05-04 16:58:19,568][src.modRNN.training.training_loop][INFO] - train epoch 1985 MSE 0.0004 nMSE 0.0029
[2026-05-04 16:58:19,569][src.modRNN.training.training_loop][INFO] - 	 Starting Epoch: 1986
[2026-05-04 16:58:19,692][src.modRNN.training.training_loop][INFO] - train epoch 1986 MSE 0.0005 nMSE 0.0035
[2026-05-04 16:58:19,693][src.modRNN.training.training_loop][INFO] - 	 Starting Epoch: 1987
[2026-05-04 16:58:19,814][src.modRNN.training.training_loop][INFO] - train epoch 1987 MSE 0.0004 nMSE 0.0030
[2026-05-04 16:58:19,815][src.modRNN.training.training_loop][INFO] - 	 Starting Epoch: 1988
[2026-05-04 16:58:19,932][src.modRNN.training.training_loop][INFO] - train epoch 1988 MSE 0.0004 nMSE 0.0029
[2026-05-04 16:58:19,933][src.modRNN.training.training_loop][INFO] - 	 Starting Epoch: 1989
[2026-05-04 16:58:20,050][src.modRNN.training.training_loop][INFO] - train epoch 1989 MSE 0.0004 nMSE 0.0028
[2026-05-04 16:58:20,051][src.modRNN.training.training_loop][INFO] - 	 Starting Epoch: 1990
[2026-05-04 16:58:20,170][src.modRNN.training.training_loop][INFO] - train epoch 1990 MSE 0.0004 nMSE 0.0027
[2026-05-04 16:58:20,171][src.modRNN.training.training_loop][INFO] - 	 Starting Epoch: 1991
[2026-05-04 16:58:20,290][src.modRNN.training.training_loop][INFO] - train epoch 1991 MSE 0.0003 nMSE 0.0023
[2026-05-04 16:58:20,291][src.modRNN.training.training_loop][INFO] - 	 Starting Epoch: 1992
[2026-05-04 16:58:20,410][src.modRNN.training.training_loop][INFO] - train epoch 1992 MSE 0.0004 nMSE 0.0030
[2026-05-04 16:58:20,411][src.modRNN.training.training_loop][INFO] - 	 Starting Epoch: 1993
[2026-05-04 16:58:20,534][src.modRNN.training.training_loop][INFO] - train epoch 1993 MSE 0.0004 nMSE 0.0029
[2026-05-04 16:58:20,535][src.modRNN.training.training_loop][INFO] - 	 Starting Epoch: 1994
[2026-05-04 16:58:20,655][src.modRNN.training.training_loop][INFO] - train epoch 1994 MSE 0.0003 nMSE 0.0026
[2026-05-04 16:58:20,656][src.modRNN.training.training_loop][INFO] - 	 Starting Epoch: 1995
[2026-05-04 16:58:20,772][src.modRNN.training.training_loop][INFO] - train epoch 1995 MSE 0.0004 nMSE 0.0033
[2026-05-04 16:58:20,773][src.modRNN.training.training_loop][INFO] - 	 Starting Epoch: 1996
[2026-05-04 16:58:20,889][src.modRNN.training.training_loop][INFO] - train epoch 1996 MSE 0.0004 nMSE 0.0029
[2026-05-04 16:58:20,890][src.modRNN.training.training_loop][INFO] - 	 Starting Epoch: 1997
[2026-05-04 16:58:21,008][src.modRNN.training.training_loop][INFO] - train epoch 1997 MSE 0.0004 nMSE 0.0031
[2026-05-04 16:58:21,008][src.modRNN.training.training_loop][INFO] - 	 Starting Epoch: 1998
[2026-05-04 16:58:21,133][src.modRNN.training.training_loop][INFO] - train epoch 1998 MSE 0.0004 nMSE 0.0031
[2026-05-04 16:58:21,134][src.modRNN.training.training_loop][INFO] - 	 Starting Epoch: 1999
[2026-05-04 16:58:21,256][src.modRNN.training.training_loop][INFO] - train epoch 1999 MSE 0.0003 nMSE 0.0025
[2026-05-04 16:58:21,257][src.modRNN.training.training_loop][INFO] - 	 Starting Epoch: 2000
[2026-05-04 16:58:21,374][src.modRNN.training.training_loop][INFO] - train epoch 2000 MSE 0.0004 nMSE 0.0031
[2026-05-04 16:58:21,421][src.modRNN.training.training_loop][INFO] - eval  epoch 2000 MSE 0.0004 nMSE 0.0030
[2026-05-04 16:58:24,574][src.modRNN.training.training_loop][INFO] - firing rate eval set  average 13.1 max 68.0 min 0.0
[2026-05-04 16:58:27,932][src.modRNN.training.training_loop][INFO] - Training completed all 2000 iterations.
