[2026-05-08 14:20:36,430][jax._src.xla_bridge][INFO] - Unable to initialize backend 'rocm': module 'jaxlib.xla_extension' has no attribute 'GpuAllocatorConfig'
[2026-05-08 14:20:36,432][jax._src.xla_bridge][INFO] - Unable to initialize backend 'tpu': INTERNAL: Failed to open libtpu.so: libtpu.so: cannot open shared object file: No such file or directory
[2026-05-08 14:20:46,590][src.modRNN.training.training_loop][INFO] - Starting training...
[2026-05-08 14:20:47,468][src.modRNN.training.training_loop][INFO] - 	 Starting Epoch: 1
[2026-05-08 14:22:35,011][jax._src.xla_bridge][INFO] - Unable to initialize backend 'rocm': module 'jaxlib.xla_extension' has no attribute 'GpuAllocatorConfig'
[2026-05-08 14:22:35,012][jax._src.xla_bridge][INFO] - Unable to initialize backend 'tpu': INTERNAL: Failed to open libtpu.so: libtpu.so: cannot open shared object file: No such file or directory
[2026-05-08 14:22:44,096][src.modRNN.training.training_loop][INFO] - Starting training...
[2026-05-08 14:22:44,961][src.modRNN.training.training_loop][INFO] - 	 Starting Epoch: 1
[2026-05-08 14:22:47,503][src.modRNN.training.training_loop][INFO] - train epoch 001 loss 0.6932 accuracy 51.56%
[2026-05-08 14:22:48,862][src.modRNN.training.training_loop][INFO] - eval  epoch 001 loss 0.6931 accuracy 50.59%
[2026-05-08 14:22:48,864][src.modRNN.training.training_loop][INFO] - 	 Starting Epoch: 2
[2026-05-08 14:22:49,577][src.modRNN.training.training_loop][INFO] - train epoch 002 loss 0.6931 accuracy 51.56%
[2026-05-08 14:22:49,578][src.modRNN.training.training_loop][INFO] - 	 Starting Epoch: 3
[2026-05-08 14:22:50,291][src.modRNN.training.training_loop][INFO] - train epoch 003 loss 0.6931 accuracy 43.75%
[2026-05-08 14:22:50,293][src.modRNN.training.training_loop][INFO] - 	 Starting Epoch: 4
[2026-05-08 14:22:51,005][src.modRNN.training.training_loop][INFO] - train epoch 004 loss 0.6931 accuracy 51.56%
[2026-05-08 14:22:51,007][src.modRNN.training.training_loop][INFO] - 	 Starting Epoch: 5
[2026-05-08 14:22:51,719][src.modRNN.training.training_loop][INFO] - train epoch 005 loss 0.6931 accuracy 48.44%
[2026-05-08 14:22:51,721][src.modRNN.training.training_loop][INFO] - 	 Starting Epoch: 6
[2026-05-08 14:22:52,433][src.modRNN.training.training_loop][INFO] - train epoch 006 loss 0.6931 accuracy 50.00%
[2026-05-08 14:22:52,435][src.modRNN.training.training_loop][INFO] - 	 Starting Epoch: 7
[2026-05-08 14:22:53,146][src.modRNN.training.training_loop][INFO] - train epoch 007 loss 0.6931 accuracy 46.88%
[2026-05-08 14:22:53,148][src.modRNN.training.training_loop][INFO] - 	 Starting Epoch: 8
[2026-05-08 14:22:53,859][src.modRNN.training.training_loop][INFO] - train epoch 008 loss 0.6931 accuracy 40.62%
[2026-05-08 14:22:53,861][src.modRNN.training.training_loop][INFO] - 	 Starting Epoch: 9
[2026-05-08 14:22:54,573][src.modRNN.training.training_loop][INFO] - train epoch 009 loss 0.6931 accuracy 54.69%
[2026-05-08 14:22:54,575][src.modRNN.training.training_loop][INFO] - 	 Starting Epoch: 10
[2026-05-08 14:22:55,283][src.modRNN.training.training_loop][INFO] - train epoch 010 loss 0.6931 accuracy 46.88%
[2026-05-08 14:22:55,285][src.modRNN.training.training_loop][INFO] - 	 Starting Epoch: 11
[2026-05-08 14:22:55,995][src.modRNN.training.training_loop][INFO] - train epoch 011 loss 0.6932 accuracy 50.00%
[2026-05-08 14:22:55,997][src.modRNN.training.training_loop][INFO] - 	 Starting Epoch: 12
[2026-05-08 14:22:56,706][src.modRNN.training.training_loop][INFO] - train epoch 012 loss 0.6932 accuracy 46.88%
[2026-05-08 14:22:56,708][src.modRNN.training.training_loop][INFO] - 	 Starting Epoch: 13
[2026-05-08 14:22:57,417][src.modRNN.training.training_loop][INFO] - train epoch 013 loss 0.6931 accuracy 59.38%
[2026-05-08 14:22:57,419][src.modRNN.training.training_loop][INFO] - 	 Starting Epoch: 14
[2026-05-08 14:22:58,129][src.modRNN.training.training_loop][INFO] - train epoch 014 loss 0.6931 accuracy 45.31%
[2026-05-08 14:22:58,131][src.modRNN.training.training_loop][INFO] - 	 Starting Epoch: 15
[2026-05-08 14:22:58,841][src.modRNN.training.training_loop][INFO] - train epoch 015 loss 0.6931 accuracy 51.56%
[2026-05-08 14:22:58,843][src.modRNN.training.training_loop][INFO] - 	 Starting Epoch: 16
[2026-05-08 14:22:59,552][src.modRNN.training.training_loop][INFO] - train epoch 016 loss 0.6932 accuracy 45.31%
[2026-05-08 14:22:59,554][src.modRNN.training.training_loop][INFO] - 	 Starting Epoch: 17
[2026-05-08 14:23:00,264][src.modRNN.training.training_loop][INFO] - train epoch 017 loss 0.6931 accuracy 46.88%
[2026-05-08 14:23:00,266][src.modRNN.training.training_loop][INFO] - 	 Starting Epoch: 18
[2026-05-08 14:23:00,975][src.modRNN.training.training_loop][INFO] - train epoch 018 loss 0.6932 accuracy 56.25%
[2026-05-08 14:23:00,977][src.modRNN.training.training_loop][INFO] - 	 Starting Epoch: 19
[2026-05-08 14:23:01,688][src.modRNN.training.training_loop][INFO] - train epoch 019 loss 0.6931 accuracy 54.69%
[2026-05-08 14:23:01,690][src.modRNN.training.training_loop][INFO] - 	 Starting Epoch: 20
[2026-05-08 14:23:02,403][src.modRNN.training.training_loop][INFO] - train epoch 020 loss 0.6932 accuracy 51.56%
[2026-05-08 14:23:02,405][src.modRNN.training.training_loop][INFO] - 	 Starting Epoch: 21
[2026-05-08 14:23:03,116][src.modRNN.training.training_loop][INFO] - train epoch 021 loss 0.6931 accuracy 45.31%
[2026-05-08 14:23:03,117][src.modRNN.training.training_loop][INFO] - 	 Starting Epoch: 22
[2026-05-08 14:23:03,829][src.modRNN.training.training_loop][INFO] - train epoch 022 loss 0.6931 accuracy 45.31%
[2026-05-08 14:23:03,831][src.modRNN.training.training_loop][INFO] - 	 Starting Epoch: 23
[2026-05-08 14:23:04,545][src.modRNN.training.training_loop][INFO] - train epoch 023 loss 0.6931 accuracy 54.69%
[2026-05-08 14:23:04,547][src.modRNN.training.training_loop][INFO] - 	 Starting Epoch: 24
[2026-05-08 14:23:05,258][src.modRNN.training.training_loop][INFO] - train epoch 024 loss 0.6931 accuracy 40.62%
[2026-05-08 14:23:05,260][src.modRNN.training.training_loop][INFO] - 	 Starting Epoch: 25
[2026-05-08 14:23:05,972][src.modRNN.training.training_loop][INFO] - train epoch 025 loss 0.6931 accuracy 56.25%
[2026-05-08 14:23:05,973][src.modRNN.training.training_loop][INFO] - 	 Starting Epoch: 26
[2026-05-08 14:23:06,685][src.modRNN.training.training_loop][INFO] - train epoch 026 loss 0.6932 accuracy 57.81%
[2026-05-08 14:23:07,793][src.modRNN.training.training_loop][INFO] - eval  epoch 026 loss 0.6931 accuracy 45.31%
[2026-05-08 14:23:07,795][src.modRNN.training.training_loop][INFO] - 	 Starting Epoch: 27
[2026-05-08 14:23:08,508][src.modRNN.training.training_loop][INFO] - train epoch 027 loss 0.6931 accuracy 48.44%
[2026-05-08 14:23:08,510][src.modRNN.training.training_loop][INFO] - 	 Starting Epoch: 28
[2026-05-08 14:23:09,224][src.modRNN.training.training_loop][INFO] - train epoch 028 loss 0.6931 accuracy 46.88%
[2026-05-08 14:23:09,226][src.modRNN.training.training_loop][INFO] - 	 Starting Epoch: 29
[2026-05-08 14:23:09,938][src.modRNN.training.training_loop][INFO] - train epoch 029 loss 0.6931 accuracy 51.56%
[2026-05-08 14:23:09,940][src.modRNN.training.training_loop][INFO] - 	 Starting Epoch: 30
[2026-05-08 14:23:10,653][src.modRNN.training.training_loop][INFO] - train epoch 030 loss 0.6931 accuracy 35.94%
[2026-05-08 14:23:10,654][src.modRNN.training.training_loop][INFO] - 	 Starting Epoch: 31
[2026-05-08 14:23:11,367][src.modRNN.training.training_loop][INFO] - train epoch 031 loss 0.6932 accuracy 53.12%
[2026-05-08 14:23:11,368][src.modRNN.training.training_loop][INFO] - 	 Starting Epoch: 32
[2026-05-08 14:23:12,082][src.modRNN.training.training_loop][INFO] - train epoch 032 loss 0.6932 accuracy 46.88%
[2026-05-08 14:23:12,083][src.modRNN.training.training_loop][INFO] - 	 Starting Epoch: 33
[2026-05-08 14:23:12,796][src.modRNN.training.training_loop][INFO] - train epoch 033 loss 0.6932 accuracy 46.88%
[2026-05-08 14:23:12,797][src.modRNN.training.training_loop][INFO] - 	 Starting Epoch: 34
[2026-05-08 14:23:13,511][src.modRNN.training.training_loop][INFO] - train epoch 034 loss 0.6931 accuracy 48.44%
[2026-05-08 14:23:13,513][src.modRNN.training.training_loop][INFO] - 	 Starting Epoch: 35
[2026-05-08 14:23:14,227][src.modRNN.training.training_loop][INFO] - train epoch 035 loss 0.6931 accuracy 53.12%
[2026-05-08 14:23:14,229][src.modRNN.training.training_loop][INFO] - 	 Starting Epoch: 36
[2026-05-08 14:23:14,943][src.modRNN.training.training_loop][INFO] - train epoch 036 loss 0.6931 accuracy 43.75%
[2026-05-08 14:23:14,945][src.modRNN.training.training_loop][INFO] - 	 Starting Epoch: 37
[2026-05-08 14:23:15,658][src.modRNN.training.training_loop][INFO] - train epoch 037 loss 0.6932 accuracy 35.94%
[2026-05-08 14:23:15,660][src.modRNN.training.training_loop][INFO] - 	 Starting Epoch: 38
[2026-05-08 14:23:16,377][src.modRNN.training.training_loop][INFO] - train epoch 038 loss 0.6932 accuracy 50.00%
[2026-05-08 14:23:16,378][src.modRNN.training.training_loop][INFO] - 	 Starting Epoch: 39
[2026-05-08 14:23:17,093][src.modRNN.training.training_loop][INFO] - train epoch 039 loss 0.6931 accuracy 50.00%
[2026-05-08 14:23:17,094][src.modRNN.training.training_loop][INFO] - 	 Starting Epoch: 40
[2026-05-08 14:23:17,811][src.modRNN.training.training_loop][INFO] - train epoch 040 loss 0.6931 accuracy 53.12%
[2026-05-08 14:23:17,812][src.modRNN.training.training_loop][INFO] - 	 Starting Epoch: 41
[2026-05-08 14:23:18,529][src.modRNN.training.training_loop][INFO] - train epoch 041 loss 0.6932 accuracy 43.75%
[2026-05-08 14:23:18,531][src.modRNN.training.training_loop][INFO] - 	 Starting Epoch: 42
[2026-05-08 14:23:19,246][src.modRNN.training.training_loop][INFO] - train epoch 042 loss 0.6932 accuracy 46.88%
[2026-05-08 14:23:19,247][src.modRNN.training.training_loop][INFO] - 	 Starting Epoch: 43
[2026-05-08 14:23:19,963][src.modRNN.training.training_loop][INFO] - train epoch 043 loss 0.6931 accuracy 46.88%
[2026-05-08 14:23:19,964][src.modRNN.training.training_loop][INFO] - 	 Starting Epoch: 44
[2026-05-08 14:23:20,680][src.modRNN.training.training_loop][INFO] - train epoch 044 loss 0.6932 accuracy 45.31%
[2026-05-08 14:23:20,681][src.modRNN.training.training_loop][INFO] - 	 Starting Epoch: 45
[2026-05-08 14:23:21,397][src.modRNN.training.training_loop][INFO] - train epoch 045 loss 0.6932 accuracy 37.50%
[2026-05-08 14:23:21,398][src.modRNN.training.training_loop][INFO] - 	 Starting Epoch: 46
[2026-05-08 14:23:22,115][src.modRNN.training.training_loop][INFO] - train epoch 046 loss 0.6931 accuracy 57.81%
[2026-05-08 14:23:22,117][src.modRNN.training.training_loop][INFO] - 	 Starting Epoch: 47
[2026-05-08 14:23:22,832][src.modRNN.training.training_loop][INFO] - train epoch 047 loss 0.6931 accuracy 46.88%
[2026-05-08 14:23:22,833][src.modRNN.training.training_loop][INFO] - 	 Starting Epoch: 48
[2026-05-08 14:23:23,549][src.modRNN.training.training_loop][INFO] - train epoch 048 loss 0.6931 accuracy 39.06%
[2026-05-08 14:23:23,550][src.modRNN.training.training_loop][INFO] - 	 Starting Epoch: 49
[2026-05-08 14:23:24,266][src.modRNN.training.training_loop][INFO] - train epoch 049 loss 0.6931 accuracy 50.00%
[2026-05-08 14:23:24,267][src.modRNN.training.training_loop][INFO] - 	 Starting Epoch: 50
[2026-05-08 14:23:24,981][src.modRNN.training.training_loop][INFO] - train epoch 050 loss 0.6931 accuracy 54.69%
[2026-05-08 14:23:24,983][src.modRNN.training.training_loop][INFO] - 	 Starting Epoch: 51
[2026-05-08 14:23:25,698][src.modRNN.training.training_loop][INFO] - train epoch 051 loss 0.6932 accuracy 51.56%
[2026-05-08 14:23:26,813][src.modRNN.training.training_loop][INFO] - eval  epoch 051 loss 0.6932 accuracy 43.16%
[2026-05-08 14:23:26,814][src.modRNN.training.training_loop][INFO] - 	 Starting Epoch: 52
[2026-05-08 14:23:27,559][src.modRNN.training.training_loop][INFO] - train epoch 052 loss 0.6931 accuracy 57.81%
[2026-05-08 14:23:27,567][src.modRNN.training.training_loop][INFO] - 	 Starting Epoch: 53
[2026-05-08 14:23:28,316][src.modRNN.training.training_loop][INFO] - train epoch 053 loss 0.6932 accuracy 54.69%
[2026-05-08 14:23:28,317][src.modRNN.training.training_loop][INFO] - 	 Starting Epoch: 54
[2026-05-08 14:23:29,033][src.modRNN.training.training_loop][INFO] - train epoch 054 loss 0.6931 accuracy 51.56%
[2026-05-08 14:23:29,035][src.modRNN.training.training_loop][INFO] - 	 Starting Epoch: 55
[2026-05-08 14:23:29,749][src.modRNN.training.training_loop][INFO] - train epoch 055 loss 0.6932 accuracy 42.19%
[2026-05-08 14:23:29,751][src.modRNN.training.training_loop][INFO] - 	 Starting Epoch: 56
[2026-05-08 14:23:30,466][src.modRNN.training.training_loop][INFO] - train epoch 056 loss 0.6932 accuracy 46.88%
[2026-05-08 14:23:30,468][src.modRNN.training.training_loop][INFO] - 	 Starting Epoch: 57
[2026-05-08 14:23:31,182][src.modRNN.training.training_loop][INFO] - train epoch 057 loss 0.6931 accuracy 50.00%
[2026-05-08 14:23:31,183][src.modRNN.training.training_loop][INFO] - 	 Starting Epoch: 58
[2026-05-08 14:23:31,896][src.modRNN.training.training_loop][INFO] - train epoch 058 loss 0.6932 accuracy 51.56%
[2026-05-08 14:23:31,898][src.modRNN.training.training_loop][INFO] - 	 Starting Epoch: 59
[2026-05-08 14:23:32,612][src.modRNN.training.training_loop][INFO] - train epoch 059 loss 0.6932 accuracy 32.81%
[2026-05-08 14:23:32,614][src.modRNN.training.training_loop][INFO] - 	 Starting Epoch: 60
[2026-05-08 14:23:33,329][src.modRNN.training.training_loop][INFO] - train epoch 060 loss 0.6931 accuracy 46.88%
[2026-05-08 14:23:33,331][src.modRNN.training.training_loop][INFO] - 	 Starting Epoch: 61
[2026-05-08 14:23:34,047][src.modRNN.training.training_loop][INFO] - train epoch 061 loss 0.6931 accuracy 46.88%
[2026-05-08 14:23:34,049][src.modRNN.training.training_loop][INFO] - 	 Starting Epoch: 62
[2026-05-08 14:23:34,762][src.modRNN.training.training_loop][INFO] - train epoch 062 loss 0.6932 accuracy 54.69%
[2026-05-08 14:23:34,763][src.modRNN.training.training_loop][INFO] - 	 Starting Epoch: 63
[2026-05-08 14:23:35,476][src.modRNN.training.training_loop][INFO] - train epoch 063 loss 0.6931 accuracy 54.69%
[2026-05-08 14:23:35,478][src.modRNN.training.training_loop][INFO] - 	 Starting Epoch: 64
[2026-05-08 14:23:36,191][src.modRNN.training.training_loop][INFO] - train epoch 064 loss 0.6931 accuracy 48.44%
[2026-05-08 14:23:36,193][src.modRNN.training.training_loop][INFO] - 	 Starting Epoch: 65
[2026-05-08 14:23:36,907][src.modRNN.training.training_loop][INFO] - train epoch 065 loss 0.6931 accuracy 40.62%
[2026-05-08 14:23:36,908][src.modRNN.training.training_loop][INFO] - 	 Starting Epoch: 66
[2026-05-08 14:23:37,621][src.modRNN.training.training_loop][INFO] - train epoch 066 loss 0.6931 accuracy 71.88%
[2026-05-08 14:23:37,623][src.modRNN.training.training_loop][INFO] - 	 Starting Epoch: 67
[2026-05-08 14:23:38,336][src.modRNN.training.training_loop][INFO] - train epoch 067 loss 0.6931 accuracy 37.50%
[2026-05-08 14:23:38,338][src.modRNN.training.training_loop][INFO] - 	 Starting Epoch: 68
[2026-05-08 14:23:39,054][src.modRNN.training.training_loop][INFO] - train epoch 068 loss 0.6931 accuracy 45.31%
[2026-05-08 14:23:39,056][src.modRNN.training.training_loop][INFO] - 	 Starting Epoch: 69
[2026-05-08 14:23:39,768][src.modRNN.training.training_loop][INFO] - train epoch 069 loss 0.6931 accuracy 42.19%
[2026-05-08 14:23:39,770][src.modRNN.training.training_loop][INFO] - 	 Starting Epoch: 70
[2026-05-08 14:23:40,483][src.modRNN.training.training_loop][INFO] - train epoch 070 loss 0.6931 accuracy 45.31%
[2026-05-08 14:23:40,485][src.modRNN.training.training_loop][INFO] - 	 Starting Epoch: 71
[2026-05-08 14:23:41,196][src.modRNN.training.training_loop][INFO] - train epoch 071 loss 0.6931 accuracy 50.00%
[2026-05-08 14:23:41,198][src.modRNN.training.training_loop][INFO] - 	 Starting Epoch: 72
[2026-05-08 14:23:41,910][src.modRNN.training.training_loop][INFO] - train epoch 072 loss 0.6931 accuracy 48.44%
[2026-05-08 14:23:41,912][src.modRNN.training.training_loop][INFO] - 	 Starting Epoch: 73
[2026-05-08 14:23:42,626][src.modRNN.training.training_loop][INFO] - train epoch 073 loss 0.6931 accuracy 46.88%
[2026-05-08 14:23:42,627][src.modRNN.training.training_loop][INFO] - 	 Starting Epoch: 74
[2026-05-08 14:23:43,340][src.modRNN.training.training_loop][INFO] - train epoch 074 loss 0.6931 accuracy 56.25%
[2026-05-08 14:23:43,342][src.modRNN.training.training_loop][INFO] - 	 Starting Epoch: 75
[2026-05-08 14:23:44,054][src.modRNN.training.training_loop][INFO] - train epoch 075 loss 0.6929 accuracy 53.12%
[2026-05-08 14:23:44,055][src.modRNN.training.training_loop][INFO] - 	 Starting Epoch: 76
[2026-05-08 14:23:44,768][src.modRNN.training.training_loop][INFO] - train epoch 076 loss 0.6930 accuracy 68.75%
[2026-05-08 14:23:45,881][src.modRNN.training.training_loop][INFO] - eval  epoch 076 loss 0.6929 accuracy 56.05%
[2026-05-08 14:23:45,882][src.modRNN.training.training_loop][INFO] - 	 Starting Epoch: 77
[2026-05-08 14:23:46,596][src.modRNN.training.training_loop][INFO] - train epoch 077 loss 0.6930 accuracy 59.38%
[2026-05-08 14:23:46,597][src.modRNN.training.training_loop][INFO] - 	 Starting Epoch: 78
[2026-05-08 14:23:47,311][src.modRNN.training.training_loop][INFO] - train epoch 078 loss 0.6929 accuracy 54.69%
[2026-05-08 14:23:47,313][src.modRNN.training.training_loop][INFO] - 	 Starting Epoch: 79
[2026-05-08 14:23:48,027][src.modRNN.training.training_loop][INFO] - train epoch 079 loss 0.6929 accuracy 59.38%
[2026-05-08 14:23:48,028][src.modRNN.training.training_loop][INFO] - 	 Starting Epoch: 80
[2026-05-08 14:23:48,743][src.modRNN.training.training_loop][INFO] - train epoch 080 loss 0.6925 accuracy 57.81%
[2026-05-08 14:23:48,745][src.modRNN.training.training_loop][INFO] - 	 Starting Epoch: 81
[2026-05-08 14:23:49,459][src.modRNN.training.training_loop][INFO] - train epoch 081 loss 0.6927 accuracy 59.38%
[2026-05-08 14:23:49,460][src.modRNN.training.training_loop][INFO] - 	 Starting Epoch: 82
[2026-05-08 14:23:50,175][src.modRNN.training.training_loop][INFO] - train epoch 082 loss 0.6925 accuracy 68.75%
[2026-05-08 14:23:50,177][src.modRNN.training.training_loop][INFO] - 	 Starting Epoch: 83
[2026-05-08 14:23:50,893][src.modRNN.training.training_loop][INFO] - train epoch 083 loss 0.6918 accuracy 59.38%
[2026-05-08 14:23:50,895][src.modRNN.training.training_loop][INFO] - 	 Starting Epoch: 84
[2026-05-08 14:23:51,608][src.modRNN.training.training_loop][INFO] - train epoch 084 loss 0.6907 accuracy 62.50%
[2026-05-08 14:23:51,610][src.modRNN.training.training_loop][INFO] - 	 Starting Epoch: 85
[2026-05-08 14:23:52,324][src.modRNN.training.training_loop][INFO] - train epoch 085 loss 0.6860 accuracy 71.88%
[2026-05-08 14:23:52,326][src.modRNN.training.training_loop][INFO] - 	 Starting Epoch: 86
[2026-05-08 14:23:53,041][src.modRNN.training.training_loop][INFO] - train epoch 086 loss 0.6847 accuracy 76.56%
[2026-05-08 14:23:53,043][src.modRNN.training.training_loop][INFO] - 	 Starting Epoch: 87
[2026-05-08 14:23:53,758][src.modRNN.training.training_loop][INFO] - train epoch 087 loss 0.6814 accuracy 56.25%
[2026-05-08 14:23:53,760][src.modRNN.training.training_loop][INFO] - 	 Starting Epoch: 88
[2026-05-08 14:23:54,475][src.modRNN.training.training_loop][INFO] - train epoch 088 loss 0.6782 accuracy 57.81%
[2026-05-08 14:23:54,476][src.modRNN.training.training_loop][INFO] - 	 Starting Epoch: 89
[2026-05-08 14:23:55,191][src.modRNN.training.training_loop][INFO] - train epoch 089 loss 0.6800 accuracy 65.62%
[2026-05-08 14:23:55,192][src.modRNN.training.training_loop][INFO] - 	 Starting Epoch: 90
[2026-05-08 14:23:55,907][src.modRNN.training.training_loop][INFO] - train epoch 090 loss 0.6742 accuracy 54.69%
[2026-05-08 14:23:55,909][src.modRNN.training.training_loop][INFO] - 	 Starting Epoch: 91
[2026-05-08 14:23:56,623][src.modRNN.training.training_loop][INFO] - train epoch 091 loss 0.6666 accuracy 67.19%
[2026-05-08 14:23:56,625][src.modRNN.training.training_loop][INFO] - 	 Starting Epoch: 92
[2026-05-08 14:23:57,340][src.modRNN.training.training_loop][INFO] - train epoch 092 loss 0.6737 accuracy 54.69%
[2026-05-08 14:23:57,342][src.modRNN.training.training_loop][INFO] - 	 Starting Epoch: 93
[2026-05-08 14:23:58,056][src.modRNN.training.training_loop][INFO] - train epoch 093 loss 0.6690 accuracy 70.31%
[2026-05-08 14:23:58,057][src.modRNN.training.training_loop][INFO] - 	 Starting Epoch: 94
[2026-05-08 14:23:58,772][src.modRNN.training.training_loop][INFO] - train epoch 094 loss 0.6689 accuracy 60.94%
[2026-05-08 14:23:58,774][src.modRNN.training.training_loop][INFO] - 	 Starting Epoch: 95
[2026-05-08 14:23:59,486][src.modRNN.training.training_loop][INFO] - train epoch 095 loss 0.6729 accuracy 70.31%
[2026-05-08 14:23:59,487][src.modRNN.training.training_loop][INFO] - 	 Starting Epoch: 96
[2026-05-08 14:24:00,201][src.modRNN.training.training_loop][INFO] - train epoch 096 loss 0.6677 accuracy 64.06%
[2026-05-08 14:24:00,203][src.modRNN.training.training_loop][INFO] - 	 Starting Epoch: 97
[2026-05-08 14:24:00,917][src.modRNN.training.training_loop][INFO] - train epoch 097 loss 0.6620 accuracy 68.75%
[2026-05-08 14:24:00,918][src.modRNN.training.training_loop][INFO] - 	 Starting Epoch: 98
[2026-05-08 14:24:01,634][src.modRNN.training.training_loop][INFO] - train epoch 098 loss 0.6704 accuracy 67.19%
[2026-05-08 14:24:01,636][src.modRNN.training.training_loop][INFO] - 	 Starting Epoch: 99
[2026-05-08 14:24:02,353][src.modRNN.training.training_loop][INFO] - train epoch 099 loss 0.6637 accuracy 70.31%
[2026-05-08 14:24:02,354][src.modRNN.training.training_loop][INFO] - 	 Starting Epoch: 100
[2026-05-08 14:24:03,069][src.modRNN.training.training_loop][INFO] - train epoch 100 loss 0.6514 accuracy 70.31%
[2026-05-08 14:24:03,071][src.modRNN.training.training_loop][INFO] - 	 Starting Epoch: 101
[2026-05-08 14:24:03,787][src.modRNN.training.training_loop][INFO] - train epoch 101 loss 0.6437 accuracy 70.31%
[2026-05-08 14:24:04,899][src.modRNN.training.training_loop][INFO] - eval  epoch 101 loss 0.6465 accuracy 70.12%
[2026-05-08 14:24:04,900][src.modRNN.training.training_loop][INFO] - 	 Starting Epoch: 102
[2026-05-08 14:24:05,615][src.modRNN.training.training_loop][INFO] - train epoch 102 loss 0.6508 accuracy 65.62%
[2026-05-08 14:24:05,617][src.modRNN.training.training_loop][INFO] - 	 Starting Epoch: 103
[2026-05-08 14:24:06,332][src.modRNN.training.training_loop][INFO] - train epoch 103 loss 0.6363 accuracy 68.75%
[2026-05-08 14:24:06,334][src.modRNN.training.training_loop][INFO] - 	 Starting Epoch: 104
[2026-05-08 14:24:07,049][src.modRNN.training.training_loop][INFO] - train epoch 104 loss 0.6269 accuracy 70.31%
[2026-05-08 14:24:07,051][src.modRNN.training.training_loop][INFO] - 	 Starting Epoch: 105
[2026-05-08 14:24:07,768][src.modRNN.training.training_loop][INFO] - train epoch 105 loss 0.6357 accuracy 65.62%
[2026-05-08 14:24:07,769][src.modRNN.training.training_loop][INFO] - 	 Starting Epoch: 106
[2026-05-08 14:24:08,488][src.modRNN.training.training_loop][INFO] - train epoch 106 loss 0.6348 accuracy 71.88%
[2026-05-08 14:24:08,490][src.modRNN.training.training_loop][INFO] - 	 Starting Epoch: 107
[2026-05-08 14:24:09,210][src.modRNN.training.training_loop][INFO] - train epoch 107 loss 0.6508 accuracy 64.06%
[2026-05-08 14:24:09,212][src.modRNN.training.training_loop][INFO] - 	 Starting Epoch: 108
[2026-05-08 14:24:09,931][src.modRNN.training.training_loop][INFO] - train epoch 108 loss 0.6456 accuracy 57.81%
[2026-05-08 14:24:09,933][src.modRNN.training.training_loop][INFO] - 	 Starting Epoch: 109
[2026-05-08 14:24:10,652][src.modRNN.training.training_loop][INFO] - train epoch 109 loss 0.6359 accuracy 65.62%
[2026-05-08 14:24:10,653][src.modRNN.training.training_loop][INFO] - 	 Starting Epoch: 110
[2026-05-08 14:24:11,374][src.modRNN.training.training_loop][INFO] - train epoch 110 loss 0.6417 accuracy 54.69%
[2026-05-08 14:24:11,375][src.modRNN.training.training_loop][INFO] - 	 Starting Epoch: 111
[2026-05-08 14:24:12,094][src.modRNN.training.training_loop][INFO] - train epoch 111 loss 0.6388 accuracy 62.50%
[2026-05-08 14:24:12,096][src.modRNN.training.training_loop][INFO] - 	 Starting Epoch: 112
[2026-05-08 14:24:12,815][src.modRNN.training.training_loop][INFO] - train epoch 112 loss 0.6275 accuracy 54.69%
[2026-05-08 14:24:12,817][src.modRNN.training.training_loop][INFO] - 	 Starting Epoch: 113
[2026-05-08 14:24:13,538][src.modRNN.training.training_loop][INFO] - train epoch 113 loss 0.6105 accuracy 68.75%
[2026-05-08 14:24:13,540][src.modRNN.training.training_loop][INFO] - 	 Starting Epoch: 114
[2026-05-08 14:24:14,260][src.modRNN.training.training_loop][INFO] - train epoch 114 loss 0.6311 accuracy 64.06%
[2026-05-08 14:24:14,261][src.modRNN.training.training_loop][INFO] - 	 Starting Epoch: 115
[2026-05-08 14:24:14,980][src.modRNN.training.training_loop][INFO] - train epoch 115 loss 0.6271 accuracy 65.62%
[2026-05-08 14:24:14,981][src.modRNN.training.training_loop][INFO] - 	 Starting Epoch: 116
[2026-05-08 14:24:15,701][src.modRNN.training.training_loop][INFO] - train epoch 116 loss 0.6276 accuracy 62.50%
[2026-05-08 14:24:15,702][src.modRNN.training.training_loop][INFO] - 	 Starting Epoch: 117
[2026-05-08 14:24:16,421][src.modRNN.training.training_loop][INFO] - train epoch 117 loss 0.6467 accuracy 51.56%
[2026-05-08 14:24:16,423][src.modRNN.training.training_loop][INFO] - 	 Starting Epoch: 118
[2026-05-08 14:24:17,142][src.modRNN.training.training_loop][INFO] - train epoch 118 loss 0.6565 accuracy 60.94%
[2026-05-08 14:24:17,144][src.modRNN.training.training_loop][INFO] - 	 Starting Epoch: 119
[2026-05-08 14:24:17,864][src.modRNN.training.training_loop][INFO] - train epoch 119 loss 0.6718 accuracy 51.56%
[2026-05-08 14:24:17,866][src.modRNN.training.training_loop][INFO] - 	 Starting Epoch: 120
[2026-05-08 14:24:18,585][src.modRNN.training.training_loop][INFO] - train epoch 120 loss 0.6787 accuracy 51.56%
[2026-05-08 14:24:18,587][src.modRNN.training.training_loop][INFO] - 	 Starting Epoch: 121
[2026-05-08 14:24:19,307][src.modRNN.training.training_loop][INFO] - train epoch 121 loss 0.6914 accuracy 56.25%
[2026-05-08 14:24:19,309][src.modRNN.training.training_loop][INFO] - 	 Starting Epoch: 122
[2026-05-08 14:24:20,029][src.modRNN.training.training_loop][INFO] - train epoch 122 loss 0.6993 accuracy 43.75%
[2026-05-08 14:24:20,031][src.modRNN.training.training_loop][INFO] - 	 Starting Epoch: 123
[2026-05-08 14:24:20,752][src.modRNN.training.training_loop][INFO] - train epoch 123 loss 0.6921 accuracy 54.69%
[2026-05-08 14:24:20,754][src.modRNN.training.training_loop][INFO] - 	 Starting Epoch: 124
[2026-05-08 14:24:21,476][src.modRNN.training.training_loop][INFO] - train epoch 124 loss 0.7055 accuracy 37.50%
[2026-05-08 14:24:21,478][src.modRNN.training.training_loop][INFO] - 	 Starting Epoch: 125
[2026-05-08 14:24:22,199][src.modRNN.training.training_loop][INFO] - train epoch 125 loss 0.6821 accuracy 56.25%
[2026-05-08 14:24:22,201][src.modRNN.training.training_loop][INFO] - 	 Starting Epoch: 126
[2026-05-08 14:24:22,921][src.modRNN.training.training_loop][INFO] - train epoch 126 loss 0.7015 accuracy 39.06%
[2026-05-08 14:24:24,048][src.modRNN.training.training_loop][INFO] - eval  epoch 126 loss 0.6915 accuracy 52.15%
[2026-05-08 14:24:24,050][src.modRNN.training.training_loop][INFO] - 	 Starting Epoch: 127
[2026-05-08 14:24:24,773][src.modRNN.training.training_loop][INFO] - train epoch 127 loss 0.6941 accuracy 45.31%
[2026-05-08 14:24:24,775][src.modRNN.training.training_loop][INFO] - 	 Starting Epoch: 128
[2026-05-08 14:24:25,495][src.modRNN.training.training_loop][INFO] - train epoch 128 loss 0.6875 accuracy 43.75%
[2026-05-08 14:24:25,497][src.modRNN.training.training_loop][INFO] - 	 Starting Epoch: 129
[2026-05-08 14:24:26,218][src.modRNN.training.training_loop][INFO] - train epoch 129 loss 0.6796 accuracy 51.56%
[2026-05-08 14:24:26,220][src.modRNN.training.training_loop][INFO] - 	 Starting Epoch: 130
[2026-05-08 14:24:26,942][src.modRNN.training.training_loop][INFO] - train epoch 130 loss 0.6671 accuracy 57.81%
[2026-05-08 14:24:26,944][src.modRNN.training.training_loop][INFO] - 	 Starting Epoch: 131
[2026-05-08 14:24:27,689][src.modRNN.training.training_loop][INFO] - train epoch 131 loss 0.6386 accuracy 67.19%
[2026-05-08 14:24:27,692][src.modRNN.training.training_loop][INFO] - 	 Starting Epoch: 132
[2026-05-08 14:24:28,429][src.modRNN.training.training_loop][INFO] - train epoch 132 loss 0.6129 accuracy 76.56%
[2026-05-08 14:24:28,431][src.modRNN.training.training_loop][INFO] - 	 Starting Epoch: 133
[2026-05-08 14:24:29,153][src.modRNN.training.training_loop][INFO] - train epoch 133 loss 0.6391 accuracy 68.75%
[2026-05-08 14:24:29,155][src.modRNN.training.training_loop][INFO] - 	 Starting Epoch: 134
[2026-05-08 14:24:29,876][src.modRNN.training.training_loop][INFO] - train epoch 134 loss 0.6180 accuracy 75.00%
[2026-05-08 14:24:29,878][src.modRNN.training.training_loop][INFO] - 	 Starting Epoch: 135
[2026-05-08 14:24:30,598][src.modRNN.training.training_loop][INFO] - train epoch 135 loss 0.6130 accuracy 70.31%
[2026-05-08 14:24:30,600][src.modRNN.training.training_loop][INFO] - 	 Starting Epoch: 136
[2026-05-08 14:24:31,321][src.modRNN.training.training_loop][INFO] - train epoch 136 loss 0.5932 accuracy 70.31%
[2026-05-08 14:24:31,322][src.modRNN.training.training_loop][INFO] - 	 Starting Epoch: 137
[2026-05-08 14:24:32,041][src.modRNN.training.training_loop][INFO] - train epoch 137 loss 0.5930 accuracy 71.88%
[2026-05-08 14:24:32,043][src.modRNN.training.training_loop][INFO] - 	 Starting Epoch: 138
[2026-05-08 14:24:32,763][src.modRNN.training.training_loop][INFO] - train epoch 138 loss 0.6014 accuracy 71.88%
[2026-05-08 14:24:32,764][src.modRNN.training.training_loop][INFO] - 	 Starting Epoch: 139
[2026-05-08 14:24:33,483][src.modRNN.training.training_loop][INFO] - train epoch 139 loss 0.6096 accuracy 64.06%
[2026-05-08 14:24:33,485][src.modRNN.training.training_loop][INFO] - 	 Starting Epoch: 140
[2026-05-08 14:24:34,204][src.modRNN.training.training_loop][INFO] - train epoch 140 loss 0.5895 accuracy 79.69%
[2026-05-08 14:24:34,206][src.modRNN.training.training_loop][INFO] - 	 Starting Epoch: 141
[2026-05-08 14:24:34,924][src.modRNN.training.training_loop][INFO] - train epoch 141 loss 0.5904 accuracy 78.12%
[2026-05-08 14:24:34,926][src.modRNN.training.training_loop][INFO] - 	 Starting Epoch: 142
[2026-05-08 14:24:35,645][src.modRNN.training.training_loop][INFO] - train epoch 142 loss 0.5797 accuracy 76.56%
[2026-05-08 14:24:35,646][src.modRNN.training.training_loop][INFO] - 	 Starting Epoch: 143
[2026-05-08 14:24:36,366][src.modRNN.training.training_loop][INFO] - train epoch 143 loss 0.5574 accuracy 75.00%
[2026-05-08 14:24:36,367][src.modRNN.training.training_loop][INFO] - 	 Starting Epoch: 144
[2026-05-08 14:24:37,089][src.modRNN.training.training_loop][INFO] - train epoch 144 loss 0.5818 accuracy 71.88%
[2026-05-08 14:24:37,090][src.modRNN.training.training_loop][INFO] - 	 Starting Epoch: 145
[2026-05-08 14:24:37,810][src.modRNN.training.training_loop][INFO] - train epoch 145 loss 0.5852 accuracy 70.31%
[2026-05-08 14:24:37,811][src.modRNN.training.training_loop][INFO] - 	 Starting Epoch: 146
[2026-05-08 14:24:38,531][src.modRNN.training.training_loop][INFO] - train epoch 146 loss 0.5525 accuracy 78.12%
[2026-05-08 14:24:38,532][src.modRNN.training.training_loop][INFO] - 	 Starting Epoch: 147
[2026-05-08 14:24:39,251][src.modRNN.training.training_loop][INFO] - train epoch 147 loss 0.5540 accuracy 78.12%
[2026-05-08 14:24:39,252][src.modRNN.training.training_loop][INFO] - 	 Starting Epoch: 148
[2026-05-08 14:24:39,972][src.modRNN.training.training_loop][INFO] - train epoch 148 loss 0.5714 accuracy 73.44%
[2026-05-08 14:24:39,974][src.modRNN.training.training_loop][INFO] - 	 Starting Epoch: 149
[2026-05-08 14:24:40,693][src.modRNN.training.training_loop][INFO] - train epoch 149 loss 0.5904 accuracy 73.44%
[2026-05-08 14:24:40,695][src.modRNN.training.training_loop][INFO] - 	 Starting Epoch: 150
[2026-05-08 14:24:41,414][src.modRNN.training.training_loop][INFO] - train epoch 150 loss 0.5630 accuracy 75.00%
[2026-05-08 14:24:41,415][src.modRNN.training.training_loop][INFO] - 	 Starting Epoch: 151
[2026-05-08 14:24:42,135][src.modRNN.training.training_loop][INFO] - train epoch 151 loss 0.5764 accuracy 71.88%
[2026-05-08 14:24:43,259][src.modRNN.training.training_loop][INFO] - eval  epoch 151 loss 0.5790 accuracy 73.44%
[2026-05-08 14:24:43,260][src.modRNN.training.training_loop][INFO] - 	 Starting Epoch: 152
[2026-05-08 14:24:43,978][src.modRNN.training.training_loop][INFO] - train epoch 152 loss 0.5879 accuracy 76.56%
[2026-05-08 14:24:43,980][src.modRNN.training.training_loop][INFO] - 	 Starting Epoch: 153
[2026-05-08 14:24:44,699][src.modRNN.training.training_loop][INFO] - train epoch 153 loss 0.6025 accuracy 68.75%
[2026-05-08 14:24:44,700][src.modRNN.training.training_loop][INFO] - 	 Starting Epoch: 154
[2026-05-08 14:24:45,418][src.modRNN.training.training_loop][INFO] - train epoch 154 loss 0.5589 accuracy 79.69%
[2026-05-08 14:24:45,420][src.modRNN.training.training_loop][INFO] - 	 Starting Epoch: 155
[2026-05-08 14:24:46,138][src.modRNN.training.training_loop][INFO] - train epoch 155 loss 0.5540 accuracy 71.88%
[2026-05-08 14:24:46,139][src.modRNN.training.training_loop][INFO] - 	 Starting Epoch: 156
[2026-05-08 14:24:46,856][src.modRNN.training.training_loop][INFO] - train epoch 156 loss 0.5364 accuracy 82.81%
[2026-05-08 14:24:46,858][src.modRNN.training.training_loop][INFO] - 	 Starting Epoch: 157
[2026-05-08 14:24:47,577][src.modRNN.training.training_loop][INFO] - train epoch 157 loss 0.6021 accuracy 60.94%
[2026-05-08 14:24:47,578][src.modRNN.training.training_loop][INFO] - 	 Starting Epoch: 158
[2026-05-08 14:24:48,299][src.modRNN.training.training_loop][INFO] - train epoch 158 loss 0.5436 accuracy 71.88%
[2026-05-08 14:24:48,301][src.modRNN.training.training_loop][INFO] - 	 Starting Epoch: 159
[2026-05-08 14:24:49,023][src.modRNN.training.training_loop][INFO] - train epoch 159 loss 0.5317 accuracy 76.56%
[2026-05-08 14:24:49,024][src.modRNN.training.training_loop][INFO] - 	 Starting Epoch: 160
[2026-05-08 14:24:49,743][src.modRNN.training.training_loop][INFO] - train epoch 160 loss 0.5515 accuracy 71.88%
[2026-05-08 14:24:49,745][src.modRNN.training.training_loop][INFO] - 	 Starting Epoch: 161
[2026-05-08 14:24:50,464][src.modRNN.training.training_loop][INFO] - train epoch 161 loss 0.5977 accuracy 70.31%
[2026-05-08 14:24:50,465][src.modRNN.training.training_loop][INFO] - 	 Starting Epoch: 162
[2026-05-08 14:24:51,184][src.modRNN.training.training_loop][INFO] - train epoch 162 loss 0.5860 accuracy 70.31%
[2026-05-08 14:24:51,186][src.modRNN.training.training_loop][INFO] - 	 Starting Epoch: 163
[2026-05-08 14:24:51,906][src.modRNN.training.training_loop][INFO] - train epoch 163 loss 0.5119 accuracy 81.25%
[2026-05-08 14:24:51,908][src.modRNN.training.training_loop][INFO] - 	 Starting Epoch: 164
[2026-05-08 14:24:52,626][src.modRNN.training.training_loop][INFO] - train epoch 164 loss 0.6015 accuracy 65.62%
[2026-05-08 14:24:52,628][src.modRNN.training.training_loop][INFO] - 	 Starting Epoch: 165
[2026-05-08 14:24:53,346][src.modRNN.training.training_loop][INFO] - train epoch 165 loss 0.5119 accuracy 81.25%
[2026-05-08 14:24:53,348][src.modRNN.training.training_loop][INFO] - 	 Starting Epoch: 166
[2026-05-08 14:24:54,066][src.modRNN.training.training_loop][INFO] - train epoch 166 loss 0.5645 accuracy 70.31%
[2026-05-08 14:24:54,068][src.modRNN.training.training_loop][INFO] - 	 Starting Epoch: 167
[2026-05-08 14:24:54,785][src.modRNN.training.training_loop][INFO] - train epoch 167 loss 0.5382 accuracy 75.00%
[2026-05-08 14:24:54,786][src.modRNN.training.training_loop][INFO] - 	 Starting Epoch: 168
[2026-05-08 14:24:55,503][src.modRNN.training.training_loop][INFO] - train epoch 168 loss 0.4970 accuracy 81.25%
[2026-05-08 14:24:55,504][src.modRNN.training.training_loop][INFO] - 	 Starting Epoch: 169
[2026-05-08 14:24:56,223][src.modRNN.training.training_loop][INFO] - train epoch 169 loss 0.6106 accuracy 59.38%
[2026-05-08 14:24:56,225][src.modRNN.training.training_loop][INFO] - 	 Starting Epoch: 170
[2026-05-08 14:24:56,943][src.modRNN.training.training_loop][INFO] - train epoch 170 loss 0.5137 accuracy 76.56%
[2026-05-08 14:24:56,945][src.modRNN.training.training_loop][INFO] - 	 Starting Epoch: 171
[2026-05-08 14:24:57,664][src.modRNN.training.training_loop][INFO] - train epoch 171 loss 0.5793 accuracy 65.62%
[2026-05-08 14:24:57,666][src.modRNN.training.training_loop][INFO] - 	 Starting Epoch: 172
[2026-05-08 14:24:58,383][src.modRNN.training.training_loop][INFO] - train epoch 172 loss 0.5177 accuracy 75.00%
[2026-05-08 14:24:58,385][src.modRNN.training.training_loop][INFO] - 	 Starting Epoch: 173
[2026-05-08 14:24:59,105][src.modRNN.training.training_loop][INFO] - train epoch 173 loss 0.5102 accuracy 76.56%
[2026-05-08 14:24:59,106][src.modRNN.training.training_loop][INFO] - 	 Starting Epoch: 174
[2026-05-08 14:24:59,824][src.modRNN.training.training_loop][INFO] - train epoch 174 loss 0.4876 accuracy 79.69%
[2026-05-08 14:24:59,825][src.modRNN.training.training_loop][INFO] - 	 Starting Epoch: 175
[2026-05-08 14:25:00,543][src.modRNN.training.training_loop][INFO] - train epoch 175 loss 0.5692 accuracy 64.06%
[2026-05-08 14:25:00,545][src.modRNN.training.training_loop][INFO] - 	 Starting Epoch: 176
[2026-05-08 14:25:01,267][src.modRNN.training.training_loop][INFO] - train epoch 176 loss 0.5569 accuracy 67.19%
[2026-05-08 14:25:02,390][src.modRNN.training.training_loop][INFO] - eval  epoch 176 loss 0.5194 accuracy 75.39%
[2026-05-08 14:25:02,391][src.modRNN.training.training_loop][INFO] - 	 Starting Epoch: 177
[2026-05-08 14:25:03,111][src.modRNN.training.training_loop][INFO] - train epoch 177 loss 0.5543 accuracy 65.62%
[2026-05-08 14:25:03,112][src.modRNN.training.training_loop][INFO] - 	 Starting Epoch: 178
[2026-05-08 14:25:03,831][src.modRNN.training.training_loop][INFO] - train epoch 178 loss 0.5101 accuracy 76.56%
[2026-05-08 14:25:03,833][src.modRNN.training.training_loop][INFO] - 	 Starting Epoch: 179
[2026-05-08 14:25:04,554][src.modRNN.training.training_loop][INFO] - train epoch 179 loss 0.5394 accuracy 73.44%
[2026-05-08 14:25:04,556][src.modRNN.training.training_loop][INFO] - 	 Starting Epoch: 180
[2026-05-08 14:25:05,277][src.modRNN.training.training_loop][INFO] - train epoch 180 loss 0.5208 accuracy 76.56%
[2026-05-08 14:25:05,278][src.modRNN.training.training_loop][INFO] - 	 Starting Epoch: 181
[2026-05-08 14:25:06,000][src.modRNN.training.training_loop][INFO] - train epoch 181 loss 0.5631 accuracy 64.06%
[2026-05-08 14:25:06,002][src.modRNN.training.training_loop][INFO] - 	 Starting Epoch: 182
[2026-05-08 14:25:06,723][src.modRNN.training.training_loop][INFO] - train epoch 182 loss 0.5452 accuracy 68.75%
[2026-05-08 14:25:06,725][src.modRNN.training.training_loop][INFO] - 	 Starting Epoch: 183
[2026-05-08 14:25:07,446][src.modRNN.training.training_loop][INFO] - train epoch 183 loss 0.5221 accuracy 71.88%
[2026-05-08 14:25:07,447][src.modRNN.training.training_loop][INFO] - 	 Starting Epoch: 184
[2026-05-08 14:25:08,169][src.modRNN.training.training_loop][INFO] - train epoch 184 loss 0.5576 accuracy 71.88%
[2026-05-08 14:25:08,171][src.modRNN.training.training_loop][INFO] - 	 Starting Epoch: 185
[2026-05-08 14:25:08,891][src.modRNN.training.training_loop][INFO] - train epoch 185 loss 0.4761 accuracy 81.25%
[2026-05-08 14:25:08,893][src.modRNN.training.training_loop][INFO] - 	 Starting Epoch: 186
[2026-05-08 14:25:09,613][src.modRNN.training.training_loop][INFO] - train epoch 186 loss 0.5339 accuracy 71.88%
[2026-05-08 14:25:09,615][src.modRNN.training.training_loop][INFO] - 	 Starting Epoch: 187
[2026-05-08 14:25:10,336][src.modRNN.training.training_loop][INFO] - train epoch 187 loss 0.4938 accuracy 78.12%
[2026-05-08 14:25:10,337][src.modRNN.training.training_loop][INFO] - 	 Starting Epoch: 188
[2026-05-08 14:25:11,056][src.modRNN.training.training_loop][INFO] - train epoch 188 loss 0.5295 accuracy 70.31%
[2026-05-08 14:25:11,058][src.modRNN.training.training_loop][INFO] - 	 Starting Epoch: 189
[2026-05-08 14:25:11,777][src.modRNN.training.training_loop][INFO] - train epoch 189 loss 0.4780 accuracy 79.69%
[2026-05-08 14:25:11,779][src.modRNN.training.training_loop][INFO] - 	 Starting Epoch: 190
[2026-05-08 14:25:12,500][src.modRNN.training.training_loop][INFO] - train epoch 190 loss 0.4819 accuracy 78.12%
[2026-05-08 14:25:12,501][src.modRNN.training.training_loop][INFO] - 	 Starting Epoch: 191
[2026-05-08 14:25:13,224][src.modRNN.training.training_loop][INFO] - train epoch 191 loss 0.5218 accuracy 71.88%
[2026-05-08 14:25:13,226][src.modRNN.training.training_loop][INFO] - 	 Starting Epoch: 192
[2026-05-08 14:25:13,946][src.modRNN.training.training_loop][INFO] - train epoch 192 loss 0.5046 accuracy 71.88%
[2026-05-08 14:25:13,948][src.modRNN.training.training_loop][INFO] - 	 Starting Epoch: 193
[2026-05-08 14:25:14,668][src.modRNN.training.training_loop][INFO] - train epoch 193 loss 0.5310 accuracy 70.31%
[2026-05-08 14:25:14,670][src.modRNN.training.training_loop][INFO] - 	 Starting Epoch: 194
[2026-05-08 14:25:15,391][src.modRNN.training.training_loop][INFO] - train epoch 194 loss 0.5547 accuracy 70.31%
[2026-05-08 14:25:15,393][src.modRNN.training.training_loop][INFO] - 	 Starting Epoch: 195
[2026-05-08 14:25:16,113][src.modRNN.training.training_loop][INFO] - train epoch 195 loss 0.4903 accuracy 78.12%
[2026-05-08 14:25:16,115][src.modRNN.training.training_loop][INFO] - 	 Starting Epoch: 196
[2026-05-08 14:25:16,835][src.modRNN.training.training_loop][INFO] - train epoch 196 loss 0.5015 accuracy 76.56%
[2026-05-08 14:25:16,837][src.modRNN.training.training_loop][INFO] - 	 Starting Epoch: 197
[2026-05-08 14:25:17,559][src.modRNN.training.training_loop][INFO] - train epoch 197 loss 0.5200 accuracy 73.44%
[2026-05-08 14:25:17,560][src.modRNN.training.training_loop][INFO] - 	 Starting Epoch: 198
[2026-05-08 14:25:18,281][src.modRNN.training.training_loop][INFO] - train epoch 198 loss 0.5130 accuracy 76.56%
[2026-05-08 14:25:18,283][src.modRNN.training.training_loop][INFO] - 	 Starting Epoch: 199
[2026-05-08 14:25:19,003][src.modRNN.training.training_loop][INFO] - train epoch 199 loss 0.5181 accuracy 68.75%
[2026-05-08 14:25:19,005][src.modRNN.training.training_loop][INFO] - 	 Starting Epoch: 200
[2026-05-08 14:25:19,727][src.modRNN.training.training_loop][INFO] - train epoch 200 loss 0.5176 accuracy 70.31%
[2026-05-08 14:25:19,729][src.modRNN.training.training_loop][INFO] - 	 Starting Epoch: 201
[2026-05-08 14:25:20,451][src.modRNN.training.training_loop][INFO] - train epoch 201 loss 0.5410 accuracy 70.31%
[2026-05-08 14:25:21,571][src.modRNN.training.training_loop][INFO] - eval  epoch 201 loss 0.5295 accuracy 72.85%
[2026-05-08 14:25:21,573][src.modRNN.training.training_loop][INFO] - 	 Starting Epoch: 202
[2026-05-08 14:25:22,292][src.modRNN.training.training_loop][INFO] - train epoch 202 loss 0.5158 accuracy 71.88%
[2026-05-08 14:25:22,293][src.modRNN.training.training_loop][INFO] - 	 Starting Epoch: 203
[2026-05-08 14:25:23,014][src.modRNN.training.training_loop][INFO] - train epoch 203 loss 0.5212 accuracy 64.06%
[2026-05-08 14:25:23,016][src.modRNN.training.training_loop][INFO] - 	 Starting Epoch: 204
[2026-05-08 14:25:23,737][src.modRNN.training.training_loop][INFO] - train epoch 204 loss 0.6066 accuracy 56.25%
[2026-05-08 14:25:23,739][src.modRNN.training.training_loop][INFO] - 	 Starting Epoch: 205
[2026-05-08 14:25:24,458][src.modRNN.training.training_loop][INFO] - train epoch 205 loss 0.5243 accuracy 76.56%
[2026-05-08 14:25:24,459][src.modRNN.training.training_loop][INFO] - 	 Starting Epoch: 206
[2026-05-08 14:25:25,179][src.modRNN.training.training_loop][INFO] - train epoch 206 loss 0.5776 accuracy 70.31%
[2026-05-08 14:25:25,181][src.modRNN.training.training_loop][INFO] - 	 Starting Epoch: 207
[2026-05-08 14:25:25,901][src.modRNN.training.training_loop][INFO] - train epoch 207 loss 0.6223 accuracy 71.88%
[2026-05-08 14:25:25,903][src.modRNN.training.training_loop][INFO] - 	 Starting Epoch: 208
[2026-05-08 14:25:26,621][src.modRNN.training.training_loop][INFO] - train epoch 208 loss 0.4947 accuracy 76.56%
[2026-05-08 14:25:26,623][src.modRNN.training.training_loop][INFO] - 	 Starting Epoch: 209
[2026-05-08 14:25:27,353][src.modRNN.training.training_loop][INFO] - train epoch 209 loss 0.6504 accuracy 62.50%
[2026-05-08 14:25:27,355][src.modRNN.training.training_loop][INFO] - 	 Starting Epoch: 210
[2026-05-08 14:25:28,110][src.modRNN.training.training_loop][INFO] - train epoch 210 loss 0.6114 accuracy 64.06%
[2026-05-08 14:25:28,112][src.modRNN.training.training_loop][INFO] - 	 Starting Epoch: 211
[2026-05-08 14:25:28,831][src.modRNN.training.training_loop][INFO] - train epoch 211 loss 0.6517 accuracy 57.81%
[2026-05-08 14:25:28,832][src.modRNN.training.training_loop][INFO] - 	 Starting Epoch: 212
[2026-05-08 14:25:29,552][src.modRNN.training.training_loop][INFO] - train epoch 212 loss 0.7234 accuracy 64.06%
[2026-05-08 14:25:29,553][src.modRNN.training.training_loop][INFO] - 	 Starting Epoch: 213
[2026-05-08 14:25:30,272][src.modRNN.training.training_loop][INFO] - train epoch 213 loss 0.8392 accuracy 43.75%
[2026-05-08 14:25:30,274][src.modRNN.training.training_loop][INFO] - 	 Starting Epoch: 214
[2026-05-08 14:25:30,993][src.modRNN.training.training_loop][INFO] - train epoch 214 loss 0.7501 accuracy 53.12%
[2026-05-08 14:25:30,995][src.modRNN.training.training_loop][INFO] - 	 Starting Epoch: 215
[2026-05-08 14:25:31,714][src.modRNN.training.training_loop][INFO] - train epoch 215 loss 0.7505 accuracy 59.38%
[2026-05-08 14:25:31,716][src.modRNN.training.training_loop][INFO] - 	 Starting Epoch: 216
[2026-05-08 14:25:32,436][src.modRNN.training.training_loop][INFO] - train epoch 216 loss 0.8060 accuracy 50.00%
[2026-05-08 14:25:32,438][src.modRNN.training.training_loop][INFO] - 	 Starting Epoch: 217
[2026-05-08 14:25:33,155][src.modRNN.training.training_loop][INFO] - train epoch 217 loss 0.7885 accuracy 48.44%
[2026-05-08 14:25:33,156][src.modRNN.training.training_loop][INFO] - 	 Starting Epoch: 218
[2026-05-08 14:25:33,873][src.modRNN.training.training_loop][INFO] - train epoch 218 loss 0.7207 accuracy 54.69%
[2026-05-08 14:25:33,875][src.modRNN.training.training_loop][INFO] - 	 Starting Epoch: 219
[2026-05-08 14:25:34,594][src.modRNN.training.training_loop][INFO] - train epoch 219 loss 0.7354 accuracy 56.25%
[2026-05-08 14:25:34,596][src.modRNN.training.training_loop][INFO] - 	 Starting Epoch: 220
[2026-05-08 14:25:35,315][src.modRNN.training.training_loop][INFO] - train epoch 220 loss 0.7465 accuracy 50.00%
[2026-05-08 14:25:35,317][src.modRNN.training.training_loop][INFO] - 	 Starting Epoch: 221
[2026-05-08 14:25:36,037][src.modRNN.training.training_loop][INFO] - train epoch 221 loss 0.7477 accuracy 48.44%
[2026-05-08 14:25:36,040][src.modRNN.training.training_loop][INFO] - 	 Starting Epoch: 222
[2026-05-08 14:25:36,760][src.modRNN.training.training_loop][INFO] - train epoch 222 loss 0.6608 accuracy 59.38%
[2026-05-08 14:25:36,762][src.modRNN.training.training_loop][INFO] - 	 Starting Epoch: 223
[2026-05-08 14:25:37,484][src.modRNN.training.training_loop][INFO] - train epoch 223 loss 0.7222 accuracy 51.56%
[2026-05-08 14:25:37,486][src.modRNN.training.training_loop][INFO] - 	 Starting Epoch: 224
[2026-05-08 14:25:38,207][src.modRNN.training.training_loop][INFO] - train epoch 224 loss 0.7390 accuracy 48.44%
[2026-05-08 14:25:38,208][src.modRNN.training.training_loop][INFO] - 	 Starting Epoch: 225
[2026-05-08 14:25:38,927][src.modRNN.training.training_loop][INFO] - train epoch 225 loss 0.7300 accuracy 45.31%
[2026-05-08 14:25:38,929][src.modRNN.training.training_loop][INFO] - 	 Starting Epoch: 226
[2026-05-08 14:25:39,648][src.modRNN.training.training_loop][INFO] - train epoch 226 loss 0.7095 accuracy 46.88%
[2026-05-08 14:25:40,773][src.modRNN.training.training_loop][INFO] - eval  epoch 226 loss 0.6776 accuracy 55.86%
[2026-05-08 14:25:40,775][src.modRNN.training.training_loop][INFO] - 	 Starting Epoch: 227
[2026-05-08 14:25:41,494][src.modRNN.training.training_loop][INFO] - train epoch 227 loss 0.7016 accuracy 53.12%
[2026-05-08 14:25:41,496][src.modRNN.training.training_loop][INFO] - 	 Starting Epoch: 228
[2026-05-08 14:25:42,217][src.modRNN.training.training_loop][INFO] - train epoch 228 loss 0.6701 accuracy 53.12%
[2026-05-08 14:25:42,218][src.modRNN.training.training_loop][INFO] - 	 Starting Epoch: 229
[2026-05-08 14:25:42,942][src.modRNN.training.training_loop][INFO] - train epoch 229 loss 0.6715 accuracy 54.69%
[2026-05-08 14:25:42,944][src.modRNN.training.training_loop][INFO] - 	 Starting Epoch: 230
[2026-05-08 14:25:43,665][src.modRNN.training.training_loop][INFO] - train epoch 230 loss 0.6833 accuracy 53.12%
[2026-05-08 14:25:43,667][src.modRNN.training.training_loop][INFO] - 	 Starting Epoch: 231
[2026-05-08 14:25:44,388][src.modRNN.training.training_loop][INFO] - train epoch 231 loss 0.6620 accuracy 59.38%
[2026-05-08 14:25:44,390][src.modRNN.training.training_loop][INFO] - 	 Starting Epoch: 232
[2026-05-08 14:25:45,113][src.modRNN.training.training_loop][INFO] - train epoch 232 loss 0.6520 accuracy 56.25%
[2026-05-08 14:25:45,114][src.modRNN.training.training_loop][INFO] - 	 Starting Epoch: 233
[2026-05-08 14:25:45,836][src.modRNN.training.training_loop][INFO] - train epoch 233 loss 0.6589 accuracy 67.19%
[2026-05-08 14:25:45,838][src.modRNN.training.training_loop][INFO] - 	 Starting Epoch: 234
[2026-05-08 14:25:46,559][src.modRNN.training.training_loop][INFO] - train epoch 234 loss 0.6679 accuracy 59.38%
[2026-05-08 14:25:46,560][src.modRNN.training.training_loop][INFO] - 	 Starting Epoch: 235
[2026-05-08 14:25:47,283][src.modRNN.training.training_loop][INFO] - train epoch 235 loss 0.6264 accuracy 60.94%
[2026-05-08 14:25:47,284][src.modRNN.training.training_loop][INFO] - 	 Starting Epoch: 236
[2026-05-08 14:25:48,006][src.modRNN.training.training_loop][INFO] - train epoch 236 loss 0.6550 accuracy 65.62%
[2026-05-08 14:25:48,007][src.modRNN.training.training_loop][INFO] - 	 Starting Epoch: 237
[2026-05-08 14:25:48,727][src.modRNN.training.training_loop][INFO] - train epoch 237 loss 0.6089 accuracy 76.56%
[2026-05-08 14:25:48,729][src.modRNN.training.training_loop][INFO] - 	 Starting Epoch: 238
[2026-05-08 14:25:49,450][src.modRNN.training.training_loop][INFO] - train epoch 238 loss 0.6712 accuracy 59.38%
[2026-05-08 14:25:49,451][src.modRNN.training.training_loop][INFO] - 	 Starting Epoch: 239
[2026-05-08 14:25:50,171][src.modRNN.training.training_loop][INFO] - train epoch 239 loss 0.6347 accuracy 62.50%
[2026-05-08 14:25:50,172][src.modRNN.training.training_loop][INFO] - 	 Starting Epoch: 240
[2026-05-08 14:25:50,891][src.modRNN.training.training_loop][INFO] - train epoch 240 loss 0.6087 accuracy 62.50%
[2026-05-08 14:25:50,893][src.modRNN.training.training_loop][INFO] - 	 Starting Epoch: 241
[2026-05-08 14:25:51,611][src.modRNN.training.training_loop][INFO] - train epoch 241 loss 0.6401 accuracy 65.62%
[2026-05-08 14:25:51,613][src.modRNN.training.training_loop][INFO] - 	 Starting Epoch: 242
[2026-05-08 14:25:52,332][src.modRNN.training.training_loop][INFO] - train epoch 242 loss 0.5848 accuracy 71.88%
[2026-05-08 14:25:52,334][src.modRNN.training.training_loop][INFO] - 	 Starting Epoch: 243
[2026-05-08 14:25:53,054][src.modRNN.training.training_loop][INFO] - train epoch 243 loss 0.6262 accuracy 64.06%
[2026-05-08 14:25:53,055][src.modRNN.training.training_loop][INFO] - 	 Starting Epoch: 244
[2026-05-08 14:25:53,774][src.modRNN.training.training_loop][INFO] - train epoch 244 loss 0.5951 accuracy 67.19%
[2026-05-08 14:25:53,776][src.modRNN.training.training_loop][INFO] - 	 Starting Epoch: 245
[2026-05-08 14:25:54,496][src.modRNN.training.training_loop][INFO] - train epoch 245 loss 0.5919 accuracy 67.19%
[2026-05-08 14:25:54,498][src.modRNN.training.training_loop][INFO] - 	 Starting Epoch: 246
[2026-05-08 14:25:55,216][src.modRNN.training.training_loop][INFO] - train epoch 246 loss 0.5628 accuracy 73.44%
[2026-05-08 14:25:55,218][src.modRNN.training.training_loop][INFO] - 	 Starting Epoch: 247
[2026-05-08 14:25:55,938][src.modRNN.training.training_loop][INFO] - train epoch 247 loss 0.5804 accuracy 67.19%
[2026-05-08 14:25:55,940][src.modRNN.training.training_loop][INFO] - 	 Starting Epoch: 248
[2026-05-08 14:25:56,659][src.modRNN.training.training_loop][INFO] - train epoch 248 loss 0.6968 accuracy 50.00%
[2026-05-08 14:25:56,661][src.modRNN.training.training_loop][INFO] - 	 Starting Epoch: 249
[2026-05-08 14:25:57,381][src.modRNN.training.training_loop][INFO] - train epoch 249 loss 0.6545 accuracy 62.50%
[2026-05-08 14:25:57,383][src.modRNN.training.training_loop][INFO] - 	 Starting Epoch: 250
[2026-05-08 14:25:58,102][src.modRNN.training.training_loop][INFO] - train epoch 250 loss 0.5948 accuracy 71.88%
[2026-05-08 14:25:58,104][src.modRNN.training.training_loop][INFO] - 	 Starting Epoch: 251
[2026-05-08 14:25:58,824][src.modRNN.training.training_loop][INFO] - train epoch 251 loss 0.5700 accuracy 70.31%
[2026-05-08 14:25:59,946][src.modRNN.training.training_loop][INFO] - eval  epoch 251 loss 0.5823 accuracy 70.70%
[2026-05-08 14:25:59,948][src.modRNN.training.training_loop][INFO] - 	 Starting Epoch: 252
[2026-05-08 14:26:00,665][src.modRNN.training.training_loop][INFO] - train epoch 252 loss 0.5973 accuracy 70.31%
[2026-05-08 14:26:00,666][src.modRNN.training.training_loop][INFO] - 	 Starting Epoch: 253
[2026-05-08 14:26:01,384][src.modRNN.training.training_loop][INFO] - train epoch 253 loss 0.5515 accuracy 67.19%
[2026-05-08 14:26:01,386][src.modRNN.training.training_loop][INFO] - 	 Starting Epoch: 254
[2026-05-08 14:26:02,108][src.modRNN.training.training_loop][INFO] - train epoch 254 loss 0.5422 accuracy 71.88%
[2026-05-08 14:26:02,126][src.modRNN.training.training_loop][INFO] - 	 Starting Epoch: 255
[2026-05-08 14:26:02,856][src.modRNN.training.training_loop][INFO] - train epoch 255 loss 0.5369 accuracy 68.75%
[2026-05-08 14:26:02,858][src.modRNN.training.training_loop][INFO] - 	 Starting Epoch: 256
[2026-05-08 14:26:03,578][src.modRNN.training.training_loop][INFO] - train epoch 256 loss 0.4921 accuracy 78.12%
[2026-05-08 14:26:03,580][src.modRNN.training.training_loop][INFO] - 	 Starting Epoch: 257
[2026-05-08 14:26:04,299][src.modRNN.training.training_loop][INFO] - train epoch 257 loss 0.5359 accuracy 70.31%
[2026-05-08 14:26:04,301][src.modRNN.training.training_loop][INFO] - 	 Starting Epoch: 258
[2026-05-08 14:26:05,022][src.modRNN.training.training_loop][INFO] - train epoch 258 loss 0.5122 accuracy 76.56%
[2026-05-08 14:26:05,024][src.modRNN.training.training_loop][INFO] - 	 Starting Epoch: 259
[2026-05-08 14:26:05,745][src.modRNN.training.training_loop][INFO] - train epoch 259 loss 0.5004 accuracy 82.81%
[2026-05-08 14:26:05,747][src.modRNN.training.training_loop][INFO] - 	 Starting Epoch: 260
[2026-05-08 14:26:06,466][src.modRNN.training.training_loop][INFO] - train epoch 260 loss 0.5371 accuracy 76.56%
[2026-05-08 14:26:06,468][src.modRNN.training.training_loop][INFO] - 	 Starting Epoch: 261
[2026-05-08 14:26:07,187][src.modRNN.training.training_loop][INFO] - train epoch 261 loss 0.5046 accuracy 81.25%
[2026-05-08 14:26:07,188][src.modRNN.training.training_loop][INFO] - 	 Starting Epoch: 262
[2026-05-08 14:26:07,906][src.modRNN.training.training_loop][INFO] - train epoch 262 loss 0.5300 accuracy 75.00%
[2026-05-08 14:26:07,908][src.modRNN.training.training_loop][INFO] - 	 Starting Epoch: 263
[2026-05-08 14:26:08,627][src.modRNN.training.training_loop][INFO] - train epoch 263 loss 0.4849 accuracy 82.81%
[2026-05-08 14:26:08,629][src.modRNN.training.training_loop][INFO] - 	 Starting Epoch: 264
[2026-05-08 14:26:09,349][src.modRNN.training.training_loop][INFO] - train epoch 264 loss 0.4784 accuracy 84.38%
[2026-05-08 14:26:09,350][src.modRNN.training.training_loop][INFO] - 	 Starting Epoch: 265
[2026-05-08 14:26:10,071][src.modRNN.training.training_loop][INFO] - train epoch 265 loss 0.4879 accuracy 79.69%
[2026-05-08 14:26:10,072][src.modRNN.training.training_loop][INFO] - 	 Starting Epoch: 266
[2026-05-08 14:26:10,792][src.modRNN.training.training_loop][INFO] - train epoch 266 loss 0.4883 accuracy 76.56%
[2026-05-08 14:26:10,794][src.modRNN.training.training_loop][INFO] - 	 Starting Epoch: 267
[2026-05-08 14:26:11,514][src.modRNN.training.training_loop][INFO] - train epoch 267 loss 0.4866 accuracy 82.81%
[2026-05-08 14:26:11,516][src.modRNN.training.training_loop][INFO] - 	 Starting Epoch: 268
[2026-05-08 14:26:12,235][src.modRNN.training.training_loop][INFO] - train epoch 268 loss 0.4910 accuracy 78.12%
[2026-05-08 14:26:12,237][src.modRNN.training.training_loop][INFO] - 	 Starting Epoch: 269
[2026-05-08 14:26:12,957][src.modRNN.training.training_loop][INFO] - train epoch 269 loss 0.4976 accuracy 82.81%
[2026-05-08 14:26:12,958][src.modRNN.training.training_loop][INFO] - 	 Starting Epoch: 270
[2026-05-08 14:26:13,677][src.modRNN.training.training_loop][INFO] - train epoch 270 loss 0.5046 accuracy 78.12%
[2026-05-08 14:26:13,679][src.modRNN.training.training_loop][INFO] - 	 Starting Epoch: 271
[2026-05-08 14:26:14,399][src.modRNN.training.training_loop][INFO] - train epoch 271 loss 0.5023 accuracy 79.69%
[2026-05-08 14:26:14,401][src.modRNN.training.training_loop][INFO] - 	 Starting Epoch: 272
[2026-05-08 14:26:15,120][src.modRNN.training.training_loop][INFO] - train epoch 272 loss 0.4975 accuracy 79.69%
[2026-05-08 14:26:15,122][src.modRNN.training.training_loop][INFO] - 	 Starting Epoch: 273
[2026-05-08 14:26:15,840][src.modRNN.training.training_loop][INFO] - train epoch 273 loss 0.4811 accuracy 82.81%
[2026-05-08 14:26:15,842][src.modRNN.training.training_loop][INFO] - 	 Starting Epoch: 274
[2026-05-08 14:26:16,561][src.modRNN.training.training_loop][INFO] - train epoch 274 loss 0.4469 accuracy 89.06%
[2026-05-08 14:26:16,563][src.modRNN.training.training_loop][INFO] - 	 Starting Epoch: 275
[2026-05-08 14:26:17,282][src.modRNN.training.training_loop][INFO] - train epoch 275 loss 0.4541 accuracy 87.50%
[2026-05-08 14:26:17,284][src.modRNN.training.training_loop][INFO] - 	 Starting Epoch: 276
[2026-05-08 14:26:18,006][src.modRNN.training.training_loop][INFO] - train epoch 276 loss 0.5245 accuracy 81.25%
[2026-05-08 14:26:19,131][src.modRNN.training.training_loop][INFO] - eval  epoch 276 loss 0.4799 accuracy 85.94%
[2026-05-08 14:26:19,132][src.modRNN.training.training_loop][INFO] - 	 Starting Epoch: 277
[2026-05-08 14:26:19,853][src.modRNN.training.training_loop][INFO] - train epoch 277 loss 0.4426 accuracy 81.25%
[2026-05-08 14:26:19,855][src.modRNN.training.training_loop][INFO] - 	 Starting Epoch: 278
[2026-05-08 14:26:20,577][src.modRNN.training.training_loop][INFO] - train epoch 278 loss 0.4776 accuracy 79.69%
[2026-05-08 14:26:20,578][src.modRNN.training.training_loop][INFO] - 	 Starting Epoch: 279
[2026-05-08 14:26:21,300][src.modRNN.training.training_loop][INFO] - train epoch 279 loss 0.5212 accuracy 87.50%
[2026-05-08 14:26:21,301][src.modRNN.training.training_loop][INFO] - 	 Starting Epoch: 280
[2026-05-08 14:26:22,022][src.modRNN.training.training_loop][INFO] - train epoch 280 loss 0.4367 accuracy 93.75%
[2026-05-08 14:26:22,024][src.modRNN.training.training_loop][INFO] - 	 Starting Epoch: 281
[2026-05-08 14:26:22,745][src.modRNN.training.training_loop][INFO] - train epoch 281 loss 0.4539 accuracy 90.62%
[2026-05-08 14:26:22,746][src.modRNN.training.training_loop][INFO] - 	 Starting Epoch: 282
[2026-05-08 14:26:23,468][src.modRNN.training.training_loop][INFO] - train epoch 282 loss 0.4912 accuracy 79.69%
[2026-05-08 14:26:23,469][src.modRNN.training.training_loop][INFO] - 	 Starting Epoch: 283
[2026-05-08 14:26:24,192][src.modRNN.training.training_loop][INFO] - train epoch 283 loss 0.4364 accuracy 89.06%
[2026-05-08 14:26:24,193][src.modRNN.training.training_loop][INFO] - 	 Starting Epoch: 284
[2026-05-08 14:26:24,914][src.modRNN.training.training_loop][INFO] - train epoch 284 loss 0.4356 accuracy 89.06%
[2026-05-08 14:26:24,915][src.modRNN.training.training_loop][INFO] - 	 Starting Epoch: 285
[2026-05-08 14:26:25,637][src.modRNN.training.training_loop][INFO] - train epoch 285 loss 0.4613 accuracy 81.25%
[2026-05-08 14:26:25,639][src.modRNN.training.training_loop][INFO] - 	 Starting Epoch: 286
[2026-05-08 14:26:26,359][src.modRNN.training.training_loop][INFO] - train epoch 286 loss 0.5033 accuracy 84.38%
[2026-05-08 14:26:26,361][src.modRNN.training.training_loop][INFO] - 	 Starting Epoch: 287
[2026-05-08 14:26:27,084][src.modRNN.training.training_loop][INFO] - train epoch 287 loss 0.4742 accuracy 81.25%
[2026-05-08 14:26:27,086][src.modRNN.training.training_loop][INFO] - 	 Starting Epoch: 288
[2026-05-08 14:26:27,843][src.modRNN.training.training_loop][INFO] - train epoch 288 loss 0.4624 accuracy 90.62%
[2026-05-08 14:26:27,844][src.modRNN.training.training_loop][INFO] - 	 Starting Epoch: 289
[2026-05-08 14:26:28,565][src.modRNN.training.training_loop][INFO] - train epoch 289 loss 0.4805 accuracy 89.06%
[2026-05-08 14:26:28,567][src.modRNN.training.training_loop][INFO] - 	 Starting Epoch: 290
[2026-05-08 14:26:29,288][src.modRNN.training.training_loop][INFO] - train epoch 290 loss 0.4351 accuracy 89.06%
[2026-05-08 14:26:29,290][src.modRNN.training.training_loop][INFO] - 	 Starting Epoch: 291
[2026-05-08 14:26:30,009][src.modRNN.training.training_loop][INFO] - train epoch 291 loss 0.5039 accuracy 84.38%
[2026-05-08 14:26:30,010][src.modRNN.training.training_loop][INFO] - 	 Starting Epoch: 292
[2026-05-08 14:26:30,733][src.modRNN.training.training_loop][INFO] - train epoch 292 loss 0.4868 accuracy 85.94%
[2026-05-08 14:26:30,735][src.modRNN.training.training_loop][INFO] - 	 Starting Epoch: 293
[2026-05-08 14:26:31,455][src.modRNN.training.training_loop][INFO] - train epoch 293 loss 0.5514 accuracy 78.12%
[2026-05-08 14:26:31,457][src.modRNN.training.training_loop][INFO] - 	 Starting Epoch: 294
[2026-05-08 14:26:32,176][src.modRNN.training.training_loop][INFO] - train epoch 294 loss 0.4677 accuracy 85.94%
[2026-05-08 14:26:32,178][src.modRNN.training.training_loop][INFO] - 	 Starting Epoch: 295
[2026-05-08 14:26:32,897][src.modRNN.training.training_loop][INFO] - train epoch 295 loss 0.4269 accuracy 85.94%
[2026-05-08 14:26:32,899][src.modRNN.training.training_loop][INFO] - 	 Starting Epoch: 296
[2026-05-08 14:26:33,618][src.modRNN.training.training_loop][INFO] - train epoch 296 loss 0.4754 accuracy 81.25%
[2026-05-08 14:26:33,620][src.modRNN.training.training_loop][INFO] - 	 Starting Epoch: 297
[2026-05-08 14:26:34,338][src.modRNN.training.training_loop][INFO] - train epoch 297 loss 0.4442 accuracy 82.81%
[2026-05-08 14:26:34,340][src.modRNN.training.training_loop][INFO] - 	 Starting Epoch: 298
[2026-05-08 14:26:35,059][src.modRNN.training.training_loop][INFO] - train epoch 298 loss 0.4899 accuracy 89.06%
[2026-05-08 14:26:35,060][src.modRNN.training.training_loop][INFO] - 	 Starting Epoch: 299
[2026-05-08 14:26:35,780][src.modRNN.training.training_loop][INFO] - train epoch 299 loss 0.4378 accuracy 89.06%
[2026-05-08 14:26:35,781][src.modRNN.training.training_loop][INFO] - 	 Starting Epoch: 300
[2026-05-08 14:26:36,500][src.modRNN.training.training_loop][INFO] - train epoch 300 loss 0.4541 accuracy 85.94%
[2026-05-08 14:26:36,502][src.modRNN.training.training_loop][INFO] - 	 Starting Epoch: 301
[2026-05-08 14:26:37,220][src.modRNN.training.training_loop][INFO] - train epoch 301 loss 0.4854 accuracy 82.81%
[2026-05-08 14:26:38,339][src.modRNN.training.training_loop][INFO] - eval  epoch 301 loss 0.4916 accuracy 80.47%
[2026-05-08 14:26:38,341][src.modRNN.training.training_loop][INFO] - 	 Starting Epoch: 302
[2026-05-08 14:26:39,063][src.modRNN.training.training_loop][INFO] - train epoch 302 loss 0.4327 accuracy 90.62%
[2026-05-08 14:26:39,064][src.modRNN.training.training_loop][INFO] - 	 Starting Epoch: 303
[2026-05-08 14:26:39,787][src.modRNN.training.training_loop][INFO] - train epoch 303 loss 0.5476 accuracy 73.44%
[2026-05-08 14:26:39,788][src.modRNN.training.training_loop][INFO] - 	 Starting Epoch: 304
[2026-05-08 14:26:40,508][src.modRNN.training.training_loop][INFO] - train epoch 304 loss 0.5544 accuracy 76.56%
[2026-05-08 14:26:40,510][src.modRNN.training.training_loop][INFO] - 	 Starting Epoch: 305
[2026-05-08 14:26:41,228][src.modRNN.training.training_loop][INFO] - train epoch 305 loss 0.5371 accuracy 81.25%
[2026-05-08 14:26:41,230][src.modRNN.training.training_loop][INFO] - 	 Starting Epoch: 306
[2026-05-08 14:26:41,946][src.modRNN.training.training_loop][INFO] - train epoch 306 loss 0.5643 accuracy 76.56%
[2026-05-08 14:26:41,948][src.modRNN.training.training_loop][INFO] - 	 Starting Epoch: 307
[2026-05-08 14:26:42,666][src.modRNN.training.training_loop][INFO] - train epoch 307 loss 0.6075 accuracy 75.00%
[2026-05-08 14:26:42,667][src.modRNN.training.training_loop][INFO] - 	 Starting Epoch: 308
[2026-05-08 14:26:43,386][src.modRNN.training.training_loop][INFO] - train epoch 308 loss 0.5865 accuracy 75.00%
[2026-05-08 14:26:43,387][src.modRNN.training.training_loop][INFO] - 	 Starting Epoch: 309
[2026-05-08 14:26:44,106][src.modRNN.training.training_loop][INFO] - train epoch 309 loss 0.8172 accuracy 50.00%
[2026-05-08 14:26:44,108][src.modRNN.training.training_loop][INFO] - 	 Starting Epoch: 310
[2026-05-08 14:26:44,827][src.modRNN.training.training_loop][INFO] - train epoch 310 loss 0.7317 accuracy 60.94%
[2026-05-08 14:26:44,829][src.modRNN.training.training_loop][INFO] - 	 Starting Epoch: 311
[2026-05-08 14:26:45,548][src.modRNN.training.training_loop][INFO] - train epoch 311 loss 0.7233 accuracy 60.94%
[2026-05-08 14:26:45,550][src.modRNN.training.training_loop][INFO] - 	 Starting Epoch: 312
[2026-05-08 14:26:46,270][src.modRNN.training.training_loop][INFO] - train epoch 312 loss 0.7023 accuracy 60.94%
[2026-05-08 14:26:46,272][src.modRNN.training.training_loop][INFO] - 	 Starting Epoch: 313
[2026-05-08 14:26:46,993][src.modRNN.training.training_loop][INFO] - train epoch 313 loss 0.8364 accuracy 56.25%
[2026-05-08 14:26:46,995][src.modRNN.training.training_loop][INFO] - 	 Starting Epoch: 314
[2026-05-08 14:26:47,714][src.modRNN.training.training_loop][INFO] - train epoch 314 loss 0.7005 accuracy 71.88%
[2026-05-08 14:26:47,715][src.modRNN.training.training_loop][INFO] - 	 Starting Epoch: 315
[2026-05-08 14:26:48,433][src.modRNN.training.training_loop][INFO] - train epoch 315 loss 0.8166 accuracy 51.56%
[2026-05-08 14:26:48,435][src.modRNN.training.training_loop][INFO] - 	 Starting Epoch: 316
[2026-05-08 14:26:49,155][src.modRNN.training.training_loop][INFO] - train epoch 316 loss 0.9394 accuracy 43.75%
[2026-05-08 14:26:49,156][src.modRNN.training.training_loop][INFO] - 	 Starting Epoch: 317
[2026-05-08 14:26:49,876][src.modRNN.training.training_loop][INFO] - train epoch 317 loss 0.9844 accuracy 37.50%
[2026-05-08 14:26:49,878][src.modRNN.training.training_loop][INFO] - 	 Starting Epoch: 318
[2026-05-08 14:26:50,597][src.modRNN.training.training_loop][INFO] - train epoch 318 loss 0.8032 accuracy 48.44%
[2026-05-08 14:26:50,599][src.modRNN.training.training_loop][INFO] - 	 Starting Epoch: 319
[2026-05-08 14:26:51,318][src.modRNN.training.training_loop][INFO] - train epoch 319 loss 0.6890 accuracy 59.38%
[2026-05-08 14:26:51,320][src.modRNN.training.training_loop][INFO] - 	 Starting Epoch: 320
[2026-05-08 14:26:52,037][src.modRNN.training.training_loop][INFO] - train epoch 320 loss 0.7343 accuracy 46.88%
[2026-05-08 14:26:52,039][src.modRNN.training.training_loop][INFO] - 	 Starting Epoch: 321
[2026-05-08 14:26:52,756][src.modRNN.training.training_loop][INFO] - train epoch 321 loss 0.6967 accuracy 50.00%
[2026-05-08 14:26:52,758][src.modRNN.training.training_loop][INFO] - 	 Starting Epoch: 322
[2026-05-08 14:26:53,476][src.modRNN.training.training_loop][INFO] - train epoch 322 loss 0.6051 accuracy 64.06%
[2026-05-08 14:26:53,478][src.modRNN.training.training_loop][INFO] - 	 Starting Epoch: 323
[2026-05-08 14:26:54,195][src.modRNN.training.training_loop][INFO] - train epoch 323 loss 0.6643 accuracy 56.25%
[2026-05-08 14:26:54,197][src.modRNN.training.training_loop][INFO] - 	 Starting Epoch: 324
[2026-05-08 14:26:54,913][src.modRNN.training.training_loop][INFO] - train epoch 324 loss 0.5921 accuracy 64.06%
[2026-05-08 14:26:54,915][src.modRNN.training.training_loop][INFO] - 	 Starting Epoch: 325
[2026-05-08 14:26:55,634][src.modRNN.training.training_loop][INFO] - train epoch 325 loss 0.6271 accuracy 54.69%
[2026-05-08 14:26:55,635][src.modRNN.training.training_loop][INFO] - 	 Starting Epoch: 326
[2026-05-08 14:26:56,354][src.modRNN.training.training_loop][INFO] - train epoch 326 loss 0.7459 accuracy 42.19%
[2026-05-08 14:26:57,477][src.modRNN.training.training_loop][INFO] - eval  epoch 326 loss 0.7132 accuracy 43.55%
[2026-05-08 14:26:57,478][src.modRNN.training.training_loop][INFO] - 	 Starting Epoch: 327
[2026-05-08 14:26:58,198][src.modRNN.training.training_loop][INFO] - train epoch 327 loss 0.7101 accuracy 43.75%
[2026-05-08 14:26:58,199][src.modRNN.training.training_loop][INFO] - 	 Starting Epoch: 328
[2026-05-08 14:26:58,920][src.modRNN.training.training_loop][INFO] - train epoch 328 loss 0.5945 accuracy 57.81%
[2026-05-08 14:26:58,921][src.modRNN.training.training_loop][INFO] - 	 Starting Epoch: 329
[2026-05-08 14:26:59,645][src.modRNN.training.training_loop][INFO] - train epoch 329 loss 0.6956 accuracy 51.56%
[2026-05-08 14:26:59,647][src.modRNN.training.training_loop][INFO] - 	 Starting Epoch: 330
[2026-05-08 14:27:00,366][src.modRNN.training.training_loop][INFO] - train epoch 330 loss 0.6186 accuracy 64.06%
[2026-05-08 14:27:00,368][src.modRNN.training.training_loop][INFO] - 	 Starting Epoch: 331
[2026-05-08 14:27:01,089][src.modRNN.training.training_loop][INFO] - train epoch 331 loss 0.6873 accuracy 57.81%
[2026-05-08 14:27:01,091][src.modRNN.training.training_loop][INFO] - 	 Starting Epoch: 332
[2026-05-08 14:27:01,809][src.modRNN.training.training_loop][INFO] - train epoch 332 loss 0.6824 accuracy 59.38%
[2026-05-08 14:27:01,811][src.modRNN.training.training_loop][INFO] - 	 Starting Epoch: 333
[2026-05-08 14:27:02,532][src.modRNN.training.training_loop][INFO] - train epoch 333 loss 0.6583 accuracy 64.06%
[2026-05-08 14:27:02,534][src.modRNN.training.training_loop][INFO] - 	 Starting Epoch: 334
[2026-05-08 14:27:03,255][src.modRNN.training.training_loop][INFO] - train epoch 334 loss 0.6834 accuracy 53.12%
[2026-05-08 14:27:03,257][src.modRNN.training.training_loop][INFO] - 	 Starting Epoch: 335
[2026-05-08 14:27:03,979][src.modRNN.training.training_loop][INFO] - train epoch 335 loss 0.6724 accuracy 62.50%
[2026-05-08 14:27:03,981][src.modRNN.training.training_loop][INFO] - 	 Starting Epoch: 336
[2026-05-08 14:27:04,702][src.modRNN.training.training_loop][INFO] - train epoch 336 loss 0.6734 accuracy 53.12%
[2026-05-08 14:27:04,704][src.modRNN.training.training_loop][INFO] - 	 Starting Epoch: 337
[2026-05-08 14:27:05,425][src.modRNN.training.training_loop][INFO] - train epoch 337 loss 0.6669 accuracy 62.50%
[2026-05-08 14:27:05,427][src.modRNN.training.training_loop][INFO] - 	 Starting Epoch: 338
[2026-05-08 14:27:06,149][src.modRNN.training.training_loop][INFO] - train epoch 338 loss 0.6684 accuracy 64.06%
[2026-05-08 14:27:06,150][src.modRNN.training.training_loop][INFO] - 	 Starting Epoch: 339
[2026-05-08 14:27:06,872][src.modRNN.training.training_loop][INFO] - train epoch 339 loss 0.6343 accuracy 70.31%
[2026-05-08 14:27:06,873][src.modRNN.training.training_loop][INFO] - 	 Starting Epoch: 340
[2026-05-08 14:27:07,593][src.modRNN.training.training_loop][INFO] - train epoch 340 loss 0.6170 accuracy 78.12%
[2026-05-08 14:27:07,595][src.modRNN.training.training_loop][INFO] - 	 Starting Epoch: 341
[2026-05-08 14:27:08,315][src.modRNN.training.training_loop][INFO] - train epoch 341 loss 0.6014 accuracy 67.19%
[2026-05-08 14:27:08,317][src.modRNN.training.training_loop][INFO] - 	 Starting Epoch: 342
[2026-05-08 14:27:09,037][src.modRNN.training.training_loop][INFO] - train epoch 342 loss 0.5971 accuracy 71.88%
[2026-05-08 14:27:09,039][src.modRNN.training.training_loop][INFO] - 	 Starting Epoch: 343
[2026-05-08 14:27:09,763][src.modRNN.training.training_loop][INFO] - train epoch 343 loss 0.5453 accuracy 81.25%
[2026-05-08 14:27:09,764][src.modRNN.training.training_loop][INFO] - 	 Starting Epoch: 344
[2026-05-08 14:27:10,485][src.modRNN.training.training_loop][INFO] - train epoch 344 loss 0.5366 accuracy 79.69%
[2026-05-08 14:27:10,487][src.modRNN.training.training_loop][INFO] - 	 Starting Epoch: 345
[2026-05-08 14:27:11,208][src.modRNN.training.training_loop][INFO] - train epoch 345 loss 0.5886 accuracy 70.31%
[2026-05-08 14:27:11,209][src.modRNN.training.training_loop][INFO] - 	 Starting Epoch: 346
[2026-05-08 14:27:11,931][src.modRNN.training.training_loop][INFO] - train epoch 346 loss 0.5507 accuracy 79.69%
[2026-05-08 14:27:11,933][src.modRNN.training.training_loop][INFO] - 	 Starting Epoch: 347
[2026-05-08 14:27:12,654][src.modRNN.training.training_loop][INFO] - train epoch 347 loss 0.5671 accuracy 78.12%
[2026-05-08 14:27:12,656][src.modRNN.training.training_loop][INFO] - 	 Starting Epoch: 348
[2026-05-08 14:27:13,378][src.modRNN.training.training_loop][INFO] - train epoch 348 loss 0.5543 accuracy 68.75%
[2026-05-08 14:27:13,379][src.modRNN.training.training_loop][INFO] - 	 Starting Epoch: 349
[2026-05-08 14:27:14,101][src.modRNN.training.training_loop][INFO] - train epoch 349 loss 0.5461 accuracy 81.25%
[2026-05-08 14:27:14,102][src.modRNN.training.training_loop][INFO] - 	 Starting Epoch: 350
[2026-05-08 14:27:14,823][src.modRNN.training.training_loop][INFO] - train epoch 350 loss 0.5901 accuracy 73.44%
[2026-05-08 14:27:14,824][src.modRNN.training.training_loop][INFO] - 	 Starting Epoch: 351
[2026-05-08 14:27:15,545][src.modRNN.training.training_loop][INFO] - train epoch 351 loss 0.6512 accuracy 60.94%
[2026-05-08 14:27:16,667][src.modRNN.training.training_loop][INFO] - eval  epoch 351 loss 0.7079 accuracy 58.59%
[2026-05-08 14:27:16,669][src.modRNN.training.training_loop][INFO] - 	 Starting Epoch: 352
[2026-05-08 14:27:17,388][src.modRNN.training.training_loop][INFO] - train epoch 352 loss 0.6424 accuracy 64.06%
[2026-05-08 14:27:17,390][src.modRNN.training.training_loop][INFO] - 	 Starting Epoch: 353
[2026-05-08 14:27:18,109][src.modRNN.training.training_loop][INFO] - train epoch 353 loss 0.6896 accuracy 64.06%
[2026-05-08 14:27:18,110][src.modRNN.training.training_loop][INFO] - 	 Starting Epoch: 354
[2026-05-08 14:27:18,831][src.modRNN.training.training_loop][INFO] - train epoch 354 loss 0.7293 accuracy 56.25%
[2026-05-08 14:27:18,832][src.modRNN.training.training_loop][INFO] - 	 Starting Epoch: 355
[2026-05-08 14:27:19,551][src.modRNN.training.training_loop][INFO] - train epoch 355 loss 0.6668 accuracy 70.31%
[2026-05-08 14:27:19,553][src.modRNN.training.training_loop][INFO] - 	 Starting Epoch: 356
[2026-05-08 14:27:20,281][src.modRNN.training.training_loop][INFO] - train epoch 356 loss 0.7446 accuracy 54.69%
[2026-05-08 14:27:20,282][src.modRNN.training.training_loop][INFO] - 	 Starting Epoch: 357
[2026-05-08 14:27:21,005][src.modRNN.training.training_loop][INFO] - train epoch 357 loss 0.7469 accuracy 45.31%
[2026-05-08 14:27:21,007][src.modRNN.training.training_loop][INFO] - 	 Starting Epoch: 358
[2026-05-08 14:27:21,730][src.modRNN.training.training_loop][INFO] - train epoch 358 loss 0.7696 accuracy 45.31%
[2026-05-08 14:27:21,732][src.modRNN.training.training_loop][INFO] - 	 Starting Epoch: 359
[2026-05-08 14:27:22,454][src.modRNN.training.training_loop][INFO] - train epoch 359 loss 0.7585 accuracy 45.31%
[2026-05-08 14:27:22,455][src.modRNN.training.training_loop][INFO] - 	 Starting Epoch: 360
[2026-05-08 14:27:23,176][src.modRNN.training.training_loop][INFO] - train epoch 360 loss 0.7087 accuracy 51.56%
[2026-05-08 14:27:23,178][src.modRNN.training.training_loop][INFO] - 	 Starting Epoch: 361
[2026-05-08 14:27:23,899][src.modRNN.training.training_loop][INFO] - train epoch 361 loss 0.7441 accuracy 53.12%
[2026-05-08 14:27:23,901][src.modRNN.training.training_loop][INFO] - 	 Starting Epoch: 362
[2026-05-08 14:27:24,622][src.modRNN.training.training_loop][INFO] - train epoch 362 loss 0.7245 accuracy 53.12%
[2026-05-08 14:27:24,624][src.modRNN.training.training_loop][INFO] - 	 Starting Epoch: 363
[2026-05-08 14:27:25,343][src.modRNN.training.training_loop][INFO] - train epoch 363 loss 0.6041 accuracy 67.19%
[2026-05-08 14:27:25,345][src.modRNN.training.training_loop][INFO] - 	 Starting Epoch: 364
[2026-05-08 14:27:26,071][src.modRNN.training.training_loop][INFO] - train epoch 364 loss 0.6031 accuracy 68.75%
[2026-05-08 14:27:26,073][src.modRNN.training.training_loop][INFO] - 	 Starting Epoch: 365
[2026-05-08 14:27:26,793][src.modRNN.training.training_loop][INFO] - train epoch 365 loss 0.5851 accuracy 62.50%
[2026-05-08 14:27:26,794][src.modRNN.training.training_loop][INFO] - 	 Starting Epoch: 366
[2026-05-08 14:27:27,530][src.modRNN.training.training_loop][INFO] - train epoch 366 loss 0.5334 accuracy 73.44%
[2026-05-08 14:27:27,533][src.modRNN.training.training_loop][INFO] - 	 Starting Epoch: 367
[2026-05-08 14:27:28,282][src.modRNN.training.training_loop][INFO] - train epoch 367 loss 0.5482 accuracy 79.69%
[2026-05-08 14:27:28,284][src.modRNN.training.training_loop][INFO] - 	 Starting Epoch: 368
[2026-05-08 14:27:29,006][src.modRNN.training.training_loop][INFO] - train epoch 368 loss 0.4974 accuracy 85.94%
[2026-05-08 14:27:29,007][src.modRNN.training.training_loop][INFO] - 	 Starting Epoch: 369
[2026-05-08 14:27:29,728][src.modRNN.training.training_loop][INFO] - train epoch 369 loss 0.6686 accuracy 60.94%
[2026-05-08 14:27:29,729][src.modRNN.training.training_loop][INFO] - 	 Starting Epoch: 370
[2026-05-08 14:27:30,449][src.modRNN.training.training_loop][INFO] - train epoch 370 loss 0.5984 accuracy 67.19%
[2026-05-08 14:27:30,450][src.modRNN.training.training_loop][INFO] - 	 Starting Epoch: 371
[2026-05-08 14:27:31,170][src.modRNN.training.training_loop][INFO] - train epoch 371 loss 0.6135 accuracy 65.62%
[2026-05-08 14:27:31,171][src.modRNN.training.training_loop][INFO] - 	 Starting Epoch: 372
[2026-05-08 14:27:31,890][src.modRNN.training.training_loop][INFO] - train epoch 372 loss 0.5892 accuracy 65.62%
[2026-05-08 14:27:31,891][src.modRNN.training.training_loop][INFO] - 	 Starting Epoch: 373
[2026-05-08 14:27:32,609][src.modRNN.training.training_loop][INFO] - train epoch 373 loss 0.5250 accuracy 68.75%
[2026-05-08 14:27:32,611][src.modRNN.training.training_loop][INFO] - 	 Starting Epoch: 374
[2026-05-08 14:27:33,330][src.modRNN.training.training_loop][INFO] - train epoch 374 loss 0.5414 accuracy 78.12%
[2026-05-08 14:27:33,331][src.modRNN.training.training_loop][INFO] - 	 Starting Epoch: 375
[2026-05-08 14:27:34,049][src.modRNN.training.training_loop][INFO] - train epoch 375 loss 0.5911 accuracy 68.75%
[2026-05-08 14:27:34,051][src.modRNN.training.training_loop][INFO] - 	 Starting Epoch: 376
[2026-05-08 14:27:34,769][src.modRNN.training.training_loop][INFO] - train epoch 376 loss 0.6510 accuracy 68.75%
[2026-05-08 14:27:35,895][src.modRNN.training.training_loop][INFO] - eval  epoch 376 loss 0.5681 accuracy 72.85%
[2026-05-08 14:27:35,896][src.modRNN.training.training_loop][INFO] - 	 Starting Epoch: 377
[2026-05-08 14:27:36,615][src.modRNN.training.training_loop][INFO] - train epoch 377 loss 0.5775 accuracy 73.44%
[2026-05-08 14:27:36,616][src.modRNN.training.training_loop][INFO] - 	 Starting Epoch: 378
[2026-05-08 14:27:37,335][src.modRNN.training.training_loop][INFO] - train epoch 378 loss 0.5354 accuracy 76.56%
[2026-05-08 14:27:37,337][src.modRNN.training.training_loop][INFO] - 	 Starting Epoch: 379
[2026-05-08 14:27:38,055][src.modRNN.training.training_loop][INFO] - train epoch 379 loss 0.5399 accuracy 67.19%
[2026-05-08 14:27:38,057][src.modRNN.training.training_loop][INFO] - 	 Starting Epoch: 380
[2026-05-08 14:27:38,775][src.modRNN.training.training_loop][INFO] - train epoch 380 loss 0.6016 accuracy 70.31%
[2026-05-08 14:27:38,777][src.modRNN.training.training_loop][INFO] - 	 Starting Epoch: 381
[2026-05-08 14:27:39,495][src.modRNN.training.training_loop][INFO] - train epoch 381 loss 0.6014 accuracy 67.19%
[2026-05-08 14:27:39,497][src.modRNN.training.training_loop][INFO] - 	 Starting Epoch: 382
[2026-05-08 14:27:40,216][src.modRNN.training.training_loop][INFO] - train epoch 382 loss 0.6036 accuracy 67.19%
[2026-05-08 14:27:40,217][src.modRNN.training.training_loop][INFO] - 	 Starting Epoch: 383
[2026-05-08 14:27:40,938][src.modRNN.training.training_loop][INFO] - train epoch 383 loss 0.5604 accuracy 82.81%
[2026-05-08 14:27:40,940][src.modRNN.training.training_loop][INFO] - 	 Starting Epoch: 384
[2026-05-08 14:27:41,660][src.modRNN.training.training_loop][INFO] - train epoch 384 loss 0.5579 accuracy 76.56%
[2026-05-08 14:27:41,661][src.modRNN.training.training_loop][INFO] - 	 Starting Epoch: 385
[2026-05-08 14:27:42,380][src.modRNN.training.training_loop][INFO] - train epoch 385 loss 0.5840 accuracy 68.75%
[2026-05-08 14:27:42,381][src.modRNN.training.training_loop][INFO] - 	 Starting Epoch: 386
[2026-05-08 14:27:43,101][src.modRNN.training.training_loop][INFO] - train epoch 386 loss 0.6176 accuracy 65.62%
[2026-05-08 14:27:43,103][src.modRNN.training.training_loop][INFO] - 	 Starting Epoch: 387
[2026-05-08 14:27:43,822][src.modRNN.training.training_loop][INFO] - train epoch 387 loss 0.5847 accuracy 70.31%
[2026-05-08 14:27:43,823][src.modRNN.training.training_loop][INFO] - 	 Starting Epoch: 388
[2026-05-08 14:27:44,541][src.modRNN.training.training_loop][INFO] - train epoch 388 loss 0.6300 accuracy 71.88%
[2026-05-08 14:27:44,543][src.modRNN.training.training_loop][INFO] - 	 Starting Epoch: 389
[2026-05-08 14:27:45,262][src.modRNN.training.training_loop][INFO] - train epoch 389 loss 0.7127 accuracy 53.12%
[2026-05-08 14:27:45,263][src.modRNN.training.training_loop][INFO] - 	 Starting Epoch: 390
[2026-05-08 14:27:45,982][src.modRNN.training.training_loop][INFO] - train epoch 390 loss 0.6794 accuracy 54.69%
[2026-05-08 14:27:45,984][src.modRNN.training.training_loop][INFO] - 	 Starting Epoch: 391
[2026-05-08 14:27:46,703][src.modRNN.training.training_loop][INFO] - train epoch 391 loss 0.7223 accuracy 54.69%
[2026-05-08 14:27:46,705][src.modRNN.training.training_loop][INFO] - 	 Starting Epoch: 392
[2026-05-08 14:27:47,426][src.modRNN.training.training_loop][INFO] - train epoch 392 loss 0.6078 accuracy 68.75%
[2026-05-08 14:27:47,428][src.modRNN.training.training_loop][INFO] - 	 Starting Epoch: 393
[2026-05-08 14:27:48,148][src.modRNN.training.training_loop][INFO] - train epoch 393 loss 0.7042 accuracy 50.00%
[2026-05-08 14:27:48,149][src.modRNN.training.training_loop][INFO] - 	 Starting Epoch: 394
[2026-05-08 14:27:48,869][src.modRNN.training.training_loop][INFO] - train epoch 394 loss 0.5812 accuracy 71.88%
[2026-05-08 14:27:48,871][src.modRNN.training.training_loop][INFO] - 	 Starting Epoch: 395
[2026-05-08 14:27:49,591][src.modRNN.training.training_loop][INFO] - train epoch 395 loss 0.5898 accuracy 68.75%
[2026-05-08 14:27:49,592][src.modRNN.training.training_loop][INFO] - 	 Starting Epoch: 396
[2026-05-08 14:27:50,311][src.modRNN.training.training_loop][INFO] - train epoch 396 loss 0.5347 accuracy 71.88%
[2026-05-08 14:27:50,313][src.modRNN.training.training_loop][INFO] - 	 Starting Epoch: 397
[2026-05-08 14:27:51,031][src.modRNN.training.training_loop][INFO] - train epoch 397 loss 0.5943 accuracy 70.31%
[2026-05-08 14:27:51,033][src.modRNN.training.training_loop][INFO] - 	 Starting Epoch: 398
[2026-05-08 14:27:51,753][src.modRNN.training.training_loop][INFO] - train epoch 398 loss 0.6098 accuracy 65.62%
[2026-05-08 14:27:51,755][src.modRNN.training.training_loop][INFO] - 	 Starting Epoch: 399
[2026-05-08 14:27:52,473][src.modRNN.training.training_loop][INFO] - train epoch 399 loss 0.6365 accuracy 65.62%
[2026-05-08 14:27:52,475][src.modRNN.training.training_loop][INFO] - 	 Starting Epoch: 400
[2026-05-08 14:27:53,198][src.modRNN.training.training_loop][INFO] - train epoch 400 loss 0.5806 accuracy 73.44%
[2026-05-08 14:27:53,199][src.modRNN.training.training_loop][INFO] - 	 Starting Epoch: 401
[2026-05-08 14:27:53,923][src.modRNN.training.training_loop][INFO] - train epoch 401 loss 0.5274 accuracy 79.69%
[2026-05-08 14:27:55,047][src.modRNN.training.training_loop][INFO] - eval  epoch 401 loss 0.5564 accuracy 73.83%
[2026-05-08 14:27:55,049][src.modRNN.training.training_loop][INFO] - 	 Starting Epoch: 402
[2026-05-08 14:27:55,769][src.modRNN.training.training_loop][INFO] - train epoch 402 loss 0.5785 accuracy 65.62%
[2026-05-08 14:27:55,771][src.modRNN.training.training_loop][INFO] - 	 Starting Epoch: 403
[2026-05-08 14:27:56,493][src.modRNN.training.training_loop][INFO] - train epoch 403 loss 0.4582 accuracy 79.69%
[2026-05-08 14:27:56,495][src.modRNN.training.training_loop][INFO] - 	 Starting Epoch: 404
[2026-05-08 14:27:57,215][src.modRNN.training.training_loop][INFO] - train epoch 404 loss 0.6190 accuracy 67.19%
[2026-05-08 14:27:57,217][src.modRNN.training.training_loop][INFO] - 	 Starting Epoch: 405
[2026-05-08 14:27:57,938][src.modRNN.training.training_loop][INFO] - train epoch 405 loss 0.5632 accuracy 76.56%
[2026-05-08 14:27:57,939][src.modRNN.training.training_loop][INFO] - 	 Starting Epoch: 406
[2026-05-08 14:27:58,660][src.modRNN.training.training_loop][INFO] - train epoch 406 loss 0.4888 accuracy 76.56%
[2026-05-08 14:27:58,661][src.modRNN.training.training_loop][INFO] - 	 Starting Epoch: 407
[2026-05-08 14:27:59,379][src.modRNN.training.training_loop][INFO] - train epoch 407 loss 0.5414 accuracy 73.44%
[2026-05-08 14:27:59,380][src.modRNN.training.training_loop][INFO] - 	 Starting Epoch: 408
[2026-05-08 14:28:00,100][src.modRNN.training.training_loop][INFO] - train epoch 408 loss 0.5409 accuracy 82.81%
[2026-05-08 14:28:00,102][src.modRNN.training.training_loop][INFO] - 	 Starting Epoch: 409
[2026-05-08 14:28:00,820][src.modRNN.training.training_loop][INFO] - train epoch 409 loss 0.5316 accuracy 75.00%
[2026-05-08 14:28:00,821][src.modRNN.training.training_loop][INFO] - 	 Starting Epoch: 410
[2026-05-08 14:28:01,541][src.modRNN.training.training_loop][INFO] - train epoch 410 loss 0.5797 accuracy 73.44%
[2026-05-08 14:28:01,543][src.modRNN.training.training_loop][INFO] - 	 Starting Epoch: 411
[2026-05-08 14:28:02,263][src.modRNN.training.training_loop][INFO] - train epoch 411 loss 0.5707 accuracy 76.56%
[2026-05-08 14:28:02,265][src.modRNN.training.training_loop][INFO] - 	 Starting Epoch: 412
[2026-05-08 14:28:02,986][src.modRNN.training.training_loop][INFO] - train epoch 412 loss 0.6413 accuracy 75.00%
[2026-05-08 14:28:02,987][src.modRNN.training.training_loop][INFO] - 	 Starting Epoch: 413
[2026-05-08 14:28:03,706][src.modRNN.training.training_loop][INFO] - train epoch 413 loss 0.7164 accuracy 62.50%
[2026-05-08 14:28:03,708][src.modRNN.training.training_loop][INFO] - 	 Starting Epoch: 414
[2026-05-08 14:28:04,427][src.modRNN.training.training_loop][INFO] - train epoch 414 loss 0.7569 accuracy 59.38%
[2026-05-08 14:28:04,429][src.modRNN.training.training_loop][INFO] - 	 Starting Epoch: 415
[2026-05-08 14:28:05,146][src.modRNN.training.training_loop][INFO] - train epoch 415 loss 0.6908 accuracy 64.06%
[2026-05-08 14:28:05,148][src.modRNN.training.training_loop][INFO] - 	 Starting Epoch: 416
[2026-05-08 14:28:05,869][src.modRNN.training.training_loop][INFO] - train epoch 416 loss 0.7694 accuracy 56.25%
[2026-05-08 14:28:05,871][src.modRNN.training.training_loop][INFO] - 	 Starting Epoch: 417
[2026-05-08 14:28:06,590][src.modRNN.training.training_loop][INFO] - train epoch 417 loss 0.7755 accuracy 51.56%
[2026-05-08 14:28:06,592][src.modRNN.training.training_loop][INFO] - 	 Starting Epoch: 418
[2026-05-08 14:28:07,310][src.modRNN.training.training_loop][INFO] - train epoch 418 loss 0.6505 accuracy 65.62%
[2026-05-08 14:28:07,312][src.modRNN.training.training_loop][INFO] - 	 Starting Epoch: 419
[2026-05-08 14:28:08,031][src.modRNN.training.training_loop][INFO] - train epoch 419 loss 0.7007 accuracy 64.06%
[2026-05-08 14:28:08,033][src.modRNN.training.training_loop][INFO] - 	 Starting Epoch: 420
[2026-05-08 14:28:08,752][src.modRNN.training.training_loop][INFO] - train epoch 420 loss 0.6863 accuracy 59.38%
[2026-05-08 14:28:08,754][src.modRNN.training.training_loop][INFO] - 	 Starting Epoch: 421
[2026-05-08 14:28:09,472][src.modRNN.training.training_loop][INFO] - train epoch 421 loss 0.6957 accuracy 56.25%
[2026-05-08 14:28:09,474][src.modRNN.training.training_loop][INFO] - 	 Starting Epoch: 422
[2026-05-08 14:28:10,193][src.modRNN.training.training_loop][INFO] - train epoch 422 loss 0.6866 accuracy 57.81%
[2026-05-08 14:28:10,194][src.modRNN.training.training_loop][INFO] - 	 Starting Epoch: 423
[2026-05-08 14:28:10,914][src.modRNN.training.training_loop][INFO] - train epoch 423 loss 0.6325 accuracy 70.31%
[2026-05-08 14:28:10,916][src.modRNN.training.training_loop][INFO] - 	 Starting Epoch: 424
[2026-05-08 14:28:11,635][src.modRNN.training.training_loop][INFO] - train epoch 424 loss 0.6456 accuracy 67.19%
[2026-05-08 14:28:11,637][src.modRNN.training.training_loop][INFO] - 	 Starting Epoch: 425
[2026-05-08 14:28:12,357][src.modRNN.training.training_loop][INFO] - train epoch 425 loss 0.6627 accuracy 64.06%
[2026-05-08 14:28:12,359][src.modRNN.training.training_loop][INFO] - 	 Starting Epoch: 426
[2026-05-08 14:28:13,078][src.modRNN.training.training_loop][INFO] - train epoch 426 loss 0.5469 accuracy 75.00%
[2026-05-08 14:28:14,200][src.modRNN.training.training_loop][INFO] - eval  epoch 426 loss 0.5372 accuracy 76.17%
[2026-05-08 14:28:14,202][src.modRNN.training.training_loop][INFO] - 	 Starting Epoch: 427
[2026-05-08 14:28:14,924][src.modRNN.training.training_loop][INFO] - train epoch 427 loss 0.5788 accuracy 70.31%
[2026-05-08 14:28:14,926][src.modRNN.training.training_loop][INFO] - 	 Starting Epoch: 428
[2026-05-08 14:28:15,647][src.modRNN.training.training_loop][INFO] - train epoch 428 loss 0.4760 accuracy 82.81%
[2026-05-08 14:28:15,649][src.modRNN.training.training_loop][INFO] - 	 Starting Epoch: 429
[2026-05-08 14:28:16,369][src.modRNN.training.training_loop][INFO] - train epoch 429 loss 0.4900 accuracy 84.38%
[2026-05-08 14:28:16,371][src.modRNN.training.training_loop][INFO] - 	 Starting Epoch: 430
[2026-05-08 14:28:17,091][src.modRNN.training.training_loop][INFO] - train epoch 430 loss 0.5014 accuracy 85.94%
[2026-05-08 14:28:17,092][src.modRNN.training.training_loop][INFO] - 	 Starting Epoch: 431
[2026-05-08 14:28:17,812][src.modRNN.training.training_loop][INFO] - train epoch 431 loss 0.5458 accuracy 78.12%
[2026-05-08 14:28:17,814][src.modRNN.training.training_loop][INFO] - 	 Starting Epoch: 432
[2026-05-08 14:28:18,533][src.modRNN.training.training_loop][INFO] - train epoch 432 loss 0.5974 accuracy 65.62%
[2026-05-08 14:28:18,535][src.modRNN.training.training_loop][INFO] - 	 Starting Epoch: 433
[2026-05-08 14:28:19,254][src.modRNN.training.training_loop][INFO] - train epoch 433 loss 0.6138 accuracy 57.81%
[2026-05-08 14:28:19,256][src.modRNN.training.training_loop][INFO] - 	 Starting Epoch: 434
[2026-05-08 14:28:19,976][src.modRNN.training.training_loop][INFO] - train epoch 434 loss 0.4882 accuracy 79.69%
[2026-05-08 14:28:19,978][src.modRNN.training.training_loop][INFO] - 	 Starting Epoch: 435
[2026-05-08 14:28:20,699][src.modRNN.training.training_loop][INFO] - train epoch 435 loss 0.5690 accuracy 70.31%
[2026-05-08 14:28:20,701][src.modRNN.training.training_loop][INFO] - 	 Starting Epoch: 436
[2026-05-08 14:28:21,426][src.modRNN.training.training_loop][INFO] - train epoch 436 loss 0.5735 accuracy 68.75%
[2026-05-08 14:28:21,428][src.modRNN.training.training_loop][INFO] - 	 Starting Epoch: 437
[2026-05-08 14:28:22,149][src.modRNN.training.training_loop][INFO] - train epoch 437 loss 0.5569 accuracy 71.88%
[2026-05-08 14:28:22,151][src.modRNN.training.training_loop][INFO] - 	 Starting Epoch: 438
[2026-05-08 14:28:22,871][src.modRNN.training.training_loop][INFO] - train epoch 438 loss 0.5261 accuracy 70.31%
[2026-05-08 14:28:22,873][src.modRNN.training.training_loop][INFO] - 	 Starting Epoch: 439
[2026-05-08 14:28:23,594][src.modRNN.training.training_loop][INFO] - train epoch 439 loss 0.5512 accuracy 76.56%
[2026-05-08 14:28:23,595][src.modRNN.training.training_loop][INFO] - 	 Starting Epoch: 440
[2026-05-08 14:28:24,315][src.modRNN.training.training_loop][INFO] - train epoch 440 loss 0.5183 accuracy 84.38%
[2026-05-08 14:28:24,317][src.modRNN.training.training_loop][INFO] - 	 Starting Epoch: 441
[2026-05-08 14:28:25,038][src.modRNN.training.training_loop][INFO] - train epoch 441 loss 0.4904 accuracy 78.12%
[2026-05-08 14:28:25,039][src.modRNN.training.training_loop][INFO] - 	 Starting Epoch: 442
[2026-05-08 14:28:25,761][src.modRNN.training.training_loop][INFO] - train epoch 442 loss 0.5843 accuracy 71.88%
[2026-05-08 14:28:25,762][src.modRNN.training.training_loop][INFO] - 	 Starting Epoch: 443
[2026-05-08 14:28:26,483][src.modRNN.training.training_loop][INFO] - train epoch 443 loss 0.4767 accuracy 85.94%
[2026-05-08 14:28:26,485][src.modRNN.training.training_loop][INFO] - 	 Starting Epoch: 444
[2026-05-08 14:28:27,214][src.modRNN.training.training_loop][INFO] - train epoch 444 loss 0.6112 accuracy 70.31%
[2026-05-08 14:28:27,224][src.modRNN.training.training_loop][INFO] - 	 Starting Epoch: 445
[2026-05-08 14:28:27,987][src.modRNN.training.training_loop][INFO] - train epoch 445 loss 0.4641 accuracy 81.25%
[2026-05-08 14:28:27,989][src.modRNN.training.training_loop][INFO] - 	 Starting Epoch: 446
[2026-05-08 14:28:28,713][src.modRNN.training.training_loop][INFO] - train epoch 446 loss 0.6275 accuracy 70.31%
[2026-05-08 14:28:28,715][src.modRNN.training.training_loop][INFO] - 	 Starting Epoch: 447
[2026-05-08 14:28:29,439][src.modRNN.training.training_loop][INFO] - train epoch 447 loss 0.6431 accuracy 68.75%
[2026-05-08 14:28:29,440][src.modRNN.training.training_loop][INFO] - 	 Starting Epoch: 448
[2026-05-08 14:28:30,161][src.modRNN.training.training_loop][INFO] - train epoch 448 loss 0.7166 accuracy 60.94%
[2026-05-08 14:28:30,162][src.modRNN.training.training_loop][INFO] - 	 Starting Epoch: 449
[2026-05-08 14:28:30,882][src.modRNN.training.training_loop][INFO] - train epoch 449 loss 0.6531 accuracy 71.88%
[2026-05-08 14:28:30,884][src.modRNN.training.training_loop][INFO] - 	 Starting Epoch: 450
[2026-05-08 14:28:31,606][src.modRNN.training.training_loop][INFO] - train epoch 450 loss 0.6228 accuracy 70.31%
[2026-05-08 14:28:31,608][src.modRNN.training.training_loop][INFO] - 	 Starting Epoch: 451
[2026-05-08 14:28:32,327][src.modRNN.training.training_loop][INFO] - train epoch 451 loss 0.8338 accuracy 56.25%
[2026-05-08 14:28:33,450][src.modRNN.training.training_loop][INFO] - eval  epoch 451 loss 0.7361 accuracy 59.18%
[2026-05-08 14:28:33,451][src.modRNN.training.training_loop][INFO] - 	 Starting Epoch: 452
[2026-05-08 14:28:34,169][src.modRNN.training.training_loop][INFO] - train epoch 452 loss 0.5865 accuracy 70.31%
[2026-05-08 14:28:34,170][src.modRNN.training.training_loop][INFO] - 	 Starting Epoch: 453
[2026-05-08 14:28:34,891][src.modRNN.training.training_loop][INFO] - train epoch 453 loss 0.7054 accuracy 54.69%
[2026-05-08 14:28:34,893][src.modRNN.training.training_loop][INFO] - 	 Starting Epoch: 454
[2026-05-08 14:28:35,612][src.modRNN.training.training_loop][INFO] - train epoch 454 loss 0.7000 accuracy 59.38%
[2026-05-08 14:28:35,614][src.modRNN.training.training_loop][INFO] - 	 Starting Epoch: 455
[2026-05-08 14:28:36,335][src.modRNN.training.training_loop][INFO] - train epoch 455 loss 0.6791 accuracy 62.50%
[2026-05-08 14:28:36,336][src.modRNN.training.training_loop][INFO] - 	 Starting Epoch: 456
[2026-05-08 14:28:37,057][src.modRNN.training.training_loop][INFO] - train epoch 456 loss 0.7234 accuracy 57.81%
[2026-05-08 14:28:37,059][src.modRNN.training.training_loop][INFO] - 	 Starting Epoch: 457
[2026-05-08 14:28:37,778][src.modRNN.training.training_loop][INFO] - train epoch 457 loss 0.6439 accuracy 70.31%
[2026-05-08 14:28:37,780][src.modRNN.training.training_loop][INFO] - 	 Starting Epoch: 458
[2026-05-08 14:28:38,500][src.modRNN.training.training_loop][INFO] - train epoch 458 loss 0.7231 accuracy 62.50%
[2026-05-08 14:28:38,502][src.modRNN.training.training_loop][INFO] - 	 Starting Epoch: 459
[2026-05-08 14:28:39,221][src.modRNN.training.training_loop][INFO] - train epoch 459 loss 0.7272 accuracy 57.81%
[2026-05-08 14:28:39,222][src.modRNN.training.training_loop][INFO] - 	 Starting Epoch: 460
[2026-05-08 14:28:39,941][src.modRNN.training.training_loop][INFO] - train epoch 460 loss 0.6939 accuracy 64.06%
[2026-05-08 14:28:39,943][src.modRNN.training.training_loop][INFO] - 	 Starting Epoch: 461
[2026-05-08 14:28:40,663][src.modRNN.training.training_loop][INFO] - train epoch 461 loss 0.8102 accuracy 54.69%
[2026-05-08 14:28:40,665][src.modRNN.training.training_loop][INFO] - 	 Starting Epoch: 462
[2026-05-08 14:28:41,387][src.modRNN.training.training_loop][INFO] - train epoch 462 loss 0.7361 accuracy 59.38%
[2026-05-08 14:28:41,388][src.modRNN.training.training_loop][INFO] - 	 Starting Epoch: 463
[2026-05-08 14:28:42,109][src.modRNN.training.training_loop][INFO] - train epoch 463 loss 0.7706 accuracy 51.56%
[2026-05-08 14:28:42,111][src.modRNN.training.training_loop][INFO] - 	 Starting Epoch: 464
[2026-05-08 14:28:42,832][src.modRNN.training.training_loop][INFO] - train epoch 464 loss 0.7348 accuracy 57.81%
[2026-05-08 14:28:42,833][src.modRNN.training.training_loop][INFO] - 	 Starting Epoch: 465
[2026-05-08 14:28:43,555][src.modRNN.training.training_loop][INFO] - train epoch 465 loss 0.7936 accuracy 48.44%
[2026-05-08 14:28:43,556][src.modRNN.training.training_loop][INFO] - 	 Starting Epoch: 466
[2026-05-08 14:28:44,276][src.modRNN.training.training_loop][INFO] - train epoch 466 loss 0.7903 accuracy 50.00%
[2026-05-08 14:28:44,277][src.modRNN.training.training_loop][INFO] - 	 Starting Epoch: 467
[2026-05-08 14:28:44,997][src.modRNN.training.training_loop][INFO] - train epoch 467 loss 0.6553 accuracy 57.81%
[2026-05-08 14:28:44,999][src.modRNN.training.training_loop][INFO] - 	 Starting Epoch: 468
[2026-05-08 14:28:45,718][src.modRNN.training.training_loop][INFO] - train epoch 468 loss 0.7027 accuracy 56.25%
[2026-05-08 14:28:45,720][src.modRNN.training.training_loop][INFO] - 	 Starting Epoch: 469
[2026-05-08 14:28:46,439][src.modRNN.training.training_loop][INFO] - train epoch 469 loss 0.7192 accuracy 53.12%
[2026-05-08 14:28:46,440][src.modRNN.training.training_loop][INFO] - 	 Starting Epoch: 470
[2026-05-08 14:28:47,160][src.modRNN.training.training_loop][INFO] - train epoch 470 loss 0.6892 accuracy 56.25%
[2026-05-08 14:28:47,161][src.modRNN.training.training_loop][INFO] - 	 Starting Epoch: 471
[2026-05-08 14:28:47,879][src.modRNN.training.training_loop][INFO] - train epoch 471 loss 0.6965 accuracy 57.81%
[2026-05-08 14:28:47,881][src.modRNN.training.training_loop][INFO] - 	 Starting Epoch: 472
[2026-05-08 14:28:48,599][src.modRNN.training.training_loop][INFO] - train epoch 472 loss 0.6038 accuracy 81.25%
[2026-05-08 14:28:48,601][src.modRNN.training.training_loop][INFO] - 	 Starting Epoch: 473
[2026-05-08 14:28:49,322][src.modRNN.training.training_loop][INFO] - train epoch 473 loss 0.5201 accuracy 79.69%
[2026-05-08 14:28:49,323][src.modRNN.training.training_loop][INFO] - 	 Starting Epoch: 474
[2026-05-08 14:28:50,042][src.modRNN.training.training_loop][INFO] - train epoch 474 loss 0.5218 accuracy 82.81%
[2026-05-08 14:28:50,043][src.modRNN.training.training_loop][INFO] - 	 Starting Epoch: 475
[2026-05-08 14:28:50,763][src.modRNN.training.training_loop][INFO] - train epoch 475 loss 0.6113 accuracy 73.44%
[2026-05-08 14:28:50,764][src.modRNN.training.training_loop][INFO] - 	 Starting Epoch: 476
[2026-05-08 14:28:51,484][src.modRNN.training.training_loop][INFO] - train epoch 476 loss 0.5661 accuracy 79.69%
[2026-05-08 14:28:52,604][src.modRNN.training.training_loop][INFO] - eval  epoch 476 loss 0.5731 accuracy 72.46%
[2026-05-08 14:28:52,605][src.modRNN.training.training_loop][INFO] - 	 Starting Epoch: 477
[2026-05-08 14:28:53,324][src.modRNN.training.training_loop][INFO] - train epoch 477 loss 0.5873 accuracy 70.31%
[2026-05-08 14:28:53,326][src.modRNN.training.training_loop][INFO] - 	 Starting Epoch: 478
[2026-05-08 14:28:54,045][src.modRNN.training.training_loop][INFO] - train epoch 478 loss 0.5499 accuracy 79.69%
[2026-05-08 14:28:54,046][src.modRNN.training.training_loop][INFO] - 	 Starting Epoch: 479
[2026-05-08 14:28:54,765][src.modRNN.training.training_loop][INFO] - train epoch 479 loss 0.6015 accuracy 71.88%
[2026-05-08 14:28:54,767][src.modRNN.training.training_loop][INFO] - 	 Starting Epoch: 480
[2026-05-08 14:28:55,485][src.modRNN.training.training_loop][INFO] - train epoch 480 loss 0.6321 accuracy 64.06%
[2026-05-08 14:28:55,487][src.modRNN.training.training_loop][INFO] - 	 Starting Epoch: 481
[2026-05-08 14:28:56,206][src.modRNN.training.training_loop][INFO] - train epoch 481 loss 0.5908 accuracy 65.62%
[2026-05-08 14:28:56,207][src.modRNN.training.training_loop][INFO] - 	 Starting Epoch: 482
[2026-05-08 14:28:56,926][src.modRNN.training.training_loop][INFO] - train epoch 482 loss 0.6264 accuracy 64.06%
[2026-05-08 14:28:56,927][src.modRNN.training.training_loop][INFO] - 	 Starting Epoch: 483
[2026-05-08 14:28:57,647][src.modRNN.training.training_loop][INFO] - train epoch 483 loss 0.6007 accuracy 67.19%
[2026-05-08 14:28:57,648][src.modRNN.training.training_loop][INFO] - 	 Starting Epoch: 484
[2026-05-08 14:28:58,372][src.modRNN.training.training_loop][INFO] - train epoch 484 loss 0.5968 accuracy 62.50%
[2026-05-08 14:28:58,374][src.modRNN.training.training_loop][INFO] - 	 Starting Epoch: 485
[2026-05-08 14:28:59,093][src.modRNN.training.training_loop][INFO] - train epoch 485 loss 0.6211 accuracy 68.75%
[2026-05-08 14:28:59,095][src.modRNN.training.training_loop][INFO] - 	 Starting Epoch: 486
[2026-05-08 14:28:59,814][src.modRNN.training.training_loop][INFO] - train epoch 486 loss 0.6115 accuracy 64.06%
[2026-05-08 14:28:59,816][src.modRNN.training.training_loop][INFO] - 	 Starting Epoch: 487
[2026-05-08 14:29:00,535][src.modRNN.training.training_loop][INFO] - train epoch 487 loss 0.6002 accuracy 71.88%
[2026-05-08 14:29:00,537][src.modRNN.training.training_loop][INFO] - 	 Starting Epoch: 488
[2026-05-08 14:29:01,257][src.modRNN.training.training_loop][INFO] - train epoch 488 loss 0.5005 accuracy 78.12%
[2026-05-08 14:29:01,259][src.modRNN.training.training_loop][INFO] - 	 Starting Epoch: 489
[2026-05-08 14:29:01,979][src.modRNN.training.training_loop][INFO] - train epoch 489 loss 0.6418 accuracy 62.50%
[2026-05-08 14:29:01,980][src.modRNN.training.training_loop][INFO] - 	 Starting Epoch: 490
[2026-05-08 14:29:02,709][src.modRNN.training.training_loop][INFO] - train epoch 490 loss 0.5967 accuracy 70.31%
[2026-05-08 14:29:02,711][src.modRNN.training.training_loop][INFO] - 	 Starting Epoch: 491
[2026-05-08 14:29:03,433][src.modRNN.training.training_loop][INFO] - train epoch 491 loss 0.5416 accuracy 78.12%
[2026-05-08 14:29:03,434][src.modRNN.training.training_loop][INFO] - 	 Starting Epoch: 492
[2026-05-08 14:29:04,155][src.modRNN.training.training_loop][INFO] - train epoch 492 loss 0.5089 accuracy 81.25%
[2026-05-08 14:29:04,157][src.modRNN.training.training_loop][INFO] - 	 Starting Epoch: 493
[2026-05-08 14:29:04,877][src.modRNN.training.training_loop][INFO] - train epoch 493 loss 0.5460 accuracy 79.69%
[2026-05-08 14:29:04,879][src.modRNN.training.training_loop][INFO] - 	 Starting Epoch: 494
[2026-05-08 14:29:05,600][src.modRNN.training.training_loop][INFO] - train epoch 494 loss 0.5209 accuracy 81.25%
[2026-05-08 14:29:05,601][src.modRNN.training.training_loop][INFO] - 	 Starting Epoch: 495
[2026-05-08 14:29:06,321][src.modRNN.training.training_loop][INFO] - train epoch 495 loss 0.5445 accuracy 78.12%
[2026-05-08 14:29:06,323][src.modRNN.training.training_loop][INFO] - 	 Starting Epoch: 496
[2026-05-08 14:29:07,045][src.modRNN.training.training_loop][INFO] - train epoch 496 loss 0.5168 accuracy 82.81%
[2026-05-08 14:29:07,046][src.modRNN.training.training_loop][INFO] - 	 Starting Epoch: 497
[2026-05-08 14:29:07,768][src.modRNN.training.training_loop][INFO] - train epoch 497 loss 0.4988 accuracy 79.69%
[2026-05-08 14:29:07,770][src.modRNN.training.training_loop][INFO] - 	 Starting Epoch: 498
[2026-05-08 14:29:08,491][src.modRNN.training.training_loop][INFO] - train epoch 498 loss 0.4883 accuracy 85.94%
[2026-05-08 14:29:08,492][src.modRNN.training.training_loop][INFO] - 	 Starting Epoch: 499
[2026-05-08 14:29:09,213][src.modRNN.training.training_loop][INFO] - train epoch 499 loss 0.5371 accuracy 81.25%
[2026-05-08 14:29:09,215][src.modRNN.training.training_loop][INFO] - 	 Starting Epoch: 500
[2026-05-08 14:29:09,936][src.modRNN.training.training_loop][INFO] - train epoch 500 loss 0.6530 accuracy 67.19%
[2026-05-08 14:29:09,938][src.modRNN.training.training_loop][INFO] - 	 Starting Epoch: 501
[2026-05-08 14:29:10,660][src.modRNN.training.training_loop][INFO] - train epoch 501 loss 0.5945 accuracy 70.31%
[2026-05-08 14:29:11,784][src.modRNN.training.training_loop][INFO] - eval  epoch 501 loss 0.6108 accuracy 69.14%
[2026-05-08 14:29:11,785][src.modRNN.training.training_loop][INFO] - 	 Starting Epoch: 502
[2026-05-08 14:29:12,506][src.modRNN.training.training_loop][INFO] - train epoch 502 loss 0.5386 accuracy 81.25%
[2026-05-08 14:29:12,508][src.modRNN.training.training_loop][INFO] - 	 Starting Epoch: 503
[2026-05-08 14:29:13,229][src.modRNN.training.training_loop][INFO] - train epoch 503 loss 0.5493 accuracy 81.25%
[2026-05-08 14:29:13,230][src.modRNN.training.training_loop][INFO] - 	 Starting Epoch: 504
[2026-05-08 14:29:13,950][src.modRNN.training.training_loop][INFO] - train epoch 504 loss 0.6035 accuracy 65.62%
[2026-05-08 14:29:13,958][src.modRNN.training.training_loop][INFO] - 	 Starting Epoch: 505
[2026-05-08 14:29:14,677][src.modRNN.training.training_loop][INFO] - train epoch 505 loss 0.5904 accuracy 76.56%
[2026-05-08 14:29:14,678][src.modRNN.training.training_loop][INFO] - 	 Starting Epoch: 506
[2026-05-08 14:29:15,397][src.modRNN.training.training_loop][INFO] - train epoch 506 loss 0.6310 accuracy 64.06%
[2026-05-08 14:29:15,399][src.modRNN.training.training_loop][INFO] - 	 Starting Epoch: 507
[2026-05-08 14:29:16,119][src.modRNN.training.training_loop][INFO] - train epoch 507 loss 0.6764 accuracy 64.06%
[2026-05-08 14:29:16,121][src.modRNN.training.training_loop][INFO] - 	 Starting Epoch: 508
[2026-05-08 14:29:16,840][src.modRNN.training.training_loop][INFO] - train epoch 508 loss 0.6507 accuracy 70.31%
[2026-05-08 14:29:16,842][src.modRNN.training.training_loop][INFO] - 	 Starting Epoch: 509
[2026-05-08 14:29:17,562][src.modRNN.training.training_loop][INFO] - train epoch 509 loss 0.6002 accuracy 76.56%
[2026-05-08 14:29:17,564][src.modRNN.training.training_loop][INFO] - 	 Starting Epoch: 510
[2026-05-08 14:29:18,284][src.modRNN.training.training_loop][INFO] - train epoch 510 loss 0.6235 accuracy 71.88%
[2026-05-08 14:29:18,286][src.modRNN.training.training_loop][INFO] - 	 Starting Epoch: 511
[2026-05-08 14:29:19,005][src.modRNN.training.training_loop][INFO] - train epoch 511 loss 0.6536 accuracy 68.75%
[2026-05-08 14:29:19,006][src.modRNN.training.training_loop][INFO] - 	 Starting Epoch: 512
[2026-05-08 14:29:19,726][src.modRNN.training.training_loop][INFO] - train epoch 512 loss 0.7115 accuracy 59.38%
[2026-05-08 14:29:19,728][src.modRNN.training.training_loop][INFO] - 	 Starting Epoch: 513
[2026-05-08 14:29:20,448][src.modRNN.training.training_loop][INFO] - train epoch 513 loss 0.5246 accuracy 79.69%
[2026-05-08 14:29:20,449][src.modRNN.training.training_loop][INFO] - 	 Starting Epoch: 514
[2026-05-08 14:29:21,169][src.modRNN.training.training_loop][INFO] - train epoch 514 loss 0.5921 accuracy 73.44%
[2026-05-08 14:29:21,171][src.modRNN.training.training_loop][INFO] - 	 Starting Epoch: 515
[2026-05-08 14:29:21,891][src.modRNN.training.training_loop][INFO] - train epoch 515 loss 0.6365 accuracy 68.75%
[2026-05-08 14:29:21,892][src.modRNN.training.training_loop][INFO] - 	 Starting Epoch: 516
[2026-05-08 14:29:22,612][src.modRNN.training.training_loop][INFO] - train epoch 516 loss 0.5755 accuracy 73.44%
[2026-05-08 14:29:22,614][src.modRNN.training.training_loop][INFO] - 	 Starting Epoch: 517
[2026-05-08 14:29:23,333][src.modRNN.training.training_loop][INFO] - train epoch 517 loss 0.5254 accuracy 78.12%
[2026-05-08 14:29:23,335][src.modRNN.training.training_loop][INFO] - 	 Starting Epoch: 518
[2026-05-08 14:29:24,055][src.modRNN.training.training_loop][INFO] - train epoch 518 loss 0.5559 accuracy 79.69%
[2026-05-08 14:29:24,057][src.modRNN.training.training_loop][INFO] - 	 Starting Epoch: 519
[2026-05-08 14:29:24,777][src.modRNN.training.training_loop][INFO] - train epoch 519 loss 0.5339 accuracy 81.25%
[2026-05-08 14:29:24,779][src.modRNN.training.training_loop][INFO] - 	 Starting Epoch: 520
[2026-05-08 14:29:25,499][src.modRNN.training.training_loop][INFO] - train epoch 520 loss 0.6262 accuracy 67.19%
[2026-05-08 14:29:25,500][src.modRNN.training.training_loop][INFO] - 	 Starting Epoch: 521
[2026-05-08 14:29:26,220][src.modRNN.training.training_loop][INFO] - train epoch 521 loss 0.5311 accuracy 81.25%
[2026-05-08 14:29:26,222][src.modRNN.training.training_loop][INFO] - 	 Starting Epoch: 522
[2026-05-08 14:29:26,943][src.modRNN.training.training_loop][INFO] - train epoch 522 loss 0.4880 accuracy 82.81%
[2026-05-08 14:29:26,946][src.modRNN.training.training_loop][INFO] - 	 Starting Epoch: 523
[2026-05-08 14:29:27,688][src.modRNN.training.training_loop][INFO] - train epoch 523 loss 0.5820 accuracy 75.00%
[2026-05-08 14:29:27,691][src.modRNN.training.training_loop][INFO] - 	 Starting Epoch: 524
[2026-05-08 14:29:28,441][src.modRNN.training.training_loop][INFO] - train epoch 524 loss 0.5677 accuracy 68.75%
[2026-05-08 14:29:28,443][src.modRNN.training.training_loop][INFO] - 	 Starting Epoch: 525
[2026-05-08 14:29:29,163][src.modRNN.training.training_loop][INFO] - train epoch 525 loss 0.5351 accuracy 76.56%
[2026-05-08 14:29:29,165][src.modRNN.training.training_loop][INFO] - 	 Starting Epoch: 526
[2026-05-08 14:29:29,885][src.modRNN.training.training_loop][INFO] - train epoch 526 loss 0.4828 accuracy 81.25%
[2026-05-08 14:29:31,005][src.modRNN.training.training_loop][INFO] - eval  epoch 526 loss 0.5174 accuracy 77.73%
[2026-05-08 14:29:31,006][src.modRNN.training.training_loop][INFO] - 	 Starting Epoch: 527
[2026-05-08 14:29:31,727][src.modRNN.training.training_loop][INFO] - train epoch 527 loss 0.4760 accuracy 84.38%
[2026-05-08 14:29:31,728][src.modRNN.training.training_loop][INFO] - 	 Starting Epoch: 528
[2026-05-08 14:29:32,447][src.modRNN.training.training_loop][INFO] - train epoch 528 loss 0.5033 accuracy 79.69%
[2026-05-08 14:29:32,449][src.modRNN.training.training_loop][INFO] - 	 Starting Epoch: 529
[2026-05-08 14:29:33,175][src.modRNN.training.training_loop][INFO] - train epoch 529 loss 0.5204 accuracy 84.38%
[2026-05-08 14:29:33,176][src.modRNN.training.training_loop][INFO] - 	 Starting Epoch: 530
[2026-05-08 14:29:33,895][src.modRNN.training.training_loop][INFO] - train epoch 530 loss 0.4847 accuracy 82.81%
[2026-05-08 14:29:33,897][src.modRNN.training.training_loop][INFO] - 	 Starting Epoch: 531
[2026-05-08 14:29:34,616][src.modRNN.training.training_loop][INFO] - train epoch 531 loss 0.4601 accuracy 84.38%
[2026-05-08 14:29:34,617][src.modRNN.training.training_loop][INFO] - 	 Starting Epoch: 532
[2026-05-08 14:29:35,336][src.modRNN.training.training_loop][INFO] - train epoch 532 loss 0.5336 accuracy 81.25%
[2026-05-08 14:29:35,338][src.modRNN.training.training_loop][INFO] - 	 Starting Epoch: 533
[2026-05-08 14:29:36,057][src.modRNN.training.training_loop][INFO] - train epoch 533 loss 0.5816 accuracy 73.44%
[2026-05-08 14:29:36,059][src.modRNN.training.training_loop][INFO] - 	 Starting Epoch: 534
[2026-05-08 14:29:36,778][src.modRNN.training.training_loop][INFO] - train epoch 534 loss 0.5045 accuracy 81.25%
[2026-05-08 14:29:36,779][src.modRNN.training.training_loop][INFO] - 	 Starting Epoch: 535
[2026-05-08 14:29:37,498][src.modRNN.training.training_loop][INFO] - train epoch 535 loss 0.4809 accuracy 79.69%
[2026-05-08 14:29:37,500][src.modRNN.training.training_loop][INFO] - 	 Starting Epoch: 536
[2026-05-08 14:29:38,219][src.modRNN.training.training_loop][INFO] - train epoch 536 loss 0.4903 accuracy 82.81%
[2026-05-08 14:29:38,220][src.modRNN.training.training_loop][INFO] - 	 Starting Epoch: 537
[2026-05-08 14:29:38,939][src.modRNN.training.training_loop][INFO] - train epoch 537 loss 0.4462 accuracy 85.94%
[2026-05-08 14:29:38,940][src.modRNN.training.training_loop][INFO] - 	 Starting Epoch: 538
[2026-05-08 14:29:39,662][src.modRNN.training.training_loop][INFO] - train epoch 538 loss 0.5564 accuracy 76.56%
[2026-05-08 14:29:39,663][src.modRNN.training.training_loop][INFO] - 	 Starting Epoch: 539
[2026-05-08 14:29:40,382][src.modRNN.training.training_loop][INFO] - train epoch 539 loss 0.4557 accuracy 90.62%
[2026-05-08 14:29:40,383][src.modRNN.training.training_loop][INFO] - 	 Starting Epoch: 540
[2026-05-08 14:29:41,102][src.modRNN.training.training_loop][INFO] - train epoch 540 loss 0.4601 accuracy 84.38%
[2026-05-08 14:29:41,103][src.modRNN.training.training_loop][INFO] - 	 Starting Epoch: 541
[2026-05-08 14:29:41,821][src.modRNN.training.training_loop][INFO] - train epoch 541 loss 0.5416 accuracy 75.00%
[2026-05-08 14:29:41,822][src.modRNN.training.training_loop][INFO] - 	 Starting Epoch: 542
[2026-05-08 14:29:42,540][src.modRNN.training.training_loop][INFO] - train epoch 542 loss 0.5492 accuracy 81.25%
[2026-05-08 14:29:42,542][src.modRNN.training.training_loop][INFO] - 	 Starting Epoch: 543
[2026-05-08 14:29:43,262][src.modRNN.training.training_loop][INFO] - train epoch 543 loss 0.4506 accuracy 84.38%
[2026-05-08 14:29:43,263][src.modRNN.training.training_loop][INFO] - 	 Starting Epoch: 544
[2026-05-08 14:29:43,982][src.modRNN.training.training_loop][INFO] - train epoch 544 loss 0.6031 accuracy 71.88%
[2026-05-08 14:29:43,983][src.modRNN.training.training_loop][INFO] - 	 Starting Epoch: 545
[2026-05-08 14:29:44,702][src.modRNN.training.training_loop][INFO] - train epoch 545 loss 0.5776 accuracy 71.88%
[2026-05-08 14:29:44,704][src.modRNN.training.training_loop][INFO] - 	 Starting Epoch: 546
[2026-05-08 14:29:45,422][src.modRNN.training.training_loop][INFO] - train epoch 546 loss 0.5647 accuracy 76.56%
[2026-05-08 14:29:45,423][src.modRNN.training.training_loop][INFO] - 	 Starting Epoch: 547
[2026-05-08 14:29:46,143][src.modRNN.training.training_loop][INFO] - train epoch 547 loss 0.4782 accuracy 84.38%
[2026-05-08 14:29:46,144][src.modRNN.training.training_loop][INFO] - 	 Starting Epoch: 548
[2026-05-08 14:29:46,862][src.modRNN.training.training_loop][INFO] - train epoch 548 loss 0.5829 accuracy 70.31%
[2026-05-08 14:29:46,863][src.modRNN.training.training_loop][INFO] - 	 Starting Epoch: 549
[2026-05-08 14:29:47,583][src.modRNN.training.training_loop][INFO] - train epoch 549 loss 0.5318 accuracy 70.31%
[2026-05-08 14:29:47,584][src.modRNN.training.training_loop][INFO] - 	 Starting Epoch: 550
[2026-05-08 14:29:48,304][src.modRNN.training.training_loop][INFO] - train epoch 550 loss 0.5816 accuracy 70.31%
[2026-05-08 14:29:48,305][src.modRNN.training.training_loop][INFO] - 	 Starting Epoch: 551
[2026-05-08 14:29:49,026][src.modRNN.training.training_loop][INFO] - train epoch 551 loss 0.5699 accuracy 71.88%
[2026-05-08 14:29:50,150][src.modRNN.training.training_loop][INFO] - eval  epoch 551 loss 0.5519 accuracy 76.17%
[2026-05-08 14:29:50,152][src.modRNN.training.training_loop][INFO] - 	 Starting Epoch: 552
[2026-05-08 14:29:50,871][src.modRNN.training.training_loop][INFO] - train epoch 552 loss 0.5114 accuracy 79.69%
[2026-05-08 14:29:50,872][src.modRNN.training.training_loop][INFO] - 	 Starting Epoch: 553
[2026-05-08 14:29:51,594][src.modRNN.training.training_loop][INFO] - train epoch 553 loss 0.4852 accuracy 84.38%
[2026-05-08 14:29:51,595][src.modRNN.training.training_loop][INFO] - 	 Starting Epoch: 554
[2026-05-08 14:29:52,316][src.modRNN.training.training_loop][INFO] - train epoch 554 loss 0.4868 accuracy 85.94%
[2026-05-08 14:29:52,318][src.modRNN.training.training_loop][INFO] - 	 Starting Epoch: 555
[2026-05-08 14:29:53,037][src.modRNN.training.training_loop][INFO] - train epoch 555 loss 0.5760 accuracy 78.12%
[2026-05-08 14:29:53,038][src.modRNN.training.training_loop][INFO] - 	 Starting Epoch: 556
[2026-05-08 14:29:53,756][src.modRNN.training.training_loop][INFO] - train epoch 556 loss 0.5144 accuracy 75.00%
[2026-05-08 14:29:53,757][src.modRNN.training.training_loop][INFO] - 	 Starting Epoch: 557
[2026-05-08 14:29:54,474][src.modRNN.training.training_loop][INFO] - train epoch 557 loss 0.4920 accuracy 79.69%
[2026-05-08 14:29:54,476][src.modRNN.training.training_loop][INFO] - 	 Starting Epoch: 558
[2026-05-08 14:29:55,195][src.modRNN.training.training_loop][INFO] - train epoch 558 loss 0.5149 accuracy 79.69%
[2026-05-08 14:29:55,196][src.modRNN.training.training_loop][INFO] - 	 Starting Epoch: 559
[2026-05-08 14:29:55,915][src.modRNN.training.training_loop][INFO] - train epoch 559 loss 0.5039 accuracy 76.56%
[2026-05-08 14:29:55,917][src.modRNN.training.training_loop][INFO] - 	 Starting Epoch: 560
[2026-05-08 14:29:56,636][src.modRNN.training.training_loop][INFO] - train epoch 560 loss 0.5512 accuracy 75.00%
[2026-05-08 14:29:56,638][src.modRNN.training.training_loop][INFO] - 	 Starting Epoch: 561
[2026-05-08 14:29:57,356][src.modRNN.training.training_loop][INFO] - train epoch 561 loss 0.4005 accuracy 89.06%
[2026-05-08 14:29:57,357][src.modRNN.training.training_loop][INFO] - 	 Starting Epoch: 562
[2026-05-08 14:29:58,076][src.modRNN.training.training_loop][INFO] - train epoch 562 loss 0.5161 accuracy 76.56%
[2026-05-08 14:29:58,078][src.modRNN.training.training_loop][INFO] - 	 Starting Epoch: 563
[2026-05-08 14:29:58,796][src.modRNN.training.training_loop][INFO] - train epoch 563 loss 0.4172 accuracy 87.50%
[2026-05-08 14:29:58,798][src.modRNN.training.training_loop][INFO] - 	 Starting Epoch: 564
[2026-05-08 14:29:59,518][src.modRNN.training.training_loop][INFO] - train epoch 564 loss 0.3973 accuracy 87.50%
[2026-05-08 14:29:59,519][src.modRNN.training.training_loop][INFO] - 	 Starting Epoch: 565
[2026-05-08 14:30:00,239][src.modRNN.training.training_loop][INFO] - train epoch 565 loss 0.4220 accuracy 82.81%
[2026-05-08 14:30:00,240][src.modRNN.training.training_loop][INFO] - 	 Starting Epoch: 566
[2026-05-08 14:30:00,960][src.modRNN.training.training_loop][INFO] - train epoch 566 loss 0.4406 accuracy 82.81%
[2026-05-08 14:30:00,962][src.modRNN.training.training_loop][INFO] - 	 Starting Epoch: 567
[2026-05-08 14:30:01,681][src.modRNN.training.training_loop][INFO] - train epoch 567 loss 0.4270 accuracy 84.38%
[2026-05-08 14:30:01,682][src.modRNN.training.training_loop][INFO] - 	 Starting Epoch: 568
[2026-05-08 14:30:02,407][src.modRNN.training.training_loop][INFO] - train epoch 568 loss 0.4803 accuracy 76.56%
[2026-05-08 14:30:02,409][src.modRNN.training.training_loop][INFO] - 	 Starting Epoch: 569
[2026-05-08 14:30:03,130][src.modRNN.training.training_loop][INFO] - train epoch 569 loss 0.4613 accuracy 78.12%
[2026-05-08 14:30:03,132][src.modRNN.training.training_loop][INFO] - 	 Starting Epoch: 570
[2026-05-08 14:30:03,854][src.modRNN.training.training_loop][INFO] - train epoch 570 loss 0.4336 accuracy 81.25%
[2026-05-08 14:30:03,856][src.modRNN.training.training_loop][INFO] - 	 Starting Epoch: 571
[2026-05-08 14:30:04,577][src.modRNN.training.training_loop][INFO] - train epoch 571 loss 0.4127 accuracy 87.50%
[2026-05-08 14:30:04,578][src.modRNN.training.training_loop][INFO] - 	 Starting Epoch: 572
[2026-05-08 14:30:05,298][src.modRNN.training.training_loop][INFO] - train epoch 572 loss 0.4552 accuracy 81.25%
[2026-05-08 14:30:05,300][src.modRNN.training.training_loop][INFO] - 	 Starting Epoch: 573
[2026-05-08 14:30:06,019][src.modRNN.training.training_loop][INFO] - train epoch 573 loss 0.5116 accuracy 78.12%
[2026-05-08 14:30:06,020][src.modRNN.training.training_loop][INFO] - 	 Starting Epoch: 574
[2026-05-08 14:30:06,740][src.modRNN.training.training_loop][INFO] - train epoch 574 loss 0.4436 accuracy 84.38%
[2026-05-08 14:30:06,742][src.modRNN.training.training_loop][INFO] - 	 Starting Epoch: 575
[2026-05-08 14:30:07,462][src.modRNN.training.training_loop][INFO] - train epoch 575 loss 0.4747 accuracy 78.12%
[2026-05-08 14:30:07,464][src.modRNN.training.training_loop][INFO] - 	 Starting Epoch: 576
[2026-05-08 14:30:08,184][src.modRNN.training.training_loop][INFO] - train epoch 576 loss 0.4015 accuracy 84.38%
[2026-05-08 14:30:09,306][src.modRNN.training.training_loop][INFO] - eval  epoch 576 loss 0.4329 accuracy 83.20%
[2026-05-08 14:30:09,308][src.modRNN.training.training_loop][INFO] - 	 Starting Epoch: 577
[2026-05-08 14:30:10,032][src.modRNN.training.training_loop][INFO] - train epoch 577 loss 0.4771 accuracy 78.12%
[2026-05-08 14:30:10,034][src.modRNN.training.training_loop][INFO] - 	 Starting Epoch: 578
[2026-05-08 14:30:10,757][src.modRNN.training.training_loop][INFO] - train epoch 578 loss 0.4275 accuracy 90.62%
[2026-05-08 14:30:10,759][src.modRNN.training.training_loop][INFO] - 	 Starting Epoch: 579
[2026-05-08 14:30:11,482][src.modRNN.training.training_loop][INFO] - train epoch 579 loss 0.4068 accuracy 85.94%
[2026-05-08 14:30:11,484][src.modRNN.training.training_loop][INFO] - 	 Starting Epoch: 580
[2026-05-08 14:30:12,212][src.modRNN.training.training_loop][INFO] - train epoch 580 loss 0.5454 accuracy 73.44%
[2026-05-08 14:30:12,214][src.modRNN.training.training_loop][INFO] - 	 Starting Epoch: 581
[2026-05-08 14:30:12,934][src.modRNN.training.training_loop][INFO] - train epoch 581 loss 0.3764 accuracy 84.38%
[2026-05-08 14:30:12,936][src.modRNN.training.training_loop][INFO] - 	 Starting Epoch: 582
[2026-05-08 14:30:13,657][src.modRNN.training.training_loop][INFO] - train epoch 582 loss 0.3845 accuracy 85.94%
[2026-05-08 14:30:13,659][src.modRNN.training.training_loop][INFO] - 	 Starting Epoch: 583
[2026-05-08 14:30:14,379][src.modRNN.training.training_loop][INFO] - train epoch 583 loss 0.4488 accuracy 81.25%
[2026-05-08 14:30:14,380][src.modRNN.training.training_loop][INFO] - 	 Starting Epoch: 584
[2026-05-08 14:30:15,100][src.modRNN.training.training_loop][INFO] - train epoch 584 loss 0.3566 accuracy 90.62%
[2026-05-08 14:30:15,102][src.modRNN.training.training_loop][INFO] - 	 Starting Epoch: 585
[2026-05-08 14:30:15,821][src.modRNN.training.training_loop][INFO] - train epoch 585 loss 0.4100 accuracy 87.50%
[2026-05-08 14:30:15,823][src.modRNN.training.training_loop][INFO] - 	 Starting Epoch: 586
[2026-05-08 14:30:16,543][src.modRNN.training.training_loop][INFO] - train epoch 586 loss 0.4030 accuracy 85.94%
[2026-05-08 14:30:16,544][src.modRNN.training.training_loop][INFO] - 	 Starting Epoch: 587
[2026-05-08 14:30:17,266][src.modRNN.training.training_loop][INFO] - train epoch 587 loss 0.5104 accuracy 78.12%
[2026-05-08 14:30:17,268][src.modRNN.training.training_loop][INFO] - 	 Starting Epoch: 588
[2026-05-08 14:30:17,989][src.modRNN.training.training_loop][INFO] - train epoch 588 loss 0.6217 accuracy 75.00%
[2026-05-08 14:30:17,991][src.modRNN.training.training_loop][INFO] - 	 Starting Epoch: 589
[2026-05-08 14:30:18,712][src.modRNN.training.training_loop][INFO] - train epoch 589 loss 0.5378 accuracy 76.56%
[2026-05-08 14:30:18,713][src.modRNN.training.training_loop][INFO] - 	 Starting Epoch: 590
[2026-05-08 14:30:19,435][src.modRNN.training.training_loop][INFO] - train epoch 590 loss 0.4763 accuracy 78.12%
[2026-05-08 14:30:19,436][src.modRNN.training.training_loop][INFO] - 	 Starting Epoch: 591
[2026-05-08 14:30:20,158][src.modRNN.training.training_loop][INFO] - train epoch 591 loss 0.5651 accuracy 76.56%
[2026-05-08 14:30:20,160][src.modRNN.training.training_loop][INFO] - 	 Starting Epoch: 592
[2026-05-08 14:30:20,881][src.modRNN.training.training_loop][INFO] - train epoch 592 loss 0.5705 accuracy 76.56%
[2026-05-08 14:30:20,883][src.modRNN.training.training_loop][INFO] - 	 Starting Epoch: 593
[2026-05-08 14:30:21,604][src.modRNN.training.training_loop][INFO] - train epoch 593 loss 0.5497 accuracy 79.69%
[2026-05-08 14:30:21,605][src.modRNN.training.training_loop][INFO] - 	 Starting Epoch: 594
[2026-05-08 14:30:22,326][src.modRNN.training.training_loop][INFO] - train epoch 594 loss 0.4635 accuracy 82.81%
[2026-05-08 14:30:22,328][src.modRNN.training.training_loop][INFO] - 	 Starting Epoch: 595
[2026-05-08 14:30:23,048][src.modRNN.training.training_loop][INFO] - train epoch 595 loss 0.5253 accuracy 75.00%
[2026-05-08 14:30:23,050][src.modRNN.training.training_loop][INFO] - 	 Starting Epoch: 596
[2026-05-08 14:30:23,770][src.modRNN.training.training_loop][INFO] - train epoch 596 loss 0.4872 accuracy 81.25%
[2026-05-08 14:30:23,772][src.modRNN.training.training_loop][INFO] - 	 Starting Epoch: 597
[2026-05-08 14:30:24,494][src.modRNN.training.training_loop][INFO] - train epoch 597 loss 0.6529 accuracy 73.44%
[2026-05-08 14:30:24,496][src.modRNN.training.training_loop][INFO] - 	 Starting Epoch: 598
[2026-05-08 14:30:25,217][src.modRNN.training.training_loop][INFO] - train epoch 598 loss 0.4651 accuracy 79.69%
[2026-05-08 14:30:25,218][src.modRNN.training.training_loop][INFO] - 	 Starting Epoch: 599
[2026-05-08 14:30:25,939][src.modRNN.training.training_loop][INFO] - train epoch 599 loss 0.4036 accuracy 84.38%
[2026-05-08 14:30:25,941][src.modRNN.training.training_loop][INFO] - 	 Starting Epoch: 600
[2026-05-08 14:30:26,662][src.modRNN.training.training_loop][INFO] - train epoch 600 loss 0.4099 accuracy 82.81%
[2026-05-08 14:30:26,664][src.modRNN.training.training_loop][INFO] - 	 Starting Epoch: 601
[2026-05-08 14:30:27,398][src.modRNN.training.training_loop][INFO] - train epoch 601 loss 0.4091 accuracy 81.25%
[2026-05-08 14:30:28,522][src.modRNN.training.training_loop][INFO] - eval  epoch 601 loss 0.3975 accuracy 82.81%
[2026-05-08 14:30:28,523][src.modRNN.training.training_loop][INFO] - 	 Starting Epoch: 602
[2026-05-08 14:30:29,243][src.modRNN.training.training_loop][INFO] - train epoch 602 loss 0.3876 accuracy 87.50%
[2026-05-08 14:30:29,244][src.modRNN.training.training_loop][INFO] - 	 Starting Epoch: 603
[2026-05-08 14:30:29,964][src.modRNN.training.training_loop][INFO] - train epoch 603 loss 0.3609 accuracy 84.38%
[2026-05-08 14:30:29,966][src.modRNN.training.training_loop][INFO] - 	 Starting Epoch: 604
[2026-05-08 14:30:30,686][src.modRNN.training.training_loop][INFO] - train epoch 604 loss 0.4489 accuracy 79.69%
[2026-05-08 14:30:30,688][src.modRNN.training.training_loop][INFO] - 	 Starting Epoch: 605
[2026-05-08 14:30:31,407][src.modRNN.training.training_loop][INFO] - train epoch 605 loss 0.2853 accuracy 96.88%
[2026-05-08 14:30:31,408][src.modRNN.training.training_loop][INFO] - 	 Starting Epoch: 606
[2026-05-08 14:30:32,125][src.modRNN.training.training_loop][INFO] - train epoch 606 loss 0.4050 accuracy 84.38%
[2026-05-08 14:30:32,127][src.modRNN.training.training_loop][INFO] - 	 Starting Epoch: 607
[2026-05-08 14:30:32,846][src.modRNN.training.training_loop][INFO] - train epoch 607 loss 0.2923 accuracy 96.88%
[2026-05-08 14:30:32,848][src.modRNN.training.training_loop][INFO] - 	 Starting Epoch: 608
[2026-05-08 14:30:33,567][src.modRNN.training.training_loop][INFO] - train epoch 608 loss 0.4192 accuracy 82.81%
[2026-05-08 14:30:33,569][src.modRNN.training.training_loop][INFO] - 	 Starting Epoch: 609
[2026-05-08 14:30:34,287][src.modRNN.training.training_loop][INFO] - train epoch 609 loss 0.3308 accuracy 87.50%
[2026-05-08 14:30:34,289][src.modRNN.training.training_loop][INFO] - 	 Starting Epoch: 610
[2026-05-08 14:30:35,006][src.modRNN.training.training_loop][INFO] - train epoch 610 loss 0.3908 accuracy 85.94%
[2026-05-08 14:30:35,008][src.modRNN.training.training_loop][INFO] - 	 Starting Epoch: 611
[2026-05-08 14:30:35,727][src.modRNN.training.training_loop][INFO] - train epoch 611 loss 0.3314 accuracy 87.50%
[2026-05-08 14:30:35,729][src.modRNN.training.training_loop][INFO] - 	 Starting Epoch: 612
[2026-05-08 14:30:36,447][src.modRNN.training.training_loop][INFO] - train epoch 612 loss 0.3578 accuracy 90.62%
[2026-05-08 14:30:36,449][src.modRNN.training.training_loop][INFO] - 	 Starting Epoch: 613
[2026-05-08 14:30:37,168][src.modRNN.training.training_loop][INFO] - train epoch 613 loss 0.3748 accuracy 87.50%
[2026-05-08 14:30:37,170][src.modRNN.training.training_loop][INFO] - 	 Starting Epoch: 614
[2026-05-08 14:30:37,888][src.modRNN.training.training_loop][INFO] - train epoch 614 loss 0.4687 accuracy 75.00%
[2026-05-08 14:30:37,889][src.modRNN.training.training_loop][INFO] - 	 Starting Epoch: 615
[2026-05-08 14:30:38,607][src.modRNN.training.training_loop][INFO] - train epoch 615 loss 0.3956 accuracy 84.38%
[2026-05-08 14:30:38,609][src.modRNN.training.training_loop][INFO] - 	 Starting Epoch: 616
[2026-05-08 14:30:39,327][src.modRNN.training.training_loop][INFO] - train epoch 616 loss 0.3618 accuracy 82.81%
[2026-05-08 14:30:39,329][src.modRNN.training.training_loop][INFO] - 	 Starting Epoch: 617
[2026-05-08 14:30:40,046][src.modRNN.training.training_loop][INFO] - train epoch 617 loss 0.3015 accuracy 95.31%
[2026-05-08 14:30:40,048][src.modRNN.training.training_loop][INFO] - 	 Starting Epoch: 618
[2026-05-08 14:30:40,768][src.modRNN.training.training_loop][INFO] - train epoch 618 loss 0.3597 accuracy 85.94%
[2026-05-08 14:30:40,770][src.modRNN.training.training_loop][INFO] - 	 Starting Epoch: 619
[2026-05-08 14:30:41,488][src.modRNN.training.training_loop][INFO] - train epoch 619 loss 0.3630 accuracy 89.06%
[2026-05-08 14:30:41,490][src.modRNN.training.training_loop][INFO] - 	 Starting Epoch: 620
[2026-05-08 14:30:42,209][src.modRNN.training.training_loop][INFO] - train epoch 620 loss 0.3611 accuracy 87.50%
[2026-05-08 14:30:42,211][src.modRNN.training.training_loop][INFO] - 	 Starting Epoch: 621
[2026-05-08 14:30:42,930][src.modRNN.training.training_loop][INFO] - train epoch 621 loss 0.3110 accuracy 87.50%
[2026-05-08 14:30:42,932][src.modRNN.training.training_loop][INFO] - 	 Starting Epoch: 622
[2026-05-08 14:30:43,652][src.modRNN.training.training_loop][INFO] - train epoch 622 loss 0.2825 accuracy 90.62%
[2026-05-08 14:30:43,654][src.modRNN.training.training_loop][INFO] - 	 Starting Epoch: 623
[2026-05-08 14:30:44,371][src.modRNN.training.training_loop][INFO] - train epoch 623 loss 0.4397 accuracy 79.69%
[2026-05-08 14:30:44,373][src.modRNN.training.training_loop][INFO] - 	 Starting Epoch: 624
[2026-05-08 14:30:45,091][src.modRNN.training.training_loop][INFO] - train epoch 624 loss 0.3426 accuracy 87.50%
[2026-05-08 14:30:45,092][src.modRNN.training.training_loop][INFO] - 	 Starting Epoch: 625
[2026-05-08 14:30:45,811][src.modRNN.training.training_loop][INFO] - train epoch 625 loss 0.3540 accuracy 85.94%
[2026-05-08 14:30:45,812][src.modRNN.training.training_loop][INFO] - 	 Starting Epoch: 626
[2026-05-08 14:30:46,531][src.modRNN.training.training_loop][INFO] - train epoch 626 loss 0.3787 accuracy 84.38%
[2026-05-08 14:30:47,651][src.modRNN.training.training_loop][INFO] - eval  epoch 626 loss 0.3559 accuracy 85.55%
[2026-05-08 14:30:47,653][src.modRNN.training.training_loop][INFO] - 	 Starting Epoch: 627
[2026-05-08 14:30:48,372][src.modRNN.training.training_loop][INFO] - train epoch 627 loss 0.4010 accuracy 82.81%
[2026-05-08 14:30:48,373][src.modRNN.training.training_loop][INFO] - 	 Starting Epoch: 628
[2026-05-08 14:30:49,092][src.modRNN.training.training_loop][INFO] - train epoch 628 loss 0.3981 accuracy 78.12%
[2026-05-08 14:30:49,094][src.modRNN.training.training_loop][INFO] - 	 Starting Epoch: 629
[2026-05-08 14:30:49,814][src.modRNN.training.training_loop][INFO] - train epoch 629 loss 0.3335 accuracy 87.50%
[2026-05-08 14:30:49,815][src.modRNN.training.training_loop][INFO] - 	 Starting Epoch: 630
[2026-05-08 14:30:50,534][src.modRNN.training.training_loop][INFO] - train epoch 630 loss 0.3028 accuracy 92.19%
[2026-05-08 14:30:50,536][src.modRNN.training.training_loop][INFO] - 	 Starting Epoch: 631
[2026-05-08 14:30:51,255][src.modRNN.training.training_loop][INFO] - train epoch 631 loss 0.3570 accuracy 85.94%
[2026-05-08 14:30:51,257][src.modRNN.training.training_loop][INFO] - 	 Starting Epoch: 632
[2026-05-08 14:30:51,976][src.modRNN.training.training_loop][INFO] - train epoch 632 loss 0.3694 accuracy 82.81%
[2026-05-08 14:30:51,978][src.modRNN.training.training_loop][INFO] - 	 Starting Epoch: 633
[2026-05-08 14:30:52,697][src.modRNN.training.training_loop][INFO] - train epoch 633 loss 0.3621 accuracy 85.94%
[2026-05-08 14:30:52,699][src.modRNN.training.training_loop][INFO] - 	 Starting Epoch: 634
[2026-05-08 14:30:53,418][src.modRNN.training.training_loop][INFO] - train epoch 634 loss 0.3400 accuracy 87.50%
[2026-05-08 14:30:53,419][src.modRNN.training.training_loop][INFO] - 	 Starting Epoch: 635
[2026-05-08 14:30:54,139][src.modRNN.training.training_loop][INFO] - train epoch 635 loss 0.3662 accuracy 84.38%
[2026-05-08 14:30:54,140][src.modRNN.training.training_loop][INFO] - 	 Starting Epoch: 636
[2026-05-08 14:30:54,859][src.modRNN.training.training_loop][INFO] - train epoch 636 loss 0.3060 accuracy 92.19%
[2026-05-08 14:30:54,861][src.modRNN.training.training_loop][INFO] - 	 Starting Epoch: 637
[2026-05-08 14:30:55,581][src.modRNN.training.training_loop][INFO] - train epoch 637 loss 0.3497 accuracy 87.50%
[2026-05-08 14:30:55,582][src.modRNN.training.training_loop][INFO] - 	 Starting Epoch: 638
[2026-05-08 14:30:56,303][src.modRNN.training.training_loop][INFO] - train epoch 638 loss 0.3468 accuracy 89.06%
[2026-05-08 14:30:56,305][src.modRNN.training.training_loop][INFO] - 	 Starting Epoch: 639
[2026-05-08 14:30:57,024][src.modRNN.training.training_loop][INFO] - train epoch 639 loss 0.3558 accuracy 89.06%
[2026-05-08 14:30:57,026][src.modRNN.training.training_loop][INFO] - 	 Starting Epoch: 640
[2026-05-08 14:30:57,744][src.modRNN.training.training_loop][INFO] - train epoch 640 loss 0.3570 accuracy 90.62%
[2026-05-08 14:30:57,745][src.modRNN.training.training_loop][INFO] - 	 Starting Epoch: 641
[2026-05-08 14:30:58,465][src.modRNN.training.training_loop][INFO] - train epoch 641 loss 0.3188 accuracy 93.75%
[2026-05-08 14:30:58,466][src.modRNN.training.training_loop][INFO] - 	 Starting Epoch: 642
[2026-05-08 14:30:59,184][src.modRNN.training.training_loop][INFO] - train epoch 642 loss 0.3271 accuracy 92.19%
[2026-05-08 14:30:59,186][src.modRNN.training.training_loop][INFO] - 	 Starting Epoch: 643
[2026-05-08 14:30:59,905][src.modRNN.training.training_loop][INFO] - train epoch 643 loss 0.3232 accuracy 92.19%
[2026-05-08 14:30:59,906][src.modRNN.training.training_loop][INFO] - 	 Starting Epoch: 644
[2026-05-08 14:31:00,631][src.modRNN.training.training_loop][INFO] - train epoch 644 loss 0.3127 accuracy 95.31%
[2026-05-08 14:31:00,633][src.modRNN.training.training_loop][INFO] - 	 Starting Epoch: 645
[2026-05-08 14:31:01,358][src.modRNN.training.training_loop][INFO] - train epoch 645 loss 0.3334 accuracy 92.19%
[2026-05-08 14:31:01,360][src.modRNN.training.training_loop][INFO] - 	 Starting Epoch: 646
[2026-05-08 14:31:02,081][src.modRNN.training.training_loop][INFO] - train epoch 646 loss 0.3491 accuracy 87.50%
[2026-05-08 14:31:02,083][src.modRNN.training.training_loop][INFO] - 	 Starting Epoch: 647
[2026-05-08 14:31:02,804][src.modRNN.training.training_loop][INFO] - train epoch 647 loss 0.3538 accuracy 93.75%
[2026-05-08 14:31:02,805][src.modRNN.training.training_loop][INFO] - 	 Starting Epoch: 648
[2026-05-08 14:31:03,527][src.modRNN.training.training_loop][INFO] - train epoch 648 loss 0.3304 accuracy 90.62%
[2026-05-08 14:31:03,528][src.modRNN.training.training_loop][INFO] - 	 Starting Epoch: 649
[2026-05-08 14:31:04,249][src.modRNN.training.training_loop][INFO] - train epoch 649 loss 0.4033 accuracy 87.50%
[2026-05-08 14:31:04,251][src.modRNN.training.training_loop][INFO] - 	 Starting Epoch: 650
[2026-05-08 14:31:04,973][src.modRNN.training.training_loop][INFO] - train epoch 650 loss 0.3180 accuracy 87.50%
[2026-05-08 14:31:04,975][src.modRNN.training.training_loop][INFO] - 	 Starting Epoch: 651
[2026-05-08 14:31:05,698][src.modRNN.training.training_loop][INFO] - train epoch 651 loss 0.3059 accuracy 90.62%
[2026-05-08 14:31:06,819][src.modRNN.training.training_loop][INFO] - eval  epoch 651 loss 0.3464 accuracy 87.70%
[2026-05-08 14:31:06,821][src.modRNN.training.training_loop][INFO] - 	 Starting Epoch: 652
[2026-05-08 14:31:07,539][src.modRNN.training.training_loop][INFO] - train epoch 652 loss 0.3281 accuracy 89.06%
[2026-05-08 14:31:07,541][src.modRNN.training.training_loop][INFO] - 	 Starting Epoch: 653
[2026-05-08 14:31:08,262][src.modRNN.training.training_loop][INFO] - train epoch 653 loss 0.4019 accuracy 87.50%
[2026-05-08 14:31:08,263][src.modRNN.training.training_loop][INFO] - 	 Starting Epoch: 654
[2026-05-08 14:31:08,984][src.modRNN.training.training_loop][INFO] - train epoch 654 loss 0.2779 accuracy 92.19%
[2026-05-08 14:31:08,986][src.modRNN.training.training_loop][INFO] - 	 Starting Epoch: 655
[2026-05-08 14:31:09,706][src.modRNN.training.training_loop][INFO] - train epoch 655 loss 0.3895 accuracy 85.94%
[2026-05-08 14:31:09,708][src.modRNN.training.training_loop][INFO] - 	 Starting Epoch: 656
[2026-05-08 14:31:10,429][src.modRNN.training.training_loop][INFO] - train epoch 656 loss 0.3354 accuracy 90.62%
[2026-05-08 14:31:10,431][src.modRNN.training.training_loop][INFO] - 	 Starting Epoch: 657
[2026-05-08 14:31:11,150][src.modRNN.training.training_loop][INFO] - train epoch 657 loss 0.3430 accuracy 89.06%
[2026-05-08 14:31:11,152][src.modRNN.training.training_loop][INFO] - 	 Starting Epoch: 658
[2026-05-08 14:31:11,871][src.modRNN.training.training_loop][INFO] - train epoch 658 loss 0.2911 accuracy 95.31%
[2026-05-08 14:31:11,873][src.modRNN.training.training_loop][INFO] - 	 Starting Epoch: 659
[2026-05-08 14:31:12,591][src.modRNN.training.training_loop][INFO] - train epoch 659 loss 0.3140 accuracy 93.75%
[2026-05-08 14:31:12,592][src.modRNN.training.training_loop][INFO] - 	 Starting Epoch: 660
[2026-05-08 14:31:13,311][src.modRNN.training.training_loop][INFO] - train epoch 660 loss 0.3560 accuracy 92.19%
[2026-05-08 14:31:13,313][src.modRNN.training.training_loop][INFO] - 	 Starting Epoch: 661
[2026-05-08 14:31:14,033][src.modRNN.training.training_loop][INFO] - train epoch 661 loss 0.3000 accuracy 92.19%
[2026-05-08 14:31:14,035][src.modRNN.training.training_loop][INFO] - 	 Starting Epoch: 662
[2026-05-08 14:31:14,753][src.modRNN.training.training_loop][INFO] - train epoch 662 loss 0.3869 accuracy 82.81%
[2026-05-08 14:31:14,755][src.modRNN.training.training_loop][INFO] - 	 Starting Epoch: 663
[2026-05-08 14:31:15,474][src.modRNN.training.training_loop][INFO] - train epoch 663 loss 0.3557 accuracy 87.50%
[2026-05-08 14:31:15,476][src.modRNN.training.training_loop][INFO] - 	 Starting Epoch: 664
[2026-05-08 14:31:16,195][src.modRNN.training.training_loop][INFO] - train epoch 664 loss 0.3018 accuracy 98.44%
[2026-05-08 14:31:16,197][src.modRNN.training.training_loop][INFO] - 	 Starting Epoch: 665
[2026-05-08 14:31:16,916][src.modRNN.training.training_loop][INFO] - train epoch 665 loss 0.3221 accuracy 89.06%
[2026-05-08 14:31:16,918][src.modRNN.training.training_loop][INFO] - 	 Starting Epoch: 666
[2026-05-08 14:31:17,638][src.modRNN.training.training_loop][INFO] - train epoch 666 loss 0.3302 accuracy 90.62%
[2026-05-08 14:31:17,640][src.modRNN.training.training_loop][INFO] - 	 Starting Epoch: 667
[2026-05-08 14:31:18,359][src.modRNN.training.training_loop][INFO] - train epoch 667 loss 0.3041 accuracy 90.62%
[2026-05-08 14:31:18,361][src.modRNN.training.training_loop][INFO] - 	 Starting Epoch: 668
[2026-05-08 14:31:19,081][src.modRNN.training.training_loop][INFO] - train epoch 668 loss 0.3130 accuracy 90.62%
[2026-05-08 14:31:19,083][src.modRNN.training.training_loop][INFO] - 	 Starting Epoch: 669
[2026-05-08 14:31:19,808][src.modRNN.training.training_loop][INFO] - train epoch 669 loss 0.3282 accuracy 92.19%
[2026-05-08 14:31:19,810][src.modRNN.training.training_loop][INFO] - 	 Starting Epoch: 670
[2026-05-08 14:31:20,530][src.modRNN.training.training_loop][INFO] - train epoch 670 loss 0.3318 accuracy 93.75%
[2026-05-08 14:31:20,532][src.modRNN.training.training_loop][INFO] - 	 Starting Epoch: 671
[2026-05-08 14:31:21,253][src.modRNN.training.training_loop][INFO] - train epoch 671 loss 0.3627 accuracy 89.06%
[2026-05-08 14:31:21,254][src.modRNN.training.training_loop][INFO] - 	 Starting Epoch: 672
[2026-05-08 14:31:21,975][src.modRNN.training.training_loop][INFO] - train epoch 672 loss 0.2497 accuracy 96.88%
[2026-05-08 14:31:21,977][src.modRNN.training.training_loop][INFO] - 	 Starting Epoch: 673
[2026-05-08 14:31:22,699][src.modRNN.training.training_loop][INFO] - train epoch 673 loss 0.3022 accuracy 92.19%
[2026-05-08 14:31:22,700][src.modRNN.training.training_loop][INFO] - 	 Starting Epoch: 674
[2026-05-08 14:31:23,422][src.modRNN.training.training_loop][INFO] - train epoch 674 loss 0.3530 accuracy 84.38%
[2026-05-08 14:31:23,424][src.modRNN.training.training_loop][INFO] - 	 Starting Epoch: 675
[2026-05-08 14:31:24,144][src.modRNN.training.training_loop][INFO] - train epoch 675 loss 0.3269 accuracy 84.38%
[2026-05-08 14:31:24,146][src.modRNN.training.training_loop][INFO] - 	 Starting Epoch: 676
[2026-05-08 14:31:24,867][src.modRNN.training.training_loop][INFO] - train epoch 676 loss 0.2825 accuracy 95.31%
[2026-05-08 14:31:25,989][src.modRNN.training.training_loop][INFO] - eval  epoch 676 loss 0.3211 accuracy 89.84%
[2026-05-08 14:31:25,991][src.modRNN.training.training_loop][INFO] - 	 Starting Epoch: 677
[2026-05-08 14:31:26,712][src.modRNN.training.training_loop][INFO] - train epoch 677 loss 0.2989 accuracy 92.19%
[2026-05-08 14:31:26,714][src.modRNN.training.training_loop][INFO] - 	 Starting Epoch: 678
[2026-05-08 14:31:27,448][src.modRNN.training.training_loop][INFO] - train epoch 678 loss 0.3150 accuracy 92.19%
[2026-05-08 14:31:27,464][src.modRNN.training.training_loop][INFO] - 	 Starting Epoch: 679
[2026-05-08 14:31:28,214][src.modRNN.training.training_loop][INFO] - train epoch 679 loss 0.2737 accuracy 95.31%
[2026-05-08 14:31:28,216][src.modRNN.training.training_loop][INFO] - 	 Starting Epoch: 680
[2026-05-08 14:31:28,937][src.modRNN.training.training_loop][INFO] - train epoch 680 loss 0.3043 accuracy 93.75%
[2026-05-08 14:31:28,939][src.modRNN.training.training_loop][INFO] - 	 Starting Epoch: 681
[2026-05-08 14:31:29,661][src.modRNN.training.training_loop][INFO] - train epoch 681 loss 0.3440 accuracy 92.19%
[2026-05-08 14:31:29,662][src.modRNN.training.training_loop][INFO] - 	 Starting Epoch: 682
[2026-05-08 14:31:30,383][src.modRNN.training.training_loop][INFO] - train epoch 682 loss 0.2952 accuracy 92.19%
[2026-05-08 14:31:30,385][src.modRNN.training.training_loop][INFO] - 	 Starting Epoch: 683
[2026-05-08 14:31:31,106][src.modRNN.training.training_loop][INFO] - train epoch 683 loss 0.3327 accuracy 92.19%
[2026-05-08 14:31:31,108][src.modRNN.training.training_loop][INFO] - 	 Starting Epoch: 684
[2026-05-08 14:31:31,827][src.modRNN.training.training_loop][INFO] - train epoch 684 loss 0.3192 accuracy 95.31%
[2026-05-08 14:31:31,829][src.modRNN.training.training_loop][INFO] - 	 Starting Epoch: 685
[2026-05-08 14:31:32,549][src.modRNN.training.training_loop][INFO] - train epoch 685 loss 0.3043 accuracy 95.31%
[2026-05-08 14:31:32,550][src.modRNN.training.training_loop][INFO] - 	 Starting Epoch: 686
[2026-05-08 14:31:33,270][src.modRNN.training.training_loop][INFO] - train epoch 686 loss 0.3936 accuracy 82.81%
[2026-05-08 14:31:33,272][src.modRNN.training.training_loop][INFO] - 	 Starting Epoch: 687
[2026-05-08 14:31:33,992][src.modRNN.training.training_loop][INFO] - train epoch 687 loss 0.3104 accuracy 90.62%
[2026-05-08 14:31:33,994][src.modRNN.training.training_loop][INFO] - 	 Starting Epoch: 688
[2026-05-08 14:31:34,714][src.modRNN.training.training_loop][INFO] - train epoch 688 loss 0.3379 accuracy 90.62%
[2026-05-08 14:31:34,716][src.modRNN.training.training_loop][INFO] - 	 Starting Epoch: 689
[2026-05-08 14:31:35,438][src.modRNN.training.training_loop][INFO] - train epoch 689 loss 0.2218 accuracy 96.88%
[2026-05-08 14:31:35,440][src.modRNN.training.training_loop][INFO] - 	 Starting Epoch: 690
[2026-05-08 14:31:36,160][src.modRNN.training.training_loop][INFO] - train epoch 690 loss 0.3071 accuracy 92.19%
[2026-05-08 14:31:36,162][src.modRNN.training.training_loop][INFO] - 	 Starting Epoch: 691
[2026-05-08 14:31:36,882][src.modRNN.training.training_loop][INFO] - train epoch 691 loss 0.3020 accuracy 95.31%
[2026-05-08 14:31:36,884][src.modRNN.training.training_loop][INFO] - 	 Starting Epoch: 692
[2026-05-08 14:31:37,605][src.modRNN.training.training_loop][INFO] - train epoch 692 loss 0.3244 accuracy 89.06%
[2026-05-08 14:31:37,607][src.modRNN.training.training_loop][INFO] - 	 Starting Epoch: 693
[2026-05-08 14:31:38,332][src.modRNN.training.training_loop][INFO] - train epoch 693 loss 0.3344 accuracy 89.06%
[2026-05-08 14:31:38,338][src.modRNN.training.training_loop][INFO] - 	 Starting Epoch: 694
[2026-05-08 14:31:39,062][src.modRNN.training.training_loop][INFO] - train epoch 694 loss 0.3577 accuracy 85.94%
[2026-05-08 14:31:39,064][src.modRNN.training.training_loop][INFO] - 	 Starting Epoch: 695
[2026-05-08 14:31:39,784][src.modRNN.training.training_loop][INFO] - train epoch 695 loss 0.3532 accuracy 87.50%
[2026-05-08 14:31:39,786][src.modRNN.training.training_loop][INFO] - 	 Starting Epoch: 696
[2026-05-08 14:31:40,507][src.modRNN.training.training_loop][INFO] - train epoch 696 loss 0.3259 accuracy 87.50%
[2026-05-08 14:31:40,509][src.modRNN.training.training_loop][INFO] - 	 Starting Epoch: 697
[2026-05-08 14:31:41,230][src.modRNN.training.training_loop][INFO] - train epoch 697 loss 0.2534 accuracy 96.88%
[2026-05-08 14:31:41,232][src.modRNN.training.training_loop][INFO] - 	 Starting Epoch: 698
[2026-05-08 14:31:41,951][src.modRNN.training.training_loop][INFO] - train epoch 698 loss 0.3160 accuracy 89.06%
[2026-05-08 14:31:41,953][src.modRNN.training.training_loop][INFO] - 	 Starting Epoch: 699
[2026-05-08 14:31:42,675][src.modRNN.training.training_loop][INFO] - train epoch 699 loss 0.3402 accuracy 90.62%
[2026-05-08 14:31:42,676][src.modRNN.training.training_loop][INFO] - 	 Starting Epoch: 700
[2026-05-08 14:31:43,397][src.modRNN.training.training_loop][INFO] - train epoch 700 loss 0.3727 accuracy 90.62%
[2026-05-08 14:31:43,398][src.modRNN.training.training_loop][INFO] - 	 Starting Epoch: 701
[2026-05-08 14:31:44,119][src.modRNN.training.training_loop][INFO] - train epoch 701 loss 0.3439 accuracy 89.06%
[2026-05-08 14:31:45,242][src.modRNN.training.training_loop][INFO] - eval  epoch 701 loss 0.3185 accuracy 89.65%
[2026-05-08 14:31:45,244][src.modRNN.training.training_loop][INFO] - 	 Starting Epoch: 702
[2026-05-08 14:31:45,963][src.modRNN.training.training_loop][INFO] - train epoch 702 loss 0.2310 accuracy 96.88%
[2026-05-08 14:31:45,964][src.modRNN.training.training_loop][INFO] - 	 Starting Epoch: 703
[2026-05-08 14:31:46,682][src.modRNN.training.training_loop][INFO] - train epoch 703 loss 0.2673 accuracy 95.31%
[2026-05-08 14:31:46,684][src.modRNN.training.training_loop][INFO] - 	 Starting Epoch: 704
[2026-05-08 14:31:47,401][src.modRNN.training.training_loop][INFO] - train epoch 704 loss 0.3371 accuracy 90.62%
[2026-05-08 14:31:47,403][src.modRNN.training.training_loop][INFO] - 	 Starting Epoch: 705
[2026-05-08 14:31:48,123][src.modRNN.training.training_loop][INFO] - train epoch 705 loss 0.3093 accuracy 92.19%
[2026-05-08 14:31:48,125][src.modRNN.training.training_loop][INFO] - 	 Starting Epoch: 706
[2026-05-08 14:31:48,844][src.modRNN.training.training_loop][INFO] - train epoch 706 loss 0.3158 accuracy 85.94%
[2026-05-08 14:31:48,845][src.modRNN.training.training_loop][INFO] - 	 Starting Epoch: 707
[2026-05-08 14:31:49,564][src.modRNN.training.training_loop][INFO] - train epoch 707 loss 0.3219 accuracy 90.62%
[2026-05-08 14:31:49,566][src.modRNN.training.training_loop][INFO] - 	 Starting Epoch: 708
[2026-05-08 14:31:50,284][src.modRNN.training.training_loop][INFO] - train epoch 708 loss 0.2317 accuracy 93.75%
[2026-05-08 14:31:50,286][src.modRNN.training.training_loop][INFO] - 	 Starting Epoch: 709
[2026-05-08 14:31:51,004][src.modRNN.training.training_loop][INFO] - train epoch 709 loss 0.2971 accuracy 89.06%
[2026-05-08 14:31:51,006][src.modRNN.training.training_loop][INFO] - 	 Starting Epoch: 710
[2026-05-08 14:31:51,724][src.modRNN.training.training_loop][INFO] - train epoch 710 loss 0.3405 accuracy 92.19%
[2026-05-08 14:31:51,725][src.modRNN.training.training_loop][INFO] - 	 Starting Epoch: 711
[2026-05-08 14:31:52,442][src.modRNN.training.training_loop][INFO] - train epoch 711 loss 0.3383 accuracy 89.06%
[2026-05-08 14:31:52,444][src.modRNN.training.training_loop][INFO] - 	 Starting Epoch: 712
[2026-05-08 14:31:53,161][src.modRNN.training.training_loop][INFO] - train epoch 712 loss 0.3380 accuracy 93.75%
[2026-05-08 14:31:53,162][src.modRNN.training.training_loop][INFO] - 	 Starting Epoch: 713
[2026-05-08 14:31:53,880][src.modRNN.training.training_loop][INFO] - train epoch 713 loss 0.3658 accuracy 87.50%
[2026-05-08 14:31:53,881][src.modRNN.training.training_loop][INFO] - 	 Starting Epoch: 714
[2026-05-08 14:31:54,600][src.modRNN.training.training_loop][INFO] - train epoch 714 loss 0.3000 accuracy 90.62%
[2026-05-08 14:31:54,601][src.modRNN.training.training_loop][INFO] - 	 Starting Epoch: 715
[2026-05-08 14:31:55,320][src.modRNN.training.training_loop][INFO] - train epoch 715 loss 0.2744 accuracy 90.62%
[2026-05-08 14:31:55,321][src.modRNN.training.training_loop][INFO] - 	 Starting Epoch: 716
[2026-05-08 14:31:56,039][src.modRNN.training.training_loop][INFO] - train epoch 716 loss 0.2937 accuracy 90.62%
[2026-05-08 14:31:56,040][src.modRNN.training.training_loop][INFO] - 	 Starting Epoch: 717
[2026-05-08 14:31:56,758][src.modRNN.training.training_loop][INFO] - train epoch 717 loss 0.2872 accuracy 92.19%
[2026-05-08 14:31:56,759][src.modRNN.training.training_loop][INFO] - 	 Starting Epoch: 718
[2026-05-08 14:31:57,478][src.modRNN.training.training_loop][INFO] - train epoch 718 loss 0.3005 accuracy 90.62%
[2026-05-08 14:31:57,479][src.modRNN.training.training_loop][INFO] - 	 Starting Epoch: 719
[2026-05-08 14:31:58,196][src.modRNN.training.training_loop][INFO] - train epoch 719 loss 0.3454 accuracy 89.06%
[2026-05-08 14:31:58,198][src.modRNN.training.training_loop][INFO] - 	 Starting Epoch: 720
[2026-05-08 14:31:58,915][src.modRNN.training.training_loop][INFO] - train epoch 720 loss 0.2903 accuracy 89.06%
[2026-05-08 14:31:58,917][src.modRNN.training.training_loop][INFO] - 	 Starting Epoch: 721
[2026-05-08 14:31:59,639][src.modRNN.training.training_loop][INFO] - train epoch 721 loss 0.3502 accuracy 87.50%
[2026-05-08 14:31:59,640][src.modRNN.training.training_loop][INFO] - 	 Starting Epoch: 722
[2026-05-08 14:32:00,361][src.modRNN.training.training_loop][INFO] - train epoch 722 loss 0.3624 accuracy 89.06%
[2026-05-08 14:32:00,363][src.modRNN.training.training_loop][INFO] - 	 Starting Epoch: 723
[2026-05-08 14:32:01,082][src.modRNN.training.training_loop][INFO] - train epoch 723 loss 0.2546 accuracy 95.31%
[2026-05-08 14:32:01,083][src.modRNN.training.training_loop][INFO] - 	 Starting Epoch: 724
[2026-05-08 14:32:01,808][src.modRNN.training.training_loop][INFO] - train epoch 724 loss 0.2815 accuracy 92.19%
[2026-05-08 14:32:01,810][src.modRNN.training.training_loop][INFO] - 	 Starting Epoch: 725
[2026-05-08 14:32:02,531][src.modRNN.training.training_loop][INFO] - train epoch 725 loss 0.2582 accuracy 95.31%
[2026-05-08 14:32:02,532][src.modRNN.training.training_loop][INFO] - 	 Starting Epoch: 726
[2026-05-08 14:32:03,252][src.modRNN.training.training_loop][INFO] - train epoch 726 loss 0.3896 accuracy 84.38%
[2026-05-08 14:32:04,375][src.modRNN.training.training_loop][INFO] - eval  epoch 726 loss 0.3383 accuracy 88.28%
[2026-05-08 14:32:04,376][src.modRNN.training.training_loop][INFO] - 	 Starting Epoch: 727
[2026-05-08 14:32:05,097][src.modRNN.training.training_loop][INFO] - train epoch 727 loss 0.3398 accuracy 90.62%
[2026-05-08 14:32:05,098][src.modRNN.training.training_loop][INFO] - 	 Starting Epoch: 728
[2026-05-08 14:32:05,819][src.modRNN.training.training_loop][INFO] - train epoch 728 loss 0.3381 accuracy 87.50%
[2026-05-08 14:32:05,821][src.modRNN.training.training_loop][INFO] - 	 Starting Epoch: 729
[2026-05-08 14:32:06,541][src.modRNN.training.training_loop][INFO] - train epoch 729 loss 0.2857 accuracy 92.19%
[2026-05-08 14:32:06,543][src.modRNN.training.training_loop][INFO] - 	 Starting Epoch: 730
[2026-05-08 14:32:07,263][src.modRNN.training.training_loop][INFO] - train epoch 730 loss 0.4125 accuracy 84.38%
[2026-05-08 14:32:07,264][src.modRNN.training.training_loop][INFO] - 	 Starting Epoch: 731
[2026-05-08 14:32:07,985][src.modRNN.training.training_loop][INFO] - train epoch 731 loss 0.3232 accuracy 93.75%
[2026-05-08 14:32:07,986][src.modRNN.training.training_loop][INFO] - 	 Starting Epoch: 732
[2026-05-08 14:32:08,708][src.modRNN.training.training_loop][INFO] - train epoch 732 loss 0.3425 accuracy 85.94%
[2026-05-08 14:32:08,709][src.modRNN.training.training_loop][INFO] - 	 Starting Epoch: 733
[2026-05-08 14:32:09,430][src.modRNN.training.training_loop][INFO] - train epoch 733 loss 0.3165 accuracy 90.62%
[2026-05-08 14:32:09,432][src.modRNN.training.training_loop][INFO] - 	 Starting Epoch: 734
[2026-05-08 14:32:10,151][src.modRNN.training.training_loop][INFO] - train epoch 734 loss 0.2862 accuracy 90.62%
[2026-05-08 14:32:10,153][src.modRNN.training.training_loop][INFO] - 	 Starting Epoch: 735
[2026-05-08 14:32:10,874][src.modRNN.training.training_loop][INFO] - train epoch 735 loss 0.3824 accuracy 89.06%
[2026-05-08 14:32:10,876][src.modRNN.training.training_loop][INFO] - 	 Starting Epoch: 736
[2026-05-08 14:32:11,596][src.modRNN.training.training_loop][INFO] - train epoch 736 loss 0.3034 accuracy 92.19%
[2026-05-08 14:32:11,597][src.modRNN.training.training_loop][INFO] - 	 Starting Epoch: 737
[2026-05-08 14:32:12,319][src.modRNN.training.training_loop][INFO] - train epoch 737 loss 0.2794 accuracy 96.88%
[2026-05-08 14:32:12,321][src.modRNN.training.training_loop][INFO] - 	 Starting Epoch: 738
[2026-05-08 14:32:13,040][src.modRNN.training.training_loop][INFO] - train epoch 738 loss 0.3412 accuracy 89.06%
[2026-05-08 14:32:13,042][src.modRNN.training.training_loop][INFO] - 	 Starting Epoch: 739
[2026-05-08 14:32:13,763][src.modRNN.training.training_loop][INFO] - train epoch 739 loss 0.2997 accuracy 92.19%
[2026-05-08 14:32:13,765][src.modRNN.training.training_loop][INFO] - 	 Starting Epoch: 740
[2026-05-08 14:32:14,485][src.modRNN.training.training_loop][INFO] - train epoch 740 loss 0.3661 accuracy 84.38%
[2026-05-08 14:32:14,487][src.modRNN.training.training_loop][INFO] - 	 Starting Epoch: 741
[2026-05-08 14:32:15,208][src.modRNN.training.training_loop][INFO] - train epoch 741 loss 0.3690 accuracy 89.06%
[2026-05-08 14:32:15,209][src.modRNN.training.training_loop][INFO] - 	 Starting Epoch: 742
[2026-05-08 14:32:15,930][src.modRNN.training.training_loop][INFO] - train epoch 742 loss 0.3387 accuracy 93.75%
[2026-05-08 14:32:15,932][src.modRNN.training.training_loop][INFO] - 	 Starting Epoch: 743
[2026-05-08 14:32:16,652][src.modRNN.training.training_loop][INFO] - train epoch 743 loss 0.3355 accuracy 89.06%
[2026-05-08 14:32:16,653][src.modRNN.training.training_loop][INFO] - 	 Starting Epoch: 744
[2026-05-08 14:32:17,375][src.modRNN.training.training_loop][INFO] - train epoch 744 loss 0.2578 accuracy 93.75%
[2026-05-08 14:32:17,376][src.modRNN.training.training_loop][INFO] - 	 Starting Epoch: 745
[2026-05-08 14:32:18,097][src.modRNN.training.training_loop][INFO] - train epoch 745 loss 0.2864 accuracy 90.62%
[2026-05-08 14:32:18,098][src.modRNN.training.training_loop][INFO] - 	 Starting Epoch: 746
[2026-05-08 14:32:18,820][src.modRNN.training.training_loop][INFO] - train epoch 746 loss 0.3575 accuracy 89.06%
[2026-05-08 14:32:18,822][src.modRNN.training.training_loop][INFO] - 	 Starting Epoch: 747
[2026-05-08 14:32:19,547][src.modRNN.training.training_loop][INFO] - train epoch 747 loss 0.2688 accuracy 95.31%
[2026-05-08 14:32:19,549][src.modRNN.training.training_loop][INFO] - 	 Starting Epoch: 748
[2026-05-08 14:32:20,272][src.modRNN.training.training_loop][INFO] - train epoch 748 loss 0.3000 accuracy 89.06%
[2026-05-08 14:32:20,273][src.modRNN.training.training_loop][INFO] - 	 Starting Epoch: 749
[2026-05-08 14:32:20,997][src.modRNN.training.training_loop][INFO] - train epoch 749 loss 0.3244 accuracy 90.62%
[2026-05-08 14:32:20,999][src.modRNN.training.training_loop][INFO] - 	 Starting Epoch: 750
[2026-05-08 14:32:21,721][src.modRNN.training.training_loop][INFO] - train epoch 750 loss 0.3641 accuracy 87.50%
[2026-05-08 14:32:21,723][src.modRNN.training.training_loop][INFO] - 	 Starting Epoch: 751
[2026-05-08 14:32:22,444][src.modRNN.training.training_loop][INFO] - train epoch 751 loss 0.3266 accuracy 85.94%
[2026-05-08 14:32:23,566][src.modRNN.training.training_loop][INFO] - eval  epoch 751 loss 0.3635 accuracy 85.35%
[2026-05-08 14:32:23,568][src.modRNN.training.training_loop][INFO] - 	 Starting Epoch: 752
[2026-05-08 14:32:24,289][src.modRNN.training.training_loop][INFO] - train epoch 752 loss 0.2842 accuracy 92.19%
[2026-05-08 14:32:24,290][src.modRNN.training.training_loop][INFO] - 	 Starting Epoch: 753
[2026-05-08 14:32:25,010][src.modRNN.training.training_loop][INFO] - train epoch 753 loss 0.4438 accuracy 79.69%
[2026-05-08 14:32:25,012][src.modRNN.training.training_loop][INFO] - 	 Starting Epoch: 754
[2026-05-08 14:32:25,731][src.modRNN.training.training_loop][INFO] - train epoch 754 loss 0.4229 accuracy 81.25%
[2026-05-08 14:32:25,733][src.modRNN.training.training_loop][INFO] - 	 Starting Epoch: 755
[2026-05-08 14:32:26,453][src.modRNN.training.training_loop][INFO] - train epoch 755 loss 0.2956 accuracy 90.62%
[2026-05-08 14:32:26,455][src.modRNN.training.training_loop][INFO] - 	 Starting Epoch: 756
[2026-05-08 14:32:27,182][src.modRNN.training.training_loop][INFO] - train epoch 756 loss 0.3442 accuracy 87.50%
[2026-05-08 14:32:27,204][src.modRNN.training.training_loop][INFO] - 	 Starting Epoch: 757
[2026-05-08 14:32:27,963][src.modRNN.training.training_loop][INFO] - train epoch 757 loss 0.3759 accuracy 84.38%
[2026-05-08 14:32:27,965][src.modRNN.training.training_loop][INFO] - 	 Starting Epoch: 758
[2026-05-08 14:32:28,690][src.modRNN.training.training_loop][INFO] - train epoch 758 loss 0.3508 accuracy 85.94%
[2026-05-08 14:32:28,692][src.modRNN.training.training_loop][INFO] - 	 Starting Epoch: 759
[2026-05-08 14:32:29,412][src.modRNN.training.training_loop][INFO] - train epoch 759 loss 0.3541 accuracy 87.50%
[2026-05-08 14:32:29,414][src.modRNN.training.training_loop][INFO] - 	 Starting Epoch: 760
[2026-05-08 14:32:30,135][src.modRNN.training.training_loop][INFO] - train epoch 760 loss 0.3508 accuracy 87.50%
[2026-05-08 14:32:30,137][src.modRNN.training.training_loop][INFO] - 	 Starting Epoch: 761
[2026-05-08 14:32:30,856][src.modRNN.training.training_loop][INFO] - train epoch 761 loss 0.3421 accuracy 87.50%
[2026-05-08 14:32:30,857][src.modRNN.training.training_loop][INFO] - 	 Starting Epoch: 762
[2026-05-08 14:32:31,578][src.modRNN.training.training_loop][INFO] - train epoch 762 loss 0.2594 accuracy 90.62%
[2026-05-08 14:32:31,580][src.modRNN.training.training_loop][INFO] - 	 Starting Epoch: 763
[2026-05-08 14:32:32,299][src.modRNN.training.training_loop][INFO] - train epoch 763 loss 0.2269 accuracy 93.75%
[2026-05-08 14:32:32,300][src.modRNN.training.training_loop][INFO] - 	 Starting Epoch: 764
[2026-05-08 14:32:33,018][src.modRNN.training.training_loop][INFO] - train epoch 764 loss 0.4177 accuracy 82.81%
[2026-05-08 14:32:33,019][src.modRNN.training.training_loop][INFO] - 	 Starting Epoch: 765
[2026-05-08 14:32:33,738][src.modRNN.training.training_loop][INFO] - train epoch 765 loss 0.2939 accuracy 93.75%
[2026-05-08 14:32:33,740][src.modRNN.training.training_loop][INFO] - 	 Starting Epoch: 766
[2026-05-08 14:32:34,458][src.modRNN.training.training_loop][INFO] - train epoch 766 loss 0.2838 accuracy 96.88%
[2026-05-08 14:32:34,459][src.modRNN.training.training_loop][INFO] - 	 Starting Epoch: 767
[2026-05-08 14:32:35,178][src.modRNN.training.training_loop][INFO] - train epoch 767 loss 0.3280 accuracy 87.50%
[2026-05-08 14:32:35,179][src.modRNN.training.training_loop][INFO] - 	 Starting Epoch: 768
[2026-05-08 14:32:35,897][src.modRNN.training.training_loop][INFO] - train epoch 768 loss 0.3182 accuracy 95.31%
[2026-05-08 14:32:35,898][src.modRNN.training.training_loop][INFO] - 	 Starting Epoch: 769
[2026-05-08 14:32:36,617][src.modRNN.training.training_loop][INFO] - train epoch 769 loss 0.3416 accuracy 87.50%
[2026-05-08 14:32:36,619][src.modRNN.training.training_loop][INFO] - 	 Starting Epoch: 770
[2026-05-08 14:32:37,337][src.modRNN.training.training_loop][INFO] - train epoch 770 loss 0.2776 accuracy 90.62%
[2026-05-08 14:32:37,338][src.modRNN.training.training_loop][INFO] - 	 Starting Epoch: 771
[2026-05-08 14:32:38,058][src.modRNN.training.training_loop][INFO] - train epoch 771 loss 0.3495 accuracy 92.19%
[2026-05-08 14:32:38,060][src.modRNN.training.training_loop][INFO] - 	 Starting Epoch: 772
[2026-05-08 14:32:38,777][src.modRNN.training.training_loop][INFO] - train epoch 772 loss 0.2692 accuracy 90.62%
[2026-05-08 14:32:38,779][src.modRNN.training.training_loop][INFO] - 	 Starting Epoch: 773
[2026-05-08 14:32:39,497][src.modRNN.training.training_loop][INFO] - train epoch 773 loss 0.2728 accuracy 92.19%
[2026-05-08 14:32:39,498][src.modRNN.training.training_loop][INFO] - 	 Starting Epoch: 774
[2026-05-08 14:32:40,217][src.modRNN.training.training_loop][INFO] - train epoch 774 loss 0.3748 accuracy 89.06%
[2026-05-08 14:32:40,219][src.modRNN.training.training_loop][INFO] - 	 Starting Epoch: 775
[2026-05-08 14:32:40,937][src.modRNN.training.training_loop][INFO] - train epoch 775 loss 0.3959 accuracy 89.06%
[2026-05-08 14:32:40,939][src.modRNN.training.training_loop][INFO] - 	 Starting Epoch: 776
[2026-05-08 14:32:41,660][src.modRNN.training.training_loop][INFO] - train epoch 776 loss 0.3255 accuracy 90.62%
[2026-05-08 14:32:42,785][src.modRNN.training.training_loop][INFO] - eval  epoch 776 loss 0.3143 accuracy 91.41%
[2026-05-08 14:32:42,786][src.modRNN.training.training_loop][INFO] - 	 Starting Epoch: 777
[2026-05-08 14:32:43,507][src.modRNN.training.training_loop][INFO] - train epoch 777 loss 0.3203 accuracy 89.06%
[2026-05-08 14:32:43,509][src.modRNN.training.training_loop][INFO] - 	 Starting Epoch: 778
[2026-05-08 14:32:44,229][src.modRNN.training.training_loop][INFO] - train epoch 778 loss 0.3013 accuracy 96.88%
[2026-05-08 14:32:44,231][src.modRNN.training.training_loop][INFO] - 	 Starting Epoch: 779
[2026-05-08 14:32:44,953][src.modRNN.training.training_loop][INFO] - train epoch 779 loss 0.3349 accuracy 87.50%
[2026-05-08 14:32:44,954][src.modRNN.training.training_loop][INFO] - 	 Starting Epoch: 780
[2026-05-08 14:32:45,674][src.modRNN.training.training_loop][INFO] - train epoch 780 loss 0.3196 accuracy 95.31%
[2026-05-08 14:32:45,676][src.modRNN.training.training_loop][INFO] - 	 Starting Epoch: 781
[2026-05-08 14:32:46,396][src.modRNN.training.training_loop][INFO] - train epoch 781 loss 0.2244 accuracy 96.88%
[2026-05-08 14:32:46,398][src.modRNN.training.training_loop][INFO] - 	 Starting Epoch: 782
[2026-05-08 14:32:47,118][src.modRNN.training.training_loop][INFO] - train epoch 782 loss 0.3360 accuracy 92.19%
[2026-05-08 14:32:47,120][src.modRNN.training.training_loop][INFO] - 	 Starting Epoch: 783
[2026-05-08 14:32:47,840][src.modRNN.training.training_loop][INFO] - train epoch 783 loss 0.2330 accuracy 95.31%
[2026-05-08 14:32:47,841][src.modRNN.training.training_loop][INFO] - 	 Starting Epoch: 784
[2026-05-08 14:32:48,562][src.modRNN.training.training_loop][INFO] - train epoch 784 loss 0.3320 accuracy 89.06%
[2026-05-08 14:32:48,564][src.modRNN.training.training_loop][INFO] - 	 Starting Epoch: 785
[2026-05-08 14:32:49,285][src.modRNN.training.training_loop][INFO] - train epoch 785 loss 0.3565 accuracy 90.62%
[2026-05-08 14:32:49,287][src.modRNN.training.training_loop][INFO] - 	 Starting Epoch: 786
[2026-05-08 14:32:50,008][src.modRNN.training.training_loop][INFO] - train epoch 786 loss 0.2795 accuracy 93.75%
[2026-05-08 14:32:50,010][src.modRNN.training.training_loop][INFO] - 	 Starting Epoch: 787
[2026-05-08 14:32:50,732][src.modRNN.training.training_loop][INFO] - train epoch 787 loss 0.3523 accuracy 87.50%
[2026-05-08 14:32:50,734][src.modRNN.training.training_loop][INFO] - 	 Starting Epoch: 788
[2026-05-08 14:32:51,453][src.modRNN.training.training_loop][INFO] - train epoch 788 loss 0.2699 accuracy 93.75%
[2026-05-08 14:32:51,455][src.modRNN.training.training_loop][INFO] - 	 Starting Epoch: 789
[2026-05-08 14:32:52,174][src.modRNN.training.training_loop][INFO] - train epoch 789 loss 0.2823 accuracy 93.75%
[2026-05-08 14:32:52,176][src.modRNN.training.training_loop][INFO] - 	 Starting Epoch: 790
[2026-05-08 14:32:52,895][src.modRNN.training.training_loop][INFO] - train epoch 790 loss 0.3010 accuracy 95.31%
[2026-05-08 14:32:52,897][src.modRNN.training.training_loop][INFO] - 	 Starting Epoch: 791
[2026-05-08 14:32:53,615][src.modRNN.training.training_loop][INFO] - train epoch 791 loss 0.2995 accuracy 89.06%
[2026-05-08 14:32:53,617][src.modRNN.training.training_loop][INFO] - 	 Starting Epoch: 792
[2026-05-08 14:32:54,334][src.modRNN.training.training_loop][INFO] - train epoch 792 loss 0.3838 accuracy 87.50%
[2026-05-08 14:32:54,337][src.modRNN.training.training_loop][INFO] - 	 Starting Epoch: 793
[2026-05-08 14:32:55,056][src.modRNN.training.training_loop][INFO] - train epoch 793 loss 0.2690 accuracy 92.19%
[2026-05-08 14:32:55,058][src.modRNN.training.training_loop][INFO] - 	 Starting Epoch: 794
[2026-05-08 14:32:55,777][src.modRNN.training.training_loop][INFO] - train epoch 794 loss 0.2974 accuracy 89.06%
[2026-05-08 14:32:55,779][src.modRNN.training.training_loop][INFO] - 	 Starting Epoch: 795
[2026-05-08 14:32:56,499][src.modRNN.training.training_loop][INFO] - train epoch 795 loss 0.3320 accuracy 85.94%
[2026-05-08 14:32:56,500][src.modRNN.training.training_loop][INFO] - 	 Starting Epoch: 796
[2026-05-08 14:32:57,220][src.modRNN.training.training_loop][INFO] - train epoch 796 loss 0.3140 accuracy 89.06%
[2026-05-08 14:32:57,221][src.modRNN.training.training_loop][INFO] - 	 Starting Epoch: 797
[2026-05-08 14:32:57,942][src.modRNN.training.training_loop][INFO] - train epoch 797 loss 0.3161 accuracy 95.31%
[2026-05-08 14:32:57,944][src.modRNN.training.training_loop][INFO] - 	 Starting Epoch: 798
[2026-05-08 14:32:58,668][src.modRNN.training.training_loop][INFO] - train epoch 798 loss 0.2491 accuracy 93.75%
[2026-05-08 14:32:58,670][src.modRNN.training.training_loop][INFO] - 	 Starting Epoch: 799
[2026-05-08 14:32:59,390][src.modRNN.training.training_loop][INFO] - train epoch 799 loss 0.2341 accuracy 98.44%
[2026-05-08 14:32:59,391][src.modRNN.training.training_loop][INFO] - 	 Starting Epoch: 800
[2026-05-08 14:33:00,112][src.modRNN.training.training_loop][INFO] - train epoch 800 loss 0.2149 accuracy 96.88%
[2026-05-08 14:33:00,113][src.modRNN.training.training_loop][INFO] - 	 Starting Epoch: 801
[2026-05-08 14:33:00,833][src.modRNN.training.training_loop][INFO] - train epoch 801 loss 0.3540 accuracy 90.62%
[2026-05-08 14:33:01,960][src.modRNN.training.training_loop][INFO] - eval  epoch 801 loss 0.3033 accuracy 93.55%
[2026-05-08 14:33:01,962][src.modRNN.training.training_loop][INFO] - 	 Starting Epoch: 802
[2026-05-08 14:33:02,683][src.modRNN.training.training_loop][INFO] - train epoch 802 loss 0.3343 accuracy 89.06%
[2026-05-08 14:33:02,684][src.modRNN.training.training_loop][INFO] - 	 Starting Epoch: 803
[2026-05-08 14:33:03,404][src.modRNN.training.training_loop][INFO] - train epoch 803 loss 0.3556 accuracy 90.62%
[2026-05-08 14:33:03,406][src.modRNN.training.training_loop][INFO] - 	 Starting Epoch: 804
[2026-05-08 14:33:04,125][src.modRNN.training.training_loop][INFO] - train epoch 804 loss 0.2681 accuracy 95.31%
[2026-05-08 14:33:04,127][src.modRNN.training.training_loop][INFO] - 	 Starting Epoch: 805
[2026-05-08 14:33:04,847][src.modRNN.training.training_loop][INFO] - train epoch 805 loss 0.2834 accuracy 96.88%
[2026-05-08 14:33:04,848][src.modRNN.training.training_loop][INFO] - 	 Starting Epoch: 806
[2026-05-08 14:33:05,569][src.modRNN.training.training_loop][INFO] - train epoch 806 loss 0.3378 accuracy 89.06%
[2026-05-08 14:33:05,571][src.modRNN.training.training_loop][INFO] - 	 Starting Epoch: 807
[2026-05-08 14:33:06,289][src.modRNN.training.training_loop][INFO] - train epoch 807 loss 0.2894 accuracy 93.75%
[2026-05-08 14:33:06,290][src.modRNN.training.training_loop][INFO] - 	 Starting Epoch: 808
[2026-05-08 14:33:07,010][src.modRNN.training.training_loop][INFO] - train epoch 808 loss 0.3069 accuracy 93.75%
[2026-05-08 14:33:07,012][src.modRNN.training.training_loop][INFO] - 	 Starting Epoch: 809
[2026-05-08 14:33:07,731][src.modRNN.training.training_loop][INFO] - train epoch 809 loss 0.3131 accuracy 93.75%
[2026-05-08 14:33:07,733][src.modRNN.training.training_loop][INFO] - 	 Starting Epoch: 810
[2026-05-08 14:33:08,453][src.modRNN.training.training_loop][INFO] - train epoch 810 loss 0.2862 accuracy 95.31%
[2026-05-08 14:33:08,454][src.modRNN.training.training_loop][INFO] - 	 Starting Epoch: 811
[2026-05-08 14:33:09,173][src.modRNN.training.training_loop][INFO] - train epoch 811 loss 0.2807 accuracy 95.31%
[2026-05-08 14:33:09,174][src.modRNN.training.training_loop][INFO] - 	 Starting Epoch: 812
[2026-05-08 14:33:09,895][src.modRNN.training.training_loop][INFO] - train epoch 812 loss 0.2686 accuracy 98.44%
[2026-05-08 14:33:09,896][src.modRNN.training.training_loop][INFO] - 	 Starting Epoch: 813
[2026-05-08 14:33:10,616][src.modRNN.training.training_loop][INFO] - train epoch 813 loss 0.2614 accuracy 96.88%
[2026-05-08 14:33:10,618][src.modRNN.training.training_loop][INFO] - 	 Starting Epoch: 814
[2026-05-08 14:33:11,339][src.modRNN.training.training_loop][INFO] - train epoch 814 loss 0.2633 accuracy 93.75%
[2026-05-08 14:33:11,341][src.modRNN.training.training_loop][INFO] - 	 Starting Epoch: 815
[2026-05-08 14:33:12,060][src.modRNN.training.training_loop][INFO] - train epoch 815 loss 0.2620 accuracy 95.31%
[2026-05-08 14:33:12,062][src.modRNN.training.training_loop][INFO] - 	 Starting Epoch: 816
[2026-05-08 14:33:12,783][src.modRNN.training.training_loop][INFO] - train epoch 816 loss 0.2366 accuracy 96.88%
[2026-05-08 14:33:12,785][src.modRNN.training.training_loop][INFO] - 	 Starting Epoch: 817
[2026-05-08 14:33:13,504][src.modRNN.training.training_loop][INFO] - train epoch 817 loss 0.3180 accuracy 90.62%
[2026-05-08 14:33:13,506][src.modRNN.training.training_loop][INFO] - 	 Starting Epoch: 818
[2026-05-08 14:33:14,225][src.modRNN.training.training_loop][INFO] - train epoch 818 loss 0.3114 accuracy 93.75%
[2026-05-08 14:33:14,227][src.modRNN.training.training_loop][INFO] - 	 Starting Epoch: 819
[2026-05-08 14:33:14,946][src.modRNN.training.training_loop][INFO] - train epoch 819 loss 0.2375 accuracy 93.75%
[2026-05-08 14:33:14,948][src.modRNN.training.training_loop][INFO] - 	 Starting Epoch: 820
[2026-05-08 14:33:15,667][src.modRNN.training.training_loop][INFO] - train epoch 820 loss 0.2752 accuracy 93.75%
[2026-05-08 14:33:15,668][src.modRNN.training.training_loop][INFO] - 	 Starting Epoch: 821
[2026-05-08 14:33:16,389][src.modRNN.training.training_loop][INFO] - train epoch 821 loss 0.4668 accuracy 85.94%
[2026-05-08 14:33:16,390][src.modRNN.training.training_loop][INFO] - 	 Starting Epoch: 822
[2026-05-08 14:33:17,110][src.modRNN.training.training_loop][INFO] - train epoch 822 loss 0.3269 accuracy 93.75%
[2026-05-08 14:33:17,112][src.modRNN.training.training_loop][INFO] - 	 Starting Epoch: 823
[2026-05-08 14:33:17,832][src.modRNN.training.training_loop][INFO] - train epoch 823 loss 0.3151 accuracy 93.75%
[2026-05-08 14:33:17,834][src.modRNN.training.training_loop][INFO] - 	 Starting Epoch: 824
[2026-05-08 14:33:18,556][src.modRNN.training.training_loop][INFO] - train epoch 824 loss 0.3219 accuracy 92.19%
[2026-05-08 14:33:18,557][src.modRNN.training.training_loop][INFO] - 	 Starting Epoch: 825
[2026-05-08 14:33:19,283][src.modRNN.training.training_loop][INFO] - train epoch 825 loss 0.2678 accuracy 92.19%
[2026-05-08 14:33:19,285][src.modRNN.training.training_loop][INFO] - 	 Starting Epoch: 826
[2026-05-08 14:33:20,006][src.modRNN.training.training_loop][INFO] - train epoch 826 loss 0.3208 accuracy 90.62%
[2026-05-08 14:33:21,131][src.modRNN.training.training_loop][INFO] - eval  epoch 826 loss 0.2790 accuracy 94.53%
[2026-05-08 14:33:21,133][src.modRNN.training.training_loop][INFO] - 	 Starting Epoch: 827
[2026-05-08 14:33:21,854][src.modRNN.training.training_loop][INFO] - train epoch 827 loss 0.2316 accuracy 95.31%
[2026-05-08 14:33:21,856][src.modRNN.training.training_loop][INFO] - 	 Starting Epoch: 828
[2026-05-08 14:33:22,577][src.modRNN.training.training_loop][INFO] - train epoch 828 loss 0.2630 accuracy 95.31%
[2026-05-08 14:33:22,579][src.modRNN.training.training_loop][INFO] - 	 Starting Epoch: 829
[2026-05-08 14:33:23,300][src.modRNN.training.training_loop][INFO] - train epoch 829 loss 0.2254 accuracy 98.44%
[2026-05-08 14:33:23,301][src.modRNN.training.training_loop][INFO] - 	 Starting Epoch: 830
[2026-05-08 14:33:24,022][src.modRNN.training.training_loop][INFO] - train epoch 830 loss 0.3447 accuracy 90.62%
[2026-05-08 14:33:24,023][src.modRNN.training.training_loop][INFO] - 	 Starting Epoch: 831
[2026-05-08 14:33:24,743][src.modRNN.training.training_loop][INFO] - train epoch 831 loss 0.3625 accuracy 89.06%
[2026-05-08 14:33:24,745][src.modRNN.training.training_loop][INFO] - 	 Starting Epoch: 832
[2026-05-08 14:33:25,466][src.modRNN.training.training_loop][INFO] - train epoch 832 loss 0.3486 accuracy 92.19%
[2026-05-08 14:33:25,467][src.modRNN.training.training_loop][INFO] - 	 Starting Epoch: 833
[2026-05-08 14:33:26,187][src.modRNN.training.training_loop][INFO] - train epoch 833 loss 0.3334 accuracy 92.19%
[2026-05-08 14:33:26,189][src.modRNN.training.training_loop][INFO] - 	 Starting Epoch: 834
[2026-05-08 14:33:26,910][src.modRNN.training.training_loop][INFO] - train epoch 834 loss 0.3896 accuracy 92.19%
[2026-05-08 14:33:26,912][src.modRNN.training.training_loop][INFO] - 	 Starting Epoch: 835
[2026-05-08 14:33:27,661][src.modRNN.training.training_loop][INFO] - train epoch 835 loss 0.4088 accuracy 90.62%
[2026-05-08 14:33:27,664][src.modRNN.training.training_loop][INFO] - 	 Starting Epoch: 836
[2026-05-08 14:33:28,409][src.modRNN.training.training_loop][INFO] - train epoch 836 loss 0.3715 accuracy 87.50%
[2026-05-08 14:33:28,411][src.modRNN.training.training_loop][INFO] - 	 Starting Epoch: 837
[2026-05-08 14:33:29,133][src.modRNN.training.training_loop][INFO] - train epoch 837 loss 0.2951 accuracy 93.75%
[2026-05-08 14:33:29,134][src.modRNN.training.training_loop][INFO] - 	 Starting Epoch: 838
[2026-05-08 14:33:29,856][src.modRNN.training.training_loop][INFO] - train epoch 838 loss 0.2261 accuracy 95.31%
[2026-05-08 14:33:29,857][src.modRNN.training.training_loop][INFO] - 	 Starting Epoch: 839
[2026-05-08 14:33:30,577][src.modRNN.training.training_loop][INFO] - train epoch 839 loss 0.2686 accuracy 93.75%
[2026-05-08 14:33:30,579][src.modRNN.training.training_loop][INFO] - 	 Starting Epoch: 840
[2026-05-08 14:33:31,300][src.modRNN.training.training_loop][INFO] - train epoch 840 loss 0.3217 accuracy 92.19%
[2026-05-08 14:33:31,302][src.modRNN.training.training_loop][INFO] - 	 Starting Epoch: 841
[2026-05-08 14:33:32,021][src.modRNN.training.training_loop][INFO] - train epoch 841 loss 0.2835 accuracy 92.19%
[2026-05-08 14:33:32,023][src.modRNN.training.training_loop][INFO] - 	 Starting Epoch: 842
[2026-05-08 14:33:32,743][src.modRNN.training.training_loop][INFO] - train epoch 842 loss 0.2593 accuracy 95.31%
[2026-05-08 14:33:32,745][src.modRNN.training.training_loop][INFO] - 	 Starting Epoch: 843
[2026-05-08 14:33:33,465][src.modRNN.training.training_loop][INFO] - train epoch 843 loss 0.4047 accuracy 87.50%
[2026-05-08 14:33:33,466][src.modRNN.training.training_loop][INFO] - 	 Starting Epoch: 844
[2026-05-08 14:33:34,187][src.modRNN.training.training_loop][INFO] - train epoch 844 loss 0.2733 accuracy 92.19%
[2026-05-08 14:33:34,189][src.modRNN.training.training_loop][INFO] - 	 Starting Epoch: 845
[2026-05-08 14:33:34,911][src.modRNN.training.training_loop][INFO] - train epoch 845 loss 0.3976 accuracy 89.06%
[2026-05-08 14:33:34,912][src.modRNN.training.training_loop][INFO] - 	 Starting Epoch: 846
[2026-05-08 14:33:35,632][src.modRNN.training.training_loop][INFO] - train epoch 846 loss 0.2959 accuracy 93.75%
[2026-05-08 14:33:35,634][src.modRNN.training.training_loop][INFO] - 	 Starting Epoch: 847
[2026-05-08 14:33:36,355][src.modRNN.training.training_loop][INFO] - train epoch 847 loss 0.3390 accuracy 93.75%
[2026-05-08 14:33:36,357][src.modRNN.training.training_loop][INFO] - 	 Starting Epoch: 848
[2026-05-08 14:33:37,079][src.modRNN.training.training_loop][INFO] - train epoch 848 loss 0.2226 accuracy 96.88%
[2026-05-08 14:33:37,081][src.modRNN.training.training_loop][INFO] - 	 Starting Epoch: 849
[2026-05-08 14:33:37,800][src.modRNN.training.training_loop][INFO] - train epoch 849 loss 0.3706 accuracy 85.94%
[2026-05-08 14:33:37,802][src.modRNN.training.training_loop][INFO] - 	 Starting Epoch: 850
[2026-05-08 14:33:38,520][src.modRNN.training.training_loop][INFO] - train epoch 850 loss 0.2621 accuracy 89.06%
[2026-05-08 14:33:38,521][src.modRNN.training.training_loop][INFO] - 	 Starting Epoch: 851
[2026-05-08 14:33:39,240][src.modRNN.training.training_loop][INFO] - train epoch 851 loss 0.3050 accuracy 89.06%
[2026-05-08 14:33:40,361][src.modRNN.training.training_loop][INFO] - eval  epoch 851 loss 0.3045 accuracy 91.60%
[2026-05-08 14:33:40,362][src.modRNN.training.training_loop][INFO] - 	 Starting Epoch: 852
[2026-05-08 14:33:41,082][src.modRNN.training.training_loop][INFO] - train epoch 852 loss 0.2386 accuracy 95.31%
[2026-05-08 14:33:41,083][src.modRNN.training.training_loop][INFO] - 	 Starting Epoch: 853
[2026-05-08 14:33:41,802][src.modRNN.training.training_loop][INFO] - train epoch 853 loss 0.2849 accuracy 95.31%
[2026-05-08 14:33:41,804][src.modRNN.training.training_loop][INFO] - 	 Starting Epoch: 854
[2026-05-08 14:33:42,522][src.modRNN.training.training_loop][INFO] - train epoch 854 loss 0.2612 accuracy 93.75%
[2026-05-08 14:33:42,524][src.modRNN.training.training_loop][INFO] - 	 Starting Epoch: 855
[2026-05-08 14:33:43,245][src.modRNN.training.training_loop][INFO] - train epoch 855 loss 0.3432 accuracy 92.19%
[2026-05-08 14:33:43,247][src.modRNN.training.training_loop][INFO] - 	 Starting Epoch: 856
[2026-05-08 14:33:43,965][src.modRNN.training.training_loop][INFO] - train epoch 856 loss 0.3340 accuracy 87.50%
[2026-05-08 14:33:43,967][src.modRNN.training.training_loop][INFO] - 	 Starting Epoch: 857
[2026-05-08 14:33:44,686][src.modRNN.training.training_loop][INFO] - train epoch 857 loss 0.3145 accuracy 93.75%
[2026-05-08 14:33:44,688][src.modRNN.training.training_loop][INFO] - 	 Starting Epoch: 858
[2026-05-08 14:33:45,406][src.modRNN.training.training_loop][INFO] - train epoch 858 loss 0.2673 accuracy 93.75%
[2026-05-08 14:33:45,407][src.modRNN.training.training_loop][INFO] - 	 Starting Epoch: 859
[2026-05-08 14:33:46,126][src.modRNN.training.training_loop][INFO] - train epoch 859 loss 0.3131 accuracy 93.75%
[2026-05-08 14:33:46,128][src.modRNN.training.training_loop][INFO] - 	 Starting Epoch: 860
[2026-05-08 14:33:46,847][src.modRNN.training.training_loop][INFO] - train epoch 860 loss 0.2764 accuracy 92.19%
[2026-05-08 14:33:46,849][src.modRNN.training.training_loop][INFO] - 	 Starting Epoch: 861
[2026-05-08 14:33:47,568][src.modRNN.training.training_loop][INFO] - train epoch 861 loss 0.2209 accuracy 95.31%
[2026-05-08 14:33:47,569][src.modRNN.training.training_loop][INFO] - 	 Starting Epoch: 862
[2026-05-08 14:33:48,287][src.modRNN.training.training_loop][INFO] - train epoch 862 loss 0.2842 accuracy 93.75%
[2026-05-08 14:33:48,289][src.modRNN.training.training_loop][INFO] - 	 Starting Epoch: 863
[2026-05-08 14:33:49,007][src.modRNN.training.training_loop][INFO] - train epoch 863 loss 0.3068 accuracy 93.75%
[2026-05-08 14:33:49,009][src.modRNN.training.training_loop][INFO] - 	 Starting Epoch: 864
[2026-05-08 14:33:49,726][src.modRNN.training.training_loop][INFO] - train epoch 864 loss 0.3656 accuracy 90.62%
[2026-05-08 14:33:49,728][src.modRNN.training.training_loop][INFO] - 	 Starting Epoch: 865
[2026-05-08 14:33:50,447][src.modRNN.training.training_loop][INFO] - train epoch 865 loss 0.2487 accuracy 95.31%
[2026-05-08 14:33:50,449][src.modRNN.training.training_loop][INFO] - 	 Starting Epoch: 866
[2026-05-08 14:33:51,169][src.modRNN.training.training_loop][INFO] - train epoch 866 loss 0.2294 accuracy 98.44%
[2026-05-08 14:33:51,170][src.modRNN.training.training_loop][INFO] - 	 Starting Epoch: 867
[2026-05-08 14:33:51,888][src.modRNN.training.training_loop][INFO] - train epoch 867 loss 0.2648 accuracy 93.75%
[2026-05-08 14:33:51,890][src.modRNN.training.training_loop][INFO] - 	 Starting Epoch: 868
[2026-05-08 14:33:52,608][src.modRNN.training.training_loop][INFO] - train epoch 868 loss 0.2226 accuracy 96.88%
[2026-05-08 14:33:52,609][src.modRNN.training.training_loop][INFO] - 	 Starting Epoch: 869
[2026-05-08 14:33:53,327][src.modRNN.training.training_loop][INFO] - train epoch 869 loss 0.3435 accuracy 89.06%
[2026-05-08 14:33:53,329][src.modRNN.training.training_loop][INFO] - 	 Starting Epoch: 870
[2026-05-08 14:33:54,046][src.modRNN.training.training_loop][INFO] - train epoch 870 loss 0.3437 accuracy 92.19%
[2026-05-08 14:33:54,047][src.modRNN.training.training_loop][INFO] - 	 Starting Epoch: 871
[2026-05-08 14:33:54,765][src.modRNN.training.training_loop][INFO] - train epoch 871 loss 0.2676 accuracy 93.75%
[2026-05-08 14:33:54,767][src.modRNN.training.training_loop][INFO] - 	 Starting Epoch: 872
[2026-05-08 14:33:55,485][src.modRNN.training.training_loop][INFO] - train epoch 872 loss 0.2768 accuracy 93.75%
[2026-05-08 14:33:55,487][src.modRNN.training.training_loop][INFO] - 	 Starting Epoch: 873
[2026-05-08 14:33:56,206][src.modRNN.training.training_loop][INFO] - train epoch 873 loss 0.3054 accuracy 92.19%
[2026-05-08 14:33:56,207][src.modRNN.training.training_loop][INFO] - 	 Starting Epoch: 874
[2026-05-08 14:33:56,925][src.modRNN.training.training_loop][INFO] - train epoch 874 loss 0.2941 accuracy 93.75%
[2026-05-08 14:33:56,926][src.modRNN.training.training_loop][INFO] - 	 Starting Epoch: 875
[2026-05-08 14:33:57,644][src.modRNN.training.training_loop][INFO] - train epoch 875 loss 0.3145 accuracy 92.19%
[2026-05-08 14:33:57,645][src.modRNN.training.training_loop][INFO] - 	 Starting Epoch: 876
[2026-05-08 14:33:58,363][src.modRNN.training.training_loop][INFO] - train epoch 876 loss 0.2837 accuracy 93.75%
[2026-05-08 14:33:59,486][src.modRNN.training.training_loop][INFO] - eval  epoch 876 loss 0.2826 accuracy 92.97%
[2026-05-08 14:33:59,487][src.modRNN.training.training_loop][INFO] - 	 Starting Epoch: 877
[2026-05-08 14:34:00,205][src.modRNN.training.training_loop][INFO] - train epoch 877 loss 0.3146 accuracy 90.62%
[2026-05-08 14:34:00,207][src.modRNN.training.training_loop][INFO] - 	 Starting Epoch: 878
[2026-05-08 14:34:00,925][src.modRNN.training.training_loop][INFO] - train epoch 878 loss 0.2377 accuracy 95.31%
[2026-05-08 14:34:00,927][src.modRNN.training.training_loop][INFO] - 	 Starting Epoch: 879
[2026-05-08 14:34:01,651][src.modRNN.training.training_loop][INFO] - train epoch 879 loss 0.2983 accuracy 92.19%
[2026-05-08 14:34:01,653][src.modRNN.training.training_loop][INFO] - 	 Starting Epoch: 880
[2026-05-08 14:34:02,375][src.modRNN.training.training_loop][INFO] - train epoch 880 loss 0.3179 accuracy 89.06%
[2026-05-08 14:34:02,377][src.modRNN.training.training_loop][INFO] - 	 Starting Epoch: 881
[2026-05-08 14:34:03,098][src.modRNN.training.training_loop][INFO] - train epoch 881 loss 0.2613 accuracy 90.62%
[2026-05-08 14:34:03,100][src.modRNN.training.training_loop][INFO] - 	 Starting Epoch: 882
[2026-05-08 14:34:03,819][src.modRNN.training.training_loop][INFO] - train epoch 882 loss 0.2900 accuracy 93.75%
[2026-05-08 14:34:03,821][src.modRNN.training.training_loop][INFO] - 	 Starting Epoch: 883
[2026-05-08 14:34:04,542][src.modRNN.training.training_loop][INFO] - train epoch 883 loss 0.3355 accuracy 87.50%
[2026-05-08 14:34:04,543][src.modRNN.training.training_loop][INFO] - 	 Starting Epoch: 884
[2026-05-08 14:34:05,264][src.modRNN.training.training_loop][INFO] - train epoch 884 loss 0.2899 accuracy 90.62%
[2026-05-08 14:34:05,266][src.modRNN.training.training_loop][INFO] - 	 Starting Epoch: 885
[2026-05-08 14:34:05,987][src.modRNN.training.training_loop][INFO] - train epoch 885 loss 0.2445 accuracy 93.75%
[2026-05-08 14:34:05,989][src.modRNN.training.training_loop][INFO] - 	 Starting Epoch: 886
[2026-05-08 14:34:06,709][src.modRNN.training.training_loop][INFO] - train epoch 886 loss 0.2558 accuracy 96.88%
[2026-05-08 14:34:06,711][src.modRNN.training.training_loop][INFO] - 	 Starting Epoch: 887
[2026-05-08 14:34:07,431][src.modRNN.training.training_loop][INFO] - train epoch 887 loss 0.2459 accuracy 93.75%
[2026-05-08 14:34:07,433][src.modRNN.training.training_loop][INFO] - 	 Starting Epoch: 888
[2026-05-08 14:34:08,153][src.modRNN.training.training_loop][INFO] - train epoch 888 loss 0.3540 accuracy 82.81%
[2026-05-08 14:34:08,155][src.modRNN.training.training_loop][INFO] - 	 Starting Epoch: 889
[2026-05-08 14:34:08,874][src.modRNN.training.training_loop][INFO] - train epoch 889 loss 0.2388 accuracy 95.31%
[2026-05-08 14:34:08,876][src.modRNN.training.training_loop][INFO] - 	 Starting Epoch: 890
[2026-05-08 14:34:09,597][src.modRNN.training.training_loop][INFO] - train epoch 890 loss 0.3210 accuracy 85.94%
[2026-05-08 14:34:09,598][src.modRNN.training.training_loop][INFO] - 	 Starting Epoch: 891
[2026-05-08 14:34:10,319][src.modRNN.training.training_loop][INFO] - train epoch 891 loss 0.3926 accuracy 87.50%
[2026-05-08 14:34:10,321][src.modRNN.training.training_loop][INFO] - 	 Starting Epoch: 892
[2026-05-08 14:34:11,042][src.modRNN.training.training_loop][INFO] - train epoch 892 loss 0.2431 accuracy 93.75%
[2026-05-08 14:34:11,043][src.modRNN.training.training_loop][INFO] - 	 Starting Epoch: 893
[2026-05-08 14:34:11,764][src.modRNN.training.training_loop][INFO] - train epoch 893 loss 0.2476 accuracy 93.75%
[2026-05-08 14:34:11,766][src.modRNN.training.training_loop][INFO] - 	 Starting Epoch: 894
[2026-05-08 14:34:12,486][src.modRNN.training.training_loop][INFO] - train epoch 894 loss 0.2966 accuracy 95.31%
[2026-05-08 14:34:12,488][src.modRNN.training.training_loop][INFO] - 	 Starting Epoch: 895
[2026-05-08 14:34:13,210][src.modRNN.training.training_loop][INFO] - train epoch 895 loss 0.3277 accuracy 89.06%
[2026-05-08 14:34:13,212][src.modRNN.training.training_loop][INFO] - 	 Starting Epoch: 896
[2026-05-08 14:34:13,932][src.modRNN.training.training_loop][INFO] - train epoch 896 loss 0.2735 accuracy 90.62%
[2026-05-08 14:34:13,934][src.modRNN.training.training_loop][INFO] - 	 Starting Epoch: 897
[2026-05-08 14:34:14,654][src.modRNN.training.training_loop][INFO] - train epoch 897 loss 0.2408 accuracy 95.31%
[2026-05-08 14:34:14,656][src.modRNN.training.training_loop][INFO] - 	 Starting Epoch: 898
[2026-05-08 14:34:15,377][src.modRNN.training.training_loop][INFO] - train epoch 898 loss 0.2433 accuracy 92.19%
[2026-05-08 14:34:15,378][src.modRNN.training.training_loop][INFO] - 	 Starting Epoch: 899
[2026-05-08 14:34:16,099][src.modRNN.training.training_loop][INFO] - train epoch 899 loss 0.2800 accuracy 90.62%
[2026-05-08 14:34:16,101][src.modRNN.training.training_loop][INFO] - 	 Starting Epoch: 900
[2026-05-08 14:34:16,820][src.modRNN.training.training_loop][INFO] - train epoch 900 loss 0.2400 accuracy 93.75%
[2026-05-08 14:34:16,822][src.modRNN.training.training_loop][INFO] - 	 Starting Epoch: 901
[2026-05-08 14:34:17,542][src.modRNN.training.training_loop][INFO] - train epoch 901 loss 0.3371 accuracy 87.50%
[2026-05-08 14:34:18,666][src.modRNN.training.training_loop][INFO] - eval  epoch 901 loss 0.3009 accuracy 91.21%
[2026-05-08 14:34:18,668][src.modRNN.training.training_loop][INFO] - 	 Starting Epoch: 902
[2026-05-08 14:34:19,391][src.modRNN.training.training_loop][INFO] - train epoch 902 loss 0.2432 accuracy 92.19%
[2026-05-08 14:34:19,393][src.modRNN.training.training_loop][INFO] - 	 Starting Epoch: 903
[2026-05-08 14:34:20,118][src.modRNN.training.training_loop][INFO] - train epoch 903 loss 0.2680 accuracy 92.19%
[2026-05-08 14:34:20,120][src.modRNN.training.training_loop][INFO] - 	 Starting Epoch: 904
[2026-05-08 14:34:20,840][src.modRNN.training.training_loop][INFO] - train epoch 904 loss 0.4018 accuracy 84.38%
[2026-05-08 14:34:20,842][src.modRNN.training.training_loop][INFO] - 	 Starting Epoch: 905
[2026-05-08 14:34:21,562][src.modRNN.training.training_loop][INFO] - train epoch 905 loss 0.3811 accuracy 89.06%
[2026-05-08 14:34:21,564][src.modRNN.training.training_loop][INFO] - 	 Starting Epoch: 906
[2026-05-08 14:34:22,284][src.modRNN.training.training_loop][INFO] - train epoch 906 loss 0.3220 accuracy 89.06%
[2026-05-08 14:34:22,286][src.modRNN.training.training_loop][INFO] - 	 Starting Epoch: 907
[2026-05-08 14:34:23,006][src.modRNN.training.training_loop][INFO] - train epoch 907 loss 0.2283 accuracy 95.31%
[2026-05-08 14:34:23,008][src.modRNN.training.training_loop][INFO] - 	 Starting Epoch: 908
[2026-05-08 14:34:23,729][src.modRNN.training.training_loop][INFO] - train epoch 908 loss 0.2118 accuracy 95.31%
[2026-05-08 14:34:23,731][src.modRNN.training.training_loop][INFO] - 	 Starting Epoch: 909
[2026-05-08 14:34:24,450][src.modRNN.training.training_loop][INFO] - train epoch 909 loss 0.2727 accuracy 95.31%
[2026-05-08 14:34:24,452][src.modRNN.training.training_loop][INFO] - 	 Starting Epoch: 910
[2026-05-08 14:34:25,171][src.modRNN.training.training_loop][INFO] - train epoch 910 loss 0.2794 accuracy 89.06%
[2026-05-08 14:34:25,173][src.modRNN.training.training_loop][INFO] - 	 Starting Epoch: 911
[2026-05-08 14:34:25,894][src.modRNN.training.training_loop][INFO] - train epoch 911 loss 0.2684 accuracy 93.75%
[2026-05-08 14:34:25,895][src.modRNN.training.training_loop][INFO] - 	 Starting Epoch: 912
[2026-05-08 14:34:26,616][src.modRNN.training.training_loop][INFO] - train epoch 912 loss 0.3348 accuracy 87.50%
[2026-05-08 14:34:26,617][src.modRNN.training.training_loop][INFO] - 	 Starting Epoch: 913
[2026-05-08 14:34:27,358][src.modRNN.training.training_loop][INFO] - train epoch 913 loss 0.2053 accuracy 98.44%
[2026-05-08 14:34:27,361][src.modRNN.training.training_loop][INFO] - 	 Starting Epoch: 914
[2026-05-08 14:34:28,115][src.modRNN.training.training_loop][INFO] - train epoch 914 loss 0.3762 accuracy 89.06%
[2026-05-08 14:34:28,116][src.modRNN.training.training_loop][INFO] - 	 Starting Epoch: 915
[2026-05-08 14:34:28,837][src.modRNN.training.training_loop][INFO] - train epoch 915 loss 0.2653 accuracy 93.75%
[2026-05-08 14:34:28,839][src.modRNN.training.training_loop][INFO] - 	 Starting Epoch: 916
[2026-05-08 14:34:29,558][src.modRNN.training.training_loop][INFO] - train epoch 916 loss 0.2753 accuracy 92.19%
[2026-05-08 14:34:29,560][src.modRNN.training.training_loop][INFO] - 	 Starting Epoch: 917
[2026-05-08 14:34:30,281][src.modRNN.training.training_loop][INFO] - train epoch 917 loss 0.2768 accuracy 89.06%
[2026-05-08 14:34:30,283][src.modRNN.training.training_loop][INFO] - 	 Starting Epoch: 918
[2026-05-08 14:34:31,005][src.modRNN.training.training_loop][INFO] - train epoch 918 loss 0.3208 accuracy 87.50%
[2026-05-08 14:34:31,007][src.modRNN.training.training_loop][INFO] - 	 Starting Epoch: 919
[2026-05-08 14:34:31,730][src.modRNN.training.training_loop][INFO] - train epoch 919 loss 0.2682 accuracy 95.31%
[2026-05-08 14:34:31,731][src.modRNN.training.training_loop][INFO] - 	 Starting Epoch: 920
[2026-05-08 14:34:32,449][src.modRNN.training.training_loop][INFO] - train epoch 920 loss 0.3015 accuracy 89.06%
[2026-05-08 14:34:32,451][src.modRNN.training.training_loop][INFO] - 	 Starting Epoch: 921
[2026-05-08 14:34:33,169][src.modRNN.training.training_loop][INFO] - train epoch 921 loss 0.2482 accuracy 96.88%
[2026-05-08 14:34:33,171][src.modRNN.training.training_loop][INFO] - 	 Starting Epoch: 922
[2026-05-08 14:34:33,891][src.modRNN.training.training_loop][INFO] - train epoch 922 loss 0.2833 accuracy 95.31%
[2026-05-08 14:34:33,893][src.modRNN.training.training_loop][INFO] - 	 Starting Epoch: 923
[2026-05-08 14:34:34,612][src.modRNN.training.training_loop][INFO] - train epoch 923 loss 0.2639 accuracy 96.88%
[2026-05-08 14:34:34,613][src.modRNN.training.training_loop][INFO] - 	 Starting Epoch: 924
[2026-05-08 14:34:35,331][src.modRNN.training.training_loop][INFO] - train epoch 924 loss 0.2562 accuracy 93.75%
[2026-05-08 14:34:35,333][src.modRNN.training.training_loop][INFO] - 	 Starting Epoch: 925
[2026-05-08 14:34:36,052][src.modRNN.training.training_loop][INFO] - train epoch 925 loss 0.3030 accuracy 89.06%
[2026-05-08 14:34:36,054][src.modRNN.training.training_loop][INFO] - 	 Starting Epoch: 926
[2026-05-08 14:34:36,772][src.modRNN.training.training_loop][INFO] - train epoch 926 loss 0.2525 accuracy 96.88%
[2026-05-08 14:34:37,894][src.modRNN.training.training_loop][INFO] - eval  epoch 926 loss 0.2955 accuracy 91.80%
[2026-05-08 14:34:37,895][src.modRNN.training.training_loop][INFO] - 	 Starting Epoch: 927
[2026-05-08 14:34:38,614][src.modRNN.training.training_loop][INFO] - train epoch 927 loss 0.2017 accuracy 96.88%
[2026-05-08 14:34:38,616][src.modRNN.training.training_loop][INFO] - 	 Starting Epoch: 928
[2026-05-08 14:34:39,335][src.modRNN.training.training_loop][INFO] - train epoch 928 loss 0.2371 accuracy 95.31%
[2026-05-08 14:34:39,337][src.modRNN.training.training_loop][INFO] - 	 Starting Epoch: 929
[2026-05-08 14:34:40,057][src.modRNN.training.training_loop][INFO] - train epoch 929 loss 0.2018 accuracy 96.88%
[2026-05-08 14:34:40,058][src.modRNN.training.training_loop][INFO] - 	 Starting Epoch: 930
[2026-05-08 14:34:40,776][src.modRNN.training.training_loop][INFO] - train epoch 930 loss 0.2208 accuracy 95.31%
[2026-05-08 14:34:40,778][src.modRNN.training.training_loop][INFO] - 	 Starting Epoch: 931
[2026-05-08 14:34:41,498][src.modRNN.training.training_loop][INFO] - train epoch 931 loss 0.2636 accuracy 93.75%
[2026-05-08 14:34:41,500][src.modRNN.training.training_loop][INFO] - 	 Starting Epoch: 932
[2026-05-08 14:34:42,218][src.modRNN.training.training_loop][INFO] - train epoch 932 loss 0.2628 accuracy 93.75%
[2026-05-08 14:34:42,220][src.modRNN.training.training_loop][INFO] - 	 Starting Epoch: 933
[2026-05-08 14:34:42,938][src.modRNN.training.training_loop][INFO] - train epoch 933 loss 0.3340 accuracy 89.06%
[2026-05-08 14:34:42,940][src.modRNN.training.training_loop][INFO] - 	 Starting Epoch: 934
[2026-05-08 14:34:43,659][src.modRNN.training.training_loop][INFO] - train epoch 934 loss 0.2906 accuracy 90.62%
[2026-05-08 14:34:43,661][src.modRNN.training.training_loop][INFO] - 	 Starting Epoch: 935
[2026-05-08 14:34:44,380][src.modRNN.training.training_loop][INFO] - train epoch 935 loss 0.2473 accuracy 93.75%
[2026-05-08 14:34:44,382][src.modRNN.training.training_loop][INFO] - 	 Starting Epoch: 936
[2026-05-08 14:34:45,101][src.modRNN.training.training_loop][INFO] - train epoch 936 loss 0.2875 accuracy 89.06%
[2026-05-08 14:34:45,103][src.modRNN.training.training_loop][INFO] - 	 Starting Epoch: 937
[2026-05-08 14:34:45,823][src.modRNN.training.training_loop][INFO] - train epoch 937 loss 0.2922 accuracy 92.19%
[2026-05-08 14:34:45,825][src.modRNN.training.training_loop][INFO] - 	 Starting Epoch: 938
[2026-05-08 14:34:46,545][src.modRNN.training.training_loop][INFO] - train epoch 938 loss 0.2745 accuracy 90.62%
[2026-05-08 14:34:46,546][src.modRNN.training.training_loop][INFO] - 	 Starting Epoch: 939
[2026-05-08 14:34:47,266][src.modRNN.training.training_loop][INFO] - train epoch 939 loss 0.2239 accuracy 95.31%
[2026-05-08 14:34:47,268][src.modRNN.training.training_loop][INFO] - 	 Starting Epoch: 940
[2026-05-08 14:34:47,986][src.modRNN.training.training_loop][INFO] - train epoch 940 loss 0.2096 accuracy 95.31%
[2026-05-08 14:34:47,988][src.modRNN.training.training_loop][INFO] - 	 Starting Epoch: 941
[2026-05-08 14:34:48,705][src.modRNN.training.training_loop][INFO] - train epoch 941 loss 0.2476 accuracy 89.06%
[2026-05-08 14:34:48,707][src.modRNN.training.training_loop][INFO] - 	 Starting Epoch: 942
[2026-05-08 14:34:49,425][src.modRNN.training.training_loop][INFO] - train epoch 942 loss 0.2773 accuracy 92.19%
[2026-05-08 14:34:49,427][src.modRNN.training.training_loop][INFO] - 	 Starting Epoch: 943
[2026-05-08 14:34:50,146][src.modRNN.training.training_loop][INFO] - train epoch 943 loss 0.3397 accuracy 89.06%
[2026-05-08 14:34:50,148][src.modRNN.training.training_loop][INFO] - 	 Starting Epoch: 944
[2026-05-08 14:34:50,869][src.modRNN.training.training_loop][INFO] - train epoch 944 loss 0.3454 accuracy 89.06%
[2026-05-08 14:34:50,871][src.modRNN.training.training_loop][INFO] - 	 Starting Epoch: 945
[2026-05-08 14:34:51,591][src.modRNN.training.training_loop][INFO] - train epoch 945 loss 0.2459 accuracy 93.75%
[2026-05-08 14:34:51,593][src.modRNN.training.training_loop][INFO] - 	 Starting Epoch: 946
[2026-05-08 14:34:52,313][src.modRNN.training.training_loop][INFO] - train epoch 946 loss 0.2970 accuracy 90.62%
[2026-05-08 14:34:52,315][src.modRNN.training.training_loop][INFO] - 	 Starting Epoch: 947
[2026-05-08 14:34:53,036][src.modRNN.training.training_loop][INFO] - train epoch 947 loss 0.2998 accuracy 89.06%
[2026-05-08 14:34:53,038][src.modRNN.training.training_loop][INFO] - 	 Starting Epoch: 948
[2026-05-08 14:34:53,758][src.modRNN.training.training_loop][INFO] - train epoch 948 loss 0.2102 accuracy 95.31%
[2026-05-08 14:34:53,760][src.modRNN.training.training_loop][INFO] - 	 Starting Epoch: 949
[2026-05-08 14:34:54,482][src.modRNN.training.training_loop][INFO] - train epoch 949 loss 0.2900 accuracy 89.06%
[2026-05-08 14:34:54,483][src.modRNN.training.training_loop][INFO] - 	 Starting Epoch: 950
[2026-05-08 14:34:55,202][src.modRNN.training.training_loop][INFO] - train epoch 950 loss 0.2641 accuracy 90.62%
[2026-05-08 14:34:55,204][src.modRNN.training.training_loop][INFO] - 	 Starting Epoch: 951
[2026-05-08 14:34:55,923][src.modRNN.training.training_loop][INFO] - train epoch 951 loss 0.2710 accuracy 90.62%
[2026-05-08 14:34:57,043][src.modRNN.training.training_loop][INFO] - eval  epoch 951 loss 0.2879 accuracy 92.58%
[2026-05-08 14:34:57,044][src.modRNN.training.training_loop][INFO] - 	 Starting Epoch: 952
[2026-05-08 14:34:57,762][src.modRNN.training.training_loop][INFO] - train epoch 952 loss 0.2855 accuracy 87.50%
[2026-05-08 14:34:57,763][src.modRNN.training.training_loop][INFO] - 	 Starting Epoch: 953
[2026-05-08 14:34:58,481][src.modRNN.training.training_loop][INFO] - train epoch 953 loss 0.2652 accuracy 93.75%
[2026-05-08 14:34:58,483][src.modRNN.training.training_loop][INFO] - 	 Starting Epoch: 954
[2026-05-08 14:34:59,201][src.modRNN.training.training_loop][INFO] - train epoch 954 loss 0.2412 accuracy 93.75%
[2026-05-08 14:34:59,203][src.modRNN.training.training_loop][INFO] - 	 Starting Epoch: 955
[2026-05-08 14:34:59,920][src.modRNN.training.training_loop][INFO] - train epoch 955 loss 0.3362 accuracy 92.19%
[2026-05-08 14:34:59,922][src.modRNN.training.training_loop][INFO] - 	 Starting Epoch: 956
[2026-05-08 14:35:00,641][src.modRNN.training.training_loop][INFO] - train epoch 956 loss 0.2546 accuracy 95.31%
[2026-05-08 14:35:00,643][src.modRNN.training.training_loop][INFO] - 	 Starting Epoch: 957
[2026-05-08 14:35:01,361][src.modRNN.training.training_loop][INFO] - train epoch 957 loss 0.3709 accuracy 90.62%
[2026-05-08 14:35:01,362][src.modRNN.training.training_loop][INFO] - 	 Starting Epoch: 958
[2026-05-08 14:35:02,086][src.modRNN.training.training_loop][INFO] - train epoch 958 loss 0.2202 accuracy 98.44%
[2026-05-08 14:35:02,088][src.modRNN.training.training_loop][INFO] - 	 Starting Epoch: 959
[2026-05-08 14:35:02,810][src.modRNN.training.training_loop][INFO] - train epoch 959 loss 0.1995 accuracy 95.31%
[2026-05-08 14:35:02,811][src.modRNN.training.training_loop][INFO] - 	 Starting Epoch: 960
[2026-05-08 14:35:03,536][src.modRNN.training.training_loop][INFO] - train epoch 960 loss 0.2754 accuracy 92.19%
[2026-05-08 14:35:03,537][src.modRNN.training.training_loop][INFO] - 	 Starting Epoch: 961
[2026-05-08 14:35:04,260][src.modRNN.training.training_loop][INFO] - train epoch 961 loss 0.2977 accuracy 90.62%
[2026-05-08 14:35:04,261][src.modRNN.training.training_loop][INFO] - 	 Starting Epoch: 962
[2026-05-08 14:35:04,983][src.modRNN.training.training_loop][INFO] - train epoch 962 loss 0.2662 accuracy 93.75%
[2026-05-08 14:35:04,985][src.modRNN.training.training_loop][INFO] - 	 Starting Epoch: 963
[2026-05-08 14:35:05,705][src.modRNN.training.training_loop][INFO] - train epoch 963 loss 0.3549 accuracy 85.94%
[2026-05-08 14:35:05,708][src.modRNN.training.training_loop][INFO] - 	 Starting Epoch: 964
[2026-05-08 14:35:06,429][src.modRNN.training.training_loop][INFO] - train epoch 964 loss 0.2360 accuracy 93.75%
[2026-05-08 14:35:06,431][src.modRNN.training.training_loop][INFO] - 	 Starting Epoch: 965
[2026-05-08 14:35:07,151][src.modRNN.training.training_loop][INFO] - train epoch 965 loss 0.2297 accuracy 93.75%
[2026-05-08 14:35:07,153][src.modRNN.training.training_loop][INFO] - 	 Starting Epoch: 966
[2026-05-08 14:35:07,874][src.modRNN.training.training_loop][INFO] - train epoch 966 loss 0.2462 accuracy 93.75%
[2026-05-08 14:35:07,875][src.modRNN.training.training_loop][INFO] - 	 Starting Epoch: 967
[2026-05-08 14:35:08,595][src.modRNN.training.training_loop][INFO] - train epoch 967 loss 0.2807 accuracy 89.06%
[2026-05-08 14:35:08,596][src.modRNN.training.training_loop][INFO] - 	 Starting Epoch: 968
[2026-05-08 14:35:09,317][src.modRNN.training.training_loop][INFO] - train epoch 968 loss 0.2384 accuracy 95.31%
[2026-05-08 14:35:09,318][src.modRNN.training.training_loop][INFO] - 	 Starting Epoch: 969
[2026-05-08 14:35:10,038][src.modRNN.training.training_loop][INFO] - train epoch 969 loss 0.2467 accuracy 95.31%
[2026-05-08 14:35:10,040][src.modRNN.training.training_loop][INFO] - 	 Starting Epoch: 970
[2026-05-08 14:35:10,759][src.modRNN.training.training_loop][INFO] - train epoch 970 loss 0.2561 accuracy 90.62%
[2026-05-08 14:35:10,761][src.modRNN.training.training_loop][INFO] - 	 Starting Epoch: 971
[2026-05-08 14:35:11,480][src.modRNN.training.training_loop][INFO] - train epoch 971 loss 0.2923 accuracy 92.19%
[2026-05-08 14:35:11,482][src.modRNN.training.training_loop][INFO] - 	 Starting Epoch: 972
[2026-05-08 14:35:12,200][src.modRNN.training.training_loop][INFO] - train epoch 972 loss 0.3205 accuracy 89.06%
[2026-05-08 14:35:12,202][src.modRNN.training.training_loop][INFO] - 	 Starting Epoch: 973
[2026-05-08 14:35:12,921][src.modRNN.training.training_loop][INFO] - train epoch 973 loss 0.1899 accuracy 96.88%
[2026-05-08 14:35:12,923][src.modRNN.training.training_loop][INFO] - 	 Starting Epoch: 974
[2026-05-08 14:35:13,643][src.modRNN.training.training_loop][INFO] - train epoch 974 loss 0.2899 accuracy 89.06%
[2026-05-08 14:35:13,644][src.modRNN.training.training_loop][INFO] - 	 Starting Epoch: 975
[2026-05-08 14:35:14,364][src.modRNN.training.training_loop][INFO] - train epoch 975 loss 0.2652 accuracy 93.75%
[2026-05-08 14:35:14,366][src.modRNN.training.training_loop][INFO] - 	 Starting Epoch: 976
[2026-05-08 14:35:15,085][src.modRNN.training.training_loop][INFO] - train epoch 976 loss 0.2593 accuracy 93.75%
[2026-05-08 14:35:16,208][src.modRNN.training.training_loop][INFO] - eval  epoch 976 loss 0.2849 accuracy 91.60%
[2026-05-08 14:35:16,210][src.modRNN.training.training_loop][INFO] - 	 Starting Epoch: 977
[2026-05-08 14:35:16,931][src.modRNN.training.training_loop][INFO] - train epoch 977 loss 0.3090 accuracy 90.62%
[2026-05-08 14:35:16,933][src.modRNN.training.training_loop][INFO] - 	 Starting Epoch: 978
[2026-05-08 14:35:17,656][src.modRNN.training.training_loop][INFO] - train epoch 978 loss 0.1915 accuracy 95.31%
[2026-05-08 14:35:17,657][src.modRNN.training.training_loop][INFO] - 	 Starting Epoch: 979
[2026-05-08 14:35:18,380][src.modRNN.training.training_loop][INFO] - train epoch 979 loss 0.2684 accuracy 92.19%
[2026-05-08 14:35:18,382][src.modRNN.training.training_loop][INFO] - 	 Starting Epoch: 980
[2026-05-08 14:35:19,105][src.modRNN.training.training_loop][INFO] - train epoch 980 loss 0.2385 accuracy 93.75%
[2026-05-08 14:35:19,106][src.modRNN.training.training_loop][INFO] - 	 Starting Epoch: 981
[2026-05-08 14:35:19,829][src.modRNN.training.training_loop][INFO] - train epoch 981 loss 0.2282 accuracy 95.31%
[2026-05-08 14:35:19,831][src.modRNN.training.training_loop][INFO] - 	 Starting Epoch: 982
[2026-05-08 14:35:20,553][src.modRNN.training.training_loop][INFO] - train epoch 982 loss 0.2922 accuracy 92.19%
[2026-05-08 14:35:20,554][src.modRNN.training.training_loop][INFO] - 	 Starting Epoch: 983
[2026-05-08 14:35:21,277][src.modRNN.training.training_loop][INFO] - train epoch 983 loss 0.2894 accuracy 92.19%
[2026-05-08 14:35:21,278][src.modRNN.training.training_loop][INFO] - 	 Starting Epoch: 984
[2026-05-08 14:35:22,000][src.modRNN.training.training_loop][INFO] - train epoch 984 loss 0.3583 accuracy 84.38%
[2026-05-08 14:35:22,001][src.modRNN.training.training_loop][INFO] - 	 Starting Epoch: 985
[2026-05-08 14:35:22,724][src.modRNN.training.training_loop][INFO] - train epoch 985 loss 0.3332 accuracy 87.50%
[2026-05-08 14:35:22,726][src.modRNN.training.training_loop][INFO] - 	 Starting Epoch: 986
[2026-05-08 14:35:23,448][src.modRNN.training.training_loop][INFO] - train epoch 986 loss 0.2969 accuracy 92.19%
[2026-05-08 14:35:23,450][src.modRNN.training.training_loop][INFO] - 	 Starting Epoch: 987
[2026-05-08 14:35:24,176][src.modRNN.training.training_loop][INFO] - train epoch 987 loss 0.3016 accuracy 89.06%
[2026-05-08 14:35:24,178][src.modRNN.training.training_loop][INFO] - 	 Starting Epoch: 988
[2026-05-08 14:35:24,900][src.modRNN.training.training_loop][INFO] - train epoch 988 loss 0.2800 accuracy 95.31%
[2026-05-08 14:35:24,902][src.modRNN.training.training_loop][INFO] - 	 Starting Epoch: 989
[2026-05-08 14:35:25,627][src.modRNN.training.training_loop][INFO] - train epoch 989 loss 0.3640 accuracy 85.94%
[2026-05-08 14:35:25,629][src.modRNN.training.training_loop][INFO] - 	 Starting Epoch: 990
[2026-05-08 14:35:26,350][src.modRNN.training.training_loop][INFO] - train epoch 990 loss 0.2203 accuracy 95.31%
[2026-05-08 14:35:26,351][src.modRNN.training.training_loop][INFO] - 	 Starting Epoch: 991
[2026-05-08 14:35:27,074][src.modRNN.training.training_loop][INFO] - train epoch 991 loss 0.2132 accuracy 96.88%
[2026-05-08 14:35:27,076][src.modRNN.training.training_loop][INFO] - 	 Starting Epoch: 992
[2026-05-08 14:35:27,824][src.modRNN.training.training_loop][INFO] - train epoch 992 loss 0.2754 accuracy 93.75%
[2026-05-08 14:35:27,826][src.modRNN.training.training_loop][INFO] - 	 Starting Epoch: 993
[2026-05-08 14:35:28,556][src.modRNN.training.training_loop][INFO] - train epoch 993 loss 0.2518 accuracy 95.31%
[2026-05-08 14:35:28,558][src.modRNN.training.training_loop][INFO] - 	 Starting Epoch: 994
[2026-05-08 14:35:29,280][src.modRNN.training.training_loop][INFO] - train epoch 994 loss 0.1988 accuracy 93.75%
[2026-05-08 14:35:29,281][src.modRNN.training.training_loop][INFO] - 	 Starting Epoch: 995
[2026-05-08 14:35:30,002][src.modRNN.training.training_loop][INFO] - train epoch 995 loss 0.2803 accuracy 89.06%
[2026-05-08 14:35:30,004][src.modRNN.training.training_loop][INFO] - 	 Starting Epoch: 996
[2026-05-08 14:35:30,725][src.modRNN.training.training_loop][INFO] - train epoch 996 loss 0.3044 accuracy 93.75%
[2026-05-08 14:35:30,727][src.modRNN.training.training_loop][INFO] - 	 Starting Epoch: 997
[2026-05-08 14:35:31,447][src.modRNN.training.training_loop][INFO] - train epoch 997 loss 0.2396 accuracy 98.44%
[2026-05-08 14:35:31,448][src.modRNN.training.training_loop][INFO] - 	 Starting Epoch: 998
[2026-05-08 14:35:32,167][src.modRNN.training.training_loop][INFO] - train epoch 998 loss 0.2661 accuracy 92.19%
[2026-05-08 14:35:32,168][src.modRNN.training.training_loop][INFO] - 	 Starting Epoch: 999
[2026-05-08 14:35:32,886][src.modRNN.training.training_loop][INFO] - train epoch 999 loss 0.2761 accuracy 96.88%
[2026-05-08 14:35:32,888][src.modRNN.training.training_loop][INFO] - 	 Starting Epoch: 1000
[2026-05-08 14:35:33,607][src.modRNN.training.training_loop][INFO] - train epoch 1000 loss 0.2120 accuracy 95.31%
[2026-05-08 14:35:33,609][src.modRNN.training.training_loop][INFO] - 	 Starting Epoch: 1001
[2026-05-08 14:35:34,329][src.modRNN.training.training_loop][INFO] - train epoch 1001 loss 0.1983 accuracy 96.88%
[2026-05-08 14:35:35,455][src.modRNN.training.training_loop][INFO] - eval  epoch 1001 loss 0.2744 accuracy 93.16%
[2026-05-08 14:35:35,456][src.modRNN.training.training_loop][INFO] - 	 Starting Epoch: 1002
[2026-05-08 14:35:36,174][src.modRNN.training.training_loop][INFO] - train epoch 1002 loss 0.3108 accuracy 90.62%
[2026-05-08 14:35:36,175][src.modRNN.training.training_loop][INFO] - 	 Starting Epoch: 1003
[2026-05-08 14:35:36,894][src.modRNN.training.training_loop][INFO] - train epoch 1003 loss 0.3184 accuracy 89.06%
[2026-05-08 14:35:36,895][src.modRNN.training.training_loop][INFO] - 	 Starting Epoch: 1004
[2026-05-08 14:35:37,613][src.modRNN.training.training_loop][INFO] - train epoch 1004 loss 0.2664 accuracy 92.19%
[2026-05-08 14:35:37,615][src.modRNN.training.training_loop][INFO] - 	 Starting Epoch: 1005
[2026-05-08 14:35:38,333][src.modRNN.training.training_loop][INFO] - train epoch 1005 loss 0.3515 accuracy 85.94%
[2026-05-08 14:35:38,334][src.modRNN.training.training_loop][INFO] - 	 Starting Epoch: 1006
[2026-05-08 14:35:39,054][src.modRNN.training.training_loop][INFO] - train epoch 1006 loss 0.2727 accuracy 92.19%
[2026-05-08 14:35:39,055][src.modRNN.training.training_loop][INFO] - 	 Starting Epoch: 1007
[2026-05-08 14:35:39,773][src.modRNN.training.training_loop][INFO] - train epoch 1007 loss 0.2602 accuracy 93.75%
[2026-05-08 14:35:39,775][src.modRNN.training.training_loop][INFO] - 	 Starting Epoch: 1008
[2026-05-08 14:35:40,494][src.modRNN.training.training_loop][INFO] - train epoch 1008 loss 0.2891 accuracy 90.62%
[2026-05-08 14:35:40,495][src.modRNN.training.training_loop][INFO] - 	 Starting Epoch: 1009
[2026-05-08 14:35:41,214][src.modRNN.training.training_loop][INFO] - train epoch 1009 loss 0.4060 accuracy 81.25%
[2026-05-08 14:35:41,215][src.modRNN.training.training_loop][INFO] - 	 Starting Epoch: 1010
[2026-05-08 14:35:41,932][src.modRNN.training.training_loop][INFO] - train epoch 1010 loss 0.3071 accuracy 87.50%
[2026-05-08 14:35:41,934][src.modRNN.training.training_loop][INFO] - 	 Starting Epoch: 1011
[2026-05-08 14:35:42,651][src.modRNN.training.training_loop][INFO] - train epoch 1011 loss 0.3283 accuracy 84.38%
[2026-05-08 14:35:42,653][src.modRNN.training.training_loop][INFO] - 	 Starting Epoch: 1012
[2026-05-08 14:35:43,372][src.modRNN.training.training_loop][INFO] - train epoch 1012 loss 0.2058 accuracy 95.31%
[2026-05-08 14:35:43,374][src.modRNN.training.training_loop][INFO] - 	 Starting Epoch: 1013
[2026-05-08 14:35:44,090][src.modRNN.training.training_loop][INFO] - train epoch 1013 loss 0.3353 accuracy 87.50%
[2026-05-08 14:35:44,092][src.modRNN.training.training_loop][INFO] - 	 Starting Epoch: 1014
[2026-05-08 14:35:44,809][src.modRNN.training.training_loop][INFO] - train epoch 1014 loss 0.3057 accuracy 89.06%
[2026-05-08 14:35:44,810][src.modRNN.training.training_loop][INFO] - 	 Starting Epoch: 1015
[2026-05-08 14:35:45,527][src.modRNN.training.training_loop][INFO] - train epoch 1015 loss 0.2786 accuracy 89.06%
[2026-05-08 14:35:45,529][src.modRNN.training.training_loop][INFO] - 	 Starting Epoch: 1016
[2026-05-08 14:35:46,246][src.modRNN.training.training_loop][INFO] - train epoch 1016 loss 0.3359 accuracy 84.38%
[2026-05-08 14:35:46,247][src.modRNN.training.training_loop][INFO] - 	 Starting Epoch: 1017
[2026-05-08 14:35:46,964][src.modRNN.training.training_loop][INFO] - train epoch 1017 loss 0.3501 accuracy 84.38%
[2026-05-08 14:35:46,966][src.modRNN.training.training_loop][INFO] - 	 Starting Epoch: 1018
[2026-05-08 14:35:47,689][src.modRNN.training.training_loop][INFO] - train epoch 1018 loss 0.2786 accuracy 89.06%
[2026-05-08 14:35:47,690][src.modRNN.training.training_loop][INFO] - 	 Starting Epoch: 1019
[2026-05-08 14:35:48,409][src.modRNN.training.training_loop][INFO] - train epoch 1019 loss 0.3158 accuracy 89.06%
[2026-05-08 14:35:48,411][src.modRNN.training.training_loop][INFO] - 	 Starting Epoch: 1020
[2026-05-08 14:35:49,130][src.modRNN.training.training_loop][INFO] - train epoch 1020 loss 0.2798 accuracy 90.62%
[2026-05-08 14:35:49,132][src.modRNN.training.training_loop][INFO] - 	 Starting Epoch: 1021
[2026-05-08 14:35:49,850][src.modRNN.training.training_loop][INFO] - train epoch 1021 loss 0.3142 accuracy 92.19%
[2026-05-08 14:35:49,851][src.modRNN.training.training_loop][INFO] - 	 Starting Epoch: 1022
[2026-05-08 14:35:50,569][src.modRNN.training.training_loop][INFO] - train epoch 1022 loss 0.2355 accuracy 96.88%
[2026-05-08 14:35:50,570][src.modRNN.training.training_loop][INFO] - 	 Starting Epoch: 1023
[2026-05-08 14:35:51,288][src.modRNN.training.training_loop][INFO] - train epoch 1023 loss 0.2542 accuracy 96.88%
[2026-05-08 14:35:51,290][src.modRNN.training.training_loop][INFO] - 	 Starting Epoch: 1024
[2026-05-08 14:35:52,009][src.modRNN.training.training_loop][INFO] - train epoch 1024 loss 0.3434 accuracy 90.62%
[2026-05-08 14:35:52,010][src.modRNN.training.training_loop][INFO] - 	 Starting Epoch: 1025
[2026-05-08 14:35:52,728][src.modRNN.training.training_loop][INFO] - train epoch 1025 loss 0.2145 accuracy 96.88%
[2026-05-08 14:35:52,729][src.modRNN.training.training_loop][INFO] - 	 Starting Epoch: 1026
[2026-05-08 14:35:53,448][src.modRNN.training.training_loop][INFO] - train epoch 1026 loss 0.2449 accuracy 92.19%
[2026-05-08 14:35:54,570][src.modRNN.training.training_loop][INFO] - eval  epoch 1026 loss 0.2664 accuracy 93.75%
[2026-05-08 14:35:54,572][src.modRNN.training.training_loop][INFO] - 	 Starting Epoch: 1027
[2026-05-08 14:35:55,292][src.modRNN.training.training_loop][INFO] - train epoch 1027 loss 0.2929 accuracy 90.62%
[2026-05-08 14:35:55,293][src.modRNN.training.training_loop][INFO] - 	 Starting Epoch: 1028
[2026-05-08 14:35:56,011][src.modRNN.training.training_loop][INFO] - train epoch 1028 loss 0.2755 accuracy 92.19%
[2026-05-08 14:35:56,013][src.modRNN.training.training_loop][INFO] - 	 Starting Epoch: 1029
[2026-05-08 14:35:56,732][src.modRNN.training.training_loop][INFO] - train epoch 1029 loss 0.3148 accuracy 89.06%
[2026-05-08 14:35:56,734][src.modRNN.training.training_loop][INFO] - 	 Starting Epoch: 1030
[2026-05-08 14:35:57,452][src.modRNN.training.training_loop][INFO] - train epoch 1030 loss 0.3092 accuracy 89.06%
[2026-05-08 14:35:57,454][src.modRNN.training.training_loop][INFO] - 	 Starting Epoch: 1031
[2026-05-08 14:35:58,174][src.modRNN.training.training_loop][INFO] - train epoch 1031 loss 0.2223 accuracy 96.88%
[2026-05-08 14:35:58,176][src.modRNN.training.training_loop][INFO] - 	 Starting Epoch: 1032
[2026-05-08 14:35:58,896][src.modRNN.training.training_loop][INFO] - train epoch 1032 loss 0.2716 accuracy 92.19%
[2026-05-08 14:35:58,897][src.modRNN.training.training_loop][INFO] - 	 Starting Epoch: 1033
[2026-05-08 14:35:59,616][src.modRNN.training.training_loop][INFO] - train epoch 1033 loss 0.2457 accuracy 96.88%
[2026-05-08 14:35:59,617][src.modRNN.training.training_loop][INFO] - 	 Starting Epoch: 1034
[2026-05-08 14:36:00,336][src.modRNN.training.training_loop][INFO] - train epoch 1034 loss 0.3188 accuracy 89.06%
[2026-05-08 14:36:00,338][src.modRNN.training.training_loop][INFO] - 	 Starting Epoch: 1035
[2026-05-08 14:36:01,058][src.modRNN.training.training_loop][INFO] - train epoch 1035 loss 0.3173 accuracy 90.62%
[2026-05-08 14:36:01,059][src.modRNN.training.training_loop][INFO] - 	 Starting Epoch: 1036
[2026-05-08 14:36:01,782][src.modRNN.training.training_loop][INFO] - train epoch 1036 loss 0.2355 accuracy 93.75%
[2026-05-08 14:36:01,783][src.modRNN.training.training_loop][INFO] - 	 Starting Epoch: 1037
[2026-05-08 14:36:02,505][src.modRNN.training.training_loop][INFO] - train epoch 1037 loss 0.2622 accuracy 93.75%
[2026-05-08 14:36:02,506][src.modRNN.training.training_loop][INFO] - 	 Starting Epoch: 1038
[2026-05-08 14:36:03,228][src.modRNN.training.training_loop][INFO] - train epoch 1038 loss 0.2451 accuracy 93.75%
[2026-05-08 14:36:03,229][src.modRNN.training.training_loop][INFO] - 	 Starting Epoch: 1039
[2026-05-08 14:36:03,950][src.modRNN.training.training_loop][INFO] - train epoch 1039 loss 0.3284 accuracy 87.50%
[2026-05-08 14:36:03,951][src.modRNN.training.training_loop][INFO] - 	 Starting Epoch: 1040
[2026-05-08 14:36:04,674][src.modRNN.training.training_loop][INFO] - train epoch 1040 loss 0.2726 accuracy 93.75%
[2026-05-08 14:36:04,676][src.modRNN.training.training_loop][INFO] - 	 Starting Epoch: 1041
[2026-05-08 14:36:05,397][src.modRNN.training.training_loop][INFO] - train epoch 1041 loss 0.2729 accuracy 95.31%
[2026-05-08 14:36:05,398][src.modRNN.training.training_loop][INFO] - 	 Starting Epoch: 1042
[2026-05-08 14:36:06,120][src.modRNN.training.training_loop][INFO] - train epoch 1042 loss 0.2758 accuracy 93.75%
[2026-05-08 14:36:06,121][src.modRNN.training.training_loop][INFO] - 	 Starting Epoch: 1043
[2026-05-08 14:36:06,844][src.modRNN.training.training_loop][INFO] - train epoch 1043 loss 0.2446 accuracy 96.88%
[2026-05-08 14:36:06,846][src.modRNN.training.training_loop][INFO] - 	 Starting Epoch: 1044
[2026-05-08 14:36:07,573][src.modRNN.training.training_loop][INFO] - train epoch 1044 loss 0.2958 accuracy 90.62%
[2026-05-08 14:36:07,574][src.modRNN.training.training_loop][INFO] - 	 Starting Epoch: 1045
[2026-05-08 14:36:08,297][src.modRNN.training.training_loop][INFO] - train epoch 1045 loss 0.2930 accuracy 89.06%
[2026-05-08 14:36:08,299][src.modRNN.training.training_loop][INFO] - 	 Starting Epoch: 1046
[2026-05-08 14:36:09,021][src.modRNN.training.training_loop][INFO] - train epoch 1046 loss 0.2269 accuracy 92.19%
[2026-05-08 14:36:09,022][src.modRNN.training.training_loop][INFO] - 	 Starting Epoch: 1047
[2026-05-08 14:36:09,746][src.modRNN.training.training_loop][INFO] - train epoch 1047 loss 0.2141 accuracy 96.88%
[2026-05-08 14:36:09,748][src.modRNN.training.training_loop][INFO] - 	 Starting Epoch: 1048
[2026-05-08 14:36:10,469][src.modRNN.training.training_loop][INFO] - train epoch 1048 loss 0.2163 accuracy 96.88%
[2026-05-08 14:36:10,471][src.modRNN.training.training_loop][INFO] - 	 Starting Epoch: 1049
[2026-05-08 14:36:11,192][src.modRNN.training.training_loop][INFO] - train epoch 1049 loss 0.2759 accuracy 93.75%
[2026-05-08 14:36:11,194][src.modRNN.training.training_loop][INFO] - 	 Starting Epoch: 1050
[2026-05-08 14:36:11,915][src.modRNN.training.training_loop][INFO] - train epoch 1050 loss 0.1788 accuracy 98.44%
[2026-05-08 14:36:11,916][src.modRNN.training.training_loop][INFO] - 	 Starting Epoch: 1051
[2026-05-08 14:36:12,638][src.modRNN.training.training_loop][INFO] - train epoch 1051 loss 0.3347 accuracy 87.50%
[2026-05-08 14:36:13,760][src.modRNN.training.training_loop][INFO] - eval  epoch 1051 loss 0.2848 accuracy 91.02%
[2026-05-08 14:36:13,761][src.modRNN.training.training_loop][INFO] - 	 Starting Epoch: 1052
[2026-05-08 14:36:14,482][src.modRNN.training.training_loop][INFO] - train epoch 1052 loss 0.2806 accuracy 93.75%
[2026-05-08 14:36:14,483][src.modRNN.training.training_loop][INFO] - 	 Starting Epoch: 1053
[2026-05-08 14:36:15,204][src.modRNN.training.training_loop][INFO] - train epoch 1053 loss 0.2622 accuracy 93.75%
[2026-05-08 14:36:15,205][src.modRNN.training.training_loop][INFO] - 	 Starting Epoch: 1054
[2026-05-08 14:36:15,925][src.modRNN.training.training_loop][INFO] - train epoch 1054 loss 0.1842 accuracy 96.88%
[2026-05-08 14:36:15,926][src.modRNN.training.training_loop][INFO] - 	 Starting Epoch: 1055
[2026-05-08 14:36:16,646][src.modRNN.training.training_loop][INFO] - train epoch 1055 loss 0.2783 accuracy 90.62%
[2026-05-08 14:36:16,648][src.modRNN.training.training_loop][INFO] - 	 Starting Epoch: 1056
[2026-05-08 14:36:17,367][src.modRNN.training.training_loop][INFO] - train epoch 1056 loss 0.2316 accuracy 95.31%
[2026-05-08 14:36:17,369][src.modRNN.training.training_loop][INFO] - 	 Starting Epoch: 1057
[2026-05-08 14:36:18,089][src.modRNN.training.training_loop][INFO] - train epoch 1057 loss 0.2888 accuracy 92.19%
[2026-05-08 14:36:18,091][src.modRNN.training.training_loop][INFO] - 	 Starting Epoch: 1058
[2026-05-08 14:36:18,810][src.modRNN.training.training_loop][INFO] - train epoch 1058 loss 0.3329 accuracy 89.06%
[2026-05-08 14:36:18,812][src.modRNN.training.training_loop][INFO] - 	 Starting Epoch: 1059
[2026-05-08 14:36:19,532][src.modRNN.training.training_loop][INFO] - train epoch 1059 loss 0.3497 accuracy 87.50%
[2026-05-08 14:36:19,534][src.modRNN.training.training_loop][INFO] - 	 Starting Epoch: 1060
[2026-05-08 14:36:20,254][src.modRNN.training.training_loop][INFO] - train epoch 1060 loss 0.2441 accuracy 90.62%
[2026-05-08 14:36:20,256][src.modRNN.training.training_loop][INFO] - 	 Starting Epoch: 1061
[2026-05-08 14:36:20,976][src.modRNN.training.training_loop][INFO] - train epoch 1061 loss 0.2556 accuracy 90.62%
[2026-05-08 14:36:20,977][src.modRNN.training.training_loop][INFO] - 	 Starting Epoch: 1062
[2026-05-08 14:36:21,697][src.modRNN.training.training_loop][INFO] - train epoch 1062 loss 0.2903 accuracy 92.19%
[2026-05-08 14:36:21,699][src.modRNN.training.training_loop][INFO] - 	 Starting Epoch: 1063
[2026-05-08 14:36:22,418][src.modRNN.training.training_loop][INFO] - train epoch 1063 loss 0.3483 accuracy 85.94%
[2026-05-08 14:36:22,420][src.modRNN.training.training_loop][INFO] - 	 Starting Epoch: 1064
[2026-05-08 14:36:23,140][src.modRNN.training.training_loop][INFO] - train epoch 1064 loss 0.3195 accuracy 85.94%
[2026-05-08 14:36:23,141][src.modRNN.training.training_loop][INFO] - 	 Starting Epoch: 1065
[2026-05-08 14:36:23,861][src.modRNN.training.training_loop][INFO] - train epoch 1065 loss 0.3292 accuracy 87.50%
[2026-05-08 14:36:23,862][src.modRNN.training.training_loop][INFO] - 	 Starting Epoch: 1066
[2026-05-08 14:36:24,582][src.modRNN.training.training_loop][INFO] - train epoch 1066 loss 0.3059 accuracy 87.50%
[2026-05-08 14:36:24,584][src.modRNN.training.training_loop][INFO] - 	 Starting Epoch: 1067
[2026-05-08 14:36:25,305][src.modRNN.training.training_loop][INFO] - train epoch 1067 loss 0.2469 accuracy 92.19%
[2026-05-08 14:36:25,306][src.modRNN.training.training_loop][INFO] - 	 Starting Epoch: 1068
[2026-05-08 14:36:26,025][src.modRNN.training.training_loop][INFO] - train epoch 1068 loss 0.3240 accuracy 89.06%
[2026-05-08 14:36:26,027][src.modRNN.training.training_loop][INFO] - 	 Starting Epoch: 1069
[2026-05-08 14:36:26,747][src.modRNN.training.training_loop][INFO] - train epoch 1069 loss 0.2615 accuracy 92.19%
[2026-05-08 14:36:26,749][src.modRNN.training.training_loop][INFO] - 	 Starting Epoch: 1070
[2026-05-08 14:36:27,487][src.modRNN.training.training_loop][INFO] - train epoch 1070 loss 0.2346 accuracy 92.19%
[2026-05-08 14:36:27,490][src.modRNN.training.training_loop][INFO] - 	 Starting Epoch: 1071
[2026-05-08 14:36:28,240][src.modRNN.training.training_loop][INFO] - train epoch 1071 loss 0.3331 accuracy 84.38%
[2026-05-08 14:36:28,242][src.modRNN.training.training_loop][INFO] - 	 Starting Epoch: 1072
[2026-05-08 14:36:28,965][src.modRNN.training.training_loop][INFO] - train epoch 1072 loss 0.2759 accuracy 89.06%
[2026-05-08 14:36:28,966][src.modRNN.training.training_loop][INFO] - 	 Starting Epoch: 1073
[2026-05-08 14:36:29,686][src.modRNN.training.training_loop][INFO] - train epoch 1073 loss 0.3100 accuracy 87.50%
[2026-05-08 14:36:29,687][src.modRNN.training.training_loop][INFO] - 	 Starting Epoch: 1074
[2026-05-08 14:36:30,407][src.modRNN.training.training_loop][INFO] - train epoch 1074 loss 0.3161 accuracy 89.06%
[2026-05-08 14:36:30,409][src.modRNN.training.training_loop][INFO] - 	 Starting Epoch: 1075
[2026-05-08 14:36:31,128][src.modRNN.training.training_loop][INFO] - train epoch 1075 loss 0.3091 accuracy 87.50%
[2026-05-08 14:36:31,129][src.modRNN.training.training_loop][INFO] - 	 Starting Epoch: 1076
[2026-05-08 14:36:31,848][src.modRNN.training.training_loop][INFO] - train epoch 1076 loss 0.3207 accuracy 87.50%
[2026-05-08 14:36:32,972][src.modRNN.training.training_loop][INFO] - eval  epoch 1076 loss 0.2774 accuracy 91.21%
[2026-05-08 14:36:32,974][src.modRNN.training.training_loop][INFO] - 	 Starting Epoch: 1077
[2026-05-08 14:36:33,695][src.modRNN.training.training_loop][INFO] - train epoch 1077 loss 0.2464 accuracy 90.62%
[2026-05-08 14:36:33,696][src.modRNN.training.training_loop][INFO] - 	 Starting Epoch: 1078
[2026-05-08 14:36:34,417][src.modRNN.training.training_loop][INFO] - train epoch 1078 loss 0.2835 accuracy 90.62%
[2026-05-08 14:36:34,419][src.modRNN.training.training_loop][INFO] - 	 Starting Epoch: 1079
[2026-05-08 14:36:35,138][src.modRNN.training.training_loop][INFO] - train epoch 1079 loss 0.2526 accuracy 92.19%
[2026-05-08 14:36:35,140][src.modRNN.training.training_loop][INFO] - 	 Starting Epoch: 1080
[2026-05-08 14:36:35,860][src.modRNN.training.training_loop][INFO] - train epoch 1080 loss 0.2047 accuracy 95.31%
[2026-05-08 14:36:35,862][src.modRNN.training.training_loop][INFO] - 	 Starting Epoch: 1081
[2026-05-08 14:36:36,581][src.modRNN.training.training_loop][INFO] - train epoch 1081 loss 0.2260 accuracy 95.31%
[2026-05-08 14:36:36,583][src.modRNN.training.training_loop][INFO] - 	 Starting Epoch: 1082
[2026-05-08 14:36:37,302][src.modRNN.training.training_loop][INFO] - train epoch 1082 loss 0.3864 accuracy 84.38%
[2026-05-08 14:36:37,304][src.modRNN.training.training_loop][INFO] - 	 Starting Epoch: 1083
[2026-05-08 14:36:38,023][src.modRNN.training.training_loop][INFO] - train epoch 1083 loss 0.2136 accuracy 95.31%
[2026-05-08 14:36:38,024][src.modRNN.training.training_loop][INFO] - 	 Starting Epoch: 1084
[2026-05-08 14:36:38,742][src.modRNN.training.training_loop][INFO] - train epoch 1084 loss 0.2137 accuracy 95.31%
[2026-05-08 14:36:38,744][src.modRNN.training.training_loop][INFO] - 	 Starting Epoch: 1085
[2026-05-08 14:36:39,463][src.modRNN.training.training_loop][INFO] - train epoch 1085 loss 0.2630 accuracy 92.19%
[2026-05-08 14:36:39,464][src.modRNN.training.training_loop][INFO] - 	 Starting Epoch: 1086
[2026-05-08 14:36:40,185][src.modRNN.training.training_loop][INFO] - train epoch 1086 loss 0.2052 accuracy 98.44%
[2026-05-08 14:36:40,186][src.modRNN.training.training_loop][INFO] - 	 Starting Epoch: 1087
[2026-05-08 14:36:40,905][src.modRNN.training.training_loop][INFO] - train epoch 1087 loss 0.2631 accuracy 90.62%
[2026-05-08 14:36:40,907][src.modRNN.training.training_loop][INFO] - 	 Starting Epoch: 1088
[2026-05-08 14:36:41,625][src.modRNN.training.training_loop][INFO] - train epoch 1088 loss 0.2972 accuracy 92.19%
[2026-05-08 14:36:41,626][src.modRNN.training.training_loop][INFO] - 	 Starting Epoch: 1089
[2026-05-08 14:36:42,345][src.modRNN.training.training_loop][INFO] - train epoch 1089 loss 0.2129 accuracy 95.31%
[2026-05-08 14:36:42,347][src.modRNN.training.training_loop][INFO] - 	 Starting Epoch: 1090
[2026-05-08 14:36:43,066][src.modRNN.training.training_loop][INFO] - train epoch 1090 loss 0.2405 accuracy 93.75%
[2026-05-08 14:36:43,067][src.modRNN.training.training_loop][INFO] - 	 Starting Epoch: 1091
[2026-05-08 14:36:43,787][src.modRNN.training.training_loop][INFO] - train epoch 1091 loss 0.2423 accuracy 92.19%
[2026-05-08 14:36:43,789][src.modRNN.training.training_loop][INFO] - 	 Starting Epoch: 1092
[2026-05-08 14:36:44,510][src.modRNN.training.training_loop][INFO] - train epoch 1092 loss 0.2390 accuracy 95.31%
[2026-05-08 14:36:44,512][src.modRNN.training.training_loop][INFO] - 	 Starting Epoch: 1093
[2026-05-08 14:36:45,232][src.modRNN.training.training_loop][INFO] - train epoch 1093 loss 0.2476 accuracy 92.19%
[2026-05-08 14:36:45,233][src.modRNN.training.training_loop][INFO] - 	 Starting Epoch: 1094
[2026-05-08 14:36:45,952][src.modRNN.training.training_loop][INFO] - train epoch 1094 loss 0.2488 accuracy 96.88%
[2026-05-08 14:36:45,953][src.modRNN.training.training_loop][INFO] - 	 Starting Epoch: 1095
[2026-05-08 14:36:46,673][src.modRNN.training.training_loop][INFO] - train epoch 1095 loss 0.2967 accuracy 90.62%
[2026-05-08 14:36:46,674][src.modRNN.training.training_loop][INFO] - 	 Starting Epoch: 1096
[2026-05-08 14:36:47,395][src.modRNN.training.training_loop][INFO] - train epoch 1096 loss 0.2635 accuracy 90.62%
[2026-05-08 14:36:47,397][src.modRNN.training.training_loop][INFO] - 	 Starting Epoch: 1097
[2026-05-08 14:36:48,117][src.modRNN.training.training_loop][INFO] - train epoch 1097 loss 0.2774 accuracy 89.06%
[2026-05-08 14:36:48,119][src.modRNN.training.training_loop][INFO] - 	 Starting Epoch: 1098
[2026-05-08 14:36:48,840][src.modRNN.training.training_loop][INFO] - train epoch 1098 loss 0.2888 accuracy 92.19%
[2026-05-08 14:36:48,842][src.modRNN.training.training_loop][INFO] - 	 Starting Epoch: 1099
[2026-05-08 14:36:49,564][src.modRNN.training.training_loop][INFO] - train epoch 1099 loss 0.2625 accuracy 92.19%
[2026-05-08 14:36:49,565][src.modRNN.training.training_loop][INFO] - 	 Starting Epoch: 1100
[2026-05-08 14:36:50,288][src.modRNN.training.training_loop][INFO] - train epoch 1100 loss 0.2300 accuracy 95.31%
[2026-05-08 14:36:50,290][src.modRNN.training.training_loop][INFO] - 	 Starting Epoch: 1101
[2026-05-08 14:36:51,010][src.modRNN.training.training_loop][INFO] - train epoch 1101 loss 0.2656 accuracy 89.06%
[2026-05-08 14:36:52,133][src.modRNN.training.training_loop][INFO] - eval  epoch 1101 loss 0.2798 accuracy 91.60%
[2026-05-08 14:36:52,134][src.modRNN.training.training_loop][INFO] - 	 Starting Epoch: 1102
[2026-05-08 14:36:52,854][src.modRNN.training.training_loop][INFO] - train epoch 1102 loss 0.2994 accuracy 89.06%
[2026-05-08 14:36:52,855][src.modRNN.training.training_loop][INFO] - 	 Starting Epoch: 1103
[2026-05-08 14:36:53,574][src.modRNN.training.training_loop][INFO] - train epoch 1103 loss 0.2833 accuracy 89.06%
[2026-05-08 14:36:53,575][src.modRNN.training.training_loop][INFO] - 	 Starting Epoch: 1104
[2026-05-08 14:36:54,296][src.modRNN.training.training_loop][INFO] - train epoch 1104 loss 0.1951 accuracy 95.31%
[2026-05-08 14:36:54,297][src.modRNN.training.training_loop][INFO] - 	 Starting Epoch: 1105
[2026-05-08 14:36:55,016][src.modRNN.training.training_loop][INFO] - train epoch 1105 loss 0.3269 accuracy 85.94%
[2026-05-08 14:36:55,017][src.modRNN.training.training_loop][INFO] - 	 Starting Epoch: 1106
[2026-05-08 14:36:55,736][src.modRNN.training.training_loop][INFO] - train epoch 1106 loss 0.3891 accuracy 81.25%
[2026-05-08 14:36:55,737][src.modRNN.training.training_loop][INFO] - 	 Starting Epoch: 1107
[2026-05-08 14:36:56,455][src.modRNN.training.training_loop][INFO] - train epoch 1107 loss 0.2658 accuracy 93.75%
[2026-05-08 14:36:56,456][src.modRNN.training.training_loop][INFO] - 	 Starting Epoch: 1108
[2026-05-08 14:36:57,175][src.modRNN.training.training_loop][INFO] - train epoch 1108 loss 0.3293 accuracy 85.94%
[2026-05-08 14:36:57,176][src.modRNN.training.training_loop][INFO] - 	 Starting Epoch: 1109
[2026-05-08 14:36:57,894][src.modRNN.training.training_loop][INFO] - train epoch 1109 loss 0.2510 accuracy 89.06%
[2026-05-08 14:36:57,895][src.modRNN.training.training_loop][INFO] - 	 Starting Epoch: 1110
[2026-05-08 14:36:58,613][src.modRNN.training.training_loop][INFO] - train epoch 1110 loss 0.2907 accuracy 90.62%
[2026-05-08 14:36:58,615][src.modRNN.training.training_loop][INFO] - 	 Starting Epoch: 1111
[2026-05-08 14:36:59,332][src.modRNN.training.training_loop][INFO] - train epoch 1111 loss 0.2922 accuracy 89.06%
[2026-05-08 14:36:59,334][src.modRNN.training.training_loop][INFO] - 	 Starting Epoch: 1112
[2026-05-08 14:37:00,052][src.modRNN.training.training_loop][INFO] - train epoch 1112 loss 0.3666 accuracy 81.25%
[2026-05-08 14:37:00,054][src.modRNN.training.training_loop][INFO] - 	 Starting Epoch: 1113
[2026-05-08 14:37:00,773][src.modRNN.training.training_loop][INFO] - train epoch 1113 loss 0.3194 accuracy 85.94%
[2026-05-08 14:37:00,775][src.modRNN.training.training_loop][INFO] - 	 Starting Epoch: 1114
[2026-05-08 14:37:01,494][src.modRNN.training.training_loop][INFO] - train epoch 1114 loss 0.3999 accuracy 78.12%
[2026-05-08 14:37:01,497][src.modRNN.training.training_loop][INFO] - 	 Starting Epoch: 1115
[2026-05-08 14:37:02,233][src.modRNN.training.training_loop][INFO] - train epoch 1115 loss 0.3896 accuracy 79.69%
[2026-05-08 14:37:02,235][src.modRNN.training.training_loop][INFO] - 	 Starting Epoch: 1116
[2026-05-08 14:37:02,954][src.modRNN.training.training_loop][INFO] - train epoch 1116 loss 0.3528 accuracy 79.69%
[2026-05-08 14:37:02,955][src.modRNN.training.training_loop][INFO] - 	 Starting Epoch: 1117
[2026-05-08 14:37:03,675][src.modRNN.training.training_loop][INFO] - train epoch 1117 loss 0.2742 accuracy 87.50%
[2026-05-08 14:37:03,677][src.modRNN.training.training_loop][INFO] - 	 Starting Epoch: 1118
[2026-05-08 14:37:04,400][src.modRNN.training.training_loop][INFO] - train epoch 1118 loss 0.2570 accuracy 92.19%
[2026-05-08 14:37:04,402][src.modRNN.training.training_loop][INFO] - 	 Starting Epoch: 1119
[2026-05-08 14:37:05,121][src.modRNN.training.training_loop][INFO] - train epoch 1119 loss 0.3564 accuracy 82.81%
[2026-05-08 14:37:05,123][src.modRNN.training.training_loop][INFO] - 	 Starting Epoch: 1120
[2026-05-08 14:37:05,843][src.modRNN.training.training_loop][INFO] - train epoch 1120 loss 0.3049 accuracy 87.50%
[2026-05-08 14:37:05,844][src.modRNN.training.training_loop][INFO] - 	 Starting Epoch: 1121
[2026-05-08 14:37:06,563][src.modRNN.training.training_loop][INFO] - train epoch 1121 loss 0.3040 accuracy 85.94%
[2026-05-08 14:37:06,565][src.modRNN.training.training_loop][INFO] - 	 Starting Epoch: 1122
[2026-05-08 14:37:07,284][src.modRNN.training.training_loop][INFO] - train epoch 1122 loss 0.2663 accuracy 93.75%
[2026-05-08 14:37:07,286][src.modRNN.training.training_loop][INFO] - 	 Starting Epoch: 1123
[2026-05-08 14:37:08,006][src.modRNN.training.training_loop][INFO] - train epoch 1123 loss 0.2767 accuracy 92.19%
[2026-05-08 14:37:08,007][src.modRNN.training.training_loop][INFO] - 	 Starting Epoch: 1124
[2026-05-08 14:37:08,727][src.modRNN.training.training_loop][INFO] - train epoch 1124 loss 0.2906 accuracy 92.19%
[2026-05-08 14:37:08,729][src.modRNN.training.training_loop][INFO] - 	 Starting Epoch: 1125
[2026-05-08 14:37:09,449][src.modRNN.training.training_loop][INFO] - train epoch 1125 loss 0.2379 accuracy 93.75%
[2026-05-08 14:37:09,451][src.modRNN.training.training_loop][INFO] - 	 Starting Epoch: 1126
[2026-05-08 14:37:10,171][src.modRNN.training.training_loop][INFO] - train epoch 1126 loss 0.2452 accuracy 93.75%
[2026-05-08 14:37:11,291][src.modRNN.training.training_loop][INFO] - eval  epoch 1126 loss 0.2843 accuracy 89.84%
[2026-05-08 14:37:11,293][src.modRNN.training.training_loop][INFO] - 	 Starting Epoch: 1127
[2026-05-08 14:37:12,013][src.modRNN.training.training_loop][INFO] - train epoch 1127 loss 0.2560 accuracy 90.62%
[2026-05-08 14:37:12,015][src.modRNN.training.training_loop][INFO] - 	 Starting Epoch: 1128
[2026-05-08 14:37:12,737][src.modRNN.training.training_loop][INFO] - train epoch 1128 loss 0.2404 accuracy 90.62%
[2026-05-08 14:37:12,739][src.modRNN.training.training_loop][INFO] - 	 Starting Epoch: 1129
[2026-05-08 14:37:13,460][src.modRNN.training.training_loop][INFO] - train epoch 1129 loss 0.3557 accuracy 84.38%
[2026-05-08 14:37:13,462][src.modRNN.training.training_loop][INFO] - 	 Starting Epoch: 1130
[2026-05-08 14:37:14,183][src.modRNN.training.training_loop][INFO] - train epoch 1130 loss 0.2450 accuracy 93.75%
[2026-05-08 14:37:14,185][src.modRNN.training.training_loop][INFO] - 	 Starting Epoch: 1131
[2026-05-08 14:37:14,907][src.modRNN.training.training_loop][INFO] - train epoch 1131 loss 0.3082 accuracy 87.50%
[2026-05-08 14:37:14,908][src.modRNN.training.training_loop][INFO] - 	 Starting Epoch: 1132
[2026-05-08 14:37:15,630][src.modRNN.training.training_loop][INFO] - train epoch 1132 loss 0.3869 accuracy 75.00%
[2026-05-08 14:37:15,631][src.modRNN.training.training_loop][INFO] - 	 Starting Epoch: 1133
[2026-05-08 14:37:16,352][src.modRNN.training.training_loop][INFO] - train epoch 1133 loss 0.3175 accuracy 89.06%
[2026-05-08 14:37:16,354][src.modRNN.training.training_loop][INFO] - 	 Starting Epoch: 1134
[2026-05-08 14:37:17,075][src.modRNN.training.training_loop][INFO] - train epoch 1134 loss 0.2144 accuracy 93.75%
[2026-05-08 14:37:17,077][src.modRNN.training.training_loop][INFO] - 	 Starting Epoch: 1135
[2026-05-08 14:37:17,799][src.modRNN.training.training_loop][INFO] - train epoch 1135 loss 0.2008 accuracy 96.88%
[2026-05-08 14:37:17,800][src.modRNN.training.training_loop][INFO] - 	 Starting Epoch: 1136
[2026-05-08 14:37:18,521][src.modRNN.training.training_loop][INFO] - train epoch 1136 loss 0.2024 accuracy 98.44%
[2026-05-08 14:37:18,523][src.modRNN.training.training_loop][INFO] - 	 Starting Epoch: 1137
[2026-05-08 14:37:19,244][src.modRNN.training.training_loop][INFO] - train epoch 1137 loss 0.2307 accuracy 95.31%
[2026-05-08 14:37:19,246][src.modRNN.training.training_loop][INFO] - 	 Starting Epoch: 1138
[2026-05-08 14:37:19,966][src.modRNN.training.training_loop][INFO] - train epoch 1138 loss 0.2812 accuracy 95.31%
[2026-05-08 14:37:19,968][src.modRNN.training.training_loop][INFO] - 	 Starting Epoch: 1139
[2026-05-08 14:37:20,694][src.modRNN.training.training_loop][INFO] - train epoch 1139 loss 0.3312 accuracy 84.38%
[2026-05-08 14:37:20,695][src.modRNN.training.training_loop][INFO] - 	 Starting Epoch: 1140
[2026-05-08 14:37:21,418][src.modRNN.training.training_loop][INFO] - train epoch 1140 loss 0.2214 accuracy 93.75%
[2026-05-08 14:37:21,420][src.modRNN.training.training_loop][INFO] - 	 Starting Epoch: 1141
[2026-05-08 14:37:22,142][src.modRNN.training.training_loop][INFO] - train epoch 1141 loss 0.2595 accuracy 92.19%
[2026-05-08 14:37:22,143][src.modRNN.training.training_loop][INFO] - 	 Starting Epoch: 1142
[2026-05-08 14:37:22,863][src.modRNN.training.training_loop][INFO] - train epoch 1142 loss 0.2733 accuracy 90.62%
[2026-05-08 14:37:22,865][src.modRNN.training.training_loop][INFO] - 	 Starting Epoch: 1143
[2026-05-08 14:37:23,589][src.modRNN.training.training_loop][INFO] - train epoch 1143 loss 0.2501 accuracy 89.06%
[2026-05-08 14:37:23,590][src.modRNN.training.training_loop][INFO] - 	 Starting Epoch: 1144
[2026-05-08 14:37:24,313][src.modRNN.training.training_loop][INFO] - train epoch 1144 loss 0.4048 accuracy 81.25%
[2026-05-08 14:37:24,315][src.modRNN.training.training_loop][INFO] - 	 Starting Epoch: 1145
[2026-05-08 14:37:25,037][src.modRNN.training.training_loop][INFO] - train epoch 1145 loss 0.3061 accuracy 89.06%
[2026-05-08 14:37:25,039][src.modRNN.training.training_loop][INFO] - 	 Starting Epoch: 1146
[2026-05-08 14:37:25,760][src.modRNN.training.training_loop][INFO] - train epoch 1146 loss 0.2576 accuracy 93.75%
[2026-05-08 14:37:25,762][src.modRNN.training.training_loop][INFO] - 	 Starting Epoch: 1147
[2026-05-08 14:37:26,484][src.modRNN.training.training_loop][INFO] - train epoch 1147 loss 0.2670 accuracy 89.06%
[2026-05-08 14:37:26,486][src.modRNN.training.training_loop][INFO] - 	 Starting Epoch: 1148
[2026-05-08 14:37:27,214][src.modRNN.training.training_loop][INFO] - train epoch 1148 loss 0.2607 accuracy 89.06%
[2026-05-08 14:37:27,217][src.modRNN.training.training_loop][INFO] - 	 Starting Epoch: 1149
[2026-05-08 14:37:27,973][src.modRNN.training.training_loop][INFO] - train epoch 1149 loss 0.3744 accuracy 87.50%
[2026-05-08 14:37:27,974][src.modRNN.training.training_loop][INFO] - 	 Starting Epoch: 1150
[2026-05-08 14:37:28,696][src.modRNN.training.training_loop][INFO] - train epoch 1150 loss 0.3046 accuracy 90.62%
[2026-05-08 14:37:28,698][src.modRNN.training.training_loop][INFO] - 	 Starting Epoch: 1151
[2026-05-08 14:37:29,419][src.modRNN.training.training_loop][INFO] - train epoch 1151 loss 0.2512 accuracy 90.62%
[2026-05-08 14:37:30,540][src.modRNN.training.training_loop][INFO] - eval  epoch 1151 loss 0.3243 accuracy 84.77%
[2026-05-08 14:37:30,542][src.modRNN.training.training_loop][INFO] - 	 Starting Epoch: 1152
[2026-05-08 14:37:31,262][src.modRNN.training.training_loop][INFO] - train epoch 1152 loss 0.3282 accuracy 90.62%
[2026-05-08 14:37:31,263][src.modRNN.training.training_loop][INFO] - 	 Starting Epoch: 1153
[2026-05-08 14:37:31,980][src.modRNN.training.training_loop][INFO] - train epoch 1153 loss 0.2633 accuracy 89.06%
[2026-05-08 14:37:31,982][src.modRNN.training.training_loop][INFO] - 	 Starting Epoch: 1154
[2026-05-08 14:37:32,699][src.modRNN.training.training_loop][INFO] - train epoch 1154 loss 0.3281 accuracy 81.25%
[2026-05-08 14:37:32,701][src.modRNN.training.training_loop][INFO] - 	 Starting Epoch: 1155
[2026-05-08 14:37:33,417][src.modRNN.training.training_loop][INFO] - train epoch 1155 loss 0.2169 accuracy 92.19%
[2026-05-08 14:37:33,419][src.modRNN.training.training_loop][INFO] - 	 Starting Epoch: 1156
[2026-05-08 14:37:34,137][src.modRNN.training.training_loop][INFO] - train epoch 1156 loss 0.3788 accuracy 84.38%
[2026-05-08 14:37:34,138][src.modRNN.training.training_loop][INFO] - 	 Starting Epoch: 1157
[2026-05-08 14:37:34,856][src.modRNN.training.training_loop][INFO] - train epoch 1157 loss 0.2883 accuracy 89.06%
[2026-05-08 14:37:34,858][src.modRNN.training.training_loop][INFO] - 	 Starting Epoch: 1158
[2026-05-08 14:37:35,578][src.modRNN.training.training_loop][INFO] - train epoch 1158 loss 0.2708 accuracy 89.06%
[2026-05-08 14:37:35,579][src.modRNN.training.training_loop][INFO] - 	 Starting Epoch: 1159
[2026-05-08 14:37:36,297][src.modRNN.training.training_loop][INFO] - train epoch 1159 loss 0.3650 accuracy 82.81%
[2026-05-08 14:37:36,299][src.modRNN.training.training_loop][INFO] - 	 Starting Epoch: 1160
[2026-05-08 14:37:37,016][src.modRNN.training.training_loop][INFO] - train epoch 1160 loss 0.2826 accuracy 92.19%
[2026-05-08 14:37:37,018][src.modRNN.training.training_loop][INFO] - 	 Starting Epoch: 1161
[2026-05-08 14:37:37,736][src.modRNN.training.training_loop][INFO] - train epoch 1161 loss 0.2112 accuracy 95.31%
[2026-05-08 14:37:37,738][src.modRNN.training.training_loop][INFO] - 	 Starting Epoch: 1162
[2026-05-08 14:37:38,456][src.modRNN.training.training_loop][INFO] - train epoch 1162 loss 0.2996 accuracy 89.06%
[2026-05-08 14:37:38,458][src.modRNN.training.training_loop][INFO] - 	 Starting Epoch: 1163
[2026-05-08 14:37:39,176][src.modRNN.training.training_loop][INFO] - train epoch 1163 loss 0.3215 accuracy 85.94%
[2026-05-08 14:37:39,177][src.modRNN.training.training_loop][INFO] - 	 Starting Epoch: 1164
[2026-05-08 14:37:39,896][src.modRNN.training.training_loop][INFO] - train epoch 1164 loss 0.2955 accuracy 90.62%
[2026-05-08 14:37:39,898][src.modRNN.training.training_loop][INFO] - 	 Starting Epoch: 1165
[2026-05-08 14:37:40,616][src.modRNN.training.training_loop][INFO] - train epoch 1165 loss 0.3140 accuracy 90.62%
[2026-05-08 14:37:40,618][src.modRNN.training.training_loop][INFO] - 	 Starting Epoch: 1166
[2026-05-08 14:37:41,339][src.modRNN.training.training_loop][INFO] - train epoch 1166 loss 0.2922 accuracy 89.06%
[2026-05-08 14:37:41,341][src.modRNN.training.training_loop][INFO] - 	 Starting Epoch: 1167
[2026-05-08 14:37:42,060][src.modRNN.training.training_loop][INFO] - train epoch 1167 loss 0.2265 accuracy 95.31%
[2026-05-08 14:37:42,061][src.modRNN.training.training_loop][INFO] - 	 Starting Epoch: 1168
[2026-05-08 14:37:42,782][src.modRNN.training.training_loop][INFO] - train epoch 1168 loss 0.2449 accuracy 96.88%
[2026-05-08 14:37:42,784][src.modRNN.training.training_loop][INFO] - 	 Starting Epoch: 1169
[2026-05-08 14:37:43,502][src.modRNN.training.training_loop][INFO] - train epoch 1169 loss 0.2802 accuracy 92.19%
[2026-05-08 14:37:43,504][src.modRNN.training.training_loop][INFO] - 	 Starting Epoch: 1170
[2026-05-08 14:37:44,223][src.modRNN.training.training_loop][INFO] - train epoch 1170 loss 0.2908 accuracy 92.19%
[2026-05-08 14:37:44,225][src.modRNN.training.training_loop][INFO] - 	 Starting Epoch: 1171
[2026-05-08 14:37:44,941][src.modRNN.training.training_loop][INFO] - train epoch 1171 loss 0.3178 accuracy 84.38%
[2026-05-08 14:37:44,943][src.modRNN.training.training_loop][INFO] - 	 Starting Epoch: 1172
[2026-05-08 14:37:45,661][src.modRNN.training.training_loop][INFO] - train epoch 1172 loss 0.2113 accuracy 96.88%
[2026-05-08 14:37:45,663][src.modRNN.training.training_loop][INFO] - 	 Starting Epoch: 1173
[2026-05-08 14:37:46,382][src.modRNN.training.training_loop][INFO] - train epoch 1173 loss 0.2843 accuracy 95.31%
[2026-05-08 14:37:46,384][src.modRNN.training.training_loop][INFO] - 	 Starting Epoch: 1174
[2026-05-08 14:37:47,102][src.modRNN.training.training_loop][INFO] - train epoch 1174 loss 0.2442 accuracy 95.31%
[2026-05-08 14:37:47,104][src.modRNN.training.training_loop][INFO] - 	 Starting Epoch: 1175
[2026-05-08 14:37:47,823][src.modRNN.training.training_loop][INFO] - train epoch 1175 loss 0.2482 accuracy 90.62%
[2026-05-08 14:37:47,825][src.modRNN.training.training_loop][INFO] - 	 Starting Epoch: 1176
[2026-05-08 14:37:48,545][src.modRNN.training.training_loop][INFO] - train epoch 1176 loss 0.2358 accuracy 95.31%
[2026-05-08 14:37:49,669][src.modRNN.training.training_loop][INFO] - eval  epoch 1176 loss 0.2705 accuracy 92.19%
[2026-05-08 14:37:49,670][src.modRNN.training.training_loop][INFO] - 	 Starting Epoch: 1177
[2026-05-08 14:37:50,391][src.modRNN.training.training_loop][INFO] - train epoch 1177 loss 0.1889 accuracy 96.88%
[2026-05-08 14:37:50,393][src.modRNN.training.training_loop][INFO] - 	 Starting Epoch: 1178
[2026-05-08 14:37:51,114][src.modRNN.training.training_loop][INFO] - train epoch 1178 loss 0.2174 accuracy 96.88%
[2026-05-08 14:37:51,116][src.modRNN.training.training_loop][INFO] - 	 Starting Epoch: 1179
[2026-05-08 14:37:51,838][src.modRNN.training.training_loop][INFO] - train epoch 1179 loss 0.2514 accuracy 95.31%
[2026-05-08 14:37:51,840][src.modRNN.training.training_loop][INFO] - 	 Starting Epoch: 1180
[2026-05-08 14:37:52,566][src.modRNN.training.training_loop][INFO] - train epoch 1180 loss 0.3689 accuracy 85.94%
[2026-05-08 14:37:52,567][src.modRNN.training.training_loop][INFO] - 	 Starting Epoch: 1181
[2026-05-08 14:37:53,288][src.modRNN.training.training_loop][INFO] - train epoch 1181 loss 0.2352 accuracy 92.19%
[2026-05-08 14:37:53,290][src.modRNN.training.training_loop][INFO] - 	 Starting Epoch: 1182
[2026-05-08 14:37:54,011][src.modRNN.training.training_loop][INFO] - train epoch 1182 loss 0.1897 accuracy 98.44%
[2026-05-08 14:37:54,013][src.modRNN.training.training_loop][INFO] - 	 Starting Epoch: 1183
[2026-05-08 14:37:54,735][src.modRNN.training.training_loop][INFO] - train epoch 1183 loss 0.2525 accuracy 92.19%
[2026-05-08 14:37:54,737][src.modRNN.training.training_loop][INFO] - 	 Starting Epoch: 1184
[2026-05-08 14:37:55,460][src.modRNN.training.training_loop][INFO] - train epoch 1184 loss 0.2527 accuracy 90.62%
[2026-05-08 14:37:55,461][src.modRNN.training.training_loop][INFO] - 	 Starting Epoch: 1185
[2026-05-08 14:37:56,183][src.modRNN.training.training_loop][INFO] - train epoch 1185 loss 0.2345 accuracy 92.19%
[2026-05-08 14:37:56,185][src.modRNN.training.training_loop][INFO] - 	 Starting Epoch: 1186
[2026-05-08 14:37:56,906][src.modRNN.training.training_loop][INFO] - train epoch 1186 loss 0.3032 accuracy 87.50%
[2026-05-08 14:37:56,907][src.modRNN.training.training_loop][INFO] - 	 Starting Epoch: 1187
[2026-05-08 14:37:57,629][src.modRNN.training.training_loop][INFO] - train epoch 1187 loss 0.2129 accuracy 96.88%
[2026-05-08 14:37:57,630][src.modRNN.training.training_loop][INFO] - 	 Starting Epoch: 1188
[2026-05-08 14:37:58,353][src.modRNN.training.training_loop][INFO] - train epoch 1188 loss 0.2566 accuracy 89.06%
[2026-05-08 14:37:58,355][src.modRNN.training.training_loop][INFO] - 	 Starting Epoch: 1189
[2026-05-08 14:37:59,076][src.modRNN.training.training_loop][INFO] - train epoch 1189 loss 0.2461 accuracy 93.75%
[2026-05-08 14:37:59,078][src.modRNN.training.training_loop][INFO] - 	 Starting Epoch: 1190
[2026-05-08 14:37:59,800][src.modRNN.training.training_loop][INFO] - train epoch 1190 loss 0.2653 accuracy 90.62%
[2026-05-08 14:37:59,801][src.modRNN.training.training_loop][INFO] - 	 Starting Epoch: 1191
[2026-05-08 14:38:00,523][src.modRNN.training.training_loop][INFO] - train epoch 1191 loss 0.2888 accuracy 87.50%
[2026-05-08 14:38:00,525][src.modRNN.training.training_loop][INFO] - 	 Starting Epoch: 1192
[2026-05-08 14:38:01,246][src.modRNN.training.training_loop][INFO] - train epoch 1192 loss 0.2911 accuracy 87.50%
[2026-05-08 14:38:01,248][src.modRNN.training.training_loop][INFO] - 	 Starting Epoch: 1193
[2026-05-08 14:38:01,973][src.modRNN.training.training_loop][INFO] - train epoch 1193 loss 0.2453 accuracy 90.62%
[2026-05-08 14:38:01,975][src.modRNN.training.training_loop][INFO] - 	 Starting Epoch: 1194
[2026-05-08 14:38:02,702][src.modRNN.training.training_loop][INFO] - train epoch 1194 loss 0.2043 accuracy 92.19%
[2026-05-08 14:38:02,703][src.modRNN.training.training_loop][INFO] - 	 Starting Epoch: 1195
[2026-05-08 14:38:03,428][src.modRNN.training.training_loop][INFO] - train epoch 1195 loss 0.2148 accuracy 93.75%
[2026-05-08 14:38:03,429][src.modRNN.training.training_loop][INFO] - 	 Starting Epoch: 1196
[2026-05-08 14:38:04,152][src.modRNN.training.training_loop][INFO] - train epoch 1196 loss 0.2581 accuracy 89.06%
[2026-05-08 14:38:04,154][src.modRNN.training.training_loop][INFO] - 	 Starting Epoch: 1197
[2026-05-08 14:38:04,876][src.modRNN.training.training_loop][INFO] - train epoch 1197 loss 0.2738 accuracy 90.62%
[2026-05-08 14:38:04,878][src.modRNN.training.training_loop][INFO] - 	 Starting Epoch: 1198
[2026-05-08 14:38:05,601][src.modRNN.training.training_loop][INFO] - train epoch 1198 loss 0.3026 accuracy 87.50%
[2026-05-08 14:38:05,602][src.modRNN.training.training_loop][INFO] - 	 Starting Epoch: 1199
[2026-05-08 14:38:06,326][src.modRNN.training.training_loop][INFO] - train epoch 1199 loss 0.3059 accuracy 87.50%
[2026-05-08 14:38:06,328][src.modRNN.training.training_loop][INFO] - 	 Starting Epoch: 1200
[2026-05-08 14:38:07,048][src.modRNN.training.training_loop][INFO] - train epoch 1200 loss 0.2542 accuracy 93.75%
[2026-05-08 14:38:07,050][src.modRNN.training.training_loop][INFO] - 	 Starting Epoch: 1201
[2026-05-08 14:38:07,771][src.modRNN.training.training_loop][INFO] - train epoch 1201 loss 0.3015 accuracy 89.06%
[2026-05-08 14:38:08,894][src.modRNN.training.training_loop][INFO] - eval  epoch 1201 loss 0.2937 accuracy 88.28%
[2026-05-08 14:38:08,896][src.modRNN.training.training_loop][INFO] - 	 Starting Epoch: 1202
[2026-05-08 14:38:09,614][src.modRNN.training.training_loop][INFO] - train epoch 1202 loss 0.1780 accuracy 95.31%
[2026-05-08 14:38:09,616][src.modRNN.training.training_loop][INFO] - 	 Starting Epoch: 1203
[2026-05-08 14:38:10,335][src.modRNN.training.training_loop][INFO] - train epoch 1203 loss 0.2426 accuracy 95.31%
[2026-05-08 14:38:10,337][src.modRNN.training.training_loop][INFO] - 	 Starting Epoch: 1204
[2026-05-08 14:38:11,056][src.modRNN.training.training_loop][INFO] - train epoch 1204 loss 0.2494 accuracy 95.31%
[2026-05-08 14:38:11,058][src.modRNN.training.training_loop][INFO] - 	 Starting Epoch: 1205
[2026-05-08 14:38:11,778][src.modRNN.training.training_loop][INFO] - train epoch 1205 loss 0.3104 accuracy 92.19%
[2026-05-08 14:38:11,780][src.modRNN.training.training_loop][INFO] - 	 Starting Epoch: 1206
[2026-05-08 14:38:12,499][src.modRNN.training.training_loop][INFO] - train epoch 1206 loss 0.2770 accuracy 87.50%
[2026-05-08 14:38:12,501][src.modRNN.training.training_loop][INFO] - 	 Starting Epoch: 1207
[2026-05-08 14:38:13,219][src.modRNN.training.training_loop][INFO] - train epoch 1207 loss 0.2328 accuracy 95.31%
[2026-05-08 14:38:13,220][src.modRNN.training.training_loop][INFO] - 	 Starting Epoch: 1208
[2026-05-08 14:38:13,939][src.modRNN.training.training_loop][INFO] - train epoch 1208 loss 0.2132 accuracy 95.31%
[2026-05-08 14:38:13,940][src.modRNN.training.training_loop][INFO] - 	 Starting Epoch: 1209
[2026-05-08 14:38:14,661][src.modRNN.training.training_loop][INFO] - train epoch 1209 loss 0.2254 accuracy 98.44%
[2026-05-08 14:38:14,662][src.modRNN.training.training_loop][INFO] - 	 Starting Epoch: 1210
[2026-05-08 14:38:15,381][src.modRNN.training.training_loop][INFO] - train epoch 1210 loss 0.2074 accuracy 95.31%
[2026-05-08 14:38:15,383][src.modRNN.training.training_loop][INFO] - 	 Starting Epoch: 1211
[2026-05-08 14:38:16,103][src.modRNN.training.training_loop][INFO] - train epoch 1211 loss 0.2110 accuracy 93.75%
[2026-05-08 14:38:16,105][src.modRNN.training.training_loop][INFO] - 	 Starting Epoch: 1212
[2026-05-08 14:38:16,825][src.modRNN.training.training_loop][INFO] - train epoch 1212 loss 0.1716 accuracy 100.00%
[2026-05-08 14:38:16,827][src.modRNN.training.training_loop][INFO] - 	 Starting Epoch: 1213
[2026-05-08 14:38:17,548][src.modRNN.training.training_loop][INFO] - train epoch 1213 loss 0.2053 accuracy 98.44%
[2026-05-08 14:38:17,549][src.modRNN.training.training_loop][INFO] - 	 Starting Epoch: 1214
[2026-05-08 14:38:18,267][src.modRNN.training.training_loop][INFO] - train epoch 1214 loss 0.1739 accuracy 100.00%
[2026-05-08 14:38:18,269][src.modRNN.training.training_loop][INFO] - 	 Starting Epoch: 1215
[2026-05-08 14:38:18,990][src.modRNN.training.training_loop][INFO] - train epoch 1215 loss 0.2367 accuracy 95.31%
[2026-05-08 14:38:18,992][src.modRNN.training.training_loop][INFO] - 	 Starting Epoch: 1216
[2026-05-08 14:38:19,711][src.modRNN.training.training_loop][INFO] - train epoch 1216 loss 0.2401 accuracy 96.88%
[2026-05-08 14:38:19,713][src.modRNN.training.training_loop][INFO] - 	 Starting Epoch: 1217
[2026-05-08 14:38:20,431][src.modRNN.training.training_loop][INFO] - train epoch 1217 loss 0.2289 accuracy 96.88%
[2026-05-08 14:38:20,433][src.modRNN.training.training_loop][INFO] - 	 Starting Epoch: 1218
[2026-05-08 14:38:21,152][src.modRNN.training.training_loop][INFO] - train epoch 1218 loss 0.2268 accuracy 95.31%
[2026-05-08 14:38:21,153][src.modRNN.training.training_loop][INFO] - 	 Starting Epoch: 1219
[2026-05-08 14:38:21,875][src.modRNN.training.training_loop][INFO] - train epoch 1219 loss 0.2309 accuracy 95.31%
[2026-05-08 14:38:21,876][src.modRNN.training.training_loop][INFO] - 	 Starting Epoch: 1220
[2026-05-08 14:38:22,601][src.modRNN.training.training_loop][INFO] - train epoch 1220 loss 0.2220 accuracy 96.88%
[2026-05-08 14:38:22,603][src.modRNN.training.training_loop][INFO] - 	 Starting Epoch: 1221
[2026-05-08 14:38:23,322][src.modRNN.training.training_loop][INFO] - train epoch 1221 loss 0.2062 accuracy 96.88%
[2026-05-08 14:38:23,323][src.modRNN.training.training_loop][INFO] - 	 Starting Epoch: 1222
[2026-05-08 14:38:24,043][src.modRNN.training.training_loop][INFO] - train epoch 1222 loss 0.1588 accuracy 100.00%
[2026-05-08 14:38:24,045][src.modRNN.training.training_loop][INFO] - 	 Starting Epoch: 1223
[2026-05-08 14:38:24,764][src.modRNN.training.training_loop][INFO] - train epoch 1223 loss 0.2467 accuracy 93.75%
[2026-05-08 14:38:24,766][src.modRNN.training.training_loop][INFO] - 	 Starting Epoch: 1224
[2026-05-08 14:38:25,486][src.modRNN.training.training_loop][INFO] - train epoch 1224 loss 0.2178 accuracy 95.31%
[2026-05-08 14:38:25,488][src.modRNN.training.training_loop][INFO] - 	 Starting Epoch: 1225
[2026-05-08 14:38:26,207][src.modRNN.training.training_loop][INFO] - train epoch 1225 loss 0.2468 accuracy 98.44%
[2026-05-08 14:38:26,209][src.modRNN.training.training_loop][INFO] - 	 Starting Epoch: 1226
[2026-05-08 14:38:26,929][src.modRNN.training.training_loop][INFO] - train epoch 1226 loss 0.2021 accuracy 95.31%
[2026-05-08 14:38:28,070][src.modRNN.training.training_loop][INFO] - eval  epoch 1226 loss 0.2300 accuracy 96.29%
[2026-05-08 14:38:28,071][src.modRNN.training.training_loop][INFO] - 	 Starting Epoch: 1227
[2026-05-08 14:38:28,793][src.modRNN.training.training_loop][INFO] - train epoch 1227 loss 0.2283 accuracy 96.88%
[2026-05-08 14:38:28,795][src.modRNN.training.training_loop][INFO] - 	 Starting Epoch: 1228
[2026-05-08 14:38:29,517][src.modRNN.training.training_loop][INFO] - train epoch 1228 loss 0.2245 accuracy 96.88%
[2026-05-08 14:38:29,518][src.modRNN.training.training_loop][INFO] - 	 Starting Epoch: 1229
[2026-05-08 14:38:30,239][src.modRNN.training.training_loop][INFO] - train epoch 1229 loss 0.2982 accuracy 90.62%
[2026-05-08 14:38:30,241][src.modRNN.training.training_loop][INFO] - 	 Starting Epoch: 1230
[2026-05-08 14:38:30,962][src.modRNN.training.training_loop][INFO] - train epoch 1230 loss 0.2328 accuracy 96.88%
[2026-05-08 14:38:30,964][src.modRNN.training.training_loop][INFO] - 	 Starting Epoch: 1231
[2026-05-08 14:38:31,685][src.modRNN.training.training_loop][INFO] - train epoch 1231 loss 0.1824 accuracy 96.88%
[2026-05-08 14:38:31,686][src.modRNN.training.training_loop][INFO] - 	 Starting Epoch: 1232
[2026-05-08 14:38:32,406][src.modRNN.training.training_loop][INFO] - train epoch 1232 loss 0.2387 accuracy 96.88%
[2026-05-08 14:38:32,407][src.modRNN.training.training_loop][INFO] - 	 Starting Epoch: 1233
[2026-05-08 14:38:33,127][src.modRNN.training.training_loop][INFO] - train epoch 1233 loss 0.2099 accuracy 96.88%
[2026-05-08 14:38:33,128][src.modRNN.training.training_loop][INFO] - 	 Starting Epoch: 1234
[2026-05-08 14:38:33,847][src.modRNN.training.training_loop][INFO] - train epoch 1234 loss 0.1436 accuracy 98.44%
[2026-05-08 14:38:33,849][src.modRNN.training.training_loop][INFO] - 	 Starting Epoch: 1235
[2026-05-08 14:38:34,567][src.modRNN.training.training_loop][INFO] - train epoch 1235 loss 0.1484 accuracy 100.00%
[2026-05-08 14:38:34,569][src.modRNN.training.training_loop][INFO] - 	 Starting Epoch: 1236
[2026-05-08 14:38:35,288][src.modRNN.training.training_loop][INFO] - train epoch 1236 loss 0.2203 accuracy 98.44%
[2026-05-08 14:38:35,290][src.modRNN.training.training_loop][INFO] - 	 Starting Epoch: 1237
[2026-05-08 14:38:36,009][src.modRNN.training.training_loop][INFO] - train epoch 1237 loss 0.1261 accuracy 100.00%
[2026-05-08 14:38:36,011][src.modRNN.training.training_loop][INFO] - 	 Starting Epoch: 1238
[2026-05-08 14:38:36,731][src.modRNN.training.training_loop][INFO] - train epoch 1238 loss 0.1545 accuracy 98.44%
[2026-05-08 14:38:36,732][src.modRNN.training.training_loop][INFO] - 	 Starting Epoch: 1239
[2026-05-08 14:38:37,453][src.modRNN.training.training_loop][INFO] - train epoch 1239 loss 0.1545 accuracy 100.00%
[2026-05-08 14:38:37,454][src.modRNN.training.training_loop][INFO] - 	 Starting Epoch: 1240
[2026-05-08 14:38:38,173][src.modRNN.training.training_loop][INFO] - train epoch 1240 loss 0.1870 accuracy 98.44%
[2026-05-08 14:38:38,174][src.modRNN.training.training_loop][INFO] - 	 Starting Epoch: 1241
[2026-05-08 14:38:38,893][src.modRNN.training.training_loop][INFO] - train epoch 1241 loss 0.1563 accuracy 100.00%
[2026-05-08 14:38:38,895][src.modRNN.training.training_loop][INFO] - 	 Starting Epoch: 1242
[2026-05-08 14:38:39,615][src.modRNN.training.training_loop][INFO] - train epoch 1242 loss 0.1649 accuracy 98.44%
[2026-05-08 14:38:39,617][src.modRNN.training.training_loop][INFO] - 	 Starting Epoch: 1243
[2026-05-08 14:38:40,338][src.modRNN.training.training_loop][INFO] - train epoch 1243 loss 0.1373 accuracy 100.00%
[2026-05-08 14:38:40,339][src.modRNN.training.training_loop][INFO] - 	 Starting Epoch: 1244
[2026-05-08 14:38:41,060][src.modRNN.training.training_loop][INFO] - train epoch 1244 loss 0.1299 accuracy 100.00%
[2026-05-08 14:38:41,062][src.modRNN.training.training_loop][INFO] - 	 Starting Epoch: 1245
[2026-05-08 14:38:41,785][src.modRNN.training.training_loop][INFO] - train epoch 1245 loss 0.1381 accuracy 98.44%
[2026-05-08 14:38:41,786][src.modRNN.training.training_loop][INFO] - 	 Starting Epoch: 1246
[2026-05-08 14:38:42,506][src.modRNN.training.training_loop][INFO] - train epoch 1246 loss 0.1607 accuracy 96.88%
[2026-05-08 14:38:42,508][src.modRNN.training.training_loop][INFO] - 	 Starting Epoch: 1247
[2026-05-08 14:38:43,228][src.modRNN.training.training_loop][INFO] - train epoch 1247 loss 0.1434 accuracy 100.00%
[2026-05-08 14:38:43,230][src.modRNN.training.training_loop][INFO] - 	 Starting Epoch: 1248
[2026-05-08 14:38:43,950][src.modRNN.training.training_loop][INFO] - train epoch 1248 loss 0.2025 accuracy 95.31%
[2026-05-08 14:38:43,951][src.modRNN.training.training_loop][INFO] - 	 Starting Epoch: 1249
[2026-05-08 14:38:44,671][src.modRNN.training.training_loop][INFO] - train epoch 1249 loss 0.1077 accuracy 100.00%
[2026-05-08 14:38:44,673][src.modRNN.training.training_loop][INFO] - 	 Starting Epoch: 1250
[2026-05-08 14:38:45,393][src.modRNN.training.training_loop][INFO] - train epoch 1250 loss 0.1430 accuracy 98.44%
[2026-05-08 14:38:45,394][src.modRNN.training.training_loop][INFO] - 	 Starting Epoch: 1251
[2026-05-08 14:38:46,113][src.modRNN.training.training_loop][INFO] - train epoch 1251 loss 0.1233 accuracy 98.44%
[2026-05-08 14:38:47,235][src.modRNN.training.training_loop][INFO] - eval  epoch 1251 loss 0.1331 accuracy 98.63%
[2026-05-08 14:38:47,236][src.modRNN.training.training_loop][INFO] - 	 Starting Epoch: 1252
[2026-05-08 14:38:47,954][src.modRNN.training.training_loop][INFO] - train epoch 1252 loss 0.1028 accuracy 100.00%
[2026-05-08 14:38:47,955][src.modRNN.training.training_loop][INFO] - 	 Starting Epoch: 1253
[2026-05-08 14:38:48,673][src.modRNN.training.training_loop][INFO] - train epoch 1253 loss 0.1051 accuracy 100.00%
[2026-05-08 14:38:48,675][src.modRNN.training.training_loop][INFO] - 	 Starting Epoch: 1254
[2026-05-08 14:38:49,392][src.modRNN.training.training_loop][INFO] - train epoch 1254 loss 0.1326 accuracy 98.44%
[2026-05-08 14:38:49,394][src.modRNN.training.training_loop][INFO] - 	 Starting Epoch: 1255
[2026-05-08 14:38:50,112][src.modRNN.training.training_loop][INFO] - train epoch 1255 loss 0.1205 accuracy 98.44%
[2026-05-08 14:38:50,113][src.modRNN.training.training_loop][INFO] - 	 Starting Epoch: 1256
[2026-05-08 14:38:50,831][src.modRNN.training.training_loop][INFO] - train epoch 1256 loss 0.1704 accuracy 96.88%
[2026-05-08 14:38:50,833][src.modRNN.training.training_loop][INFO] - 	 Starting Epoch: 1257
[2026-05-08 14:38:51,551][src.modRNN.training.training_loop][INFO] - train epoch 1257 loss 0.1532 accuracy 96.88%
[2026-05-08 14:38:51,553][src.modRNN.training.training_loop][INFO] - 	 Starting Epoch: 1258
[2026-05-08 14:38:52,272][src.modRNN.training.training_loop][INFO] - train epoch 1258 loss 0.0926 accuracy 100.00%
[2026-05-08 14:38:52,273][src.modRNN.training.training_loop][INFO] - 	 Starting Epoch: 1259
[2026-05-08 14:38:52,992][src.modRNN.training.training_loop][INFO] - train epoch 1259 loss 0.0926 accuracy 100.00%
[2026-05-08 14:38:52,994][src.modRNN.training.training_loop][INFO] - 	 Starting Epoch: 1260
[2026-05-08 14:38:53,712][src.modRNN.training.training_loop][INFO] - train epoch 1260 loss 0.1561 accuracy 96.88%
[2026-05-08 14:38:53,714][src.modRNN.training.training_loop][INFO] - 	 Starting Epoch: 1261
[2026-05-08 14:38:54,432][src.modRNN.training.training_loop][INFO] - train epoch 1261 loss 0.1089 accuracy 100.00%
[2026-05-08 14:38:54,434][src.modRNN.training.training_loop][INFO] - 	 Starting Epoch: 1262
[2026-05-08 14:38:55,152][src.modRNN.training.training_loop][INFO] - train epoch 1262 loss 0.0981 accuracy 100.00%
[2026-05-08 14:38:55,154][src.modRNN.training.training_loop][INFO] - 	 Starting Epoch: 1263
[2026-05-08 14:38:55,872][src.modRNN.training.training_loop][INFO] - train epoch 1263 loss 0.1948 accuracy 96.88%
[2026-05-08 14:38:55,873][src.modRNN.training.training_loop][INFO] - 	 Starting Epoch: 1264
[2026-05-08 14:38:56,591][src.modRNN.training.training_loop][INFO] - train epoch 1264 loss 0.1114 accuracy 100.00%
[2026-05-08 14:38:56,593][src.modRNN.training.training_loop][INFO] - 	 Starting Epoch: 1265
[2026-05-08 14:38:57,310][src.modRNN.training.training_loop][INFO] - train epoch 1265 loss 0.0992 accuracy 100.00%
[2026-05-08 14:38:57,312][src.modRNN.training.training_loop][INFO] - 	 Starting Epoch: 1266
[2026-05-08 14:38:58,029][src.modRNN.training.training_loop][INFO] - train epoch 1266 loss 0.0970 accuracy 100.00%
[2026-05-08 14:38:58,031][src.modRNN.training.training_loop][INFO] - 	 Starting Epoch: 1267
[2026-05-08 14:38:58,750][src.modRNN.training.training_loop][INFO] - train epoch 1267 loss 0.1491 accuracy 96.88%
[2026-05-08 14:38:58,751][src.modRNN.training.training_loop][INFO] - 	 Starting Epoch: 1268
[2026-05-08 14:38:59,470][src.modRNN.training.training_loop][INFO] - train epoch 1268 loss 0.1393 accuracy 98.44%
[2026-05-08 14:38:59,472][src.modRNN.training.training_loop][INFO] - 	 Starting Epoch: 1269
[2026-05-08 14:39:00,189][src.modRNN.training.training_loop][INFO] - train epoch 1269 loss 0.1358 accuracy 96.88%
[2026-05-08 14:39:00,191][src.modRNN.training.training_loop][INFO] - 	 Starting Epoch: 1270
[2026-05-08 14:39:00,908][src.modRNN.training.training_loop][INFO] - train epoch 1270 loss 0.1244 accuracy 98.44%
[2026-05-08 14:39:00,910][src.modRNN.training.training_loop][INFO] - 	 Starting Epoch: 1271
[2026-05-08 14:39:01,631][src.modRNN.training.training_loop][INFO] - train epoch 1271 loss 0.1211 accuracy 98.44%
[2026-05-08 14:39:01,635][src.modRNN.training.training_loop][INFO] - 	 Starting Epoch: 1272
[2026-05-08 14:39:02,368][src.modRNN.training.training_loop][INFO] - train epoch 1272 loss 0.0766 accuracy 100.00%
[2026-05-08 14:39:02,370][src.modRNN.training.training_loop][INFO] - 	 Starting Epoch: 1273
[2026-05-08 14:39:03,093][src.modRNN.training.training_loop][INFO] - train epoch 1273 loss 0.1193 accuracy 98.44%
[2026-05-08 14:39:03,094][src.modRNN.training.training_loop][INFO] - 	 Starting Epoch: 1274
[2026-05-08 14:39:03,814][src.modRNN.training.training_loop][INFO] - train epoch 1274 loss 0.1026 accuracy 100.00%
[2026-05-08 14:39:03,815][src.modRNN.training.training_loop][INFO] - 	 Starting Epoch: 1275
[2026-05-08 14:39:04,535][src.modRNN.training.training_loop][INFO] - train epoch 1275 loss 0.0873 accuracy 100.00%
[2026-05-08 14:39:04,537][src.modRNN.training.training_loop][INFO] - 	 Starting Epoch: 1276
[2026-05-08 14:39:05,256][src.modRNN.training.training_loop][INFO] - train epoch 1276 loss 0.0726 accuracy 100.00%
[2026-05-08 14:39:06,383][src.modRNN.training.training_loop][INFO] - eval  epoch 1276 loss 0.0932 accuracy 99.41%
[2026-05-08 14:39:06,384][src.modRNN.training.training_loop][INFO] - 	 Starting Epoch: 1277
[2026-05-08 14:39:07,104][src.modRNN.training.training_loop][INFO] - train epoch 1277 loss 0.0889 accuracy 100.00%
[2026-05-08 14:39:07,106][src.modRNN.training.training_loop][INFO] - 	 Starting Epoch: 1278
[2026-05-08 14:39:07,827][src.modRNN.training.training_loop][INFO] - train epoch 1278 loss 0.0837 accuracy 100.00%
[2026-05-08 14:39:07,829][src.modRNN.training.training_loop][INFO] - 	 Starting Epoch: 1279
[2026-05-08 14:39:08,551][src.modRNN.training.training_loop][INFO] - train epoch 1279 loss 0.1516 accuracy 96.88%
[2026-05-08 14:39:08,553][src.modRNN.training.training_loop][INFO] - 	 Starting Epoch: 1280
[2026-05-08 14:39:09,274][src.modRNN.training.training_loop][INFO] - train epoch 1280 loss 0.0946 accuracy 100.00%
[2026-05-08 14:39:09,276][src.modRNN.training.training_loop][INFO] - 	 Starting Epoch: 1281
[2026-05-08 14:39:10,003][src.modRNN.training.training_loop][INFO] - train epoch 1281 loss 0.0776 accuracy 100.00%
[2026-05-08 14:39:10,004][src.modRNN.training.training_loop][INFO] - 	 Starting Epoch: 1282
[2026-05-08 14:39:10,725][src.modRNN.training.training_loop][INFO] - train epoch 1282 loss 0.2208 accuracy 93.75%
[2026-05-08 14:39:10,727][src.modRNN.training.training_loop][INFO] - 	 Starting Epoch: 1283
[2026-05-08 14:39:11,447][src.modRNN.training.training_loop][INFO] - train epoch 1283 loss 0.2033 accuracy 95.31%
[2026-05-08 14:39:11,449][src.modRNN.training.training_loop][INFO] - 	 Starting Epoch: 1284
[2026-05-08 14:39:12,171][src.modRNN.training.training_loop][INFO] - train epoch 1284 loss 0.0866 accuracy 100.00%
[2026-05-08 14:39:12,172][src.modRNN.training.training_loop][INFO] - 	 Starting Epoch: 1285
[2026-05-08 14:39:12,893][src.modRNN.training.training_loop][INFO] - train epoch 1285 loss 0.0889 accuracy 96.88%
[2026-05-08 14:39:12,895][src.modRNN.training.training_loop][INFO] - 	 Starting Epoch: 1286
[2026-05-08 14:39:13,615][src.modRNN.training.training_loop][INFO] - train epoch 1286 loss 0.0815 accuracy 100.00%
[2026-05-08 14:39:13,617][src.modRNN.training.training_loop][INFO] - 	 Starting Epoch: 1287
[2026-05-08 14:39:14,338][src.modRNN.training.training_loop][INFO] - train epoch 1287 loss 0.0836 accuracy 100.00%
[2026-05-08 14:39:14,339][src.modRNN.training.training_loop][INFO] - 	 Starting Epoch: 1288
[2026-05-08 14:39:15,059][src.modRNN.training.training_loop][INFO] - train epoch 1288 loss 0.1174 accuracy 98.44%
[2026-05-08 14:39:15,061][src.modRNN.training.training_loop][INFO] - 	 Starting Epoch: 1289
[2026-05-08 14:39:15,782][src.modRNN.training.training_loop][INFO] - train epoch 1289 loss 0.0756 accuracy 100.00%
[2026-05-08 14:39:15,784][src.modRNN.training.training_loop][INFO] - 	 Starting Epoch: 1290
[2026-05-08 14:39:16,505][src.modRNN.training.training_loop][INFO] - train epoch 1290 loss 0.0847 accuracy 98.44%
[2026-05-08 14:39:16,506][src.modRNN.training.training_loop][INFO] - 	 Starting Epoch: 1291
[2026-05-08 14:39:17,227][src.modRNN.training.training_loop][INFO] - train epoch 1291 loss 0.1027 accuracy 98.44%
[2026-05-08 14:39:17,229][src.modRNN.training.training_loop][INFO] - 	 Starting Epoch: 1292
[2026-05-08 14:39:17,949][src.modRNN.training.training_loop][INFO] - train epoch 1292 loss 0.1150 accuracy 98.44%
[2026-05-08 14:39:17,951][src.modRNN.training.training_loop][INFO] - 	 Starting Epoch: 1293
[2026-05-08 14:39:18,673][src.modRNN.training.training_loop][INFO] - train epoch 1293 loss 0.0966 accuracy 98.44%
[2026-05-08 14:39:18,674][src.modRNN.training.training_loop][INFO] - 	 Starting Epoch: 1294
[2026-05-08 14:39:19,397][src.modRNN.training.training_loop][INFO] - train epoch 1294 loss 0.0799 accuracy 100.00%
[2026-05-08 14:39:19,399][src.modRNN.training.training_loop][INFO] - 	 Starting Epoch: 1295
[2026-05-08 14:39:20,120][src.modRNN.training.training_loop][INFO] - train epoch 1295 loss 0.0716 accuracy 100.00%
[2026-05-08 14:39:20,122][src.modRNN.training.training_loop][INFO] - 	 Starting Epoch: 1296
[2026-05-08 14:39:20,843][src.modRNN.training.training_loop][INFO] - train epoch 1296 loss 0.1112 accuracy 98.44%
[2026-05-08 14:39:20,845][src.modRNN.training.training_loop][INFO] - 	 Starting Epoch: 1297
[2026-05-08 14:39:21,568][src.modRNN.training.training_loop][INFO] - train epoch 1297 loss 0.1111 accuracy 98.44%
[2026-05-08 14:39:21,570][src.modRNN.training.training_loop][INFO] - 	 Starting Epoch: 1298
[2026-05-08 14:39:22,292][src.modRNN.training.training_loop][INFO] - train epoch 1298 loss 0.0697 accuracy 100.00%
[2026-05-08 14:39:22,294][src.modRNN.training.training_loop][INFO] - 	 Starting Epoch: 1299
[2026-05-08 14:39:23,017][src.modRNN.training.training_loop][INFO] - train epoch 1299 loss 0.0962 accuracy 98.44%
[2026-05-08 14:39:23,019][src.modRNN.training.training_loop][INFO] - 	 Starting Epoch: 1300
[2026-05-08 14:39:23,744][src.modRNN.training.training_loop][INFO] - train epoch 1300 loss 0.0729 accuracy 100.00%
[2026-05-08 14:39:23,746][src.modRNN.training.training_loop][INFO] - 	 Starting Epoch: 1301
[2026-05-08 14:39:24,468][src.modRNN.training.training_loop][INFO] - train epoch 1301 loss 0.0643 accuracy 100.00%
[2026-05-08 14:39:25,590][src.modRNN.training.training_loop][INFO] - eval  epoch 1301 loss 0.0766 accuracy 99.41%
[2026-05-08 14:39:25,592][src.modRNN.training.training_loop][INFO] - 	 Starting Epoch: 1302
[2026-05-08 14:39:26,311][src.modRNN.training.training_loop][INFO] - train epoch 1302 loss 0.1190 accuracy 98.44%
[2026-05-08 14:39:26,313][src.modRNN.training.training_loop][INFO] - 	 Starting Epoch: 1303
[2026-05-08 14:39:27,035][src.modRNN.training.training_loop][INFO] - train epoch 1303 loss 0.0701 accuracy 100.00%
[2026-05-08 14:39:27,037][src.modRNN.training.training_loop][INFO] - 	 Starting Epoch: 1304
[2026-05-08 14:39:27,778][src.modRNN.training.training_loop][INFO] - train epoch 1304 loss 0.0591 accuracy 100.00%
[2026-05-08 14:39:27,781][src.modRNN.training.training_loop][INFO] - 	 Starting Epoch: 1305
[2026-05-08 14:39:28,503][src.modRNN.training.training_loop][INFO] - train epoch 1305 loss 0.1037 accuracy 98.44%
[2026-05-08 14:39:28,505][src.modRNN.training.training_loop][INFO] - 	 Starting Epoch: 1306
[2026-05-08 14:39:29,224][src.modRNN.training.training_loop][INFO] - train epoch 1306 loss 0.0723 accuracy 100.00%
[2026-05-08 14:39:29,226][src.modRNN.training.training_loop][INFO] - 	 Starting Epoch: 1307
[2026-05-08 14:39:29,947][src.modRNN.training.training_loop][INFO] - train epoch 1307 loss 0.0654 accuracy 100.00%
[2026-05-08 14:39:29,949][src.modRNN.training.training_loop][INFO] - 	 Starting Epoch: 1308
[2026-05-08 14:39:30,668][src.modRNN.training.training_loop][INFO] - train epoch 1308 loss 0.0633 accuracy 100.00%
[2026-05-08 14:39:30,670][src.modRNN.training.training_loop][INFO] - 	 Starting Epoch: 1309
[2026-05-08 14:39:31,389][src.modRNN.training.training_loop][INFO] - train epoch 1309 loss 0.1419 accuracy 96.88%
[2026-05-08 14:39:31,391][src.modRNN.training.training_loop][INFO] - 	 Starting Epoch: 1310
[2026-05-08 14:39:32,109][src.modRNN.training.training_loop][INFO] - train epoch 1310 loss 0.0987 accuracy 98.44%
[2026-05-08 14:39:32,111][src.modRNN.training.training_loop][INFO] - 	 Starting Epoch: 1311
[2026-05-08 14:39:32,829][src.modRNN.training.training_loop][INFO] - train epoch 1311 loss 0.1290 accuracy 98.44%
[2026-05-08 14:39:32,831][src.modRNN.training.training_loop][INFO] - 	 Starting Epoch: 1312
[2026-05-08 14:39:33,548][src.modRNN.training.training_loop][INFO] - train epoch 1312 loss 0.0681 accuracy 100.00%
[2026-05-08 14:39:33,549][src.modRNN.training.training_loop][INFO] - 	 Starting Epoch: 1313
[2026-05-08 14:39:34,267][src.modRNN.training.training_loop][INFO] - train epoch 1313 loss 0.1147 accuracy 98.44%
[2026-05-08 14:39:34,269][src.modRNN.training.training_loop][INFO] - 	 Starting Epoch: 1314
[2026-05-08 14:39:34,987][src.modRNN.training.training_loop][INFO] - train epoch 1314 loss 0.1824 accuracy 95.31%
[2026-05-08 14:39:34,988][src.modRNN.training.training_loop][INFO] - 	 Starting Epoch: 1315
[2026-05-08 14:39:35,707][src.modRNN.training.training_loop][INFO] - train epoch 1315 loss 0.1086 accuracy 98.44%
[2026-05-08 14:39:35,708][src.modRNN.training.training_loop][INFO] - 	 Starting Epoch: 1316
[2026-05-08 14:39:36,427][src.modRNN.training.training_loop][INFO] - train epoch 1316 loss 0.0585 accuracy 100.00%
[2026-05-08 14:39:36,428][src.modRNN.training.training_loop][INFO] - 	 Starting Epoch: 1317
[2026-05-08 14:39:37,147][src.modRNN.training.training_loop][INFO] - train epoch 1317 loss 0.2211 accuracy 93.75%
[2026-05-08 14:39:37,149][src.modRNN.training.training_loop][INFO] - 	 Starting Epoch: 1318
[2026-05-08 14:39:37,866][src.modRNN.training.training_loop][INFO] - train epoch 1318 loss 0.0626 accuracy 100.00%
[2026-05-08 14:39:37,867][src.modRNN.training.training_loop][INFO] - 	 Starting Epoch: 1319
[2026-05-08 14:39:38,585][src.modRNN.training.training_loop][INFO] - train epoch 1319 loss 0.1685 accuracy 96.88%
[2026-05-08 14:39:38,587][src.modRNN.training.training_loop][INFO] - 	 Starting Epoch: 1320
[2026-05-08 14:39:39,304][src.modRNN.training.training_loop][INFO] - train epoch 1320 loss 0.0854 accuracy 98.44%
[2026-05-08 14:39:39,306][src.modRNN.training.training_loop][INFO] - 	 Starting Epoch: 1321
[2026-05-08 14:39:40,025][src.modRNN.training.training_loop][INFO] - train epoch 1321 loss 0.0555 accuracy 100.00%
[2026-05-08 14:39:40,026][src.modRNN.training.training_loop][INFO] - 	 Starting Epoch: 1322
[2026-05-08 14:39:40,744][src.modRNN.training.training_loop][INFO] - train epoch 1322 loss 0.0769 accuracy 100.00%
[2026-05-08 14:39:40,746][src.modRNN.training.training_loop][INFO] - 	 Starting Epoch: 1323
[2026-05-08 14:39:41,464][src.modRNN.training.training_loop][INFO] - train epoch 1323 loss 0.1306 accuracy 96.88%
[2026-05-08 14:39:41,465][src.modRNN.training.training_loop][INFO] - 	 Starting Epoch: 1324
[2026-05-08 14:39:42,182][src.modRNN.training.training_loop][INFO] - train epoch 1324 loss 0.0569 accuracy 100.00%
[2026-05-08 14:39:42,184][src.modRNN.training.training_loop][INFO] - 	 Starting Epoch: 1325
[2026-05-08 14:39:42,901][src.modRNN.training.training_loop][INFO] - train epoch 1325 loss 0.1066 accuracy 98.44%
[2026-05-08 14:39:42,903][src.modRNN.training.training_loop][INFO] - 	 Starting Epoch: 1326
[2026-05-08 14:39:43,620][src.modRNN.training.training_loop][INFO] - train epoch 1326 loss 0.1045 accuracy 98.44%
[2026-05-08 14:39:44,744][src.modRNN.training.training_loop][INFO] - eval  epoch 1326 loss 0.0700 accuracy 99.61%
[2026-05-08 14:39:44,745][src.modRNN.training.training_loop][INFO] - 	 Starting Epoch: 1327
[2026-05-08 14:39:45,464][src.modRNN.training.training_loop][INFO] - train epoch 1327 loss 0.1066 accuracy 98.44%
[2026-05-08 14:39:45,465][src.modRNN.training.training_loop][INFO] - 	 Starting Epoch: 1328
[2026-05-08 14:39:46,184][src.modRNN.training.training_loop][INFO] - train epoch 1328 loss 0.0662 accuracy 100.00%
[2026-05-08 14:39:46,185][src.modRNN.training.training_loop][INFO] - 	 Starting Epoch: 1329
[2026-05-08 14:39:46,907][src.modRNN.training.training_loop][INFO] - train epoch 1329 loss 0.1049 accuracy 98.44%
[2026-05-08 14:39:46,908][src.modRNN.training.training_loop][INFO] - 	 Starting Epoch: 1330
[2026-05-08 14:39:47,627][src.modRNN.training.training_loop][INFO] - train epoch 1330 loss 0.0635 accuracy 100.00%
[2026-05-08 14:39:47,629][src.modRNN.training.training_loop][INFO] - 	 Starting Epoch: 1331
[2026-05-08 14:39:48,348][src.modRNN.training.training_loop][INFO] - train epoch 1331 loss 0.1031 accuracy 98.44%
[2026-05-08 14:39:48,350][src.modRNN.training.training_loop][INFO] - 	 Starting Epoch: 1332
[2026-05-08 14:39:49,068][src.modRNN.training.training_loop][INFO] - train epoch 1332 loss 0.0458 accuracy 100.00%
[2026-05-08 14:39:49,070][src.modRNN.training.training_loop][INFO] - 	 Starting Epoch: 1333
[2026-05-08 14:39:49,790][src.modRNN.training.training_loop][INFO] - train epoch 1333 loss 0.0984 accuracy 98.44%
[2026-05-08 14:39:49,791][src.modRNN.training.training_loop][INFO] - 	 Starting Epoch: 1334
[2026-05-08 14:39:50,510][src.modRNN.training.training_loop][INFO] - train epoch 1334 loss 0.0566 accuracy 100.00%
[2026-05-08 14:39:50,512][src.modRNN.training.training_loop][INFO] - 	 Starting Epoch: 1335
[2026-05-08 14:39:51,231][src.modRNN.training.training_loop][INFO] - train epoch 1335 loss 0.1109 accuracy 96.88%
[2026-05-08 14:39:51,232][src.modRNN.training.training_loop][INFO] - 	 Starting Epoch: 1336
[2026-05-08 14:39:51,951][src.modRNN.training.training_loop][INFO] - train epoch 1336 loss 0.1408 accuracy 96.88%
[2026-05-08 14:39:51,953][src.modRNN.training.training_loop][INFO] - 	 Starting Epoch: 1337
[2026-05-08 14:39:52,672][src.modRNN.training.training_loop][INFO] - train epoch 1337 loss 0.1470 accuracy 96.88%
[2026-05-08 14:39:52,674][src.modRNN.training.training_loop][INFO] - 	 Starting Epoch: 1338
[2026-05-08 14:39:53,393][src.modRNN.training.training_loop][INFO] - train epoch 1338 loss 0.0961 accuracy 98.44%
[2026-05-08 14:39:53,395][src.modRNN.training.training_loop][INFO] - 	 Starting Epoch: 1339
[2026-05-08 14:39:54,115][src.modRNN.training.training_loop][INFO] - train epoch 1339 loss 0.2188 accuracy 93.75%
[2026-05-08 14:39:54,116][src.modRNN.training.training_loop][INFO] - 	 Starting Epoch: 1340
[2026-05-08 14:39:54,837][src.modRNN.training.training_loop][INFO] - train epoch 1340 loss 0.2098 accuracy 93.75%
[2026-05-08 14:39:54,838][src.modRNN.training.training_loop][INFO] - 	 Starting Epoch: 1341
[2026-05-08 14:39:55,558][src.modRNN.training.training_loop][INFO] - train epoch 1341 loss 0.0553 accuracy 100.00%
[2026-05-08 14:39:55,560][src.modRNN.training.training_loop][INFO] - 	 Starting Epoch: 1342
[2026-05-08 14:39:56,278][src.modRNN.training.training_loop][INFO] - train epoch 1342 loss 0.0918 accuracy 98.44%
[2026-05-08 14:39:56,279][src.modRNN.training.training_loop][INFO] - 	 Starting Epoch: 1343
[2026-05-08 14:39:56,999][src.modRNN.training.training_loop][INFO] - train epoch 1343 loss 0.1047 accuracy 96.88%
[2026-05-08 14:39:57,001][src.modRNN.training.training_loop][INFO] - 	 Starting Epoch: 1344
[2026-05-08 14:39:57,721][src.modRNN.training.training_loop][INFO] - train epoch 1344 loss 0.0578 accuracy 100.00%
[2026-05-08 14:39:57,723][src.modRNN.training.training_loop][INFO] - 	 Starting Epoch: 1345
[2026-05-08 14:39:58,443][src.modRNN.training.training_loop][INFO] - train epoch 1345 loss 0.1448 accuracy 96.88%
[2026-05-08 14:39:58,445][src.modRNN.training.training_loop][INFO] - 	 Starting Epoch: 1346
[2026-05-08 14:39:59,164][src.modRNN.training.training_loop][INFO] - train epoch 1346 loss 0.0708 accuracy 98.44%
[2026-05-08 14:39:59,166][src.modRNN.training.training_loop][INFO] - 	 Starting Epoch: 1347
[2026-05-08 14:39:59,884][src.modRNN.training.training_loop][INFO] - train epoch 1347 loss 0.1037 accuracy 98.44%
[2026-05-08 14:39:59,886][src.modRNN.training.training_loop][INFO] - 	 Starting Epoch: 1348
[2026-05-08 14:40:00,606][src.modRNN.training.training_loop][INFO] - train epoch 1348 loss 0.0962 accuracy 98.44%
[2026-05-08 14:40:00,608][src.modRNN.training.training_loop][INFO] - 	 Starting Epoch: 1349
[2026-05-08 14:40:01,327][src.modRNN.training.training_loop][INFO] - train epoch 1349 loss 0.1020 accuracy 98.44%
[2026-05-08 14:40:01,328][src.modRNN.training.training_loop][INFO] - 	 Starting Epoch: 1350
[2026-05-08 14:40:02,051][src.modRNN.training.training_loop][INFO] - train epoch 1350 loss 0.1792 accuracy 95.31%
[2026-05-08 14:40:02,053][src.modRNN.training.training_loop][INFO] - 	 Starting Epoch: 1351
[2026-05-08 14:40:02,775][src.modRNN.training.training_loop][INFO] - train epoch 1351 loss 0.2316 accuracy 92.19%
[2026-05-08 14:40:03,897][src.modRNN.training.training_loop][INFO] - eval  epoch 1351 loss 0.1108 accuracy 97.85%
[2026-05-08 14:40:03,899][src.modRNN.training.training_loop][INFO] - 	 Starting Epoch: 1352
[2026-05-08 14:40:04,621][src.modRNN.training.training_loop][INFO] - train epoch 1352 loss 0.0811 accuracy 98.44%
[2026-05-08 14:40:04,623][src.modRNN.training.training_loop][INFO] - 	 Starting Epoch: 1353
[2026-05-08 14:40:05,343][src.modRNN.training.training_loop][INFO] - train epoch 1353 loss 0.1051 accuracy 96.88%
[2026-05-08 14:40:05,345][src.modRNN.training.training_loop][INFO] - 	 Starting Epoch: 1354
[2026-05-08 14:40:06,066][src.modRNN.training.training_loop][INFO] - train epoch 1354 loss 0.1688 accuracy 95.31%
[2026-05-08 14:40:06,068][src.modRNN.training.training_loop][INFO] - 	 Starting Epoch: 1355
[2026-05-08 14:40:06,792][src.modRNN.training.training_loop][INFO] - train epoch 1355 loss 0.1991 accuracy 93.75%
[2026-05-08 14:40:06,794][src.modRNN.training.training_loop][INFO] - 	 Starting Epoch: 1356
[2026-05-08 14:40:07,514][src.modRNN.training.training_loop][INFO] - train epoch 1356 loss 0.1660 accuracy 93.75%
[2026-05-08 14:40:07,516][src.modRNN.training.training_loop][INFO] - 	 Starting Epoch: 1357
[2026-05-08 14:40:08,238][src.modRNN.training.training_loop][INFO] - train epoch 1357 loss 0.1652 accuracy 95.31%
[2026-05-08 14:40:08,239][src.modRNN.training.training_loop][INFO] - 	 Starting Epoch: 1358
[2026-05-08 14:40:08,959][src.modRNN.training.training_loop][INFO] - train epoch 1358 loss 0.1246 accuracy 96.88%
[2026-05-08 14:40:08,961][src.modRNN.training.training_loop][INFO] - 	 Starting Epoch: 1359
[2026-05-08 14:40:09,680][src.modRNN.training.training_loop][INFO] - train epoch 1359 loss 0.1159 accuracy 96.88%
[2026-05-08 14:40:09,682][src.modRNN.training.training_loop][INFO] - 	 Starting Epoch: 1360
[2026-05-08 14:40:10,402][src.modRNN.training.training_loop][INFO] - train epoch 1360 loss 0.1450 accuracy 98.44%
[2026-05-08 14:40:10,403][src.modRNN.training.training_loop][INFO] - 	 Starting Epoch: 1361
[2026-05-08 14:40:11,123][src.modRNN.training.training_loop][INFO] - train epoch 1361 loss 0.1328 accuracy 96.88%
[2026-05-08 14:40:11,124][src.modRNN.training.training_loop][INFO] - 	 Starting Epoch: 1362
[2026-05-08 14:40:11,844][src.modRNN.training.training_loop][INFO] - train epoch 1362 loss 0.1894 accuracy 93.75%
[2026-05-08 14:40:11,846][src.modRNN.training.training_loop][INFO] - 	 Starting Epoch: 1363
[2026-05-08 14:40:12,566][src.modRNN.training.training_loop][INFO] - train epoch 1363 loss 0.1718 accuracy 92.19%
[2026-05-08 14:40:12,568][src.modRNN.training.training_loop][INFO] - 	 Starting Epoch: 1364
[2026-05-08 14:40:13,289][src.modRNN.training.training_loop][INFO] - train epoch 1364 loss 0.1267 accuracy 95.31%
[2026-05-08 14:40:13,290][src.modRNN.training.training_loop][INFO] - 	 Starting Epoch: 1365
[2026-05-08 14:40:14,010][src.modRNN.training.training_loop][INFO] - train epoch 1365 loss 0.1144 accuracy 95.31%
[2026-05-08 14:40:14,011][src.modRNN.training.training_loop][INFO] - 	 Starting Epoch: 1366
[2026-05-08 14:40:14,732][src.modRNN.training.training_loop][INFO] - train epoch 1366 loss 0.2130 accuracy 93.75%
[2026-05-08 14:40:14,734][src.modRNN.training.training_loop][INFO] - 	 Starting Epoch: 1367
[2026-05-08 14:40:15,456][src.modRNN.training.training_loop][INFO] - train epoch 1367 loss 0.1602 accuracy 95.31%
[2026-05-08 14:40:15,458][src.modRNN.training.training_loop][INFO] - 	 Starting Epoch: 1368
[2026-05-08 14:40:16,178][src.modRNN.training.training_loop][INFO] - train epoch 1368 loss 0.1108 accuracy 98.44%
[2026-05-08 14:40:16,180][src.modRNN.training.training_loop][INFO] - 	 Starting Epoch: 1369
[2026-05-08 14:40:16,898][src.modRNN.training.training_loop][INFO] - train epoch 1369 loss 0.1520 accuracy 95.31%
[2026-05-08 14:40:16,900][src.modRNN.training.training_loop][INFO] - 	 Starting Epoch: 1370
[2026-05-08 14:40:17,620][src.modRNN.training.training_loop][INFO] - train epoch 1370 loss 0.1671 accuracy 93.75%
[2026-05-08 14:40:17,621][src.modRNN.training.training_loop][INFO] - 	 Starting Epoch: 1371
[2026-05-08 14:40:18,341][src.modRNN.training.training_loop][INFO] - train epoch 1371 loss 0.2118 accuracy 92.19%
[2026-05-08 14:40:18,343][src.modRNN.training.training_loop][INFO] - 	 Starting Epoch: 1372
[2026-05-08 14:40:19,063][src.modRNN.training.training_loop][INFO] - train epoch 1372 loss 0.2435 accuracy 87.50%
[2026-05-08 14:40:19,064][src.modRNN.training.training_loop][INFO] - 	 Starting Epoch: 1373
[2026-05-08 14:40:19,784][src.modRNN.training.training_loop][INFO] - train epoch 1373 loss 0.1441 accuracy 96.88%
[2026-05-08 14:40:19,785][src.modRNN.training.training_loop][INFO] - 	 Starting Epoch: 1374
[2026-05-08 14:40:20,505][src.modRNN.training.training_loop][INFO] - train epoch 1374 loss 0.1479 accuracy 96.88%
[2026-05-08 14:40:20,507][src.modRNN.training.training_loop][INFO] - 	 Starting Epoch: 1375
[2026-05-08 14:40:21,226][src.modRNN.training.training_loop][INFO] - train epoch 1375 loss 0.1525 accuracy 95.31%
[2026-05-08 14:40:21,228][src.modRNN.training.training_loop][INFO] - 	 Starting Epoch: 1376
[2026-05-08 14:40:21,948][src.modRNN.training.training_loop][INFO] - train epoch 1376 loss 0.1591 accuracy 95.31%
[2026-05-08 14:40:23,069][src.modRNN.training.training_loop][INFO] - eval  epoch 1376 loss 0.1665 accuracy 94.73%
[2026-05-08 14:40:23,071][src.modRNN.training.training_loop][INFO] - 	 Starting Epoch: 1377
[2026-05-08 14:40:23,791][src.modRNN.training.training_loop][INFO] - train epoch 1377 loss 0.1072 accuracy 96.88%
[2026-05-08 14:40:23,792][src.modRNN.training.training_loop][INFO] - 	 Starting Epoch: 1378
[2026-05-08 14:40:24,513][src.modRNN.training.training_loop][INFO] - train epoch 1378 loss 0.2263 accuracy 90.62%
[2026-05-08 14:40:24,515][src.modRNN.training.training_loop][INFO] - 	 Starting Epoch: 1379
[2026-05-08 14:40:25,236][src.modRNN.training.training_loop][INFO] - train epoch 1379 loss 0.1223 accuracy 95.31%
[2026-05-08 14:40:25,238][src.modRNN.training.training_loop][INFO] - 	 Starting Epoch: 1380
[2026-05-08 14:40:25,959][src.modRNN.training.training_loop][INFO] - train epoch 1380 loss 0.2124 accuracy 93.75%
[2026-05-08 14:40:25,961][src.modRNN.training.training_loop][INFO] - 	 Starting Epoch: 1381
[2026-05-08 14:40:26,681][src.modRNN.training.training_loop][INFO] - train epoch 1381 loss 0.1764 accuracy 92.19%
[2026-05-08 14:40:26,683][src.modRNN.training.training_loop][INFO] - 	 Starting Epoch: 1382
[2026-05-08 14:40:27,417][src.modRNN.training.training_loop][INFO] - train epoch 1382 loss 0.2309 accuracy 89.06%
[2026-05-08 14:40:27,428][src.modRNN.training.training_loop][INFO] - 	 Starting Epoch: 1383
[2026-05-08 14:40:28,189][src.modRNN.training.training_loop][INFO] - train epoch 1383 loss 0.0980 accuracy 96.88%
[2026-05-08 14:40:28,191][src.modRNN.training.training_loop][INFO] - 	 Starting Epoch: 1384
[2026-05-08 14:40:28,915][src.modRNN.training.training_loop][INFO] - train epoch 1384 loss 0.1713 accuracy 96.88%
[2026-05-08 14:40:28,917][src.modRNN.training.training_loop][INFO] - 	 Starting Epoch: 1385
[2026-05-08 14:40:29,638][src.modRNN.training.training_loop][INFO] - train epoch 1385 loss 0.1331 accuracy 95.31%
[2026-05-08 14:40:29,640][src.modRNN.training.training_loop][INFO] - 	 Starting Epoch: 1386
[2026-05-08 14:40:30,364][src.modRNN.training.training_loop][INFO] - train epoch 1386 loss 0.1462 accuracy 95.31%
[2026-05-08 14:40:30,365][src.modRNN.training.training_loop][INFO] - 	 Starting Epoch: 1387
[2026-05-08 14:40:31,087][src.modRNN.training.training_loop][INFO] - train epoch 1387 loss 0.1299 accuracy 95.31%
[2026-05-08 14:40:31,088][src.modRNN.training.training_loop][INFO] - 	 Starting Epoch: 1388
[2026-05-08 14:40:31,808][src.modRNN.training.training_loop][INFO] - train epoch 1388 loss 0.1139 accuracy 95.31%
[2026-05-08 14:40:31,810][src.modRNN.training.training_loop][INFO] - 	 Starting Epoch: 1389
[2026-05-08 14:40:32,527][src.modRNN.training.training_loop][INFO] - train epoch 1389 loss 0.1388 accuracy 95.31%
[2026-05-08 14:40:32,529][src.modRNN.training.training_loop][INFO] - 	 Starting Epoch: 1390
[2026-05-08 14:40:33,248][src.modRNN.training.training_loop][INFO] - train epoch 1390 loss 0.1285 accuracy 96.88%
[2026-05-08 14:40:33,249][src.modRNN.training.training_loop][INFO] - 	 Starting Epoch: 1391
[2026-05-08 14:40:33,973][src.modRNN.training.training_loop][INFO] - train epoch 1391 loss 0.1199 accuracy 98.44%
[2026-05-08 14:40:33,975][src.modRNN.training.training_loop][INFO] - 	 Starting Epoch: 1392
[2026-05-08 14:40:34,698][src.modRNN.training.training_loop][INFO] - train epoch 1392 loss 0.1295 accuracy 96.88%
[2026-05-08 14:40:34,699][src.modRNN.training.training_loop][INFO] - 	 Starting Epoch: 1393
[2026-05-08 14:40:35,419][src.modRNN.training.training_loop][INFO] - train epoch 1393 loss 0.1543 accuracy 95.31%
[2026-05-08 14:40:35,420][src.modRNN.training.training_loop][INFO] - 	 Starting Epoch: 1394
[2026-05-08 14:40:36,140][src.modRNN.training.training_loop][INFO] - train epoch 1394 loss 0.1683 accuracy 96.88%
[2026-05-08 14:40:36,142][src.modRNN.training.training_loop][INFO] - 	 Starting Epoch: 1395
[2026-05-08 14:40:36,861][src.modRNN.training.training_loop][INFO] - train epoch 1395 loss 0.2034 accuracy 93.75%
[2026-05-08 14:40:36,862][src.modRNN.training.training_loop][INFO] - 	 Starting Epoch: 1396
[2026-05-08 14:40:37,581][src.modRNN.training.training_loop][INFO] - train epoch 1396 loss 0.1902 accuracy 92.19%
[2026-05-08 14:40:37,583][src.modRNN.training.training_loop][INFO] - 	 Starting Epoch: 1397
[2026-05-08 14:40:38,302][src.modRNN.training.training_loop][INFO] - train epoch 1397 loss 0.2752 accuracy 92.19%
[2026-05-08 14:40:38,304][src.modRNN.training.training_loop][INFO] - 	 Starting Epoch: 1398
[2026-05-08 14:40:39,024][src.modRNN.training.training_loop][INFO] - train epoch 1398 loss 0.2104 accuracy 93.75%
[2026-05-08 14:40:39,026][src.modRNN.training.training_loop][INFO] - 	 Starting Epoch: 1399
[2026-05-08 14:40:39,746][src.modRNN.training.training_loop][INFO] - train epoch 1399 loss 0.1860 accuracy 95.31%
[2026-05-08 14:40:39,747][src.modRNN.training.training_loop][INFO] - 	 Starting Epoch: 1400
[2026-05-08 14:40:40,468][src.modRNN.training.training_loop][INFO] - train epoch 1400 loss 0.1375 accuracy 98.44%
[2026-05-08 14:40:40,470][src.modRNN.training.training_loop][INFO] - 	 Starting Epoch: 1401
[2026-05-08 14:40:41,189][src.modRNN.training.training_loop][INFO] - train epoch 1401 loss 0.1617 accuracy 92.19%
[2026-05-08 14:40:42,312][src.modRNN.training.training_loop][INFO] - eval  epoch 1401 loss 0.1878 accuracy 94.92%
[2026-05-08 14:40:42,314][src.modRNN.training.training_loop][INFO] - 	 Starting Epoch: 1402
[2026-05-08 14:40:43,035][src.modRNN.training.training_loop][INFO] - train epoch 1402 loss 0.1426 accuracy 96.88%
[2026-05-08 14:40:43,037][src.modRNN.training.training_loop][INFO] - 	 Starting Epoch: 1403
[2026-05-08 14:40:43,754][src.modRNN.training.training_loop][INFO] - train epoch 1403 loss 0.1337 accuracy 96.88%
[2026-05-08 14:40:43,756][src.modRNN.training.training_loop][INFO] - 	 Starting Epoch: 1404
[2026-05-08 14:40:44,476][src.modRNN.training.training_loop][INFO] - train epoch 1404 loss 0.2310 accuracy 98.44%
[2026-05-08 14:40:44,478][src.modRNN.training.training_loop][INFO] - 	 Starting Epoch: 1405
[2026-05-08 14:40:45,195][src.modRNN.training.training_loop][INFO] - train epoch 1405 loss 0.2155 accuracy 93.75%
[2026-05-08 14:40:45,197][src.modRNN.training.training_loop][INFO] - 	 Starting Epoch: 1406
[2026-05-08 14:40:45,914][src.modRNN.training.training_loop][INFO] - train epoch 1406 loss 0.2524 accuracy 92.19%
[2026-05-08 14:40:45,916][src.modRNN.training.training_loop][INFO] - 	 Starting Epoch: 1407
[2026-05-08 14:40:46,634][src.modRNN.training.training_loop][INFO] - train epoch 1407 loss 0.3809 accuracy 90.62%
[2026-05-08 14:40:46,636][src.modRNN.training.training_loop][INFO] - 	 Starting Epoch: 1408
[2026-05-08 14:40:47,354][src.modRNN.training.training_loop][INFO] - train epoch 1408 loss 0.1459 accuracy 95.31%
[2026-05-08 14:40:47,356][src.modRNN.training.training_loop][INFO] - 	 Starting Epoch: 1409
[2026-05-08 14:40:48,075][src.modRNN.training.training_loop][INFO] - train epoch 1409 loss 0.1629 accuracy 93.75%
[2026-05-08 14:40:48,076][src.modRNN.training.training_loop][INFO] - 	 Starting Epoch: 1410
[2026-05-08 14:40:48,794][src.modRNN.training.training_loop][INFO] - train epoch 1410 loss 0.1704 accuracy 93.75%
[2026-05-08 14:40:48,796][src.modRNN.training.training_loop][INFO] - 	 Starting Epoch: 1411
[2026-05-08 14:40:49,514][src.modRNN.training.training_loop][INFO] - train epoch 1411 loss 0.1956 accuracy 93.75%
[2026-05-08 14:40:49,515][src.modRNN.training.training_loop][INFO] - 	 Starting Epoch: 1412
[2026-05-08 14:40:50,235][src.modRNN.training.training_loop][INFO] - train epoch 1412 loss 0.1817 accuracy 96.88%
[2026-05-08 14:40:50,237][src.modRNN.training.training_loop][INFO] - 	 Starting Epoch: 1413
[2026-05-08 14:40:50,956][src.modRNN.training.training_loop][INFO] - train epoch 1413 loss 0.2305 accuracy 90.62%
[2026-05-08 14:40:50,958][src.modRNN.training.training_loop][INFO] - 	 Starting Epoch: 1414
[2026-05-08 14:40:51,677][src.modRNN.training.training_loop][INFO] - train epoch 1414 loss 0.1369 accuracy 95.31%
[2026-05-08 14:40:51,679][src.modRNN.training.training_loop][INFO] - 	 Starting Epoch: 1415
[2026-05-08 14:40:52,396][src.modRNN.training.training_loop][INFO] - train epoch 1415 loss 0.1891 accuracy 95.31%
[2026-05-08 14:40:52,398][src.modRNN.training.training_loop][INFO] - 	 Starting Epoch: 1416
[2026-05-08 14:40:53,114][src.modRNN.training.training_loop][INFO] - train epoch 1416 loss 0.1417 accuracy 100.00%
[2026-05-08 14:40:53,116][src.modRNN.training.training_loop][INFO] - 	 Starting Epoch: 1417
[2026-05-08 14:40:53,835][src.modRNN.training.training_loop][INFO] - train epoch 1417 loss 0.1237 accuracy 96.88%
[2026-05-08 14:40:53,837][src.modRNN.training.training_loop][INFO] - 	 Starting Epoch: 1418
[2026-05-08 14:40:54,557][src.modRNN.training.training_loop][INFO] - train epoch 1418 loss 0.1278 accuracy 96.88%
[2026-05-08 14:40:54,559][src.modRNN.training.training_loop][INFO] - 	 Starting Epoch: 1419
[2026-05-08 14:40:55,277][src.modRNN.training.training_loop][INFO] - train epoch 1419 loss 0.1579 accuracy 98.44%
[2026-05-08 14:40:55,279][src.modRNN.training.training_loop][INFO] - 	 Starting Epoch: 1420
[2026-05-08 14:40:55,999][src.modRNN.training.training_loop][INFO] - train epoch 1420 loss 0.1753 accuracy 92.19%
[2026-05-08 14:40:56,001][src.modRNN.training.training_loop][INFO] - 	 Starting Epoch: 1421
[2026-05-08 14:40:56,720][src.modRNN.training.training_loop][INFO] - train epoch 1421 loss 0.1341 accuracy 98.44%
[2026-05-08 14:40:56,722][src.modRNN.training.training_loop][INFO] - 	 Starting Epoch: 1422
[2026-05-08 14:40:57,443][src.modRNN.training.training_loop][INFO] - train epoch 1422 loss 0.1699 accuracy 95.31%
[2026-05-08 14:40:57,445][src.modRNN.training.training_loop][INFO] - 	 Starting Epoch: 1423
[2026-05-08 14:40:58,163][src.modRNN.training.training_loop][INFO] - train epoch 1423 loss 0.1329 accuracy 96.88%
[2026-05-08 14:40:58,165][src.modRNN.training.training_loop][INFO] - 	 Starting Epoch: 1424
[2026-05-08 14:40:58,884][src.modRNN.training.training_loop][INFO] - train epoch 1424 loss 0.1280 accuracy 96.88%
[2026-05-08 14:40:58,886][src.modRNN.training.training_loop][INFO] - 	 Starting Epoch: 1425
[2026-05-08 14:40:59,606][src.modRNN.training.training_loop][INFO] - train epoch 1425 loss 0.0907 accuracy 100.00%
[2026-05-08 14:40:59,607][src.modRNN.training.training_loop][INFO] - 	 Starting Epoch: 1426
[2026-05-08 14:41:00,329][src.modRNN.training.training_loop][INFO] - train epoch 1426 loss 0.1789 accuracy 95.31%
[2026-05-08 14:41:01,449][src.modRNN.training.training_loop][INFO] - eval  epoch 1426 loss 0.1565 accuracy 96.09%
[2026-05-08 14:41:01,451][src.modRNN.training.training_loop][INFO] - 	 Starting Epoch: 1427
[2026-05-08 14:41:02,172][src.modRNN.training.training_loop][INFO] - train epoch 1427 loss 0.1352 accuracy 98.44%
[2026-05-08 14:41:02,173][src.modRNN.training.training_loop][INFO] - 	 Starting Epoch: 1428
[2026-05-08 14:41:02,895][src.modRNN.training.training_loop][INFO] - train epoch 1428 loss 0.2166 accuracy 90.62%
[2026-05-08 14:41:02,897][src.modRNN.training.training_loop][INFO] - 	 Starting Epoch: 1429
[2026-05-08 14:41:03,618][src.modRNN.training.training_loop][INFO] - train epoch 1429 loss 0.1689 accuracy 96.88%
[2026-05-08 14:41:03,620][src.modRNN.training.training_loop][INFO] - 	 Starting Epoch: 1430
[2026-05-08 14:41:04,341][src.modRNN.training.training_loop][INFO] - train epoch 1430 loss 0.0790 accuracy 100.00%
[2026-05-08 14:41:04,342][src.modRNN.training.training_loop][INFO] - 	 Starting Epoch: 1431
[2026-05-08 14:41:05,064][src.modRNN.training.training_loop][INFO] - train epoch 1431 loss 0.3701 accuracy 85.94%
[2026-05-08 14:41:05,066][src.modRNN.training.training_loop][INFO] - 	 Starting Epoch: 1432
[2026-05-08 14:41:05,787][src.modRNN.training.training_loop][INFO] - train epoch 1432 loss 0.3584 accuracy 87.50%
[2026-05-08 14:41:05,788][src.modRNN.training.training_loop][INFO] - 	 Starting Epoch: 1433
[2026-05-08 14:41:06,511][src.modRNN.training.training_loop][INFO] - train epoch 1433 loss 0.4351 accuracy 79.69%
[2026-05-08 14:41:06,513][src.modRNN.training.training_loop][INFO] - 	 Starting Epoch: 1434
[2026-05-08 14:41:07,234][src.modRNN.training.training_loop][INFO] - train epoch 1434 loss 0.4441 accuracy 79.69%
[2026-05-08 14:41:07,235][src.modRNN.training.training_loop][INFO] - 	 Starting Epoch: 1435
[2026-05-08 14:41:07,957][src.modRNN.training.training_loop][INFO] - train epoch 1435 loss 0.5686 accuracy 75.00%
[2026-05-08 14:41:07,958][src.modRNN.training.training_loop][INFO] - 	 Starting Epoch: 1436
[2026-05-08 14:41:08,680][src.modRNN.training.training_loop][INFO] - train epoch 1436 loss 0.5367 accuracy 68.75%
[2026-05-08 14:41:08,682][src.modRNN.training.training_loop][INFO] - 	 Starting Epoch: 1437
[2026-05-08 14:41:09,402][src.modRNN.training.training_loop][INFO] - train epoch 1437 loss 0.4385 accuracy 78.12%
[2026-05-08 14:41:09,404][src.modRNN.training.training_loop][INFO] - 	 Starting Epoch: 1438
[2026-05-08 14:41:10,125][src.modRNN.training.training_loop][INFO] - train epoch 1438 loss 0.4356 accuracy 76.56%
[2026-05-08 14:41:10,126][src.modRNN.training.training_loop][INFO] - 	 Starting Epoch: 1439
[2026-05-08 14:41:10,851][src.modRNN.training.training_loop][INFO] - train epoch 1439 loss 0.5419 accuracy 71.88%
[2026-05-08 14:41:10,852][src.modRNN.training.training_loop][INFO] - 	 Starting Epoch: 1440
[2026-05-08 14:41:11,574][src.modRNN.training.training_loop][INFO] - train epoch 1440 loss 0.4085 accuracy 75.00%
[2026-05-08 14:41:11,576][src.modRNN.training.training_loop][INFO] - 	 Starting Epoch: 1441
[2026-05-08 14:41:12,297][src.modRNN.training.training_loop][INFO] - train epoch 1441 loss 0.4528 accuracy 81.25%
[2026-05-08 14:41:12,299][src.modRNN.training.training_loop][INFO] - 	 Starting Epoch: 1442
[2026-05-08 14:41:13,020][src.modRNN.training.training_loop][INFO] - train epoch 1442 loss 0.3427 accuracy 84.38%
[2026-05-08 14:41:13,021][src.modRNN.training.training_loop][INFO] - 	 Starting Epoch: 1443
[2026-05-08 14:41:13,744][src.modRNN.training.training_loop][INFO] - train epoch 1443 loss 0.2989 accuracy 82.81%
[2026-05-08 14:41:13,746][src.modRNN.training.training_loop][INFO] - 	 Starting Epoch: 1444
[2026-05-08 14:41:14,471][src.modRNN.training.training_loop][INFO] - train epoch 1444 loss 0.1693 accuracy 95.31%
[2026-05-08 14:41:14,473][src.modRNN.training.training_loop][INFO] - 	 Starting Epoch: 1445
[2026-05-08 14:41:15,194][src.modRNN.training.training_loop][INFO] - train epoch 1445 loss 0.2613 accuracy 85.94%
[2026-05-08 14:41:15,196][src.modRNN.training.training_loop][INFO] - 	 Starting Epoch: 1446
[2026-05-08 14:41:15,918][src.modRNN.training.training_loop][INFO] - train epoch 1446 loss 0.3070 accuracy 85.94%
[2026-05-08 14:41:15,919][src.modRNN.training.training_loop][INFO] - 	 Starting Epoch: 1447
[2026-05-08 14:41:16,639][src.modRNN.training.training_loop][INFO] - train epoch 1447 loss 0.2628 accuracy 90.62%
[2026-05-08 14:41:16,640][src.modRNN.training.training_loop][INFO] - 	 Starting Epoch: 1448
[2026-05-08 14:41:17,365][src.modRNN.training.training_loop][INFO] - train epoch 1448 loss 0.2571 accuracy 92.19%
[2026-05-08 14:41:17,366][src.modRNN.training.training_loop][INFO] - 	 Starting Epoch: 1449
[2026-05-08 14:41:18,086][src.modRNN.training.training_loop][INFO] - train epoch 1449 loss 0.2417 accuracy 96.88%
[2026-05-08 14:41:18,088][src.modRNN.training.training_loop][INFO] - 	 Starting Epoch: 1450
[2026-05-08 14:41:18,808][src.modRNN.training.training_loop][INFO] - train epoch 1450 loss 0.2935 accuracy 92.19%
[2026-05-08 14:41:18,810][src.modRNN.training.training_loop][INFO] - 	 Starting Epoch: 1451
[2026-05-08 14:41:19,531][src.modRNN.training.training_loop][INFO] - train epoch 1451 loss 0.2733 accuracy 92.19%
[2026-05-08 14:41:20,654][src.modRNN.training.training_loop][INFO] - eval  epoch 1451 loss 0.2996 accuracy 87.30%
[2026-05-08 14:41:20,655][src.modRNN.training.training_loop][INFO] - 	 Starting Epoch: 1452
[2026-05-08 14:41:21,375][src.modRNN.training.training_loop][INFO] - train epoch 1452 loss 0.3227 accuracy 87.50%
[2026-05-08 14:41:21,377][src.modRNN.training.training_loop][INFO] - 	 Starting Epoch: 1453
[2026-05-08 14:41:22,095][src.modRNN.training.training_loop][INFO] - train epoch 1453 loss 0.3194 accuracy 81.25%
[2026-05-08 14:41:22,097][src.modRNN.training.training_loop][INFO] - 	 Starting Epoch: 1454
[2026-05-08 14:41:22,816][src.modRNN.training.training_loop][INFO] - train epoch 1454 loss 0.2259 accuracy 93.75%
[2026-05-08 14:41:22,818][src.modRNN.training.training_loop][INFO] - 	 Starting Epoch: 1455
[2026-05-08 14:41:23,537][src.modRNN.training.training_loop][INFO] - train epoch 1455 loss 0.2189 accuracy 93.75%
[2026-05-08 14:41:23,539][src.modRNN.training.training_loop][INFO] - 	 Starting Epoch: 1456
[2026-05-08 14:41:24,258][src.modRNN.training.training_loop][INFO] - train epoch 1456 loss 0.2765 accuracy 90.62%
[2026-05-08 14:41:24,259][src.modRNN.training.training_loop][INFO] - 	 Starting Epoch: 1457
[2026-05-08 14:41:24,978][src.modRNN.training.training_loop][INFO] - train epoch 1457 loss 0.2494 accuracy 93.75%
[2026-05-08 14:41:24,980][src.modRNN.training.training_loop][INFO] - 	 Starting Epoch: 1458
[2026-05-08 14:41:25,700][src.modRNN.training.training_loop][INFO] - train epoch 1458 loss 0.2664 accuracy 92.19%
[2026-05-08 14:41:25,701][src.modRNN.training.training_loop][INFO] - 	 Starting Epoch: 1459
[2026-05-08 14:41:26,420][src.modRNN.training.training_loop][INFO] - train epoch 1459 loss 0.2547 accuracy 89.06%
[2026-05-08 14:41:26,422][src.modRNN.training.training_loop][INFO] - 	 Starting Epoch: 1460
[2026-05-08 14:41:27,148][src.modRNN.training.training_loop][INFO] - train epoch 1460 loss 0.3035 accuracy 87.50%
[2026-05-08 14:41:27,162][src.modRNN.training.training_loop][INFO] - 	 Starting Epoch: 1461
[2026-05-08 14:41:27,953][src.modRNN.training.training_loop][INFO] - train epoch 1461 loss 0.2478 accuracy 92.19%
[2026-05-08 14:41:27,954][src.modRNN.training.training_loop][INFO] - 	 Starting Epoch: 1462
[2026-05-08 14:41:28,675][src.modRNN.training.training_loop][INFO] - train epoch 1462 loss 0.3088 accuracy 87.50%
[2026-05-08 14:41:28,677][src.modRNN.training.training_loop][INFO] - 	 Starting Epoch: 1463
[2026-05-08 14:41:29,396][src.modRNN.training.training_loop][INFO] - train epoch 1463 loss 0.2643 accuracy 92.19%
[2026-05-08 14:41:29,398][src.modRNN.training.training_loop][INFO] - 	 Starting Epoch: 1464
[2026-05-08 14:41:30,120][src.modRNN.training.training_loop][INFO] - train epoch 1464 loss 0.2572 accuracy 90.62%
[2026-05-08 14:41:30,121][src.modRNN.training.training_loop][INFO] - 	 Starting Epoch: 1465
[2026-05-08 14:41:30,841][src.modRNN.training.training_loop][INFO] - train epoch 1465 loss 0.1972 accuracy 92.19%
[2026-05-08 14:41:30,843][src.modRNN.training.training_loop][INFO] - 	 Starting Epoch: 1466
[2026-05-08 14:41:31,564][src.modRNN.training.training_loop][INFO] - train epoch 1466 loss 0.2654 accuracy 93.75%
[2026-05-08 14:41:31,565][src.modRNN.training.training_loop][INFO] - 	 Starting Epoch: 1467
[2026-05-08 14:41:32,284][src.modRNN.training.training_loop][INFO] - train epoch 1467 loss 0.2693 accuracy 93.75%
[2026-05-08 14:41:32,286][src.modRNN.training.training_loop][INFO] - 	 Starting Epoch: 1468
[2026-05-08 14:41:33,004][src.modRNN.training.training_loop][INFO] - train epoch 1468 loss 0.2865 accuracy 95.31%
[2026-05-08 14:41:33,005][src.modRNN.training.training_loop][INFO] - 	 Starting Epoch: 1469
[2026-05-08 14:41:33,723][src.modRNN.training.training_loop][INFO] - train epoch 1469 loss 0.2290 accuracy 92.19%
[2026-05-08 14:41:33,724][src.modRNN.training.training_loop][INFO] - 	 Starting Epoch: 1470
[2026-05-08 14:41:34,442][src.modRNN.training.training_loop][INFO] - train epoch 1470 loss 0.3004 accuracy 87.50%
[2026-05-08 14:41:34,444][src.modRNN.training.training_loop][INFO] - 	 Starting Epoch: 1471
[2026-05-08 14:41:35,163][src.modRNN.training.training_loop][INFO] - train epoch 1471 loss 0.3257 accuracy 89.06%
[2026-05-08 14:41:35,165][src.modRNN.training.training_loop][INFO] - 	 Starting Epoch: 1472
[2026-05-08 14:41:35,883][src.modRNN.training.training_loop][INFO] - train epoch 1472 loss 0.3197 accuracy 85.94%
[2026-05-08 14:41:35,885][src.modRNN.training.training_loop][INFO] - 	 Starting Epoch: 1473
[2026-05-08 14:41:36,603][src.modRNN.training.training_loop][INFO] - train epoch 1473 loss 0.3127 accuracy 87.50%
[2026-05-08 14:41:36,604][src.modRNN.training.training_loop][INFO] - 	 Starting Epoch: 1474
[2026-05-08 14:41:37,323][src.modRNN.training.training_loop][INFO] - train epoch 1474 loss 0.2837 accuracy 85.94%
[2026-05-08 14:41:37,324][src.modRNN.training.training_loop][INFO] - 	 Starting Epoch: 1475
[2026-05-08 14:41:38,043][src.modRNN.training.training_loop][INFO] - train epoch 1475 loss 0.2744 accuracy 89.06%
[2026-05-08 14:41:38,044][src.modRNN.training.training_loop][INFO] - 	 Starting Epoch: 1476
[2026-05-08 14:41:38,763][src.modRNN.training.training_loop][INFO] - train epoch 1476 loss 0.2447 accuracy 89.06%
[2026-05-08 14:41:39,885][src.modRNN.training.training_loop][INFO] - eval  epoch 1476 loss 0.2809 accuracy 89.65%
[2026-05-08 14:41:39,887][src.modRNN.training.training_loop][INFO] - 	 Starting Epoch: 1477
[2026-05-08 14:41:40,606][src.modRNN.training.training_loop][INFO] - train epoch 1477 loss 0.2442 accuracy 92.19%
[2026-05-08 14:41:40,607][src.modRNN.training.training_loop][INFO] - 	 Starting Epoch: 1478
[2026-05-08 14:41:41,326][src.modRNN.training.training_loop][INFO] - train epoch 1478 loss 0.3435 accuracy 87.50%
[2026-05-08 14:41:41,327][src.modRNN.training.training_loop][INFO] - 	 Starting Epoch: 1479
[2026-05-08 14:41:42,047][src.modRNN.training.training_loop][INFO] - train epoch 1479 loss 0.2316 accuracy 92.19%
[2026-05-08 14:41:42,048][src.modRNN.training.training_loop][INFO] - 	 Starting Epoch: 1480
[2026-05-08 14:41:42,768][src.modRNN.training.training_loop][INFO] - train epoch 1480 loss 0.2062 accuracy 93.75%
[2026-05-08 14:41:42,770][src.modRNN.training.training_loop][INFO] - 	 Starting Epoch: 1481
[2026-05-08 14:41:43,489][src.modRNN.training.training_loop][INFO] - train epoch 1481 loss 0.2452 accuracy 89.06%
[2026-05-08 14:41:43,490][src.modRNN.training.training_loop][INFO] - 	 Starting Epoch: 1482
[2026-05-08 14:41:44,209][src.modRNN.training.training_loop][INFO] - train epoch 1482 loss 0.2006 accuracy 96.88%
[2026-05-08 14:41:44,211][src.modRNN.training.training_loop][INFO] - 	 Starting Epoch: 1483
[2026-05-08 14:41:44,931][src.modRNN.training.training_loop][INFO] - train epoch 1483 loss 0.1979 accuracy 95.31%
[2026-05-08 14:41:44,933][src.modRNN.training.training_loop][INFO] - 	 Starting Epoch: 1484
[2026-05-08 14:41:45,652][src.modRNN.training.training_loop][INFO] - train epoch 1484 loss 0.2171 accuracy 95.31%
[2026-05-08 14:41:45,653][src.modRNN.training.training_loop][INFO] - 	 Starting Epoch: 1485
[2026-05-08 14:41:46,373][src.modRNN.training.training_loop][INFO] - train epoch 1485 loss 0.2133 accuracy 95.31%
[2026-05-08 14:41:46,374][src.modRNN.training.training_loop][INFO] - 	 Starting Epoch: 1486
[2026-05-08 14:41:47,093][src.modRNN.training.training_loop][INFO] - train epoch 1486 loss 0.2377 accuracy 89.06%
[2026-05-08 14:41:47,094][src.modRNN.training.training_loop][INFO] - 	 Starting Epoch: 1487
[2026-05-08 14:41:47,814][src.modRNN.training.training_loop][INFO] - train epoch 1487 loss 0.2280 accuracy 89.06%
[2026-05-08 14:41:47,816][src.modRNN.training.training_loop][INFO] - 	 Starting Epoch: 1488
[2026-05-08 14:41:48,534][src.modRNN.training.training_loop][INFO] - train epoch 1488 loss 0.2004 accuracy 96.88%
[2026-05-08 14:41:48,536][src.modRNN.training.training_loop][INFO] - 	 Starting Epoch: 1489
[2026-05-08 14:41:49,255][src.modRNN.training.training_loop][INFO] - train epoch 1489 loss 0.2970 accuracy 90.62%
[2026-05-08 14:41:49,257][src.modRNN.training.training_loop][INFO] - 	 Starting Epoch: 1490
[2026-05-08 14:41:49,975][src.modRNN.training.training_loop][INFO] - train epoch 1490 loss 0.1676 accuracy 98.44%
[2026-05-08 14:41:49,976][src.modRNN.training.training_loop][INFO] - 	 Starting Epoch: 1491
[2026-05-08 14:41:50,696][src.modRNN.training.training_loop][INFO] - train epoch 1491 loss 0.1814 accuracy 96.88%
[2026-05-08 14:41:50,697][src.modRNN.training.training_loop][INFO] - 	 Starting Epoch: 1492
[2026-05-08 14:41:51,421][src.modRNN.training.training_loop][INFO] - train epoch 1492 loss 0.2057 accuracy 93.75%
[2026-05-08 14:41:51,422][src.modRNN.training.training_loop][INFO] - 	 Starting Epoch: 1493
[2026-05-08 14:41:52,143][src.modRNN.training.training_loop][INFO] - train epoch 1493 loss 0.2885 accuracy 85.94%
[2026-05-08 14:41:52,144][src.modRNN.training.training_loop][INFO] - 	 Starting Epoch: 1494
[2026-05-08 14:41:52,865][src.modRNN.training.training_loop][INFO] - train epoch 1494 loss 0.1369 accuracy 98.44%
[2026-05-08 14:41:52,866][src.modRNN.training.training_loop][INFO] - 	 Starting Epoch: 1495
[2026-05-08 14:41:53,586][src.modRNN.training.training_loop][INFO] - train epoch 1495 loss 0.2307 accuracy 90.62%
[2026-05-08 14:41:53,587][src.modRNN.training.training_loop][INFO] - 	 Starting Epoch: 1496
[2026-05-08 14:41:54,307][src.modRNN.training.training_loop][INFO] - train epoch 1496 loss 0.2792 accuracy 90.62%
[2026-05-08 14:41:54,309][src.modRNN.training.training_loop][INFO] - 	 Starting Epoch: 1497
[2026-05-08 14:41:55,029][src.modRNN.training.training_loop][INFO] - train epoch 1497 loss 0.2204 accuracy 92.19%
[2026-05-08 14:41:55,031][src.modRNN.training.training_loop][INFO] - 	 Starting Epoch: 1498
[2026-05-08 14:41:55,753][src.modRNN.training.training_loop][INFO] - train epoch 1498 loss 0.1964 accuracy 96.88%
[2026-05-08 14:41:55,754][src.modRNN.training.training_loop][INFO] - 	 Starting Epoch: 1499
[2026-05-08 14:41:56,476][src.modRNN.training.training_loop][INFO] - train epoch 1499 loss 0.1896 accuracy 95.31%
[2026-05-08 14:41:56,478][src.modRNN.training.training_loop][INFO] - 	 Starting Epoch: 1500
[2026-05-08 14:41:57,200][src.modRNN.training.training_loop][INFO] - train epoch 1500 loss 0.2710 accuracy 92.19%
[2026-05-08 14:41:57,201][src.modRNN.training.training_loop][INFO] - 	 Starting Epoch: 1501
[2026-05-08 14:41:57,924][src.modRNN.training.training_loop][INFO] - train epoch 1501 loss 0.1665 accuracy 96.88%
[2026-05-08 14:41:59,045][src.modRNN.training.training_loop][INFO] - eval  epoch 1501 loss 0.2439 accuracy 92.97%
[2026-05-08 14:41:59,046][src.modRNN.training.training_loop][INFO] - 	 Starting Epoch: 1502
[2026-05-08 14:41:59,765][src.modRNN.training.training_loop][INFO] - train epoch 1502 loss 0.2187 accuracy 96.88%
[2026-05-08 14:41:59,767][src.modRNN.training.training_loop][INFO] - 	 Starting Epoch: 1503
[2026-05-08 14:42:00,486][src.modRNN.training.training_loop][INFO] - train epoch 1503 loss 0.1759 accuracy 93.75%
[2026-05-08 14:42:00,487][src.modRNN.training.training_loop][INFO] - 	 Starting Epoch: 1504
[2026-05-08 14:42:01,207][src.modRNN.training.training_loop][INFO] - train epoch 1504 loss 0.2141 accuracy 92.19%
[2026-05-08 14:42:01,209][src.modRNN.training.training_loop][INFO] - 	 Starting Epoch: 1505
[2026-05-08 14:42:01,934][src.modRNN.training.training_loop][INFO] - train epoch 1505 loss 0.2338 accuracy 92.19%
[2026-05-08 14:42:01,936][src.modRNN.training.training_loop][INFO] - 	 Starting Epoch: 1506
[2026-05-08 14:42:02,656][src.modRNN.training.training_loop][INFO] - train epoch 1506 loss 0.1882 accuracy 96.88%
[2026-05-08 14:42:02,657][src.modRNN.training.training_loop][INFO] - 	 Starting Epoch: 1507
[2026-05-08 14:42:03,382][src.modRNN.training.training_loop][INFO] - train epoch 1507 loss 0.2062 accuracy 96.88%
[2026-05-08 14:42:03,383][src.modRNN.training.training_loop][INFO] - 	 Starting Epoch: 1508
[2026-05-08 14:42:04,102][src.modRNN.training.training_loop][INFO] - train epoch 1508 loss 0.2224 accuracy 93.75%
[2026-05-08 14:42:04,103][src.modRNN.training.training_loop][INFO] - 	 Starting Epoch: 1509
[2026-05-08 14:42:04,823][src.modRNN.training.training_loop][INFO] - train epoch 1509 loss 0.3735 accuracy 87.50%
[2026-05-08 14:42:04,824][src.modRNN.training.training_loop][INFO] - 	 Starting Epoch: 1510
[2026-05-08 14:42:05,543][src.modRNN.training.training_loop][INFO] - train epoch 1510 loss 0.2990 accuracy 90.62%
[2026-05-08 14:42:05,545][src.modRNN.training.training_loop][INFO] - 	 Starting Epoch: 1511
[2026-05-08 14:42:06,265][src.modRNN.training.training_loop][INFO] - train epoch 1511 loss 0.2445 accuracy 93.75%
[2026-05-08 14:42:06,266][src.modRNN.training.training_loop][INFO] - 	 Starting Epoch: 1512
[2026-05-08 14:42:06,985][src.modRNN.training.training_loop][INFO] - train epoch 1512 loss 0.2693 accuracy 92.19%
[2026-05-08 14:42:06,986][src.modRNN.training.training_loop][INFO] - 	 Starting Epoch: 1513
[2026-05-08 14:42:07,706][src.modRNN.training.training_loop][INFO] - train epoch 1513 loss 0.2145 accuracy 93.75%
[2026-05-08 14:42:07,708][src.modRNN.training.training_loop][INFO] - 	 Starting Epoch: 1514
[2026-05-08 14:42:08,427][src.modRNN.training.training_loop][INFO] - train epoch 1514 loss 0.2001 accuracy 95.31%
[2026-05-08 14:42:08,429][src.modRNN.training.training_loop][INFO] - 	 Starting Epoch: 1515
[2026-05-08 14:42:09,149][src.modRNN.training.training_loop][INFO] - train epoch 1515 loss 0.2250 accuracy 93.75%
[2026-05-08 14:42:09,151][src.modRNN.training.training_loop][INFO] - 	 Starting Epoch: 1516
[2026-05-08 14:42:09,870][src.modRNN.training.training_loop][INFO] - train epoch 1516 loss 0.2045 accuracy 96.88%
[2026-05-08 14:42:09,872][src.modRNN.training.training_loop][INFO] - 	 Starting Epoch: 1517
[2026-05-08 14:42:10,590][src.modRNN.training.training_loop][INFO] - train epoch 1517 loss 0.1801 accuracy 98.44%
[2026-05-08 14:42:10,592][src.modRNN.training.training_loop][INFO] - 	 Starting Epoch: 1518
[2026-05-08 14:42:11,312][src.modRNN.training.training_loop][INFO] - train epoch 1518 loss 0.2353 accuracy 92.19%
[2026-05-08 14:42:11,314][src.modRNN.training.training_loop][INFO] - 	 Starting Epoch: 1519
[2026-05-08 14:42:12,036][src.modRNN.training.training_loop][INFO] - train epoch 1519 loss 0.1978 accuracy 95.31%
[2026-05-08 14:42:12,038][src.modRNN.training.training_loop][INFO] - 	 Starting Epoch: 1520
[2026-05-08 14:42:12,764][src.modRNN.training.training_loop][INFO] - train epoch 1520 loss 0.1944 accuracy 96.88%
[2026-05-08 14:42:12,766][src.modRNN.training.training_loop][INFO] - 	 Starting Epoch: 1521
[2026-05-08 14:42:13,484][src.modRNN.training.training_loop][INFO] - train epoch 1521 loss 0.1771 accuracy 98.44%
[2026-05-08 14:42:13,485][src.modRNN.training.training_loop][INFO] - 	 Starting Epoch: 1522
[2026-05-08 14:42:14,205][src.modRNN.training.training_loop][INFO] - train epoch 1522 loss 0.1665 accuracy 96.88%
[2026-05-08 14:42:14,207][src.modRNN.training.training_loop][INFO] - 	 Starting Epoch: 1523
[2026-05-08 14:42:14,926][src.modRNN.training.training_loop][INFO] - train epoch 1523 loss 0.1674 accuracy 95.31%
[2026-05-08 14:42:14,928][src.modRNN.training.training_loop][INFO] - 	 Starting Epoch: 1524
[2026-05-08 14:42:15,647][src.modRNN.training.training_loop][INFO] - train epoch 1524 loss 0.1908 accuracy 93.75%
[2026-05-08 14:42:15,649][src.modRNN.training.training_loop][INFO] - 	 Starting Epoch: 1525
[2026-05-08 14:42:16,369][src.modRNN.training.training_loop][INFO] - train epoch 1525 loss 0.2350 accuracy 98.44%
[2026-05-08 14:42:16,370][src.modRNN.training.training_loop][INFO] - 	 Starting Epoch: 1526
[2026-05-08 14:42:17,089][src.modRNN.training.training_loop][INFO] - train epoch 1526 loss 0.1600 accuracy 96.88%
[2026-05-08 14:42:18,210][src.modRNN.training.training_loop][INFO] - eval  epoch 1526 loss 0.2696 accuracy 90.62%
[2026-05-08 14:42:18,212][src.modRNN.training.training_loop][INFO] - 	 Starting Epoch: 1527
[2026-05-08 14:42:18,934][src.modRNN.training.training_loop][INFO] - train epoch 1527 loss 0.2332 accuracy 93.75%
[2026-05-08 14:42:18,936][src.modRNN.training.training_loop][INFO] - 	 Starting Epoch: 1528
[2026-05-08 14:42:19,661][src.modRNN.training.training_loop][INFO] - train epoch 1528 loss 0.2166 accuracy 93.75%
[2026-05-08 14:42:19,663][src.modRNN.training.training_loop][INFO] - 	 Starting Epoch: 1529
[2026-05-08 14:42:20,384][src.modRNN.training.training_loop][INFO] - train epoch 1529 loss 0.3004 accuracy 85.94%
[2026-05-08 14:42:20,385][src.modRNN.training.training_loop][INFO] - 	 Starting Epoch: 1530
[2026-05-08 14:42:21,106][src.modRNN.training.training_loop][INFO] - train epoch 1530 loss 0.3541 accuracy 85.94%
[2026-05-08 14:42:21,107][src.modRNN.training.training_loop][INFO] - 	 Starting Epoch: 1531
[2026-05-08 14:42:21,829][src.modRNN.training.training_loop][INFO] - train epoch 1531 loss 0.2037 accuracy 92.19%
[2026-05-08 14:42:21,830][src.modRNN.training.training_loop][INFO] - 	 Starting Epoch: 1532
[2026-05-08 14:42:22,551][src.modRNN.training.training_loop][INFO] - train epoch 1532 loss 0.2582 accuracy 92.19%
[2026-05-08 14:42:22,553][src.modRNN.training.training_loop][INFO] - 	 Starting Epoch: 1533
[2026-05-08 14:42:23,273][src.modRNN.training.training_loop][INFO] - train epoch 1533 loss 0.2532 accuracy 93.75%
[2026-05-08 14:42:23,275][src.modRNN.training.training_loop][INFO] - 	 Starting Epoch: 1534
[2026-05-08 14:42:23,995][src.modRNN.training.training_loop][INFO] - train epoch 1534 loss 0.2190 accuracy 98.44%
[2026-05-08 14:42:23,997][src.modRNN.training.training_loop][INFO] - 	 Starting Epoch: 1535
[2026-05-08 14:42:24,717][src.modRNN.training.training_loop][INFO] - train epoch 1535 loss 0.2512 accuracy 93.75%
[2026-05-08 14:42:24,719][src.modRNN.training.training_loop][INFO] - 	 Starting Epoch: 1536
[2026-05-08 14:42:25,439][src.modRNN.training.training_loop][INFO] - train epoch 1536 loss 0.1952 accuracy 95.31%
[2026-05-08 14:42:25,441][src.modRNN.training.training_loop][INFO] - 	 Starting Epoch: 1537
[2026-05-08 14:42:26,162][src.modRNN.training.training_loop][INFO] - train epoch 1537 loss 0.1897 accuracy 98.44%
[2026-05-08 14:42:26,163][src.modRNN.training.training_loop][INFO] - 	 Starting Epoch: 1538
[2026-05-08 14:42:26,884][src.modRNN.training.training_loop][INFO] - train epoch 1538 loss 0.1916 accuracy 96.88%
[2026-05-08 14:42:26,886][src.modRNN.training.training_loop][INFO] - 	 Starting Epoch: 1539
[2026-05-08 14:42:27,639][src.modRNN.training.training_loop][INFO] - train epoch 1539 loss 0.1944 accuracy 96.88%
[2026-05-08 14:42:27,645][src.modRNN.training.training_loop][INFO] - 	 Starting Epoch: 1540
[2026-05-08 14:42:28,393][src.modRNN.training.training_loop][INFO] - train epoch 1540 loss 0.1714 accuracy 98.44%
[2026-05-08 14:42:28,394][src.modRNN.training.training_loop][INFO] - 	 Starting Epoch: 1541
[2026-05-08 14:42:29,117][src.modRNN.training.training_loop][INFO] - train epoch 1541 loss 0.1737 accuracy 98.44%
[2026-05-08 14:42:29,118][src.modRNN.training.training_loop][INFO] - 	 Starting Epoch: 1542
[2026-05-08 14:42:29,842][src.modRNN.training.training_loop][INFO] - train epoch 1542 loss 0.1627 accuracy 100.00%
[2026-05-08 14:42:29,843][src.modRNN.training.training_loop][INFO] - 	 Starting Epoch: 1543
[2026-05-08 14:42:30,566][src.modRNN.training.training_loop][INFO] - train epoch 1543 loss 0.1916 accuracy 98.44%
[2026-05-08 14:42:30,567][src.modRNN.training.training_loop][INFO] - 	 Starting Epoch: 1544
[2026-05-08 14:42:31,287][src.modRNN.training.training_loop][INFO] - train epoch 1544 loss 0.2271 accuracy 95.31%
[2026-05-08 14:42:31,289][src.modRNN.training.training_loop][INFO] - 	 Starting Epoch: 1545
[2026-05-08 14:42:32,008][src.modRNN.training.training_loop][INFO] - train epoch 1545 loss 0.1754 accuracy 98.44%
[2026-05-08 14:42:32,010][src.modRNN.training.training_loop][INFO] - 	 Starting Epoch: 1546
[2026-05-08 14:42:32,729][src.modRNN.training.training_loop][INFO] - train epoch 1546 loss 0.2424 accuracy 95.31%
[2026-05-08 14:42:32,731][src.modRNN.training.training_loop][INFO] - 	 Starting Epoch: 1547
[2026-05-08 14:42:33,450][src.modRNN.training.training_loop][INFO] - train epoch 1547 loss 0.1680 accuracy 96.88%
[2026-05-08 14:42:33,452][src.modRNN.training.training_loop][INFO] - 	 Starting Epoch: 1548
[2026-05-08 14:42:34,170][src.modRNN.training.training_loop][INFO] - train epoch 1548 loss 0.1394 accuracy 100.00%
[2026-05-08 14:42:34,172][src.modRNN.training.training_loop][INFO] - 	 Starting Epoch: 1549
[2026-05-08 14:42:34,890][src.modRNN.training.training_loop][INFO] - train epoch 1549 loss 0.1457 accuracy 100.00%
[2026-05-08 14:42:34,892][src.modRNN.training.training_loop][INFO] - 	 Starting Epoch: 1550
[2026-05-08 14:42:35,611][src.modRNN.training.training_loop][INFO] - train epoch 1550 loss 0.1698 accuracy 96.88%
[2026-05-08 14:42:35,613][src.modRNN.training.training_loop][INFO] - 	 Starting Epoch: 1551
[2026-05-08 14:42:36,331][src.modRNN.training.training_loop][INFO] - train epoch 1551 loss 0.2357 accuracy 93.75%
[2026-05-08 14:42:37,452][src.modRNN.training.training_loop][INFO] - eval  epoch 1551 loss 0.2746 accuracy 92.19%
[2026-05-08 14:42:37,453][src.modRNN.training.training_loop][INFO] - 	 Starting Epoch: 1552
[2026-05-08 14:42:38,171][src.modRNN.training.training_loop][INFO] - train epoch 1552 loss 0.1855 accuracy 95.31%
[2026-05-08 14:42:38,173][src.modRNN.training.training_loop][INFO] - 	 Starting Epoch: 1553
[2026-05-08 14:42:38,892][src.modRNN.training.training_loop][INFO] - train epoch 1553 loss 0.2351 accuracy 93.75%
[2026-05-08 14:42:38,893][src.modRNN.training.training_loop][INFO] - 	 Starting Epoch: 1554
[2026-05-08 14:42:39,614][src.modRNN.training.training_loop][INFO] - train epoch 1554 loss 0.2696 accuracy 92.19%
[2026-05-08 14:42:39,616][src.modRNN.training.training_loop][INFO] - 	 Starting Epoch: 1555
[2026-05-08 14:42:40,334][src.modRNN.training.training_loop][INFO] - train epoch 1555 loss 0.3196 accuracy 89.06%
[2026-05-08 14:42:40,335][src.modRNN.training.training_loop][INFO] - 	 Starting Epoch: 1556
[2026-05-08 14:42:41,055][src.modRNN.training.training_loop][INFO] - train epoch 1556 loss 0.3106 accuracy 89.06%
[2026-05-08 14:42:41,056][src.modRNN.training.training_loop][INFO] - 	 Starting Epoch: 1557
[2026-05-08 14:42:41,776][src.modRNN.training.training_loop][INFO] - train epoch 1557 loss 0.3475 accuracy 87.50%
[2026-05-08 14:42:41,777][src.modRNN.training.training_loop][INFO] - 	 Starting Epoch: 1558
[2026-05-08 14:42:42,498][src.modRNN.training.training_loop][INFO] - train epoch 1558 loss 0.2739 accuracy 87.50%
[2026-05-08 14:42:42,499][src.modRNN.training.training_loop][INFO] - 	 Starting Epoch: 1559
[2026-05-08 14:42:43,220][src.modRNN.training.training_loop][INFO] - train epoch 1559 loss 0.2283 accuracy 92.19%
[2026-05-08 14:42:43,221][src.modRNN.training.training_loop][INFO] - 	 Starting Epoch: 1560
[2026-05-08 14:42:43,941][src.modRNN.training.training_loop][INFO] - train epoch 1560 loss 0.1894 accuracy 92.19%
[2026-05-08 14:42:43,943][src.modRNN.training.training_loop][INFO] - 	 Starting Epoch: 1561
[2026-05-08 14:42:44,662][src.modRNN.training.training_loop][INFO] - train epoch 1561 loss 0.1894 accuracy 95.31%
[2026-05-08 14:42:44,663][src.modRNN.training.training_loop][INFO] - 	 Starting Epoch: 1562
[2026-05-08 14:42:45,381][src.modRNN.training.training_loop][INFO] - train epoch 1562 loss 0.5427 accuracy 73.44%
[2026-05-08 14:42:45,383][src.modRNN.training.training_loop][INFO] - 	 Starting Epoch: 1563
[2026-05-08 14:42:46,102][src.modRNN.training.training_loop][INFO] - train epoch 1563 loss 0.4124 accuracy 85.94%
[2026-05-08 14:42:46,103][src.modRNN.training.training_loop][INFO] - 	 Starting Epoch: 1564
[2026-05-08 14:42:46,822][src.modRNN.training.training_loop][INFO] - train epoch 1564 loss 0.2735 accuracy 85.94%
[2026-05-08 14:42:46,823][src.modRNN.training.training_loop][INFO] - 	 Starting Epoch: 1565
[2026-05-08 14:42:47,540][src.modRNN.training.training_loop][INFO] - train epoch 1565 loss 0.2584 accuracy 92.19%
[2026-05-08 14:42:47,542][src.modRNN.training.training_loop][INFO] - 	 Starting Epoch: 1566
[2026-05-08 14:42:48,261][src.modRNN.training.training_loop][INFO] - train epoch 1566 loss 0.1547 accuracy 98.44%
[2026-05-08 14:42:48,262][src.modRNN.training.training_loop][INFO] - 	 Starting Epoch: 1567
[2026-05-08 14:42:48,980][src.modRNN.training.training_loop][INFO] - train epoch 1567 loss 0.2379 accuracy 92.19%
[2026-05-08 14:42:48,982][src.modRNN.training.training_loop][INFO] - 	 Starting Epoch: 1568
[2026-05-08 14:42:49,700][src.modRNN.training.training_loop][INFO] - train epoch 1568 loss 0.1377 accuracy 98.44%
[2026-05-08 14:42:49,702][src.modRNN.training.training_loop][INFO] - 	 Starting Epoch: 1569
[2026-05-08 14:42:50,424][src.modRNN.training.training_loop][INFO] - train epoch 1569 loss 0.1513 accuracy 100.00%
[2026-05-08 14:42:50,425][src.modRNN.training.training_loop][INFO] - 	 Starting Epoch: 1570
[2026-05-08 14:42:51,143][src.modRNN.training.training_loop][INFO] - train epoch 1570 loss 0.1627 accuracy 98.44%
[2026-05-08 14:42:51,145][src.modRNN.training.training_loop][INFO] - 	 Starting Epoch: 1571
[2026-05-08 14:42:51,867][src.modRNN.training.training_loop][INFO] - train epoch 1571 loss 0.2005 accuracy 96.88%
[2026-05-08 14:42:51,869][src.modRNN.training.training_loop][INFO] - 	 Starting Epoch: 1572
[2026-05-08 14:42:52,587][src.modRNN.training.training_loop][INFO] - train epoch 1572 loss 0.2123 accuracy 96.88%
[2026-05-08 14:42:52,588][src.modRNN.training.training_loop][INFO] - 	 Starting Epoch: 1573
[2026-05-08 14:42:53,306][src.modRNN.training.training_loop][INFO] - train epoch 1573 loss 0.1619 accuracy 98.44%
[2026-05-08 14:42:53,308][src.modRNN.training.training_loop][INFO] - 	 Starting Epoch: 1574
[2026-05-08 14:42:54,026][src.modRNN.training.training_loop][INFO] - train epoch 1574 loss 0.1928 accuracy 96.88%
[2026-05-08 14:42:54,028][src.modRNN.training.training_loop][INFO] - 	 Starting Epoch: 1575
[2026-05-08 14:42:54,748][src.modRNN.training.training_loop][INFO] - train epoch 1575 loss 0.2299 accuracy 95.31%
[2026-05-08 14:42:54,750][src.modRNN.training.training_loop][INFO] - 	 Starting Epoch: 1576
[2026-05-08 14:42:55,472][src.modRNN.training.training_loop][INFO] - train epoch 1576 loss 0.2165 accuracy 92.19%
[2026-05-08 14:42:56,597][src.modRNN.training.training_loop][INFO] - eval  epoch 1576 loss 0.1975 accuracy 96.88%
[2026-05-08 14:42:56,599][src.modRNN.training.training_loop][INFO] - 	 Starting Epoch: 1577
[2026-05-08 14:42:57,320][src.modRNN.training.training_loop][INFO] - train epoch 1577 loss 0.2166 accuracy 96.88%
[2026-05-08 14:42:57,321][src.modRNN.training.training_loop][INFO] - 	 Starting Epoch: 1578
[2026-05-08 14:42:58,041][src.modRNN.training.training_loop][INFO] - train epoch 1578 loss 0.1721 accuracy 98.44%
[2026-05-08 14:42:58,042][src.modRNN.training.training_loop][INFO] - 	 Starting Epoch: 1579
[2026-05-08 14:42:58,762][src.modRNN.training.training_loop][INFO] - train epoch 1579 loss 0.1706 accuracy 96.88%
[2026-05-08 14:42:58,764][src.modRNN.training.training_loop][INFO] - 	 Starting Epoch: 1580
[2026-05-08 14:42:59,482][src.modRNN.training.training_loop][INFO] - train epoch 1580 loss 0.2303 accuracy 95.31%
[2026-05-08 14:42:59,483][src.modRNN.training.training_loop][INFO] - 	 Starting Epoch: 1581
[2026-05-08 14:43:00,202][src.modRNN.training.training_loop][INFO] - train epoch 1581 loss 0.1945 accuracy 96.88%
[2026-05-08 14:43:00,204][src.modRNN.training.training_loop][INFO] - 	 Starting Epoch: 1582
[2026-05-08 14:43:00,923][src.modRNN.training.training_loop][INFO] - train epoch 1582 loss 0.1729 accuracy 98.44%
[2026-05-08 14:43:00,924][src.modRNN.training.training_loop][INFO] - 	 Starting Epoch: 1583
[2026-05-08 14:43:01,644][src.modRNN.training.training_loop][INFO] - train epoch 1583 loss 0.2600 accuracy 93.75%
[2026-05-08 14:43:01,645][src.modRNN.training.training_loop][INFO] - 	 Starting Epoch: 1584
[2026-05-08 14:43:02,378][src.modRNN.training.training_loop][INFO] - train epoch 1584 loss 0.2449 accuracy 90.62%
[2026-05-08 14:43:02,380][src.modRNN.training.training_loop][INFO] - 	 Starting Epoch: 1585
[2026-05-08 14:43:03,101][src.modRNN.training.training_loop][INFO] - train epoch 1585 loss 0.2651 accuracy 90.62%
[2026-05-08 14:43:03,103][src.modRNN.training.training_loop][INFO] - 	 Starting Epoch: 1586
[2026-05-08 14:43:03,823][src.modRNN.training.training_loop][INFO] - train epoch 1586 loss 0.2528 accuracy 92.19%
[2026-05-08 14:43:03,825][src.modRNN.training.training_loop][INFO] - 	 Starting Epoch: 1587
[2026-05-08 14:43:04,545][src.modRNN.training.training_loop][INFO] - train epoch 1587 loss 0.3714 accuracy 82.81%
[2026-05-08 14:43:04,547][src.modRNN.training.training_loop][INFO] - 	 Starting Epoch: 1588
[2026-05-08 14:43:05,267][src.modRNN.training.training_loop][INFO] - train epoch 1588 loss 0.2234 accuracy 95.31%
[2026-05-08 14:43:05,269][src.modRNN.training.training_loop][INFO] - 	 Starting Epoch: 1589
[2026-05-08 14:43:05,989][src.modRNN.training.training_loop][INFO] - train epoch 1589 loss 0.3223 accuracy 90.62%
[2026-05-08 14:43:05,990][src.modRNN.training.training_loop][INFO] - 	 Starting Epoch: 1590
[2026-05-08 14:43:06,711][src.modRNN.training.training_loop][INFO] - train epoch 1590 loss 0.1557 accuracy 95.31%
[2026-05-08 14:43:06,712][src.modRNN.training.training_loop][INFO] - 	 Starting Epoch: 1591
[2026-05-08 14:43:07,433][src.modRNN.training.training_loop][INFO] - train epoch 1591 loss 0.2927 accuracy 89.06%
[2026-05-08 14:43:07,435][src.modRNN.training.training_loop][INFO] - 	 Starting Epoch: 1592
[2026-05-08 14:43:08,156][src.modRNN.training.training_loop][INFO] - train epoch 1592 loss 0.2693 accuracy 89.06%
[2026-05-08 14:43:08,157][src.modRNN.training.training_loop][INFO] - 	 Starting Epoch: 1593
[2026-05-08 14:43:08,879][src.modRNN.training.training_loop][INFO] - train epoch 1593 loss 0.2358 accuracy 90.62%
[2026-05-08 14:43:08,881][src.modRNN.training.training_loop][INFO] - 	 Starting Epoch: 1594
[2026-05-08 14:43:09,601][src.modRNN.training.training_loop][INFO] - train epoch 1594 loss 0.2998 accuracy 87.50%
[2026-05-08 14:43:09,603][src.modRNN.training.training_loop][INFO] - 	 Starting Epoch: 1595
[2026-05-08 14:43:10,327][src.modRNN.training.training_loop][INFO] - train epoch 1595 loss 0.3015 accuracy 89.06%
[2026-05-08 14:43:10,329][src.modRNN.training.training_loop][INFO] - 	 Starting Epoch: 1596
[2026-05-08 14:43:11,052][src.modRNN.training.training_loop][INFO] - train epoch 1596 loss 0.2377 accuracy 92.19%
[2026-05-08 14:43:11,054][src.modRNN.training.training_loop][INFO] - 	 Starting Epoch: 1597
[2026-05-08 14:43:11,780][src.modRNN.training.training_loop][INFO] - train epoch 1597 loss 0.2600 accuracy 92.19%
[2026-05-08 14:43:11,782][src.modRNN.training.training_loop][INFO] - 	 Starting Epoch: 1598
[2026-05-08 14:43:12,503][src.modRNN.training.training_loop][INFO] - train epoch 1598 loss 0.2434 accuracy 96.88%
[2026-05-08 14:43:12,505][src.modRNN.training.training_loop][INFO] - 	 Starting Epoch: 1599
[2026-05-08 14:43:13,226][src.modRNN.training.training_loop][INFO] - train epoch 1599 loss 0.2213 accuracy 90.62%
[2026-05-08 14:43:13,228][src.modRNN.training.training_loop][INFO] - 	 Starting Epoch: 1600
[2026-05-08 14:43:13,951][src.modRNN.training.training_loop][INFO] - train epoch 1600 loss 0.2120 accuracy 95.31%
[2026-05-08 14:43:13,953][src.modRNN.training.training_loop][INFO] - 	 Starting Epoch: 1601
[2026-05-08 14:43:14,673][src.modRNN.training.training_loop][INFO] - train epoch 1601 loss 0.1965 accuracy 95.31%
[2026-05-08 14:43:15,797][src.modRNN.training.training_loop][INFO] - eval  epoch 1601 loss 0.1873 accuracy 96.88%
[2026-05-08 14:43:15,798][src.modRNN.training.training_loop][INFO] - 	 Starting Epoch: 1602
[2026-05-08 14:43:16,519][src.modRNN.training.training_loop][INFO] - train epoch 1602 loss 0.1611 accuracy 98.44%
[2026-05-08 14:43:16,521][src.modRNN.training.training_loop][INFO] - 	 Starting Epoch: 1603
[2026-05-08 14:43:17,242][src.modRNN.training.training_loop][INFO] - train epoch 1603 loss 0.2306 accuracy 95.31%
[2026-05-08 14:43:17,243][src.modRNN.training.training_loop][INFO] - 	 Starting Epoch: 1604
[2026-05-08 14:43:17,965][src.modRNN.training.training_loop][INFO] - train epoch 1604 loss 0.1524 accuracy 100.00%
[2026-05-08 14:43:17,967][src.modRNN.training.training_loop][INFO] - 	 Starting Epoch: 1605
[2026-05-08 14:43:18,689][src.modRNN.training.training_loop][INFO] - train epoch 1605 loss 0.2447 accuracy 93.75%
[2026-05-08 14:43:18,690][src.modRNN.training.training_loop][INFO] - 	 Starting Epoch: 1606
[2026-05-08 14:43:19,413][src.modRNN.training.training_loop][INFO] - train epoch 1606 loss 0.1882 accuracy 96.88%
[2026-05-08 14:43:19,415][src.modRNN.training.training_loop][INFO] - 	 Starting Epoch: 1607
[2026-05-08 14:43:20,137][src.modRNN.training.training_loop][INFO] - train epoch 1607 loss 0.1904 accuracy 98.44%
[2026-05-08 14:43:20,139][src.modRNN.training.training_loop][INFO] - 	 Starting Epoch: 1608
[2026-05-08 14:43:20,861][src.modRNN.training.training_loop][INFO] - train epoch 1608 loss 0.1632 accuracy 96.88%
[2026-05-08 14:43:20,863][src.modRNN.training.training_loop][INFO] - 	 Starting Epoch: 1609
[2026-05-08 14:43:21,584][src.modRNN.training.training_loop][INFO] - train epoch 1609 loss 0.1682 accuracy 98.44%
[2026-05-08 14:43:21,586][src.modRNN.training.training_loop][INFO] - 	 Starting Epoch: 1610
[2026-05-08 14:43:22,308][src.modRNN.training.training_loop][INFO] - train epoch 1610 loss 0.1576 accuracy 98.44%
[2026-05-08 14:43:22,309][src.modRNN.training.training_loop][INFO] - 	 Starting Epoch: 1611
[2026-05-08 14:43:23,036][src.modRNN.training.training_loop][INFO] - train epoch 1611 loss 0.1778 accuracy 95.31%
[2026-05-08 14:43:23,037][src.modRNN.training.training_loop][INFO] - 	 Starting Epoch: 1612
[2026-05-08 14:43:23,759][src.modRNN.training.training_loop][INFO] - train epoch 1612 loss 0.2117 accuracy 96.88%
[2026-05-08 14:43:23,761][src.modRNN.training.training_loop][INFO] - 	 Starting Epoch: 1613
[2026-05-08 14:43:24,482][src.modRNN.training.training_loop][INFO] - train epoch 1613 loss 0.1531 accuracy 100.00%
[2026-05-08 14:43:24,484][src.modRNN.training.training_loop][INFO] - 	 Starting Epoch: 1614
[2026-05-08 14:43:25,204][src.modRNN.training.training_loop][INFO] - train epoch 1614 loss 0.1939 accuracy 96.88%
[2026-05-08 14:43:25,206][src.modRNN.training.training_loop][INFO] - 	 Starting Epoch: 1615
[2026-05-08 14:43:25,931][src.modRNN.training.training_loop][INFO] - train epoch 1615 loss 0.1575 accuracy 96.88%
[2026-05-08 14:43:25,933][src.modRNN.training.training_loop][INFO] - 	 Starting Epoch: 1616
[2026-05-08 14:43:26,653][src.modRNN.training.training_loop][INFO] - train epoch 1616 loss 0.1966 accuracy 95.31%
[2026-05-08 14:43:26,655][src.modRNN.training.training_loop][INFO] - 	 Starting Epoch: 1617
[2026-05-08 14:43:27,386][src.modRNN.training.training_loop][INFO] - train epoch 1617 loss 0.2228 accuracy 93.75%
[2026-05-08 14:43:27,388][src.modRNN.training.training_loop][INFO] - 	 Starting Epoch: 1618
[2026-05-08 14:43:28,141][src.modRNN.training.training_loop][INFO] - train epoch 1618 loss 0.2052 accuracy 93.75%
[2026-05-08 14:43:28,143][src.modRNN.training.training_loop][INFO] - 	 Starting Epoch: 1619
[2026-05-08 14:43:28,866][src.modRNN.training.training_loop][INFO] - train epoch 1619 loss 0.1780 accuracy 95.31%
[2026-05-08 14:43:28,868][src.modRNN.training.training_loop][INFO] - 	 Starting Epoch: 1620
[2026-05-08 14:43:29,587][src.modRNN.training.training_loop][INFO] - train epoch 1620 loss 0.2912 accuracy 90.62%
[2026-05-08 14:43:29,589][src.modRNN.training.training_loop][INFO] - 	 Starting Epoch: 1621
[2026-05-08 14:43:30,309][src.modRNN.training.training_loop][INFO] - train epoch 1621 loss 0.2777 accuracy 87.50%
[2026-05-08 14:43:30,310][src.modRNN.training.training_loop][INFO] - 	 Starting Epoch: 1622
[2026-05-08 14:43:31,029][src.modRNN.training.training_loop][INFO] - train epoch 1622 loss 0.2447 accuracy 93.75%
[2026-05-08 14:43:31,031][src.modRNN.training.training_loop][INFO] - 	 Starting Epoch: 1623
[2026-05-08 14:43:31,749][src.modRNN.training.training_loop][INFO] - train epoch 1623 loss 0.1933 accuracy 93.75%
[2026-05-08 14:43:31,750][src.modRNN.training.training_loop][INFO] - 	 Starting Epoch: 1624
[2026-05-08 14:43:32,470][src.modRNN.training.training_loop][INFO] - train epoch 1624 loss 0.2821 accuracy 90.62%
[2026-05-08 14:43:32,471][src.modRNN.training.training_loop][INFO] - 	 Starting Epoch: 1625
[2026-05-08 14:43:33,192][src.modRNN.training.training_loop][INFO] - train epoch 1625 loss 0.2883 accuracy 92.19%
[2026-05-08 14:43:33,194][src.modRNN.training.training_loop][INFO] - 	 Starting Epoch: 1626
[2026-05-08 14:43:33,911][src.modRNN.training.training_loop][INFO] - train epoch 1626 loss 0.2800 accuracy 93.75%
[2026-05-08 14:43:35,036][src.modRNN.training.training_loop][INFO] - eval  epoch 1626 loss 0.3177 accuracy 88.28%
[2026-05-08 14:43:35,037][src.modRNN.training.training_loop][INFO] - 	 Starting Epoch: 1627
[2026-05-08 14:43:35,755][src.modRNN.training.training_loop][INFO] - train epoch 1627 loss 0.3252 accuracy 84.38%
[2026-05-08 14:43:35,757][src.modRNN.training.training_loop][INFO] - 	 Starting Epoch: 1628
[2026-05-08 14:43:36,476][src.modRNN.training.training_loop][INFO] - train epoch 1628 loss 0.2674 accuracy 89.06%
[2026-05-08 14:43:36,478][src.modRNN.training.training_loop][INFO] - 	 Starting Epoch: 1629
[2026-05-08 14:43:37,196][src.modRNN.training.training_loop][INFO] - train epoch 1629 loss 0.3265 accuracy 89.06%
[2026-05-08 14:43:37,198][src.modRNN.training.training_loop][INFO] - 	 Starting Epoch: 1630
[2026-05-08 14:43:37,917][src.modRNN.training.training_loop][INFO] - train epoch 1630 loss 0.2827 accuracy 96.88%
[2026-05-08 14:43:37,918][src.modRNN.training.training_loop][INFO] - 	 Starting Epoch: 1631
[2026-05-08 14:43:38,639][src.modRNN.training.training_loop][INFO] - train epoch 1631 loss 0.1644 accuracy 96.88%
[2026-05-08 14:43:38,640][src.modRNN.training.training_loop][INFO] - 	 Starting Epoch: 1632
[2026-05-08 14:43:39,362][src.modRNN.training.training_loop][INFO] - train epoch 1632 loss 0.1292 accuracy 98.44%
[2026-05-08 14:43:39,363][src.modRNN.training.training_loop][INFO] - 	 Starting Epoch: 1633
[2026-05-08 14:43:40,085][src.modRNN.training.training_loop][INFO] - train epoch 1633 loss 0.1307 accuracy 98.44%
[2026-05-08 14:43:40,087][src.modRNN.training.training_loop][INFO] - 	 Starting Epoch: 1634
[2026-05-08 14:43:40,808][src.modRNN.training.training_loop][INFO] - train epoch 1634 loss 0.1701 accuracy 100.00%
[2026-05-08 14:43:40,810][src.modRNN.training.training_loop][INFO] - 	 Starting Epoch: 1635
[2026-05-08 14:43:41,529][src.modRNN.training.training_loop][INFO] - train epoch 1635 loss 0.1786 accuracy 98.44%
[2026-05-08 14:43:41,531][src.modRNN.training.training_loop][INFO] - 	 Starting Epoch: 1636
[2026-05-08 14:43:42,252][src.modRNN.training.training_loop][INFO] - train epoch 1636 loss 0.2115 accuracy 95.31%
[2026-05-08 14:43:42,253][src.modRNN.training.training_loop][INFO] - 	 Starting Epoch: 1637
[2026-05-08 14:43:42,974][src.modRNN.training.training_loop][INFO] - train epoch 1637 loss 0.1506 accuracy 100.00%
[2026-05-08 14:43:42,976][src.modRNN.training.training_loop][INFO] - 	 Starting Epoch: 1638
[2026-05-08 14:43:43,696][src.modRNN.training.training_loop][INFO] - train epoch 1638 loss 0.1808 accuracy 98.44%
[2026-05-08 14:43:43,698][src.modRNN.training.training_loop][INFO] - 	 Starting Epoch: 1639
[2026-05-08 14:43:44,417][src.modRNN.training.training_loop][INFO] - train epoch 1639 loss 0.2480 accuracy 96.88%
[2026-05-08 14:43:44,419][src.modRNN.training.training_loop][INFO] - 	 Starting Epoch: 1640
[2026-05-08 14:43:45,138][src.modRNN.training.training_loop][INFO] - train epoch 1640 loss 0.1134 accuracy 100.00%
[2026-05-08 14:43:45,140][src.modRNN.training.training_loop][INFO] - 	 Starting Epoch: 1641
[2026-05-08 14:43:45,860][src.modRNN.training.training_loop][INFO] - train epoch 1641 loss 0.1252 accuracy 98.44%
[2026-05-08 14:43:45,861][src.modRNN.training.training_loop][INFO] - 	 Starting Epoch: 1642
[2026-05-08 14:43:46,582][src.modRNN.training.training_loop][INFO] - train epoch 1642 loss 0.1283 accuracy 98.44%
[2026-05-08 14:43:46,584][src.modRNN.training.training_loop][INFO] - 	 Starting Epoch: 1643
[2026-05-08 14:43:47,304][src.modRNN.training.training_loop][INFO] - train epoch 1643 loss 0.1190 accuracy 100.00%
[2026-05-08 14:43:47,305][src.modRNN.training.training_loop][INFO] - 	 Starting Epoch: 1644
[2026-05-08 14:43:48,025][src.modRNN.training.training_loop][INFO] - train epoch 1644 loss 0.2024 accuracy 96.88%
[2026-05-08 14:43:48,027][src.modRNN.training.training_loop][INFO] - 	 Starting Epoch: 1645
[2026-05-08 14:43:48,747][src.modRNN.training.training_loop][INFO] - train epoch 1645 loss 0.2061 accuracy 95.31%
[2026-05-08 14:43:48,749][src.modRNN.training.training_loop][INFO] - 	 Starting Epoch: 1646
[2026-05-08 14:43:49,468][src.modRNN.training.training_loop][INFO] - train epoch 1646 loss 0.2814 accuracy 92.19%
[2026-05-08 14:43:49,478][src.modRNN.training.training_loop][INFO] - 	 Starting Epoch: 1647
[2026-05-08 14:43:50,198][src.modRNN.training.training_loop][INFO] - train epoch 1647 loss 0.1542 accuracy 98.44%
[2026-05-08 14:43:50,200][src.modRNN.training.training_loop][INFO] - 	 Starting Epoch: 1648
[2026-05-08 14:43:50,919][src.modRNN.training.training_loop][INFO] - train epoch 1648 loss 0.1183 accuracy 100.00%
[2026-05-08 14:43:50,920][src.modRNN.training.training_loop][INFO] - 	 Starting Epoch: 1649
[2026-05-08 14:43:51,639][src.modRNN.training.training_loop][INFO] - train epoch 1649 loss 0.2322 accuracy 93.75%
[2026-05-08 14:43:51,641][src.modRNN.training.training_loop][INFO] - 	 Starting Epoch: 1650
[2026-05-08 14:43:52,362][src.modRNN.training.training_loop][INFO] - train epoch 1650 loss 0.3215 accuracy 92.19%
[2026-05-08 14:43:52,363][src.modRNN.training.training_loop][INFO] - 	 Starting Epoch: 1651
[2026-05-08 14:43:53,086][src.modRNN.training.training_loop][INFO] - train epoch 1651 loss 0.2005 accuracy 93.75%
[2026-05-08 14:43:54,211][src.modRNN.training.training_loop][INFO] - eval  epoch 1651 loss 0.2483 accuracy 92.19%
[2026-05-08 14:43:54,212][src.modRNN.training.training_loop][INFO] - 	 Starting Epoch: 1652
[2026-05-08 14:43:54,930][src.modRNN.training.training_loop][INFO] - train epoch 1652 loss 0.2608 accuracy 92.19%
[2026-05-08 14:43:54,931][src.modRNN.training.training_loop][INFO] - 	 Starting Epoch: 1653
[2026-05-08 14:43:55,649][src.modRNN.training.training_loop][INFO] - train epoch 1653 loss 0.1957 accuracy 95.31%
[2026-05-08 14:43:55,651][src.modRNN.training.training_loop][INFO] - 	 Starting Epoch: 1654
[2026-05-08 14:43:56,368][src.modRNN.training.training_loop][INFO] - train epoch 1654 loss 0.3578 accuracy 82.81%
[2026-05-08 14:43:56,370][src.modRNN.training.training_loop][INFO] - 	 Starting Epoch: 1655
[2026-05-08 14:43:57,088][src.modRNN.training.training_loop][INFO] - train epoch 1655 loss 0.2480 accuracy 92.19%
[2026-05-08 14:43:57,089][src.modRNN.training.training_loop][INFO] - 	 Starting Epoch: 1656
[2026-05-08 14:43:57,808][src.modRNN.training.training_loop][INFO] - train epoch 1656 loss 0.3681 accuracy 82.81%
[2026-05-08 14:43:57,810][src.modRNN.training.training_loop][INFO] - 	 Starting Epoch: 1657
[2026-05-08 14:43:58,528][src.modRNN.training.training_loop][INFO] - train epoch 1657 loss 0.2030 accuracy 92.19%
[2026-05-08 14:43:58,529][src.modRNN.training.training_loop][INFO] - 	 Starting Epoch: 1658
[2026-05-08 14:43:59,248][src.modRNN.training.training_loop][INFO] - train epoch 1658 loss 0.3292 accuracy 89.06%
[2026-05-08 14:43:59,249][src.modRNN.training.training_loop][INFO] - 	 Starting Epoch: 1659
[2026-05-08 14:43:59,967][src.modRNN.training.training_loop][INFO] - train epoch 1659 loss 0.2251 accuracy 95.31%
[2026-05-08 14:43:59,969][src.modRNN.training.training_loop][INFO] - 	 Starting Epoch: 1660
[2026-05-08 14:44:00,686][src.modRNN.training.training_loop][INFO] - train epoch 1660 loss 0.1894 accuracy 95.31%
[2026-05-08 14:44:00,688][src.modRNN.training.training_loop][INFO] - 	 Starting Epoch: 1661
[2026-05-08 14:44:01,405][src.modRNN.training.training_loop][INFO] - train epoch 1661 loss 0.1968 accuracy 92.19%
[2026-05-08 14:44:01,406][src.modRNN.training.training_loop][INFO] - 	 Starting Epoch: 1662
[2026-05-08 14:44:02,127][src.modRNN.training.training_loop][INFO] - train epoch 1662 loss 0.2429 accuracy 87.50%
[2026-05-08 14:44:02,128][src.modRNN.training.training_loop][INFO] - 	 Starting Epoch: 1663
[2026-05-08 14:44:02,848][src.modRNN.training.training_loop][INFO] - train epoch 1663 loss 0.1613 accuracy 98.44%
[2026-05-08 14:44:02,850][src.modRNN.training.training_loop][INFO] - 	 Starting Epoch: 1664
[2026-05-08 14:44:03,569][src.modRNN.training.training_loop][INFO] - train epoch 1664 loss 0.1871 accuracy 96.88%
[2026-05-08 14:44:03,571][src.modRNN.training.training_loop][INFO] - 	 Starting Epoch: 1665
[2026-05-08 14:44:04,291][src.modRNN.training.training_loop][INFO] - train epoch 1665 loss 0.1579 accuracy 96.88%
[2026-05-08 14:44:04,293][src.modRNN.training.training_loop][INFO] - 	 Starting Epoch: 1666
[2026-05-08 14:44:05,012][src.modRNN.training.training_loop][INFO] - train epoch 1666 loss 0.2138 accuracy 96.88%
[2026-05-08 14:44:05,014][src.modRNN.training.training_loop][INFO] - 	 Starting Epoch: 1667
[2026-05-08 14:44:05,734][src.modRNN.training.training_loop][INFO] - train epoch 1667 loss 0.1538 accuracy 96.88%
[2026-05-08 14:44:05,736][src.modRNN.training.training_loop][INFO] - 	 Starting Epoch: 1668
[2026-05-08 14:44:06,458][src.modRNN.training.training_loop][INFO] - train epoch 1668 loss 0.1533 accuracy 100.00%
[2026-05-08 14:44:06,460][src.modRNN.training.training_loop][INFO] - 	 Starting Epoch: 1669
[2026-05-08 14:44:07,181][src.modRNN.training.training_loop][INFO] - train epoch 1669 loss 0.1762 accuracy 98.44%
[2026-05-08 14:44:07,183][src.modRNN.training.training_loop][INFO] - 	 Starting Epoch: 1670
[2026-05-08 14:44:07,904][src.modRNN.training.training_loop][INFO] - train epoch 1670 loss 0.2459 accuracy 95.31%
[2026-05-08 14:44:07,906][src.modRNN.training.training_loop][INFO] - 	 Starting Epoch: 1671
[2026-05-08 14:44:08,627][src.modRNN.training.training_loop][INFO] - train epoch 1671 loss 0.1497 accuracy 98.44%
[2026-05-08 14:44:08,628][src.modRNN.training.training_loop][INFO] - 	 Starting Epoch: 1672
[2026-05-08 14:44:09,350][src.modRNN.training.training_loop][INFO] - train epoch 1672 loss 0.1812 accuracy 95.31%
[2026-05-08 14:44:09,352][src.modRNN.training.training_loop][INFO] - 	 Starting Epoch: 1673
[2026-05-08 14:44:10,074][src.modRNN.training.training_loop][INFO] - train epoch 1673 loss 0.1440 accuracy 100.00%
[2026-05-08 14:44:10,075][src.modRNN.training.training_loop][INFO] - 	 Starting Epoch: 1674
[2026-05-08 14:44:10,799][src.modRNN.training.training_loop][INFO] - train epoch 1674 loss 0.1681 accuracy 96.88%
[2026-05-08 14:44:10,800][src.modRNN.training.training_loop][INFO] - 	 Starting Epoch: 1675
[2026-05-08 14:44:11,522][src.modRNN.training.training_loop][INFO] - train epoch 1675 loss 0.1890 accuracy 95.31%
[2026-05-08 14:44:11,524][src.modRNN.training.training_loop][INFO] - 	 Starting Epoch: 1676
[2026-05-08 14:44:12,247][src.modRNN.training.training_loop][INFO] - train epoch 1676 loss 0.1563 accuracy 96.88%
[2026-05-08 14:44:13,370][src.modRNN.training.training_loop][INFO] - eval  epoch 1676 loss 0.1622 accuracy 98.05%
[2026-05-08 14:44:13,371][src.modRNN.training.training_loop][INFO] - 	 Starting Epoch: 1677
[2026-05-08 14:44:14,091][src.modRNN.training.training_loop][INFO] - train epoch 1677 loss 0.2040 accuracy 96.88%
[2026-05-08 14:44:14,093][src.modRNN.training.training_loop][INFO] - 	 Starting Epoch: 1678
[2026-05-08 14:44:14,813][src.modRNN.training.training_loop][INFO] - train epoch 1678 loss 0.1593 accuracy 98.44%
[2026-05-08 14:44:14,815][src.modRNN.training.training_loop][INFO] - 	 Starting Epoch: 1679
[2026-05-08 14:44:15,535][src.modRNN.training.training_loop][INFO] - train epoch 1679 loss 0.1652 accuracy 96.88%
[2026-05-08 14:44:15,537][src.modRNN.training.training_loop][INFO] - 	 Starting Epoch: 1680
[2026-05-08 14:44:16,257][src.modRNN.training.training_loop][INFO] - train epoch 1680 loss 0.1673 accuracy 95.31%
[2026-05-08 14:44:16,258][src.modRNN.training.training_loop][INFO] - 	 Starting Epoch: 1681
[2026-05-08 14:44:16,979][src.modRNN.training.training_loop][INFO] - train epoch 1681 loss 0.1811 accuracy 96.88%
[2026-05-08 14:44:16,980][src.modRNN.training.training_loop][INFO] - 	 Starting Epoch: 1682
[2026-05-08 14:44:17,701][src.modRNN.training.training_loop][INFO] - train epoch 1682 loss 0.2008 accuracy 96.88%
[2026-05-08 14:44:17,703][src.modRNN.training.training_loop][INFO] - 	 Starting Epoch: 1683
[2026-05-08 14:44:18,424][src.modRNN.training.training_loop][INFO] - train epoch 1683 loss 0.2505 accuracy 93.75%
[2026-05-08 14:44:18,425][src.modRNN.training.training_loop][INFO] - 	 Starting Epoch: 1684
[2026-05-08 14:44:19,146][src.modRNN.training.training_loop][INFO] - train epoch 1684 loss 0.1886 accuracy 96.88%
[2026-05-08 14:44:19,147][src.modRNN.training.training_loop][INFO] - 	 Starting Epoch: 1685
[2026-05-08 14:44:19,868][src.modRNN.training.training_loop][INFO] - train epoch 1685 loss 0.1409 accuracy 98.44%
[2026-05-08 14:44:19,870][src.modRNN.training.training_loop][INFO] - 	 Starting Epoch: 1686
[2026-05-08 14:44:20,592][src.modRNN.training.training_loop][INFO] - train epoch 1686 loss 0.2016 accuracy 92.19%
[2026-05-08 14:44:20,594][src.modRNN.training.training_loop][INFO] - 	 Starting Epoch: 1687
[2026-05-08 14:44:21,320][src.modRNN.training.training_loop][INFO] - train epoch 1687 loss 0.1738 accuracy 96.88%
[2026-05-08 14:44:21,322][src.modRNN.training.training_loop][INFO] - 	 Starting Epoch: 1688
[2026-05-08 14:44:22,043][src.modRNN.training.training_loop][INFO] - train epoch 1688 loss 0.2128 accuracy 93.75%
[2026-05-08 14:44:22,044][src.modRNN.training.training_loop][INFO] - 	 Starting Epoch: 1689
[2026-05-08 14:44:22,766][src.modRNN.training.training_loop][INFO] - train epoch 1689 loss 0.1809 accuracy 96.88%
[2026-05-08 14:44:22,767][src.modRNN.training.training_loop][INFO] - 	 Starting Epoch: 1690
[2026-05-08 14:44:23,488][src.modRNN.training.training_loop][INFO] - train epoch 1690 loss 0.3321 accuracy 87.50%
[2026-05-08 14:44:23,489][src.modRNN.training.training_loop][INFO] - 	 Starting Epoch: 1691
[2026-05-08 14:44:24,209][src.modRNN.training.training_loop][INFO] - train epoch 1691 loss 0.2583 accuracy 90.62%
[2026-05-08 14:44:24,211][src.modRNN.training.training_loop][INFO] - 	 Starting Epoch: 1692
[2026-05-08 14:44:24,938][src.modRNN.training.training_loop][INFO] - train epoch 1692 loss 0.2378 accuracy 93.75%
[2026-05-08 14:44:24,940][src.modRNN.training.training_loop][INFO] - 	 Starting Epoch: 1693
[2026-05-08 14:44:25,661][src.modRNN.training.training_loop][INFO] - train epoch 1693 loss 0.1325 accuracy 98.44%
[2026-05-08 14:44:25,663][src.modRNN.training.training_loop][INFO] - 	 Starting Epoch: 1694
[2026-05-08 14:44:26,384][src.modRNN.training.training_loop][INFO] - train epoch 1694 loss 0.2661 accuracy 95.31%
[2026-05-08 14:44:26,385][src.modRNN.training.training_loop][INFO] - 	 Starting Epoch: 1695
[2026-05-08 14:44:27,108][src.modRNN.training.training_loop][INFO] - train epoch 1695 loss 0.1692 accuracy 96.88%
[2026-05-08 14:44:27,109][src.modRNN.training.training_loop][INFO] - 	 Starting Epoch: 1696
[2026-05-08 14:44:27,867][src.modRNN.training.training_loop][INFO] - train epoch 1696 loss 0.1847 accuracy 98.44%
[2026-05-08 14:44:27,869][src.modRNN.training.training_loop][INFO] - 	 Starting Epoch: 1697
[2026-05-08 14:44:28,596][src.modRNN.training.training_loop][INFO] - train epoch 1697 loss 0.1688 accuracy 98.44%
[2026-05-08 14:44:28,598][src.modRNN.training.training_loop][INFO] - 	 Starting Epoch: 1698
[2026-05-08 14:44:29,318][src.modRNN.training.training_loop][INFO] - train epoch 1698 loss 0.1587 accuracy 100.00%
[2026-05-08 14:44:29,320][src.modRNN.training.training_loop][INFO] - 	 Starting Epoch: 1699
[2026-05-08 14:44:30,041][src.modRNN.training.training_loop][INFO] - train epoch 1699 loss 0.1320 accuracy 100.00%
[2026-05-08 14:44:30,043][src.modRNN.training.training_loop][INFO] - 	 Starting Epoch: 1700
[2026-05-08 14:44:30,764][src.modRNN.training.training_loop][INFO] - train epoch 1700 loss 0.1561 accuracy 96.88%
[2026-05-08 14:44:30,766][src.modRNN.training.training_loop][INFO] - 	 Starting Epoch: 1701
[2026-05-08 14:44:31,488][src.modRNN.training.training_loop][INFO] - train epoch 1701 loss 0.1679 accuracy 98.44%
[2026-05-08 14:44:32,614][src.modRNN.training.training_loop][INFO] - eval  epoch 1701 loss 0.1573 accuracy 98.44%
[2026-05-08 14:44:32,615][src.modRNN.training.training_loop][INFO] - 	 Starting Epoch: 1702
[2026-05-08 14:44:33,334][src.modRNN.training.training_loop][INFO] - train epoch 1702 loss 0.1655 accuracy 98.44%
[2026-05-08 14:44:33,336][src.modRNN.training.training_loop][INFO] - 	 Starting Epoch: 1703
[2026-05-08 14:44:34,054][src.modRNN.training.training_loop][INFO] - train epoch 1703 loss 0.1772 accuracy 96.88%
[2026-05-08 14:44:34,056][src.modRNN.training.training_loop][INFO] - 	 Starting Epoch: 1704
[2026-05-08 14:44:34,775][src.modRNN.training.training_loop][INFO] - train epoch 1704 loss 0.1899 accuracy 95.31%
[2026-05-08 14:44:34,776][src.modRNN.training.training_loop][INFO] - 	 Starting Epoch: 1705
[2026-05-08 14:44:35,495][src.modRNN.training.training_loop][INFO] - train epoch 1705 loss 0.1756 accuracy 98.44%
[2026-05-08 14:44:35,497][src.modRNN.training.training_loop][INFO] - 	 Starting Epoch: 1706
[2026-05-08 14:44:36,215][src.modRNN.training.training_loop][INFO] - train epoch 1706 loss 0.1526 accuracy 100.00%
[2026-05-08 14:44:36,217][src.modRNN.training.training_loop][INFO] - 	 Starting Epoch: 1707
[2026-05-08 14:44:36,934][src.modRNN.training.training_loop][INFO] - train epoch 1707 loss 0.1679 accuracy 98.44%
[2026-05-08 14:44:36,935][src.modRNN.training.training_loop][INFO] - 	 Starting Epoch: 1708
[2026-05-08 14:44:37,653][src.modRNN.training.training_loop][INFO] - train epoch 1708 loss 0.1865 accuracy 95.31%
[2026-05-08 14:44:37,654][src.modRNN.training.training_loop][INFO] - 	 Starting Epoch: 1709
[2026-05-08 14:44:38,372][src.modRNN.training.training_loop][INFO] - train epoch 1709 loss 0.1620 accuracy 93.75%
[2026-05-08 14:44:38,374][src.modRNN.training.training_loop][INFO] - 	 Starting Epoch: 1710
[2026-05-08 14:44:39,091][src.modRNN.training.training_loop][INFO] - train epoch 1710 loss 0.1412 accuracy 96.88%
[2026-05-08 14:44:39,093][src.modRNN.training.training_loop][INFO] - 	 Starting Epoch: 1711
[2026-05-08 14:44:39,812][src.modRNN.training.training_loop][INFO] - train epoch 1711 loss 0.2158 accuracy 93.75%
[2026-05-08 14:44:39,813][src.modRNN.training.training_loop][INFO] - 	 Starting Epoch: 1712
[2026-05-08 14:44:40,533][src.modRNN.training.training_loop][INFO] - train epoch 1712 loss 0.1257 accuracy 100.00%
[2026-05-08 14:44:40,535][src.modRNN.training.training_loop][INFO] - 	 Starting Epoch: 1713
[2026-05-08 14:44:41,253][src.modRNN.training.training_loop][INFO] - train epoch 1713 loss 0.1414 accuracy 98.44%
[2026-05-08 14:44:41,254][src.modRNN.training.training_loop][INFO] - 	 Starting Epoch: 1714
[2026-05-08 14:44:41,972][src.modRNN.training.training_loop][INFO] - train epoch 1714 loss 0.1281 accuracy 98.44%
[2026-05-08 14:44:41,974][src.modRNN.training.training_loop][INFO] - 	 Starting Epoch: 1715
[2026-05-08 14:44:42,692][src.modRNN.training.training_loop][INFO] - train epoch 1715 loss 0.1315 accuracy 98.44%
[2026-05-08 14:44:42,693][src.modRNN.training.training_loop][INFO] - 	 Starting Epoch: 1716
[2026-05-08 14:44:43,412][src.modRNN.training.training_loop][INFO] - train epoch 1716 loss 0.1544 accuracy 100.00%
[2026-05-08 14:44:43,413][src.modRNN.training.training_loop][INFO] - 	 Starting Epoch: 1717
[2026-05-08 14:44:44,131][src.modRNN.training.training_loop][INFO] - train epoch 1717 loss 0.1636 accuracy 98.44%
[2026-05-08 14:44:44,133][src.modRNN.training.training_loop][INFO] - 	 Starting Epoch: 1718
[2026-05-08 14:44:44,853][src.modRNN.training.training_loop][INFO] - train epoch 1718 loss 0.2749 accuracy 92.19%
[2026-05-08 14:44:44,855][src.modRNN.training.training_loop][INFO] - 	 Starting Epoch: 1719
[2026-05-08 14:44:45,572][src.modRNN.training.training_loop][INFO] - train epoch 1719 loss 0.2215 accuracy 95.31%
[2026-05-08 14:44:45,574][src.modRNN.training.training_loop][INFO] - 	 Starting Epoch: 1720
[2026-05-08 14:44:46,292][src.modRNN.training.training_loop][INFO] - train epoch 1720 loss 0.3106 accuracy 89.06%
[2026-05-08 14:44:46,294][src.modRNN.training.training_loop][INFO] - 	 Starting Epoch: 1721
[2026-05-08 14:44:47,013][src.modRNN.training.training_loop][INFO] - train epoch 1721 loss 0.1606 accuracy 95.31%
[2026-05-08 14:44:47,015][src.modRNN.training.training_loop][INFO] - 	 Starting Epoch: 1722
[2026-05-08 14:44:47,737][src.modRNN.training.training_loop][INFO] - train epoch 1722 loss 0.1349 accuracy 100.00%
[2026-05-08 14:44:47,738][src.modRNN.training.training_loop][INFO] - 	 Starting Epoch: 1723
[2026-05-08 14:44:48,460][src.modRNN.training.training_loop][INFO] - train epoch 1723 loss 0.1413 accuracy 98.44%
[2026-05-08 14:44:48,462][src.modRNN.training.training_loop][INFO] - 	 Starting Epoch: 1724
[2026-05-08 14:44:49,179][src.modRNN.training.training_loop][INFO] - train epoch 1724 loss 0.1659 accuracy 98.44%
[2026-05-08 14:44:49,181][src.modRNN.training.training_loop][INFO] - 	 Starting Epoch: 1725
[2026-05-08 14:44:49,898][src.modRNN.training.training_loop][INFO] - train epoch 1725 loss 0.1838 accuracy 98.44%
[2026-05-08 14:44:49,900][src.modRNN.training.training_loop][INFO] - 	 Starting Epoch: 1726
[2026-05-08 14:44:50,618][src.modRNN.training.training_loop][INFO] - train epoch 1726 loss 0.1126 accuracy 100.00%
[2026-05-08 14:44:51,744][src.modRNN.training.training_loop][INFO] - eval  epoch 1726 loss 0.2009 accuracy 95.51%
[2026-05-08 14:44:51,746][src.modRNN.training.training_loop][INFO] - 	 Starting Epoch: 1727
[2026-05-08 14:44:52,468][src.modRNN.training.training_loop][INFO] - train epoch 1727 loss 0.1822 accuracy 95.31%
[2026-05-08 14:44:52,470][src.modRNN.training.training_loop][INFO] - 	 Starting Epoch: 1728
[2026-05-08 14:44:53,192][src.modRNN.training.training_loop][INFO] - train epoch 1728 loss 0.1495 accuracy 98.44%
[2026-05-08 14:44:53,193][src.modRNN.training.training_loop][INFO] - 	 Starting Epoch: 1729
[2026-05-08 14:44:53,913][src.modRNN.training.training_loop][INFO] - train epoch 1729 loss 0.1494 accuracy 100.00%
[2026-05-08 14:44:53,915][src.modRNN.training.training_loop][INFO] - 	 Starting Epoch: 1730
[2026-05-08 14:44:54,636][src.modRNN.training.training_loop][INFO] - train epoch 1730 loss 0.1589 accuracy 95.31%
[2026-05-08 14:44:54,638][src.modRNN.training.training_loop][INFO] - 	 Starting Epoch: 1731
[2026-05-08 14:44:55,358][src.modRNN.training.training_loop][INFO] - train epoch 1731 loss 0.1495 accuracy 95.31%
[2026-05-08 14:44:55,359][src.modRNN.training.training_loop][INFO] - 	 Starting Epoch: 1732
[2026-05-08 14:44:56,081][src.modRNN.training.training_loop][INFO] - train epoch 1732 loss 0.1162 accuracy 100.00%
[2026-05-08 14:44:56,083][src.modRNN.training.training_loop][INFO] - 	 Starting Epoch: 1733
[2026-05-08 14:44:56,802][src.modRNN.training.training_loop][INFO] - train epoch 1733 loss 0.2250 accuracy 93.75%
[2026-05-08 14:44:56,804][src.modRNN.training.training_loop][INFO] - 	 Starting Epoch: 1734
[2026-05-08 14:44:57,523][src.modRNN.training.training_loop][INFO] - train epoch 1734 loss 0.2080 accuracy 95.31%
[2026-05-08 14:44:57,524][src.modRNN.training.training_loop][INFO] - 	 Starting Epoch: 1735
[2026-05-08 14:44:58,244][src.modRNN.training.training_loop][INFO] - train epoch 1735 loss 0.1419 accuracy 98.44%
[2026-05-08 14:44:58,245][src.modRNN.training.training_loop][INFO] - 	 Starting Epoch: 1736
[2026-05-08 14:44:58,970][src.modRNN.training.training_loop][INFO] - train epoch 1736 loss 0.1212 accuracy 96.88%
[2026-05-08 14:44:58,972][src.modRNN.training.training_loop][INFO] - 	 Starting Epoch: 1737
[2026-05-08 14:44:59,695][src.modRNN.training.training_loop][INFO] - train epoch 1737 loss 0.1587 accuracy 98.44%
[2026-05-08 14:44:59,697][src.modRNN.training.training_loop][INFO] - 	 Starting Epoch: 1738
[2026-05-08 14:45:00,417][src.modRNN.training.training_loop][INFO] - train epoch 1738 loss 0.2456 accuracy 92.19%
[2026-05-08 14:45:00,419][src.modRNN.training.training_loop][INFO] - 	 Starting Epoch: 1739
[2026-05-08 14:45:01,138][src.modRNN.training.training_loop][INFO] - train epoch 1739 loss 0.1264 accuracy 100.00%
[2026-05-08 14:45:01,140][src.modRNN.training.training_loop][INFO] - 	 Starting Epoch: 1740
[2026-05-08 14:45:01,860][src.modRNN.training.training_loop][INFO] - train epoch 1740 loss 0.1840 accuracy 95.31%
[2026-05-08 14:45:01,862][src.modRNN.training.training_loop][INFO] - 	 Starting Epoch: 1741
[2026-05-08 14:45:02,590][src.modRNN.training.training_loop][INFO] - train epoch 1741 loss 0.2285 accuracy 93.75%
[2026-05-08 14:45:02,591][src.modRNN.training.training_loop][INFO] - 	 Starting Epoch: 1742
[2026-05-08 14:45:03,312][src.modRNN.training.training_loop][INFO] - train epoch 1742 loss 0.2405 accuracy 93.75%
[2026-05-08 14:45:03,314][src.modRNN.training.training_loop][INFO] - 	 Starting Epoch: 1743
[2026-05-08 14:45:04,035][src.modRNN.training.training_loop][INFO] - train epoch 1743 loss 0.1588 accuracy 98.44%
[2026-05-08 14:45:04,036][src.modRNN.training.training_loop][INFO] - 	 Starting Epoch: 1744
[2026-05-08 14:45:04,757][src.modRNN.training.training_loop][INFO] - train epoch 1744 loss 0.1427 accuracy 96.88%
[2026-05-08 14:45:04,758][src.modRNN.training.training_loop][INFO] - 	 Starting Epoch: 1745
[2026-05-08 14:45:05,479][src.modRNN.training.training_loop][INFO] - train epoch 1745 loss 0.1497 accuracy 98.44%
[2026-05-08 14:45:05,481][src.modRNN.training.training_loop][INFO] - 	 Starting Epoch: 1746
[2026-05-08 14:45:06,203][src.modRNN.training.training_loop][INFO] - train epoch 1746 loss 0.1393 accuracy 96.88%
[2026-05-08 14:45:06,205][src.modRNN.training.training_loop][INFO] - 	 Starting Epoch: 1747
[2026-05-08 14:45:06,925][src.modRNN.training.training_loop][INFO] - train epoch 1747 loss 0.2094 accuracy 90.62%
[2026-05-08 14:45:06,927][src.modRNN.training.training_loop][INFO] - 	 Starting Epoch: 1748
[2026-05-08 14:45:07,647][src.modRNN.training.training_loop][INFO] - train epoch 1748 loss 0.1661 accuracy 96.88%
[2026-05-08 14:45:07,649][src.modRNN.training.training_loop][INFO] - 	 Starting Epoch: 1749
[2026-05-08 14:45:08,371][src.modRNN.training.training_loop][INFO] - train epoch 1749 loss 0.1536 accuracy 98.44%
[2026-05-08 14:45:08,372][src.modRNN.training.training_loop][INFO] - 	 Starting Epoch: 1750
[2026-05-08 14:45:09,092][src.modRNN.training.training_loop][INFO] - train epoch 1750 loss 0.1200 accuracy 98.44%
[2026-05-08 14:45:09,094][src.modRNN.training.training_loop][INFO] - 	 Starting Epoch: 1751
[2026-05-08 14:45:09,814][src.modRNN.training.training_loop][INFO] - train epoch 1751 loss 0.1721 accuracy 98.44%
[2026-05-08 14:45:10,937][src.modRNN.training.training_loop][INFO] - eval  epoch 1751 loss 0.1755 accuracy 96.09%
[2026-05-08 14:45:10,938][src.modRNN.training.training_loop][INFO] - 	 Starting Epoch: 1752
[2026-05-08 14:45:11,658][src.modRNN.training.training_loop][INFO] - train epoch 1752 loss 0.1408 accuracy 98.44%
[2026-05-08 14:45:11,660][src.modRNN.training.training_loop][INFO] - 	 Starting Epoch: 1753
[2026-05-08 14:45:12,380][src.modRNN.training.training_loop][INFO] - train epoch 1753 loss 0.1995 accuracy 96.88%
[2026-05-08 14:45:12,381][src.modRNN.training.training_loop][INFO] - 	 Starting Epoch: 1754
[2026-05-08 14:45:13,101][src.modRNN.training.training_loop][INFO] - train epoch 1754 loss 0.1607 accuracy 95.31%
[2026-05-08 14:45:13,103][src.modRNN.training.training_loop][INFO] - 	 Starting Epoch: 1755
[2026-05-08 14:45:13,821][src.modRNN.training.training_loop][INFO] - train epoch 1755 loss 0.1550 accuracy 96.88%
[2026-05-08 14:45:13,823][src.modRNN.training.training_loop][INFO] - 	 Starting Epoch: 1756
[2026-05-08 14:45:14,541][src.modRNN.training.training_loop][INFO] - train epoch 1756 loss 0.1622 accuracy 98.44%
[2026-05-08 14:45:14,543][src.modRNN.training.training_loop][INFO] - 	 Starting Epoch: 1757
[2026-05-08 14:45:15,263][src.modRNN.training.training_loop][INFO] - train epoch 1757 loss 0.1112 accuracy 98.44%
[2026-05-08 14:45:15,264][src.modRNN.training.training_loop][INFO] - 	 Starting Epoch: 1758
[2026-05-08 14:45:15,984][src.modRNN.training.training_loop][INFO] - train epoch 1758 loss 0.1190 accuracy 100.00%
[2026-05-08 14:45:15,985][src.modRNN.training.training_loop][INFO] - 	 Starting Epoch: 1759
[2026-05-08 14:45:16,705][src.modRNN.training.training_loop][INFO] - train epoch 1759 loss 0.1139 accuracy 96.88%
[2026-05-08 14:45:16,706][src.modRNN.training.training_loop][INFO] - 	 Starting Epoch: 1760
[2026-05-08 14:45:17,427][src.modRNN.training.training_loop][INFO] - train epoch 1760 loss 0.1788 accuracy 96.88%
[2026-05-08 14:45:17,429][src.modRNN.training.training_loop][INFO] - 	 Starting Epoch: 1761
[2026-05-08 14:45:18,147][src.modRNN.training.training_loop][INFO] - train epoch 1761 loss 0.1770 accuracy 98.44%
[2026-05-08 14:45:18,149][src.modRNN.training.training_loop][INFO] - 	 Starting Epoch: 1762
[2026-05-08 14:45:18,869][src.modRNN.training.training_loop][INFO] - train epoch 1762 loss 0.1546 accuracy 96.88%
[2026-05-08 14:45:18,871][src.modRNN.training.training_loop][INFO] - 	 Starting Epoch: 1763
[2026-05-08 14:45:19,594][src.modRNN.training.training_loop][INFO] - train epoch 1763 loss 0.1542 accuracy 96.88%
[2026-05-08 14:45:19,595][src.modRNN.training.training_loop][INFO] - 	 Starting Epoch: 1764
[2026-05-08 14:45:20,316][src.modRNN.training.training_loop][INFO] - train epoch 1764 loss 0.2309 accuracy 93.75%
[2026-05-08 14:45:20,318][src.modRNN.training.training_loop][INFO] - 	 Starting Epoch: 1765
[2026-05-08 14:45:21,041][src.modRNN.training.training_loop][INFO] - train epoch 1765 loss 0.1485 accuracy 96.88%
[2026-05-08 14:45:21,043][src.modRNN.training.training_loop][INFO] - 	 Starting Epoch: 1766
[2026-05-08 14:45:21,764][src.modRNN.training.training_loop][INFO] - train epoch 1766 loss 0.1398 accuracy 98.44%
[2026-05-08 14:45:21,766][src.modRNN.training.training_loop][INFO] - 	 Starting Epoch: 1767
[2026-05-08 14:45:22,485][src.modRNN.training.training_loop][INFO] - train epoch 1767 loss 0.1944 accuracy 95.31%
[2026-05-08 14:45:22,487][src.modRNN.training.training_loop][INFO] - 	 Starting Epoch: 1768
[2026-05-08 14:45:23,206][src.modRNN.training.training_loop][INFO] - train epoch 1768 loss 0.1611 accuracy 96.88%
[2026-05-08 14:45:23,207][src.modRNN.training.training_loop][INFO] - 	 Starting Epoch: 1769
[2026-05-08 14:45:23,926][src.modRNN.training.training_loop][INFO] - train epoch 1769 loss 0.2246 accuracy 90.62%
[2026-05-08 14:45:23,927][src.modRNN.training.training_loop][INFO] - 	 Starting Epoch: 1770
[2026-05-08 14:45:24,647][src.modRNN.training.training_loop][INFO] - train epoch 1770 loss 0.1451 accuracy 96.88%
[2026-05-08 14:45:24,649][src.modRNN.training.training_loop][INFO] - 	 Starting Epoch: 1771
[2026-05-08 14:45:25,369][src.modRNN.training.training_loop][INFO] - train epoch 1771 loss 0.2132 accuracy 93.75%
[2026-05-08 14:45:25,370][src.modRNN.training.training_loop][INFO] - 	 Starting Epoch: 1772
[2026-05-08 14:45:26,090][src.modRNN.training.training_loop][INFO] - train epoch 1772 loss 0.1212 accuracy 98.44%
[2026-05-08 14:45:26,092][src.modRNN.training.training_loop][INFO] - 	 Starting Epoch: 1773
[2026-05-08 14:45:26,810][src.modRNN.training.training_loop][INFO] - train epoch 1773 loss 0.1521 accuracy 98.44%
[2026-05-08 14:45:26,812][src.modRNN.training.training_loop][INFO] - 	 Starting Epoch: 1774
[2026-05-08 14:45:27,555][src.modRNN.training.training_loop][INFO] - train epoch 1774 loss 0.1693 accuracy 98.44%
[2026-05-08 14:45:27,561][src.modRNN.training.training_loop][INFO] - 	 Starting Epoch: 1775
[2026-05-08 14:45:28,311][src.modRNN.training.training_loop][INFO] - train epoch 1775 loss 0.1073 accuracy 98.44%
[2026-05-08 14:45:28,313][src.modRNN.training.training_loop][INFO] - 	 Starting Epoch: 1776
[2026-05-08 14:45:29,038][src.modRNN.training.training_loop][INFO] - train epoch 1776 loss 0.1391 accuracy 100.00%
[2026-05-08 14:45:30,162][src.modRNN.training.training_loop][INFO] - eval  epoch 1776 loss 0.1914 accuracy 95.31%
[2026-05-08 14:45:30,163][src.modRNN.training.training_loop][INFO] - 	 Starting Epoch: 1777
[2026-05-08 14:45:30,884][src.modRNN.training.training_loop][INFO] - train epoch 1777 loss 0.1525 accuracy 98.44%
[2026-05-08 14:45:30,886][src.modRNN.training.training_loop][INFO] - 	 Starting Epoch: 1778
[2026-05-08 14:45:31,606][src.modRNN.training.training_loop][INFO] - train epoch 1778 loss 0.2151 accuracy 96.88%
[2026-05-08 14:45:31,608][src.modRNN.training.training_loop][INFO] - 	 Starting Epoch: 1779
[2026-05-08 14:45:32,327][src.modRNN.training.training_loop][INFO] - train epoch 1779 loss 0.2396 accuracy 92.19%
[2026-05-08 14:45:32,329][src.modRNN.training.training_loop][INFO] - 	 Starting Epoch: 1780
[2026-05-08 14:45:33,047][src.modRNN.training.training_loop][INFO] - train epoch 1780 loss 0.3304 accuracy 90.62%
[2026-05-08 14:45:33,048][src.modRNN.training.training_loop][INFO] - 	 Starting Epoch: 1781
[2026-05-08 14:45:33,767][src.modRNN.training.training_loop][INFO] - train epoch 1781 loss 0.1676 accuracy 98.44%
[2026-05-08 14:45:33,769][src.modRNN.training.training_loop][INFO] - 	 Starting Epoch: 1782
[2026-05-08 14:45:34,488][src.modRNN.training.training_loop][INFO] - train epoch 1782 loss 0.1065 accuracy 100.00%
[2026-05-08 14:45:34,490][src.modRNN.training.training_loop][INFO] - 	 Starting Epoch: 1783
[2026-05-08 14:45:35,209][src.modRNN.training.training_loop][INFO] - train epoch 1783 loss 0.1396 accuracy 100.00%
[2026-05-08 14:45:35,211][src.modRNN.training.training_loop][INFO] - 	 Starting Epoch: 1784
[2026-05-08 14:45:35,931][src.modRNN.training.training_loop][INFO] - train epoch 1784 loss 0.1460 accuracy 96.88%
[2026-05-08 14:45:35,932][src.modRNN.training.training_loop][INFO] - 	 Starting Epoch: 1785
[2026-05-08 14:45:36,652][src.modRNN.training.training_loop][INFO] - train epoch 1785 loss 0.1395 accuracy 96.88%
[2026-05-08 14:45:36,654][src.modRNN.training.training_loop][INFO] - 	 Starting Epoch: 1786
[2026-05-08 14:45:37,375][src.modRNN.training.training_loop][INFO] - train epoch 1786 loss 0.1652 accuracy 96.88%
[2026-05-08 14:45:37,377][src.modRNN.training.training_loop][INFO] - 	 Starting Epoch: 1787
[2026-05-08 14:45:38,096][src.modRNN.training.training_loop][INFO] - train epoch 1787 loss 0.2159 accuracy 92.19%
[2026-05-08 14:45:38,098][src.modRNN.training.training_loop][INFO] - 	 Starting Epoch: 1788
[2026-05-08 14:45:38,819][src.modRNN.training.training_loop][INFO] - train epoch 1788 loss 0.1541 accuracy 96.88%
[2026-05-08 14:45:38,821][src.modRNN.training.training_loop][INFO] - 	 Starting Epoch: 1789
[2026-05-08 14:45:39,541][src.modRNN.training.training_loop][INFO] - train epoch 1789 loss 0.1797 accuracy 95.31%
[2026-05-08 14:45:39,543][src.modRNN.training.training_loop][INFO] - 	 Starting Epoch: 1790
[2026-05-08 14:45:40,265][src.modRNN.training.training_loop][INFO] - train epoch 1790 loss 0.2289 accuracy 93.75%
[2026-05-08 14:45:40,266][src.modRNN.training.training_loop][INFO] - 	 Starting Epoch: 1791
[2026-05-08 14:45:40,986][src.modRNN.training.training_loop][INFO] - train epoch 1791 loss 0.2675 accuracy 92.19%
[2026-05-08 14:45:40,987][src.modRNN.training.training_loop][INFO] - 	 Starting Epoch: 1792
[2026-05-08 14:45:41,707][src.modRNN.training.training_loop][INFO] - train epoch 1792 loss 0.1855 accuracy 95.31%
[2026-05-08 14:45:41,709][src.modRNN.training.training_loop][INFO] - 	 Starting Epoch: 1793
[2026-05-08 14:45:42,429][src.modRNN.training.training_loop][INFO] - train epoch 1793 loss 0.1785 accuracy 95.31%
[2026-05-08 14:45:42,431][src.modRNN.training.training_loop][INFO] - 	 Starting Epoch: 1794
[2026-05-08 14:45:43,150][src.modRNN.training.training_loop][INFO] - train epoch 1794 loss 0.2215 accuracy 96.88%
[2026-05-08 14:45:43,151][src.modRNN.training.training_loop][INFO] - 	 Starting Epoch: 1795
[2026-05-08 14:45:43,870][src.modRNN.training.training_loop][INFO] - train epoch 1795 loss 0.1609 accuracy 98.44%
[2026-05-08 14:45:43,872][src.modRNN.training.training_loop][INFO] - 	 Starting Epoch: 1796
[2026-05-08 14:45:44,590][src.modRNN.training.training_loop][INFO] - train epoch 1796 loss 0.1890 accuracy 95.31%
[2026-05-08 14:45:44,592][src.modRNN.training.training_loop][INFO] - 	 Starting Epoch: 1797
[2026-05-08 14:45:45,316][src.modRNN.training.training_loop][INFO] - train epoch 1797 loss 0.1574 accuracy 98.44%
[2026-05-08 14:45:45,318][src.modRNN.training.training_loop][INFO] - 	 Starting Epoch: 1798
[2026-05-08 14:45:46,036][src.modRNN.training.training_loop][INFO] - train epoch 1798 loss 0.1439 accuracy 100.00%
[2026-05-08 14:45:46,038][src.modRNN.training.training_loop][INFO] - 	 Starting Epoch: 1799
[2026-05-08 14:45:46,757][src.modRNN.training.training_loop][INFO] - train epoch 1799 loss 0.1006 accuracy 100.00%
[2026-05-08 14:45:46,758][src.modRNN.training.training_loop][INFO] - 	 Starting Epoch: 1800
[2026-05-08 14:45:47,478][src.modRNN.training.training_loop][INFO] - train epoch 1800 loss 0.1442 accuracy 98.44%
[2026-05-08 14:45:47,479][src.modRNN.training.training_loop][INFO] - 	 Starting Epoch: 1801
[2026-05-08 14:45:48,198][src.modRNN.training.training_loop][INFO] - train epoch 1801 loss 0.1810 accuracy 96.88%
[2026-05-08 14:45:49,321][src.modRNN.training.training_loop][INFO] - eval  epoch 1801 loss 0.1464 accuracy 98.44%
[2026-05-08 14:45:49,323][src.modRNN.training.training_loop][INFO] - 	 Starting Epoch: 1802
[2026-05-08 14:45:50,043][src.modRNN.training.training_loop][INFO] - train epoch 1802 loss 0.1705 accuracy 98.44%
[2026-05-08 14:45:50,045][src.modRNN.training.training_loop][INFO] - 	 Starting Epoch: 1803
[2026-05-08 14:45:50,766][src.modRNN.training.training_loop][INFO] - train epoch 1803 loss 0.1297 accuracy 100.00%
[2026-05-08 14:45:50,768][src.modRNN.training.training_loop][INFO] - 	 Starting Epoch: 1804
[2026-05-08 14:45:51,490][src.modRNN.training.training_loop][INFO] - train epoch 1804 loss 0.1172 accuracy 100.00%
[2026-05-08 14:45:51,491][src.modRNN.training.training_loop][INFO] - 	 Starting Epoch: 1805
[2026-05-08 14:45:52,212][src.modRNN.training.training_loop][INFO] - train epoch 1805 loss 0.1842 accuracy 96.88%
[2026-05-08 14:45:52,214][src.modRNN.training.training_loop][INFO] - 	 Starting Epoch: 1806
[2026-05-08 14:45:52,937][src.modRNN.training.training_loop][INFO] - train epoch 1806 loss 0.1163 accuracy 100.00%
[2026-05-08 14:45:52,939][src.modRNN.training.training_loop][INFO] - 	 Starting Epoch: 1807
[2026-05-08 14:45:53,659][src.modRNN.training.training_loop][INFO] - train epoch 1807 loss 0.1362 accuracy 100.00%
[2026-05-08 14:45:53,661][src.modRNN.training.training_loop][INFO] - 	 Starting Epoch: 1808
[2026-05-08 14:45:54,379][src.modRNN.training.training_loop][INFO] - train epoch 1808 loss 0.1434 accuracy 100.00%
[2026-05-08 14:45:54,381][src.modRNN.training.training_loop][INFO] - 	 Starting Epoch: 1809
[2026-05-08 14:45:55,101][src.modRNN.training.training_loop][INFO] - train epoch 1809 loss 0.1153 accuracy 100.00%
[2026-05-08 14:45:55,102][src.modRNN.training.training_loop][INFO] - 	 Starting Epoch: 1810
[2026-05-08 14:45:55,825][src.modRNN.training.training_loop][INFO] - train epoch 1810 loss 0.2256 accuracy 93.75%
[2026-05-08 14:45:55,826][src.modRNN.training.training_loop][INFO] - 	 Starting Epoch: 1811
[2026-05-08 14:45:56,545][src.modRNN.training.training_loop][INFO] - train epoch 1811 loss 0.1481 accuracy 98.44%
[2026-05-08 14:45:56,546][src.modRNN.training.training_loop][INFO] - 	 Starting Epoch: 1812
[2026-05-08 14:45:57,264][src.modRNN.training.training_loop][INFO] - train epoch 1812 loss 0.1334 accuracy 100.00%
[2026-05-08 14:45:57,265][src.modRNN.training.training_loop][INFO] - 	 Starting Epoch: 1813
[2026-05-08 14:45:57,984][src.modRNN.training.training_loop][INFO] - train epoch 1813 loss 0.1214 accuracy 100.00%
[2026-05-08 14:45:57,986][src.modRNN.training.training_loop][INFO] - 	 Starting Epoch: 1814
[2026-05-08 14:45:58,704][src.modRNN.training.training_loop][INFO] - train epoch 1814 loss 0.2156 accuracy 93.75%
[2026-05-08 14:45:58,706][src.modRNN.training.training_loop][INFO] - 	 Starting Epoch: 1815
[2026-05-08 14:45:59,424][src.modRNN.training.training_loop][INFO] - train epoch 1815 loss 0.2207 accuracy 95.31%
[2026-05-08 14:45:59,426][src.modRNN.training.training_loop][INFO] - 	 Starting Epoch: 1816
[2026-05-08 14:46:00,144][src.modRNN.training.training_loop][INFO] - train epoch 1816 loss 0.1947 accuracy 98.44%
[2026-05-08 14:46:00,145][src.modRNN.training.training_loop][INFO] - 	 Starting Epoch: 1817
[2026-05-08 14:46:00,863][src.modRNN.training.training_loop][INFO] - train epoch 1817 loss 0.2579 accuracy 93.75%
[2026-05-08 14:46:00,865][src.modRNN.training.training_loop][INFO] - 	 Starting Epoch: 1818
[2026-05-08 14:46:01,582][src.modRNN.training.training_loop][INFO] - train epoch 1818 loss 0.2217 accuracy 93.75%
[2026-05-08 14:46:01,584][src.modRNN.training.training_loop][INFO] - 	 Starting Epoch: 1819
[2026-05-08 14:46:02,307][src.modRNN.training.training_loop][INFO] - train epoch 1819 loss 0.2419 accuracy 93.75%
[2026-05-08 14:46:02,309][src.modRNN.training.training_loop][INFO] - 	 Starting Epoch: 1820
[2026-05-08 14:46:03,028][src.modRNN.training.training_loop][INFO] - train epoch 1820 loss 0.4298 accuracy 79.69%
[2026-05-08 14:46:03,030][src.modRNN.training.training_loop][INFO] - 	 Starting Epoch: 1821
[2026-05-08 14:46:03,749][src.modRNN.training.training_loop][INFO] - train epoch 1821 loss 0.1635 accuracy 96.88%
[2026-05-08 14:46:03,751][src.modRNN.training.training_loop][INFO] - 	 Starting Epoch: 1822
[2026-05-08 14:46:04,469][src.modRNN.training.training_loop][INFO] - train epoch 1822 loss 0.2291 accuracy 92.19%
[2026-05-08 14:46:04,471][src.modRNN.training.training_loop][INFO] - 	 Starting Epoch: 1823
[2026-05-08 14:46:05,193][src.modRNN.training.training_loop][INFO] - train epoch 1823 loss 0.1662 accuracy 96.88%
[2026-05-08 14:46:05,194][src.modRNN.training.training_loop][INFO] - 	 Starting Epoch: 1824
[2026-05-08 14:46:05,914][src.modRNN.training.training_loop][INFO] - train epoch 1824 loss 0.1719 accuracy 98.44%
[2026-05-08 14:46:05,916][src.modRNN.training.training_loop][INFO] - 	 Starting Epoch: 1825
[2026-05-08 14:46:06,635][src.modRNN.training.training_loop][INFO] - train epoch 1825 loss 0.2243 accuracy 93.75%
[2026-05-08 14:46:06,636][src.modRNN.training.training_loop][INFO] - 	 Starting Epoch: 1826
[2026-05-08 14:46:07,356][src.modRNN.training.training_loop][INFO] - train epoch 1826 loss 0.2252 accuracy 92.19%
[2026-05-08 14:46:08,477][src.modRNN.training.training_loop][INFO] - eval  epoch 1826 loss 0.1886 accuracy 95.51%
[2026-05-08 14:46:08,479][src.modRNN.training.training_loop][INFO] - 	 Starting Epoch: 1827
[2026-05-08 14:46:09,206][src.modRNN.training.training_loop][INFO] - train epoch 1827 loss 0.1223 accuracy 100.00%
[2026-05-08 14:46:09,208][src.modRNN.training.training_loop][INFO] - 	 Starting Epoch: 1828
[2026-05-08 14:46:09,929][src.modRNN.training.training_loop][INFO] - train epoch 1828 loss 0.1896 accuracy 95.31%
[2026-05-08 14:46:09,931][src.modRNN.training.training_loop][INFO] - 	 Starting Epoch: 1829
[2026-05-08 14:46:10,651][src.modRNN.training.training_loop][INFO] - train epoch 1829 loss 0.2062 accuracy 95.31%
[2026-05-08 14:46:10,653][src.modRNN.training.training_loop][INFO] - 	 Starting Epoch: 1830
[2026-05-08 14:46:11,375][src.modRNN.training.training_loop][INFO] - train epoch 1830 loss 0.1942 accuracy 98.44%
[2026-05-08 14:46:11,377][src.modRNN.training.training_loop][INFO] - 	 Starting Epoch: 1831
[2026-05-08 14:46:12,100][src.modRNN.training.training_loop][INFO] - train epoch 1831 loss 0.1393 accuracy 100.00%
[2026-05-08 14:46:12,101][src.modRNN.training.training_loop][INFO] - 	 Starting Epoch: 1832
[2026-05-08 14:46:12,824][src.modRNN.training.training_loop][INFO] - train epoch 1832 loss 0.1395 accuracy 100.00%
[2026-05-08 14:46:12,826][src.modRNN.training.training_loop][INFO] - 	 Starting Epoch: 1833
[2026-05-08 14:46:13,550][src.modRNN.training.training_loop][INFO] - train epoch 1833 loss 0.1208 accuracy 100.00%
[2026-05-08 14:46:13,551][src.modRNN.training.training_loop][INFO] - 	 Starting Epoch: 1834
[2026-05-08 14:46:14,273][src.modRNN.training.training_loop][INFO] - train epoch 1834 loss 0.1544 accuracy 98.44%
[2026-05-08 14:46:14,275][src.modRNN.training.training_loop][INFO] - 	 Starting Epoch: 1835
[2026-05-08 14:46:14,997][src.modRNN.training.training_loop][INFO] - train epoch 1835 loss 0.2329 accuracy 96.88%
[2026-05-08 14:46:14,999][src.modRNN.training.training_loop][INFO] - 	 Starting Epoch: 1836
[2026-05-08 14:46:15,721][src.modRNN.training.training_loop][INFO] - train epoch 1836 loss 0.2133 accuracy 96.88%
[2026-05-08 14:46:15,723][src.modRNN.training.training_loop][INFO] - 	 Starting Epoch: 1837
[2026-05-08 14:46:16,447][src.modRNN.training.training_loop][INFO] - train epoch 1837 loss 0.1036 accuracy 100.00%
[2026-05-08 14:46:16,449][src.modRNN.training.training_loop][INFO] - 	 Starting Epoch: 1838
[2026-05-08 14:46:17,169][src.modRNN.training.training_loop][INFO] - train epoch 1838 loss 0.1385 accuracy 100.00%
[2026-05-08 14:46:17,171][src.modRNN.training.training_loop][INFO] - 	 Starting Epoch: 1839
[2026-05-08 14:46:17,893][src.modRNN.training.training_loop][INFO] - train epoch 1839 loss 0.1941 accuracy 95.31%
[2026-05-08 14:46:17,895][src.modRNN.training.training_loop][INFO] - 	 Starting Epoch: 1840
[2026-05-08 14:46:18,617][src.modRNN.training.training_loop][INFO] - train epoch 1840 loss 0.1395 accuracy 98.44%
[2026-05-08 14:46:18,619][src.modRNN.training.training_loop][INFO] - 	 Starting Epoch: 1841
[2026-05-08 14:46:19,340][src.modRNN.training.training_loop][INFO] - train epoch 1841 loss 0.2577 accuracy 92.19%
[2026-05-08 14:46:19,341][src.modRNN.training.training_loop][INFO] - 	 Starting Epoch: 1842
[2026-05-08 14:46:20,063][src.modRNN.training.training_loop][INFO] - train epoch 1842 loss 0.1203 accuracy 100.00%
[2026-05-08 14:46:20,065][src.modRNN.training.training_loop][INFO] - 	 Starting Epoch: 1843
[2026-05-08 14:46:20,788][src.modRNN.training.training_loop][INFO] - train epoch 1843 loss 0.1447 accuracy 96.88%
[2026-05-08 14:46:20,789][src.modRNN.training.training_loop][INFO] - 	 Starting Epoch: 1844
[2026-05-08 14:46:21,509][src.modRNN.training.training_loop][INFO] - train epoch 1844 loss 0.1177 accuracy 100.00%
[2026-05-08 14:46:21,511][src.modRNN.training.training_loop][INFO] - 	 Starting Epoch: 1845
[2026-05-08 14:46:22,230][src.modRNN.training.training_loop][INFO] - train epoch 1845 loss 0.1611 accuracy 98.44%
[2026-05-08 14:46:22,232][src.modRNN.training.training_loop][INFO] - 	 Starting Epoch: 1846
[2026-05-08 14:46:22,953][src.modRNN.training.training_loop][INFO] - train epoch 1846 loss 0.1394 accuracy 98.44%
[2026-05-08 14:46:22,955][src.modRNN.training.training_loop][INFO] - 	 Starting Epoch: 1847
[2026-05-08 14:46:23,677][src.modRNN.training.training_loop][INFO] - train epoch 1847 loss 0.1917 accuracy 98.44%
[2026-05-08 14:46:23,679][src.modRNN.training.training_loop][INFO] - 	 Starting Epoch: 1848
[2026-05-08 14:46:24,399][src.modRNN.training.training_loop][INFO] - train epoch 1848 loss 0.1454 accuracy 98.44%
[2026-05-08 14:46:24,401][src.modRNN.training.training_loop][INFO] - 	 Starting Epoch: 1849
[2026-05-08 14:46:25,121][src.modRNN.training.training_loop][INFO] - train epoch 1849 loss 0.1647 accuracy 98.44%
[2026-05-08 14:46:25,123][src.modRNN.training.training_loop][INFO] - 	 Starting Epoch: 1850
[2026-05-08 14:46:25,846][src.modRNN.training.training_loop][INFO] - train epoch 1850 loss 0.1068 accuracy 98.44%
[2026-05-08 14:46:25,847][src.modRNN.training.training_loop][INFO] - 	 Starting Epoch: 1851
[2026-05-08 14:46:26,567][src.modRNN.training.training_loop][INFO] - train epoch 1851 loss 0.1702 accuracy 98.44%
[2026-05-08 14:46:27,709][src.modRNN.training.training_loop][INFO] - eval  epoch 1851 loss 0.1722 accuracy 96.48%
[2026-05-08 14:46:27,712][src.modRNN.training.training_loop][INFO] - 	 Starting Epoch: 1852
[2026-05-08 14:46:28,448][src.modRNN.training.training_loop][INFO] - train epoch 1852 loss 0.1876 accuracy 95.31%
[2026-05-08 14:46:28,450][src.modRNN.training.training_loop][INFO] - 	 Starting Epoch: 1853
[2026-05-08 14:46:29,169][src.modRNN.training.training_loop][INFO] - train epoch 1853 loss 0.1393 accuracy 98.44%
[2026-05-08 14:46:29,171][src.modRNN.training.training_loop][INFO] - 	 Starting Epoch: 1854
[2026-05-08 14:46:29,890][src.modRNN.training.training_loop][INFO] - train epoch 1854 loss 0.1816 accuracy 95.31%
[2026-05-08 14:46:29,892][src.modRNN.training.training_loop][INFO] - 	 Starting Epoch: 1855
[2026-05-08 14:46:30,612][src.modRNN.training.training_loop][INFO] - train epoch 1855 loss 0.1757 accuracy 95.31%
[2026-05-08 14:46:30,614][src.modRNN.training.training_loop][INFO] - 	 Starting Epoch: 1856
[2026-05-08 14:46:31,337][src.modRNN.training.training_loop][INFO] - train epoch 1856 loss 0.2381 accuracy 93.75%
[2026-05-08 14:46:31,339][src.modRNN.training.training_loop][INFO] - 	 Starting Epoch: 1857
[2026-05-08 14:46:32,057][src.modRNN.training.training_loop][INFO] - train epoch 1857 loss 0.1609 accuracy 95.31%
[2026-05-08 14:46:32,058][src.modRNN.training.training_loop][INFO] - 	 Starting Epoch: 1858
[2026-05-08 14:46:32,778][src.modRNN.training.training_loop][INFO] - train epoch 1858 loss 0.1394 accuracy 96.88%
[2026-05-08 14:46:32,779][src.modRNN.training.training_loop][INFO] - 	 Starting Epoch: 1859
[2026-05-08 14:46:33,497][src.modRNN.training.training_loop][INFO] - train epoch 1859 loss 0.1521 accuracy 98.44%
[2026-05-08 14:46:33,498][src.modRNN.training.training_loop][INFO] - 	 Starting Epoch: 1860
[2026-05-08 14:46:34,217][src.modRNN.training.training_loop][INFO] - train epoch 1860 loss 0.1338 accuracy 96.88%
[2026-05-08 14:46:34,219][src.modRNN.training.training_loop][INFO] - 	 Starting Epoch: 1861
[2026-05-08 14:46:34,937][src.modRNN.training.training_loop][INFO] - train epoch 1861 loss 0.3051 accuracy 90.62%
[2026-05-08 14:46:34,938][src.modRNN.training.training_loop][INFO] - 	 Starting Epoch: 1862
[2026-05-08 14:46:35,657][src.modRNN.training.training_loop][INFO] - train epoch 1862 loss 0.1736 accuracy 93.75%
[2026-05-08 14:46:35,658][src.modRNN.training.training_loop][INFO] - 	 Starting Epoch: 1863
[2026-05-08 14:46:36,377][src.modRNN.training.training_loop][INFO] - train epoch 1863 loss 0.2225 accuracy 95.31%
[2026-05-08 14:46:36,379][src.modRNN.training.training_loop][INFO] - 	 Starting Epoch: 1864
[2026-05-08 14:46:37,100][src.modRNN.training.training_loop][INFO] - train epoch 1864 loss 0.1802 accuracy 98.44%
[2026-05-08 14:46:37,102][src.modRNN.training.training_loop][INFO] - 	 Starting Epoch: 1865
[2026-05-08 14:46:37,819][src.modRNN.training.training_loop][INFO] - train epoch 1865 loss 0.2341 accuracy 93.75%
[2026-05-08 14:46:37,820][src.modRNN.training.training_loop][INFO] - 	 Starting Epoch: 1866
[2026-05-08 14:46:38,537][src.modRNN.training.training_loop][INFO] - train epoch 1866 loss 0.2930 accuracy 90.62%
[2026-05-08 14:46:38,539][src.modRNN.training.training_loop][INFO] - 	 Starting Epoch: 1867
[2026-05-08 14:46:39,259][src.modRNN.training.training_loop][INFO] - train epoch 1867 loss 0.3320 accuracy 92.19%
[2026-05-08 14:46:39,260][src.modRNN.training.training_loop][INFO] - 	 Starting Epoch: 1868
[2026-05-08 14:46:39,978][src.modRNN.training.training_loop][INFO] - train epoch 1868 loss 0.1527 accuracy 96.88%
[2026-05-08 14:46:39,979][src.modRNN.training.training_loop][INFO] - 	 Starting Epoch: 1869
[2026-05-08 14:46:40,698][src.modRNN.training.training_loop][INFO] - train epoch 1869 loss 0.1503 accuracy 95.31%
[2026-05-08 14:46:40,699][src.modRNN.training.training_loop][INFO] - 	 Starting Epoch: 1870
[2026-05-08 14:46:41,418][src.modRNN.training.training_loop][INFO] - train epoch 1870 loss 0.1500 accuracy 98.44%
[2026-05-08 14:46:41,419][src.modRNN.training.training_loop][INFO] - 	 Starting Epoch: 1871
[2026-05-08 14:46:42,137][src.modRNN.training.training_loop][INFO] - train epoch 1871 loss 0.1598 accuracy 96.88%
[2026-05-08 14:46:42,139][src.modRNN.training.training_loop][INFO] - 	 Starting Epoch: 1872
[2026-05-08 14:46:42,857][src.modRNN.training.training_loop][INFO] - train epoch 1872 loss 0.1406 accuracy 98.44%
[2026-05-08 14:46:42,859][src.modRNN.training.training_loop][INFO] - 	 Starting Epoch: 1873
[2026-05-08 14:46:43,577][src.modRNN.training.training_loop][INFO] - train epoch 1873 loss 0.1414 accuracy 98.44%
[2026-05-08 14:46:43,578][src.modRNN.training.training_loop][INFO] - 	 Starting Epoch: 1874
[2026-05-08 14:46:44,296][src.modRNN.training.training_loop][INFO] - train epoch 1874 loss 0.1452 accuracy 98.44%
[2026-05-08 14:46:44,298][src.modRNN.training.training_loop][INFO] - 	 Starting Epoch: 1875
[2026-05-08 14:46:45,016][src.modRNN.training.training_loop][INFO] - train epoch 1875 loss 0.1221 accuracy 100.00%
[2026-05-08 14:46:45,018][src.modRNN.training.training_loop][INFO] - 	 Starting Epoch: 1876
[2026-05-08 14:46:45,736][src.modRNN.training.training_loop][INFO] - train epoch 1876 loss 0.1255 accuracy 98.44%
[2026-05-08 14:46:46,860][src.modRNN.training.training_loop][INFO] - eval  epoch 1876 loss 0.1570 accuracy 98.24%
[2026-05-08 14:46:46,862][src.modRNN.training.training_loop][INFO] - 	 Starting Epoch: 1877
[2026-05-08 14:46:47,581][src.modRNN.training.training_loop][INFO] - train epoch 1877 loss 0.1662 accuracy 95.31%
[2026-05-08 14:46:47,582][src.modRNN.training.training_loop][INFO] - 	 Starting Epoch: 1878
[2026-05-08 14:46:48,301][src.modRNN.training.training_loop][INFO] - train epoch 1878 loss 0.1114 accuracy 100.00%
[2026-05-08 14:46:48,302][src.modRNN.training.training_loop][INFO] - 	 Starting Epoch: 1879
[2026-05-08 14:46:49,021][src.modRNN.training.training_loop][INFO] - train epoch 1879 loss 0.1706 accuracy 96.88%
[2026-05-08 14:46:49,023][src.modRNN.training.training_loop][INFO] - 	 Starting Epoch: 1880
[2026-05-08 14:46:49,742][src.modRNN.training.training_loop][INFO] - train epoch 1880 loss 0.1531 accuracy 98.44%
[2026-05-08 14:46:49,744][src.modRNN.training.training_loop][INFO] - 	 Starting Epoch: 1881
[2026-05-08 14:46:50,464][src.modRNN.training.training_loop][INFO] - train epoch 1881 loss 0.1392 accuracy 98.44%
[2026-05-08 14:46:50,465][src.modRNN.training.training_loop][INFO] - 	 Starting Epoch: 1882
[2026-05-08 14:46:51,185][src.modRNN.training.training_loop][INFO] - train epoch 1882 loss 0.1674 accuracy 96.88%
[2026-05-08 14:46:51,186][src.modRNN.training.training_loop][INFO] - 	 Starting Epoch: 1883
[2026-05-08 14:46:51,906][src.modRNN.training.training_loop][INFO] - train epoch 1883 loss 0.1499 accuracy 98.44%
[2026-05-08 14:46:51,907][src.modRNN.training.training_loop][INFO] - 	 Starting Epoch: 1884
[2026-05-08 14:46:52,627][src.modRNN.training.training_loop][INFO] - train epoch 1884 loss 0.1516 accuracy 98.44%
[2026-05-08 14:46:52,629][src.modRNN.training.training_loop][INFO] - 	 Starting Epoch: 1885
[2026-05-08 14:46:53,348][src.modRNN.training.training_loop][INFO] - train epoch 1885 loss 0.1205 accuracy 98.44%
[2026-05-08 14:46:53,350][src.modRNN.training.training_loop][INFO] - 	 Starting Epoch: 1886
[2026-05-08 14:46:54,070][src.modRNN.training.training_loop][INFO] - train epoch 1886 loss 0.1347 accuracy 96.88%
[2026-05-08 14:46:54,072][src.modRNN.training.training_loop][INFO] - 	 Starting Epoch: 1887
[2026-05-08 14:46:54,793][src.modRNN.training.training_loop][INFO] - train epoch 1887 loss 0.0932 accuracy 100.00%
[2026-05-08 14:46:54,795][src.modRNN.training.training_loop][INFO] - 	 Starting Epoch: 1888
[2026-05-08 14:46:55,518][src.modRNN.training.training_loop][INFO] - train epoch 1888 loss 0.1456 accuracy 98.44%
[2026-05-08 14:46:55,520][src.modRNN.training.training_loop][INFO] - 	 Starting Epoch: 1889
[2026-05-08 14:46:56,243][src.modRNN.training.training_loop][INFO] - train epoch 1889 loss 0.1775 accuracy 96.88%
[2026-05-08 14:46:56,244][src.modRNN.training.training_loop][INFO] - 	 Starting Epoch: 1890
[2026-05-08 14:46:56,965][src.modRNN.training.training_loop][INFO] - train epoch 1890 loss 0.1172 accuracy 100.00%
[2026-05-08 14:46:56,967][src.modRNN.training.training_loop][INFO] - 	 Starting Epoch: 1891
[2026-05-08 14:46:57,687][src.modRNN.training.training_loop][INFO] - train epoch 1891 loss 0.1442 accuracy 96.88%
[2026-05-08 14:46:57,689][src.modRNN.training.training_loop][INFO] - 	 Starting Epoch: 1892
[2026-05-08 14:46:58,412][src.modRNN.training.training_loop][INFO] - train epoch 1892 loss 0.2542 accuracy 93.75%
[2026-05-08 14:46:58,414][src.modRNN.training.training_loop][INFO] - 	 Starting Epoch: 1893
[2026-05-08 14:46:59,136][src.modRNN.training.training_loop][INFO] - train epoch 1893 loss 0.1287 accuracy 98.44%
[2026-05-08 14:46:59,137][src.modRNN.training.training_loop][INFO] - 	 Starting Epoch: 1894
[2026-05-08 14:46:59,859][src.modRNN.training.training_loop][INFO] - train epoch 1894 loss 0.1790 accuracy 95.31%
[2026-05-08 14:46:59,861][src.modRNN.training.training_loop][INFO] - 	 Starting Epoch: 1895
[2026-05-08 14:47:00,582][src.modRNN.training.training_loop][INFO] - train epoch 1895 loss 0.1522 accuracy 98.44%
[2026-05-08 14:47:00,583][src.modRNN.training.training_loop][INFO] - 	 Starting Epoch: 1896
[2026-05-08 14:47:01,307][src.modRNN.training.training_loop][INFO] - train epoch 1896 loss 0.1742 accuracy 95.31%
[2026-05-08 14:47:01,308][src.modRNN.training.training_loop][INFO] - 	 Starting Epoch: 1897
[2026-05-08 14:47:02,032][src.modRNN.training.training_loop][INFO] - train epoch 1897 loss 0.1967 accuracy 96.88%
[2026-05-08 14:47:02,034][src.modRNN.training.training_loop][INFO] - 	 Starting Epoch: 1898
[2026-05-08 14:47:02,758][src.modRNN.training.training_loop][INFO] - train epoch 1898 loss 0.1750 accuracy 95.31%
[2026-05-08 14:47:02,760][src.modRNN.training.training_loop][INFO] - 	 Starting Epoch: 1899
[2026-05-08 14:47:03,485][src.modRNN.training.training_loop][INFO] - train epoch 1899 loss 0.2062 accuracy 95.31%
[2026-05-08 14:47:03,486][src.modRNN.training.training_loop][INFO] - 	 Starting Epoch: 1900
[2026-05-08 14:47:04,210][src.modRNN.training.training_loop][INFO] - train epoch 1900 loss 0.1675 accuracy 95.31%
[2026-05-08 14:47:04,212][src.modRNN.training.training_loop][INFO] - 	 Starting Epoch: 1901
[2026-05-08 14:47:04,937][src.modRNN.training.training_loop][INFO] - train epoch 1901 loss 0.1632 accuracy 96.88%
[2026-05-08 14:47:06,061][src.modRNN.training.training_loop][INFO] - eval  epoch 1901 loss 0.1900 accuracy 95.31%
[2026-05-08 14:47:06,062][src.modRNN.training.training_loop][INFO] - 	 Starting Epoch: 1902
[2026-05-08 14:47:06,782][src.modRNN.training.training_loop][INFO] - train epoch 1902 loss 0.2340 accuracy 92.19%
[2026-05-08 14:47:06,784][src.modRNN.training.training_loop][INFO] - 	 Starting Epoch: 1903
[2026-05-08 14:47:07,502][src.modRNN.training.training_loop][INFO] - train epoch 1903 loss 0.1635 accuracy 95.31%
[2026-05-08 14:47:07,503][src.modRNN.training.training_loop][INFO] - 	 Starting Epoch: 1904
[2026-05-08 14:47:08,223][src.modRNN.training.training_loop][INFO] - train epoch 1904 loss 0.2295 accuracy 95.31%
[2026-05-08 14:47:08,225][src.modRNN.training.training_loop][INFO] - 	 Starting Epoch: 1905
[2026-05-08 14:47:08,944][src.modRNN.training.training_loop][INFO] - train epoch 1905 loss 0.1481 accuracy 95.31%
[2026-05-08 14:47:08,946][src.modRNN.training.training_loop][INFO] - 	 Starting Epoch: 1906
[2026-05-08 14:47:09,665][src.modRNN.training.training_loop][INFO] - train epoch 1906 loss 0.1793 accuracy 95.31%
[2026-05-08 14:47:09,666][src.modRNN.training.training_loop][INFO] - 	 Starting Epoch: 1907
[2026-05-08 14:47:10,386][src.modRNN.training.training_loop][INFO] - train epoch 1907 loss 0.1361 accuracy 96.88%
[2026-05-08 14:47:10,387][src.modRNN.training.training_loop][INFO] - 	 Starting Epoch: 1908
[2026-05-08 14:47:11,107][src.modRNN.training.training_loop][INFO] - train epoch 1908 loss 0.1872 accuracy 92.19%
[2026-05-08 14:47:11,109][src.modRNN.training.training_loop][INFO] - 	 Starting Epoch: 1909
[2026-05-08 14:47:11,829][src.modRNN.training.training_loop][INFO] - train epoch 1909 loss 0.1480 accuracy 95.31%
[2026-05-08 14:47:11,830][src.modRNN.training.training_loop][INFO] - 	 Starting Epoch: 1910
[2026-05-08 14:47:12,550][src.modRNN.training.training_loop][INFO] - train epoch 1910 loss 0.1511 accuracy 98.44%
[2026-05-08 14:47:12,552][src.modRNN.training.training_loop][INFO] - 	 Starting Epoch: 1911
[2026-05-08 14:47:13,271][src.modRNN.training.training_loop][INFO] - train epoch 1911 loss 0.1727 accuracy 96.88%
[2026-05-08 14:47:13,273][src.modRNN.training.training_loop][INFO] - 	 Starting Epoch: 1912
[2026-05-08 14:47:13,992][src.modRNN.training.training_loop][INFO] - train epoch 1912 loss 0.1634 accuracy 95.31%
[2026-05-08 14:47:13,994][src.modRNN.training.training_loop][INFO] - 	 Starting Epoch: 1913
[2026-05-08 14:47:14,714][src.modRNN.training.training_loop][INFO] - train epoch 1913 loss 0.1280 accuracy 98.44%
[2026-05-08 14:47:14,716][src.modRNN.training.training_loop][INFO] - 	 Starting Epoch: 1914
[2026-05-08 14:47:15,435][src.modRNN.training.training_loop][INFO] - train epoch 1914 loss 0.1857 accuracy 96.88%
[2026-05-08 14:47:15,437][src.modRNN.training.training_loop][INFO] - 	 Starting Epoch: 1915
[2026-05-08 14:47:16,157][src.modRNN.training.training_loop][INFO] - train epoch 1915 loss 0.1426 accuracy 100.00%
[2026-05-08 14:47:16,159][src.modRNN.training.training_loop][INFO] - 	 Starting Epoch: 1916
[2026-05-08 14:47:16,878][src.modRNN.training.training_loop][INFO] - train epoch 1916 loss 0.1434 accuracy 96.88%
[2026-05-08 14:47:16,880][src.modRNN.training.training_loop][INFO] - 	 Starting Epoch: 1917
[2026-05-08 14:47:17,602][src.modRNN.training.training_loop][INFO] - train epoch 1917 loss 0.2112 accuracy 96.88%
[2026-05-08 14:47:17,604][src.modRNN.training.training_loop][INFO] - 	 Starting Epoch: 1918
[2026-05-08 14:47:18,325][src.modRNN.training.training_loop][INFO] - train epoch 1918 loss 0.1177 accuracy 100.00%
[2026-05-08 14:47:18,327][src.modRNN.training.training_loop][INFO] - 	 Starting Epoch: 1919
[2026-05-08 14:47:19,049][src.modRNN.training.training_loop][INFO] - train epoch 1919 loss 0.1590 accuracy 96.88%
[2026-05-08 14:47:19,051][src.modRNN.training.training_loop][INFO] - 	 Starting Epoch: 1920
[2026-05-08 14:47:19,772][src.modRNN.training.training_loop][INFO] - train epoch 1920 loss 0.1674 accuracy 98.44%
[2026-05-08 14:47:19,774][src.modRNN.training.training_loop][INFO] - 	 Starting Epoch: 1921
[2026-05-08 14:47:20,496][src.modRNN.training.training_loop][INFO] - train epoch 1921 loss 0.1431 accuracy 100.00%
[2026-05-08 14:47:20,497][src.modRNN.training.training_loop][INFO] - 	 Starting Epoch: 1922
[2026-05-08 14:47:21,219][src.modRNN.training.training_loop][INFO] - train epoch 1922 loss 0.1617 accuracy 96.88%
[2026-05-08 14:47:21,220][src.modRNN.training.training_loop][INFO] - 	 Starting Epoch: 1923
[2026-05-08 14:47:21,944][src.modRNN.training.training_loop][INFO] - train epoch 1923 loss 0.1672 accuracy 100.00%
[2026-05-08 14:47:21,945][src.modRNN.training.training_loop][INFO] - 	 Starting Epoch: 1924
[2026-05-08 14:47:22,667][src.modRNN.training.training_loop][INFO] - train epoch 1924 loss 0.1328 accuracy 98.44%
[2026-05-08 14:47:22,668][src.modRNN.training.training_loop][INFO] - 	 Starting Epoch: 1925
[2026-05-08 14:47:23,389][src.modRNN.training.training_loop][INFO] - train epoch 1925 loss 0.0899 accuracy 100.00%
[2026-05-08 14:47:23,391][src.modRNN.training.training_loop][INFO] - 	 Starting Epoch: 1926
[2026-05-08 14:47:24,112][src.modRNN.training.training_loop][INFO] - train epoch 1926 loss 0.1351 accuracy 98.44%
[2026-05-08 14:47:25,236][src.modRNN.training.training_loop][INFO] - eval  epoch 1926 loss 0.1469 accuracy 98.05%
[2026-05-08 14:47:25,237][src.modRNN.training.training_loop][INFO] - 	 Starting Epoch: 1927
[2026-05-08 14:47:25,957][src.modRNN.training.training_loop][INFO] - train epoch 1927 loss 0.1235 accuracy 96.88%
[2026-05-08 14:47:25,959][src.modRNN.training.training_loop][INFO] - 	 Starting Epoch: 1928
[2026-05-08 14:47:26,679][src.modRNN.training.training_loop][INFO] - train epoch 1928 loss 0.1534 accuracy 95.31%
[2026-05-08 14:47:26,681][src.modRNN.training.training_loop][INFO] - 	 Starting Epoch: 1929
[2026-05-08 14:47:27,414][src.modRNN.training.training_loop][INFO] - train epoch 1929 loss 0.1709 accuracy 96.88%
[2026-05-08 14:47:27,420][src.modRNN.training.training_loop][INFO] - 	 Starting Epoch: 1930
[2026-05-08 14:47:28,177][src.modRNN.training.training_loop][INFO] - train epoch 1930 loss 0.1586 accuracy 96.88%
[2026-05-08 14:47:28,179][src.modRNN.training.training_loop][INFO] - 	 Starting Epoch: 1931
[2026-05-08 14:47:28,899][src.modRNN.training.training_loop][INFO] - train epoch 1931 loss 0.1123 accuracy 100.00%
[2026-05-08 14:47:28,901][src.modRNN.training.training_loop][INFO] - 	 Starting Epoch: 1932
[2026-05-08 14:47:29,621][src.modRNN.training.training_loop][INFO] - train epoch 1932 loss 0.1696 accuracy 96.88%
[2026-05-08 14:47:29,623][src.modRNN.training.training_loop][INFO] - 	 Starting Epoch: 1933
[2026-05-08 14:47:30,344][src.modRNN.training.training_loop][INFO] - train epoch 1933 loss 0.1153 accuracy 98.44%
[2026-05-08 14:47:30,346][src.modRNN.training.training_loop][INFO] - 	 Starting Epoch: 1934
[2026-05-08 14:47:31,067][src.modRNN.training.training_loop][INFO] - train epoch 1934 loss 0.1052 accuracy 100.00%
[2026-05-08 14:47:31,069][src.modRNN.training.training_loop][INFO] - 	 Starting Epoch: 1935
[2026-05-08 14:47:31,790][src.modRNN.training.training_loop][INFO] - train epoch 1935 loss 0.1526 accuracy 98.44%
[2026-05-08 14:47:31,791][src.modRNN.training.training_loop][INFO] - 	 Starting Epoch: 1936
[2026-05-08 14:47:32,513][src.modRNN.training.training_loop][INFO] - train epoch 1936 loss 0.1678 accuracy 96.88%
[2026-05-08 14:47:32,515][src.modRNN.training.training_loop][INFO] - 	 Starting Epoch: 1937
[2026-05-08 14:47:33,238][src.modRNN.training.training_loop][INFO] - train epoch 1937 loss 0.2400 accuracy 95.31%
[2026-05-08 14:47:33,240][src.modRNN.training.training_loop][INFO] - 	 Starting Epoch: 1938
[2026-05-08 14:47:33,960][src.modRNN.training.training_loop][INFO] - train epoch 1938 loss 0.1286 accuracy 100.00%
[2026-05-08 14:47:33,961][src.modRNN.training.training_loop][INFO] - 	 Starting Epoch: 1939
[2026-05-08 14:47:34,681][src.modRNN.training.training_loop][INFO] - train epoch 1939 loss 0.1264 accuracy 98.44%
[2026-05-08 14:47:34,683][src.modRNN.training.training_loop][INFO] - 	 Starting Epoch: 1940
[2026-05-08 14:47:35,402][src.modRNN.training.training_loop][INFO] - train epoch 1940 loss 0.2614 accuracy 92.19%
[2026-05-08 14:47:35,404][src.modRNN.training.training_loop][INFO] - 	 Starting Epoch: 1941
[2026-05-08 14:47:36,123][src.modRNN.training.training_loop][INFO] - train epoch 1941 loss 0.1963 accuracy 95.31%
[2026-05-08 14:47:36,125][src.modRNN.training.training_loop][INFO] - 	 Starting Epoch: 1942
[2026-05-08 14:47:36,844][src.modRNN.training.training_loop][INFO] - train epoch 1942 loss 0.2045 accuracy 95.31%
[2026-05-08 14:47:36,845][src.modRNN.training.training_loop][INFO] - 	 Starting Epoch: 1943
[2026-05-08 14:47:37,565][src.modRNN.training.training_loop][INFO] - train epoch 1943 loss 0.1685 accuracy 95.31%
[2026-05-08 14:47:37,567][src.modRNN.training.training_loop][INFO] - 	 Starting Epoch: 1944
[2026-05-08 14:47:38,285][src.modRNN.training.training_loop][INFO] - train epoch 1944 loss 0.1633 accuracy 96.88%
[2026-05-08 14:47:38,287][src.modRNN.training.training_loop][INFO] - 	 Starting Epoch: 1945
[2026-05-08 14:47:39,005][src.modRNN.training.training_loop][INFO] - train epoch 1945 loss 0.1395 accuracy 96.88%
[2026-05-08 14:47:39,006][src.modRNN.training.training_loop][INFO] - 	 Starting Epoch: 1946
[2026-05-08 14:47:39,726][src.modRNN.training.training_loop][INFO] - train epoch 1946 loss 0.1819 accuracy 96.88%
[2026-05-08 14:47:39,727][src.modRNN.training.training_loop][INFO] - 	 Starting Epoch: 1947
[2026-05-08 14:47:40,446][src.modRNN.training.training_loop][INFO] - train epoch 1947 loss 0.1910 accuracy 95.31%
[2026-05-08 14:47:40,448][src.modRNN.training.training_loop][INFO] - 	 Starting Epoch: 1948
[2026-05-08 14:47:41,166][src.modRNN.training.training_loop][INFO] - train epoch 1948 loss 0.0831 accuracy 100.00%
[2026-05-08 14:47:41,168][src.modRNN.training.training_loop][INFO] - 	 Starting Epoch: 1949
[2026-05-08 14:47:41,887][src.modRNN.training.training_loop][INFO] - train epoch 1949 loss 0.2374 accuracy 92.19%
[2026-05-08 14:47:41,888][src.modRNN.training.training_loop][INFO] - 	 Starting Epoch: 1950
[2026-05-08 14:47:42,609][src.modRNN.training.training_loop][INFO] - train epoch 1950 loss 0.2170 accuracy 95.31%
[2026-05-08 14:47:42,610][src.modRNN.training.training_loop][INFO] - 	 Starting Epoch: 1951
[2026-05-08 14:47:43,328][src.modRNN.training.training_loop][INFO] - train epoch 1951 loss 0.1878 accuracy 98.44%
[2026-05-08 14:47:44,454][src.modRNN.training.training_loop][INFO] - eval  epoch 1951 loss 0.1840 accuracy 96.29%
[2026-05-08 14:47:44,455][src.modRNN.training.training_loop][INFO] - 	 Starting Epoch: 1952
[2026-05-08 14:47:45,174][src.modRNN.training.training_loop][INFO] - train epoch 1952 loss 0.1795 accuracy 98.44%
[2026-05-08 14:47:45,176][src.modRNN.training.training_loop][INFO] - 	 Starting Epoch: 1953
[2026-05-08 14:47:45,896][src.modRNN.training.training_loop][INFO] - train epoch 1953 loss 0.1048 accuracy 100.00%
[2026-05-08 14:47:45,897][src.modRNN.training.training_loop][INFO] - 	 Starting Epoch: 1954
[2026-05-08 14:47:46,615][src.modRNN.training.training_loop][INFO] - train epoch 1954 loss 0.1233 accuracy 98.44%
[2026-05-08 14:47:46,617][src.modRNN.training.training_loop][INFO] - 	 Starting Epoch: 1955
[2026-05-08 14:47:47,340][src.modRNN.training.training_loop][INFO] - train epoch 1955 loss 0.1651 accuracy 95.31%
[2026-05-08 14:47:47,341][src.modRNN.training.training_loop][INFO] - 	 Starting Epoch: 1956
[2026-05-08 14:47:48,063][src.modRNN.training.training_loop][INFO] - train epoch 1956 loss 0.1294 accuracy 100.00%
[2026-05-08 14:47:48,065][src.modRNN.training.training_loop][INFO] - 	 Starting Epoch: 1957
[2026-05-08 14:47:48,784][src.modRNN.training.training_loop][INFO] - train epoch 1957 loss 0.1334 accuracy 96.88%
[2026-05-08 14:47:48,786][src.modRNN.training.training_loop][INFO] - 	 Starting Epoch: 1958
[2026-05-08 14:47:49,508][src.modRNN.training.training_loop][INFO] - train epoch 1958 loss 0.1226 accuracy 100.00%
[2026-05-08 14:47:49,509][src.modRNN.training.training_loop][INFO] - 	 Starting Epoch: 1959
[2026-05-08 14:47:50,226][src.modRNN.training.training_loop][INFO] - train epoch 1959 loss 0.1290 accuracy 98.44%
[2026-05-08 14:47:50,227][src.modRNN.training.training_loop][INFO] - 	 Starting Epoch: 1960
[2026-05-08 14:47:50,945][src.modRNN.training.training_loop][INFO] - train epoch 1960 loss 0.1407 accuracy 98.44%
[2026-05-08 14:47:50,947][src.modRNN.training.training_loop][INFO] - 	 Starting Epoch: 1961
[2026-05-08 14:47:51,668][src.modRNN.training.training_loop][INFO] - train epoch 1961 loss 0.1462 accuracy 100.00%
[2026-05-08 14:47:51,669][src.modRNN.training.training_loop][INFO] - 	 Starting Epoch: 1962
[2026-05-08 14:47:52,387][src.modRNN.training.training_loop][INFO] - train epoch 1962 loss 0.1161 accuracy 100.00%
[2026-05-08 14:47:52,388][src.modRNN.training.training_loop][INFO] - 	 Starting Epoch: 1963
[2026-05-08 14:47:53,107][src.modRNN.training.training_loop][INFO] - train epoch 1963 loss 0.0973 accuracy 100.00%
[2026-05-08 14:47:53,108][src.modRNN.training.training_loop][INFO] - 	 Starting Epoch: 1964
[2026-05-08 14:47:53,825][src.modRNN.training.training_loop][INFO] - train epoch 1964 loss 0.1623 accuracy 96.88%
[2026-05-08 14:47:53,826][src.modRNN.training.training_loop][INFO] - 	 Starting Epoch: 1965
[2026-05-08 14:47:54,545][src.modRNN.training.training_loop][INFO] - train epoch 1965 loss 0.0997 accuracy 100.00%
[2026-05-08 14:47:54,547][src.modRNN.training.training_loop][INFO] - 	 Starting Epoch: 1966
[2026-05-08 14:47:55,264][src.modRNN.training.training_loop][INFO] - train epoch 1966 loss 0.0950 accuracy 100.00%
[2026-05-08 14:47:55,266][src.modRNN.training.training_loop][INFO] - 	 Starting Epoch: 1967
[2026-05-08 14:47:55,984][src.modRNN.training.training_loop][INFO] - train epoch 1967 loss 0.1247 accuracy 100.00%
[2026-05-08 14:47:55,986][src.modRNN.training.training_loop][INFO] - 	 Starting Epoch: 1968
[2026-05-08 14:47:56,702][src.modRNN.training.training_loop][INFO] - train epoch 1968 loss 0.2040 accuracy 95.31%
[2026-05-08 14:47:56,704][src.modRNN.training.training_loop][INFO] - 	 Starting Epoch: 1969
[2026-05-08 14:47:57,423][src.modRNN.training.training_loop][INFO] - train epoch 1969 loss 0.1853 accuracy 95.31%
[2026-05-08 14:47:57,424][src.modRNN.training.training_loop][INFO] - 	 Starting Epoch: 1970
[2026-05-08 14:47:58,143][src.modRNN.training.training_loop][INFO] - train epoch 1970 loss 0.1423 accuracy 98.44%
[2026-05-08 14:47:58,145][src.modRNN.training.training_loop][INFO] - 	 Starting Epoch: 1971
[2026-05-08 14:47:58,864][src.modRNN.training.training_loop][INFO] - train epoch 1971 loss 0.1596 accuracy 95.31%
[2026-05-08 14:47:58,865][src.modRNN.training.training_loop][INFO] - 	 Starting Epoch: 1972
[2026-05-08 14:47:59,583][src.modRNN.training.training_loop][INFO] - train epoch 1972 loss 0.1126 accuracy 100.00%
[2026-05-08 14:47:59,584][src.modRNN.training.training_loop][INFO] - 	 Starting Epoch: 1973
[2026-05-08 14:48:00,302][src.modRNN.training.training_loop][INFO] - train epoch 1973 loss 0.1890 accuracy 96.88%
[2026-05-08 14:48:00,303][src.modRNN.training.training_loop][INFO] - 	 Starting Epoch: 1974
[2026-05-08 14:48:01,020][src.modRNN.training.training_loop][INFO] - train epoch 1974 loss 0.1722 accuracy 93.75%
[2026-05-08 14:48:01,022][src.modRNN.training.training_loop][INFO] - 	 Starting Epoch: 1975
[2026-05-08 14:48:01,742][src.modRNN.training.training_loop][INFO] - train epoch 1975 loss 0.2638 accuracy 90.62%
[2026-05-08 14:48:01,744][src.modRNN.training.training_loop][INFO] - 	 Starting Epoch: 1976
[2026-05-08 14:48:02,464][src.modRNN.training.training_loop][INFO] - train epoch 1976 loss 0.2526 accuracy 92.19%
[2026-05-08 14:48:03,589][src.modRNN.training.training_loop][INFO] - eval  epoch 1976 loss 0.2418 accuracy 91.41%
[2026-05-08 14:48:03,590][src.modRNN.training.training_loop][INFO] - 	 Starting Epoch: 1977
[2026-05-08 14:48:04,310][src.modRNN.training.training_loop][INFO] - train epoch 1977 loss 0.2124 accuracy 93.75%
[2026-05-08 14:48:04,312][src.modRNN.training.training_loop][INFO] - 	 Starting Epoch: 1978
[2026-05-08 14:48:05,033][src.modRNN.training.training_loop][INFO] - train epoch 1978 loss 0.3170 accuracy 92.19%
[2026-05-08 14:48:05,035][src.modRNN.training.training_loop][INFO] - 	 Starting Epoch: 1979
[2026-05-08 14:48:05,756][src.modRNN.training.training_loop][INFO] - train epoch 1979 loss 0.1263 accuracy 96.88%
[2026-05-08 14:48:05,757][src.modRNN.training.training_loop][INFO] - 	 Starting Epoch: 1980
[2026-05-08 14:48:06,478][src.modRNN.training.training_loop][INFO] - train epoch 1980 loss 0.2017 accuracy 93.75%
[2026-05-08 14:48:06,479][src.modRNN.training.training_loop][INFO] - 	 Starting Epoch: 1981
[2026-05-08 14:48:07,201][src.modRNN.training.training_loop][INFO] - train epoch 1981 loss 0.1635 accuracy 98.44%
[2026-05-08 14:48:07,203][src.modRNN.training.training_loop][INFO] - 	 Starting Epoch: 1982
[2026-05-08 14:48:07,923][src.modRNN.training.training_loop][INFO] - train epoch 1982 loss 0.1307 accuracy 96.88%
[2026-05-08 14:48:07,924][src.modRNN.training.training_loop][INFO] - 	 Starting Epoch: 1983
[2026-05-08 14:48:08,645][src.modRNN.training.training_loop][INFO] - train epoch 1983 loss 0.1551 accuracy 96.88%
[2026-05-08 14:48:08,647][src.modRNN.training.training_loop][INFO] - 	 Starting Epoch: 1984
[2026-05-08 14:48:09,372][src.modRNN.training.training_loop][INFO] - train epoch 1984 loss 0.1350 accuracy 96.88%
[2026-05-08 14:48:09,374][src.modRNN.training.training_loop][INFO] - 	 Starting Epoch: 1985
[2026-05-08 14:48:10,094][src.modRNN.training.training_loop][INFO] - train epoch 1985 loss 0.1058 accuracy 98.44%
[2026-05-08 14:48:10,096][src.modRNN.training.training_loop][INFO] - 	 Starting Epoch: 1986
[2026-05-08 14:48:10,817][src.modRNN.training.training_loop][INFO] - train epoch 1986 loss 0.1076 accuracy 98.44%
[2026-05-08 14:48:10,818][src.modRNN.training.training_loop][INFO] - 	 Starting Epoch: 1987
[2026-05-08 14:48:11,538][src.modRNN.training.training_loop][INFO] - train epoch 1987 loss 0.1717 accuracy 96.88%
[2026-05-08 14:48:11,540][src.modRNN.training.training_loop][INFO] - 	 Starting Epoch: 1988
[2026-05-08 14:48:12,261][src.modRNN.training.training_loop][INFO] - train epoch 1988 loss 0.1483 accuracy 98.44%
[2026-05-08 14:48:12,263][src.modRNN.training.training_loop][INFO] - 	 Starting Epoch: 1989
[2026-05-08 14:48:12,983][src.modRNN.training.training_loop][INFO] - train epoch 1989 loss 0.1757 accuracy 96.88%
[2026-05-08 14:48:12,985][src.modRNN.training.training_loop][INFO] - 	 Starting Epoch: 1990
[2026-05-08 14:48:13,705][src.modRNN.training.training_loop][INFO] - train epoch 1990 loss 0.1433 accuracy 98.44%
[2026-05-08 14:48:13,707][src.modRNN.training.training_loop][INFO] - 	 Starting Epoch: 1991
[2026-05-08 14:48:14,428][src.modRNN.training.training_loop][INFO] - train epoch 1991 loss 0.1654 accuracy 95.31%
[2026-05-08 14:48:14,430][src.modRNN.training.training_loop][INFO] - 	 Starting Epoch: 1992
[2026-05-08 14:48:15,154][src.modRNN.training.training_loop][INFO] - train epoch 1992 loss 0.1461 accuracy 98.44%
[2026-05-08 14:48:15,155][src.modRNN.training.training_loop][INFO] - 	 Starting Epoch: 1993
[2026-05-08 14:48:15,877][src.modRNN.training.training_loop][INFO] - train epoch 1993 loss 0.1291 accuracy 96.88%
[2026-05-08 14:48:15,879][src.modRNN.training.training_loop][INFO] - 	 Starting Epoch: 1994
[2026-05-08 14:48:16,603][src.modRNN.training.training_loop][INFO] - train epoch 1994 loss 0.2991 accuracy 93.75%
[2026-05-08 14:48:16,604][src.modRNN.training.training_loop][INFO] - 	 Starting Epoch: 1995
[2026-05-08 14:48:17,327][src.modRNN.training.training_loop][INFO] - train epoch 1995 loss 0.1302 accuracy 98.44%
[2026-05-08 14:48:17,329][src.modRNN.training.training_loop][INFO] - 	 Starting Epoch: 1996
[2026-05-08 14:48:18,050][src.modRNN.training.training_loop][INFO] - train epoch 1996 loss 0.1228 accuracy 98.44%
[2026-05-08 14:48:18,052][src.modRNN.training.training_loop][INFO] - 	 Starting Epoch: 1997
[2026-05-08 14:48:18,773][src.modRNN.training.training_loop][INFO] - train epoch 1997 loss 0.1735 accuracy 96.88%
[2026-05-08 14:48:18,774][src.modRNN.training.training_loop][INFO] - 	 Starting Epoch: 1998
[2026-05-08 14:48:19,496][src.modRNN.training.training_loop][INFO] - train epoch 1998 loss 0.1766 accuracy 96.88%
[2026-05-08 14:48:19,498][src.modRNN.training.training_loop][INFO] - 	 Starting Epoch: 1999
[2026-05-08 14:48:20,219][src.modRNN.training.training_loop][INFO] - train epoch 1999 loss 0.1334 accuracy 98.44%
[2026-05-08 14:48:20,221][src.modRNN.training.training_loop][INFO] - 	 Starting Epoch: 2000
[2026-05-08 14:48:20,942][src.modRNN.training.training_loop][INFO] - train epoch 2000 loss 0.1212 accuracy 100.00%
[2026-05-08 14:48:22,062][src.modRNN.training.training_loop][INFO] - eval  epoch 2000 loss 0.1370 accuracy 98.24%
[2026-05-08 14:48:25,095][src.modRNN.training.training_loop][INFO] - firing rate eval set  average 15.2 max 65.5 min 0.0
[2026-05-08 14:48:27,824][src.modRNN.training.training_loop][INFO] - Training completed all 2000 iterations.
