[2026-05-04 19:59:17,630][jax._src.xla_bridge][INFO] - Unable to initialize backend 'rocm': module 'jaxlib.xla_extension' has no attribute 'GpuAllocatorConfig'
[2026-05-04 19:59:17,636][jax._src.xla_bridge][INFO] - Unable to initialize backend 'tpu': INTERNAL: Failed to open libtpu.so: libtpu.so: cannot open shared object file: No such file or directory
[2026-05-04 19:59:28,255][src.modRNN.training.training_loop][INFO] - Starting training...
[2026-05-04 19:59:29,199][src.modRNN.training.training_loop][INFO] - 	 Starting Epoch: 1
[2026-05-04 19:59:32,663][src.modRNN.training.training_loop][INFO] - train epoch 001 loss 0.6932 accuracy 45.31%
[2026-05-04 19:59:34,924][src.modRNN.training.training_loop][INFO] - eval  epoch 001 loss 0.6932 accuracy 50.00%
[2026-05-04 19:59:34,926][src.modRNN.training.training_loop][INFO] - 	 Starting Epoch: 2
[2026-05-04 19:59:35,931][src.modRNN.training.training_loop][INFO] - train epoch 002 loss 0.6931 accuracy 56.25%
[2026-05-04 19:59:35,932][src.modRNN.training.training_loop][INFO] - 	 Starting Epoch: 3
[2026-05-04 19:59:36,933][src.modRNN.training.training_loop][INFO] - train epoch 003 loss 0.6930 accuracy 53.12%
[2026-05-04 19:59:36,934][src.modRNN.training.training_loop][INFO] - 	 Starting Epoch: 4
[2026-05-04 19:59:37,936][src.modRNN.training.training_loop][INFO] - train epoch 004 loss 0.6932 accuracy 53.12%
[2026-05-04 19:59:37,937][src.modRNN.training.training_loop][INFO] - 	 Starting Epoch: 5
[2026-05-04 19:59:38,940][src.modRNN.training.training_loop][INFO] - train epoch 005 loss 0.6931 accuracy 50.00%
[2026-05-04 19:59:38,941][src.modRNN.training.training_loop][INFO] - 	 Starting Epoch: 6
[2026-05-04 19:59:39,947][src.modRNN.training.training_loop][INFO] - train epoch 006 loss 0.6932 accuracy 45.31%
[2026-05-04 19:59:39,948][src.modRNN.training.training_loop][INFO] - 	 Starting Epoch: 7
[2026-05-04 19:59:40,955][src.modRNN.training.training_loop][INFO] - train epoch 007 loss 0.6931 accuracy 53.12%
[2026-05-04 19:59:40,956][src.modRNN.training.training_loop][INFO] - 	 Starting Epoch: 8
[2026-05-04 19:59:41,965][src.modRNN.training.training_loop][INFO] - train epoch 008 loss 0.6931 accuracy 56.25%
[2026-05-04 19:59:41,968][src.modRNN.training.training_loop][INFO] - 	 Starting Epoch: 9
[2026-05-04 19:59:43,027][src.modRNN.training.training_loop][INFO] - train epoch 009 loss 0.6933 accuracy 37.50%
[2026-05-04 19:59:43,028][src.modRNN.training.training_loop][INFO] - 	 Starting Epoch: 10
[2026-05-04 19:59:44,040][src.modRNN.training.training_loop][INFO] - train epoch 010 loss 0.6931 accuracy 54.69%
[2026-05-04 19:59:44,041][src.modRNN.training.training_loop][INFO] - 	 Starting Epoch: 11
[2026-05-04 19:59:45,049][src.modRNN.training.training_loop][INFO] - train epoch 011 loss 0.6931 accuracy 51.56%
[2026-05-04 19:59:45,051][src.modRNN.training.training_loop][INFO] - 	 Starting Epoch: 12
[2026-05-04 19:59:46,060][src.modRNN.training.training_loop][INFO] - train epoch 012 loss 0.6930 accuracy 60.94%
[2026-05-04 19:59:46,061][src.modRNN.training.training_loop][INFO] - 	 Starting Epoch: 13
[2026-05-04 19:59:47,069][src.modRNN.training.training_loop][INFO] - train epoch 013 loss 0.6931 accuracy 59.38%
[2026-05-04 19:59:47,071][src.modRNN.training.training_loop][INFO] - 	 Starting Epoch: 14
[2026-05-04 19:59:48,079][src.modRNN.training.training_loop][INFO] - train epoch 014 loss 0.6931 accuracy 48.44%
[2026-05-04 19:59:48,081][src.modRNN.training.training_loop][INFO] - 	 Starting Epoch: 15
[2026-05-04 19:59:49,087][src.modRNN.training.training_loop][INFO] - train epoch 015 loss 0.6931 accuracy 43.75%
[2026-05-04 19:59:49,088][src.modRNN.training.training_loop][INFO] - 	 Starting Epoch: 16
[2026-05-04 19:59:50,097][src.modRNN.training.training_loop][INFO] - train epoch 016 loss 0.6930 accuracy 59.38%
[2026-05-04 19:59:50,099][src.modRNN.training.training_loop][INFO] - 	 Starting Epoch: 17
[2026-05-04 19:59:51,106][src.modRNN.training.training_loop][INFO] - train epoch 017 loss 0.6932 accuracy 56.25%
[2026-05-04 19:59:51,107][src.modRNN.training.training_loop][INFO] - 	 Starting Epoch: 18
[2026-05-04 19:59:52,116][src.modRNN.training.training_loop][INFO] - train epoch 018 loss 0.6932 accuracy 48.44%
[2026-05-04 19:59:52,117][src.modRNN.training.training_loop][INFO] - 	 Starting Epoch: 19
[2026-05-04 19:59:53,125][src.modRNN.training.training_loop][INFO] - train epoch 019 loss 0.6932 accuracy 45.31%
[2026-05-04 19:59:53,127][src.modRNN.training.training_loop][INFO] - 	 Starting Epoch: 20
[2026-05-04 19:59:54,133][src.modRNN.training.training_loop][INFO] - train epoch 020 loss 0.6932 accuracy 51.56%
[2026-05-04 19:59:54,135][src.modRNN.training.training_loop][INFO] - 	 Starting Epoch: 21
[2026-05-04 19:59:55,142][src.modRNN.training.training_loop][INFO] - train epoch 021 loss 0.6930 accuracy 53.12%
[2026-05-04 19:59:55,144][src.modRNN.training.training_loop][INFO] - 	 Starting Epoch: 22
[2026-05-04 19:59:56,153][src.modRNN.training.training_loop][INFO] - train epoch 022 loss 0.6932 accuracy 46.88%
[2026-05-04 19:59:56,154][src.modRNN.training.training_loop][INFO] - 	 Starting Epoch: 23
[2026-05-04 19:59:57,164][src.modRNN.training.training_loop][INFO] - train epoch 023 loss 0.6932 accuracy 45.31%
[2026-05-04 19:59:57,165][src.modRNN.training.training_loop][INFO] - 	 Starting Epoch: 24
[2026-05-04 19:59:58,175][src.modRNN.training.training_loop][INFO] - train epoch 024 loss 0.6930 accuracy 54.69%
[2026-05-04 19:59:58,177][src.modRNN.training.training_loop][INFO] - 	 Starting Epoch: 25
[2026-05-04 19:59:59,187][src.modRNN.training.training_loop][INFO] - train epoch 025 loss 0.6929 accuracy 68.75%
[2026-05-04 19:59:59,188][src.modRNN.training.training_loop][INFO] - 	 Starting Epoch: 26
[2026-05-04 20:00:00,197][src.modRNN.training.training_loop][INFO] - train epoch 026 loss 0.6932 accuracy 56.25%
[2026-05-04 20:00:02,222][src.modRNN.training.training_loop][INFO] - eval  epoch 026 loss 0.6930 accuracy 56.25%
[2026-05-04 20:00:02,223][src.modRNN.training.training_loop][INFO] - 	 Starting Epoch: 27
[2026-05-04 20:00:03,241][src.modRNN.training.training_loop][INFO] - train epoch 027 loss 0.6931 accuracy 53.12%
[2026-05-04 20:00:03,242][src.modRNN.training.training_loop][INFO] - 	 Starting Epoch: 28
[2026-05-04 20:00:04,260][src.modRNN.training.training_loop][INFO] - train epoch 028 loss 0.6931 accuracy 50.00%
[2026-05-04 20:00:04,261][src.modRNN.training.training_loop][INFO] - 	 Starting Epoch: 29
[2026-05-04 20:00:05,280][src.modRNN.training.training_loop][INFO] - train epoch 029 loss 0.6932 accuracy 50.00%
[2026-05-04 20:00:05,281][src.modRNN.training.training_loop][INFO] - 	 Starting Epoch: 30
[2026-05-04 20:00:06,298][src.modRNN.training.training_loop][INFO] - train epoch 030 loss 0.6933 accuracy 46.88%
[2026-05-04 20:00:06,300][src.modRNN.training.training_loop][INFO] - 	 Starting Epoch: 31
[2026-05-04 20:00:07,319][src.modRNN.training.training_loop][INFO] - train epoch 031 loss 0.6931 accuracy 50.00%
[2026-05-04 20:00:07,321][src.modRNN.training.training_loop][INFO] - 	 Starting Epoch: 32
[2026-05-04 20:00:08,337][src.modRNN.training.training_loop][INFO] - train epoch 032 loss 0.6929 accuracy 67.19%
[2026-05-04 20:00:08,338][src.modRNN.training.training_loop][INFO] - 	 Starting Epoch: 33
[2026-05-04 20:00:09,354][src.modRNN.training.training_loop][INFO] - train epoch 033 loss 0.6929 accuracy 56.25%
[2026-05-04 20:00:09,356][src.modRNN.training.training_loop][INFO] - 	 Starting Epoch: 34
[2026-05-04 20:00:10,374][src.modRNN.training.training_loop][INFO] - train epoch 034 loss 0.6931 accuracy 50.00%
[2026-05-04 20:00:10,375][src.modRNN.training.training_loop][INFO] - 	 Starting Epoch: 35
[2026-05-04 20:00:11,393][src.modRNN.training.training_loop][INFO] - train epoch 035 loss 0.6927 accuracy 65.62%
[2026-05-04 20:00:11,395][src.modRNN.training.training_loop][INFO] - 	 Starting Epoch: 36
[2026-05-04 20:00:12,411][src.modRNN.training.training_loop][INFO] - train epoch 036 loss 0.6931 accuracy 51.56%
[2026-05-04 20:00:12,413][src.modRNN.training.training_loop][INFO] - 	 Starting Epoch: 37
[2026-05-04 20:00:13,431][src.modRNN.training.training_loop][INFO] - train epoch 037 loss 0.6929 accuracy 67.19%
[2026-05-04 20:00:13,432][src.modRNN.training.training_loop][INFO] - 	 Starting Epoch: 38
[2026-05-04 20:00:14,450][src.modRNN.training.training_loop][INFO] - train epoch 038 loss 0.6929 accuracy 51.56%
[2026-05-04 20:00:14,452][src.modRNN.training.training_loop][INFO] - 	 Starting Epoch: 39
[2026-05-04 20:00:15,469][src.modRNN.training.training_loop][INFO] - train epoch 039 loss 0.6929 accuracy 60.94%
[2026-05-04 20:00:15,471][src.modRNN.training.training_loop][INFO] - 	 Starting Epoch: 40
[2026-05-04 20:00:16,488][src.modRNN.training.training_loop][INFO] - train epoch 040 loss 0.6929 accuracy 60.94%
[2026-05-04 20:00:16,490][src.modRNN.training.training_loop][INFO] - 	 Starting Epoch: 41
[2026-05-04 20:00:17,509][src.modRNN.training.training_loop][INFO] - train epoch 041 loss 0.6927 accuracy 59.38%
[2026-05-04 20:00:17,510][src.modRNN.training.training_loop][INFO] - 	 Starting Epoch: 42
[2026-05-04 20:00:18,528][src.modRNN.training.training_loop][INFO] - train epoch 042 loss 0.6933 accuracy 51.56%
[2026-05-04 20:00:18,529][src.modRNN.training.training_loop][INFO] - 	 Starting Epoch: 43
[2026-05-04 20:00:19,549][src.modRNN.training.training_loop][INFO] - train epoch 043 loss 0.6925 accuracy 70.31%
[2026-05-04 20:00:19,551][src.modRNN.training.training_loop][INFO] - 	 Starting Epoch: 44
[2026-05-04 20:00:20,566][src.modRNN.training.training_loop][INFO] - train epoch 044 loss 0.6927 accuracy 64.06%
[2026-05-04 20:00:20,567][src.modRNN.training.training_loop][INFO] - 	 Starting Epoch: 45
[2026-05-04 20:00:21,583][src.modRNN.training.training_loop][INFO] - train epoch 045 loss 0.6928 accuracy 56.25%
[2026-05-04 20:00:21,585][src.modRNN.training.training_loop][INFO] - 	 Starting Epoch: 46
[2026-05-04 20:00:22,601][src.modRNN.training.training_loop][INFO] - train epoch 046 loss 0.6930 accuracy 51.56%
[2026-05-04 20:00:22,603][src.modRNN.training.training_loop][INFO] - 	 Starting Epoch: 47
[2026-05-04 20:00:23,624][src.modRNN.training.training_loop][INFO] - train epoch 047 loss 0.6929 accuracy 46.88%
[2026-05-04 20:00:23,625][src.modRNN.training.training_loop][INFO] - 	 Starting Epoch: 48
[2026-05-04 20:00:24,642][src.modRNN.training.training_loop][INFO] - train epoch 048 loss 0.6928 accuracy 62.50%
[2026-05-04 20:00:24,644][src.modRNN.training.training_loop][INFO] - 	 Starting Epoch: 49
[2026-05-04 20:00:25,664][src.modRNN.training.training_loop][INFO] - train epoch 049 loss 0.6922 accuracy 57.81%
[2026-05-04 20:00:25,665][src.modRNN.training.training_loop][INFO] - 	 Starting Epoch: 50
[2026-05-04 20:00:26,681][src.modRNN.training.training_loop][INFO] - train epoch 050 loss 0.6924 accuracy 60.94%
[2026-05-04 20:00:26,683][src.modRNN.training.training_loop][INFO] - 	 Starting Epoch: 51
[2026-05-04 20:00:27,698][src.modRNN.training.training_loop][INFO] - train epoch 051 loss 0.6930 accuracy 50.00%
[2026-05-04 20:00:29,727][src.modRNN.training.training_loop][INFO] - eval  epoch 051 loss 0.6927 accuracy 56.64%
[2026-05-04 20:00:29,729][src.modRNN.training.training_loop][INFO] - 	 Starting Epoch: 52
[2026-05-04 20:00:30,748][src.modRNN.training.training_loop][INFO] - train epoch 052 loss 0.6919 accuracy 62.50%
[2026-05-04 20:00:30,750][src.modRNN.training.training_loop][INFO] - 	 Starting Epoch: 53
[2026-05-04 20:00:31,764][src.modRNN.training.training_loop][INFO] - train epoch 053 loss 0.6922 accuracy 56.25%
[2026-05-04 20:00:31,765][src.modRNN.training.training_loop][INFO] - 	 Starting Epoch: 54
[2026-05-04 20:00:32,781][src.modRNN.training.training_loop][INFO] - train epoch 054 loss 0.6918 accuracy 57.81%
[2026-05-04 20:00:32,783][src.modRNN.training.training_loop][INFO] - 	 Starting Epoch: 55
[2026-05-04 20:00:33,793][src.modRNN.training.training_loop][INFO] - train epoch 055 loss 0.6920 accuracy 56.25%
[2026-05-04 20:00:33,795][src.modRNN.training.training_loop][INFO] - 	 Starting Epoch: 56
[2026-05-04 20:00:34,808][src.modRNN.training.training_loop][INFO] - train epoch 056 loss 0.6929 accuracy 54.69%
[2026-05-04 20:00:34,809][src.modRNN.training.training_loop][INFO] - 	 Starting Epoch: 57
[2026-05-04 20:00:35,819][src.modRNN.training.training_loop][INFO] - train epoch 057 loss 0.6919 accuracy 53.12%
[2026-05-04 20:00:35,821][src.modRNN.training.training_loop][INFO] - 	 Starting Epoch: 58
[2026-05-04 20:00:36,827][src.modRNN.training.training_loop][INFO] - train epoch 058 loss 0.6929 accuracy 51.56%
[2026-05-04 20:00:36,829][src.modRNN.training.training_loop][INFO] - 	 Starting Epoch: 59
[2026-05-04 20:00:37,835][src.modRNN.training.training_loop][INFO] - train epoch 059 loss 0.6931 accuracy 54.69%
[2026-05-04 20:00:37,836][src.modRNN.training.training_loop][INFO] - 	 Starting Epoch: 60
[2026-05-04 20:00:38,848][src.modRNN.training.training_loop][INFO] - train epoch 060 loss 0.6932 accuracy 48.44%
[2026-05-04 20:00:38,849][src.modRNN.training.training_loop][INFO] - 	 Starting Epoch: 61
[2026-05-04 20:00:39,858][src.modRNN.training.training_loop][INFO] - train epoch 061 loss 0.6914 accuracy 60.94%
[2026-05-04 20:00:39,859][src.modRNN.training.training_loop][INFO] - 	 Starting Epoch: 62
[2026-05-04 20:00:40,870][src.modRNN.training.training_loop][INFO] - train epoch 062 loss 0.6903 accuracy 65.62%
[2026-05-04 20:00:40,871][src.modRNN.training.training_loop][INFO] - 	 Starting Epoch: 63
[2026-05-04 20:00:41,880][src.modRNN.training.training_loop][INFO] - train epoch 063 loss 0.6931 accuracy 54.69%
[2026-05-04 20:00:41,882][src.modRNN.training.training_loop][INFO] - 	 Starting Epoch: 64
[2026-05-04 20:00:42,932][src.modRNN.training.training_loop][INFO] - train epoch 064 loss 0.6922 accuracy 56.25%
[2026-05-04 20:00:42,934][src.modRNN.training.training_loop][INFO] - 	 Starting Epoch: 65
[2026-05-04 20:00:43,961][src.modRNN.training.training_loop][INFO] - train epoch 065 loss 0.6948 accuracy 42.19%
[2026-05-04 20:00:43,963][src.modRNN.training.training_loop][INFO] - 	 Starting Epoch: 66
[2026-05-04 20:00:44,973][src.modRNN.training.training_loop][INFO] - train epoch 066 loss 0.6927 accuracy 51.56%
[2026-05-04 20:00:44,974][src.modRNN.training.training_loop][INFO] - 	 Starting Epoch: 67
[2026-05-04 20:00:45,982][src.modRNN.training.training_loop][INFO] - train epoch 067 loss 0.6928 accuracy 48.44%
[2026-05-04 20:00:45,984][src.modRNN.training.training_loop][INFO] - 	 Starting Epoch: 68
[2026-05-04 20:00:47,003][src.modRNN.training.training_loop][INFO] - train epoch 068 loss 0.6923 accuracy 56.25%
[2026-05-04 20:00:47,004][src.modRNN.training.training_loop][INFO] - 	 Starting Epoch: 69
[2026-05-04 20:00:48,019][src.modRNN.training.training_loop][INFO] - train epoch 069 loss 0.6922 accuracy 60.94%
[2026-05-04 20:00:48,021][src.modRNN.training.training_loop][INFO] - 	 Starting Epoch: 70
[2026-05-04 20:00:49,038][src.modRNN.training.training_loop][INFO] - train epoch 070 loss 0.6935 accuracy 54.69%
[2026-05-04 20:00:49,039][src.modRNN.training.training_loop][INFO] - 	 Starting Epoch: 71
[2026-05-04 20:00:50,053][src.modRNN.training.training_loop][INFO] - train epoch 071 loss 0.6908 accuracy 62.50%
[2026-05-04 20:00:50,055][src.modRNN.training.training_loop][INFO] - 	 Starting Epoch: 72
[2026-05-04 20:00:51,070][src.modRNN.training.training_loop][INFO] - train epoch 072 loss 0.6926 accuracy 48.44%
[2026-05-04 20:00:51,072][src.modRNN.training.training_loop][INFO] - 	 Starting Epoch: 73
[2026-05-04 20:00:52,086][src.modRNN.training.training_loop][INFO] - train epoch 073 loss 0.6887 accuracy 67.19%
[2026-05-04 20:00:52,088][src.modRNN.training.training_loop][INFO] - 	 Starting Epoch: 74
[2026-05-04 20:00:53,108][src.modRNN.training.training_loop][INFO] - train epoch 074 loss 0.6920 accuracy 51.56%
[2026-05-04 20:00:53,109][src.modRNN.training.training_loop][INFO] - 	 Starting Epoch: 75
[2026-05-04 20:00:54,123][src.modRNN.training.training_loop][INFO] - train epoch 075 loss 0.6935 accuracy 51.56%
[2026-05-04 20:00:54,125][src.modRNN.training.training_loop][INFO] - 	 Starting Epoch: 76
[2026-05-04 20:00:55,138][src.modRNN.training.training_loop][INFO] - train epoch 076 loss 0.6940 accuracy 53.12%
[2026-05-04 20:00:57,181][src.modRNN.training.training_loop][INFO] - eval  epoch 076 loss 0.6927 accuracy 49.80%
[2026-05-04 20:00:57,182][src.modRNN.training.training_loop][INFO] - 	 Starting Epoch: 77
[2026-05-04 20:00:58,199][src.modRNN.training.training_loop][INFO] - train epoch 077 loss 0.6925 accuracy 51.56%
[2026-05-04 20:00:58,201][src.modRNN.training.training_loop][INFO] - 	 Starting Epoch: 78
[2026-05-04 20:00:59,217][src.modRNN.training.training_loop][INFO] - train epoch 078 loss 0.6922 accuracy 50.00%
[2026-05-04 20:00:59,218][src.modRNN.training.training_loop][INFO] - 	 Starting Epoch: 79
[2026-05-04 20:01:00,238][src.modRNN.training.training_loop][INFO] - train epoch 079 loss 0.6914 accuracy 54.69%
[2026-05-04 20:01:00,239][src.modRNN.training.training_loop][INFO] - 	 Starting Epoch: 80
[2026-05-04 20:01:01,257][src.modRNN.training.training_loop][INFO] - train epoch 080 loss 0.6932 accuracy 46.88%
[2026-05-04 20:01:01,258][src.modRNN.training.training_loop][INFO] - 	 Starting Epoch: 81
[2026-05-04 20:01:02,291][src.modRNN.training.training_loop][INFO] - train epoch 081 loss 0.6925 accuracy 50.00%
[2026-05-04 20:01:02,293][src.modRNN.training.training_loop][INFO] - 	 Starting Epoch: 82
[2026-05-04 20:01:03,318][src.modRNN.training.training_loop][INFO] - train epoch 082 loss 0.6925 accuracy 46.88%
[2026-05-04 20:01:03,320][src.modRNN.training.training_loop][INFO] - 	 Starting Epoch: 83
[2026-05-04 20:01:04,344][src.modRNN.training.training_loop][INFO] - train epoch 083 loss 0.6907 accuracy 54.69%
[2026-05-04 20:01:04,346][src.modRNN.training.training_loop][INFO] - 	 Starting Epoch: 84
[2026-05-04 20:01:05,369][src.modRNN.training.training_loop][INFO] - train epoch 084 loss 0.6904 accuracy 57.81%
[2026-05-04 20:01:05,370][src.modRNN.training.training_loop][INFO] - 	 Starting Epoch: 85
[2026-05-04 20:01:06,394][src.modRNN.training.training_loop][INFO] - train epoch 085 loss 0.6938 accuracy 50.00%
[2026-05-04 20:01:06,396][src.modRNN.training.training_loop][INFO] - 	 Starting Epoch: 86
[2026-05-04 20:01:07,419][src.modRNN.training.training_loop][INFO] - train epoch 086 loss 0.6916 accuracy 53.12%
[2026-05-04 20:01:07,420][src.modRNN.training.training_loop][INFO] - 	 Starting Epoch: 87
[2026-05-04 20:01:08,446][src.modRNN.training.training_loop][INFO] - train epoch 087 loss 0.6906 accuracy 48.44%
[2026-05-04 20:01:08,447][src.modRNN.training.training_loop][INFO] - 	 Starting Epoch: 88
[2026-05-04 20:01:09,469][src.modRNN.training.training_loop][INFO] - train epoch 088 loss 0.6914 accuracy 53.12%
[2026-05-04 20:01:09,471][src.modRNN.training.training_loop][INFO] - 	 Starting Epoch: 89
[2026-05-04 20:01:10,494][src.modRNN.training.training_loop][INFO] - train epoch 089 loss 0.6937 accuracy 45.31%
[2026-05-04 20:01:10,495][src.modRNN.training.training_loop][INFO] - 	 Starting Epoch: 90
[2026-05-04 20:01:11,519][src.modRNN.training.training_loop][INFO] - train epoch 090 loss 0.6897 accuracy 62.50%
[2026-05-04 20:01:11,520][src.modRNN.training.training_loop][INFO] - 	 Starting Epoch: 91
[2026-05-04 20:01:12,547][src.modRNN.training.training_loop][INFO] - train epoch 091 loss 0.6932 accuracy 51.56%
[2026-05-04 20:01:12,548][src.modRNN.training.training_loop][INFO] - 	 Starting Epoch: 92
[2026-05-04 20:01:13,573][src.modRNN.training.training_loop][INFO] - train epoch 092 loss 0.6872 accuracy 67.19%
[2026-05-04 20:01:13,574][src.modRNN.training.training_loop][INFO] - 	 Starting Epoch: 93
[2026-05-04 20:01:14,604][src.modRNN.training.training_loop][INFO] - train epoch 093 loss 0.6887 accuracy 60.94%
[2026-05-04 20:01:14,605][src.modRNN.training.training_loop][INFO] - 	 Starting Epoch: 94
[2026-05-04 20:01:15,630][src.modRNN.training.training_loop][INFO] - train epoch 094 loss 0.6924 accuracy 53.12%
[2026-05-04 20:01:15,632][src.modRNN.training.training_loop][INFO] - 	 Starting Epoch: 95
[2026-05-04 20:01:16,653][src.modRNN.training.training_loop][INFO] - train epoch 095 loss 0.6908 accuracy 46.88%
[2026-05-04 20:01:16,655][src.modRNN.training.training_loop][INFO] - 	 Starting Epoch: 96
[2026-05-04 20:01:17,676][src.modRNN.training.training_loop][INFO] - train epoch 096 loss 0.6909 accuracy 53.12%
[2026-05-04 20:01:17,678][src.modRNN.training.training_loop][INFO] - 	 Starting Epoch: 97
[2026-05-04 20:01:18,703][src.modRNN.training.training_loop][INFO] - train epoch 097 loss 0.6923 accuracy 54.69%
[2026-05-04 20:01:18,704][src.modRNN.training.training_loop][INFO] - 	 Starting Epoch: 98
[2026-05-04 20:01:19,728][src.modRNN.training.training_loop][INFO] - train epoch 098 loss 0.6944 accuracy 48.44%
[2026-05-04 20:01:19,729][src.modRNN.training.training_loop][INFO] - 	 Starting Epoch: 99
[2026-05-04 20:01:20,754][src.modRNN.training.training_loop][INFO] - train epoch 099 loss 0.6948 accuracy 45.31%
[2026-05-04 20:01:20,755][src.modRNN.training.training_loop][INFO] - 	 Starting Epoch: 100
[2026-05-04 20:01:21,780][src.modRNN.training.training_loop][INFO] - train epoch 100 loss 0.6946 accuracy 43.75%
[2026-05-04 20:01:21,782][src.modRNN.training.training_loop][INFO] - 	 Starting Epoch: 101
[2026-05-04 20:01:22,805][src.modRNN.training.training_loop][INFO] - train epoch 101 loss 0.6926 accuracy 51.56%
[2026-05-04 20:01:24,848][src.modRNN.training.training_loop][INFO] - eval  epoch 101 loss 0.6933 accuracy 49.22%
[2026-05-04 20:01:24,849][src.modRNN.training.training_loop][INFO] - 	 Starting Epoch: 102
[2026-05-04 20:01:25,873][src.modRNN.training.training_loop][INFO] - train epoch 102 loss 0.6944 accuracy 43.75%
[2026-05-04 20:01:25,874][src.modRNN.training.training_loop][INFO] - 	 Starting Epoch: 103
[2026-05-04 20:01:26,896][src.modRNN.training.training_loop][INFO] - train epoch 103 loss 0.6915 accuracy 56.25%
[2026-05-04 20:01:26,898][src.modRNN.training.training_loop][INFO] - 	 Starting Epoch: 104
[2026-05-04 20:01:27,921][src.modRNN.training.training_loop][INFO] - train epoch 104 loss 0.6919 accuracy 50.00%
[2026-05-04 20:01:27,922][src.modRNN.training.training_loop][INFO] - 	 Starting Epoch: 105
[2026-05-04 20:01:28,943][src.modRNN.training.training_loop][INFO] - train epoch 105 loss 0.6923 accuracy 51.56%
[2026-05-04 20:01:28,945][src.modRNN.training.training_loop][INFO] - 	 Starting Epoch: 106
[2026-05-04 20:01:29,970][src.modRNN.training.training_loop][INFO] - train epoch 106 loss 0.6939 accuracy 46.88%
[2026-05-04 20:01:29,971][src.modRNN.training.training_loop][INFO] - 	 Starting Epoch: 107
[2026-05-04 20:01:30,993][src.modRNN.training.training_loop][INFO] - train epoch 107 loss 0.6884 accuracy 59.38%
[2026-05-04 20:01:30,994][src.modRNN.training.training_loop][INFO] - 	 Starting Epoch: 108
[2026-05-04 20:01:32,013][src.modRNN.training.training_loop][INFO] - train epoch 108 loss 0.6874 accuracy 62.50%
[2026-05-04 20:01:32,015][src.modRNN.training.training_loop][INFO] - 	 Starting Epoch: 109
[2026-05-04 20:01:33,032][src.modRNN.training.training_loop][INFO] - train epoch 109 loss 0.6955 accuracy 43.75%
[2026-05-04 20:01:33,034][src.modRNN.training.training_loop][INFO] - 	 Starting Epoch: 110
[2026-05-04 20:01:34,050][src.modRNN.training.training_loop][INFO] - train epoch 110 loss 0.6867 accuracy 62.50%
[2026-05-04 20:01:34,052][src.modRNN.training.training_loop][INFO] - 	 Starting Epoch: 111
[2026-05-04 20:01:35,067][src.modRNN.training.training_loop][INFO] - train epoch 111 loss 0.6951 accuracy 43.75%
[2026-05-04 20:01:35,069][src.modRNN.training.training_loop][INFO] - 	 Starting Epoch: 112
[2026-05-04 20:01:36,087][src.modRNN.training.training_loop][INFO] - train epoch 112 loss 0.6906 accuracy 54.69%
[2026-05-04 20:01:36,088][src.modRNN.training.training_loop][INFO] - 	 Starting Epoch: 113
[2026-05-04 20:01:37,103][src.modRNN.training.training_loop][INFO] - train epoch 113 loss 0.6899 accuracy 54.69%
[2026-05-04 20:01:37,105][src.modRNN.training.training_loop][INFO] - 	 Starting Epoch: 114
[2026-05-04 20:01:38,124][src.modRNN.training.training_loop][INFO] - train epoch 114 loss 0.6901 accuracy 51.56%
[2026-05-04 20:01:38,125][src.modRNN.training.training_loop][INFO] - 	 Starting Epoch: 115
[2026-05-04 20:01:39,142][src.modRNN.training.training_loop][INFO] - train epoch 115 loss 0.6875 accuracy 62.50%
[2026-05-04 20:01:39,144][src.modRNN.training.training_loop][INFO] - 	 Starting Epoch: 116
[2026-05-04 20:01:40,161][src.modRNN.training.training_loop][INFO] - train epoch 116 loss 0.6920 accuracy 53.12%
[2026-05-04 20:01:40,162][src.modRNN.training.training_loop][INFO] - 	 Starting Epoch: 117
[2026-05-04 20:01:41,177][src.modRNN.training.training_loop][INFO] - train epoch 117 loss 0.6925 accuracy 50.00%
[2026-05-04 20:01:41,178][src.modRNN.training.training_loop][INFO] - 	 Starting Epoch: 118
[2026-05-04 20:01:42,210][src.modRNN.training.training_loop][INFO] - train epoch 118 loss 0.6898 accuracy 57.81%
[2026-05-04 20:01:42,214][src.modRNN.training.training_loop][INFO] - 	 Starting Epoch: 119
[2026-05-04 20:01:43,304][src.modRNN.training.training_loop][INFO] - train epoch 119 loss 0.6910 accuracy 48.44%
[2026-05-04 20:01:43,305][src.modRNN.training.training_loop][INFO] - 	 Starting Epoch: 120
[2026-05-04 20:01:44,319][src.modRNN.training.training_loop][INFO] - train epoch 120 loss 0.6914 accuracy 48.44%
[2026-05-04 20:01:44,320][src.modRNN.training.training_loop][INFO] - 	 Starting Epoch: 121
[2026-05-04 20:01:45,332][src.modRNN.training.training_loop][INFO] - train epoch 121 loss 0.6881 accuracy 62.50%
[2026-05-04 20:01:45,334][src.modRNN.training.training_loop][INFO] - 	 Starting Epoch: 122
[2026-05-04 20:01:46,348][src.modRNN.training.training_loop][INFO] - train epoch 122 loss 0.6894 accuracy 53.12%
[2026-05-04 20:01:46,349][src.modRNN.training.training_loop][INFO] - 	 Starting Epoch: 123
[2026-05-04 20:01:47,366][src.modRNN.training.training_loop][INFO] - train epoch 123 loss 0.6915 accuracy 51.56%
[2026-05-04 20:01:47,368][src.modRNN.training.training_loop][INFO] - 	 Starting Epoch: 124
[2026-05-04 20:01:48,391][src.modRNN.training.training_loop][INFO] - train epoch 124 loss 0.6889 accuracy 57.81%
[2026-05-04 20:01:48,392][src.modRNN.training.training_loop][INFO] - 	 Starting Epoch: 125
[2026-05-04 20:01:49,412][src.modRNN.training.training_loop][INFO] - train epoch 125 loss 0.6879 accuracy 67.19%
[2026-05-04 20:01:49,414][src.modRNN.training.training_loop][INFO] - 	 Starting Epoch: 126
[2026-05-04 20:01:50,433][src.modRNN.training.training_loop][INFO] - train epoch 126 loss 0.6886 accuracy 64.06%
[2026-05-04 20:01:52,491][src.modRNN.training.training_loop][INFO] - eval  epoch 126 loss 0.6913 accuracy 53.52%
[2026-05-04 20:01:52,493][src.modRNN.training.training_loop][INFO] - 	 Starting Epoch: 127
[2026-05-04 20:01:53,514][src.modRNN.training.training_loop][INFO] - train epoch 127 loss 0.6902 accuracy 56.25%
[2026-05-04 20:01:53,516][src.modRNN.training.training_loop][INFO] - 	 Starting Epoch: 128
[2026-05-04 20:01:54,536][src.modRNN.training.training_loop][INFO] - train epoch 128 loss 0.6876 accuracy 59.38%
[2026-05-04 20:01:54,538][src.modRNN.training.training_loop][INFO] - 	 Starting Epoch: 129
[2026-05-04 20:01:55,562][src.modRNN.training.training_loop][INFO] - train epoch 129 loss 0.6921 accuracy 48.44%
[2026-05-04 20:01:55,564][src.modRNN.training.training_loop][INFO] - 	 Starting Epoch: 130
[2026-05-04 20:01:56,587][src.modRNN.training.training_loop][INFO] - train epoch 130 loss 0.6918 accuracy 53.12%
[2026-05-04 20:01:56,588][src.modRNN.training.training_loop][INFO] - 	 Starting Epoch: 131
[2026-05-04 20:01:57,613][src.modRNN.training.training_loop][INFO] - train epoch 131 loss 0.6910 accuracy 56.25%
[2026-05-04 20:01:57,614][src.modRNN.training.training_loop][INFO] - 	 Starting Epoch: 132
[2026-05-04 20:01:58,636][src.modRNN.training.training_loop][INFO] - train epoch 132 loss 0.6889 accuracy 59.38%
[2026-05-04 20:01:58,638][src.modRNN.training.training_loop][INFO] - 	 Starting Epoch: 133
[2026-05-04 20:01:59,660][src.modRNN.training.training_loop][INFO] - train epoch 133 loss 0.6874 accuracy 70.31%
[2026-05-04 20:01:59,662][src.modRNN.training.training_loop][INFO] - 	 Starting Epoch: 134
[2026-05-04 20:02:00,686][src.modRNN.training.training_loop][INFO] - train epoch 134 loss 0.6886 accuracy 65.62%
[2026-05-04 20:02:00,687][src.modRNN.training.training_loop][INFO] - 	 Starting Epoch: 135
[2026-05-04 20:02:01,713][src.modRNN.training.training_loop][INFO] - train epoch 135 loss 0.6898 accuracy 60.94%
[2026-05-04 20:02:01,714][src.modRNN.training.training_loop][INFO] - 	 Starting Epoch: 136
[2026-05-04 20:02:02,746][src.modRNN.training.training_loop][INFO] - train epoch 136 loss 0.6854 accuracy 67.19%
[2026-05-04 20:02:02,747][src.modRNN.training.training_loop][INFO] - 	 Starting Epoch: 137
[2026-05-04 20:02:03,779][src.modRNN.training.training_loop][INFO] - train epoch 137 loss 0.6872 accuracy 64.06%
[2026-05-04 20:02:03,781][src.modRNN.training.training_loop][INFO] - 	 Starting Epoch: 138
[2026-05-04 20:02:04,813][src.modRNN.training.training_loop][INFO] - train epoch 138 loss 0.6892 accuracy 59.38%
[2026-05-04 20:02:04,814][src.modRNN.training.training_loop][INFO] - 	 Starting Epoch: 139
[2026-05-04 20:02:05,845][src.modRNN.training.training_loop][INFO] - train epoch 139 loss 0.6857 accuracy 65.62%
[2026-05-04 20:02:05,846][src.modRNN.training.training_loop][INFO] - 	 Starting Epoch: 140
[2026-05-04 20:02:06,874][src.modRNN.training.training_loop][INFO] - train epoch 140 loss 0.6901 accuracy 51.56%
[2026-05-04 20:02:06,875][src.modRNN.training.training_loop][INFO] - 	 Starting Epoch: 141
[2026-05-04 20:02:07,907][src.modRNN.training.training_loop][INFO] - train epoch 141 loss 0.6895 accuracy 59.38%
[2026-05-04 20:02:07,908][src.modRNN.training.training_loop][INFO] - 	 Starting Epoch: 142
[2026-05-04 20:02:08,940][src.modRNN.training.training_loop][INFO] - train epoch 142 loss 0.6894 accuracy 54.69%
[2026-05-04 20:02:08,941][src.modRNN.training.training_loop][INFO] - 	 Starting Epoch: 143
[2026-05-04 20:02:09,972][src.modRNN.training.training_loop][INFO] - train epoch 143 loss 0.6861 accuracy 57.81%
[2026-05-04 20:02:09,974][src.modRNN.training.training_loop][INFO] - 	 Starting Epoch: 144
[2026-05-04 20:02:11,005][src.modRNN.training.training_loop][INFO] - train epoch 144 loss 0.6880 accuracy 54.69%
[2026-05-04 20:02:11,006][src.modRNN.training.training_loop][INFO] - 	 Starting Epoch: 145
[2026-05-04 20:02:12,034][src.modRNN.training.training_loop][INFO] - train epoch 145 loss 0.6901 accuracy 43.75%
[2026-05-04 20:02:12,035][src.modRNN.training.training_loop][INFO] - 	 Starting Epoch: 146
[2026-05-04 20:02:13,063][src.modRNN.training.training_loop][INFO] - train epoch 146 loss 0.6921 accuracy 43.75%
[2026-05-04 20:02:13,065][src.modRNN.training.training_loop][INFO] - 	 Starting Epoch: 147
[2026-05-04 20:02:14,096][src.modRNN.training.training_loop][INFO] - train epoch 147 loss 0.6827 accuracy 64.06%
[2026-05-04 20:02:14,098][src.modRNN.training.training_loop][INFO] - 	 Starting Epoch: 148
[2026-05-04 20:02:15,126][src.modRNN.training.training_loop][INFO] - train epoch 148 loss 0.6908 accuracy 54.69%
[2026-05-04 20:02:15,128][src.modRNN.training.training_loop][INFO] - 	 Starting Epoch: 149
[2026-05-04 20:02:16,163][src.modRNN.training.training_loop][INFO] - train epoch 149 loss 0.6909 accuracy 48.44%
[2026-05-04 20:02:16,165][src.modRNN.training.training_loop][INFO] - 	 Starting Epoch: 150
[2026-05-04 20:02:17,195][src.modRNN.training.training_loop][INFO] - train epoch 150 loss 0.6886 accuracy 57.81%
[2026-05-04 20:02:17,197][src.modRNN.training.training_loop][INFO] - 	 Starting Epoch: 151
[2026-05-04 20:02:18,226][src.modRNN.training.training_loop][INFO] - train epoch 151 loss 0.6865 accuracy 68.75%
[2026-05-04 20:02:20,283][src.modRNN.training.training_loop][INFO] - eval  epoch 151 loss 0.6895 accuracy 58.59%
[2026-05-04 20:02:20,285][src.modRNN.training.training_loop][INFO] - 	 Starting Epoch: 152
[2026-05-04 20:02:21,314][src.modRNN.training.training_loop][INFO] - train epoch 152 loss 0.6900 accuracy 56.25%
[2026-05-04 20:02:21,315][src.modRNN.training.training_loop][INFO] - 	 Starting Epoch: 153
[2026-05-04 20:02:22,348][src.modRNN.training.training_loop][INFO] - train epoch 153 loss 0.6892 accuracy 56.25%
[2026-05-04 20:02:22,350][src.modRNN.training.training_loop][INFO] - 	 Starting Epoch: 154
[2026-05-04 20:02:23,382][src.modRNN.training.training_loop][INFO] - train epoch 154 loss 0.6874 accuracy 59.38%
[2026-05-04 20:02:23,383][src.modRNN.training.training_loop][INFO] - 	 Starting Epoch: 155
[2026-05-04 20:02:24,411][src.modRNN.training.training_loop][INFO] - train epoch 155 loss 0.6886 accuracy 57.81%
[2026-05-04 20:02:24,413][src.modRNN.training.training_loop][INFO] - 	 Starting Epoch: 156
[2026-05-04 20:02:25,444][src.modRNN.training.training_loop][INFO] - train epoch 156 loss 0.6901 accuracy 65.62%
[2026-05-04 20:02:25,445][src.modRNN.training.training_loop][INFO] - 	 Starting Epoch: 157
[2026-05-04 20:02:26,475][src.modRNN.training.training_loop][INFO] - train epoch 157 loss 0.6864 accuracy 68.75%
[2026-05-04 20:02:26,477][src.modRNN.training.training_loop][INFO] - 	 Starting Epoch: 158
[2026-05-04 20:02:27,505][src.modRNN.training.training_loop][INFO] - train epoch 158 loss 0.6895 accuracy 60.94%
[2026-05-04 20:02:27,507][src.modRNN.training.training_loop][INFO] - 	 Starting Epoch: 159
[2026-05-04 20:02:28,535][src.modRNN.training.training_loop][INFO] - train epoch 159 loss 0.6869 accuracy 68.75%
[2026-05-04 20:02:28,536][src.modRNN.training.training_loop][INFO] - 	 Starting Epoch: 160
[2026-05-04 20:02:29,566][src.modRNN.training.training_loop][INFO] - train epoch 160 loss 0.6852 accuracy 68.75%
[2026-05-04 20:02:29,568][src.modRNN.training.training_loop][INFO] - 	 Starting Epoch: 161
[2026-05-04 20:02:30,597][src.modRNN.training.training_loop][INFO] - train epoch 161 loss 0.6870 accuracy 62.50%
[2026-05-04 20:02:30,599][src.modRNN.training.training_loop][INFO] - 	 Starting Epoch: 162
[2026-05-04 20:02:31,627][src.modRNN.training.training_loop][INFO] - train epoch 162 loss 0.6910 accuracy 57.81%
[2026-05-04 20:02:31,629][src.modRNN.training.training_loop][INFO] - 	 Starting Epoch: 163
[2026-05-04 20:02:32,649][src.modRNN.training.training_loop][INFO] - train epoch 163 loss 0.6886 accuracy 60.94%
[2026-05-04 20:02:32,651][src.modRNN.training.training_loop][INFO] - 	 Starting Epoch: 164
[2026-05-04 20:02:33,671][src.modRNN.training.training_loop][INFO] - train epoch 164 loss 0.6882 accuracy 53.12%
[2026-05-04 20:02:33,672][src.modRNN.training.training_loop][INFO] - 	 Starting Epoch: 165
[2026-05-04 20:02:34,693][src.modRNN.training.training_loop][INFO] - train epoch 165 loss 0.6871 accuracy 68.75%
[2026-05-04 20:02:34,695][src.modRNN.training.training_loop][INFO] - 	 Starting Epoch: 166
[2026-05-04 20:02:35,721][src.modRNN.training.training_loop][INFO] - train epoch 166 loss 0.6888 accuracy 57.81%
[2026-05-04 20:02:35,723][src.modRNN.training.training_loop][INFO] - 	 Starting Epoch: 167
[2026-05-04 20:02:36,743][src.modRNN.training.training_loop][INFO] - train epoch 167 loss 0.6893 accuracy 65.62%
[2026-05-04 20:02:36,744][src.modRNN.training.training_loop][INFO] - 	 Starting Epoch: 168
[2026-05-04 20:02:37,767][src.modRNN.training.training_loop][INFO] - train epoch 168 loss 0.6844 accuracy 62.50%
[2026-05-04 20:02:37,768][src.modRNN.training.training_loop][INFO] - 	 Starting Epoch: 169
[2026-05-04 20:02:38,791][src.modRNN.training.training_loop][INFO] - train epoch 169 loss 0.6887 accuracy 59.38%
[2026-05-04 20:02:38,792][src.modRNN.training.training_loop][INFO] - 	 Starting Epoch: 170
[2026-05-04 20:02:39,812][src.modRNN.training.training_loop][INFO] - train epoch 170 loss 0.6863 accuracy 54.69%
[2026-05-04 20:02:39,814][src.modRNN.training.training_loop][INFO] - 	 Starting Epoch: 171
[2026-05-04 20:02:40,833][src.modRNN.training.training_loop][INFO] - train epoch 171 loss 0.6878 accuracy 67.19%
[2026-05-04 20:02:40,835][src.modRNN.training.training_loop][INFO] - 	 Starting Epoch: 172
[2026-05-04 20:02:41,858][src.modRNN.training.training_loop][INFO] - train epoch 172 loss 0.6857 accuracy 60.94%
[2026-05-04 20:02:41,860][src.modRNN.training.training_loop][INFO] - 	 Starting Epoch: 173
[2026-05-04 20:02:42,915][src.modRNN.training.training_loop][INFO] - train epoch 173 loss 0.6896 accuracy 59.38%
[2026-05-04 20:02:42,920][src.modRNN.training.training_loop][INFO] - 	 Starting Epoch: 174
[2026-05-04 20:02:43,953][src.modRNN.training.training_loop][INFO] - train epoch 174 loss 0.6853 accuracy 70.31%
[2026-05-04 20:02:43,954][src.modRNN.training.training_loop][INFO] - 	 Starting Epoch: 175
[2026-05-04 20:02:44,979][src.modRNN.training.training_loop][INFO] - train epoch 175 loss 0.6853 accuracy 65.62%
[2026-05-04 20:02:44,981][src.modRNN.training.training_loop][INFO] - 	 Starting Epoch: 176
[2026-05-04 20:02:46,001][src.modRNN.training.training_loop][INFO] - train epoch 176 loss 0.6883 accuracy 65.62%
[2026-05-04 20:02:48,058][src.modRNN.training.training_loop][INFO] - eval  epoch 176 loss 0.6880 accuracy 59.57%
[2026-05-04 20:02:48,060][src.modRNN.training.training_loop][INFO] - 	 Starting Epoch: 177
[2026-05-04 20:02:49,083][src.modRNN.training.training_loop][INFO] - train epoch 177 loss 0.6873 accuracy 57.81%
[2026-05-04 20:02:49,084][src.modRNN.training.training_loop][INFO] - 	 Starting Epoch: 178
[2026-05-04 20:02:50,105][src.modRNN.training.training_loop][INFO] - train epoch 178 loss 0.6888 accuracy 62.50%
[2026-05-04 20:02:50,106][src.modRNN.training.training_loop][INFO] - 	 Starting Epoch: 179
[2026-05-04 20:02:51,131][src.modRNN.training.training_loop][INFO] - train epoch 179 loss 0.6925 accuracy 50.00%
[2026-05-04 20:02:51,133][src.modRNN.training.training_loop][INFO] - 	 Starting Epoch: 180
[2026-05-04 20:02:52,155][src.modRNN.training.training_loop][INFO] - train epoch 180 loss 0.6875 accuracy 62.50%
[2026-05-04 20:02:52,156][src.modRNN.training.training_loop][INFO] - 	 Starting Epoch: 181
[2026-05-04 20:02:53,184][src.modRNN.training.training_loop][INFO] - train epoch 181 loss 0.6841 accuracy 68.75%
[2026-05-04 20:02:53,185][src.modRNN.training.training_loop][INFO] - 	 Starting Epoch: 182
[2026-05-04 20:02:54,205][src.modRNN.training.training_loop][INFO] - train epoch 182 loss 0.6848 accuracy 67.19%
[2026-05-04 20:02:54,207][src.modRNN.training.training_loop][INFO] - 	 Starting Epoch: 183
[2026-05-04 20:02:55,230][src.modRNN.training.training_loop][INFO] - train epoch 183 loss 0.6865 accuracy 67.19%
[2026-05-04 20:02:55,232][src.modRNN.training.training_loop][INFO] - 	 Starting Epoch: 184
[2026-05-04 20:02:56,252][src.modRNN.training.training_loop][INFO] - train epoch 184 loss 0.6858 accuracy 67.19%
[2026-05-04 20:02:56,254][src.modRNN.training.training_loop][INFO] - 	 Starting Epoch: 185
[2026-05-04 20:02:57,278][src.modRNN.training.training_loop][INFO] - train epoch 185 loss 0.6860 accuracy 67.19%
[2026-05-04 20:02:57,279][src.modRNN.training.training_loop][INFO] - 	 Starting Epoch: 186
[2026-05-04 20:02:58,302][src.modRNN.training.training_loop][INFO] - train epoch 186 loss 0.6843 accuracy 67.19%
[2026-05-04 20:02:58,303][src.modRNN.training.training_loop][INFO] - 	 Starting Epoch: 187
[2026-05-04 20:02:59,328][src.modRNN.training.training_loop][INFO] - train epoch 187 loss 0.6832 accuracy 67.19%
[2026-05-04 20:02:59,330][src.modRNN.training.training_loop][INFO] - 	 Starting Epoch: 188
[2026-05-04 20:03:00,352][src.modRNN.training.training_loop][INFO] - train epoch 188 loss 0.6864 accuracy 62.50%
[2026-05-04 20:03:00,353][src.modRNN.training.training_loop][INFO] - 	 Starting Epoch: 189
[2026-05-04 20:03:01,377][src.modRNN.training.training_loop][INFO] - train epoch 189 loss 0.6815 accuracy 70.31%
[2026-05-04 20:03:01,378][src.modRNN.training.training_loop][INFO] - 	 Starting Epoch: 190
[2026-05-04 20:03:02,413][src.modRNN.training.training_loop][INFO] - train epoch 190 loss 0.6836 accuracy 67.19%
[2026-05-04 20:03:02,414][src.modRNN.training.training_loop][INFO] - 	 Starting Epoch: 191
[2026-05-04 20:03:03,448][src.modRNN.training.training_loop][INFO] - train epoch 191 loss 0.6852 accuracy 64.06%
[2026-05-04 20:03:03,450][src.modRNN.training.training_loop][INFO] - 	 Starting Epoch: 192
[2026-05-04 20:03:04,484][src.modRNN.training.training_loop][INFO] - train epoch 192 loss 0.6813 accuracy 70.31%
[2026-05-04 20:03:04,485][src.modRNN.training.training_loop][INFO] - 	 Starting Epoch: 193
[2026-05-04 20:03:05,520][src.modRNN.training.training_loop][INFO] - train epoch 193 loss 0.6813 accuracy 71.88%
[2026-05-04 20:03:05,521][src.modRNN.training.training_loop][INFO] - 	 Starting Epoch: 194
[2026-05-04 20:03:06,554][src.modRNN.training.training_loop][INFO] - train epoch 194 loss 0.6830 accuracy 75.00%
[2026-05-04 20:03:06,556][src.modRNN.training.training_loop][INFO] - 	 Starting Epoch: 195
[2026-05-04 20:03:07,584][src.modRNN.training.training_loop][INFO] - train epoch 195 loss 0.6813 accuracy 70.31%
[2026-05-04 20:03:07,586][src.modRNN.training.training_loop][INFO] - 	 Starting Epoch: 196
[2026-05-04 20:03:08,614][src.modRNN.training.training_loop][INFO] - train epoch 196 loss 0.6837 accuracy 73.44%
[2026-05-04 20:03:08,616][src.modRNN.training.training_loop][INFO] - 	 Starting Epoch: 197
[2026-05-04 20:03:09,648][src.modRNN.training.training_loop][INFO] - train epoch 197 loss 0.6840 accuracy 68.75%
[2026-05-04 20:03:09,649][src.modRNN.training.training_loop][INFO] - 	 Starting Epoch: 198
[2026-05-04 20:03:10,679][src.modRNN.training.training_loop][INFO] - train epoch 198 loss 0.6844 accuracy 64.06%
[2026-05-04 20:03:10,681][src.modRNN.training.training_loop][INFO] - 	 Starting Epoch: 199
[2026-05-04 20:03:11,714][src.modRNN.training.training_loop][INFO] - train epoch 199 loss 0.6833 accuracy 70.31%
[2026-05-04 20:03:11,715][src.modRNN.training.training_loop][INFO] - 	 Starting Epoch: 200
[2026-05-04 20:03:12,743][src.modRNN.training.training_loop][INFO] - train epoch 200 loss 0.6881 accuracy 64.06%
[2026-05-04 20:03:12,744][src.modRNN.training.training_loop][INFO] - 	 Starting Epoch: 201
[2026-05-04 20:03:13,774][src.modRNN.training.training_loop][INFO] - train epoch 201 loss 0.6922 accuracy 50.00%
[2026-05-04 20:03:15,830][src.modRNN.training.training_loop][INFO] - eval  epoch 201 loss 0.6864 accuracy 61.91%
[2026-05-04 20:03:15,832][src.modRNN.training.training_loop][INFO] - 	 Starting Epoch: 202
[2026-05-04 20:03:16,862][src.modRNN.training.training_loop][INFO] - train epoch 202 loss 0.6911 accuracy 54.69%
[2026-05-04 20:03:16,863][src.modRNN.training.training_loop][INFO] - 	 Starting Epoch: 203
[2026-05-04 20:03:17,892][src.modRNN.training.training_loop][INFO] - train epoch 203 loss 0.6847 accuracy 62.50%
[2026-05-04 20:03:17,894][src.modRNN.training.training_loop][INFO] - 	 Starting Epoch: 204
[2026-05-04 20:03:18,926][src.modRNN.training.training_loop][INFO] - train epoch 204 loss 0.6878 accuracy 54.69%
[2026-05-04 20:03:18,927][src.modRNN.training.training_loop][INFO] - 	 Starting Epoch: 205
[2026-05-04 20:03:19,957][src.modRNN.training.training_loop][INFO] - train epoch 205 loss 0.6850 accuracy 65.62%
[2026-05-04 20:03:19,958][src.modRNN.training.training_loop][INFO] - 	 Starting Epoch: 206
[2026-05-04 20:03:20,989][src.modRNN.training.training_loop][INFO] - train epoch 206 loss 0.6838 accuracy 64.06%
[2026-05-04 20:03:20,991][src.modRNN.training.training_loop][INFO] - 	 Starting Epoch: 207
[2026-05-04 20:03:22,020][src.modRNN.training.training_loop][INFO] - train epoch 207 loss 0.6860 accuracy 64.06%
[2026-05-04 20:03:22,022][src.modRNN.training.training_loop][INFO] - 	 Starting Epoch: 208
[2026-05-04 20:03:23,050][src.modRNN.training.training_loop][INFO] - train epoch 208 loss 0.6801 accuracy 76.56%
[2026-05-04 20:03:23,051][src.modRNN.training.training_loop][INFO] - 	 Starting Epoch: 209
[2026-05-04 20:03:24,079][src.modRNN.training.training_loop][INFO] - train epoch 209 loss 0.6898 accuracy 51.56%
[2026-05-04 20:03:24,081][src.modRNN.training.training_loop][INFO] - 	 Starting Epoch: 210
[2026-05-04 20:03:25,114][src.modRNN.training.training_loop][INFO] - train epoch 210 loss 0.6908 accuracy 62.50%
[2026-05-04 20:03:25,115][src.modRNN.training.training_loop][INFO] - 	 Starting Epoch: 211
[2026-05-04 20:03:26,145][src.modRNN.training.training_loop][INFO] - train epoch 211 loss 0.6802 accuracy 64.06%
[2026-05-04 20:03:26,146][src.modRNN.training.training_loop][INFO] - 	 Starting Epoch: 212
[2026-05-04 20:03:27,179][src.modRNN.training.training_loop][INFO] - train epoch 212 loss 0.6852 accuracy 65.62%
[2026-05-04 20:03:27,180][src.modRNN.training.training_loop][INFO] - 	 Starting Epoch: 213
[2026-05-04 20:03:28,209][src.modRNN.training.training_loop][INFO] - train epoch 213 loss 0.6833 accuracy 62.50%
[2026-05-04 20:03:28,210][src.modRNN.training.training_loop][INFO] - 	 Starting Epoch: 214
[2026-05-04 20:03:29,240][src.modRNN.training.training_loop][INFO] - train epoch 214 loss 0.6772 accuracy 75.00%
[2026-05-04 20:03:29,242][src.modRNN.training.training_loop][INFO] - 	 Starting Epoch: 215
[2026-05-04 20:03:30,270][src.modRNN.training.training_loop][INFO] - train epoch 215 loss 0.6848 accuracy 65.62%
[2026-05-04 20:03:30,272][src.modRNN.training.training_loop][INFO] - 	 Starting Epoch: 216
[2026-05-04 20:03:31,303][src.modRNN.training.training_loop][INFO] - train epoch 216 loss 0.6893 accuracy 57.81%
[2026-05-04 20:03:31,304][src.modRNN.training.training_loop][INFO] - 	 Starting Epoch: 217
[2026-05-04 20:03:32,325][src.modRNN.training.training_loop][INFO] - train epoch 217 loss 0.6732 accuracy 67.19%
[2026-05-04 20:03:32,326][src.modRNN.training.training_loop][INFO] - 	 Starting Epoch: 218
[2026-05-04 20:03:33,351][src.modRNN.training.training_loop][INFO] - train epoch 218 loss 0.6813 accuracy 59.38%
[2026-05-04 20:03:33,352][src.modRNN.training.training_loop][INFO] - 	 Starting Epoch: 219
[2026-05-04 20:03:34,372][src.modRNN.training.training_loop][INFO] - train epoch 219 loss 0.6890 accuracy 53.12%
[2026-05-04 20:03:34,374][src.modRNN.training.training_loop][INFO] - 	 Starting Epoch: 220
[2026-05-04 20:03:35,395][src.modRNN.training.training_loop][INFO] - train epoch 220 loss 0.6799 accuracy 64.06%
[2026-05-04 20:03:35,396][src.modRNN.training.training_loop][INFO] - 	 Starting Epoch: 221
[2026-05-04 20:03:36,416][src.modRNN.training.training_loop][INFO] - train epoch 221 loss 0.6835 accuracy 53.12%
[2026-05-04 20:03:36,417][src.modRNN.training.training_loop][INFO] - 	 Starting Epoch: 222
[2026-05-04 20:03:37,440][src.modRNN.training.training_loop][INFO] - train epoch 222 loss 0.6866 accuracy 57.81%
[2026-05-04 20:03:37,441][src.modRNN.training.training_loop][INFO] - 	 Starting Epoch: 223
[2026-05-04 20:03:38,461][src.modRNN.training.training_loop][INFO] - train epoch 223 loss 0.6901 accuracy 53.12%
[2026-05-04 20:03:38,463][src.modRNN.training.training_loop][INFO] - 	 Starting Epoch: 224
[2026-05-04 20:03:39,486][src.modRNN.training.training_loop][INFO] - train epoch 224 loss 0.6854 accuracy 50.00%
[2026-05-04 20:03:39,488][src.modRNN.training.training_loop][INFO] - 	 Starting Epoch: 225
[2026-05-04 20:03:40,508][src.modRNN.training.training_loop][INFO] - train epoch 225 loss 0.6890 accuracy 53.12%
[2026-05-04 20:03:40,510][src.modRNN.training.training_loop][INFO] - 	 Starting Epoch: 226
[2026-05-04 20:03:41,530][src.modRNN.training.training_loop][INFO] - train epoch 226 loss 0.6823 accuracy 60.94%
[2026-05-04 20:03:43,588][src.modRNN.training.training_loop][INFO] - eval  epoch 226 loss 0.6867 accuracy 58.40%
[2026-05-04 20:03:43,589][src.modRNN.training.training_loop][INFO] - 	 Starting Epoch: 227
[2026-05-04 20:03:44,613][src.modRNN.training.training_loop][INFO] - train epoch 227 loss 0.6788 accuracy 65.62%
[2026-05-04 20:03:44,614][src.modRNN.training.training_loop][INFO] - 	 Starting Epoch: 228
[2026-05-04 20:03:45,638][src.modRNN.training.training_loop][INFO] - train epoch 228 loss 0.6843 accuracy 54.69%
[2026-05-04 20:03:45,640][src.modRNN.training.training_loop][INFO] - 	 Starting Epoch: 229
[2026-05-04 20:03:46,664][src.modRNN.training.training_loop][INFO] - train epoch 229 loss 0.6829 accuracy 57.81%
[2026-05-04 20:03:46,665][src.modRNN.training.training_loop][INFO] - 	 Starting Epoch: 230
[2026-05-04 20:03:47,686][src.modRNN.training.training_loop][INFO] - train epoch 230 loss 0.6830 accuracy 60.94%
[2026-05-04 20:03:47,688][src.modRNN.training.training_loop][INFO] - 	 Starting Epoch: 231
[2026-05-04 20:03:48,712][src.modRNN.training.training_loop][INFO] - train epoch 231 loss 0.6789 accuracy 62.50%
[2026-05-04 20:03:48,714][src.modRNN.training.training_loop][INFO] - 	 Starting Epoch: 232
[2026-05-04 20:03:49,736][src.modRNN.training.training_loop][INFO] - train epoch 232 loss 0.6902 accuracy 57.81%
[2026-05-04 20:03:49,737][src.modRNN.training.training_loop][INFO] - 	 Starting Epoch: 233
[2026-05-04 20:03:50,759][src.modRNN.training.training_loop][INFO] - train epoch 233 loss 0.6799 accuracy 65.62%
[2026-05-04 20:03:50,760][src.modRNN.training.training_loop][INFO] - 	 Starting Epoch: 234
[2026-05-04 20:03:51,783][src.modRNN.training.training_loop][INFO] - train epoch 234 loss 0.6826 accuracy 56.25%
[2026-05-04 20:03:51,785][src.modRNN.training.training_loop][INFO] - 	 Starting Epoch: 235
[2026-05-04 20:03:52,810][src.modRNN.training.training_loop][INFO] - train epoch 235 loss 0.6822 accuracy 65.62%
[2026-05-04 20:03:52,811][src.modRNN.training.training_loop][INFO] - 	 Starting Epoch: 236
[2026-05-04 20:03:53,831][src.modRNN.training.training_loop][INFO] - train epoch 236 loss 0.6728 accuracy 68.75%
[2026-05-04 20:03:53,832][src.modRNN.training.training_loop][INFO] - 	 Starting Epoch: 237
[2026-05-04 20:03:54,856][src.modRNN.training.training_loop][INFO] - train epoch 237 loss 0.6849 accuracy 59.38%
[2026-05-04 20:03:54,857][src.modRNN.training.training_loop][INFO] - 	 Starting Epoch: 238
[2026-05-04 20:03:55,878][src.modRNN.training.training_loop][INFO] - train epoch 238 loss 0.6909 accuracy 51.56%
[2026-05-04 20:03:55,879][src.modRNN.training.training_loop][INFO] - 	 Starting Epoch: 239
[2026-05-04 20:03:56,900][src.modRNN.training.training_loop][INFO] - train epoch 239 loss 0.6880 accuracy 54.69%
[2026-05-04 20:03:56,901][src.modRNN.training.training_loop][INFO] - 	 Starting Epoch: 240
[2026-05-04 20:03:57,922][src.modRNN.training.training_loop][INFO] - train epoch 240 loss 0.6734 accuracy 68.75%
[2026-05-04 20:03:57,924][src.modRNN.training.training_loop][INFO] - 	 Starting Epoch: 241
[2026-05-04 20:03:58,948][src.modRNN.training.training_loop][INFO] - train epoch 241 loss 0.6904 accuracy 56.25%
[2026-05-04 20:03:58,949][src.modRNN.training.training_loop][INFO] - 	 Starting Epoch: 242
[2026-05-04 20:03:59,973][src.modRNN.training.training_loop][INFO] - train epoch 242 loss 0.6747 accuracy 64.06%
[2026-05-04 20:03:59,974][src.modRNN.training.training_loop][INFO] - 	 Starting Epoch: 243
[2026-05-04 20:04:01,000][src.modRNN.training.training_loop][INFO] - train epoch 243 loss 0.6808 accuracy 62.50%
[2026-05-04 20:04:01,001][src.modRNN.training.training_loop][INFO] - 	 Starting Epoch: 244
[2026-05-04 20:04:02,034][src.modRNN.training.training_loop][INFO] - train epoch 244 loss 0.6707 accuracy 70.31%
[2026-05-04 20:04:02,036][src.modRNN.training.training_loop][INFO] - 	 Starting Epoch: 245
[2026-05-04 20:04:03,068][src.modRNN.training.training_loop][INFO] - train epoch 245 loss 0.6795 accuracy 57.81%
[2026-05-04 20:04:03,069][src.modRNN.training.training_loop][INFO] - 	 Starting Epoch: 246
[2026-05-04 20:04:04,100][src.modRNN.training.training_loop][INFO] - train epoch 246 loss 0.6892 accuracy 57.81%
[2026-05-04 20:04:04,101][src.modRNN.training.training_loop][INFO] - 	 Starting Epoch: 247
[2026-05-04 20:04:05,134][src.modRNN.training.training_loop][INFO] - train epoch 247 loss 0.6846 accuracy 57.81%
[2026-05-04 20:04:05,135][src.modRNN.training.training_loop][INFO] - 	 Starting Epoch: 248
[2026-05-04 20:04:06,165][src.modRNN.training.training_loop][INFO] - train epoch 248 loss 0.6882 accuracy 53.12%
[2026-05-04 20:04:06,166][src.modRNN.training.training_loop][INFO] - 	 Starting Epoch: 249
[2026-05-04 20:04:07,199][src.modRNN.training.training_loop][INFO] - train epoch 249 loss 0.6759 accuracy 64.06%
[2026-05-04 20:04:07,200][src.modRNN.training.training_loop][INFO] - 	 Starting Epoch: 250
[2026-05-04 20:04:08,231][src.modRNN.training.training_loop][INFO] - train epoch 250 loss 0.6895 accuracy 54.69%
[2026-05-04 20:04:08,233][src.modRNN.training.training_loop][INFO] - 	 Starting Epoch: 251
[2026-05-04 20:04:09,262][src.modRNN.training.training_loop][INFO] - train epoch 251 loss 0.6798 accuracy 73.44%
[2026-05-04 20:04:11,323][src.modRNN.training.training_loop][INFO] - eval  epoch 251 loss 0.6843 accuracy 60.94%
[2026-05-04 20:04:11,325][src.modRNN.training.training_loop][INFO] - 	 Starting Epoch: 252
[2026-05-04 20:04:12,356][src.modRNN.training.training_loop][INFO] - train epoch 252 loss 0.6819 accuracy 65.62%
[2026-05-04 20:04:12,357][src.modRNN.training.training_loop][INFO] - 	 Starting Epoch: 253
[2026-05-04 20:04:13,385][src.modRNN.training.training_loop][INFO] - train epoch 253 loss 0.6844 accuracy 64.06%
[2026-05-04 20:04:13,386][src.modRNN.training.training_loop][INFO] - 	 Starting Epoch: 254
[2026-05-04 20:04:14,417][src.modRNN.training.training_loop][INFO] - train epoch 254 loss 0.6866 accuracy 60.94%
[2026-05-04 20:04:14,419][src.modRNN.training.training_loop][INFO] - 	 Starting Epoch: 255
[2026-05-04 20:04:15,449][src.modRNN.training.training_loop][INFO] - train epoch 255 loss 0.6750 accuracy 67.19%
[2026-05-04 20:04:15,450][src.modRNN.training.training_loop][INFO] - 	 Starting Epoch: 256
[2026-05-04 20:04:16,481][src.modRNN.training.training_loop][INFO] - train epoch 256 loss 0.6861 accuracy 59.38%
[2026-05-04 20:04:16,483][src.modRNN.training.training_loop][INFO] - 	 Starting Epoch: 257
[2026-05-04 20:04:17,514][src.modRNN.training.training_loop][INFO] - train epoch 257 loss 0.6822 accuracy 56.25%
[2026-05-04 20:04:17,516][src.modRNN.training.training_loop][INFO] - 	 Starting Epoch: 258
[2026-05-04 20:04:18,546][src.modRNN.training.training_loop][INFO] - train epoch 258 loss 0.6824 accuracy 65.62%
[2026-05-04 20:04:18,547][src.modRNN.training.training_loop][INFO] - 	 Starting Epoch: 259
[2026-05-04 20:04:19,574][src.modRNN.training.training_loop][INFO] - train epoch 259 loss 0.6806 accuracy 60.94%
[2026-05-04 20:04:19,576][src.modRNN.training.training_loop][INFO] - 	 Starting Epoch: 260
[2026-05-04 20:04:20,608][src.modRNN.training.training_loop][INFO] - train epoch 260 loss 0.6829 accuracy 60.94%
[2026-05-04 20:04:20,610][src.modRNN.training.training_loop][INFO] - 	 Starting Epoch: 261
[2026-05-04 20:04:21,638][src.modRNN.training.training_loop][INFO] - train epoch 261 loss 0.6839 accuracy 59.38%
[2026-05-04 20:04:21,640][src.modRNN.training.training_loop][INFO] - 	 Starting Epoch: 262
[2026-05-04 20:04:22,672][src.modRNN.training.training_loop][INFO] - train epoch 262 loss 0.6879 accuracy 53.12%
[2026-05-04 20:04:22,673][src.modRNN.training.training_loop][INFO] - 	 Starting Epoch: 263
[2026-05-04 20:04:23,702][src.modRNN.training.training_loop][INFO] - train epoch 263 loss 0.6873 accuracy 57.81%
[2026-05-04 20:04:23,703][src.modRNN.training.training_loop][INFO] - 	 Starting Epoch: 264
[2026-05-04 20:04:24,733][src.modRNN.training.training_loop][INFO] - train epoch 264 loss 0.6802 accuracy 64.06%
[2026-05-04 20:04:24,734][src.modRNN.training.training_loop][INFO] - 	 Starting Epoch: 265
[2026-05-04 20:04:25,761][src.modRNN.training.training_loop][INFO] - train epoch 265 loss 0.6801 accuracy 64.06%
[2026-05-04 20:04:25,763][src.modRNN.training.training_loop][INFO] - 	 Starting Epoch: 266
[2026-05-04 20:04:26,793][src.modRNN.training.training_loop][INFO] - train epoch 266 loss 0.6782 accuracy 64.06%
[2026-05-04 20:04:26,795][src.modRNN.training.training_loop][INFO] - 	 Starting Epoch: 267
[2026-05-04 20:04:27,824][src.modRNN.training.training_loop][INFO] - train epoch 267 loss 0.6711 accuracy 68.75%
[2026-05-04 20:04:27,825][src.modRNN.training.training_loop][INFO] - 	 Starting Epoch: 268
[2026-05-04 20:04:28,857][src.modRNN.training.training_loop][INFO] - train epoch 268 loss 0.6766 accuracy 67.19%
[2026-05-04 20:04:28,858][src.modRNN.training.training_loop][INFO] - 	 Starting Epoch: 269
[2026-05-04 20:04:29,887][src.modRNN.training.training_loop][INFO] - train epoch 269 loss 0.6763 accuracy 68.75%
[2026-05-04 20:04:29,888][src.modRNN.training.training_loop][INFO] - 	 Starting Epoch: 270
[2026-05-04 20:04:30,919][src.modRNN.training.training_loop][INFO] - train epoch 270 loss 0.6796 accuracy 60.94%
[2026-05-04 20:04:30,920][src.modRNN.training.training_loop][INFO] - 	 Starting Epoch: 271
[2026-05-04 20:04:31,944][src.modRNN.training.training_loop][INFO] - train epoch 271 loss 0.6843 accuracy 54.69%
[2026-05-04 20:04:31,945][src.modRNN.training.training_loop][INFO] - 	 Starting Epoch: 272
[2026-05-04 20:04:32,970][src.modRNN.training.training_loop][INFO] - train epoch 272 loss 0.6858 accuracy 59.38%
[2026-05-04 20:04:32,972][src.modRNN.training.training_loop][INFO] - 	 Starting Epoch: 273
[2026-05-04 20:04:33,993][src.modRNN.training.training_loop][INFO] - train epoch 273 loss 0.6862 accuracy 60.94%
[2026-05-04 20:04:33,994][src.modRNN.training.training_loop][INFO] - 	 Starting Epoch: 274
[2026-05-04 20:04:35,018][src.modRNN.training.training_loop][INFO] - train epoch 274 loss 0.6836 accuracy 70.31%
[2026-05-04 20:04:35,020][src.modRNN.training.training_loop][INFO] - 	 Starting Epoch: 275
[2026-05-04 20:04:36,041][src.modRNN.training.training_loop][INFO] - train epoch 275 loss 0.6779 accuracy 60.94%
[2026-05-04 20:04:36,043][src.modRNN.training.training_loop][INFO] - 	 Starting Epoch: 276
[2026-05-04 20:04:37,063][src.modRNN.training.training_loop][INFO] - train epoch 276 loss 0.6739 accuracy 71.88%
[2026-05-04 20:04:39,118][src.modRNN.training.training_loop][INFO] - eval  epoch 276 loss 0.6824 accuracy 61.13%
[2026-05-04 20:04:39,120][src.modRNN.training.training_loop][INFO] - 	 Starting Epoch: 277
[2026-05-04 20:04:40,142][src.modRNN.training.training_loop][INFO] - train epoch 277 loss 0.6749 accuracy 65.62%
[2026-05-04 20:04:40,143][src.modRNN.training.training_loop][INFO] - 	 Starting Epoch: 278
[2026-05-04 20:04:41,166][src.modRNN.training.training_loop][INFO] - train epoch 278 loss 0.6694 accuracy 71.88%
[2026-05-04 20:04:41,167][src.modRNN.training.training_loop][INFO] - 	 Starting Epoch: 279
[2026-05-04 20:04:42,201][src.modRNN.training.training_loop][INFO] - train epoch 279 loss 0.6861 accuracy 56.25%
[2026-05-04 20:04:42,202][src.modRNN.training.training_loop][INFO] - 	 Starting Epoch: 280
[2026-05-04 20:04:43,285][src.modRNN.training.training_loop][INFO] - train epoch 280 loss 0.6896 accuracy 60.94%
[2026-05-04 20:04:43,287][src.modRNN.training.training_loop][INFO] - 	 Starting Epoch: 281
[2026-05-04 20:04:44,318][src.modRNN.training.training_loop][INFO] - train epoch 281 loss 0.6807 accuracy 65.62%
[2026-05-04 20:04:44,320][src.modRNN.training.training_loop][INFO] - 	 Starting Epoch: 282
[2026-05-04 20:04:45,342][src.modRNN.training.training_loop][INFO] - train epoch 282 loss 0.6772 accuracy 70.31%
[2026-05-04 20:04:45,344][src.modRNN.training.training_loop][INFO] - 	 Starting Epoch: 283
[2026-05-04 20:04:46,365][src.modRNN.training.training_loop][INFO] - train epoch 283 loss 0.6819 accuracy 59.38%
[2026-05-04 20:04:46,366][src.modRNN.training.training_loop][INFO] - 	 Starting Epoch: 284
[2026-05-04 20:04:47,385][src.modRNN.training.training_loop][INFO] - train epoch 284 loss 0.6750 accuracy 71.88%
[2026-05-04 20:04:47,387][src.modRNN.training.training_loop][INFO] - 	 Starting Epoch: 285
[2026-05-04 20:04:48,412][src.modRNN.training.training_loop][INFO] - train epoch 285 loss 0.6763 accuracy 68.75%
[2026-05-04 20:04:48,413][src.modRNN.training.training_loop][INFO] - 	 Starting Epoch: 286
[2026-05-04 20:04:49,434][src.modRNN.training.training_loop][INFO] - train epoch 286 loss 0.6834 accuracy 62.50%
[2026-05-04 20:04:49,435][src.modRNN.training.training_loop][INFO] - 	 Starting Epoch: 287
[2026-05-04 20:04:50,461][src.modRNN.training.training_loop][INFO] - train epoch 287 loss 0.6781 accuracy 62.50%
[2026-05-04 20:04:50,462][src.modRNN.training.training_loop][INFO] - 	 Starting Epoch: 288
[2026-05-04 20:04:51,484][src.modRNN.training.training_loop][INFO] - train epoch 288 loss 0.6838 accuracy 59.38%
[2026-05-04 20:04:51,486][src.modRNN.training.training_loop][INFO] - 	 Starting Epoch: 289
[2026-05-04 20:04:52,506][src.modRNN.training.training_loop][INFO] - train epoch 289 loss 0.6727 accuracy 67.19%
[2026-05-04 20:04:52,508][src.modRNN.training.training_loop][INFO] - 	 Starting Epoch: 290
[2026-05-04 20:04:53,530][src.modRNN.training.training_loop][INFO] - train epoch 290 loss 0.6593 accuracy 78.12%
[2026-05-04 20:04:53,531][src.modRNN.training.training_loop][INFO] - 	 Starting Epoch: 291
[2026-05-04 20:04:54,558][src.modRNN.training.training_loop][INFO] - train epoch 291 loss 0.6848 accuracy 60.94%
[2026-05-04 20:04:54,559][src.modRNN.training.training_loop][INFO] - 	 Starting Epoch: 292
[2026-05-04 20:04:55,581][src.modRNN.training.training_loop][INFO] - train epoch 292 loss 0.6720 accuracy 65.62%
[2026-05-04 20:04:55,582][src.modRNN.training.training_loop][INFO] - 	 Starting Epoch: 293
[2026-05-04 20:04:56,606][src.modRNN.training.training_loop][INFO] - train epoch 293 loss 0.6851 accuracy 56.25%
[2026-05-04 20:04:56,607][src.modRNN.training.training_loop][INFO] - 	 Starting Epoch: 294
[2026-05-04 20:04:57,632][src.modRNN.training.training_loop][INFO] - train epoch 294 loss 0.6847 accuracy 59.38%
[2026-05-04 20:04:57,634][src.modRNN.training.training_loop][INFO] - 	 Starting Epoch: 295
[2026-05-04 20:04:58,658][src.modRNN.training.training_loop][INFO] - train epoch 295 loss 0.6766 accuracy 67.19%
[2026-05-04 20:04:58,660][src.modRNN.training.training_loop][INFO] - 	 Starting Epoch: 296
[2026-05-04 20:04:59,683][src.modRNN.training.training_loop][INFO] - train epoch 296 loss 0.6811 accuracy 67.19%
[2026-05-04 20:04:59,685][src.modRNN.training.training_loop][INFO] - 	 Starting Epoch: 297
[2026-05-04 20:05:00,709][src.modRNN.training.training_loop][INFO] - train epoch 297 loss 0.6675 accuracy 75.00%
[2026-05-04 20:05:00,711][src.modRNN.training.training_loop][INFO] - 	 Starting Epoch: 298
[2026-05-04 20:05:01,749][src.modRNN.training.training_loop][INFO] - train epoch 298 loss 0.6860 accuracy 53.12%
[2026-05-04 20:05:01,750][src.modRNN.training.training_loop][INFO] - 	 Starting Epoch: 299
[2026-05-04 20:05:02,786][src.modRNN.training.training_loop][INFO] - train epoch 299 loss 0.6824 accuracy 54.69%
[2026-05-04 20:05:02,787][src.modRNN.training.training_loop][INFO] - 	 Starting Epoch: 300
[2026-05-04 20:05:03,817][src.modRNN.training.training_loop][INFO] - train epoch 300 loss 0.6789 accuracy 67.19%
[2026-05-04 20:05:03,819][src.modRNN.training.training_loop][INFO] - 	 Starting Epoch: 301
[2026-05-04 20:05:04,848][src.modRNN.training.training_loop][INFO] - train epoch 301 loss 0.6783 accuracy 70.31%
[2026-05-04 20:05:06,905][src.modRNN.training.training_loop][INFO] - eval  epoch 301 loss 0.6800 accuracy 63.67%
[2026-05-04 20:05:06,907][src.modRNN.training.training_loop][INFO] - 	 Starting Epoch: 302
[2026-05-04 20:05:07,935][src.modRNN.training.training_loop][INFO] - train epoch 302 loss 0.6723 accuracy 71.88%
[2026-05-04 20:05:07,937][src.modRNN.training.training_loop][INFO] - 	 Starting Epoch: 303
[2026-05-04 20:05:08,967][src.modRNN.training.training_loop][INFO] - train epoch 303 loss 0.6798 accuracy 67.19%
[2026-05-04 20:05:08,969][src.modRNN.training.training_loop][INFO] - 	 Starting Epoch: 304
[2026-05-04 20:05:10,002][src.modRNN.training.training_loop][INFO] - train epoch 304 loss 0.6716 accuracy 67.19%
[2026-05-04 20:05:10,003][src.modRNN.training.training_loop][INFO] - 	 Starting Epoch: 305
[2026-05-04 20:05:11,035][src.modRNN.training.training_loop][INFO] - train epoch 305 loss 0.6830 accuracy 67.19%
[2026-05-04 20:05:11,036][src.modRNN.training.training_loop][INFO] - 	 Starting Epoch: 306
[2026-05-04 20:05:12,068][src.modRNN.training.training_loop][INFO] - train epoch 306 loss 0.6693 accuracy 71.88%
[2026-05-04 20:05:12,069][src.modRNN.training.training_loop][INFO] - 	 Starting Epoch: 307
[2026-05-04 20:05:13,102][src.modRNN.training.training_loop][INFO] - train epoch 307 loss 0.6770 accuracy 60.94%
[2026-05-04 20:05:13,104][src.modRNN.training.training_loop][INFO] - 	 Starting Epoch: 308
[2026-05-04 20:05:14,134][src.modRNN.training.training_loop][INFO] - train epoch 308 loss 0.6849 accuracy 62.50%
[2026-05-04 20:05:14,136][src.modRNN.training.training_loop][INFO] - 	 Starting Epoch: 309
[2026-05-04 20:05:15,165][src.modRNN.training.training_loop][INFO] - train epoch 309 loss 0.6889 accuracy 65.62%
[2026-05-04 20:05:15,166][src.modRNN.training.training_loop][INFO] - 	 Starting Epoch: 310
[2026-05-04 20:05:16,197][src.modRNN.training.training_loop][INFO] - train epoch 310 loss 0.6745 accuracy 65.62%
[2026-05-04 20:05:16,198][src.modRNN.training.training_loop][INFO] - 	 Starting Epoch: 311
[2026-05-04 20:05:17,228][src.modRNN.training.training_loop][INFO] - train epoch 311 loss 0.6687 accuracy 73.44%
[2026-05-04 20:05:17,229][src.modRNN.training.training_loop][INFO] - 	 Starting Epoch: 312
[2026-05-04 20:05:18,259][src.modRNN.training.training_loop][INFO] - train epoch 312 loss 0.6669 accuracy 68.75%
[2026-05-04 20:05:18,261][src.modRNN.training.training_loop][INFO] - 	 Starting Epoch: 313
[2026-05-04 20:05:19,291][src.modRNN.training.training_loop][INFO] - train epoch 313 loss 0.6783 accuracy 65.62%
[2026-05-04 20:05:19,293][src.modRNN.training.training_loop][INFO] - 	 Starting Epoch: 314
[2026-05-04 20:05:20,322][src.modRNN.training.training_loop][INFO] - train epoch 314 loss 0.6628 accuracy 73.44%
[2026-05-04 20:05:20,324][src.modRNN.training.training_loop][INFO] - 	 Starting Epoch: 315
[2026-05-04 20:05:21,352][src.modRNN.training.training_loop][INFO] - train epoch 315 loss 0.6814 accuracy 56.25%
[2026-05-04 20:05:21,353][src.modRNN.training.training_loop][INFO] - 	 Starting Epoch: 316
[2026-05-04 20:05:22,388][src.modRNN.training.training_loop][INFO] - train epoch 316 loss 0.6788 accuracy 57.81%
[2026-05-04 20:05:22,390][src.modRNN.training.training_loop][INFO] - 	 Starting Epoch: 317
[2026-05-04 20:05:23,420][src.modRNN.training.training_loop][INFO] - train epoch 317 loss 0.6726 accuracy 64.06%
[2026-05-04 20:05:23,421][src.modRNN.training.training_loop][INFO] - 	 Starting Epoch: 318
[2026-05-04 20:05:24,453][src.modRNN.training.training_loop][INFO] - train epoch 318 loss 0.6729 accuracy 67.19%
[2026-05-04 20:05:24,454][src.modRNN.training.training_loop][INFO] - 	 Starting Epoch: 319
[2026-05-04 20:05:25,482][src.modRNN.training.training_loop][INFO] - train epoch 319 loss 0.6742 accuracy 65.62%
[2026-05-04 20:05:25,484][src.modRNN.training.training_loop][INFO] - 	 Starting Epoch: 320
[2026-05-04 20:05:26,513][src.modRNN.training.training_loop][INFO] - train epoch 320 loss 0.6786 accuracy 60.94%
[2026-05-04 20:05:26,514][src.modRNN.training.training_loop][INFO] - 	 Starting Epoch: 321
[2026-05-04 20:05:27,544][src.modRNN.training.training_loop][INFO] - train epoch 321 loss 0.6728 accuracy 71.88%
[2026-05-04 20:05:27,546][src.modRNN.training.training_loop][INFO] - 	 Starting Epoch: 322
[2026-05-04 20:05:28,579][src.modRNN.training.training_loop][INFO] - train epoch 322 loss 0.6746 accuracy 59.38%
[2026-05-04 20:05:28,581][src.modRNN.training.training_loop][INFO] - 	 Starting Epoch: 323
[2026-05-04 20:05:29,611][src.modRNN.training.training_loop][INFO] - train epoch 323 loss 0.6815 accuracy 62.50%
[2026-05-04 20:05:29,612][src.modRNN.training.training_loop][INFO] - 	 Starting Epoch: 324
[2026-05-04 20:05:30,641][src.modRNN.training.training_loop][INFO] - train epoch 324 loss 0.6838 accuracy 64.06%
[2026-05-04 20:05:30,642][src.modRNN.training.training_loop][INFO] - 	 Starting Epoch: 325
[2026-05-04 20:05:31,672][src.modRNN.training.training_loop][INFO] - train epoch 325 loss 0.6578 accuracy 84.38%
[2026-05-04 20:05:31,674][src.modRNN.training.training_loop][INFO] - 	 Starting Epoch: 326
[2026-05-04 20:05:32,695][src.modRNN.training.training_loop][INFO] - train epoch 326 loss 0.6753 accuracy 71.88%
[2026-05-04 20:05:34,754][src.modRNN.training.training_loop][INFO] - eval  epoch 326 loss 0.6792 accuracy 64.65%
[2026-05-04 20:05:34,756][src.modRNN.training.training_loop][INFO] - 	 Starting Epoch: 327
[2026-05-04 20:05:35,778][src.modRNN.training.training_loop][INFO] - train epoch 327 loss 0.6791 accuracy 70.31%
[2026-05-04 20:05:35,779][src.modRNN.training.training_loop][INFO] - 	 Starting Epoch: 328
[2026-05-04 20:05:36,800][src.modRNN.training.training_loop][INFO] - train epoch 328 loss 0.6816 accuracy 62.50%
[2026-05-04 20:05:36,802][src.modRNN.training.training_loop][INFO] - 	 Starting Epoch: 329
[2026-05-04 20:05:37,825][src.modRNN.training.training_loop][INFO] - train epoch 329 loss 0.6748 accuracy 65.62%
[2026-05-04 20:05:37,827][src.modRNN.training.training_loop][INFO] - 	 Starting Epoch: 330
[2026-05-04 20:05:38,849][src.modRNN.training.training_loop][INFO] - train epoch 330 loss 0.6740 accuracy 65.62%
[2026-05-04 20:05:38,850][src.modRNN.training.training_loop][INFO] - 	 Starting Epoch: 331
[2026-05-04 20:05:39,873][src.modRNN.training.training_loop][INFO] - train epoch 331 loss 0.6754 accuracy 62.50%
[2026-05-04 20:05:39,874][src.modRNN.training.training_loop][INFO] - 	 Starting Epoch: 332
[2026-05-04 20:05:40,896][src.modRNN.training.training_loop][INFO] - train epoch 332 loss 0.6678 accuracy 75.00%
[2026-05-04 20:05:40,898][src.modRNN.training.training_loop][INFO] - 	 Starting Epoch: 333
[2026-05-04 20:05:41,921][src.modRNN.training.training_loop][INFO] - train epoch 333 loss 0.6798 accuracy 68.75%
[2026-05-04 20:05:41,922][src.modRNN.training.training_loop][INFO] - 	 Starting Epoch: 334
[2026-05-04 20:05:43,001][src.modRNN.training.training_loop][INFO] - train epoch 334 loss 0.6761 accuracy 62.50%
[2026-05-04 20:05:43,003][src.modRNN.training.training_loop][INFO] - 	 Starting Epoch: 335
[2026-05-04 20:05:44,047][src.modRNN.training.training_loop][INFO] - train epoch 335 loss 0.6804 accuracy 62.50%
[2026-05-04 20:05:44,049][src.modRNN.training.training_loop][INFO] - 	 Starting Epoch: 336
[2026-05-04 20:05:45,076][src.modRNN.training.training_loop][INFO] - train epoch 336 loss 0.6695 accuracy 64.06%
[2026-05-04 20:05:45,077][src.modRNN.training.training_loop][INFO] - 	 Starting Epoch: 337
[2026-05-04 20:05:46,099][src.modRNN.training.training_loop][INFO] - train epoch 337 loss 0.6730 accuracy 60.94%
[2026-05-04 20:05:46,100][src.modRNN.training.training_loop][INFO] - 	 Starting Epoch: 338
[2026-05-04 20:05:47,127][src.modRNN.training.training_loop][INFO] - train epoch 338 loss 0.6886 accuracy 50.00%
[2026-05-04 20:05:47,128][src.modRNN.training.training_loop][INFO] - 	 Starting Epoch: 339
[2026-05-04 20:05:48,148][src.modRNN.training.training_loop][INFO] - train epoch 339 loss 0.6581 accuracy 78.12%
[2026-05-04 20:05:48,150][src.modRNN.training.training_loop][INFO] - 	 Starting Epoch: 340
[2026-05-04 20:05:49,176][src.modRNN.training.training_loop][INFO] - train epoch 340 loss 0.6528 accuracy 73.44%
[2026-05-04 20:05:49,177][src.modRNN.training.training_loop][INFO] - 	 Starting Epoch: 341
[2026-05-04 20:05:50,203][src.modRNN.training.training_loop][INFO] - train epoch 341 loss 0.6736 accuracy 65.62%
[2026-05-04 20:05:50,205][src.modRNN.training.training_loop][INFO] - 	 Starting Epoch: 342
[2026-05-04 20:05:51,234][src.modRNN.training.training_loop][INFO] - train epoch 342 loss 0.6884 accuracy 56.25%
[2026-05-04 20:05:51,235][src.modRNN.training.training_loop][INFO] - 	 Starting Epoch: 343
[2026-05-04 20:05:52,259][src.modRNN.training.training_loop][INFO] - train epoch 343 loss 0.6825 accuracy 62.50%
[2026-05-04 20:05:52,260][src.modRNN.training.training_loop][INFO] - 	 Starting Epoch: 344
[2026-05-04 20:05:53,285][src.modRNN.training.training_loop][INFO] - train epoch 344 loss 0.6768 accuracy 65.62%
[2026-05-04 20:05:53,287][src.modRNN.training.training_loop][INFO] - 	 Starting Epoch: 345
[2026-05-04 20:05:54,306][src.modRNN.training.training_loop][INFO] - train epoch 345 loss 0.6810 accuracy 57.81%
[2026-05-04 20:05:54,308][src.modRNN.training.training_loop][INFO] - 	 Starting Epoch: 346
[2026-05-04 20:05:55,332][src.modRNN.training.training_loop][INFO] - train epoch 346 loss 0.6619 accuracy 71.88%
[2026-05-04 20:05:55,333][src.modRNN.training.training_loop][INFO] - 	 Starting Epoch: 347
[2026-05-04 20:05:56,358][src.modRNN.training.training_loop][INFO] - train epoch 347 loss 0.6690 accuracy 65.62%
[2026-05-04 20:05:56,359][src.modRNN.training.training_loop][INFO] - 	 Starting Epoch: 348
[2026-05-04 20:05:57,386][src.modRNN.training.training_loop][INFO] - train epoch 348 loss 0.6752 accuracy 68.75%
[2026-05-04 20:05:57,387][src.modRNN.training.training_loop][INFO] - 	 Starting Epoch: 349
[2026-05-04 20:05:58,412][src.modRNN.training.training_loop][INFO] - train epoch 349 loss 0.6722 accuracy 65.62%
[2026-05-04 20:05:58,413][src.modRNN.training.training_loop][INFO] - 	 Starting Epoch: 350
[2026-05-04 20:05:59,439][src.modRNN.training.training_loop][INFO] - train epoch 350 loss 0.6721 accuracy 70.31%
[2026-05-04 20:05:59,441][src.modRNN.training.training_loop][INFO] - 	 Starting Epoch: 351
[2026-05-04 20:06:00,460][src.modRNN.training.training_loop][INFO] - train epoch 351 loss 0.6639 accuracy 75.00%
[2026-05-04 20:06:02,525][src.modRNN.training.training_loop][INFO] - eval  epoch 351 loss 0.6755 accuracy 64.65%
[2026-05-04 20:06:02,527][src.modRNN.training.training_loop][INFO] - 	 Starting Epoch: 352
[2026-05-04 20:06:03,556][src.modRNN.training.training_loop][INFO] - train epoch 352 loss 0.6667 accuracy 70.31%
[2026-05-04 20:06:03,558][src.modRNN.training.training_loop][INFO] - 	 Starting Epoch: 353
[2026-05-04 20:06:04,588][src.modRNN.training.training_loop][INFO] - train epoch 353 loss 0.6829 accuracy 54.69%
[2026-05-04 20:06:04,590][src.modRNN.training.training_loop][INFO] - 	 Starting Epoch: 354
[2026-05-04 20:06:05,619][src.modRNN.training.training_loop][INFO] - train epoch 354 loss 0.6768 accuracy 65.62%
[2026-05-04 20:06:05,621][src.modRNN.training.training_loop][INFO] - 	 Starting Epoch: 355
[2026-05-04 20:06:06,653][src.modRNN.training.training_loop][INFO] - train epoch 355 loss 0.6717 accuracy 64.06%
[2026-05-04 20:06:06,654][src.modRNN.training.training_loop][INFO] - 	 Starting Epoch: 356
[2026-05-04 20:06:07,686][src.modRNN.training.training_loop][INFO] - train epoch 356 loss 0.6788 accuracy 68.75%
[2026-05-04 20:06:07,687][src.modRNN.training.training_loop][INFO] - 	 Starting Epoch: 357
[2026-05-04 20:06:08,720][src.modRNN.training.training_loop][INFO] - train epoch 357 loss 0.6744 accuracy 64.06%
[2026-05-04 20:06:08,722][src.modRNN.training.training_loop][INFO] - 	 Starting Epoch: 358
[2026-05-04 20:06:09,750][src.modRNN.training.training_loop][INFO] - train epoch 358 loss 0.6665 accuracy 67.19%
[2026-05-04 20:06:09,751][src.modRNN.training.training_loop][INFO] - 	 Starting Epoch: 359
[2026-05-04 20:06:10,783][src.modRNN.training.training_loop][INFO] - train epoch 359 loss 0.6771 accuracy 60.94%
[2026-05-04 20:06:10,785][src.modRNN.training.training_loop][INFO] - 	 Starting Epoch: 360
[2026-05-04 20:06:11,814][src.modRNN.training.training_loop][INFO] - train epoch 360 loss 0.6918 accuracy 56.25%
[2026-05-04 20:06:11,815][src.modRNN.training.training_loop][INFO] - 	 Starting Epoch: 361
[2026-05-04 20:06:12,849][src.modRNN.training.training_loop][INFO] - train epoch 361 loss 0.6665 accuracy 68.75%
[2026-05-04 20:06:12,850][src.modRNN.training.training_loop][INFO] - 	 Starting Epoch: 362
[2026-05-04 20:06:13,881][src.modRNN.training.training_loop][INFO] - train epoch 362 loss 0.6737 accuracy 67.19%
[2026-05-04 20:06:13,883][src.modRNN.training.training_loop][INFO] - 	 Starting Epoch: 363
[2026-05-04 20:06:14,917][src.modRNN.training.training_loop][INFO] - train epoch 363 loss 0.6718 accuracy 64.06%
[2026-05-04 20:06:14,919][src.modRNN.training.training_loop][INFO] - 	 Starting Epoch: 364
[2026-05-04 20:06:15,946][src.modRNN.training.training_loop][INFO] - train epoch 364 loss 0.6560 accuracy 75.00%
[2026-05-04 20:06:15,948][src.modRNN.training.training_loop][INFO] - 	 Starting Epoch: 365
[2026-05-04 20:06:16,980][src.modRNN.training.training_loop][INFO] - train epoch 365 loss 0.6663 accuracy 64.06%
[2026-05-04 20:06:16,981][src.modRNN.training.training_loop][INFO] - 	 Starting Epoch: 366
[2026-05-04 20:06:18,014][src.modRNN.training.training_loop][INFO] - train epoch 366 loss 0.6862 accuracy 57.81%
[2026-05-04 20:06:18,016][src.modRNN.training.training_loop][INFO] - 	 Starting Epoch: 367
[2026-05-04 20:06:19,052][src.modRNN.training.training_loop][INFO] - train epoch 367 loss 0.6889 accuracy 48.44%
[2026-05-04 20:06:19,053][src.modRNN.training.training_loop][INFO] - 	 Starting Epoch: 368
[2026-05-04 20:06:20,086][src.modRNN.training.training_loop][INFO] - train epoch 368 loss 0.6676 accuracy 65.62%
[2026-05-04 20:06:20,087][src.modRNN.training.training_loop][INFO] - 	 Starting Epoch: 369
[2026-05-04 20:06:21,121][src.modRNN.training.training_loop][INFO] - train epoch 369 loss 0.6966 accuracy 53.12%
[2026-05-04 20:06:21,122][src.modRNN.training.training_loop][INFO] - 	 Starting Epoch: 370
[2026-05-04 20:06:22,153][src.modRNN.training.training_loop][INFO] - train epoch 370 loss 0.6767 accuracy 68.75%
[2026-05-04 20:06:22,155][src.modRNN.training.training_loop][INFO] - 	 Starting Epoch: 371
[2026-05-04 20:06:23,190][src.modRNN.training.training_loop][INFO] - train epoch 371 loss 0.6730 accuracy 60.94%
[2026-05-04 20:06:23,191][src.modRNN.training.training_loop][INFO] - 	 Starting Epoch: 372
[2026-05-04 20:06:24,222][src.modRNN.training.training_loop][INFO] - train epoch 372 loss 0.6560 accuracy 78.12%
[2026-05-04 20:06:24,224][src.modRNN.training.training_loop][INFO] - 	 Starting Epoch: 373
[2026-05-04 20:06:25,257][src.modRNN.training.training_loop][INFO] - train epoch 373 loss 0.6669 accuracy 68.75%
[2026-05-04 20:06:25,258][src.modRNN.training.training_loop][INFO] - 	 Starting Epoch: 374
[2026-05-04 20:06:26,289][src.modRNN.training.training_loop][INFO] - train epoch 374 loss 0.6707 accuracy 70.31%
[2026-05-04 20:06:26,291][src.modRNN.training.training_loop][INFO] - 	 Starting Epoch: 375
[2026-05-04 20:06:27,324][src.modRNN.training.training_loop][INFO] - train epoch 375 loss 0.6794 accuracy 62.50%
[2026-05-04 20:06:27,325][src.modRNN.training.training_loop][INFO] - 	 Starting Epoch: 376
[2026-05-04 20:06:28,355][src.modRNN.training.training_loop][INFO] - train epoch 376 loss 0.6759 accuracy 65.62%
[2026-05-04 20:06:30,408][src.modRNN.training.training_loop][INFO] - eval  epoch 376 loss 0.6722 accuracy 65.62%
[2026-05-04 20:06:30,410][src.modRNN.training.training_loop][INFO] - 	 Starting Epoch: 377
[2026-05-04 20:06:31,437][src.modRNN.training.training_loop][INFO] - train epoch 377 loss 0.6761 accuracy 62.50%
[2026-05-04 20:06:31,438][src.modRNN.training.training_loop][INFO] - 	 Starting Epoch: 378
[2026-05-04 20:06:32,465][src.modRNN.training.training_loop][INFO] - train epoch 378 loss 0.6610 accuracy 70.31%
[2026-05-04 20:06:32,466][src.modRNN.training.training_loop][INFO] - 	 Starting Epoch: 379
[2026-05-04 20:06:33,491][src.modRNN.training.training_loop][INFO] - train epoch 379 loss 0.6596 accuracy 73.44%
[2026-05-04 20:06:33,493][src.modRNN.training.training_loop][INFO] - 	 Starting Epoch: 380
[2026-05-04 20:06:34,519][src.modRNN.training.training_loop][INFO] - train epoch 380 loss 0.6692 accuracy 73.44%
[2026-05-04 20:06:34,521][src.modRNN.training.training_loop][INFO] - 	 Starting Epoch: 381
[2026-05-04 20:06:35,544][src.modRNN.training.training_loop][INFO] - train epoch 381 loss 0.6728 accuracy 68.75%
[2026-05-04 20:06:35,545][src.modRNN.training.training_loop][INFO] - 	 Starting Epoch: 382
[2026-05-04 20:06:36,572][src.modRNN.training.training_loop][INFO] - train epoch 382 loss 0.6756 accuracy 59.38%
[2026-05-04 20:06:36,573][src.modRNN.training.training_loop][INFO] - 	 Starting Epoch: 383
[2026-05-04 20:06:37,593][src.modRNN.training.training_loop][INFO] - train epoch 383 loss 0.6830 accuracy 60.94%
[2026-05-04 20:06:37,595][src.modRNN.training.training_loop][INFO] - 	 Starting Epoch: 384
[2026-05-04 20:06:38,620][src.modRNN.training.training_loop][INFO] - train epoch 384 loss 0.6744 accuracy 62.50%
[2026-05-04 20:06:38,621][src.modRNN.training.training_loop][INFO] - 	 Starting Epoch: 385
[2026-05-04 20:06:39,644][src.modRNN.training.training_loop][INFO] - train epoch 385 loss 0.6863 accuracy 54.69%
[2026-05-04 20:06:39,645][src.modRNN.training.training_loop][INFO] - 	 Starting Epoch: 386
[2026-05-04 20:06:40,673][src.modRNN.training.training_loop][INFO] - train epoch 386 loss 0.6766 accuracy 56.25%
[2026-05-04 20:06:40,674][src.modRNN.training.training_loop][INFO] - 	 Starting Epoch: 387
[2026-05-04 20:06:41,697][src.modRNN.training.training_loop][INFO] - train epoch 387 loss 0.6593 accuracy 71.88%
[2026-05-04 20:06:41,698][src.modRNN.training.training_loop][INFO] - 	 Starting Epoch: 388
[2026-05-04 20:06:42,765][src.modRNN.training.training_loop][INFO] - train epoch 388 loss 0.6726 accuracy 65.62%
[2026-05-04 20:06:42,768][src.modRNN.training.training_loop][INFO] - 	 Starting Epoch: 389
[2026-05-04 20:06:43,820][src.modRNN.training.training_loop][INFO] - train epoch 389 loss 0.6830 accuracy 64.06%
[2026-05-04 20:06:43,821][src.modRNN.training.training_loop][INFO] - 	 Starting Epoch: 390
[2026-05-04 20:06:44,847][src.modRNN.training.training_loop][INFO] - train epoch 390 loss 0.6774 accuracy 59.38%
[2026-05-04 20:06:44,848][src.modRNN.training.training_loop][INFO] - 	 Starting Epoch: 391
[2026-05-04 20:06:45,871][src.modRNN.training.training_loop][INFO] - train epoch 391 loss 0.6763 accuracy 60.94%
[2026-05-04 20:06:45,873][src.modRNN.training.training_loop][INFO] - 	 Starting Epoch: 392
[2026-05-04 20:06:46,897][src.modRNN.training.training_loop][INFO] - train epoch 392 loss 0.6726 accuracy 62.50%
[2026-05-04 20:06:46,898][src.modRNN.training.training_loop][INFO] - 	 Starting Epoch: 393
[2026-05-04 20:06:47,921][src.modRNN.training.training_loop][INFO] - train epoch 393 loss 0.6759 accuracy 65.62%
[2026-05-04 20:06:47,922][src.modRNN.training.training_loop][INFO] - 	 Starting Epoch: 394
[2026-05-04 20:06:48,948][src.modRNN.training.training_loop][INFO] - train epoch 394 loss 0.6593 accuracy 76.56%
[2026-05-04 20:06:48,950][src.modRNN.training.training_loop][INFO] - 	 Starting Epoch: 395
[2026-05-04 20:06:49,971][src.modRNN.training.training_loop][INFO] - train epoch 395 loss 0.6810 accuracy 56.25%
[2026-05-04 20:06:49,973][src.modRNN.training.training_loop][INFO] - 	 Starting Epoch: 396
[2026-05-04 20:06:50,998][src.modRNN.training.training_loop][INFO] - train epoch 396 loss 0.6849 accuracy 57.81%
[2026-05-04 20:06:50,999][src.modRNN.training.training_loop][INFO] - 	 Starting Epoch: 397
[2026-05-04 20:06:52,022][src.modRNN.training.training_loop][INFO] - train epoch 397 loss 0.6700 accuracy 64.06%
[2026-05-04 20:06:52,023][src.modRNN.training.training_loop][INFO] - 	 Starting Epoch: 398
[2026-05-04 20:06:53,048][src.modRNN.training.training_loop][INFO] - train epoch 398 loss 0.6677 accuracy 64.06%
[2026-05-04 20:06:53,050][src.modRNN.training.training_loop][INFO] - 	 Starting Epoch: 399
[2026-05-04 20:06:54,074][src.modRNN.training.training_loop][INFO] - train epoch 399 loss 0.6528 accuracy 75.00%
[2026-05-04 20:06:54,076][src.modRNN.training.training_loop][INFO] - 	 Starting Epoch: 400
[2026-05-04 20:06:55,100][src.modRNN.training.training_loop][INFO] - train epoch 400 loss 0.6624 accuracy 71.88%
[2026-05-04 20:06:55,101][src.modRNN.training.training_loop][INFO] - 	 Starting Epoch: 401
[2026-05-04 20:06:56,124][src.modRNN.training.training_loop][INFO] - train epoch 401 loss 0.6608 accuracy 71.88%
[2026-05-04 20:06:58,178][src.modRNN.training.training_loop][INFO] - eval  epoch 401 loss 0.6701 accuracy 67.58%
[2026-05-04 20:06:58,180][src.modRNN.training.training_loop][INFO] - 	 Starting Epoch: 402
[2026-05-04 20:06:59,202][src.modRNN.training.training_loop][INFO] - train epoch 402 loss 0.6700 accuracy 67.19%
[2026-05-04 20:06:59,204][src.modRNN.training.training_loop][INFO] - 	 Starting Epoch: 403
[2026-05-04 20:07:00,228][src.modRNN.training.training_loop][INFO] - train epoch 403 loss 0.6617 accuracy 79.69%
[2026-05-04 20:07:00,229][src.modRNN.training.training_loop][INFO] - 	 Starting Epoch: 404
[2026-05-04 20:07:01,251][src.modRNN.training.training_loop][INFO] - train epoch 404 loss 0.6798 accuracy 57.81%
[2026-05-04 20:07:01,252][src.modRNN.training.training_loop][INFO] - 	 Starting Epoch: 405
[2026-05-04 20:07:02,288][src.modRNN.training.training_loop][INFO] - train epoch 405 loss 0.6734 accuracy 62.50%
[2026-05-04 20:07:02,289][src.modRNN.training.training_loop][INFO] - 	 Starting Epoch: 406
[2026-05-04 20:07:03,322][src.modRNN.training.training_loop][INFO] - train epoch 406 loss 0.6737 accuracy 62.50%
[2026-05-04 20:07:03,323][src.modRNN.training.training_loop][INFO] - 	 Starting Epoch: 407
[2026-05-04 20:07:04,357][src.modRNN.training.training_loop][INFO] - train epoch 407 loss 0.6698 accuracy 70.31%
[2026-05-04 20:07:04,359][src.modRNN.training.training_loop][INFO] - 	 Starting Epoch: 408
[2026-05-04 20:07:05,388][src.modRNN.training.training_loop][INFO] - train epoch 408 loss 0.6633 accuracy 73.44%
[2026-05-04 20:07:05,389][src.modRNN.training.training_loop][INFO] - 	 Starting Epoch: 409
[2026-05-04 20:07:06,423][src.modRNN.training.training_loop][INFO] - train epoch 409 loss 0.6763 accuracy 62.50%
[2026-05-04 20:07:06,424][src.modRNN.training.training_loop][INFO] - 	 Starting Epoch: 410
[2026-05-04 20:07:07,457][src.modRNN.training.training_loop][INFO] - train epoch 410 loss 0.6651 accuracy 70.31%
[2026-05-04 20:07:07,458][src.modRNN.training.training_loop][INFO] - 	 Starting Epoch: 411
[2026-05-04 20:07:08,492][src.modRNN.training.training_loop][INFO] - train epoch 411 loss 0.6773 accuracy 70.31%
[2026-05-04 20:07:08,493][src.modRNN.training.training_loop][INFO] - 	 Starting Epoch: 412
[2026-05-04 20:07:09,524][src.modRNN.training.training_loop][INFO] - train epoch 412 loss 0.6652 accuracy 71.88%
[2026-05-04 20:07:09,525][src.modRNN.training.training_loop][INFO] - 	 Starting Epoch: 413
[2026-05-04 20:07:10,560][src.modRNN.training.training_loop][INFO] - train epoch 413 loss 0.6784 accuracy 65.62%
[2026-05-04 20:07:10,562][src.modRNN.training.training_loop][INFO] - 	 Starting Epoch: 414
[2026-05-04 20:07:11,592][src.modRNN.training.training_loop][INFO] - train epoch 414 loss 0.6727 accuracy 62.50%
[2026-05-04 20:07:11,594][src.modRNN.training.training_loop][INFO] - 	 Starting Epoch: 415
[2026-05-04 20:07:12,625][src.modRNN.training.training_loop][INFO] - train epoch 415 loss 0.6692 accuracy 65.62%
[2026-05-04 20:07:12,627][src.modRNN.training.training_loop][INFO] - 	 Starting Epoch: 416
[2026-05-04 20:07:13,657][src.modRNN.training.training_loop][INFO] - train epoch 416 loss 0.6682 accuracy 65.62%
[2026-05-04 20:07:13,658][src.modRNN.training.training_loop][INFO] - 	 Starting Epoch: 417
[2026-05-04 20:07:14,691][src.modRNN.training.training_loop][INFO] - train epoch 417 loss 0.6650 accuracy 70.31%
[2026-05-04 20:07:14,693][src.modRNN.training.training_loop][INFO] - 	 Starting Epoch: 418
[2026-05-04 20:07:15,723][src.modRNN.training.training_loop][INFO] - train epoch 418 loss 0.6696 accuracy 70.31%
[2026-05-04 20:07:15,724][src.modRNN.training.training_loop][INFO] - 	 Starting Epoch: 419
[2026-05-04 20:07:16,757][src.modRNN.training.training_loop][INFO] - train epoch 419 loss 0.6679 accuracy 73.44%
[2026-05-04 20:07:16,759][src.modRNN.training.training_loop][INFO] - 	 Starting Epoch: 420
[2026-05-04 20:07:17,789][src.modRNN.training.training_loop][INFO] - train epoch 420 loss 0.6668 accuracy 76.56%
[2026-05-04 20:07:17,791][src.modRNN.training.training_loop][INFO] - 	 Starting Epoch: 421
[2026-05-04 20:07:18,823][src.modRNN.training.training_loop][INFO] - train epoch 421 loss 0.6846 accuracy 60.94%
[2026-05-04 20:07:18,825][src.modRNN.training.training_loop][INFO] - 	 Starting Epoch: 422
[2026-05-04 20:07:19,856][src.modRNN.training.training_loop][INFO] - train epoch 422 loss 0.6565 accuracy 76.56%
[2026-05-04 20:07:19,857][src.modRNN.training.training_loop][INFO] - 	 Starting Epoch: 423
[2026-05-04 20:07:20,891][src.modRNN.training.training_loop][INFO] - train epoch 423 loss 0.6717 accuracy 64.06%
[2026-05-04 20:07:20,893][src.modRNN.training.training_loop][INFO] - 	 Starting Epoch: 424
[2026-05-04 20:07:21,924][src.modRNN.training.training_loop][INFO] - train epoch 424 loss 0.6849 accuracy 56.25%
[2026-05-04 20:07:21,926][src.modRNN.training.training_loop][INFO] - 	 Starting Epoch: 425
[2026-05-04 20:07:22,959][src.modRNN.training.training_loop][INFO] - train epoch 425 loss 0.6784 accuracy 60.94%
[2026-05-04 20:07:22,961][src.modRNN.training.training_loop][INFO] - 	 Starting Epoch: 426
[2026-05-04 20:07:23,989][src.modRNN.training.training_loop][INFO] - train epoch 426 loss 0.6577 accuracy 76.56%
[2026-05-04 20:07:26,046][src.modRNN.training.training_loop][INFO] - eval  epoch 426 loss 0.6734 accuracy 66.80%
[2026-05-04 20:07:26,048][src.modRNN.training.training_loop][INFO] - 	 Starting Epoch: 427
[2026-05-04 20:07:27,078][src.modRNN.training.training_loop][INFO] - train epoch 427 loss 0.6640 accuracy 71.88%
[2026-05-04 20:07:27,079][src.modRNN.training.training_loop][INFO] - 	 Starting Epoch: 428
[2026-05-04 20:07:28,112][src.modRNN.training.training_loop][INFO] - train epoch 428 loss 0.6671 accuracy 65.62%
[2026-05-04 20:07:28,113][src.modRNN.training.training_loop][INFO] - 	 Starting Epoch: 429
[2026-05-04 20:07:29,144][src.modRNN.training.training_loop][INFO] - train epoch 429 loss 0.6583 accuracy 71.88%
[2026-05-04 20:07:29,145][src.modRNN.training.training_loop][INFO] - 	 Starting Epoch: 430
[2026-05-04 20:07:30,178][src.modRNN.training.training_loop][INFO] - train epoch 430 loss 0.6789 accuracy 60.94%
[2026-05-04 20:07:30,179][src.modRNN.training.training_loop][INFO] - 	 Starting Epoch: 431
[2026-05-04 20:07:31,211][src.modRNN.training.training_loop][INFO] - train epoch 431 loss 0.6625 accuracy 70.31%
[2026-05-04 20:07:31,213][src.modRNN.training.training_loop][INFO] - 	 Starting Epoch: 432
[2026-05-04 20:07:32,239][src.modRNN.training.training_loop][INFO] - train epoch 432 loss 0.6842 accuracy 54.69%
[2026-05-04 20:07:32,241][src.modRNN.training.training_loop][INFO] - 	 Starting Epoch: 433
[2026-05-04 20:07:33,260][src.modRNN.training.training_loop][INFO] - train epoch 433 loss 0.6507 accuracy 73.44%
[2026-05-04 20:07:33,261][src.modRNN.training.training_loop][INFO] - 	 Starting Epoch: 434
[2026-05-04 20:07:34,287][src.modRNN.training.training_loop][INFO] - train epoch 434 loss 0.6636 accuracy 68.75%
[2026-05-04 20:07:34,289][src.modRNN.training.training_loop][INFO] - 	 Starting Epoch: 435
[2026-05-04 20:07:35,313][src.modRNN.training.training_loop][INFO] - train epoch 435 loss 0.6847 accuracy 59.38%
[2026-05-04 20:07:35,314][src.modRNN.training.training_loop][INFO] - 	 Starting Epoch: 436
[2026-05-04 20:07:36,341][src.modRNN.training.training_loop][INFO] - train epoch 436 loss 0.6688 accuracy 68.75%
[2026-05-04 20:07:36,342][src.modRNN.training.training_loop][INFO] - 	 Starting Epoch: 437
[2026-05-04 20:07:37,366][src.modRNN.training.training_loop][INFO] - train epoch 437 loss 0.6645 accuracy 70.31%
[2026-05-04 20:07:37,367][src.modRNN.training.training_loop][INFO] - 	 Starting Epoch: 438
[2026-05-04 20:07:38,392][src.modRNN.training.training_loop][INFO] - train epoch 438 loss 0.6619 accuracy 71.88%
[2026-05-04 20:07:38,394][src.modRNN.training.training_loop][INFO] - 	 Starting Epoch: 439
[2026-05-04 20:07:39,414][src.modRNN.training.training_loop][INFO] - train epoch 439 loss 0.6592 accuracy 67.19%
[2026-05-04 20:07:39,416][src.modRNN.training.training_loop][INFO] - 	 Starting Epoch: 440
[2026-05-04 20:07:40,444][src.modRNN.training.training_loop][INFO] - train epoch 440 loss 0.6826 accuracy 60.94%
[2026-05-04 20:07:40,445][src.modRNN.training.training_loop][INFO] - 	 Starting Epoch: 441
[2026-05-04 20:07:41,470][src.modRNN.training.training_loop][INFO] - train epoch 441 loss 0.6491 accuracy 76.56%
[2026-05-04 20:07:41,471][src.modRNN.training.training_loop][INFO] - 	 Starting Epoch: 442
[2026-05-04 20:07:42,518][src.modRNN.training.training_loop][INFO] - train epoch 442 loss 0.6739 accuracy 64.06%
[2026-05-04 20:07:42,522][src.modRNN.training.training_loop][INFO] - 	 Starting Epoch: 443
[2026-05-04 20:07:43,604][src.modRNN.training.training_loop][INFO] - train epoch 443 loss 0.6545 accuracy 73.44%
[2026-05-04 20:07:43,606][src.modRNN.training.training_loop][INFO] - 	 Starting Epoch: 444
[2026-05-04 20:07:44,628][src.modRNN.training.training_loop][INFO] - train epoch 444 loss 0.6628 accuracy 68.75%
[2026-05-04 20:07:44,629][src.modRNN.training.training_loop][INFO] - 	 Starting Epoch: 445
[2026-05-04 20:07:45,651][src.modRNN.training.training_loop][INFO] - train epoch 445 loss 0.6663 accuracy 70.31%
[2026-05-04 20:07:45,652][src.modRNN.training.training_loop][INFO] - 	 Starting Epoch: 446
[2026-05-04 20:07:46,673][src.modRNN.training.training_loop][INFO] - train epoch 446 loss 0.6738 accuracy 60.94%
[2026-05-04 20:07:46,674][src.modRNN.training.training_loop][INFO] - 	 Starting Epoch: 447
[2026-05-04 20:07:47,698][src.modRNN.training.training_loop][INFO] - train epoch 447 loss 0.6610 accuracy 79.69%
[2026-05-04 20:07:47,699][src.modRNN.training.training_loop][INFO] - 	 Starting Epoch: 448
[2026-05-04 20:07:48,720][src.modRNN.training.training_loop][INFO] - train epoch 448 loss 0.6830 accuracy 56.25%
[2026-05-04 20:07:48,721][src.modRNN.training.training_loop][INFO] - 	 Starting Epoch: 449
[2026-05-04 20:07:49,743][src.modRNN.training.training_loop][INFO] - train epoch 449 loss 0.6675 accuracy 68.75%
[2026-05-04 20:07:49,744][src.modRNN.training.training_loop][INFO] - 	 Starting Epoch: 450
[2026-05-04 20:07:50,766][src.modRNN.training.training_loop][INFO] - train epoch 450 loss 0.6758 accuracy 65.62%
[2026-05-04 20:07:50,768][src.modRNN.training.training_loop][INFO] - 	 Starting Epoch: 451
[2026-05-04 20:07:51,789][src.modRNN.training.training_loop][INFO] - train epoch 451 loss 0.6585 accuracy 73.44%
[2026-05-04 20:07:53,850][src.modRNN.training.training_loop][INFO] - eval  epoch 451 loss 0.6664 accuracy 69.53%
[2026-05-04 20:07:53,852][src.modRNN.training.training_loop][INFO] - 	 Starting Epoch: 452
[2026-05-04 20:07:54,872][src.modRNN.training.training_loop][INFO] - train epoch 452 loss 0.6599 accuracy 73.44%
[2026-05-04 20:07:54,874][src.modRNN.training.training_loop][INFO] - 	 Starting Epoch: 453
[2026-05-04 20:07:55,895][src.modRNN.training.training_loop][INFO] - train epoch 453 loss 0.6697 accuracy 65.62%
[2026-05-04 20:07:55,896][src.modRNN.training.training_loop][INFO] - 	 Starting Epoch: 454
[2026-05-04 20:07:56,919][src.modRNN.training.training_loop][INFO] - train epoch 454 loss 0.6582 accuracy 75.00%
[2026-05-04 20:07:56,921][src.modRNN.training.training_loop][INFO] - 	 Starting Epoch: 455
[2026-05-04 20:07:57,943][src.modRNN.training.training_loop][INFO] - train epoch 455 loss 0.6643 accuracy 68.75%
[2026-05-04 20:07:57,945][src.modRNN.training.training_loop][INFO] - 	 Starting Epoch: 456
[2026-05-04 20:07:58,968][src.modRNN.training.training_loop][INFO] - train epoch 456 loss 0.6461 accuracy 75.00%
[2026-05-04 20:07:58,969][src.modRNN.training.training_loop][INFO] - 	 Starting Epoch: 457
[2026-05-04 20:07:59,990][src.modRNN.training.training_loop][INFO] - train epoch 457 loss 0.6575 accuracy 68.75%
[2026-05-04 20:07:59,991][src.modRNN.training.training_loop][INFO] - 	 Starting Epoch: 458
[2026-05-04 20:08:01,012][src.modRNN.training.training_loop][INFO] - train epoch 458 loss 0.6657 accuracy 71.88%
[2026-05-04 20:08:01,013][src.modRNN.training.training_loop][INFO] - 	 Starting Epoch: 459
[2026-05-04 20:08:02,043][src.modRNN.training.training_loop][INFO] - train epoch 459 loss 0.6651 accuracy 75.00%
[2026-05-04 20:08:02,044][src.modRNN.training.training_loop][INFO] - 	 Starting Epoch: 460
[2026-05-04 20:08:03,075][src.modRNN.training.training_loop][INFO] - train epoch 460 loss 0.6705 accuracy 60.94%
[2026-05-04 20:08:03,077][src.modRNN.training.training_loop][INFO] - 	 Starting Epoch: 461
[2026-05-04 20:08:04,106][src.modRNN.training.training_loop][INFO] - train epoch 461 loss 0.6636 accuracy 70.31%
[2026-05-04 20:08:04,107][src.modRNN.training.training_loop][INFO] - 	 Starting Epoch: 462
[2026-05-04 20:08:05,138][src.modRNN.training.training_loop][INFO] - train epoch 462 loss 0.6821 accuracy 62.50%
[2026-05-04 20:08:05,140][src.modRNN.training.training_loop][INFO] - 	 Starting Epoch: 463
[2026-05-04 20:08:06,168][src.modRNN.training.training_loop][INFO] - train epoch 463 loss 0.6582 accuracy 71.88%
[2026-05-04 20:08:06,170][src.modRNN.training.training_loop][INFO] - 	 Starting Epoch: 464
[2026-05-04 20:08:07,198][src.modRNN.training.training_loop][INFO] - train epoch 464 loss 0.6740 accuracy 67.19%
[2026-05-04 20:08:07,200][src.modRNN.training.training_loop][INFO] - 	 Starting Epoch: 465
[2026-05-04 20:08:08,229][src.modRNN.training.training_loop][INFO] - train epoch 465 loss 0.6752 accuracy 62.50%
[2026-05-04 20:08:08,230][src.modRNN.training.training_loop][INFO] - 	 Starting Epoch: 466
[2026-05-04 20:08:09,261][src.modRNN.training.training_loop][INFO] - train epoch 466 loss 0.6497 accuracy 82.81%
[2026-05-04 20:08:09,263][src.modRNN.training.training_loop][INFO] - 	 Starting Epoch: 467
[2026-05-04 20:08:10,291][src.modRNN.training.training_loop][INFO] - train epoch 467 loss 0.6594 accuracy 71.88%
[2026-05-04 20:08:10,292][src.modRNN.training.training_loop][INFO] - 	 Starting Epoch: 468
[2026-05-04 20:08:11,322][src.modRNN.training.training_loop][INFO] - train epoch 468 loss 0.6775 accuracy 67.19%
[2026-05-04 20:08:11,324][src.modRNN.training.training_loop][INFO] - 	 Starting Epoch: 469
[2026-05-04 20:08:12,352][src.modRNN.training.training_loop][INFO] - train epoch 469 loss 0.6648 accuracy 70.31%
[2026-05-04 20:08:12,354][src.modRNN.training.training_loop][INFO] - 	 Starting Epoch: 470
[2026-05-04 20:08:13,383][src.modRNN.training.training_loop][INFO] - train epoch 470 loss 0.6594 accuracy 76.56%
[2026-05-04 20:08:13,385][src.modRNN.training.training_loop][INFO] - 	 Starting Epoch: 471
[2026-05-04 20:08:14,413][src.modRNN.training.training_loop][INFO] - train epoch 471 loss 0.6606 accuracy 73.44%
[2026-05-04 20:08:14,415][src.modRNN.training.training_loop][INFO] - 	 Starting Epoch: 472
[2026-05-04 20:08:15,447][src.modRNN.training.training_loop][INFO] - train epoch 472 loss 0.6729 accuracy 67.19%
[2026-05-04 20:08:15,449][src.modRNN.training.training_loop][INFO] - 	 Starting Epoch: 473
[2026-05-04 20:08:16,478][src.modRNN.training.training_loop][INFO] - train epoch 473 loss 0.6726 accuracy 65.62%
[2026-05-04 20:08:16,479][src.modRNN.training.training_loop][INFO] - 	 Starting Epoch: 474
[2026-05-04 20:08:17,511][src.modRNN.training.training_loop][INFO] - train epoch 474 loss 0.6712 accuracy 59.38%
[2026-05-04 20:08:17,513][src.modRNN.training.training_loop][INFO] - 	 Starting Epoch: 475
[2026-05-04 20:08:18,541][src.modRNN.training.training_loop][INFO] - train epoch 475 loss 0.6751 accuracy 64.06%
[2026-05-04 20:08:18,543][src.modRNN.training.training_loop][INFO] - 	 Starting Epoch: 476
[2026-05-04 20:08:19,572][src.modRNN.training.training_loop][INFO] - train epoch 476 loss 0.6625 accuracy 73.44%
[2026-05-04 20:08:21,632][src.modRNN.training.training_loop][INFO] - eval  epoch 476 loss 0.6649 accuracy 69.53%
[2026-05-04 20:08:21,634][src.modRNN.training.training_loop][INFO] - 	 Starting Epoch: 477
[2026-05-04 20:08:22,662][src.modRNN.training.training_loop][INFO] - train epoch 477 loss 0.6729 accuracy 67.19%
[2026-05-04 20:08:22,664][src.modRNN.training.training_loop][INFO] - 	 Starting Epoch: 478
[2026-05-04 20:08:23,693][src.modRNN.training.training_loop][INFO] - train epoch 478 loss 0.6695 accuracy 64.06%
[2026-05-04 20:08:23,695][src.modRNN.training.training_loop][INFO] - 	 Starting Epoch: 479
[2026-05-04 20:08:24,726][src.modRNN.training.training_loop][INFO] - train epoch 479 loss 0.6638 accuracy 70.31%
[2026-05-04 20:08:24,728][src.modRNN.training.training_loop][INFO] - 	 Starting Epoch: 480
[2026-05-04 20:08:25,759][src.modRNN.training.training_loop][INFO] - train epoch 480 loss 0.6816 accuracy 59.38%
[2026-05-04 20:08:25,760][src.modRNN.training.training_loop][INFO] - 	 Starting Epoch: 481
[2026-05-04 20:08:26,792][src.modRNN.training.training_loop][INFO] - train epoch 481 loss 0.6665 accuracy 71.88%
[2026-05-04 20:08:26,793][src.modRNN.training.training_loop][INFO] - 	 Starting Epoch: 482
[2026-05-04 20:08:27,823][src.modRNN.training.training_loop][INFO] - train epoch 482 loss 0.6666 accuracy 71.88%
[2026-05-04 20:08:27,824][src.modRNN.training.training_loop][INFO] - 	 Starting Epoch: 483
[2026-05-04 20:08:28,851][src.modRNN.training.training_loop][INFO] - train epoch 483 loss 0.6693 accuracy 67.19%
[2026-05-04 20:08:28,853][src.modRNN.training.training_loop][INFO] - 	 Starting Epoch: 484
[2026-05-04 20:08:29,882][src.modRNN.training.training_loop][INFO] - train epoch 484 loss 0.6552 accuracy 75.00%
[2026-05-04 20:08:29,884][src.modRNN.training.training_loop][INFO] - 	 Starting Epoch: 485
[2026-05-04 20:08:30,916][src.modRNN.training.training_loop][INFO] - train epoch 485 loss 0.6695 accuracy 67.19%
[2026-05-04 20:08:30,917][src.modRNN.training.training_loop][INFO] - 	 Starting Epoch: 486
[2026-05-04 20:08:31,942][src.modRNN.training.training_loop][INFO] - train epoch 486 loss 0.6611 accuracy 68.75%
[2026-05-04 20:08:31,943][src.modRNN.training.training_loop][INFO] - 	 Starting Epoch: 487
[2026-05-04 20:08:32,966][src.modRNN.training.training_loop][INFO] - train epoch 487 loss 0.6611 accuracy 71.88%
[2026-05-04 20:08:32,968][src.modRNN.training.training_loop][INFO] - 	 Starting Epoch: 488
[2026-05-04 20:08:33,992][src.modRNN.training.training_loop][INFO] - train epoch 488 loss 0.6609 accuracy 75.00%
[2026-05-04 20:08:33,994][src.modRNN.training.training_loop][INFO] - 	 Starting Epoch: 489
[2026-05-04 20:08:35,014][src.modRNN.training.training_loop][INFO] - train epoch 489 loss 0.6739 accuracy 60.94%
[2026-05-04 20:08:35,016][src.modRNN.training.training_loop][INFO] - 	 Starting Epoch: 490
[2026-05-04 20:08:36,035][src.modRNN.training.training_loop][INFO] - train epoch 490 loss 0.6596 accuracy 71.88%
[2026-05-04 20:08:36,037][src.modRNN.training.training_loop][INFO] - 	 Starting Epoch: 491
[2026-05-04 20:08:37,062][src.modRNN.training.training_loop][INFO] - train epoch 491 loss 0.6674 accuracy 68.75%
[2026-05-04 20:08:37,063][src.modRNN.training.training_loop][INFO] - 	 Starting Epoch: 492
[2026-05-04 20:08:38,085][src.modRNN.training.training_loop][INFO] - train epoch 492 loss 0.6666 accuracy 67.19%
[2026-05-04 20:08:38,086][src.modRNN.training.training_loop][INFO] - 	 Starting Epoch: 493
[2026-05-04 20:08:39,112][src.modRNN.training.training_loop][INFO] - train epoch 493 loss 0.6589 accuracy 71.88%
[2026-05-04 20:08:39,113][src.modRNN.training.training_loop][INFO] - 	 Starting Epoch: 494
[2026-05-04 20:08:40,137][src.modRNN.training.training_loop][INFO] - train epoch 494 loss 0.6606 accuracy 75.00%
[2026-05-04 20:08:40,138][src.modRNN.training.training_loop][INFO] - 	 Starting Epoch: 495
[2026-05-04 20:08:41,162][src.modRNN.training.training_loop][INFO] - train epoch 495 loss 0.6796 accuracy 67.19%
[2026-05-04 20:08:41,164][src.modRNN.training.training_loop][INFO] - 	 Starting Epoch: 496
[2026-05-04 20:08:42,197][src.modRNN.training.training_loop][INFO] - train epoch 496 loss 0.6615 accuracy 73.44%
[2026-05-04 20:08:42,200][src.modRNN.training.training_loop][INFO] - 	 Starting Epoch: 497
[2026-05-04 20:08:43,295][src.modRNN.training.training_loop][INFO] - train epoch 497 loss 0.6615 accuracy 65.62%
[2026-05-04 20:08:43,296][src.modRNN.training.training_loop][INFO] - 	 Starting Epoch: 498
[2026-05-04 20:08:44,322][src.modRNN.training.training_loop][INFO] - train epoch 498 loss 0.6611 accuracy 68.75%
[2026-05-04 20:08:44,323][src.modRNN.training.training_loop][INFO] - 	 Starting Epoch: 499
[2026-05-04 20:08:45,347][src.modRNN.training.training_loop][INFO] - train epoch 499 loss 0.6679 accuracy 70.31%
[2026-05-04 20:08:45,349][src.modRNN.training.training_loop][INFO] - 	 Starting Epoch: 500
[2026-05-04 20:08:46,372][src.modRNN.training.training_loop][INFO] - train epoch 500 loss 0.6720 accuracy 71.88%
[2026-05-04 20:08:46,374][src.modRNN.training.training_loop][INFO] - 	 Starting Epoch: 501
[2026-05-04 20:08:47,394][src.modRNN.training.training_loop][INFO] - train epoch 501 loss 0.6596 accuracy 71.88%
[2026-05-04 20:08:49,452][src.modRNN.training.training_loop][INFO] - eval  epoch 501 loss 0.6652 accuracy 71.68%
[2026-05-04 20:08:49,453][src.modRNN.training.training_loop][INFO] - 	 Starting Epoch: 502
[2026-05-04 20:08:50,475][src.modRNN.training.training_loop][INFO] - train epoch 502 loss 0.6524 accuracy 75.00%
[2026-05-04 20:08:50,476][src.modRNN.training.training_loop][INFO] - 	 Starting Epoch: 503
[2026-05-04 20:08:51,496][src.modRNN.training.training_loop][INFO] - train epoch 503 loss 0.6620 accuracy 70.31%
[2026-05-04 20:08:51,498][src.modRNN.training.training_loop][INFO] - 	 Starting Epoch: 504
[2026-05-04 20:08:52,520][src.modRNN.training.training_loop][INFO] - train epoch 504 loss 0.6467 accuracy 79.69%
[2026-05-04 20:08:52,521][src.modRNN.training.training_loop][INFO] - 	 Starting Epoch: 505
[2026-05-04 20:08:53,542][src.modRNN.training.training_loop][INFO] - train epoch 505 loss 0.6608 accuracy 70.31%
[2026-05-04 20:08:53,543][src.modRNN.training.training_loop][INFO] - 	 Starting Epoch: 506
[2026-05-04 20:08:54,564][src.modRNN.training.training_loop][INFO] - train epoch 506 loss 0.6530 accuracy 75.00%
[2026-05-04 20:08:54,565][src.modRNN.training.training_loop][INFO] - 	 Starting Epoch: 507
[2026-05-04 20:08:55,586][src.modRNN.training.training_loop][INFO] - train epoch 507 loss 0.6688 accuracy 67.19%
[2026-05-04 20:08:55,587][src.modRNN.training.training_loop][INFO] - 	 Starting Epoch: 508
[2026-05-04 20:08:56,607][src.modRNN.training.training_loop][INFO] - train epoch 508 loss 0.6741 accuracy 59.38%
[2026-05-04 20:08:56,609][src.modRNN.training.training_loop][INFO] - 	 Starting Epoch: 509
[2026-05-04 20:08:57,630][src.modRNN.training.training_loop][INFO] - train epoch 509 loss 0.6564 accuracy 68.75%
[2026-05-04 20:08:57,631][src.modRNN.training.training_loop][INFO] - 	 Starting Epoch: 510
[2026-05-04 20:08:58,655][src.modRNN.training.training_loop][INFO] - train epoch 510 loss 0.6569 accuracy 70.31%
[2026-05-04 20:08:58,656][src.modRNN.training.training_loop][INFO] - 	 Starting Epoch: 511
[2026-05-04 20:08:59,676][src.modRNN.training.training_loop][INFO] - train epoch 511 loss 0.6412 accuracy 73.44%
[2026-05-04 20:08:59,677][src.modRNN.training.training_loop][INFO] - 	 Starting Epoch: 512
[2026-05-04 20:09:00,701][src.modRNN.training.training_loop][INFO] - train epoch 512 loss 0.6571 accuracy 65.62%
[2026-05-04 20:09:00,703][src.modRNN.training.training_loop][INFO] - 	 Starting Epoch: 513
[2026-05-04 20:09:01,726][src.modRNN.training.training_loop][INFO] - train epoch 513 loss 0.6496 accuracy 70.31%
[2026-05-04 20:09:01,728][src.modRNN.training.training_loop][INFO] - 	 Starting Epoch: 514
[2026-05-04 20:09:02,758][src.modRNN.training.training_loop][INFO] - train epoch 514 loss 0.6687 accuracy 67.19%
[2026-05-04 20:09:02,760][src.modRNN.training.training_loop][INFO] - 	 Starting Epoch: 515
[2026-05-04 20:09:03,789][src.modRNN.training.training_loop][INFO] - train epoch 515 loss 0.6744 accuracy 62.50%
[2026-05-04 20:09:03,790][src.modRNN.training.training_loop][INFO] - 	 Starting Epoch: 516
[2026-05-04 20:09:04,823][src.modRNN.training.training_loop][INFO] - train epoch 516 loss 0.6545 accuracy 70.31%
[2026-05-04 20:09:04,824][src.modRNN.training.training_loop][INFO] - 	 Starting Epoch: 517
[2026-05-04 20:09:05,854][src.modRNN.training.training_loop][INFO] - train epoch 517 loss 0.6609 accuracy 71.88%
[2026-05-04 20:09:05,855][src.modRNN.training.training_loop][INFO] - 	 Starting Epoch: 518
[2026-05-04 20:09:06,887][src.modRNN.training.training_loop][INFO] - train epoch 518 loss 0.6494 accuracy 76.56%
[2026-05-04 20:09:06,889][src.modRNN.training.training_loop][INFO] - 	 Starting Epoch: 519
[2026-05-04 20:09:07,918][src.modRNN.training.training_loop][INFO] - train epoch 519 loss 0.6737 accuracy 64.06%
[2026-05-04 20:09:07,920][src.modRNN.training.training_loop][INFO] - 	 Starting Epoch: 520
[2026-05-04 20:09:08,948][src.modRNN.training.training_loop][INFO] - train epoch 520 loss 0.6579 accuracy 67.19%
[2026-05-04 20:09:08,949][src.modRNN.training.training_loop][INFO] - 	 Starting Epoch: 521
[2026-05-04 20:09:09,976][src.modRNN.training.training_loop][INFO] - train epoch 521 loss 0.6575 accuracy 73.44%
[2026-05-04 20:09:09,977][src.modRNN.training.training_loop][INFO] - 	 Starting Epoch: 522
[2026-05-04 20:09:11,007][src.modRNN.training.training_loop][INFO] - train epoch 522 loss 0.6643 accuracy 67.19%
[2026-05-04 20:09:11,009][src.modRNN.training.training_loop][INFO] - 	 Starting Epoch: 523
[2026-05-04 20:09:12,039][src.modRNN.training.training_loop][INFO] - train epoch 523 loss 0.6561 accuracy 76.56%
[2026-05-04 20:09:12,040][src.modRNN.training.training_loop][INFO] - 	 Starting Epoch: 524
[2026-05-04 20:09:13,070][src.modRNN.training.training_loop][INFO] - train epoch 524 loss 0.6594 accuracy 71.88%
[2026-05-04 20:09:13,071][src.modRNN.training.training_loop][INFO] - 	 Starting Epoch: 525
[2026-05-04 20:09:14,101][src.modRNN.training.training_loop][INFO] - train epoch 525 loss 0.6637 accuracy 68.75%
[2026-05-04 20:09:14,102][src.modRNN.training.training_loop][INFO] - 	 Starting Epoch: 526
[2026-05-04 20:09:15,134][src.modRNN.training.training_loop][INFO] - train epoch 526 loss 0.6667 accuracy 70.31%
[2026-05-04 20:09:17,197][src.modRNN.training.training_loop][INFO] - eval  epoch 526 loss 0.6590 accuracy 70.90%
[2026-05-04 20:09:17,198][src.modRNN.training.training_loop][INFO] - 	 Starting Epoch: 527
[2026-05-04 20:09:18,228][src.modRNN.training.training_loop][INFO] - train epoch 527 loss 0.6487 accuracy 81.25%
[2026-05-04 20:09:18,229][src.modRNN.training.training_loop][INFO] - 	 Starting Epoch: 528
[2026-05-04 20:09:19,261][src.modRNN.training.training_loop][INFO] - train epoch 528 loss 0.6661 accuracy 67.19%
[2026-05-04 20:09:19,262][src.modRNN.training.training_loop][INFO] - 	 Starting Epoch: 529
[2026-05-04 20:09:20,293][src.modRNN.training.training_loop][INFO] - train epoch 529 loss 0.6672 accuracy 67.19%
[2026-05-04 20:09:20,295][src.modRNN.training.training_loop][INFO] - 	 Starting Epoch: 530
[2026-05-04 20:09:21,324][src.modRNN.training.training_loop][INFO] - train epoch 530 loss 0.6518 accuracy 75.00%
[2026-05-04 20:09:21,325][src.modRNN.training.training_loop][INFO] - 	 Starting Epoch: 531
[2026-05-04 20:09:22,358][src.modRNN.training.training_loop][INFO] - train epoch 531 loss 0.6731 accuracy 59.38%
[2026-05-04 20:09:22,359][src.modRNN.training.training_loop][INFO] - 	 Starting Epoch: 532
[2026-05-04 20:09:23,390][src.modRNN.training.training_loop][INFO] - train epoch 532 loss 0.6476 accuracy 65.62%
[2026-05-04 20:09:23,392][src.modRNN.training.training_loop][INFO] - 	 Starting Epoch: 533
[2026-05-04 20:09:24,425][src.modRNN.training.training_loop][INFO] - train epoch 533 loss 0.6448 accuracy 75.00%
[2026-05-04 20:09:24,426][src.modRNN.training.training_loop][INFO] - 	 Starting Epoch: 534
[2026-05-04 20:09:25,455][src.modRNN.training.training_loop][INFO] - train epoch 534 loss 0.6429 accuracy 76.56%
[2026-05-04 20:09:25,456][src.modRNN.training.training_loop][INFO] - 	 Starting Epoch: 535
[2026-05-04 20:09:26,490][src.modRNN.training.training_loop][INFO] - train epoch 535 loss 0.6633 accuracy 65.62%
[2026-05-04 20:09:26,492][src.modRNN.training.training_loop][INFO] - 	 Starting Epoch: 536
[2026-05-04 20:09:27,520][src.modRNN.training.training_loop][INFO] - train epoch 536 loss 0.6424 accuracy 79.69%
[2026-05-04 20:09:27,522][src.modRNN.training.training_loop][INFO] - 	 Starting Epoch: 537
[2026-05-04 20:09:28,555][src.modRNN.training.training_loop][INFO] - train epoch 537 loss 0.6444 accuracy 75.00%
[2026-05-04 20:09:28,556][src.modRNN.training.training_loop][INFO] - 	 Starting Epoch: 538
[2026-05-04 20:09:29,585][src.modRNN.training.training_loop][INFO] - train epoch 538 loss 0.6568 accuracy 68.75%
[2026-05-04 20:09:29,587][src.modRNN.training.training_loop][INFO] - 	 Starting Epoch: 539
[2026-05-04 20:09:30,616][src.modRNN.training.training_loop][INFO] - train epoch 539 loss 0.6499 accuracy 75.00%
[2026-05-04 20:09:30,617][src.modRNN.training.training_loop][INFO] - 	 Starting Epoch: 540
[2026-05-04 20:09:31,645][src.modRNN.training.training_loop][INFO] - train epoch 540 loss 0.6618 accuracy 68.75%
[2026-05-04 20:09:31,647][src.modRNN.training.training_loop][INFO] - 	 Starting Epoch: 541
[2026-05-04 20:09:32,675][src.modRNN.training.training_loop][INFO] - train epoch 541 loss 0.6647 accuracy 70.31%
[2026-05-04 20:09:32,676][src.modRNN.training.training_loop][INFO] - 	 Starting Epoch: 542
[2026-05-04 20:09:33,699][src.modRNN.training.training_loop][INFO] - train epoch 542 loss 0.6528 accuracy 71.88%
[2026-05-04 20:09:33,700][src.modRNN.training.training_loop][INFO] - 	 Starting Epoch: 543
[2026-05-04 20:09:34,725][src.modRNN.training.training_loop][INFO] - train epoch 543 loss 0.6449 accuracy 81.25%
[2026-05-04 20:09:34,726][src.modRNN.training.training_loop][INFO] - 	 Starting Epoch: 544
[2026-05-04 20:09:35,747][src.modRNN.training.training_loop][INFO] - train epoch 544 loss 0.6682 accuracy 70.31%
[2026-05-04 20:09:35,748][src.modRNN.training.training_loop][INFO] - 	 Starting Epoch: 545
[2026-05-04 20:09:36,767][src.modRNN.training.training_loop][INFO] - train epoch 545 loss 0.6523 accuracy 73.44%
[2026-05-04 20:09:36,769][src.modRNN.training.training_loop][INFO] - 	 Starting Epoch: 546
[2026-05-04 20:09:37,789][src.modRNN.training.training_loop][INFO] - train epoch 546 loss 0.6641 accuracy 64.06%
[2026-05-04 20:09:37,790][src.modRNN.training.training_loop][INFO] - 	 Starting Epoch: 547
[2026-05-04 20:09:38,813][src.modRNN.training.training_loop][INFO] - train epoch 547 loss 0.6620 accuracy 64.06%
[2026-05-04 20:09:38,814][src.modRNN.training.training_loop][INFO] - 	 Starting Epoch: 548
[2026-05-04 20:09:39,835][src.modRNN.training.training_loop][INFO] - train epoch 548 loss 0.6395 accuracy 75.00%
[2026-05-04 20:09:39,836][src.modRNN.training.training_loop][INFO] - 	 Starting Epoch: 549
[2026-05-04 20:09:40,858][src.modRNN.training.training_loop][INFO] - train epoch 549 loss 0.6560 accuracy 73.44%
[2026-05-04 20:09:40,860][src.modRNN.training.training_loop][INFO] - 	 Starting Epoch: 550
[2026-05-04 20:09:41,879][src.modRNN.training.training_loop][INFO] - train epoch 550 loss 0.6696 accuracy 59.38%
[2026-05-04 20:09:41,881][src.modRNN.training.training_loop][INFO] - 	 Starting Epoch: 551
[2026-05-04 20:09:42,950][src.modRNN.training.training_loop][INFO] - train epoch 551 loss 0.6537 accuracy 60.94%
[2026-05-04 20:09:45,027][src.modRNN.training.training_loop][INFO] - eval  epoch 551 loss 0.6682 accuracy 62.50%
[2026-05-04 20:09:45,029][src.modRNN.training.training_loop][INFO] - 	 Starting Epoch: 552
[2026-05-04 20:09:46,051][src.modRNN.training.training_loop][INFO] - train epoch 552 loss 0.6569 accuracy 65.62%
[2026-05-04 20:09:46,053][src.modRNN.training.training_loop][INFO] - 	 Starting Epoch: 553
[2026-05-04 20:09:47,076][src.modRNN.training.training_loop][INFO] - train epoch 553 loss 0.6797 accuracy 60.94%
[2026-05-04 20:09:47,077][src.modRNN.training.training_loop][INFO] - 	 Starting Epoch: 554
[2026-05-04 20:09:48,104][src.modRNN.training.training_loop][INFO] - train epoch 554 loss 0.6803 accuracy 53.12%
[2026-05-04 20:09:48,106][src.modRNN.training.training_loop][INFO] - 	 Starting Epoch: 555
[2026-05-04 20:09:49,132][src.modRNN.training.training_loop][INFO] - train epoch 555 loss 0.6552 accuracy 54.69%
[2026-05-04 20:09:49,133][src.modRNN.training.training_loop][INFO] - 	 Starting Epoch: 556
[2026-05-04 20:09:50,158][src.modRNN.training.training_loop][INFO] - train epoch 556 loss 0.6764 accuracy 54.69%
[2026-05-04 20:09:50,159][src.modRNN.training.training_loop][INFO] - 	 Starting Epoch: 557
[2026-05-04 20:09:51,181][src.modRNN.training.training_loop][INFO] - train epoch 557 loss 0.6827 accuracy 48.44%
[2026-05-04 20:09:51,182][src.modRNN.training.training_loop][INFO] - 	 Starting Epoch: 558
[2026-05-04 20:09:52,204][src.modRNN.training.training_loop][INFO] - train epoch 558 loss 0.6630 accuracy 62.50%
[2026-05-04 20:09:52,206][src.modRNN.training.training_loop][INFO] - 	 Starting Epoch: 559
[2026-05-04 20:09:53,229][src.modRNN.training.training_loop][INFO] - train epoch 559 loss 0.6560 accuracy 65.62%
[2026-05-04 20:09:53,230][src.modRNN.training.training_loop][INFO] - 	 Starting Epoch: 560
[2026-05-04 20:09:54,256][src.modRNN.training.training_loop][INFO] - train epoch 560 loss 0.6661 accuracy 68.75%
[2026-05-04 20:09:54,257][src.modRNN.training.training_loop][INFO] - 	 Starting Epoch: 561
[2026-05-04 20:09:55,281][src.modRNN.training.training_loop][INFO] - train epoch 561 loss 0.6411 accuracy 78.12%
[2026-05-04 20:09:55,282][src.modRNN.training.training_loop][INFO] - 	 Starting Epoch: 562
[2026-05-04 20:09:56,304][src.modRNN.training.training_loop][INFO] - train epoch 562 loss 0.6454 accuracy 79.69%
[2026-05-04 20:09:56,306][src.modRNN.training.training_loop][INFO] - 	 Starting Epoch: 563
[2026-05-04 20:09:57,333][src.modRNN.training.training_loop][INFO] - train epoch 563 loss 0.6485 accuracy 78.12%
[2026-05-04 20:09:57,334][src.modRNN.training.training_loop][INFO] - 	 Starting Epoch: 564
[2026-05-04 20:09:58,356][src.modRNN.training.training_loop][INFO] - train epoch 564 loss 0.6474 accuracy 78.12%
[2026-05-04 20:09:58,358][src.modRNN.training.training_loop][INFO] - 	 Starting Epoch: 565
[2026-05-04 20:09:59,379][src.modRNN.training.training_loop][INFO] - train epoch 565 loss 0.6513 accuracy 73.44%
[2026-05-04 20:09:59,380][src.modRNN.training.training_loop][INFO] - 	 Starting Epoch: 566
[2026-05-04 20:10:00,403][src.modRNN.training.training_loop][INFO] - train epoch 566 loss 0.6596 accuracy 65.62%
[2026-05-04 20:10:00,404][src.modRNN.training.training_loop][INFO] - 	 Starting Epoch: 567
[2026-05-04 20:10:01,430][src.modRNN.training.training_loop][INFO] - train epoch 567 loss 0.6426 accuracy 71.88%
[2026-05-04 20:10:01,431][src.modRNN.training.training_loop][INFO] - 	 Starting Epoch: 568
[2026-05-04 20:10:02,469][src.modRNN.training.training_loop][INFO] - train epoch 568 loss 0.6510 accuracy 68.75%
[2026-05-04 20:10:02,470][src.modRNN.training.training_loop][INFO] - 	 Starting Epoch: 569
[2026-05-04 20:10:03,503][src.modRNN.training.training_loop][INFO] - train epoch 569 loss 0.6474 accuracy 68.75%
[2026-05-04 20:10:03,505][src.modRNN.training.training_loop][INFO] - 	 Starting Epoch: 570
[2026-05-04 20:10:04,532][src.modRNN.training.training_loop][INFO] - train epoch 570 loss 0.6414 accuracy 68.75%
[2026-05-04 20:10:04,534][src.modRNN.training.training_loop][INFO] - 	 Starting Epoch: 571
[2026-05-04 20:10:05,566][src.modRNN.training.training_loop][INFO] - train epoch 571 loss 0.6551 accuracy 71.88%
[2026-05-04 20:10:05,568][src.modRNN.training.training_loop][INFO] - 	 Starting Epoch: 572
[2026-05-04 20:10:06,597][src.modRNN.training.training_loop][INFO] - train epoch 572 loss 0.6660 accuracy 62.50%
[2026-05-04 20:10:06,598][src.modRNN.training.training_loop][INFO] - 	 Starting Epoch: 573
[2026-05-04 20:10:07,631][src.modRNN.training.training_loop][INFO] - train epoch 573 loss 0.6615 accuracy 70.31%
[2026-05-04 20:10:07,632][src.modRNN.training.training_loop][INFO] - 	 Starting Epoch: 574
[2026-05-04 20:10:08,663][src.modRNN.training.training_loop][INFO] - train epoch 574 loss 0.6511 accuracy 67.19%
[2026-05-04 20:10:08,664][src.modRNN.training.training_loop][INFO] - 	 Starting Epoch: 575
[2026-05-04 20:10:09,697][src.modRNN.training.training_loop][INFO] - train epoch 575 loss 0.6621 accuracy 57.81%
[2026-05-04 20:10:09,699][src.modRNN.training.training_loop][INFO] - 	 Starting Epoch: 576
[2026-05-04 20:10:10,728][src.modRNN.training.training_loop][INFO] - train epoch 576 loss 0.6539 accuracy 71.88%
[2026-05-04 20:10:12,784][src.modRNN.training.training_loop][INFO] - eval  epoch 576 loss 0.6577 accuracy 70.31%
[2026-05-04 20:10:12,785][src.modRNN.training.training_loop][INFO] - 	 Starting Epoch: 577
[2026-05-04 20:10:13,814][src.modRNN.training.training_loop][INFO] - train epoch 577 loss 0.6511 accuracy 75.00%
[2026-05-04 20:10:13,815][src.modRNN.training.training_loop][INFO] - 	 Starting Epoch: 578
[2026-05-04 20:10:14,846][src.modRNN.training.training_loop][INFO] - train epoch 578 loss 0.6524 accuracy 70.31%
[2026-05-04 20:10:14,847][src.modRNN.training.training_loop][INFO] - 	 Starting Epoch: 579
[2026-05-04 20:10:15,878][src.modRNN.training.training_loop][INFO] - train epoch 579 loss 0.6524 accuracy 76.56%
[2026-05-04 20:10:15,880][src.modRNN.training.training_loop][INFO] - 	 Starting Epoch: 580
[2026-05-04 20:10:16,912][src.modRNN.training.training_loop][INFO] - train epoch 580 loss 0.6592 accuracy 70.31%
[2026-05-04 20:10:16,913][src.modRNN.training.training_loop][INFO] - 	 Starting Epoch: 581
[2026-05-04 20:10:17,944][src.modRNN.training.training_loop][INFO] - train epoch 581 loss 0.6542 accuracy 78.12%
[2026-05-04 20:10:17,945][src.modRNN.training.training_loop][INFO] - 	 Starting Epoch: 582
[2026-05-04 20:10:18,978][src.modRNN.training.training_loop][INFO] - train epoch 582 loss 0.6486 accuracy 68.75%
[2026-05-04 20:10:18,980][src.modRNN.training.training_loop][INFO] - 	 Starting Epoch: 583
[2026-05-04 20:10:20,008][src.modRNN.training.training_loop][INFO] - train epoch 583 loss 0.6494 accuracy 76.56%
[2026-05-04 20:10:20,009][src.modRNN.training.training_loop][INFO] - 	 Starting Epoch: 584
[2026-05-04 20:10:21,041][src.modRNN.training.training_loop][INFO] - train epoch 584 loss 0.6734 accuracy 68.75%
[2026-05-04 20:10:21,043][src.modRNN.training.training_loop][INFO] - 	 Starting Epoch: 585
[2026-05-04 20:10:22,073][src.modRNN.training.training_loop][INFO] - train epoch 585 loss 0.6424 accuracy 70.31%
[2026-05-04 20:10:22,075][src.modRNN.training.training_loop][INFO] - 	 Starting Epoch: 586
[2026-05-04 20:10:23,108][src.modRNN.training.training_loop][INFO] - train epoch 586 loss 0.6484 accuracy 73.44%
[2026-05-04 20:10:23,109][src.modRNN.training.training_loop][INFO] - 	 Starting Epoch: 587
[2026-05-04 20:10:24,139][src.modRNN.training.training_loop][INFO] - train epoch 587 loss 0.6648 accuracy 68.75%
[2026-05-04 20:10:24,141][src.modRNN.training.training_loop][INFO] - 	 Starting Epoch: 588
[2026-05-04 20:10:25,173][src.modRNN.training.training_loop][INFO] - train epoch 588 loss 0.6694 accuracy 59.38%
[2026-05-04 20:10:25,175][src.modRNN.training.training_loop][INFO] - 	 Starting Epoch: 589
[2026-05-04 20:10:26,205][src.modRNN.training.training_loop][INFO] - train epoch 589 loss 0.6610 accuracy 67.19%
[2026-05-04 20:10:26,206][src.modRNN.training.training_loop][INFO] - 	 Starting Epoch: 590
[2026-05-04 20:10:27,240][src.modRNN.training.training_loop][INFO] - train epoch 590 loss 0.6721 accuracy 62.50%
[2026-05-04 20:10:27,242][src.modRNN.training.training_loop][INFO] - 	 Starting Epoch: 591
[2026-05-04 20:10:28,273][src.modRNN.training.training_loop][INFO] - train epoch 591 loss 0.6480 accuracy 71.88%
[2026-05-04 20:10:28,274][src.modRNN.training.training_loop][INFO] - 	 Starting Epoch: 592
[2026-05-04 20:10:29,309][src.modRNN.training.training_loop][INFO] - train epoch 592 loss 0.6605 accuracy 73.44%
[2026-05-04 20:10:29,310][src.modRNN.training.training_loop][INFO] - 	 Starting Epoch: 593
[2026-05-04 20:10:30,340][src.modRNN.training.training_loop][INFO] - train epoch 593 loss 0.6610 accuracy 70.31%
[2026-05-04 20:10:30,342][src.modRNN.training.training_loop][INFO] - 	 Starting Epoch: 594
[2026-05-04 20:10:31,373][src.modRNN.training.training_loop][INFO] - train epoch 594 loss 0.6478 accuracy 76.56%
[2026-05-04 20:10:31,374][src.modRNN.training.training_loop][INFO] - 	 Starting Epoch: 595
[2026-05-04 20:10:32,394][src.modRNN.training.training_loop][INFO] - train epoch 595 loss 0.6597 accuracy 70.31%
[2026-05-04 20:10:32,395][src.modRNN.training.training_loop][INFO] - 	 Starting Epoch: 596
[2026-05-04 20:10:33,423][src.modRNN.training.training_loop][INFO] - train epoch 596 loss 0.6531 accuracy 75.00%
[2026-05-04 20:10:33,424][src.modRNN.training.training_loop][INFO] - 	 Starting Epoch: 597
[2026-05-04 20:10:34,448][src.modRNN.training.training_loop][INFO] - train epoch 597 loss 0.6473 accuracy 71.88%
[2026-05-04 20:10:34,450][src.modRNN.training.training_loop][INFO] - 	 Starting Epoch: 598
[2026-05-04 20:10:35,475][src.modRNN.training.training_loop][INFO] - train epoch 598 loss 0.6523 accuracy 70.31%
[2026-05-04 20:10:35,476][src.modRNN.training.training_loop][INFO] - 	 Starting Epoch: 599
[2026-05-04 20:10:36,500][src.modRNN.training.training_loop][INFO] - train epoch 599 loss 0.6704 accuracy 64.06%
[2026-05-04 20:10:36,501][src.modRNN.training.training_loop][INFO] - 	 Starting Epoch: 600
[2026-05-04 20:10:37,525][src.modRNN.training.training_loop][INFO] - train epoch 600 loss 0.6546 accuracy 70.31%
[2026-05-04 20:10:37,527][src.modRNN.training.training_loop][INFO] - 	 Starting Epoch: 601
[2026-05-04 20:10:38,547][src.modRNN.training.training_loop][INFO] - train epoch 601 loss 0.6657 accuracy 67.19%
[2026-05-04 20:10:40,611][src.modRNN.training.training_loop][INFO] - eval  epoch 601 loss 0.6536 accuracy 70.12%
[2026-05-04 20:10:40,612][src.modRNN.training.training_loop][INFO] - 	 Starting Epoch: 602
[2026-05-04 20:10:41,633][src.modRNN.training.training_loop][INFO] - train epoch 602 loss 0.6500 accuracy 71.88%
[2026-05-04 20:10:41,635][src.modRNN.training.training_loop][INFO] - 	 Starting Epoch: 603
[2026-05-04 20:10:42,696][src.modRNN.training.training_loop][INFO] - train epoch 603 loss 0.6591 accuracy 67.19%
[2026-05-04 20:10:42,698][src.modRNN.training.training_loop][INFO] - 	 Starting Epoch: 604
[2026-05-04 20:10:43,748][src.modRNN.training.training_loop][INFO] - train epoch 604 loss 0.6504 accuracy 73.44%
[2026-05-04 20:10:43,749][src.modRNN.training.training_loop][INFO] - 	 Starting Epoch: 605
[2026-05-04 20:10:44,774][src.modRNN.training.training_loop][INFO] - train epoch 605 loss 0.6632 accuracy 71.88%
[2026-05-04 20:10:44,775][src.modRNN.training.training_loop][INFO] - 	 Starting Epoch: 606
[2026-05-04 20:10:45,798][src.modRNN.training.training_loop][INFO] - train epoch 606 loss 0.6606 accuracy 68.75%
[2026-05-04 20:10:45,800][src.modRNN.training.training_loop][INFO] - 	 Starting Epoch: 607
[2026-05-04 20:10:46,826][src.modRNN.training.training_loop][INFO] - train epoch 607 loss 0.6766 accuracy 59.38%
[2026-05-04 20:10:46,828][src.modRNN.training.training_loop][INFO] - 	 Starting Epoch: 608
[2026-05-04 20:10:47,848][src.modRNN.training.training_loop][INFO] - train epoch 608 loss 0.6534 accuracy 68.75%
[2026-05-04 20:10:47,849][src.modRNN.training.training_loop][INFO] - 	 Starting Epoch: 609
[2026-05-04 20:10:48,873][src.modRNN.training.training_loop][INFO] - train epoch 609 loss 0.6677 accuracy 59.38%
[2026-05-04 20:10:48,874][src.modRNN.training.training_loop][INFO] - 	 Starting Epoch: 610
[2026-05-04 20:10:49,898][src.modRNN.training.training_loop][INFO] - train epoch 610 loss 0.6706 accuracy 67.19%
[2026-05-04 20:10:49,899][src.modRNN.training.training_loop][INFO] - 	 Starting Epoch: 611
[2026-05-04 20:10:50,924][src.modRNN.training.training_loop][INFO] - train epoch 611 loss 0.6649 accuracy 68.75%
[2026-05-04 20:10:50,926][src.modRNN.training.training_loop][INFO] - 	 Starting Epoch: 612
[2026-05-04 20:10:51,949][src.modRNN.training.training_loop][INFO] - train epoch 612 loss 0.6587 accuracy 76.56%
[2026-05-04 20:10:51,950][src.modRNN.training.training_loop][INFO] - 	 Starting Epoch: 613
[2026-05-04 20:10:52,976][src.modRNN.training.training_loop][INFO] - train epoch 613 loss 0.6577 accuracy 73.44%
[2026-05-04 20:10:52,977][src.modRNN.training.training_loop][INFO] - 	 Starting Epoch: 614
[2026-05-04 20:10:54,000][src.modRNN.training.training_loop][INFO] - train epoch 614 loss 0.6509 accuracy 68.75%
[2026-05-04 20:10:54,001][src.modRNN.training.training_loop][INFO] - 	 Starting Epoch: 615
[2026-05-04 20:10:55,027][src.modRNN.training.training_loop][INFO] - train epoch 615 loss 0.6483 accuracy 70.31%
[2026-05-04 20:10:55,029][src.modRNN.training.training_loop][INFO] - 	 Starting Epoch: 616
[2026-05-04 20:10:56,055][src.modRNN.training.training_loop][INFO] - train epoch 616 loss 0.6438 accuracy 71.88%
[2026-05-04 20:10:56,056][src.modRNN.training.training_loop][INFO] - 	 Starting Epoch: 617
[2026-05-04 20:10:57,082][src.modRNN.training.training_loop][INFO] - train epoch 617 loss 0.6585 accuracy 70.31%
[2026-05-04 20:10:57,084][src.modRNN.training.training_loop][INFO] - 	 Starting Epoch: 618
[2026-05-04 20:10:58,106][src.modRNN.training.training_loop][INFO] - train epoch 618 loss 0.6609 accuracy 68.75%
[2026-05-04 20:10:58,108][src.modRNN.training.training_loop][INFO] - 	 Starting Epoch: 619
[2026-05-04 20:10:59,132][src.modRNN.training.training_loop][INFO] - train epoch 619 loss 0.6507 accuracy 70.31%
[2026-05-04 20:10:59,133][src.modRNN.training.training_loop][INFO] - 	 Starting Epoch: 620
[2026-05-04 20:11:00,153][src.modRNN.training.training_loop][INFO] - train epoch 620 loss 0.6537 accuracy 64.06%
[2026-05-04 20:11:00,154][src.modRNN.training.training_loop][INFO] - 	 Starting Epoch: 621
[2026-05-04 20:11:01,177][src.modRNN.training.training_loop][INFO] - train epoch 621 loss 0.6683 accuracy 59.38%
[2026-05-04 20:11:01,179][src.modRNN.training.training_loop][INFO] - 	 Starting Epoch: 622
[2026-05-04 20:11:02,207][src.modRNN.training.training_loop][INFO] - train epoch 622 loss 0.6682 accuracy 60.94%
[2026-05-04 20:11:02,209][src.modRNN.training.training_loop][INFO] - 	 Starting Epoch: 623
[2026-05-04 20:11:03,240][src.modRNN.training.training_loop][INFO] - train epoch 623 loss 0.6367 accuracy 76.56%
[2026-05-04 20:11:03,241][src.modRNN.training.training_loop][INFO] - 	 Starting Epoch: 624
[2026-05-04 20:11:04,274][src.modRNN.training.training_loop][INFO] - train epoch 624 loss 0.6706 accuracy 59.38%
[2026-05-04 20:11:04,275][src.modRNN.training.training_loop][INFO] - 	 Starting Epoch: 625
[2026-05-04 20:11:05,309][src.modRNN.training.training_loop][INFO] - train epoch 625 loss 0.7054 accuracy 48.44%
[2026-05-04 20:11:05,311][src.modRNN.training.training_loop][INFO] - 	 Starting Epoch: 626
[2026-05-04 20:11:06,340][src.modRNN.training.training_loop][INFO] - train epoch 626 loss 0.6742 accuracy 59.38%
[2026-05-04 20:11:08,395][src.modRNN.training.training_loop][INFO] - eval  epoch 626 loss 0.6489 accuracy 69.53%
[2026-05-04 20:11:08,396][src.modRNN.training.training_loop][INFO] - 	 Starting Epoch: 627
[2026-05-04 20:11:09,426][src.modRNN.training.training_loop][INFO] - train epoch 627 loss 0.6609 accuracy 65.62%
[2026-05-04 20:11:09,427][src.modRNN.training.training_loop][INFO] - 	 Starting Epoch: 628
[2026-05-04 20:11:10,459][src.modRNN.training.training_loop][INFO] - train epoch 628 loss 0.6471 accuracy 73.44%
[2026-05-04 20:11:10,461][src.modRNN.training.training_loop][INFO] - 	 Starting Epoch: 629
[2026-05-04 20:11:11,492][src.modRNN.training.training_loop][INFO] - train epoch 629 loss 0.6330 accuracy 82.81%
[2026-05-04 20:11:11,494][src.modRNN.training.training_loop][INFO] - 	 Starting Epoch: 630
[2026-05-04 20:11:12,527][src.modRNN.training.training_loop][INFO] - train epoch 630 loss 0.6373 accuracy 81.25%
[2026-05-04 20:11:12,529][src.modRNN.training.training_loop][INFO] - 	 Starting Epoch: 631
[2026-05-04 20:11:13,559][src.modRNN.training.training_loop][INFO] - train epoch 631 loss 0.6524 accuracy 75.00%
[2026-05-04 20:11:13,560][src.modRNN.training.training_loop][INFO] - 	 Starting Epoch: 632
[2026-05-04 20:11:14,593][src.modRNN.training.training_loop][INFO] - train epoch 632 loss 0.6564 accuracy 75.00%
[2026-05-04 20:11:14,595][src.modRNN.training.training_loop][INFO] - 	 Starting Epoch: 633
[2026-05-04 20:11:15,623][src.modRNN.training.training_loop][INFO] - train epoch 633 loss 0.6541 accuracy 68.75%
[2026-05-04 20:11:15,624][src.modRNN.training.training_loop][INFO] - 	 Starting Epoch: 634
[2026-05-04 20:11:16,657][src.modRNN.training.training_loop][INFO] - train epoch 634 loss 0.6512 accuracy 65.62%
[2026-05-04 20:11:16,658][src.modRNN.training.training_loop][INFO] - 	 Starting Epoch: 635
[2026-05-04 20:11:17,689][src.modRNN.training.training_loop][INFO] - train epoch 635 loss 0.6450 accuracy 76.56%
[2026-05-04 20:11:17,690][src.modRNN.training.training_loop][INFO] - 	 Starting Epoch: 636
[2026-05-04 20:11:18,722][src.modRNN.training.training_loop][INFO] - train epoch 636 loss 0.6676 accuracy 62.50%
[2026-05-04 20:11:18,723][src.modRNN.training.training_loop][INFO] - 	 Starting Epoch: 637
[2026-05-04 20:11:19,754][src.modRNN.training.training_loop][INFO] - train epoch 637 loss 0.6675 accuracy 70.31%
[2026-05-04 20:11:19,755][src.modRNN.training.training_loop][INFO] - 	 Starting Epoch: 638
[2026-05-04 20:11:20,789][src.modRNN.training.training_loop][INFO] - train epoch 638 loss 0.6705 accuracy 64.06%
[2026-05-04 20:11:20,791][src.modRNN.training.training_loop][INFO] - 	 Starting Epoch: 639
[2026-05-04 20:11:21,819][src.modRNN.training.training_loop][INFO] - train epoch 639 loss 0.6590 accuracy 59.38%
[2026-05-04 20:11:21,821][src.modRNN.training.training_loop][INFO] - 	 Starting Epoch: 640
[2026-05-04 20:11:22,854][src.modRNN.training.training_loop][INFO] - train epoch 640 loss 0.6489 accuracy 75.00%
[2026-05-04 20:11:22,855][src.modRNN.training.training_loop][INFO] - 	 Starting Epoch: 641
[2026-05-04 20:11:23,887][src.modRNN.training.training_loop][INFO] - train epoch 641 loss 0.6376 accuracy 81.25%
[2026-05-04 20:11:23,889][src.modRNN.training.training_loop][INFO] - 	 Starting Epoch: 642
[2026-05-04 20:11:24,922][src.modRNN.training.training_loop][INFO] - train epoch 642 loss 0.6485 accuracy 70.31%
[2026-05-04 20:11:24,924][src.modRNN.training.training_loop][INFO] - 	 Starting Epoch: 643
[2026-05-04 20:11:25,953][src.modRNN.training.training_loop][INFO] - train epoch 643 loss 0.6421 accuracy 78.12%
[2026-05-04 20:11:25,955][src.modRNN.training.training_loop][INFO] - 	 Starting Epoch: 644
[2026-05-04 20:11:26,987][src.modRNN.training.training_loop][INFO] - train epoch 644 loss 0.6827 accuracy 60.94%
[2026-05-04 20:11:26,989][src.modRNN.training.training_loop][INFO] - 	 Starting Epoch: 645
[2026-05-04 20:11:28,016][src.modRNN.training.training_loop][INFO] - train epoch 645 loss 0.6607 accuracy 64.06%
[2026-05-04 20:11:28,018][src.modRNN.training.training_loop][INFO] - 	 Starting Epoch: 646
[2026-05-04 20:11:29,050][src.modRNN.training.training_loop][INFO] - train epoch 646 loss 0.6396 accuracy 73.44%
[2026-05-04 20:11:29,051][src.modRNN.training.training_loop][INFO] - 	 Starting Epoch: 647
[2026-05-04 20:11:30,082][src.modRNN.training.training_loop][INFO] - train epoch 647 loss 0.6499 accuracy 70.31%
[2026-05-04 20:11:30,084][src.modRNN.training.training_loop][INFO] - 	 Starting Epoch: 648
[2026-05-04 20:11:31,117][src.modRNN.training.training_loop][INFO] - train epoch 648 loss 0.6461 accuracy 73.44%
[2026-05-04 20:11:31,119][src.modRNN.training.training_loop][INFO] - 	 Starting Epoch: 649
[2026-05-04 20:11:32,144][src.modRNN.training.training_loop][INFO] - train epoch 649 loss 0.6493 accuracy 71.88%
[2026-05-04 20:11:32,145][src.modRNN.training.training_loop][INFO] - 	 Starting Epoch: 650
[2026-05-04 20:11:33,172][src.modRNN.training.training_loop][INFO] - train epoch 650 loss 0.6433 accuracy 79.69%
[2026-05-04 20:11:33,174][src.modRNN.training.training_loop][INFO] - 	 Starting Epoch: 651
[2026-05-04 20:11:34,194][src.modRNN.training.training_loop][INFO] - train epoch 651 loss 0.6517 accuracy 70.31%
[2026-05-04 20:11:36,252][src.modRNN.training.training_loop][INFO] - eval  epoch 651 loss 0.6529 accuracy 73.63%
[2026-05-04 20:11:36,253][src.modRNN.training.training_loop][INFO] - 	 Starting Epoch: 652
[2026-05-04 20:11:37,272][src.modRNN.training.training_loop][INFO] - train epoch 652 loss 0.6392 accuracy 75.00%
[2026-05-04 20:11:37,273][src.modRNN.training.training_loop][INFO] - 	 Starting Epoch: 653
[2026-05-04 20:11:38,296][src.modRNN.training.training_loop][INFO] - train epoch 653 loss 0.6602 accuracy 71.88%
[2026-05-04 20:11:38,298][src.modRNN.training.training_loop][INFO] - 	 Starting Epoch: 654
[2026-05-04 20:11:39,321][src.modRNN.training.training_loop][INFO] - train epoch 654 loss 0.6534 accuracy 70.31%
[2026-05-04 20:11:39,322][src.modRNN.training.training_loop][INFO] - 	 Starting Epoch: 655
[2026-05-04 20:11:40,345][src.modRNN.training.training_loop][INFO] - train epoch 655 loss 0.6451 accuracy 70.31%
[2026-05-04 20:11:40,347][src.modRNN.training.training_loop][INFO] - 	 Starting Epoch: 656
[2026-05-04 20:11:41,370][src.modRNN.training.training_loop][INFO] - train epoch 656 loss 0.6494 accuracy 71.88%
[2026-05-04 20:11:41,371][src.modRNN.training.training_loop][INFO] - 	 Starting Epoch: 657
[2026-05-04 20:11:42,416][src.modRNN.training.training_loop][INFO] - train epoch 657 loss 0.6339 accuracy 84.38%
[2026-05-04 20:11:42,419][src.modRNN.training.training_loop][INFO] - 	 Starting Epoch: 658
[2026-05-04 20:11:43,496][src.modRNN.training.training_loop][INFO] - train epoch 658 loss 0.6591 accuracy 64.06%
[2026-05-04 20:11:43,498][src.modRNN.training.training_loop][INFO] - 	 Starting Epoch: 659
[2026-05-04 20:11:44,522][src.modRNN.training.training_loop][INFO] - train epoch 659 loss 0.6476 accuracy 68.75%
[2026-05-04 20:11:44,523][src.modRNN.training.training_loop][INFO] - 	 Starting Epoch: 660
[2026-05-04 20:11:45,545][src.modRNN.training.training_loop][INFO] - train epoch 660 loss 0.6524 accuracy 76.56%
[2026-05-04 20:11:45,546][src.modRNN.training.training_loop][INFO] - 	 Starting Epoch: 661
[2026-05-04 20:11:46,568][src.modRNN.training.training_loop][INFO] - train epoch 661 loss 0.6597 accuracy 67.19%
[2026-05-04 20:11:46,569][src.modRNN.training.training_loop][INFO] - 	 Starting Epoch: 662
[2026-05-04 20:11:47,593][src.modRNN.training.training_loop][INFO] - train epoch 662 loss 0.6549 accuracy 64.06%
[2026-05-04 20:11:47,595][src.modRNN.training.training_loop][INFO] - 	 Starting Epoch: 663
[2026-05-04 20:11:48,619][src.modRNN.training.training_loop][INFO] - train epoch 663 loss 0.6565 accuracy 76.56%
[2026-05-04 20:11:48,621][src.modRNN.training.training_loop][INFO] - 	 Starting Epoch: 664
[2026-05-04 20:11:49,642][src.modRNN.training.training_loop][INFO] - train epoch 664 loss 0.6286 accuracy 81.25%
[2026-05-04 20:11:49,643][src.modRNN.training.training_loop][INFO] - 	 Starting Epoch: 665
[2026-05-04 20:11:50,667][src.modRNN.training.training_loop][INFO] - train epoch 665 loss 0.6604 accuracy 70.31%
[2026-05-04 20:11:50,669][src.modRNN.training.training_loop][INFO] - 	 Starting Epoch: 666
[2026-05-04 20:11:51,690][src.modRNN.training.training_loop][INFO] - train epoch 666 loss 0.6454 accuracy 73.44%
[2026-05-04 20:11:51,691][src.modRNN.training.training_loop][INFO] - 	 Starting Epoch: 667
[2026-05-04 20:11:52,718][src.modRNN.training.training_loop][INFO] - train epoch 667 loss 0.6469 accuracy 75.00%
[2026-05-04 20:11:52,719][src.modRNN.training.training_loop][INFO] - 	 Starting Epoch: 668
[2026-05-04 20:11:53,742][src.modRNN.training.training_loop][INFO] - train epoch 668 loss 0.6533 accuracy 73.44%
[2026-05-04 20:11:53,743][src.modRNN.training.training_loop][INFO] - 	 Starting Epoch: 669
[2026-05-04 20:11:54,770][src.modRNN.training.training_loop][INFO] - train epoch 669 loss 0.6515 accuracy 70.31%
[2026-05-04 20:11:54,772][src.modRNN.training.training_loop][INFO] - 	 Starting Epoch: 670
[2026-05-04 20:11:55,795][src.modRNN.training.training_loop][INFO] - train epoch 670 loss 0.6429 accuracy 79.69%
[2026-05-04 20:11:55,796][src.modRNN.training.training_loop][INFO] - 	 Starting Epoch: 671
[2026-05-04 20:11:56,821][src.modRNN.training.training_loop][INFO] - train epoch 671 loss 0.6525 accuracy 71.88%
[2026-05-04 20:11:56,822][src.modRNN.training.training_loop][INFO] - 	 Starting Epoch: 672
[2026-05-04 20:11:57,845][src.modRNN.training.training_loop][INFO] - train epoch 672 loss 0.6605 accuracy 67.19%
[2026-05-04 20:11:57,846][src.modRNN.training.training_loop][INFO] - 	 Starting Epoch: 673
[2026-05-04 20:11:58,870][src.modRNN.training.training_loop][INFO] - train epoch 673 loss 0.6621 accuracy 70.31%
[2026-05-04 20:11:58,871][src.modRNN.training.training_loop][INFO] - 	 Starting Epoch: 674
[2026-05-04 20:11:59,891][src.modRNN.training.training_loop][INFO] - train epoch 674 loss 0.6348 accuracy 71.88%
[2026-05-04 20:11:59,893][src.modRNN.training.training_loop][INFO] - 	 Starting Epoch: 675
[2026-05-04 20:12:00,918][src.modRNN.training.training_loop][INFO] - train epoch 675 loss 0.6640 accuracy 65.62%
[2026-05-04 20:12:00,919][src.modRNN.training.training_loop][INFO] - 	 Starting Epoch: 676
[2026-05-04 20:12:01,937][src.modRNN.training.training_loop][INFO] - train epoch 676 loss 0.6434 accuracy 78.12%
[2026-05-04 20:12:03,996][src.modRNN.training.training_loop][INFO] - eval  epoch 676 loss 0.6517 accuracy 74.22%
[2026-05-04 20:12:03,998][src.modRNN.training.training_loop][INFO] - 	 Starting Epoch: 677
[2026-05-04 20:12:05,025][src.modRNN.training.training_loop][INFO] - train epoch 677 loss 0.6549 accuracy 64.06%
[2026-05-04 20:12:05,026][src.modRNN.training.training_loop][INFO] - 	 Starting Epoch: 678
[2026-05-04 20:12:06,060][src.modRNN.training.training_loop][INFO] - train epoch 678 loss 0.6686 accuracy 68.75%
[2026-05-04 20:12:06,062][src.modRNN.training.training_loop][INFO] - 	 Starting Epoch: 679
[2026-05-04 20:12:07,094][src.modRNN.training.training_loop][INFO] - train epoch 679 loss 0.6631 accuracy 64.06%
[2026-05-04 20:12:07,095][src.modRNN.training.training_loop][INFO] - 	 Starting Epoch: 680
[2026-05-04 20:12:08,130][src.modRNN.training.training_loop][INFO] - train epoch 680 loss 0.6676 accuracy 60.94%
[2026-05-04 20:12:08,132][src.modRNN.training.training_loop][INFO] - 	 Starting Epoch: 681
[2026-05-04 20:12:09,165][src.modRNN.training.training_loop][INFO] - train epoch 681 loss 0.6310 accuracy 82.81%
[2026-05-04 20:12:09,166][src.modRNN.training.training_loop][INFO] - 	 Starting Epoch: 682
[2026-05-04 20:12:10,200][src.modRNN.training.training_loop][INFO] - train epoch 682 loss 0.6423 accuracy 78.12%
[2026-05-04 20:12:10,202][src.modRNN.training.training_loop][INFO] - 	 Starting Epoch: 683
[2026-05-04 20:12:11,230][src.modRNN.training.training_loop][INFO] - train epoch 683 loss 0.6406 accuracy 75.00%
[2026-05-04 20:12:11,231][src.modRNN.training.training_loop][INFO] - 	 Starting Epoch: 684
[2026-05-04 20:12:12,264][src.modRNN.training.training_loop][INFO] - train epoch 684 loss 0.6540 accuracy 67.19%
[2026-05-04 20:12:12,266][src.modRNN.training.training_loop][INFO] - 	 Starting Epoch: 685
[2026-05-04 20:12:13,297][src.modRNN.training.training_loop][INFO] - train epoch 685 loss 0.6585 accuracy 70.31%
[2026-05-04 20:12:13,299][src.modRNN.training.training_loop][INFO] - 	 Starting Epoch: 686
[2026-05-04 20:12:14,333][src.modRNN.training.training_loop][INFO] - train epoch 686 loss 0.6352 accuracy 73.44%
[2026-05-04 20:12:14,334][src.modRNN.training.training_loop][INFO] - 	 Starting Epoch: 687
[2026-05-04 20:12:15,365][src.modRNN.training.training_loop][INFO] - train epoch 687 loss 0.6655 accuracy 62.50%
[2026-05-04 20:12:15,367][src.modRNN.training.training_loop][INFO] - 	 Starting Epoch: 688
[2026-05-04 20:12:16,400][src.modRNN.training.training_loop][INFO] - train epoch 688 loss 0.6622 accuracy 67.19%
[2026-05-04 20:12:16,402][src.modRNN.training.training_loop][INFO] - 	 Starting Epoch: 689
[2026-05-04 20:12:17,431][src.modRNN.training.training_loop][INFO] - train epoch 689 loss 0.6460 accuracy 65.62%
[2026-05-04 20:12:17,432][src.modRNN.training.training_loop][INFO] - 	 Starting Epoch: 690
[2026-05-04 20:12:18,466][src.modRNN.training.training_loop][INFO] - train epoch 690 loss 0.6445 accuracy 68.75%
[2026-05-04 20:12:18,467][src.modRNN.training.training_loop][INFO] - 	 Starting Epoch: 691
[2026-05-04 20:12:19,501][src.modRNN.training.training_loop][INFO] - train epoch 691 loss 0.6291 accuracy 78.12%
[2026-05-04 20:12:19,502][src.modRNN.training.training_loop][INFO] - 	 Starting Epoch: 692
[2026-05-04 20:12:20,538][src.modRNN.training.training_loop][INFO] - train epoch 692 loss 0.6464 accuracy 60.94%
[2026-05-04 20:12:20,539][src.modRNN.training.training_loop][INFO] - 	 Starting Epoch: 693
[2026-05-04 20:12:21,570][src.modRNN.training.training_loop][INFO] - train epoch 693 loss 0.6797 accuracy 59.38%
[2026-05-04 20:12:21,572][src.modRNN.training.training_loop][INFO] - 	 Starting Epoch: 694
[2026-05-04 20:12:22,604][src.modRNN.training.training_loop][INFO] - train epoch 694 loss 0.6565 accuracy 65.62%
[2026-05-04 20:12:22,606][src.modRNN.training.training_loop][INFO] - 	 Starting Epoch: 695
[2026-05-04 20:12:23,633][src.modRNN.training.training_loop][INFO] - train epoch 695 loss 0.6391 accuracy 65.62%
[2026-05-04 20:12:23,635][src.modRNN.training.training_loop][INFO] - 	 Starting Epoch: 696
[2026-05-04 20:12:24,667][src.modRNN.training.training_loop][INFO] - train epoch 696 loss 0.6456 accuracy 68.75%
[2026-05-04 20:12:24,669][src.modRNN.training.training_loop][INFO] - 	 Starting Epoch: 697
[2026-05-04 20:12:25,703][src.modRNN.training.training_loop][INFO] - train epoch 697 loss 0.6285 accuracy 75.00%
[2026-05-04 20:12:25,704][src.modRNN.training.training_loop][INFO] - 	 Starting Epoch: 698
[2026-05-04 20:12:26,737][src.modRNN.training.training_loop][INFO] - train epoch 698 loss 0.6524 accuracy 70.31%
[2026-05-04 20:12:26,738][src.modRNN.training.training_loop][INFO] - 	 Starting Epoch: 699
[2026-05-04 20:12:27,769][src.modRNN.training.training_loop][INFO] - train epoch 699 loss 0.6385 accuracy 73.44%
[2026-05-04 20:12:27,771][src.modRNN.training.training_loop][INFO] - 	 Starting Epoch: 700
[2026-05-04 20:12:28,806][src.modRNN.training.training_loop][INFO] - train epoch 700 loss 0.6516 accuracy 73.44%
[2026-05-04 20:12:28,807][src.modRNN.training.training_loop][INFO] - 	 Starting Epoch: 701
[2026-05-04 20:12:29,838][src.modRNN.training.training_loop][INFO] - train epoch 701 loss 0.6508 accuracy 67.19%
[2026-05-04 20:12:31,896][src.modRNN.training.training_loop][INFO] - eval  epoch 701 loss 0.6480 accuracy 72.07%
[2026-05-04 20:12:31,898][src.modRNN.training.training_loop][INFO] - 	 Starting Epoch: 702
[2026-05-04 20:12:32,919][src.modRNN.training.training_loop][INFO] - train epoch 702 loss 0.6569 accuracy 71.88%
[2026-05-04 20:12:32,920][src.modRNN.training.training_loop][INFO] - 	 Starting Epoch: 703
[2026-05-04 20:12:33,945][src.modRNN.training.training_loop][INFO] - train epoch 703 loss 0.6402 accuracy 71.88%
[2026-05-04 20:12:33,946][src.modRNN.training.training_loop][INFO] - 	 Starting Epoch: 704
[2026-05-04 20:12:34,966][src.modRNN.training.training_loop][INFO] - train epoch 704 loss 0.6479 accuracy 71.88%
[2026-05-04 20:12:34,967][src.modRNN.training.training_loop][INFO] - 	 Starting Epoch: 705
[2026-05-04 20:12:35,991][src.modRNN.training.training_loop][INFO] - train epoch 705 loss 0.6404 accuracy 71.88%
[2026-05-04 20:12:35,993][src.modRNN.training.training_loop][INFO] - 	 Starting Epoch: 706
[2026-05-04 20:12:37,015][src.modRNN.training.training_loop][INFO] - train epoch 706 loss 0.6517 accuracy 65.62%
[2026-05-04 20:12:37,016][src.modRNN.training.training_loop][INFO] - 	 Starting Epoch: 707
[2026-05-04 20:12:38,041][src.modRNN.training.training_loop][INFO] - train epoch 707 loss 0.6544 accuracy 70.31%
[2026-05-04 20:12:38,042][src.modRNN.training.training_loop][INFO] - 	 Starting Epoch: 708
[2026-05-04 20:12:39,063][src.modRNN.training.training_loop][INFO] - train epoch 708 loss 0.6642 accuracy 67.19%
[2026-05-04 20:12:39,064][src.modRNN.training.training_loop][INFO] - 	 Starting Epoch: 709
[2026-05-04 20:12:40,087][src.modRNN.training.training_loop][INFO] - train epoch 709 loss 0.6706 accuracy 64.06%
[2026-05-04 20:12:40,088][src.modRNN.training.training_loop][INFO] - 	 Starting Epoch: 710
[2026-05-04 20:12:41,110][src.modRNN.training.training_loop][INFO] - train epoch 710 loss 0.6781 accuracy 65.62%
[2026-05-04 20:12:41,111][src.modRNN.training.training_loop][INFO] - 	 Starting Epoch: 711
[2026-05-04 20:12:42,143][src.modRNN.training.training_loop][INFO] - train epoch 711 loss 0.6386 accuracy 73.44%
[2026-05-04 20:12:42,145][src.modRNN.training.training_loop][INFO] - 	 Starting Epoch: 712
[2026-05-04 20:12:43,240][src.modRNN.training.training_loop][INFO] - train epoch 712 loss 0.6504 accuracy 65.62%
[2026-05-04 20:12:43,241][src.modRNN.training.training_loop][INFO] - 	 Starting Epoch: 713
[2026-05-04 20:12:44,267][src.modRNN.training.training_loop][INFO] - train epoch 713 loss 0.6435 accuracy 79.69%
[2026-05-04 20:12:44,268][src.modRNN.training.training_loop][INFO] - 	 Starting Epoch: 714
[2026-05-04 20:12:45,289][src.modRNN.training.training_loop][INFO] - train epoch 714 loss 0.6453 accuracy 71.88%
[2026-05-04 20:12:45,290][src.modRNN.training.training_loop][INFO] - 	 Starting Epoch: 715
[2026-05-04 20:12:46,314][src.modRNN.training.training_loop][INFO] - train epoch 715 loss 0.6344 accuracy 76.56%
[2026-05-04 20:12:46,315][src.modRNN.training.training_loop][INFO] - 	 Starting Epoch: 716
[2026-05-04 20:12:47,335][src.modRNN.training.training_loop][INFO] - train epoch 716 loss 0.6560 accuracy 71.88%
[2026-05-04 20:12:47,337][src.modRNN.training.training_loop][INFO] - 	 Starting Epoch: 717
[2026-05-04 20:12:48,360][src.modRNN.training.training_loop][INFO] - train epoch 717 loss 0.6680 accuracy 67.19%
[2026-05-04 20:12:48,361][src.modRNN.training.training_loop][INFO] - 	 Starting Epoch: 718
[2026-05-04 20:12:49,383][src.modRNN.training.training_loop][INFO] - train epoch 718 loss 0.6385 accuracy 73.44%
[2026-05-04 20:12:49,384][src.modRNN.training.training_loop][INFO] - 	 Starting Epoch: 719
[2026-05-04 20:12:50,412][src.modRNN.training.training_loop][INFO] - train epoch 719 loss 0.6760 accuracy 59.38%
[2026-05-04 20:12:50,414][src.modRNN.training.training_loop][INFO] - 	 Starting Epoch: 720
[2026-05-04 20:12:51,434][src.modRNN.training.training_loop][INFO] - train epoch 720 loss 0.6348 accuracy 71.88%
[2026-05-04 20:12:51,435][src.modRNN.training.training_loop][INFO] - 	 Starting Epoch: 721
[2026-05-04 20:12:52,459][src.modRNN.training.training_loop][INFO] - train epoch 721 loss 0.6598 accuracy 67.19%
[2026-05-04 20:12:52,461][src.modRNN.training.training_loop][INFO] - 	 Starting Epoch: 722
[2026-05-04 20:12:53,483][src.modRNN.training.training_loop][INFO] - train epoch 722 loss 0.6463 accuracy 70.31%
[2026-05-04 20:12:53,485][src.modRNN.training.training_loop][INFO] - 	 Starting Epoch: 723
[2026-05-04 20:12:54,508][src.modRNN.training.training_loop][INFO] - train epoch 723 loss 0.6365 accuracy 73.44%
[2026-05-04 20:12:54,509][src.modRNN.training.training_loop][INFO] - 	 Starting Epoch: 724
[2026-05-04 20:12:55,533][src.modRNN.training.training_loop][INFO] - train epoch 724 loss 0.6333 accuracy 73.44%
[2026-05-04 20:12:55,534][src.modRNN.training.training_loop][INFO] - 	 Starting Epoch: 725
[2026-05-04 20:12:56,558][src.modRNN.training.training_loop][INFO] - train epoch 725 loss 0.6515 accuracy 73.44%
[2026-05-04 20:12:56,560][src.modRNN.training.training_loop][INFO] - 	 Starting Epoch: 726
[2026-05-04 20:12:57,582][src.modRNN.training.training_loop][INFO] - train epoch 726 loss 0.6339 accuracy 78.12%
[2026-05-04 20:12:59,637][src.modRNN.training.training_loop][INFO] - eval  epoch 726 loss 0.6486 accuracy 68.75%
[2026-05-04 20:12:59,639][src.modRNN.training.training_loop][INFO] - 	 Starting Epoch: 727
[2026-05-04 20:13:00,660][src.modRNN.training.training_loop][INFO] - train epoch 727 loss 0.6625 accuracy 67.19%
[2026-05-04 20:13:00,661][src.modRNN.training.training_loop][INFO] - 	 Starting Epoch: 728
[2026-05-04 20:13:01,685][src.modRNN.training.training_loop][INFO] - train epoch 728 loss 0.6393 accuracy 73.44%
[2026-05-04 20:13:01,686][src.modRNN.training.training_loop][INFO] - 	 Starting Epoch: 729
[2026-05-04 20:13:02,715][src.modRNN.training.training_loop][INFO] - train epoch 729 loss 0.6541 accuracy 68.75%
[2026-05-04 20:13:02,716][src.modRNN.training.training_loop][INFO] - 	 Starting Epoch: 730
[2026-05-04 20:13:03,753][src.modRNN.training.training_loop][INFO] - train epoch 730 loss 0.6497 accuracy 70.31%
[2026-05-04 20:13:03,755][src.modRNN.training.training_loop][INFO] - 	 Starting Epoch: 731
[2026-05-04 20:13:04,791][src.modRNN.training.training_loop][INFO] - train epoch 731 loss 0.6536 accuracy 68.75%
[2026-05-04 20:13:04,792][src.modRNN.training.training_loop][INFO] - 	 Starting Epoch: 732
[2026-05-04 20:13:05,829][src.modRNN.training.training_loop][INFO] - train epoch 732 loss 0.6428 accuracy 76.56%
[2026-05-04 20:13:05,831][src.modRNN.training.training_loop][INFO] - 	 Starting Epoch: 733
[2026-05-04 20:13:06,863][src.modRNN.training.training_loop][INFO] - train epoch 733 loss 0.6292 accuracy 78.12%
[2026-05-04 20:13:06,864][src.modRNN.training.training_loop][INFO] - 	 Starting Epoch: 734
[2026-05-04 20:13:07,901][src.modRNN.training.training_loop][INFO] - train epoch 734 loss 0.6588 accuracy 67.19%
[2026-05-04 20:13:07,903][src.modRNN.training.training_loop][INFO] - 	 Starting Epoch: 735
[2026-05-04 20:13:08,940][src.modRNN.training.training_loop][INFO] - train epoch 735 loss 0.6548 accuracy 68.75%
[2026-05-04 20:13:08,941][src.modRNN.training.training_loop][INFO] - 	 Starting Epoch: 736
[2026-05-04 20:13:09,983][src.modRNN.training.training_loop][INFO] - train epoch 736 loss 0.6565 accuracy 65.62%
[2026-05-04 20:13:09,984][src.modRNN.training.training_loop][INFO] - 	 Starting Epoch: 737
[2026-05-04 20:13:11,022][src.modRNN.training.training_loop][INFO] - train epoch 737 loss 0.6423 accuracy 75.00%
[2026-05-04 20:13:11,024][src.modRNN.training.training_loop][INFO] - 	 Starting Epoch: 738
[2026-05-04 20:13:12,065][src.modRNN.training.training_loop][INFO] - train epoch 738 loss 0.6328 accuracy 79.69%
[2026-05-04 20:13:12,067][src.modRNN.training.training_loop][INFO] - 	 Starting Epoch: 739
[2026-05-04 20:13:13,103][src.modRNN.training.training_loop][INFO] - train epoch 739 loss 0.6507 accuracy 71.88%
[2026-05-04 20:13:13,105][src.modRNN.training.training_loop][INFO] - 	 Starting Epoch: 740
[2026-05-04 20:13:14,144][src.modRNN.training.training_loop][INFO] - train epoch 740 loss 0.6520 accuracy 68.75%
[2026-05-04 20:13:14,146][src.modRNN.training.training_loop][INFO] - 	 Starting Epoch: 741
[2026-05-04 20:13:15,185][src.modRNN.training.training_loop][INFO] - train epoch 741 loss 0.6344 accuracy 68.75%
[2026-05-04 20:13:15,186][src.modRNN.training.training_loop][INFO] - 	 Starting Epoch: 742
[2026-05-04 20:13:16,229][src.modRNN.training.training_loop][INFO] - train epoch 742 loss 0.6362 accuracy 81.25%
[2026-05-04 20:13:16,230][src.modRNN.training.training_loop][INFO] - 	 Starting Epoch: 743
[2026-05-04 20:13:17,270][src.modRNN.training.training_loop][INFO] - train epoch 743 loss 0.6564 accuracy 73.44%
[2026-05-04 20:13:17,271][src.modRNN.training.training_loop][INFO] - 	 Starting Epoch: 744
[2026-05-04 20:13:18,314][src.modRNN.training.training_loop][INFO] - train epoch 744 loss 0.6514 accuracy 70.31%
[2026-05-04 20:13:18,315][src.modRNN.training.training_loop][INFO] - 	 Starting Epoch: 745
[2026-05-04 20:13:19,352][src.modRNN.training.training_loop][INFO] - train epoch 745 loss 0.6429 accuracy 73.44%
[2026-05-04 20:13:19,354][src.modRNN.training.training_loop][INFO] - 	 Starting Epoch: 746
[2026-05-04 20:13:20,397][src.modRNN.training.training_loop][INFO] - train epoch 746 loss 0.6360 accuracy 71.88%
[2026-05-04 20:13:20,398][src.modRNN.training.training_loop][INFO] - 	 Starting Epoch: 747
[2026-05-04 20:13:21,437][src.modRNN.training.training_loop][INFO] - train epoch 747 loss 0.6455 accuracy 68.75%
[2026-05-04 20:13:21,438][src.modRNN.training.training_loop][INFO] - 	 Starting Epoch: 748
[2026-05-04 20:13:22,483][src.modRNN.training.training_loop][INFO] - train epoch 748 loss 0.6407 accuracy 71.88%
[2026-05-04 20:13:22,484][src.modRNN.training.training_loop][INFO] - 	 Starting Epoch: 749
[2026-05-04 20:13:23,525][src.modRNN.training.training_loop][INFO] - train epoch 749 loss 0.6364 accuracy 71.88%
[2026-05-04 20:13:23,526][src.modRNN.training.training_loop][INFO] - 	 Starting Epoch: 750
[2026-05-04 20:13:24,569][src.modRNN.training.training_loop][INFO] - train epoch 750 loss 0.6465 accuracy 70.31%
[2026-05-04 20:13:24,571][src.modRNN.training.training_loop][INFO] - 	 Starting Epoch: 751
[2026-05-04 20:13:25,606][src.modRNN.training.training_loop][INFO] - train epoch 751 loss 0.6517 accuracy 64.06%
[2026-05-04 20:13:27,679][src.modRNN.training.training_loop][INFO] - eval  epoch 751 loss 0.6451 accuracy 72.27%
[2026-05-04 20:13:27,681][src.modRNN.training.training_loop][INFO] - 	 Starting Epoch: 752
[2026-05-04 20:13:28,716][src.modRNN.training.training_loop][INFO] - train epoch 752 loss 0.6569 accuracy 70.31%
[2026-05-04 20:13:28,718][src.modRNN.training.training_loop][INFO] - 	 Starting Epoch: 753
[2026-05-04 20:13:29,756][src.modRNN.training.training_loop][INFO] - train epoch 753 loss 0.6650 accuracy 68.75%
[2026-05-04 20:13:29,758][src.modRNN.training.training_loop][INFO] - 	 Starting Epoch: 754
[2026-05-04 20:13:30,794][src.modRNN.training.training_loop][INFO] - train epoch 754 loss 0.6526 accuracy 71.88%
[2026-05-04 20:13:30,796][src.modRNN.training.training_loop][INFO] - 	 Starting Epoch: 755
[2026-05-04 20:13:31,832][src.modRNN.training.training_loop][INFO] - train epoch 755 loss 0.6449 accuracy 73.44%
[2026-05-04 20:13:31,833][src.modRNN.training.training_loop][INFO] - 	 Starting Epoch: 756
[2026-05-04 20:13:32,863][src.modRNN.training.training_loop][INFO] - train epoch 756 loss 0.6390 accuracy 73.44%
[2026-05-04 20:13:32,864][src.modRNN.training.training_loop][INFO] - 	 Starting Epoch: 757
[2026-05-04 20:13:33,895][src.modRNN.training.training_loop][INFO] - train epoch 757 loss 0.6316 accuracy 79.69%
[2026-05-04 20:13:33,897][src.modRNN.training.training_loop][INFO] - 	 Starting Epoch: 758
[2026-05-04 20:13:34,923][src.modRNN.training.training_loop][INFO] - train epoch 758 loss 0.6459 accuracy 79.69%
[2026-05-04 20:13:34,924][src.modRNN.training.training_loop][INFO] - 	 Starting Epoch: 759
[2026-05-04 20:13:35,953][src.modRNN.training.training_loop][INFO] - train epoch 759 loss 0.6305 accuracy 81.25%
[2026-05-04 20:13:35,954][src.modRNN.training.training_loop][INFO] - 	 Starting Epoch: 760
[2026-05-04 20:13:36,985][src.modRNN.training.training_loop][INFO] - train epoch 760 loss 0.6395 accuracy 71.88%
[2026-05-04 20:13:36,986][src.modRNN.training.training_loop][INFO] - 	 Starting Epoch: 761
[2026-05-04 20:13:38,016][src.modRNN.training.training_loop][INFO] - train epoch 761 loss 0.6449 accuracy 75.00%
[2026-05-04 20:13:38,017][src.modRNN.training.training_loop][INFO] - 	 Starting Epoch: 762
[2026-05-04 20:13:39,049][src.modRNN.training.training_loop][INFO] - train epoch 762 loss 0.6462 accuracy 75.00%
[2026-05-04 20:13:39,050][src.modRNN.training.training_loop][INFO] - 	 Starting Epoch: 763
[2026-05-04 20:13:40,079][src.modRNN.training.training_loop][INFO] - train epoch 763 loss 0.6424 accuracy 68.75%
[2026-05-04 20:13:40,081][src.modRNN.training.training_loop][INFO] - 	 Starting Epoch: 764
[2026-05-04 20:13:41,108][src.modRNN.training.training_loop][INFO] - train epoch 764 loss 0.6412 accuracy 75.00%
[2026-05-04 20:13:41,110][src.modRNN.training.training_loop][INFO] - 	 Starting Epoch: 765
[2026-05-04 20:13:42,138][src.modRNN.training.training_loop][INFO] - train epoch 765 loss 0.6212 accuracy 78.12%
[2026-05-04 20:13:42,141][src.modRNN.training.training_loop][INFO] - 	 Starting Epoch: 766
[2026-05-04 20:13:43,255][src.modRNN.training.training_loop][INFO] - train epoch 766 loss 0.6512 accuracy 71.88%
[2026-05-04 20:13:43,256][src.modRNN.training.training_loop][INFO] - 	 Starting Epoch: 767
[2026-05-04 20:13:44,283][src.modRNN.training.training_loop][INFO] - train epoch 767 loss 0.6491 accuracy 71.88%
[2026-05-04 20:13:44,285][src.modRNN.training.training_loop][INFO] - 	 Starting Epoch: 768
[2026-05-04 20:13:45,313][src.modRNN.training.training_loop][INFO] - train epoch 768 loss 0.6575 accuracy 68.75%
[2026-05-04 20:13:45,315][src.modRNN.training.training_loop][INFO] - 	 Starting Epoch: 769
[2026-05-04 20:13:46,342][src.modRNN.training.training_loop][INFO] - train epoch 769 loss 0.6485 accuracy 67.19%
[2026-05-04 20:13:46,344][src.modRNN.training.training_loop][INFO] - 	 Starting Epoch: 770
[2026-05-04 20:13:47,371][src.modRNN.training.training_loop][INFO] - train epoch 770 loss 0.6569 accuracy 64.06%
[2026-05-04 20:13:47,372][src.modRNN.training.training_loop][INFO] - 	 Starting Epoch: 771
[2026-05-04 20:13:48,401][src.modRNN.training.training_loop][INFO] - train epoch 771 loss 0.6306 accuracy 76.56%
[2026-05-04 20:13:48,402][src.modRNN.training.training_loop][INFO] - 	 Starting Epoch: 772
[2026-05-04 20:13:49,434][src.modRNN.training.training_loop][INFO] - train epoch 772 loss 0.6242 accuracy 75.00%
[2026-05-04 20:13:49,435][src.modRNN.training.training_loop][INFO] - 	 Starting Epoch: 773
[2026-05-04 20:13:50,462][src.modRNN.training.training_loop][INFO] - train epoch 773 loss 0.6343 accuracy 70.31%
[2026-05-04 20:13:50,464][src.modRNN.training.training_loop][INFO] - 	 Starting Epoch: 774
[2026-05-04 20:13:51,491][src.modRNN.training.training_loop][INFO] - train epoch 774 loss 0.6174 accuracy 75.00%
[2026-05-04 20:13:51,493][src.modRNN.training.training_loop][INFO] - 	 Starting Epoch: 775
[2026-05-04 20:13:52,519][src.modRNN.training.training_loop][INFO] - train epoch 775 loss 0.6280 accuracy 70.31%
[2026-05-04 20:13:52,521][src.modRNN.training.training_loop][INFO] - 	 Starting Epoch: 776
[2026-05-04 20:13:53,551][src.modRNN.training.training_loop][INFO] - train epoch 776 loss 0.6270 accuracy 76.56%
[2026-05-04 20:13:55,624][src.modRNN.training.training_loop][INFO] - eval  epoch 776 loss 0.6506 accuracy 67.97%
[2026-05-04 20:13:55,625][src.modRNN.training.training_loop][INFO] - 	 Starting Epoch: 777
[2026-05-04 20:13:56,656][src.modRNN.training.training_loop][INFO] - train epoch 777 loss 0.6421 accuracy 70.31%
[2026-05-04 20:13:56,657][src.modRNN.training.training_loop][INFO] - 	 Starting Epoch: 778
[2026-05-04 20:13:57,688][src.modRNN.training.training_loop][INFO] - train epoch 778 loss 0.6484 accuracy 67.19%
[2026-05-04 20:13:57,690][src.modRNN.training.training_loop][INFO] - 	 Starting Epoch: 779
[2026-05-04 20:13:58,721][src.modRNN.training.training_loop][INFO] - train epoch 779 loss 0.6318 accuracy 79.69%
[2026-05-04 20:13:58,722][src.modRNN.training.training_loop][INFO] - 	 Starting Epoch: 780
[2026-05-04 20:13:59,750][src.modRNN.training.training_loop][INFO] - train epoch 780 loss 0.6343 accuracy 75.00%
[2026-05-04 20:13:59,751][src.modRNN.training.training_loop][INFO] - 	 Starting Epoch: 781
[2026-05-04 20:14:00,783][src.modRNN.training.training_loop][INFO] - train epoch 781 loss 0.6344 accuracy 71.88%
[2026-05-04 20:14:00,785][src.modRNN.training.training_loop][INFO] - 	 Starting Epoch: 782
[2026-05-04 20:14:01,817][src.modRNN.training.training_loop][INFO] - train epoch 782 loss 0.6465 accuracy 73.44%
[2026-05-04 20:14:01,819][src.modRNN.training.training_loop][INFO] - 	 Starting Epoch: 783
[2026-05-04 20:14:02,857][src.modRNN.training.training_loop][INFO] - train epoch 783 loss 0.6469 accuracy 67.19%
[2026-05-04 20:14:02,858][src.modRNN.training.training_loop][INFO] - 	 Starting Epoch: 784
[2026-05-04 20:14:03,896][src.modRNN.training.training_loop][INFO] - train epoch 784 loss 0.6355 accuracy 76.56%
[2026-05-04 20:14:03,897][src.modRNN.training.training_loop][INFO] - 	 Starting Epoch: 785
[2026-05-04 20:14:04,937][src.modRNN.training.training_loop][INFO] - train epoch 785 loss 0.6588 accuracy 71.88%
[2026-05-04 20:14:04,939][src.modRNN.training.training_loop][INFO] - 	 Starting Epoch: 786
[2026-05-04 20:14:05,975][src.modRNN.training.training_loop][INFO] - train epoch 786 loss 0.6318 accuracy 70.31%
[2026-05-04 20:14:05,976][src.modRNN.training.training_loop][INFO] - 	 Starting Epoch: 787
[2026-05-04 20:14:07,015][src.modRNN.training.training_loop][INFO] - train epoch 787 loss 0.6465 accuracy 70.31%
[2026-05-04 20:14:07,016][src.modRNN.training.training_loop][INFO] - 	 Starting Epoch: 788
[2026-05-04 20:14:08,053][src.modRNN.training.training_loop][INFO] - train epoch 788 loss 0.6429 accuracy 68.75%
[2026-05-04 20:14:08,055][src.modRNN.training.training_loop][INFO] - 	 Starting Epoch: 789
[2026-05-04 20:14:09,090][src.modRNN.training.training_loop][INFO] - train epoch 789 loss 0.6477 accuracy 76.56%
[2026-05-04 20:14:09,092][src.modRNN.training.training_loop][INFO] - 	 Starting Epoch: 790
[2026-05-04 20:14:10,126][src.modRNN.training.training_loop][INFO] - train epoch 790 loss 0.6329 accuracy 71.88%
[2026-05-04 20:14:10,128][src.modRNN.training.training_loop][INFO] - 	 Starting Epoch: 791
[2026-05-04 20:14:11,169][src.modRNN.training.training_loop][INFO] - train epoch 791 loss 0.6363 accuracy 75.00%
[2026-05-04 20:14:11,170][src.modRNN.training.training_loop][INFO] - 	 Starting Epoch: 792
[2026-05-04 20:14:12,207][src.modRNN.training.training_loop][INFO] - train epoch 792 loss 0.6480 accuracy 70.31%
[2026-05-04 20:14:12,209][src.modRNN.training.training_loop][INFO] - 	 Starting Epoch: 793
[2026-05-04 20:14:13,249][src.modRNN.training.training_loop][INFO] - train epoch 793 loss 0.6422 accuracy 67.19%
[2026-05-04 20:14:13,250][src.modRNN.training.training_loop][INFO] - 	 Starting Epoch: 794
[2026-05-04 20:14:14,287][src.modRNN.training.training_loop][INFO] - train epoch 794 loss 0.6393 accuracy 71.88%
[2026-05-04 20:14:14,288][src.modRNN.training.training_loop][INFO] - 	 Starting Epoch: 795
[2026-05-04 20:14:15,326][src.modRNN.training.training_loop][INFO] - train epoch 795 loss 0.6452 accuracy 71.88%
[2026-05-04 20:14:15,328][src.modRNN.training.training_loop][INFO] - 	 Starting Epoch: 796
[2026-05-04 20:14:16,362][src.modRNN.training.training_loop][INFO] - train epoch 796 loss 0.6218 accuracy 78.12%
[2026-05-04 20:14:16,363][src.modRNN.training.training_loop][INFO] - 	 Starting Epoch: 797
[2026-05-04 20:14:17,400][src.modRNN.training.training_loop][INFO] - train epoch 797 loss 0.6285 accuracy 81.25%
[2026-05-04 20:14:17,402][src.modRNN.training.training_loop][INFO] - 	 Starting Epoch: 798
[2026-05-04 20:14:18,437][src.modRNN.training.training_loop][INFO] - train epoch 798 loss 0.6605 accuracy 64.06%
[2026-05-04 20:14:18,439][src.modRNN.training.training_loop][INFO] - 	 Starting Epoch: 799
[2026-05-04 20:14:19,478][src.modRNN.training.training_loop][INFO] - train epoch 799 loss 0.6405 accuracy 78.12%
[2026-05-04 20:14:19,479][src.modRNN.training.training_loop][INFO] - 	 Starting Epoch: 800
[2026-05-04 20:14:20,515][src.modRNN.training.training_loop][INFO] - train epoch 800 loss 0.6383 accuracy 70.31%
[2026-05-04 20:14:20,517][src.modRNN.training.training_loop][INFO] - 	 Starting Epoch: 801
[2026-05-04 20:14:21,551][src.modRNN.training.training_loop][INFO] - train epoch 801 loss 0.6512 accuracy 68.75%
[2026-05-04 20:14:23,627][src.modRNN.training.training_loop][INFO] - eval  epoch 801 loss 0.6418 accuracy 69.92%
[2026-05-04 20:14:23,629][src.modRNN.training.training_loop][INFO] - 	 Starting Epoch: 802
[2026-05-04 20:14:24,668][src.modRNN.training.training_loop][INFO] - train epoch 802 loss 0.6224 accuracy 73.44%
[2026-05-04 20:14:24,669][src.modRNN.training.training_loop][INFO] - 	 Starting Epoch: 803
[2026-05-04 20:14:25,705][src.modRNN.training.training_loop][INFO] - train epoch 803 loss 0.6397 accuracy 70.31%
[2026-05-04 20:14:25,706][src.modRNN.training.training_loop][INFO] - 	 Starting Epoch: 804
[2026-05-04 20:14:26,746][src.modRNN.training.training_loop][INFO] - train epoch 804 loss 0.6520 accuracy 70.31%
[2026-05-04 20:14:26,748][src.modRNN.training.training_loop][INFO] - 	 Starting Epoch: 805
[2026-05-04 20:14:27,783][src.modRNN.training.training_loop][INFO] - train epoch 805 loss 0.6559 accuracy 65.62%
[2026-05-04 20:14:27,785][src.modRNN.training.training_loop][INFO] - 	 Starting Epoch: 806
[2026-05-04 20:14:28,827][src.modRNN.training.training_loop][INFO] - train epoch 806 loss 0.6399 accuracy 73.44%
[2026-05-04 20:14:28,828][src.modRNN.training.training_loop][INFO] - 	 Starting Epoch: 807
[2026-05-04 20:14:29,862][src.modRNN.training.training_loop][INFO] - train epoch 807 loss 0.6357 accuracy 73.44%
[2026-05-04 20:14:29,864][src.modRNN.training.training_loop][INFO] - 	 Starting Epoch: 808
[2026-05-04 20:14:30,901][src.modRNN.training.training_loop][INFO] - train epoch 808 loss 0.6142 accuracy 82.81%
[2026-05-04 20:14:30,903][src.modRNN.training.training_loop][INFO] - 	 Starting Epoch: 809
[2026-05-04 20:14:31,938][src.modRNN.training.training_loop][INFO] - train epoch 809 loss 0.6329 accuracy 71.88%
[2026-05-04 20:14:31,939][src.modRNN.training.training_loop][INFO] - 	 Starting Epoch: 810
[2026-05-04 20:14:32,970][src.modRNN.training.training_loop][INFO] - train epoch 810 loss 0.6292 accuracy 76.56%
[2026-05-04 20:14:32,972][src.modRNN.training.training_loop][INFO] - 	 Starting Epoch: 811
[2026-05-04 20:14:34,003][src.modRNN.training.training_loop][INFO] - train epoch 811 loss 0.6499 accuracy 68.75%
[2026-05-04 20:14:34,004][src.modRNN.training.training_loop][INFO] - 	 Starting Epoch: 812
[2026-05-04 20:14:35,037][src.modRNN.training.training_loop][INFO] - train epoch 812 loss 0.6270 accuracy 70.31%
[2026-05-04 20:14:35,038][src.modRNN.training.training_loop][INFO] - 	 Starting Epoch: 813
[2026-05-04 20:14:36,066][src.modRNN.training.training_loop][INFO] - train epoch 813 loss 0.6276 accuracy 70.31%
[2026-05-04 20:14:36,068][src.modRNN.training.training_loop][INFO] - 	 Starting Epoch: 814
[2026-05-04 20:14:37,096][src.modRNN.training.training_loop][INFO] - train epoch 814 loss 0.6195 accuracy 76.56%
[2026-05-04 20:14:37,097][src.modRNN.training.training_loop][INFO] - 	 Starting Epoch: 815
[2026-05-04 20:14:38,123][src.modRNN.training.training_loop][INFO] - train epoch 815 loss 0.6252 accuracy 75.00%
[2026-05-04 20:14:38,124][src.modRNN.training.training_loop][INFO] - 	 Starting Epoch: 816
[2026-05-04 20:14:39,153][src.modRNN.training.training_loop][INFO] - train epoch 816 loss 0.6240 accuracy 73.44%
[2026-05-04 20:14:39,154][src.modRNN.training.training_loop][INFO] - 	 Starting Epoch: 817
[2026-05-04 20:14:40,180][src.modRNN.training.training_loop][INFO] - train epoch 817 loss 0.6336 accuracy 75.00%
[2026-05-04 20:14:40,181][src.modRNN.training.training_loop][INFO] - 	 Starting Epoch: 818
[2026-05-04 20:14:41,210][src.modRNN.training.training_loop][INFO] - train epoch 818 loss 0.6144 accuracy 81.25%
[2026-05-04 20:14:41,211][src.modRNN.training.training_loop][INFO] - 	 Starting Epoch: 819
[2026-05-04 20:14:42,247][src.modRNN.training.training_loop][INFO] - train epoch 819 loss 0.6507 accuracy 71.88%
[2026-05-04 20:14:42,251][src.modRNN.training.training_loop][INFO] - 	 Starting Epoch: 820
[2026-05-04 20:14:43,349][src.modRNN.training.training_loop][INFO] - train epoch 820 loss 0.6451 accuracy 70.31%
[2026-05-04 20:14:43,351][src.modRNN.training.training_loop][INFO] - 	 Starting Epoch: 821
[2026-05-04 20:14:44,378][src.modRNN.training.training_loop][INFO] - train epoch 821 loss 0.6627 accuracy 62.50%
[2026-05-04 20:14:44,379][src.modRNN.training.training_loop][INFO] - 	 Starting Epoch: 822
[2026-05-04 20:14:45,410][src.modRNN.training.training_loop][INFO] - train epoch 822 loss 0.6441 accuracy 70.31%
[2026-05-04 20:14:45,412][src.modRNN.training.training_loop][INFO] - 	 Starting Epoch: 823
[2026-05-04 20:14:46,440][src.modRNN.training.training_loop][INFO] - train epoch 823 loss 0.6384 accuracy 73.44%
[2026-05-04 20:14:46,441][src.modRNN.training.training_loop][INFO] - 	 Starting Epoch: 824
[2026-05-04 20:14:47,473][src.modRNN.training.training_loop][INFO] - train epoch 824 loss 0.6400 accuracy 71.88%
[2026-05-04 20:14:47,474][src.modRNN.training.training_loop][INFO] - 	 Starting Epoch: 825
[2026-05-04 20:14:48,503][src.modRNN.training.training_loop][INFO] - train epoch 825 loss 0.6341 accuracy 70.31%
[2026-05-04 20:14:48,505][src.modRNN.training.training_loop][INFO] - 	 Starting Epoch: 826
[2026-05-04 20:14:49,533][src.modRNN.training.training_loop][INFO] - train epoch 826 loss 0.6341 accuracy 70.31%
[2026-05-04 20:14:51,607][src.modRNN.training.training_loop][INFO] - eval  epoch 826 loss 0.6415 accuracy 73.63%
[2026-05-04 20:14:51,608][src.modRNN.training.training_loop][INFO] - 	 Starting Epoch: 827
[2026-05-04 20:14:52,641][src.modRNN.training.training_loop][INFO] - train epoch 827 loss 0.6565 accuracy 67.19%
[2026-05-04 20:14:52,643][src.modRNN.training.training_loop][INFO] - 	 Starting Epoch: 828
[2026-05-04 20:14:53,673][src.modRNN.training.training_loop][INFO] - train epoch 828 loss 0.6761 accuracy 62.50%
[2026-05-04 20:14:53,674][src.modRNN.training.training_loop][INFO] - 	 Starting Epoch: 829
[2026-05-04 20:14:54,707][src.modRNN.training.training_loop][INFO] - train epoch 829 loss 0.6357 accuracy 78.12%
[2026-05-04 20:14:54,708][src.modRNN.training.training_loop][INFO] - 	 Starting Epoch: 830
[2026-05-04 20:14:55,739][src.modRNN.training.training_loop][INFO] - train epoch 830 loss 0.6297 accuracy 75.00%
[2026-05-04 20:14:55,740][src.modRNN.training.training_loop][INFO] - 	 Starting Epoch: 831
[2026-05-04 20:14:56,771][src.modRNN.training.training_loop][INFO] - train epoch 831 loss 0.6233 accuracy 73.44%
[2026-05-04 20:14:56,772][src.modRNN.training.training_loop][INFO] - 	 Starting Epoch: 832
[2026-05-04 20:14:57,799][src.modRNN.training.training_loop][INFO] - train epoch 832 loss 0.6231 accuracy 79.69%
[2026-05-04 20:14:57,801][src.modRNN.training.training_loop][INFO] - 	 Starting Epoch: 833
[2026-05-04 20:14:58,827][src.modRNN.training.training_loop][INFO] - train epoch 833 loss 0.6318 accuracy 76.56%
[2026-05-04 20:14:58,829][src.modRNN.training.training_loop][INFO] - 	 Starting Epoch: 834
[2026-05-04 20:14:59,856][src.modRNN.training.training_loop][INFO] - train epoch 834 loss 0.6185 accuracy 78.12%
[2026-05-04 20:14:59,858][src.modRNN.training.training_loop][INFO] - 	 Starting Epoch: 835
[2026-05-04 20:15:00,888][src.modRNN.training.training_loop][INFO] - train epoch 835 loss 0.6480 accuracy 65.62%
[2026-05-04 20:15:00,890][src.modRNN.training.training_loop][INFO] - 	 Starting Epoch: 836
[2026-05-04 20:15:01,927][src.modRNN.training.training_loop][INFO] - train epoch 836 loss 0.6540 accuracy 68.75%
[2026-05-04 20:15:01,928][src.modRNN.training.training_loop][INFO] - 	 Starting Epoch: 837
[2026-05-04 20:15:02,968][src.modRNN.training.training_loop][INFO] - train epoch 837 loss 0.6291 accuracy 68.75%
[2026-05-04 20:15:02,970][src.modRNN.training.training_loop][INFO] - 	 Starting Epoch: 838
[2026-05-04 20:15:04,006][src.modRNN.training.training_loop][INFO] - train epoch 838 loss 0.6361 accuracy 73.44%
[2026-05-04 20:15:04,008][src.modRNN.training.training_loop][INFO] - 	 Starting Epoch: 839
[2026-05-04 20:15:05,045][src.modRNN.training.training_loop][INFO] - train epoch 839 loss 0.6437 accuracy 68.75%
[2026-05-04 20:15:05,046][src.modRNN.training.training_loop][INFO] - 	 Starting Epoch: 840
[2026-05-04 20:15:06,082][src.modRNN.training.training_loop][INFO] - train epoch 840 loss 0.6202 accuracy 78.12%
[2026-05-04 20:15:06,084][src.modRNN.training.training_loop][INFO] - 	 Starting Epoch: 841
[2026-05-04 20:15:07,123][src.modRNN.training.training_loop][INFO] - train epoch 841 loss 0.6450 accuracy 76.56%
[2026-05-04 20:15:07,124][src.modRNN.training.training_loop][INFO] - 	 Starting Epoch: 842
[2026-05-04 20:15:08,160][src.modRNN.training.training_loop][INFO] - train epoch 842 loss 0.6380 accuracy 76.56%
[2026-05-04 20:15:08,162][src.modRNN.training.training_loop][INFO] - 	 Starting Epoch: 843
[2026-05-04 20:15:09,200][src.modRNN.training.training_loop][INFO] - train epoch 843 loss 0.6303 accuracy 78.12%
[2026-05-04 20:15:09,202][src.modRNN.training.training_loop][INFO] - 	 Starting Epoch: 844
[2026-05-04 20:15:10,239][src.modRNN.training.training_loop][INFO] - train epoch 844 loss 0.6271 accuracy 76.56%
[2026-05-04 20:15:10,241][src.modRNN.training.training_loop][INFO] - 	 Starting Epoch: 845
[2026-05-04 20:15:11,280][src.modRNN.training.training_loop][INFO] - train epoch 845 loss 0.6476 accuracy 70.31%
[2026-05-04 20:15:11,282][src.modRNN.training.training_loop][INFO] - 	 Starting Epoch: 846
[2026-05-04 20:15:12,317][src.modRNN.training.training_loop][INFO] - train epoch 846 loss 0.6495 accuracy 71.88%
[2026-05-04 20:15:12,318][src.modRNN.training.training_loop][INFO] - 	 Starting Epoch: 847
[2026-05-04 20:15:13,357][src.modRNN.training.training_loop][INFO] - train epoch 847 loss 0.6253 accuracy 78.12%
[2026-05-04 20:15:13,358][src.modRNN.training.training_loop][INFO] - 	 Starting Epoch: 848
[2026-05-04 20:15:14,395][src.modRNN.training.training_loop][INFO] - train epoch 848 loss 0.6428 accuracy 68.75%
[2026-05-04 20:15:14,397][src.modRNN.training.training_loop][INFO] - 	 Starting Epoch: 849
[2026-05-04 20:15:15,438][src.modRNN.training.training_loop][INFO] - train epoch 849 loss 0.6438 accuracy 73.44%
[2026-05-04 20:15:15,440][src.modRNN.training.training_loop][INFO] - 	 Starting Epoch: 850
[2026-05-04 20:15:16,475][src.modRNN.training.training_loop][INFO] - train epoch 850 loss 0.6230 accuracy 82.81%
[2026-05-04 20:15:16,477][src.modRNN.training.training_loop][INFO] - 	 Starting Epoch: 851
[2026-05-04 20:15:17,512][src.modRNN.training.training_loop][INFO] - train epoch 851 loss 0.6068 accuracy 84.38%
[2026-05-04 20:15:19,584][src.modRNN.training.training_loop][INFO] - eval  epoch 851 loss 0.6317 accuracy 74.61%
[2026-05-04 20:15:19,585][src.modRNN.training.training_loop][INFO] - 	 Starting Epoch: 852
[2026-05-04 20:15:20,622][src.modRNN.training.training_loop][INFO] - train epoch 852 loss 0.6144 accuracy 82.81%
[2026-05-04 20:15:20,624][src.modRNN.training.training_loop][INFO] - 	 Starting Epoch: 853
[2026-05-04 20:15:21,660][src.modRNN.training.training_loop][INFO] - train epoch 853 loss 0.6414 accuracy 73.44%
[2026-05-04 20:15:21,661][src.modRNN.training.training_loop][INFO] - 	 Starting Epoch: 854
[2026-05-04 20:15:22,700][src.modRNN.training.training_loop][INFO] - train epoch 854 loss 0.6273 accuracy 70.31%
[2026-05-04 20:15:22,701][src.modRNN.training.training_loop][INFO] - 	 Starting Epoch: 855
[2026-05-04 20:15:23,736][src.modRNN.training.training_loop][INFO] - train epoch 855 loss 0.6292 accuracy 82.81%
[2026-05-04 20:15:23,737][src.modRNN.training.training_loop][INFO] - 	 Starting Epoch: 856
[2026-05-04 20:15:24,776][src.modRNN.training.training_loop][INFO] - train epoch 856 loss 0.6415 accuracy 68.75%
[2026-05-04 20:15:24,778][src.modRNN.training.training_loop][INFO] - 	 Starting Epoch: 857
[2026-05-04 20:15:25,816][src.modRNN.training.training_loop][INFO] - train epoch 857 loss 0.6447 accuracy 64.06%
[2026-05-04 20:15:25,818][src.modRNN.training.training_loop][INFO] - 	 Starting Epoch: 858
[2026-05-04 20:15:26,851][src.modRNN.training.training_loop][INFO] - train epoch 858 loss 0.6317 accuracy 76.56%
[2026-05-04 20:15:26,853][src.modRNN.training.training_loop][INFO] - 	 Starting Epoch: 859
[2026-05-04 20:15:27,889][src.modRNN.training.training_loop][INFO] - train epoch 859 loss 0.6189 accuracy 71.88%
[2026-05-04 20:15:27,890][src.modRNN.training.training_loop][INFO] - 	 Starting Epoch: 860
[2026-05-04 20:15:28,928][src.modRNN.training.training_loop][INFO] - train epoch 860 loss 0.6435 accuracy 76.56%
[2026-05-04 20:15:28,929][src.modRNN.training.training_loop][INFO] - 	 Starting Epoch: 861
[2026-05-04 20:15:29,965][src.modRNN.training.training_loop][INFO] - train epoch 861 loss 0.6106 accuracy 81.25%
[2026-05-04 20:15:29,967][src.modRNN.training.training_loop][INFO] - 	 Starting Epoch: 862
[2026-05-04 20:15:31,004][src.modRNN.training.training_loop][INFO] - train epoch 862 loss 0.6197 accuracy 79.69%
[2026-05-04 20:15:31,005][src.modRNN.training.training_loop][INFO] - 	 Starting Epoch: 863
[2026-05-04 20:15:32,034][src.modRNN.training.training_loop][INFO] - train epoch 863 loss 0.6325 accuracy 75.00%
[2026-05-04 20:15:32,036][src.modRNN.training.training_loop][INFO] - 	 Starting Epoch: 864
[2026-05-04 20:15:33,064][src.modRNN.training.training_loop][INFO] - train epoch 864 loss 0.6442 accuracy 71.88%
[2026-05-04 20:15:33,066][src.modRNN.training.training_loop][INFO] - 	 Starting Epoch: 865
[2026-05-04 20:15:34,094][src.modRNN.training.training_loop][INFO] - train epoch 865 loss 0.6487 accuracy 68.75%
[2026-05-04 20:15:34,096][src.modRNN.training.training_loop][INFO] - 	 Starting Epoch: 866
[2026-05-04 20:15:35,127][src.modRNN.training.training_loop][INFO] - train epoch 866 loss 0.6060 accuracy 76.56%
[2026-05-04 20:15:35,128][src.modRNN.training.training_loop][INFO] - 	 Starting Epoch: 867
[2026-05-04 20:15:36,155][src.modRNN.training.training_loop][INFO] - train epoch 867 loss 0.6317 accuracy 71.88%
[2026-05-04 20:15:36,156][src.modRNN.training.training_loop][INFO] - 	 Starting Epoch: 868
[2026-05-04 20:15:37,186][src.modRNN.training.training_loop][INFO] - train epoch 868 loss 0.6323 accuracy 73.44%
[2026-05-04 20:15:37,187][src.modRNN.training.training_loop][INFO] - 	 Starting Epoch: 869
[2026-05-04 20:15:38,214][src.modRNN.training.training_loop][INFO] - train epoch 869 loss 0.6303 accuracy 70.31%
[2026-05-04 20:15:38,216][src.modRNN.training.training_loop][INFO] - 	 Starting Epoch: 870
[2026-05-04 20:15:39,242][src.modRNN.training.training_loop][INFO] - train epoch 870 loss 0.6192 accuracy 73.44%
[2026-05-04 20:15:39,243][src.modRNN.training.training_loop][INFO] - 	 Starting Epoch: 871
[2026-05-04 20:15:40,270][src.modRNN.training.training_loop][INFO] - train epoch 871 loss 0.6268 accuracy 78.12%
[2026-05-04 20:15:40,271][src.modRNN.training.training_loop][INFO] - 	 Starting Epoch: 872
[2026-05-04 20:15:41,301][src.modRNN.training.training_loop][INFO] - train epoch 872 loss 0.6239 accuracy 81.25%
[2026-05-04 20:15:41,302][src.modRNN.training.training_loop][INFO] - 	 Starting Epoch: 873
[2026-05-04 20:15:42,351][src.modRNN.training.training_loop][INFO] - train epoch 873 loss 0.6228 accuracy 71.88%
[2026-05-04 20:15:42,359][src.modRNN.training.training_loop][INFO] - 	 Starting Epoch: 874
[2026-05-04 20:15:43,464][src.modRNN.training.training_loop][INFO] - train epoch 874 loss 0.6282 accuracy 75.00%
[2026-05-04 20:15:43,465][src.modRNN.training.training_loop][INFO] - 	 Starting Epoch: 875
[2026-05-04 20:15:44,494][src.modRNN.training.training_loop][INFO] - train epoch 875 loss 0.6294 accuracy 71.88%
[2026-05-04 20:15:44,496][src.modRNN.training.training_loop][INFO] - 	 Starting Epoch: 876
[2026-05-04 20:15:45,527][src.modRNN.training.training_loop][INFO] - train epoch 876 loss 0.6251 accuracy 71.88%
[2026-05-04 20:15:47,604][src.modRNN.training.training_loop][INFO] - eval  epoch 876 loss 0.6341 accuracy 72.66%
[2026-05-04 20:15:47,605][src.modRNN.training.training_loop][INFO] - 	 Starting Epoch: 877
[2026-05-04 20:15:48,633][src.modRNN.training.training_loop][INFO] - train epoch 877 loss 0.6282 accuracy 75.00%
[2026-05-04 20:15:48,634][src.modRNN.training.training_loop][INFO] - 	 Starting Epoch: 878
[2026-05-04 20:15:49,662][src.modRNN.training.training_loop][INFO] - train epoch 878 loss 0.6260 accuracy 78.12%
[2026-05-04 20:15:49,663][src.modRNN.training.training_loop][INFO] - 	 Starting Epoch: 879
[2026-05-04 20:15:50,694][src.modRNN.training.training_loop][INFO] - train epoch 879 loss 0.6259 accuracy 81.25%
[2026-05-04 20:15:50,695][src.modRNN.training.training_loop][INFO] - 	 Starting Epoch: 880
[2026-05-04 20:15:51,722][src.modRNN.training.training_loop][INFO] - train epoch 880 loss 0.6274 accuracy 70.31%
[2026-05-04 20:15:51,723][src.modRNN.training.training_loop][INFO] - 	 Starting Epoch: 881
[2026-05-04 20:15:52,752][src.modRNN.training.training_loop][INFO] - train epoch 881 loss 0.6081 accuracy 82.81%
[2026-05-04 20:15:52,754][src.modRNN.training.training_loop][INFO] - 	 Starting Epoch: 882
[2026-05-04 20:15:53,781][src.modRNN.training.training_loop][INFO] - train epoch 882 loss 0.6299 accuracy 71.88%
[2026-05-04 20:15:53,782][src.modRNN.training.training_loop][INFO] - 	 Starting Epoch: 883
[2026-05-04 20:15:54,810][src.modRNN.training.training_loop][INFO] - train epoch 883 loss 0.6598 accuracy 67.19%
[2026-05-04 20:15:54,811][src.modRNN.training.training_loop][INFO] - 	 Starting Epoch: 884
[2026-05-04 20:15:55,838][src.modRNN.training.training_loop][INFO] - train epoch 884 loss 0.6301 accuracy 75.00%
[2026-05-04 20:15:55,839][src.modRNN.training.training_loop][INFO] - 	 Starting Epoch: 885
[2026-05-04 20:15:56,867][src.modRNN.training.training_loop][INFO] - train epoch 885 loss 0.6115 accuracy 76.56%
[2026-05-04 20:15:56,869][src.modRNN.training.training_loop][INFO] - 	 Starting Epoch: 886
[2026-05-04 20:15:57,897][src.modRNN.training.training_loop][INFO] - train epoch 886 loss 0.6612 accuracy 56.25%
[2026-05-04 20:15:57,899][src.modRNN.training.training_loop][INFO] - 	 Starting Epoch: 887
[2026-05-04 20:15:58,928][src.modRNN.training.training_loop][INFO] - train epoch 887 loss 0.6227 accuracy 75.00%
[2026-05-04 20:15:58,930][src.modRNN.training.training_loop][INFO] - 	 Starting Epoch: 888
[2026-05-04 20:15:59,960][src.modRNN.training.training_loop][INFO] - train epoch 888 loss 0.6195 accuracy 76.56%
[2026-05-04 20:15:59,961][src.modRNN.training.training_loop][INFO] - 	 Starting Epoch: 889
[2026-05-04 20:16:00,988][src.modRNN.training.training_loop][INFO] - train epoch 889 loss 0.6259 accuracy 75.00%
[2026-05-04 20:16:00,990][src.modRNN.training.training_loop][INFO] - 	 Starting Epoch: 890
[2026-05-04 20:16:02,017][src.modRNN.training.training_loop][INFO] - train epoch 890 loss 0.6170 accuracy 82.81%
[2026-05-04 20:16:02,019][src.modRNN.training.training_loop][INFO] - 	 Starting Epoch: 891
[2026-05-04 20:16:03,094][src.modRNN.training.training_loop][INFO] - train epoch 891 loss 0.6371 accuracy 67.19%
[2026-05-04 20:16:03,095][src.modRNN.training.training_loop][INFO] - 	 Starting Epoch: 892
[2026-05-04 20:16:04,132][src.modRNN.training.training_loop][INFO] - train epoch 892 loss 0.6176 accuracy 79.69%
[2026-05-04 20:16:04,133][src.modRNN.training.training_loop][INFO] - 	 Starting Epoch: 893
[2026-05-04 20:16:05,172][src.modRNN.training.training_loop][INFO] - train epoch 893 loss 0.6385 accuracy 76.56%
[2026-05-04 20:16:05,173][src.modRNN.training.training_loop][INFO] - 	 Starting Epoch: 894
[2026-05-04 20:16:06,207][src.modRNN.training.training_loop][INFO] - train epoch 894 loss 0.6283 accuracy 70.31%
[2026-05-04 20:16:06,209][src.modRNN.training.training_loop][INFO] - 	 Starting Epoch: 895
[2026-05-04 20:16:07,244][src.modRNN.training.training_loop][INFO] - train epoch 895 loss 0.6318 accuracy 71.88%
[2026-05-04 20:16:07,246][src.modRNN.training.training_loop][INFO] - 	 Starting Epoch: 896
[2026-05-04 20:16:08,282][src.modRNN.training.training_loop][INFO] - train epoch 896 loss 0.6367 accuracy 68.75%
[2026-05-04 20:16:08,284][src.modRNN.training.training_loop][INFO] - 	 Starting Epoch: 897
[2026-05-04 20:16:09,322][src.modRNN.training.training_loop][INFO] - train epoch 897 loss 0.6706 accuracy 59.38%
[2026-05-04 20:16:09,323][src.modRNN.training.training_loop][INFO] - 	 Starting Epoch: 898
[2026-05-04 20:16:10,361][src.modRNN.training.training_loop][INFO] - train epoch 898 loss 0.6113 accuracy 79.69%
[2026-05-04 20:16:10,362][src.modRNN.training.training_loop][INFO] - 	 Starting Epoch: 899
[2026-05-04 20:16:11,400][src.modRNN.training.training_loop][INFO] - train epoch 899 loss 0.6449 accuracy 73.44%
[2026-05-04 20:16:11,401][src.modRNN.training.training_loop][INFO] - 	 Starting Epoch: 900
[2026-05-04 20:16:12,437][src.modRNN.training.training_loop][INFO] - train epoch 900 loss 0.6213 accuracy 81.25%
[2026-05-04 20:16:12,438][src.modRNN.training.training_loop][INFO] - 	 Starting Epoch: 901
[2026-05-04 20:16:13,475][src.modRNN.training.training_loop][INFO] - train epoch 901 loss 0.6443 accuracy 70.31%
[2026-05-04 20:16:15,547][src.modRNN.training.training_loop][INFO] - eval  epoch 901 loss 0.6385 accuracy 71.09%
[2026-05-04 20:16:15,549][src.modRNN.training.training_loop][INFO] - 	 Starting Epoch: 902
[2026-05-04 20:16:16,583][src.modRNN.training.training_loop][INFO] - train epoch 902 loss 0.5968 accuracy 87.50%
[2026-05-04 20:16:16,585][src.modRNN.training.training_loop][INFO] - 	 Starting Epoch: 903
[2026-05-04 20:16:17,619][src.modRNN.training.training_loop][INFO] - train epoch 903 loss 0.6355 accuracy 73.44%
[2026-05-04 20:16:17,621][src.modRNN.training.training_loop][INFO] - 	 Starting Epoch: 904
[2026-05-04 20:16:18,657][src.modRNN.training.training_loop][INFO] - train epoch 904 loss 0.6501 accuracy 64.06%
[2026-05-04 20:16:18,659][src.modRNN.training.training_loop][INFO] - 	 Starting Epoch: 905
[2026-05-04 20:16:19,695][src.modRNN.training.training_loop][INFO] - train epoch 905 loss 0.6381 accuracy 71.88%
[2026-05-04 20:16:19,696][src.modRNN.training.training_loop][INFO] - 	 Starting Epoch: 906
[2026-05-04 20:16:20,734][src.modRNN.training.training_loop][INFO] - train epoch 906 loss 0.6476 accuracy 68.75%
[2026-05-04 20:16:20,736][src.modRNN.training.training_loop][INFO] - 	 Starting Epoch: 907
[2026-05-04 20:16:21,773][src.modRNN.training.training_loop][INFO] - train epoch 907 loss 0.6235 accuracy 73.44%
[2026-05-04 20:16:21,774][src.modRNN.training.training_loop][INFO] - 	 Starting Epoch: 908
[2026-05-04 20:16:22,810][src.modRNN.training.training_loop][INFO] - train epoch 908 loss 0.6414 accuracy 68.75%
[2026-05-04 20:16:22,811][src.modRNN.training.training_loop][INFO] - 	 Starting Epoch: 909
[2026-05-04 20:16:23,846][src.modRNN.training.training_loop][INFO] - train epoch 909 loss 0.6319 accuracy 76.56%
[2026-05-04 20:16:23,847][src.modRNN.training.training_loop][INFO] - 	 Starting Epoch: 910
[2026-05-04 20:16:24,885][src.modRNN.training.training_loop][INFO] - train epoch 910 loss 0.6389 accuracy 71.88%
[2026-05-04 20:16:24,886][src.modRNN.training.training_loop][INFO] - 	 Starting Epoch: 911
[2026-05-04 20:16:25,922][src.modRNN.training.training_loop][INFO] - train epoch 911 loss 0.6339 accuracy 73.44%
[2026-05-04 20:16:25,924][src.modRNN.training.training_loop][INFO] - 	 Starting Epoch: 912
[2026-05-04 20:16:26,962][src.modRNN.training.training_loop][INFO] - train epoch 912 loss 0.6263 accuracy 81.25%
[2026-05-04 20:16:26,964][src.modRNN.training.training_loop][INFO] - 	 Starting Epoch: 913
[2026-05-04 20:16:27,999][src.modRNN.training.training_loop][INFO] - train epoch 913 loss 0.6040 accuracy 82.81%
[2026-05-04 20:16:28,001][src.modRNN.training.training_loop][INFO] - 	 Starting Epoch: 914
[2026-05-04 20:16:29,035][src.modRNN.training.training_loop][INFO] - train epoch 914 loss 0.6442 accuracy 67.19%
[2026-05-04 20:16:29,037][src.modRNN.training.training_loop][INFO] - 	 Starting Epoch: 915
[2026-05-04 20:16:30,070][src.modRNN.training.training_loop][INFO] - train epoch 915 loss 0.6044 accuracy 84.38%
[2026-05-04 20:16:30,072][src.modRNN.training.training_loop][INFO] - 	 Starting Epoch: 916
[2026-05-04 20:16:31,108][src.modRNN.training.training_loop][INFO] - train epoch 916 loss 0.6080 accuracy 78.12%
[2026-05-04 20:16:31,109][src.modRNN.training.training_loop][INFO] - 	 Starting Epoch: 917
[2026-05-04 20:16:32,135][src.modRNN.training.training_loop][INFO] - train epoch 917 loss 0.6081 accuracy 84.38%
[2026-05-04 20:16:32,137][src.modRNN.training.training_loop][INFO] - 	 Starting Epoch: 918
[2026-05-04 20:16:33,171][src.modRNN.training.training_loop][INFO] - train epoch 918 loss 0.6121 accuracy 79.69%
[2026-05-04 20:16:33,173][src.modRNN.training.training_loop][INFO] - 	 Starting Epoch: 919
[2026-05-04 20:16:34,201][src.modRNN.training.training_loop][INFO] - train epoch 919 loss 0.6141 accuracy 82.81%
[2026-05-04 20:16:34,203][src.modRNN.training.training_loop][INFO] - 	 Starting Epoch: 920
[2026-05-04 20:16:35,230][src.modRNN.training.training_loop][INFO] - train epoch 920 loss 0.6439 accuracy 64.06%
[2026-05-04 20:16:35,232][src.modRNN.training.training_loop][INFO] - 	 Starting Epoch: 921
[2026-05-04 20:16:36,261][src.modRNN.training.training_loop][INFO] - train epoch 921 loss 0.6673 accuracy 62.50%
[2026-05-04 20:16:36,262][src.modRNN.training.training_loop][INFO] - 	 Starting Epoch: 922
[2026-05-04 20:16:37,292][src.modRNN.training.training_loop][INFO] - train epoch 922 loss 0.6507 accuracy 75.00%
[2026-05-04 20:16:37,294][src.modRNN.training.training_loop][INFO] - 	 Starting Epoch: 923
[2026-05-04 20:16:38,321][src.modRNN.training.training_loop][INFO] - train epoch 923 loss 0.6277 accuracy 65.62%
[2026-05-04 20:16:38,323][src.modRNN.training.training_loop][INFO] - 	 Starting Epoch: 924
[2026-05-04 20:16:39,353][src.modRNN.training.training_loop][INFO] - train epoch 924 loss 0.6702 accuracy 57.81%
[2026-05-04 20:16:39,354][src.modRNN.training.training_loop][INFO] - 	 Starting Epoch: 925
[2026-05-04 20:16:40,381][src.modRNN.training.training_loop][INFO] - train epoch 925 loss 0.6435 accuracy 68.75%
[2026-05-04 20:16:40,383][src.modRNN.training.training_loop][INFO] - 	 Starting Epoch: 926
[2026-05-04 20:16:41,411][src.modRNN.training.training_loop][INFO] - train epoch 926 loss 0.6281 accuracy 67.19%
[2026-05-04 20:16:43,485][src.modRNN.training.training_loop][INFO] - eval  epoch 926 loss 0.6400 accuracy 69.92%
[2026-05-04 20:16:43,487][src.modRNN.training.training_loop][INFO] - 	 Starting Epoch: 927
[2026-05-04 20:16:44,514][src.modRNN.training.training_loop][INFO] - train epoch 927 loss 0.6764 accuracy 53.12%
[2026-05-04 20:16:44,516][src.modRNN.training.training_loop][INFO] - 	 Starting Epoch: 928
[2026-05-04 20:16:45,544][src.modRNN.training.training_loop][INFO] - train epoch 928 loss 0.6057 accuracy 76.56%
[2026-05-04 20:16:45,545][src.modRNN.training.training_loop][INFO] - 	 Starting Epoch: 929
[2026-05-04 20:16:46,577][src.modRNN.training.training_loop][INFO] - train epoch 929 loss 0.6283 accuracy 75.00%
[2026-05-04 20:16:46,578][src.modRNN.training.training_loop][INFO] - 	 Starting Epoch: 930
[2026-05-04 20:16:47,609][src.modRNN.training.training_loop][INFO] - train epoch 930 loss 0.6405 accuracy 73.44%
[2026-05-04 20:16:47,610][src.modRNN.training.training_loop][INFO] - 	 Starting Epoch: 931
[2026-05-04 20:16:48,640][src.modRNN.training.training_loop][INFO] - train epoch 931 loss 0.5999 accuracy 82.81%
[2026-05-04 20:16:48,641][src.modRNN.training.training_loop][INFO] - 	 Starting Epoch: 932
[2026-05-04 20:16:49,670][src.modRNN.training.training_loop][INFO] - train epoch 932 loss 0.6183 accuracy 76.56%
[2026-05-04 20:16:49,672][src.modRNN.training.training_loop][INFO] - 	 Starting Epoch: 933
[2026-05-04 20:16:50,701][src.modRNN.training.training_loop][INFO] - train epoch 933 loss 0.6234 accuracy 71.88%
[2026-05-04 20:16:50,702][src.modRNN.training.training_loop][INFO] - 	 Starting Epoch: 934
[2026-05-04 20:16:51,727][src.modRNN.training.training_loop][INFO] - train epoch 934 loss 0.6114 accuracy 76.56%
[2026-05-04 20:16:51,728][src.modRNN.training.training_loop][INFO] - 	 Starting Epoch: 935
[2026-05-04 20:16:52,758][src.modRNN.training.training_loop][INFO] - train epoch 935 loss 0.6105 accuracy 73.44%
[2026-05-04 20:16:52,759][src.modRNN.training.training_loop][INFO] - 	 Starting Epoch: 936
[2026-05-04 20:16:53,788][src.modRNN.training.training_loop][INFO] - train epoch 936 loss 0.5775 accuracy 82.81%
[2026-05-04 20:16:53,789][src.modRNN.training.training_loop][INFO] - 	 Starting Epoch: 937
[2026-05-04 20:16:54,820][src.modRNN.training.training_loop][INFO] - train epoch 937 loss 0.5966 accuracy 75.00%
[2026-05-04 20:16:54,822][src.modRNN.training.training_loop][INFO] - 	 Starting Epoch: 938
[2026-05-04 20:16:55,850][src.modRNN.training.training_loop][INFO] - train epoch 938 loss 0.6345 accuracy 62.50%
[2026-05-04 20:16:55,852][src.modRNN.training.training_loop][INFO] - 	 Starting Epoch: 939
[2026-05-04 20:16:56,879][src.modRNN.training.training_loop][INFO] - train epoch 939 loss 0.6259 accuracy 68.75%
[2026-05-04 20:16:56,881][src.modRNN.training.training_loop][INFO] - 	 Starting Epoch: 940
[2026-05-04 20:16:57,909][src.modRNN.training.training_loop][INFO] - train epoch 940 loss 0.5878 accuracy 75.00%
[2026-05-04 20:16:57,910][src.modRNN.training.training_loop][INFO] - 	 Starting Epoch: 941
[2026-05-04 20:16:58,939][src.modRNN.training.training_loop][INFO] - train epoch 941 loss 0.6780 accuracy 54.69%
[2026-05-04 20:16:58,940][src.modRNN.training.training_loop][INFO] - 	 Starting Epoch: 942
[2026-05-04 20:16:59,968][src.modRNN.training.training_loop][INFO] - train epoch 942 loss 0.6968 accuracy 48.44%
[2026-05-04 20:16:59,969][src.modRNN.training.training_loop][INFO] - 	 Starting Epoch: 943
[2026-05-04 20:17:00,998][src.modRNN.training.training_loop][INFO] - train epoch 943 loss 0.6316 accuracy 60.94%
[2026-05-04 20:17:00,999][src.modRNN.training.training_loop][INFO] - 	 Starting Epoch: 944
[2026-05-04 20:17:02,027][src.modRNN.training.training_loop][INFO] - train epoch 944 loss 0.6375 accuracy 60.94%
[2026-05-04 20:17:02,029][src.modRNN.training.training_loop][INFO] - 	 Starting Epoch: 945
[2026-05-04 20:17:03,085][src.modRNN.training.training_loop][INFO] - train epoch 945 loss 0.6381 accuracy 62.50%
[2026-05-04 20:17:03,087][src.modRNN.training.training_loop][INFO] - 	 Starting Epoch: 946
[2026-05-04 20:17:04,123][src.modRNN.training.training_loop][INFO] - train epoch 946 loss 0.6392 accuracy 65.62%
[2026-05-04 20:17:04,125][src.modRNN.training.training_loop][INFO] - 	 Starting Epoch: 947
[2026-05-04 20:17:05,163][src.modRNN.training.training_loop][INFO] - train epoch 947 loss 0.6502 accuracy 62.50%
[2026-05-04 20:17:05,164][src.modRNN.training.training_loop][INFO] - 	 Starting Epoch: 948
[2026-05-04 20:17:06,202][src.modRNN.training.training_loop][INFO] - train epoch 948 loss 0.6110 accuracy 78.12%
[2026-05-04 20:17:06,203][src.modRNN.training.training_loop][INFO] - 	 Starting Epoch: 949
[2026-05-04 20:17:07,241][src.modRNN.training.training_loop][INFO] - train epoch 949 loss 0.6035 accuracy 79.69%
[2026-05-04 20:17:07,243][src.modRNN.training.training_loop][INFO] - 	 Starting Epoch: 950
[2026-05-04 20:17:08,278][src.modRNN.training.training_loop][INFO] - train epoch 950 loss 0.5808 accuracy 82.81%
[2026-05-04 20:17:08,280][src.modRNN.training.training_loop][INFO] - 	 Starting Epoch: 951
[2026-05-04 20:17:09,318][src.modRNN.training.training_loop][INFO] - train epoch 951 loss 0.6437 accuracy 65.62%
[2026-05-04 20:17:11,393][src.modRNN.training.training_loop][INFO] - eval  epoch 951 loss 0.6364 accuracy 69.34%
[2026-05-04 20:17:11,395][src.modRNN.training.training_loop][INFO] - 	 Starting Epoch: 952
[2026-05-04 20:17:12,431][src.modRNN.training.training_loop][INFO] - train epoch 952 loss 0.6562 accuracy 65.62%
[2026-05-04 20:17:12,432][src.modRNN.training.training_loop][INFO] - 	 Starting Epoch: 953
[2026-05-04 20:17:13,468][src.modRNN.training.training_loop][INFO] - train epoch 953 loss 0.6479 accuracy 67.19%
[2026-05-04 20:17:13,469][src.modRNN.training.training_loop][INFO] - 	 Starting Epoch: 954
[2026-05-04 20:17:14,508][src.modRNN.training.training_loop][INFO] - train epoch 954 loss 0.6569 accuracy 67.19%
[2026-05-04 20:17:14,509][src.modRNN.training.training_loop][INFO] - 	 Starting Epoch: 955
[2026-05-04 20:17:15,546][src.modRNN.training.training_loop][INFO] - train epoch 955 loss 0.6282 accuracy 67.19%
[2026-05-04 20:17:15,547][src.modRNN.training.training_loop][INFO] - 	 Starting Epoch: 956
[2026-05-04 20:17:16,584][src.modRNN.training.training_loop][INFO] - train epoch 956 loss 0.6469 accuracy 68.75%
[2026-05-04 20:17:16,585][src.modRNN.training.training_loop][INFO] - 	 Starting Epoch: 957
[2026-05-04 20:17:17,622][src.modRNN.training.training_loop][INFO] - train epoch 957 loss 0.6203 accuracy 73.44%
[2026-05-04 20:17:17,624][src.modRNN.training.training_loop][INFO] - 	 Starting Epoch: 958
[2026-05-04 20:17:18,658][src.modRNN.training.training_loop][INFO] - train epoch 958 loss 0.6531 accuracy 62.50%
[2026-05-04 20:17:18,660][src.modRNN.training.training_loop][INFO] - 	 Starting Epoch: 959
[2026-05-04 20:17:19,696][src.modRNN.training.training_loop][INFO] - train epoch 959 loss 0.6055 accuracy 75.00%
[2026-05-04 20:17:19,698][src.modRNN.training.training_loop][INFO] - 	 Starting Epoch: 960
[2026-05-04 20:17:20,736][src.modRNN.training.training_loop][INFO] - train epoch 960 loss 0.6437 accuracy 73.44%
[2026-05-04 20:17:20,737][src.modRNN.training.training_loop][INFO] - 	 Starting Epoch: 961
[2026-05-04 20:17:21,775][src.modRNN.training.training_loop][INFO] - train epoch 961 loss 0.6396 accuracy 68.75%
[2026-05-04 20:17:21,776][src.modRNN.training.training_loop][INFO] - 	 Starting Epoch: 962
[2026-05-04 20:17:22,817][src.modRNN.training.training_loop][INFO] - train epoch 962 loss 0.6385 accuracy 70.31%
[2026-05-04 20:17:22,818][src.modRNN.training.training_loop][INFO] - 	 Starting Epoch: 963
[2026-05-04 20:17:23,853][src.modRNN.training.training_loop][INFO] - train epoch 963 loss 0.6218 accuracy 73.44%
[2026-05-04 20:17:23,855][src.modRNN.training.training_loop][INFO] - 	 Starting Epoch: 964
[2026-05-04 20:17:24,889][src.modRNN.training.training_loop][INFO] - train epoch 964 loss 0.6204 accuracy 73.44%
[2026-05-04 20:17:24,890][src.modRNN.training.training_loop][INFO] - 	 Starting Epoch: 965
[2026-05-04 20:17:25,927][src.modRNN.training.training_loop][INFO] - train epoch 965 loss 0.6154 accuracy 78.12%
[2026-05-04 20:17:25,929][src.modRNN.training.training_loop][INFO] - 	 Starting Epoch: 966
[2026-05-04 20:17:26,967][src.modRNN.training.training_loop][INFO] - train epoch 966 loss 0.6165 accuracy 76.56%
[2026-05-04 20:17:26,969][src.modRNN.training.training_loop][INFO] - 	 Starting Epoch: 967
[2026-05-04 20:17:28,006][src.modRNN.training.training_loop][INFO] - train epoch 967 loss 0.6160 accuracy 79.69%
[2026-05-04 20:17:28,007][src.modRNN.training.training_loop][INFO] - 	 Starting Epoch: 968
[2026-05-04 20:17:29,044][src.modRNN.training.training_loop][INFO] - train epoch 968 loss 0.6626 accuracy 67.19%
[2026-05-04 20:17:29,045][src.modRNN.training.training_loop][INFO] - 	 Starting Epoch: 969
[2026-05-04 20:17:30,081][src.modRNN.training.training_loop][INFO] - train epoch 969 loss 0.6243 accuracy 76.56%
[2026-05-04 20:17:30,082][src.modRNN.training.training_loop][INFO] - 	 Starting Epoch: 970
[2026-05-04 20:17:31,117][src.modRNN.training.training_loop][INFO] - train epoch 970 loss 0.6123 accuracy 76.56%
[2026-05-04 20:17:31,119][src.modRNN.training.training_loop][INFO] - 	 Starting Epoch: 971
[2026-05-04 20:17:32,145][src.modRNN.training.training_loop][INFO] - train epoch 971 loss 0.6377 accuracy 64.06%
[2026-05-04 20:17:32,147][src.modRNN.training.training_loop][INFO] - 	 Starting Epoch: 972
[2026-05-04 20:17:33,180][src.modRNN.training.training_loop][INFO] - train epoch 972 loss 0.6282 accuracy 70.31%
[2026-05-04 20:17:33,181][src.modRNN.training.training_loop][INFO] - 	 Starting Epoch: 973
[2026-05-04 20:17:34,208][src.modRNN.training.training_loop][INFO] - train epoch 973 loss 0.6706 accuracy 56.25%
[2026-05-04 20:17:34,210][src.modRNN.training.training_loop][INFO] - 	 Starting Epoch: 974
[2026-05-04 20:17:35,238][src.modRNN.training.training_loop][INFO] - train epoch 974 loss 0.6100 accuracy 73.44%
[2026-05-04 20:17:35,240][src.modRNN.training.training_loop][INFO] - 	 Starting Epoch: 975
[2026-05-04 20:17:36,268][src.modRNN.training.training_loop][INFO] - train epoch 975 loss 0.6533 accuracy 65.62%
[2026-05-04 20:17:36,269][src.modRNN.training.training_loop][INFO] - 	 Starting Epoch: 976
[2026-05-04 20:17:37,296][src.modRNN.training.training_loop][INFO] - train epoch 976 loss 0.6184 accuracy 71.88%
[2026-05-04 20:17:39,369][src.modRNN.training.training_loop][INFO] - eval  epoch 976 loss 0.6228 accuracy 77.73%
[2026-05-04 20:17:39,370][src.modRNN.training.training_loop][INFO] - 	 Starting Epoch: 977
[2026-05-04 20:17:40,400][src.modRNN.training.training_loop][INFO] - train epoch 977 loss 0.6145 accuracy 79.69%
[2026-05-04 20:17:40,401][src.modRNN.training.training_loop][INFO] - 	 Starting Epoch: 978
[2026-05-04 20:17:41,427][src.modRNN.training.training_loop][INFO] - train epoch 978 loss 0.6018 accuracy 81.25%
[2026-05-04 20:17:41,429][src.modRNN.training.training_loop][INFO] - 	 Starting Epoch: 979
[2026-05-04 20:17:42,503][src.modRNN.training.training_loop][INFO] - train epoch 979 loss 0.6194 accuracy 82.81%
[2026-05-04 20:17:42,517][src.modRNN.training.training_loop][INFO] - 	 Starting Epoch: 980
[2026-05-04 20:17:43,608][src.modRNN.training.training_loop][INFO] - train epoch 980 loss 0.6210 accuracy 73.44%
[2026-05-04 20:17:43,610][src.modRNN.training.training_loop][INFO] - 	 Starting Epoch: 981
[2026-05-04 20:17:44,640][src.modRNN.training.training_loop][INFO] - train epoch 981 loss 0.6400 accuracy 65.62%
[2026-05-04 20:17:44,642][src.modRNN.training.training_loop][INFO] - 	 Starting Epoch: 982
[2026-05-04 20:17:45,675][src.modRNN.training.training_loop][INFO] - train epoch 982 loss 0.6120 accuracy 79.69%
[2026-05-04 20:17:45,676][src.modRNN.training.training_loop][INFO] - 	 Starting Epoch: 983
[2026-05-04 20:17:46,707][src.modRNN.training.training_loop][INFO] - train epoch 983 loss 0.6079 accuracy 81.25%
[2026-05-04 20:17:46,708][src.modRNN.training.training_loop][INFO] - 	 Starting Epoch: 984
[2026-05-04 20:17:47,735][src.modRNN.training.training_loop][INFO] - train epoch 984 loss 0.6206 accuracy 71.88%
[2026-05-04 20:17:47,737][src.modRNN.training.training_loop][INFO] - 	 Starting Epoch: 985
[2026-05-04 20:17:48,767][src.modRNN.training.training_loop][INFO] - train epoch 985 loss 0.6272 accuracy 71.88%
[2026-05-04 20:17:48,768][src.modRNN.training.training_loop][INFO] - 	 Starting Epoch: 986
[2026-05-04 20:17:49,798][src.modRNN.training.training_loop][INFO] - train epoch 986 loss 0.6345 accuracy 76.56%
[2026-05-04 20:17:49,800][src.modRNN.training.training_loop][INFO] - 	 Starting Epoch: 987
[2026-05-04 20:17:50,831][src.modRNN.training.training_loop][INFO] - train epoch 987 loss 0.6717 accuracy 59.38%
[2026-05-04 20:17:50,832][src.modRNN.training.training_loop][INFO] - 	 Starting Epoch: 988
[2026-05-04 20:17:51,860][src.modRNN.training.training_loop][INFO] - train epoch 988 loss 0.6385 accuracy 65.62%
[2026-05-04 20:17:51,862][src.modRNN.training.training_loop][INFO] - 	 Starting Epoch: 989
[2026-05-04 20:17:52,888][src.modRNN.training.training_loop][INFO] - train epoch 989 loss 0.6271 accuracy 71.88%
[2026-05-04 20:17:52,890][src.modRNN.training.training_loop][INFO] - 	 Starting Epoch: 990
[2026-05-04 20:17:53,916][src.modRNN.training.training_loop][INFO] - train epoch 990 loss 0.6020 accuracy 73.44%
[2026-05-04 20:17:53,917][src.modRNN.training.training_loop][INFO] - 	 Starting Epoch: 991
[2026-05-04 20:17:54,949][src.modRNN.training.training_loop][INFO] - train epoch 991 loss 0.6632 accuracy 62.50%
[2026-05-04 20:17:54,951][src.modRNN.training.training_loop][INFO] - 	 Starting Epoch: 992
[2026-05-04 20:17:55,981][src.modRNN.training.training_loop][INFO] - train epoch 992 loss 0.6081 accuracy 78.12%
[2026-05-04 20:17:55,982][src.modRNN.training.training_loop][INFO] - 	 Starting Epoch: 993
[2026-05-04 20:17:57,012][src.modRNN.training.training_loop][INFO] - train epoch 993 loss 0.6461 accuracy 70.31%
[2026-05-04 20:17:57,013][src.modRNN.training.training_loop][INFO] - 	 Starting Epoch: 994
[2026-05-04 20:17:58,043][src.modRNN.training.training_loop][INFO] - train epoch 994 loss 0.5958 accuracy 81.25%
[2026-05-04 20:17:58,045][src.modRNN.training.training_loop][INFO] - 	 Starting Epoch: 995
[2026-05-04 20:17:59,072][src.modRNN.training.training_loop][INFO] - train epoch 995 loss 0.6164 accuracy 75.00%
[2026-05-04 20:17:59,074][src.modRNN.training.training_loop][INFO] - 	 Starting Epoch: 996
[2026-05-04 20:18:00,103][src.modRNN.training.training_loop][INFO] - train epoch 996 loss 0.6005 accuracy 84.38%
[2026-05-04 20:18:00,105][src.modRNN.training.training_loop][INFO] - 	 Starting Epoch: 997
[2026-05-04 20:18:01,136][src.modRNN.training.training_loop][INFO] - train epoch 997 loss 0.6278 accuracy 71.88%
[2026-05-04 20:18:01,138][src.modRNN.training.training_loop][INFO] - 	 Starting Epoch: 998
[2026-05-04 20:18:02,170][src.modRNN.training.training_loop][INFO] - train epoch 998 loss 0.6361 accuracy 78.12%
[2026-05-04 20:18:02,171][src.modRNN.training.training_loop][INFO] - 	 Starting Epoch: 999
[2026-05-04 20:18:03,211][src.modRNN.training.training_loop][INFO] - train epoch 999 loss 0.6574 accuracy 65.62%
[2026-05-04 20:18:03,212][src.modRNN.training.training_loop][INFO] - 	 Starting Epoch: 1000
[2026-05-04 20:18:04,249][src.modRNN.training.training_loop][INFO] - train epoch 1000 loss 0.5927 accuracy 81.25%
[2026-05-04 20:18:04,251][src.modRNN.training.training_loop][INFO] - 	 Starting Epoch: 1001
[2026-05-04 20:18:05,287][src.modRNN.training.training_loop][INFO] - train epoch 1001 loss 0.6497 accuracy 65.62%
[2026-05-04 20:18:07,355][src.modRNN.training.training_loop][INFO] - eval  epoch 1001 loss 0.6207 accuracy 74.02%
[2026-05-04 20:18:07,356][src.modRNN.training.training_loop][INFO] - 	 Starting Epoch: 1002
[2026-05-04 20:18:08,393][src.modRNN.training.training_loop][INFO] - train epoch 1002 loss 0.6295 accuracy 71.88%
[2026-05-04 20:18:08,395][src.modRNN.training.training_loop][INFO] - 	 Starting Epoch: 1003
[2026-05-04 20:18:09,433][src.modRNN.training.training_loop][INFO] - train epoch 1003 loss 0.6209 accuracy 75.00%
[2026-05-04 20:18:09,434][src.modRNN.training.training_loop][INFO] - 	 Starting Epoch: 1004
[2026-05-04 20:18:10,474][src.modRNN.training.training_loop][INFO] - train epoch 1004 loss 0.6136 accuracy 76.56%
[2026-05-04 20:18:10,476][src.modRNN.training.training_loop][INFO] - 	 Starting Epoch: 1005
[2026-05-04 20:18:11,515][src.modRNN.training.training_loop][INFO] - train epoch 1005 loss 0.5923 accuracy 92.19%
[2026-05-04 20:18:11,516][src.modRNN.training.training_loop][INFO] - 	 Starting Epoch: 1006
[2026-05-04 20:18:12,555][src.modRNN.training.training_loop][INFO] - train epoch 1006 loss 0.6112 accuracy 75.00%
[2026-05-04 20:18:12,557][src.modRNN.training.training_loop][INFO] - 	 Starting Epoch: 1007
[2026-05-04 20:18:13,592][src.modRNN.training.training_loop][INFO] - train epoch 1007 loss 0.6503 accuracy 64.06%
[2026-05-04 20:18:13,594][src.modRNN.training.training_loop][INFO] - 	 Starting Epoch: 1008
[2026-05-04 20:18:14,628][src.modRNN.training.training_loop][INFO] - train epoch 1008 loss 0.6233 accuracy 70.31%
[2026-05-04 20:18:14,630][src.modRNN.training.training_loop][INFO] - 	 Starting Epoch: 1009
[2026-05-04 20:18:15,664][src.modRNN.training.training_loop][INFO] - train epoch 1009 loss 0.6075 accuracy 81.25%
[2026-05-04 20:18:15,665][src.modRNN.training.training_loop][INFO] - 	 Starting Epoch: 1010
[2026-05-04 20:18:16,704][src.modRNN.training.training_loop][INFO] - train epoch 1010 loss 0.6816 accuracy 57.81%
[2026-05-04 20:18:16,705][src.modRNN.training.training_loop][INFO] - 	 Starting Epoch: 1011
[2026-05-04 20:18:17,740][src.modRNN.training.training_loop][INFO] - train epoch 1011 loss 0.6283 accuracy 70.31%
[2026-05-04 20:18:17,742][src.modRNN.training.training_loop][INFO] - 	 Starting Epoch: 1012
[2026-05-04 20:18:18,779][src.modRNN.training.training_loop][INFO] - train epoch 1012 loss 0.6371 accuracy 71.88%
[2026-05-04 20:18:18,780][src.modRNN.training.training_loop][INFO] - 	 Starting Epoch: 1013
[2026-05-04 20:18:19,817][src.modRNN.training.training_loop][INFO] - train epoch 1013 loss 0.6167 accuracy 76.56%
[2026-05-04 20:18:19,819][src.modRNN.training.training_loop][INFO] - 	 Starting Epoch: 1014
[2026-05-04 20:18:20,855][src.modRNN.training.training_loop][INFO] - train epoch 1014 loss 0.6098 accuracy 79.69%
[2026-05-04 20:18:20,856][src.modRNN.training.training_loop][INFO] - 	 Starting Epoch: 1015
[2026-05-04 20:18:21,898][src.modRNN.training.training_loop][INFO] - train epoch 1015 loss 0.6113 accuracy 75.00%
[2026-05-04 20:18:21,899][src.modRNN.training.training_loop][INFO] - 	 Starting Epoch: 1016
[2026-05-04 20:18:22,937][src.modRNN.training.training_loop][INFO] - train epoch 1016 loss 0.6250 accuracy 76.56%
[2026-05-04 20:18:22,939][src.modRNN.training.training_loop][INFO] - 	 Starting Epoch: 1017
[2026-05-04 20:18:23,974][src.modRNN.training.training_loop][INFO] - train epoch 1017 loss 0.6513 accuracy 64.06%
[2026-05-04 20:18:23,976][src.modRNN.training.training_loop][INFO] - 	 Starting Epoch: 1018
[2026-05-04 20:18:25,015][src.modRNN.training.training_loop][INFO] - train epoch 1018 loss 0.6135 accuracy 81.25%
[2026-05-04 20:18:25,016][src.modRNN.training.training_loop][INFO] - 	 Starting Epoch: 1019
[2026-05-04 20:18:26,053][src.modRNN.training.training_loop][INFO] - train epoch 1019 loss 0.6211 accuracy 65.62%
[2026-05-04 20:18:26,055][src.modRNN.training.training_loop][INFO] - 	 Starting Epoch: 1020
[2026-05-04 20:18:27,089][src.modRNN.training.training_loop][INFO] - train epoch 1020 loss 0.5850 accuracy 81.25%
[2026-05-04 20:18:27,091][src.modRNN.training.training_loop][INFO] - 	 Starting Epoch: 1021
[2026-05-04 20:18:28,123][src.modRNN.training.training_loop][INFO] - train epoch 1021 loss 0.6276 accuracy 75.00%
[2026-05-04 20:18:28,125][src.modRNN.training.training_loop][INFO] - 	 Starting Epoch: 1022
[2026-05-04 20:18:29,161][src.modRNN.training.training_loop][INFO] - train epoch 1022 loss 0.6460 accuracy 68.75%
[2026-05-04 20:18:29,162][src.modRNN.training.training_loop][INFO] - 	 Starting Epoch: 1023
[2026-05-04 20:18:30,196][src.modRNN.training.training_loop][INFO] - train epoch 1023 loss 0.5888 accuracy 82.81%
[2026-05-04 20:18:30,198][src.modRNN.training.training_loop][INFO] - 	 Starting Epoch: 1024
[2026-05-04 20:18:31,235][src.modRNN.training.training_loop][INFO] - train epoch 1024 loss 0.6412 accuracy 75.00%
[2026-05-04 20:18:31,237][src.modRNN.training.training_loop][INFO] - 	 Starting Epoch: 1025
[2026-05-04 20:18:32,265][src.modRNN.training.training_loop][INFO] - train epoch 1025 loss 0.6065 accuracy 79.69%
[2026-05-04 20:18:32,266][src.modRNN.training.training_loop][INFO] - 	 Starting Epoch: 1026
[2026-05-04 20:18:33,292][src.modRNN.training.training_loop][INFO] - train epoch 1026 loss 0.5925 accuracy 82.81%
[2026-05-04 20:18:35,369][src.modRNN.training.training_loop][INFO] - eval  epoch 1026 loss 0.6207 accuracy 75.59%
[2026-05-04 20:18:35,370][src.modRNN.training.training_loop][INFO] - 	 Starting Epoch: 1027
[2026-05-04 20:18:36,401][src.modRNN.training.training_loop][INFO] - train epoch 1027 loss 0.6347 accuracy 75.00%
[2026-05-04 20:18:36,402][src.modRNN.training.training_loop][INFO] - 	 Starting Epoch: 1028
[2026-05-04 20:18:37,426][src.modRNN.training.training_loop][INFO] - train epoch 1028 loss 0.5974 accuracy 84.38%
[2026-05-04 20:18:37,428][src.modRNN.training.training_loop][INFO] - 	 Starting Epoch: 1029
[2026-05-04 20:18:38,456][src.modRNN.training.training_loop][INFO] - train epoch 1029 loss 0.6255 accuracy 76.56%
[2026-05-04 20:18:38,457][src.modRNN.training.training_loop][INFO] - 	 Starting Epoch: 1030
[2026-05-04 20:18:39,485][src.modRNN.training.training_loop][INFO] - train epoch 1030 loss 0.6054 accuracy 76.56%
[2026-05-04 20:18:39,486][src.modRNN.training.training_loop][INFO] - 	 Starting Epoch: 1031
[2026-05-04 20:18:40,516][src.modRNN.training.training_loop][INFO] - train epoch 1031 loss 0.6241 accuracy 68.75%
[2026-05-04 20:18:40,518][src.modRNN.training.training_loop][INFO] - 	 Starting Epoch: 1032
[2026-05-04 20:18:41,546][src.modRNN.training.training_loop][INFO] - train epoch 1032 loss 0.5979 accuracy 75.00%
[2026-05-04 20:18:41,548][src.modRNN.training.training_loop][INFO] - 	 Starting Epoch: 1033
[2026-05-04 20:18:42,605][src.modRNN.training.training_loop][INFO] - train epoch 1033 loss 0.6042 accuracy 75.00%
[2026-05-04 20:18:42,608][src.modRNN.training.training_loop][INFO] - 	 Starting Epoch: 1034
[2026-05-04 20:18:43,684][src.modRNN.training.training_loop][INFO] - train epoch 1034 loss 0.5989 accuracy 81.25%
[2026-05-04 20:18:43,686][src.modRNN.training.training_loop][INFO] - 	 Starting Epoch: 1035
[2026-05-04 20:18:44,718][src.modRNN.training.training_loop][INFO] - train epoch 1035 loss 0.6418 accuracy 67.19%
[2026-05-04 20:18:44,720][src.modRNN.training.training_loop][INFO] - 	 Starting Epoch: 1036
[2026-05-04 20:18:45,749][src.modRNN.training.training_loop][INFO] - train epoch 1036 loss 0.6154 accuracy 68.75%
[2026-05-04 20:18:45,751][src.modRNN.training.training_loop][INFO] - 	 Starting Epoch: 1037
[2026-05-04 20:18:46,782][src.modRNN.training.training_loop][INFO] - train epoch 1037 loss 0.6495 accuracy 60.94%
[2026-05-04 20:18:46,784][src.modRNN.training.training_loop][INFO] - 	 Starting Epoch: 1038
[2026-05-04 20:18:47,817][src.modRNN.training.training_loop][INFO] - train epoch 1038 loss 0.6017 accuracy 79.69%
[2026-05-04 20:18:47,819][src.modRNN.training.training_loop][INFO] - 	 Starting Epoch: 1039
[2026-05-04 20:18:48,850][src.modRNN.training.training_loop][INFO] - train epoch 1039 loss 0.6196 accuracy 68.75%
[2026-05-04 20:18:48,852][src.modRNN.training.training_loop][INFO] - 	 Starting Epoch: 1040
[2026-05-04 20:18:49,879][src.modRNN.training.training_loop][INFO] - train epoch 1040 loss 0.6286 accuracy 68.75%
[2026-05-04 20:18:49,881][src.modRNN.training.training_loop][INFO] - 	 Starting Epoch: 1041
[2026-05-04 20:18:50,913][src.modRNN.training.training_loop][INFO] - train epoch 1041 loss 0.6000 accuracy 78.12%
[2026-05-04 20:18:50,914][src.modRNN.training.training_loop][INFO] - 	 Starting Epoch: 1042
[2026-05-04 20:18:51,945][src.modRNN.training.training_loop][INFO] - train epoch 1042 loss 0.6133 accuracy 76.56%
[2026-05-04 20:18:51,947][src.modRNN.training.training_loop][INFO] - 	 Starting Epoch: 1043
[2026-05-04 20:18:52,980][src.modRNN.training.training_loop][INFO] - train epoch 1043 loss 0.6159 accuracy 71.88%
[2026-05-04 20:18:52,981][src.modRNN.training.training_loop][INFO] - 	 Starting Epoch: 1044
[2026-05-04 20:18:54,012][src.modRNN.training.training_loop][INFO] - train epoch 1044 loss 0.5756 accuracy 84.38%
[2026-05-04 20:18:54,013][src.modRNN.training.training_loop][INFO] - 	 Starting Epoch: 1045
[2026-05-04 20:18:55,042][src.modRNN.training.training_loop][INFO] - train epoch 1045 loss 0.6062 accuracy 75.00%
[2026-05-04 20:18:55,043][src.modRNN.training.training_loop][INFO] - 	 Starting Epoch: 1046
[2026-05-04 20:18:56,073][src.modRNN.training.training_loop][INFO] - train epoch 1046 loss 0.6422 accuracy 67.19%
[2026-05-04 20:18:56,074][src.modRNN.training.training_loop][INFO] - 	 Starting Epoch: 1047
[2026-05-04 20:18:57,106][src.modRNN.training.training_loop][INFO] - train epoch 1047 loss 0.6333 accuracy 73.44%
[2026-05-04 20:18:57,107][src.modRNN.training.training_loop][INFO] - 	 Starting Epoch: 1048
[2026-05-04 20:18:58,139][src.modRNN.training.training_loop][INFO] - train epoch 1048 loss 0.6196 accuracy 78.12%
[2026-05-04 20:18:58,141][src.modRNN.training.training_loop][INFO] - 	 Starting Epoch: 1049
[2026-05-04 20:18:59,172][src.modRNN.training.training_loop][INFO] - train epoch 1049 loss 0.6135 accuracy 78.12%
[2026-05-04 20:18:59,173][src.modRNN.training.training_loop][INFO] - 	 Starting Epoch: 1050
[2026-05-04 20:19:00,205][src.modRNN.training.training_loop][INFO] - train epoch 1050 loss 0.6294 accuracy 70.31%
[2026-05-04 20:19:00,206][src.modRNN.training.training_loop][INFO] - 	 Starting Epoch: 1051
[2026-05-04 20:19:01,236][src.modRNN.training.training_loop][INFO] - train epoch 1051 loss 0.6547 accuracy 64.06%
[2026-05-04 20:19:03,320][src.modRNN.training.training_loop][INFO] - eval  epoch 1051 loss 0.6210 accuracy 75.20%
[2026-05-04 20:19:03,321][src.modRNN.training.training_loop][INFO] - 	 Starting Epoch: 1052
[2026-05-04 20:19:04,359][src.modRNN.training.training_loop][INFO] - train epoch 1052 loss 0.6153 accuracy 79.69%
[2026-05-04 20:19:04,361][src.modRNN.training.training_loop][INFO] - 	 Starting Epoch: 1053
[2026-05-04 20:19:05,397][src.modRNN.training.training_loop][INFO] - train epoch 1053 loss 0.6127 accuracy 73.44%
[2026-05-04 20:19:05,398][src.modRNN.training.training_loop][INFO] - 	 Starting Epoch: 1054
[2026-05-04 20:19:06,437][src.modRNN.training.training_loop][INFO] - train epoch 1054 loss 0.6174 accuracy 75.00%
[2026-05-04 20:19:06,439][src.modRNN.training.training_loop][INFO] - 	 Starting Epoch: 1055
[2026-05-04 20:19:07,475][src.modRNN.training.training_loop][INFO] - train epoch 1055 loss 0.6123 accuracy 75.00%
[2026-05-04 20:19:07,477][src.modRNN.training.training_loop][INFO] - 	 Starting Epoch: 1056
[2026-05-04 20:19:08,516][src.modRNN.training.training_loop][INFO] - train epoch 1056 loss 0.6530 accuracy 62.50%
[2026-05-04 20:19:08,518][src.modRNN.training.training_loop][INFO] - 	 Starting Epoch: 1057
[2026-05-04 20:19:09,553][src.modRNN.training.training_loop][INFO] - train epoch 1057 loss 0.5856 accuracy 76.56%
[2026-05-04 20:19:09,555][src.modRNN.training.training_loop][INFO] - 	 Starting Epoch: 1058
[2026-05-04 20:19:10,590][src.modRNN.training.training_loop][INFO] - train epoch 1058 loss 0.6156 accuracy 76.56%
[2026-05-04 20:19:10,591][src.modRNN.training.training_loop][INFO] - 	 Starting Epoch: 1059
[2026-05-04 20:19:11,626][src.modRNN.training.training_loop][INFO] - train epoch 1059 loss 0.6334 accuracy 70.31%
[2026-05-04 20:19:11,627][src.modRNN.training.training_loop][INFO] - 	 Starting Epoch: 1060
[2026-05-04 20:19:12,665][src.modRNN.training.training_loop][INFO] - train epoch 1060 loss 0.6225 accuracy 73.44%
[2026-05-04 20:19:12,667][src.modRNN.training.training_loop][INFO] - 	 Starting Epoch: 1061
[2026-05-04 20:19:13,703][src.modRNN.training.training_loop][INFO] - train epoch 1061 loss 0.6261 accuracy 68.75%
[2026-05-04 20:19:13,704][src.modRNN.training.training_loop][INFO] - 	 Starting Epoch: 1062
[2026-05-04 20:19:14,742][src.modRNN.training.training_loop][INFO] - train epoch 1062 loss 0.6075 accuracy 81.25%
[2026-05-04 20:19:14,743][src.modRNN.training.training_loop][INFO] - 	 Starting Epoch: 1063
[2026-05-04 20:19:15,779][src.modRNN.training.training_loop][INFO] - train epoch 1063 loss 0.6389 accuracy 71.88%
[2026-05-04 20:19:15,781][src.modRNN.training.training_loop][INFO] - 	 Starting Epoch: 1064
[2026-05-04 20:19:16,817][src.modRNN.training.training_loop][INFO] - train epoch 1064 loss 0.6126 accuracy 73.44%
[2026-05-04 20:19:16,819][src.modRNN.training.training_loop][INFO] - 	 Starting Epoch: 1065
[2026-05-04 20:19:17,854][src.modRNN.training.training_loop][INFO] - train epoch 1065 loss 0.6288 accuracy 68.75%
[2026-05-04 20:19:17,855][src.modRNN.training.training_loop][INFO] - 	 Starting Epoch: 1066
[2026-05-04 20:19:18,894][src.modRNN.training.training_loop][INFO] - train epoch 1066 loss 0.6426 accuracy 65.62%
[2026-05-04 20:19:18,895][src.modRNN.training.training_loop][INFO] - 	 Starting Epoch: 1067
[2026-05-04 20:19:19,931][src.modRNN.training.training_loop][INFO] - train epoch 1067 loss 0.6291 accuracy 78.12%
[2026-05-04 20:19:19,932][src.modRNN.training.training_loop][INFO] - 	 Starting Epoch: 1068
[2026-05-04 20:19:20,970][src.modRNN.training.training_loop][INFO] - train epoch 1068 loss 0.5981 accuracy 78.12%
[2026-05-04 20:19:20,972][src.modRNN.training.training_loop][INFO] - 	 Starting Epoch: 1069
[2026-05-04 20:19:22,009][src.modRNN.training.training_loop][INFO] - train epoch 1069 loss 0.6370 accuracy 68.75%
[2026-05-04 20:19:22,011][src.modRNN.training.training_loop][INFO] - 	 Starting Epoch: 1070
[2026-05-04 20:19:23,046][src.modRNN.training.training_loop][INFO] - train epoch 1070 loss 0.6431 accuracy 68.75%
[2026-05-04 20:19:23,047][src.modRNN.training.training_loop][INFO] - 	 Starting Epoch: 1071
[2026-05-04 20:19:24,084][src.modRNN.training.training_loop][INFO] - train epoch 1071 loss 0.6387 accuracy 68.75%
[2026-05-04 20:19:24,086][src.modRNN.training.training_loop][INFO] - 	 Starting Epoch: 1072
[2026-05-04 20:19:25,124][src.modRNN.training.training_loop][INFO] - train epoch 1072 loss 0.6486 accuracy 73.44%
[2026-05-04 20:19:25,126][src.modRNN.training.training_loop][INFO] - 	 Starting Epoch: 1073
[2026-05-04 20:19:26,163][src.modRNN.training.training_loop][INFO] - train epoch 1073 loss 0.6043 accuracy 76.56%
[2026-05-04 20:19:26,165][src.modRNN.training.training_loop][INFO] - 	 Starting Epoch: 1074
[2026-05-04 20:19:27,205][src.modRNN.training.training_loop][INFO] - train epoch 1074 loss 0.6152 accuracy 75.00%
[2026-05-04 20:19:27,206][src.modRNN.training.training_loop][INFO] - 	 Starting Epoch: 1075
[2026-05-04 20:19:28,243][src.modRNN.training.training_loop][INFO] - train epoch 1075 loss 0.6207 accuracy 73.44%
[2026-05-04 20:19:28,245][src.modRNN.training.training_loop][INFO] - 	 Starting Epoch: 1076
[2026-05-04 20:19:29,280][src.modRNN.training.training_loop][INFO] - train epoch 1076 loss 0.6080 accuracy 79.69%
[2026-05-04 20:19:31,352][src.modRNN.training.training_loop][INFO] - eval  epoch 1076 loss 0.6167 accuracy 77.15%
[2026-05-04 20:19:31,353][src.modRNN.training.training_loop][INFO] - 	 Starting Epoch: 1077
[2026-05-04 20:19:32,383][src.modRNN.training.training_loop][INFO] - train epoch 1077 loss 0.6101 accuracy 76.56%
[2026-05-04 20:19:32,385][src.modRNN.training.training_loop][INFO] - 	 Starting Epoch: 1078
[2026-05-04 20:19:33,412][src.modRNN.training.training_loop][INFO] - train epoch 1078 loss 0.5900 accuracy 85.94%
[2026-05-04 20:19:33,413][src.modRNN.training.training_loop][INFO] - 	 Starting Epoch: 1079
[2026-05-04 20:19:34,443][src.modRNN.training.training_loop][INFO] - train epoch 1079 loss 0.5788 accuracy 89.06%
[2026-05-04 20:19:34,445][src.modRNN.training.training_loop][INFO] - 	 Starting Epoch: 1080
[2026-05-04 20:19:35,471][src.modRNN.training.training_loop][INFO] - train epoch 1080 loss 0.6494 accuracy 68.75%
[2026-05-04 20:19:35,472][src.modRNN.training.training_loop][INFO] - 	 Starting Epoch: 1081
[2026-05-04 20:19:36,501][src.modRNN.training.training_loop][INFO] - train epoch 1081 loss 0.6177 accuracy 76.56%
[2026-05-04 20:19:36,502][src.modRNN.training.training_loop][INFO] - 	 Starting Epoch: 1082
[2026-05-04 20:19:37,530][src.modRNN.training.training_loop][INFO] - train epoch 1082 loss 0.6032 accuracy 79.69%
[2026-05-04 20:19:37,531][src.modRNN.training.training_loop][INFO] - 	 Starting Epoch: 1083
[2026-05-04 20:19:38,558][src.modRNN.training.training_loop][INFO] - train epoch 1083 loss 0.5970 accuracy 79.69%
[2026-05-04 20:19:38,560][src.modRNN.training.training_loop][INFO] - 	 Starting Epoch: 1084
[2026-05-04 20:19:39,587][src.modRNN.training.training_loop][INFO] - train epoch 1084 loss 0.5975 accuracy 79.69%
[2026-05-04 20:19:39,588][src.modRNN.training.training_loop][INFO] - 	 Starting Epoch: 1085
[2026-05-04 20:19:40,618][src.modRNN.training.training_loop][INFO] - train epoch 1085 loss 0.6186 accuracy 79.69%
[2026-05-04 20:19:40,620][src.modRNN.training.training_loop][INFO] - 	 Starting Epoch: 1086
[2026-05-04 20:19:41,648][src.modRNN.training.training_loop][INFO] - train epoch 1086 loss 0.5946 accuracy 81.25%
[2026-05-04 20:19:41,649][src.modRNN.training.training_loop][INFO] - 	 Starting Epoch: 1087
[2026-05-04 20:19:42,716][src.modRNN.training.training_loop][INFO] - train epoch 1087 loss 0.5986 accuracy 85.94%
[2026-05-04 20:19:42,718][src.modRNN.training.training_loop][INFO] - 	 Starting Epoch: 1088
[2026-05-04 20:19:43,769][src.modRNN.training.training_loop][INFO] - train epoch 1088 loss 0.5941 accuracy 79.69%
[2026-05-04 20:19:43,771][src.modRNN.training.training_loop][INFO] - 	 Starting Epoch: 1089
[2026-05-04 20:19:44,800][src.modRNN.training.training_loop][INFO] - train epoch 1089 loss 0.6342 accuracy 62.50%
[2026-05-04 20:19:44,802][src.modRNN.training.training_loop][INFO] - 	 Starting Epoch: 1090
[2026-05-04 20:19:45,830][src.modRNN.training.training_loop][INFO] - train epoch 1090 loss 0.6255 accuracy 76.56%
[2026-05-04 20:19:45,831][src.modRNN.training.training_loop][INFO] - 	 Starting Epoch: 1091
[2026-05-04 20:19:46,861][src.modRNN.training.training_loop][INFO] - train epoch 1091 loss 0.6420 accuracy 71.88%
[2026-05-04 20:19:46,862][src.modRNN.training.training_loop][INFO] - 	 Starting Epoch: 1092
[2026-05-04 20:19:47,890][src.modRNN.training.training_loop][INFO] - train epoch 1092 loss 0.5948 accuracy 82.81%
[2026-05-04 20:19:47,892][src.modRNN.training.training_loop][INFO] - 	 Starting Epoch: 1093
[2026-05-04 20:19:48,923][src.modRNN.training.training_loop][INFO] - train epoch 1093 loss 0.6094 accuracy 81.25%
[2026-05-04 20:19:48,924][src.modRNN.training.training_loop][INFO] - 	 Starting Epoch: 1094
[2026-05-04 20:19:49,953][src.modRNN.training.training_loop][INFO] - train epoch 1094 loss 0.6297 accuracy 71.88%
[2026-05-04 20:19:49,955][src.modRNN.training.training_loop][INFO] - 	 Starting Epoch: 1095
[2026-05-04 20:19:50,982][src.modRNN.training.training_loop][INFO] - train epoch 1095 loss 0.5939 accuracy 76.56%
[2026-05-04 20:19:50,984][src.modRNN.training.training_loop][INFO] - 	 Starting Epoch: 1096
[2026-05-04 20:19:52,010][src.modRNN.training.training_loop][INFO] - train epoch 1096 loss 0.6129 accuracy 76.56%
[2026-05-04 20:19:52,011][src.modRNN.training.training_loop][INFO] - 	 Starting Epoch: 1097
[2026-05-04 20:19:53,040][src.modRNN.training.training_loop][INFO] - train epoch 1097 loss 0.6146 accuracy 71.88%
[2026-05-04 20:19:53,041][src.modRNN.training.training_loop][INFO] - 	 Starting Epoch: 1098
[2026-05-04 20:19:54,069][src.modRNN.training.training_loop][INFO] - train epoch 1098 loss 0.6184 accuracy 75.00%
[2026-05-04 20:19:54,070][src.modRNN.training.training_loop][INFO] - 	 Starting Epoch: 1099
[2026-05-04 20:19:55,099][src.modRNN.training.training_loop][INFO] - train epoch 1099 loss 0.6076 accuracy 79.69%
[2026-05-04 20:19:55,101][src.modRNN.training.training_loop][INFO] - 	 Starting Epoch: 1100
[2026-05-04 20:19:56,131][src.modRNN.training.training_loop][INFO] - train epoch 1100 loss 0.5967 accuracy 81.25%
[2026-05-04 20:19:56,132][src.modRNN.training.training_loop][INFO] - 	 Starting Epoch: 1101
[2026-05-04 20:19:57,161][src.modRNN.training.training_loop][INFO] - train epoch 1101 loss 0.6344 accuracy 68.75%
[2026-05-04 20:19:59,235][src.modRNN.training.training_loop][INFO] - eval  epoch 1101 loss 0.6210 accuracy 71.88%
[2026-05-04 20:19:59,237][src.modRNN.training.training_loop][INFO] - 	 Starting Epoch: 1102
[2026-05-04 20:20:00,262][src.modRNN.training.training_loop][INFO] - train epoch 1102 loss 0.6360 accuracy 71.88%
[2026-05-04 20:20:00,264][src.modRNN.training.training_loop][INFO] - 	 Starting Epoch: 1103
[2026-05-04 20:20:01,300][src.modRNN.training.training_loop][INFO] - train epoch 1103 loss 0.6132 accuracy 73.44%
[2026-05-04 20:20:01,301][src.modRNN.training.training_loop][INFO] - 	 Starting Epoch: 1104
[2026-05-04 20:20:02,340][src.modRNN.training.training_loop][INFO] - train epoch 1104 loss 0.6127 accuracy 81.25%
[2026-05-04 20:20:02,341][src.modRNN.training.training_loop][INFO] - 	 Starting Epoch: 1105
[2026-05-04 20:20:03,378][src.modRNN.training.training_loop][INFO] - train epoch 1105 loss 0.6347 accuracy 70.31%
[2026-05-04 20:20:03,379][src.modRNN.training.training_loop][INFO] - 	 Starting Epoch: 1106
[2026-05-04 20:20:04,417][src.modRNN.training.training_loop][INFO] - train epoch 1106 loss 0.6201 accuracy 73.44%
[2026-05-04 20:20:04,418][src.modRNN.training.training_loop][INFO] - 	 Starting Epoch: 1107
[2026-05-04 20:20:05,453][src.modRNN.training.training_loop][INFO] - train epoch 1107 loss 0.6218 accuracy 75.00%
[2026-05-04 20:20:05,455][src.modRNN.training.training_loop][INFO] - 	 Starting Epoch: 1108
[2026-05-04 20:20:06,490][src.modRNN.training.training_loop][INFO] - train epoch 1108 loss 0.6098 accuracy 75.00%
[2026-05-04 20:20:06,492][src.modRNN.training.training_loop][INFO] - 	 Starting Epoch: 1109
[2026-05-04 20:20:07,527][src.modRNN.training.training_loop][INFO] - train epoch 1109 loss 0.6227 accuracy 71.88%
[2026-05-04 20:20:07,528][src.modRNN.training.training_loop][INFO] - 	 Starting Epoch: 1110
[2026-05-04 20:20:08,569][src.modRNN.training.training_loop][INFO] - train epoch 1110 loss 0.6313 accuracy 73.44%
[2026-05-04 20:20:08,571][src.modRNN.training.training_loop][INFO] - 	 Starting Epoch: 1111
[2026-05-04 20:20:09,607][src.modRNN.training.training_loop][INFO] - train epoch 1111 loss 0.5903 accuracy 85.94%
[2026-05-04 20:20:09,609][src.modRNN.training.training_loop][INFO] - 	 Starting Epoch: 1112
[2026-05-04 20:20:10,645][src.modRNN.training.training_loop][INFO] - train epoch 1112 loss 0.6190 accuracy 76.56%
[2026-05-04 20:20:10,646][src.modRNN.training.training_loop][INFO] - 	 Starting Epoch: 1113
[2026-05-04 20:20:11,682][src.modRNN.training.training_loop][INFO] - train epoch 1113 loss 0.6037 accuracy 76.56%
[2026-05-04 20:20:11,683][src.modRNN.training.training_loop][INFO] - 	 Starting Epoch: 1114
[2026-05-04 20:20:12,718][src.modRNN.training.training_loop][INFO] - train epoch 1114 loss 0.6191 accuracy 78.12%
[2026-05-04 20:20:12,719][src.modRNN.training.training_loop][INFO] - 	 Starting Epoch: 1115
[2026-05-04 20:20:13,757][src.modRNN.training.training_loop][INFO] - train epoch 1115 loss 0.6109 accuracy 76.56%
[2026-05-04 20:20:13,759][src.modRNN.training.training_loop][INFO] - 	 Starting Epoch: 1116
[2026-05-04 20:20:14,796][src.modRNN.training.training_loop][INFO] - train epoch 1116 loss 0.6090 accuracy 68.75%
[2026-05-04 20:20:14,797][src.modRNN.training.training_loop][INFO] - 	 Starting Epoch: 1117
[2026-05-04 20:20:15,832][src.modRNN.training.training_loop][INFO] - train epoch 1117 loss 0.6000 accuracy 79.69%
[2026-05-04 20:20:15,834][src.modRNN.training.training_loop][INFO] - 	 Starting Epoch: 1118
[2026-05-04 20:20:16,871][src.modRNN.training.training_loop][INFO] - train epoch 1118 loss 0.5804 accuracy 81.25%
[2026-05-04 20:20:16,872][src.modRNN.training.training_loop][INFO] - 	 Starting Epoch: 1119
[2026-05-04 20:20:17,907][src.modRNN.training.training_loop][INFO] - train epoch 1119 loss 0.6087 accuracy 75.00%
[2026-05-04 20:20:17,909][src.modRNN.training.training_loop][INFO] - 	 Starting Epoch: 1120
[2026-05-04 20:20:18,945][src.modRNN.training.training_loop][INFO] - train epoch 1120 loss 0.6090 accuracy 78.12%
[2026-05-04 20:20:18,946][src.modRNN.training.training_loop][INFO] - 	 Starting Epoch: 1121
[2026-05-04 20:20:19,981][src.modRNN.training.training_loop][INFO] - train epoch 1121 loss 0.6046 accuracy 78.12%
[2026-05-04 20:20:19,982][src.modRNN.training.training_loop][INFO] - 	 Starting Epoch: 1122
[2026-05-04 20:20:21,020][src.modRNN.training.training_loop][INFO] - train epoch 1122 loss 0.6213 accuracy 70.31%
[2026-05-04 20:20:21,022][src.modRNN.training.training_loop][INFO] - 	 Starting Epoch: 1123
[2026-05-04 20:20:22,058][src.modRNN.training.training_loop][INFO] - train epoch 1123 loss 0.6166 accuracy 75.00%
[2026-05-04 20:20:22,060][src.modRNN.training.training_loop][INFO] - 	 Starting Epoch: 1124
[2026-05-04 20:20:23,098][src.modRNN.training.training_loop][INFO] - train epoch 1124 loss 0.6178 accuracy 73.44%
[2026-05-04 20:20:23,099][src.modRNN.training.training_loop][INFO] - 	 Starting Epoch: 1125
[2026-05-04 20:20:24,136][src.modRNN.training.training_loop][INFO] - train epoch 1125 loss 0.6054 accuracy 79.69%
[2026-05-04 20:20:24,138][src.modRNN.training.training_loop][INFO] - 	 Starting Epoch: 1126
[2026-05-04 20:20:25,173][src.modRNN.training.training_loop][INFO] - train epoch 1126 loss 0.6440 accuracy 64.06%
[2026-05-04 20:20:27,249][src.modRNN.training.training_loop][INFO] - eval  epoch 1126 loss 0.6141 accuracy 74.61%
[2026-05-04 20:20:27,251][src.modRNN.training.training_loop][INFO] - 	 Starting Epoch: 1127
[2026-05-04 20:20:28,288][src.modRNN.training.training_loop][INFO] - train epoch 1127 loss 0.6101 accuracy 75.00%
[2026-05-04 20:20:28,289][src.modRNN.training.training_loop][INFO] - 	 Starting Epoch: 1128
[2026-05-04 20:20:29,324][src.modRNN.training.training_loop][INFO] - train epoch 1128 loss 0.6112 accuracy 67.19%
[2026-05-04 20:20:29,326][src.modRNN.training.training_loop][INFO] - 	 Starting Epoch: 1129
[2026-05-04 20:20:30,365][src.modRNN.training.training_loop][INFO] - train epoch 1129 loss 0.6151 accuracy 70.31%
[2026-05-04 20:20:30,366][src.modRNN.training.training_loop][INFO] - 	 Starting Epoch: 1130
[2026-05-04 20:20:31,402][src.modRNN.training.training_loop][INFO] - train epoch 1130 loss 0.6450 accuracy 68.75%
[2026-05-04 20:20:31,403][src.modRNN.training.training_loop][INFO] - 	 Starting Epoch: 1131
[2026-05-04 20:20:32,434][src.modRNN.training.training_loop][INFO] - train epoch 1131 loss 0.6037 accuracy 79.69%
[2026-05-04 20:20:32,435][src.modRNN.training.training_loop][INFO] - 	 Starting Epoch: 1132
[2026-05-04 20:20:33,463][src.modRNN.training.training_loop][INFO] - train epoch 1132 loss 0.6148 accuracy 76.56%
[2026-05-04 20:20:33,465][src.modRNN.training.training_loop][INFO] - 	 Starting Epoch: 1133
[2026-05-04 20:20:34,495][src.modRNN.training.training_loop][INFO] - train epoch 1133 loss 0.6143 accuracy 73.44%
[2026-05-04 20:20:34,497][src.modRNN.training.training_loop][INFO] - 	 Starting Epoch: 1134
[2026-05-04 20:20:35,525][src.modRNN.training.training_loop][INFO] - train epoch 1134 loss 0.5965 accuracy 76.56%
[2026-05-04 20:20:35,526][src.modRNN.training.training_loop][INFO] - 	 Starting Epoch: 1135
[2026-05-04 20:20:36,556][src.modRNN.training.training_loop][INFO] - train epoch 1135 loss 0.6052 accuracy 75.00%
[2026-05-04 20:20:36,557][src.modRNN.training.training_loop][INFO] - 	 Starting Epoch: 1136
[2026-05-04 20:20:37,586][src.modRNN.training.training_loop][INFO] - train epoch 1136 loss 0.6268 accuracy 71.88%
[2026-05-04 20:20:37,587][src.modRNN.training.training_loop][INFO] - 	 Starting Epoch: 1137
[2026-05-04 20:20:38,616][src.modRNN.training.training_loop][INFO] - train epoch 1137 loss 0.6205 accuracy 71.88%
[2026-05-04 20:20:38,618][src.modRNN.training.training_loop][INFO] - 	 Starting Epoch: 1138
[2026-05-04 20:20:39,646][src.modRNN.training.training_loop][INFO] - train epoch 1138 loss 0.6127 accuracy 73.44%
[2026-05-04 20:20:39,648][src.modRNN.training.training_loop][INFO] - 	 Starting Epoch: 1139
[2026-05-04 20:20:40,675][src.modRNN.training.training_loop][INFO] - train epoch 1139 loss 0.6146 accuracy 75.00%
[2026-05-04 20:20:40,677][src.modRNN.training.training_loop][INFO] - 	 Starting Epoch: 1140
[2026-05-04 20:20:41,703][src.modRNN.training.training_loop][INFO] - train epoch 1140 loss 0.6442 accuracy 67.19%
[2026-05-04 20:20:41,705][src.modRNN.training.training_loop][INFO] - 	 Starting Epoch: 1141
[2026-05-04 20:20:42,776][src.modRNN.training.training_loop][INFO] - train epoch 1141 loss 0.6315 accuracy 67.19%
[2026-05-04 20:20:42,778][src.modRNN.training.training_loop][INFO] - 	 Starting Epoch: 1142
[2026-05-04 20:20:43,835][src.modRNN.training.training_loop][INFO] - train epoch 1142 loss 0.6136 accuracy 76.56%
[2026-05-04 20:20:43,837][src.modRNN.training.training_loop][INFO] - 	 Starting Epoch: 1143
[2026-05-04 20:20:44,871][src.modRNN.training.training_loop][INFO] - train epoch 1143 loss 0.6216 accuracy 81.25%
[2026-05-04 20:20:44,872][src.modRNN.training.training_loop][INFO] - 	 Starting Epoch: 1144
[2026-05-04 20:20:45,901][src.modRNN.training.training_loop][INFO] - train epoch 1144 loss 0.5808 accuracy 85.94%
[2026-05-04 20:20:45,903][src.modRNN.training.training_loop][INFO] - 	 Starting Epoch: 1145
[2026-05-04 20:20:46,929][src.modRNN.training.training_loop][INFO] - train epoch 1145 loss 0.6132 accuracy 75.00%
[2026-05-04 20:20:46,930][src.modRNN.training.training_loop][INFO] - 	 Starting Epoch: 1146
[2026-05-04 20:20:47,956][src.modRNN.training.training_loop][INFO] - train epoch 1146 loss 0.6399 accuracy 75.00%
[2026-05-04 20:20:47,958][src.modRNN.training.training_loop][INFO] - 	 Starting Epoch: 1147
[2026-05-04 20:20:48,988][src.modRNN.training.training_loop][INFO] - train epoch 1147 loss 0.5943 accuracy 79.69%
[2026-05-04 20:20:48,989][src.modRNN.training.training_loop][INFO] - 	 Starting Epoch: 1148
[2026-05-04 20:20:50,017][src.modRNN.training.training_loop][INFO] - train epoch 1148 loss 0.5887 accuracy 76.56%
[2026-05-04 20:20:50,019][src.modRNN.training.training_loop][INFO] - 	 Starting Epoch: 1149
[2026-05-04 20:20:51,049][src.modRNN.training.training_loop][INFO] - train epoch 1149 loss 0.6092 accuracy 78.12%
[2026-05-04 20:20:51,050][src.modRNN.training.training_loop][INFO] - 	 Starting Epoch: 1150
[2026-05-04 20:20:52,076][src.modRNN.training.training_loop][INFO] - train epoch 1150 loss 0.5850 accuracy 84.38%
[2026-05-04 20:20:52,078][src.modRNN.training.training_loop][INFO] - 	 Starting Epoch: 1151
[2026-05-04 20:20:53,104][src.modRNN.training.training_loop][INFO] - train epoch 1151 loss 0.6148 accuracy 73.44%
[2026-05-04 20:20:55,179][src.modRNN.training.training_loop][INFO] - eval  epoch 1151 loss 0.6130 accuracy 74.22%
[2026-05-04 20:20:55,181][src.modRNN.training.training_loop][INFO] - 	 Starting Epoch: 1152
[2026-05-04 20:20:56,207][src.modRNN.training.training_loop][INFO] - train epoch 1152 loss 0.6007 accuracy 76.56%
[2026-05-04 20:20:56,209][src.modRNN.training.training_loop][INFO] - 	 Starting Epoch: 1153
[2026-05-04 20:20:57,236][src.modRNN.training.training_loop][INFO] - train epoch 1153 loss 0.5709 accuracy 81.25%
[2026-05-04 20:20:57,238][src.modRNN.training.training_loop][INFO] - 	 Starting Epoch: 1154
[2026-05-04 20:20:58,267][src.modRNN.training.training_loop][INFO] - train epoch 1154 loss 0.6403 accuracy 70.31%
[2026-05-04 20:20:58,268][src.modRNN.training.training_loop][INFO] - 	 Starting Epoch: 1155
[2026-05-04 20:20:59,296][src.modRNN.training.training_loop][INFO] - train epoch 1155 loss 0.5831 accuracy 79.69%
[2026-05-04 20:20:59,298][src.modRNN.training.training_loop][INFO] - 	 Starting Epoch: 1156
[2026-05-04 20:21:00,329][src.modRNN.training.training_loop][INFO] - train epoch 1156 loss 0.6007 accuracy 82.81%
[2026-05-04 20:21:00,330][src.modRNN.training.training_loop][INFO] - 	 Starting Epoch: 1157
[2026-05-04 20:21:01,355][src.modRNN.training.training_loop][INFO] - train epoch 1157 loss 0.6095 accuracy 75.00%
[2026-05-04 20:21:01,357][src.modRNN.training.training_loop][INFO] - 	 Starting Epoch: 1158
[2026-05-04 20:21:02,387][src.modRNN.training.training_loop][INFO] - train epoch 1158 loss 0.6314 accuracy 75.00%
[2026-05-04 20:21:02,389][src.modRNN.training.training_loop][INFO] - 	 Starting Epoch: 1159
[2026-05-04 20:21:03,424][src.modRNN.training.training_loop][INFO] - train epoch 1159 loss 0.5957 accuracy 82.81%
[2026-05-04 20:21:03,426][src.modRNN.training.training_loop][INFO] - 	 Starting Epoch: 1160
[2026-05-04 20:21:04,463][src.modRNN.training.training_loop][INFO] - train epoch 1160 loss 0.6353 accuracy 70.31%
[2026-05-04 20:21:04,464][src.modRNN.training.training_loop][INFO] - 	 Starting Epoch: 1161
[2026-05-04 20:21:05,500][src.modRNN.training.training_loop][INFO] - train epoch 1161 loss 0.6053 accuracy 76.56%
[2026-05-04 20:21:05,501][src.modRNN.training.training_loop][INFO] - 	 Starting Epoch: 1162
[2026-05-04 20:21:06,539][src.modRNN.training.training_loop][INFO] - train epoch 1162 loss 0.6274 accuracy 71.88%
[2026-05-04 20:21:06,540][src.modRNN.training.training_loop][INFO] - 	 Starting Epoch: 1163
[2026-05-04 20:21:07,575][src.modRNN.training.training_loop][INFO] - train epoch 1163 loss 0.5822 accuracy 81.25%
[2026-05-04 20:21:07,577][src.modRNN.training.training_loop][INFO] - 	 Starting Epoch: 1164
[2026-05-04 20:21:08,613][src.modRNN.training.training_loop][INFO] - train epoch 1164 loss 0.5783 accuracy 85.94%
[2026-05-04 20:21:08,615][src.modRNN.training.training_loop][INFO] - 	 Starting Epoch: 1165
[2026-05-04 20:21:09,650][src.modRNN.training.training_loop][INFO] - train epoch 1165 loss 0.6125 accuracy 75.00%
[2026-05-04 20:21:09,652][src.modRNN.training.training_loop][INFO] - 	 Starting Epoch: 1166
[2026-05-04 20:21:10,689][src.modRNN.training.training_loop][INFO] - train epoch 1166 loss 0.6266 accuracy 73.44%
[2026-05-04 20:21:10,690][src.modRNN.training.training_loop][INFO] - 	 Starting Epoch: 1167
[2026-05-04 20:21:11,726][src.modRNN.training.training_loop][INFO] - train epoch 1167 loss 0.6009 accuracy 75.00%
[2026-05-04 20:21:11,728][src.modRNN.training.training_loop][INFO] - 	 Starting Epoch: 1168
[2026-05-04 20:21:12,766][src.modRNN.training.training_loop][INFO] - train epoch 1168 loss 0.6018 accuracy 76.56%
[2026-05-04 20:21:12,767][src.modRNN.training.training_loop][INFO] - 	 Starting Epoch: 1169
[2026-05-04 20:21:13,803][src.modRNN.training.training_loop][INFO] - train epoch 1169 loss 0.6101 accuracy 76.56%
[2026-05-04 20:21:13,805][src.modRNN.training.training_loop][INFO] - 	 Starting Epoch: 1170
[2026-05-04 20:21:14,841][src.modRNN.training.training_loop][INFO] - train epoch 1170 loss 0.5847 accuracy 79.69%
[2026-05-04 20:21:14,843][src.modRNN.training.training_loop][INFO] - 	 Starting Epoch: 1171
[2026-05-04 20:21:15,877][src.modRNN.training.training_loop][INFO] - train epoch 1171 loss 0.5793 accuracy 84.38%
[2026-05-04 20:21:15,878][src.modRNN.training.training_loop][INFO] - 	 Starting Epoch: 1172
[2026-05-04 20:21:16,914][src.modRNN.training.training_loop][INFO] - train epoch 1172 loss 0.5901 accuracy 76.56%
[2026-05-04 20:21:16,916][src.modRNN.training.training_loop][INFO] - 	 Starting Epoch: 1173
[2026-05-04 20:21:17,951][src.modRNN.training.training_loop][INFO] - train epoch 1173 loss 0.6076 accuracy 76.56%
[2026-05-04 20:21:17,952][src.modRNN.training.training_loop][INFO] - 	 Starting Epoch: 1174
[2026-05-04 20:21:18,991][src.modRNN.training.training_loop][INFO] - train epoch 1174 loss 0.6030 accuracy 78.12%
[2026-05-04 20:21:18,993][src.modRNN.training.training_loop][INFO] - 	 Starting Epoch: 1175
[2026-05-04 20:21:20,028][src.modRNN.training.training_loop][INFO] - train epoch 1175 loss 0.5843 accuracy 82.81%
[2026-05-04 20:21:20,030][src.modRNN.training.training_loop][INFO] - 	 Starting Epoch: 1176
[2026-05-04 20:21:21,066][src.modRNN.training.training_loop][INFO] - train epoch 1176 loss 0.6114 accuracy 76.56%
[2026-05-04 20:21:23,141][src.modRNN.training.training_loop][INFO] - eval  epoch 1176 loss 0.6052 accuracy 77.15%
[2026-05-04 20:21:23,142][src.modRNN.training.training_loop][INFO] - 	 Starting Epoch: 1177
[2026-05-04 20:21:24,183][src.modRNN.training.training_loop][INFO] - train epoch 1177 loss 0.5886 accuracy 84.38%
[2026-05-04 20:21:24,185][src.modRNN.training.training_loop][INFO] - 	 Starting Epoch: 1178
[2026-05-04 20:21:25,221][src.modRNN.training.training_loop][INFO] - train epoch 1178 loss 0.6195 accuracy 71.88%
[2026-05-04 20:21:25,223][src.modRNN.training.training_loop][INFO] - 	 Starting Epoch: 1179
[2026-05-04 20:21:26,262][src.modRNN.training.training_loop][INFO] - train epoch 1179 loss 0.5979 accuracy 76.56%
[2026-05-04 20:21:26,264][src.modRNN.training.training_loop][INFO] - 	 Starting Epoch: 1180
[2026-05-04 20:21:27,301][src.modRNN.training.training_loop][INFO] - train epoch 1180 loss 0.6365 accuracy 67.19%
[2026-05-04 20:21:27,302][src.modRNN.training.training_loop][INFO] - 	 Starting Epoch: 1181
[2026-05-04 20:21:28,342][src.modRNN.training.training_loop][INFO] - train epoch 1181 loss 0.6066 accuracy 75.00%
[2026-05-04 20:21:28,344][src.modRNN.training.training_loop][INFO] - 	 Starting Epoch: 1182
[2026-05-04 20:21:29,382][src.modRNN.training.training_loop][INFO] - train epoch 1182 loss 0.5915 accuracy 81.25%
[2026-05-04 20:21:29,384][src.modRNN.training.training_loop][INFO] - 	 Starting Epoch: 1183
[2026-05-04 20:21:30,421][src.modRNN.training.training_loop][INFO] - train epoch 1183 loss 0.6100 accuracy 73.44%
[2026-05-04 20:21:30,422][src.modRNN.training.training_loop][INFO] - 	 Starting Epoch: 1184
[2026-05-04 20:21:31,455][src.modRNN.training.training_loop][INFO] - train epoch 1184 loss 0.6005 accuracy 76.56%
[2026-05-04 20:21:31,456][src.modRNN.training.training_loop][INFO] - 	 Starting Epoch: 1185
[2026-05-04 20:21:32,487][src.modRNN.training.training_loop][INFO] - train epoch 1185 loss 0.6115 accuracy 78.12%
[2026-05-04 20:21:32,489][src.modRNN.training.training_loop][INFO] - 	 Starting Epoch: 1186
[2026-05-04 20:21:33,517][src.modRNN.training.training_loop][INFO] - train epoch 1186 loss 0.6176 accuracy 68.75%
[2026-05-04 20:21:33,519][src.modRNN.training.training_loop][INFO] - 	 Starting Epoch: 1187
[2026-05-04 20:21:34,549][src.modRNN.training.training_loop][INFO] - train epoch 1187 loss 0.6118 accuracy 75.00%
[2026-05-04 20:21:34,550][src.modRNN.training.training_loop][INFO] - 	 Starting Epoch: 1188
[2026-05-04 20:21:35,578][src.modRNN.training.training_loop][INFO] - train epoch 1188 loss 0.6011 accuracy 78.12%
[2026-05-04 20:21:35,580][src.modRNN.training.training_loop][INFO] - 	 Starting Epoch: 1189
[2026-05-04 20:21:36,607][src.modRNN.training.training_loop][INFO] - train epoch 1189 loss 0.6683 accuracy 62.50%
[2026-05-04 20:21:36,609][src.modRNN.training.training_loop][INFO] - 	 Starting Epoch: 1190
[2026-05-04 20:21:37,636][src.modRNN.training.training_loop][INFO] - train epoch 1190 loss 0.5797 accuracy 81.25%
[2026-05-04 20:21:37,637][src.modRNN.training.training_loop][INFO] - 	 Starting Epoch: 1191
[2026-05-04 20:21:38,668][src.modRNN.training.training_loop][INFO] - train epoch 1191 loss 0.6056 accuracy 71.88%
[2026-05-04 20:21:38,669][src.modRNN.training.training_loop][INFO] - 	 Starting Epoch: 1192
[2026-05-04 20:21:39,697][src.modRNN.training.training_loop][INFO] - train epoch 1192 loss 0.6253 accuracy 73.44%
[2026-05-04 20:21:39,698][src.modRNN.training.training_loop][INFO] - 	 Starting Epoch: 1193
[2026-05-04 20:21:40,727][src.modRNN.training.training_loop][INFO] - train epoch 1193 loss 0.6292 accuracy 65.62%
[2026-05-04 20:21:40,729][src.modRNN.training.training_loop][INFO] - 	 Starting Epoch: 1194
[2026-05-04 20:21:41,758][src.modRNN.training.training_loop][INFO] - train epoch 1194 loss 0.6191 accuracy 67.19%
[2026-05-04 20:21:41,759][src.modRNN.training.training_loop][INFO] - 	 Starting Epoch: 1195
[2026-05-04 20:21:42,833][src.modRNN.training.training_loop][INFO] - train epoch 1195 loss 0.5867 accuracy 79.69%
[2026-05-04 20:21:42,835][src.modRNN.training.training_loop][INFO] - 	 Starting Epoch: 1196
[2026-05-04 20:21:43,880][src.modRNN.training.training_loop][INFO] - train epoch 1196 loss 0.5910 accuracy 82.81%
[2026-05-04 20:21:43,882][src.modRNN.training.training_loop][INFO] - 	 Starting Epoch: 1197
[2026-05-04 20:21:44,911][src.modRNN.training.training_loop][INFO] - train epoch 1197 loss 0.5937 accuracy 78.12%
[2026-05-04 20:21:44,912][src.modRNN.training.training_loop][INFO] - 	 Starting Epoch: 1198
[2026-05-04 20:21:45,939][src.modRNN.training.training_loop][INFO] - train epoch 1198 loss 0.6252 accuracy 68.75%
[2026-05-04 20:21:45,940][src.modRNN.training.training_loop][INFO] - 	 Starting Epoch: 1199
[2026-05-04 20:21:46,970][src.modRNN.training.training_loop][INFO] - train epoch 1199 loss 0.6383 accuracy 70.31%
[2026-05-04 20:21:46,971][src.modRNN.training.training_loop][INFO] - 	 Starting Epoch: 1200
[2026-05-04 20:21:47,999][src.modRNN.training.training_loop][INFO] - train epoch 1200 loss 0.5965 accuracy 81.25%
[2026-05-04 20:21:48,000][src.modRNN.training.training_loop][INFO] - 	 Starting Epoch: 1201
[2026-05-04 20:21:49,028][src.modRNN.training.training_loop][INFO] - train epoch 1201 loss 0.6070 accuracy 73.44%
[2026-05-04 20:21:51,098][src.modRNN.training.training_loop][INFO] - eval  epoch 1201 loss 0.6257 accuracy 72.66%
[2026-05-04 20:21:51,099][src.modRNN.training.training_loop][INFO] - 	 Starting Epoch: 1202
[2026-05-04 20:21:52,128][src.modRNN.training.training_loop][INFO] - train epoch 1202 loss 0.6204 accuracy 73.44%
[2026-05-04 20:21:52,129][src.modRNN.training.training_loop][INFO] - 	 Starting Epoch: 1203
[2026-05-04 20:21:53,155][src.modRNN.training.training_loop][INFO] - train epoch 1203 loss 0.5855 accuracy 79.69%
[2026-05-04 20:21:53,156][src.modRNN.training.training_loop][INFO] - 	 Starting Epoch: 1204
[2026-05-04 20:21:54,186][src.modRNN.training.training_loop][INFO] - train epoch 1204 loss 0.5971 accuracy 78.12%
[2026-05-04 20:21:54,187][src.modRNN.training.training_loop][INFO] - 	 Starting Epoch: 1205
[2026-05-04 20:21:55,214][src.modRNN.training.training_loop][INFO] - train epoch 1205 loss 0.6120 accuracy 71.88%
[2026-05-04 20:21:55,215][src.modRNN.training.training_loop][INFO] - 	 Starting Epoch: 1206
[2026-05-04 20:21:56,243][src.modRNN.training.training_loop][INFO] - train epoch 1206 loss 0.6312 accuracy 70.31%
[2026-05-04 20:21:56,244][src.modRNN.training.training_loop][INFO] - 	 Starting Epoch: 1207
[2026-05-04 20:21:57,276][src.modRNN.training.training_loop][INFO] - train epoch 1207 loss 0.6236 accuracy 68.75%
[2026-05-04 20:21:57,277][src.modRNN.training.training_loop][INFO] - 	 Starting Epoch: 1208
[2026-05-04 20:21:58,302][src.modRNN.training.training_loop][INFO] - train epoch 1208 loss 0.5764 accuracy 79.69%
[2026-05-04 20:21:58,303][src.modRNN.training.training_loop][INFO] - 	 Starting Epoch: 1209
[2026-05-04 20:21:59,334][src.modRNN.training.training_loop][INFO] - train epoch 1209 loss 0.6421 accuracy 67.19%
[2026-05-04 20:21:59,335][src.modRNN.training.training_loop][INFO] - 	 Starting Epoch: 1210
[2026-05-04 20:22:00,364][src.modRNN.training.training_loop][INFO] - train epoch 1210 loss 0.5764 accuracy 78.12%
[2026-05-04 20:22:00,365][src.modRNN.training.training_loop][INFO] - 	 Starting Epoch: 1211
[2026-05-04 20:22:01,394][src.modRNN.training.training_loop][INFO] - train epoch 1211 loss 0.5929 accuracy 85.94%
[2026-05-04 20:22:01,395][src.modRNN.training.training_loop][INFO] - 	 Starting Epoch: 1212
[2026-05-04 20:22:02,432][src.modRNN.training.training_loop][INFO] - train epoch 1212 loss 0.5959 accuracy 78.12%
[2026-05-04 20:22:02,434][src.modRNN.training.training_loop][INFO] - 	 Starting Epoch: 1213
[2026-05-04 20:22:03,473][src.modRNN.training.training_loop][INFO] - train epoch 1213 loss 0.6103 accuracy 76.56%
[2026-05-04 20:22:03,475][src.modRNN.training.training_loop][INFO] - 	 Starting Epoch: 1214
[2026-05-04 20:22:04,509][src.modRNN.training.training_loop][INFO] - train epoch 1214 loss 0.6148 accuracy 76.56%
[2026-05-04 20:22:04,510][src.modRNN.training.training_loop][INFO] - 	 Starting Epoch: 1215
[2026-05-04 20:22:05,547][src.modRNN.training.training_loop][INFO] - train epoch 1215 loss 0.5971 accuracy 79.69%
[2026-05-04 20:22:05,549][src.modRNN.training.training_loop][INFO] - 	 Starting Epoch: 1216
[2026-05-04 20:22:06,586][src.modRNN.training.training_loop][INFO] - train epoch 1216 loss 0.5762 accuracy 85.94%
[2026-05-04 20:22:06,587][src.modRNN.training.training_loop][INFO] - 	 Starting Epoch: 1217
[2026-05-04 20:22:07,625][src.modRNN.training.training_loop][INFO] - train epoch 1217 loss 0.5923 accuracy 79.69%
[2026-05-04 20:22:07,626][src.modRNN.training.training_loop][INFO] - 	 Starting Epoch: 1218
[2026-05-04 20:22:08,662][src.modRNN.training.training_loop][INFO] - train epoch 1218 loss 0.6020 accuracy 73.44%
[2026-05-04 20:22:08,663][src.modRNN.training.training_loop][INFO] - 	 Starting Epoch: 1219
[2026-05-04 20:22:09,701][src.modRNN.training.training_loop][INFO] - train epoch 1219 loss 0.6131 accuracy 78.12%
[2026-05-04 20:22:09,703][src.modRNN.training.training_loop][INFO] - 	 Starting Epoch: 1220
[2026-05-04 20:22:10,735][src.modRNN.training.training_loop][INFO] - train epoch 1220 loss 0.5915 accuracy 79.69%
[2026-05-04 20:22:10,736][src.modRNN.training.training_loop][INFO] - 	 Starting Epoch: 1221
[2026-05-04 20:22:11,774][src.modRNN.training.training_loop][INFO] - train epoch 1221 loss 0.5848 accuracy 78.12%
[2026-05-04 20:22:11,775][src.modRNN.training.training_loop][INFO] - 	 Starting Epoch: 1222
[2026-05-04 20:22:12,810][src.modRNN.training.training_loop][INFO] - train epoch 1222 loss 0.5750 accuracy 81.25%
[2026-05-04 20:22:12,812][src.modRNN.training.training_loop][INFO] - 	 Starting Epoch: 1223
[2026-05-04 20:22:13,850][src.modRNN.training.training_loop][INFO] - train epoch 1223 loss 0.6299 accuracy 68.75%
[2026-05-04 20:22:13,851][src.modRNN.training.training_loop][INFO] - 	 Starting Epoch: 1224
[2026-05-04 20:22:14,887][src.modRNN.training.training_loop][INFO] - train epoch 1224 loss 0.6402 accuracy 65.62%
[2026-05-04 20:22:14,889][src.modRNN.training.training_loop][INFO] - 	 Starting Epoch: 1225
[2026-05-04 20:22:15,927][src.modRNN.training.training_loop][INFO] - train epoch 1225 loss 0.5784 accuracy 81.25%
[2026-05-04 20:22:15,929][src.modRNN.training.training_loop][INFO] - 	 Starting Epoch: 1226
[2026-05-04 20:22:16,960][src.modRNN.training.training_loop][INFO] - train epoch 1226 loss 0.6088 accuracy 76.56%
[2026-05-04 20:22:19,039][src.modRNN.training.training_loop][INFO] - eval  epoch 1226 loss 0.6081 accuracy 76.17%
[2026-05-04 20:22:19,041][src.modRNN.training.training_loop][INFO] - 	 Starting Epoch: 1227
[2026-05-04 20:22:20,076][src.modRNN.training.training_loop][INFO] - train epoch 1227 loss 0.6057 accuracy 76.56%
[2026-05-04 20:22:20,078][src.modRNN.training.training_loop][INFO] - 	 Starting Epoch: 1228
[2026-05-04 20:22:21,117][src.modRNN.training.training_loop][INFO] - train epoch 1228 loss 0.6339 accuracy 67.19%
[2026-05-04 20:22:21,118][src.modRNN.training.training_loop][INFO] - 	 Starting Epoch: 1229
[2026-05-04 20:22:22,156][src.modRNN.training.training_loop][INFO] - train epoch 1229 loss 0.6153 accuracy 79.69%
[2026-05-04 20:22:22,158][src.modRNN.training.training_loop][INFO] - 	 Starting Epoch: 1230
[2026-05-04 20:22:23,196][src.modRNN.training.training_loop][INFO] - train epoch 1230 loss 0.6027 accuracy 73.44%
[2026-05-04 20:22:23,197][src.modRNN.training.training_loop][INFO] - 	 Starting Epoch: 1231
[2026-05-04 20:22:24,234][src.modRNN.training.training_loop][INFO] - train epoch 1231 loss 0.6195 accuracy 68.75%
[2026-05-04 20:22:24,235][src.modRNN.training.training_loop][INFO] - 	 Starting Epoch: 1232
[2026-05-04 20:22:25,276][src.modRNN.training.training_loop][INFO] - train epoch 1232 loss 0.6546 accuracy 62.50%
[2026-05-04 20:22:25,278][src.modRNN.training.training_loop][INFO] - 	 Starting Epoch: 1233
[2026-05-04 20:22:26,311][src.modRNN.training.training_loop][INFO] - train epoch 1233 loss 0.6054 accuracy 75.00%
[2026-05-04 20:22:26,313][src.modRNN.training.training_loop][INFO] - 	 Starting Epoch: 1234
[2026-05-04 20:22:27,350][src.modRNN.training.training_loop][INFO] - train epoch 1234 loss 0.5999 accuracy 73.44%
[2026-05-04 20:22:27,351][src.modRNN.training.training_loop][INFO] - 	 Starting Epoch: 1235
[2026-05-04 20:22:28,390][src.modRNN.training.training_loop][INFO] - train epoch 1235 loss 0.5888 accuracy 75.00%
[2026-05-04 20:22:28,391][src.modRNN.training.training_loop][INFO] - 	 Starting Epoch: 1236
[2026-05-04 20:22:29,430][src.modRNN.training.training_loop][INFO] - train epoch 1236 loss 0.6568 accuracy 68.75%
[2026-05-04 20:22:29,432][src.modRNN.training.training_loop][INFO] - 	 Starting Epoch: 1237
[2026-05-04 20:22:30,469][src.modRNN.training.training_loop][INFO] - train epoch 1237 loss 0.5733 accuracy 79.69%
[2026-05-04 20:22:30,470][src.modRNN.training.training_loop][INFO] - 	 Starting Epoch: 1238
[2026-05-04 20:22:31,506][src.modRNN.training.training_loop][INFO] - train epoch 1238 loss 0.6039 accuracy 73.44%
[2026-05-04 20:22:31,508][src.modRNN.training.training_loop][INFO] - 	 Starting Epoch: 1239
[2026-05-04 20:22:32,534][src.modRNN.training.training_loop][INFO] - train epoch 1239 loss 0.5963 accuracy 78.12%
[2026-05-04 20:22:32,536][src.modRNN.training.training_loop][INFO] - 	 Starting Epoch: 1240
[2026-05-04 20:22:33,565][src.modRNN.training.training_loop][INFO] - train epoch 1240 loss 0.6027 accuracy 73.44%
[2026-05-04 20:22:33,566][src.modRNN.training.training_loop][INFO] - 	 Starting Epoch: 1241
[2026-05-04 20:22:34,596][src.modRNN.training.training_loop][INFO] - train epoch 1241 loss 0.6164 accuracy 70.31%
[2026-05-04 20:22:34,597][src.modRNN.training.training_loop][INFO] - 	 Starting Epoch: 1242
[2026-05-04 20:22:35,628][src.modRNN.training.training_loop][INFO] - train epoch 1242 loss 0.6185 accuracy 75.00%
[2026-05-04 20:22:35,629][src.modRNN.training.training_loop][INFO] - 	 Starting Epoch: 1243
[2026-05-04 20:22:36,660][src.modRNN.training.training_loop][INFO] - train epoch 1243 loss 0.6229 accuracy 75.00%
[2026-05-04 20:22:36,661][src.modRNN.training.training_loop][INFO] - 	 Starting Epoch: 1244
[2026-05-04 20:22:37,692][src.modRNN.training.training_loop][INFO] - train epoch 1244 loss 0.5809 accuracy 79.69%
[2026-05-04 20:22:37,694][src.modRNN.training.training_loop][INFO] - 	 Starting Epoch: 1245
[2026-05-04 20:22:38,718][src.modRNN.training.training_loop][INFO] - train epoch 1245 loss 0.6164 accuracy 76.56%
[2026-05-04 20:22:38,719][src.modRNN.training.training_loop][INFO] - 	 Starting Epoch: 1246
[2026-05-04 20:22:39,747][src.modRNN.training.training_loop][INFO] - train epoch 1246 loss 0.5972 accuracy 79.69%
[2026-05-04 20:22:39,748][src.modRNN.training.training_loop][INFO] - 	 Starting Epoch: 1247
[2026-05-04 20:22:40,777][src.modRNN.training.training_loop][INFO] - train epoch 1247 loss 0.6261 accuracy 68.75%
[2026-05-04 20:22:40,778][src.modRNN.training.training_loop][INFO] - 	 Starting Epoch: 1248
[2026-05-04 20:22:41,809][src.modRNN.training.training_loop][INFO] - train epoch 1248 loss 0.6096 accuracy 68.75%
[2026-05-04 20:22:41,811][src.modRNN.training.training_loop][INFO] - 	 Starting Epoch: 1249
[2026-05-04 20:22:42,884][src.modRNN.training.training_loop][INFO] - train epoch 1249 loss 0.5995 accuracy 70.31%
[2026-05-04 20:22:42,886][src.modRNN.training.training_loop][INFO] - 	 Starting Epoch: 1250
[2026-05-04 20:22:43,931][src.modRNN.training.training_loop][INFO] - train epoch 1250 loss 0.6421 accuracy 70.31%
[2026-05-04 20:22:43,932][src.modRNN.training.training_loop][INFO] - 	 Starting Epoch: 1251
[2026-05-04 20:22:44,959][src.modRNN.training.training_loop][INFO] - train epoch 1251 loss 0.6070 accuracy 70.31%
[2026-05-04 20:22:47,037][src.modRNN.training.training_loop][INFO] - eval  epoch 1251 loss 0.6045 accuracy 75.78%
[2026-05-04 20:22:47,038][src.modRNN.training.training_loop][INFO] - 	 Starting Epoch: 1252
[2026-05-04 20:22:48,062][src.modRNN.training.training_loop][INFO] - train epoch 1252 loss 0.6014 accuracy 73.44%
[2026-05-04 20:22:48,064][src.modRNN.training.training_loop][INFO] - 	 Starting Epoch: 1253
[2026-05-04 20:22:49,092][src.modRNN.training.training_loop][INFO] - train epoch 1253 loss 0.6130 accuracy 75.00%
[2026-05-04 20:22:49,093][src.modRNN.training.training_loop][INFO] - 	 Starting Epoch: 1254
[2026-05-04 20:22:50,122][src.modRNN.training.training_loop][INFO] - train epoch 1254 loss 0.6067 accuracy 73.44%
[2026-05-04 20:22:50,123][src.modRNN.training.training_loop][INFO] - 	 Starting Epoch: 1255
[2026-05-04 20:22:51,152][src.modRNN.training.training_loop][INFO] - train epoch 1255 loss 0.5965 accuracy 78.12%
[2026-05-04 20:22:51,154][src.modRNN.training.training_loop][INFO] - 	 Starting Epoch: 1256
[2026-05-04 20:22:52,180][src.modRNN.training.training_loop][INFO] - train epoch 1256 loss 0.5759 accuracy 76.56%
[2026-05-04 20:22:52,182][src.modRNN.training.training_loop][INFO] - 	 Starting Epoch: 1257
[2026-05-04 20:22:53,212][src.modRNN.training.training_loop][INFO] - train epoch 1257 loss 0.6014 accuracy 78.12%
[2026-05-04 20:22:53,214][src.modRNN.training.training_loop][INFO] - 	 Starting Epoch: 1258
[2026-05-04 20:22:54,239][src.modRNN.training.training_loop][INFO] - train epoch 1258 loss 0.6134 accuracy 79.69%
[2026-05-04 20:22:54,241][src.modRNN.training.training_loop][INFO] - 	 Starting Epoch: 1259
[2026-05-04 20:22:55,270][src.modRNN.training.training_loop][INFO] - train epoch 1259 loss 0.6347 accuracy 75.00%
[2026-05-04 20:22:55,271][src.modRNN.training.training_loop][INFO] - 	 Starting Epoch: 1260
[2026-05-04 20:22:56,300][src.modRNN.training.training_loop][INFO] - train epoch 1260 loss 0.5907 accuracy 68.75%
[2026-05-04 20:22:56,301][src.modRNN.training.training_loop][INFO] - 	 Starting Epoch: 1261
[2026-05-04 20:22:57,334][src.modRNN.training.training_loop][INFO] - train epoch 1261 loss 0.5860 accuracy 85.94%
[2026-05-04 20:22:57,335][src.modRNN.training.training_loop][INFO] - 	 Starting Epoch: 1262
[2026-05-04 20:22:58,366][src.modRNN.training.training_loop][INFO] - train epoch 1262 loss 0.5996 accuracy 79.69%
[2026-05-04 20:22:58,367][src.modRNN.training.training_loop][INFO] - 	 Starting Epoch: 1263
[2026-05-04 20:22:59,399][src.modRNN.training.training_loop][INFO] - train epoch 1263 loss 0.6150 accuracy 70.31%
[2026-05-04 20:22:59,401][src.modRNN.training.training_loop][INFO] - 	 Starting Epoch: 1264
[2026-05-04 20:23:00,427][src.modRNN.training.training_loop][INFO] - train epoch 1264 loss 0.5829 accuracy 82.81%
[2026-05-04 20:23:00,429][src.modRNN.training.training_loop][INFO] - 	 Starting Epoch: 1265
[2026-05-04 20:23:01,460][src.modRNN.training.training_loop][INFO] - train epoch 1265 loss 0.6087 accuracy 79.69%
[2026-05-04 20:23:01,461][src.modRNN.training.training_loop][INFO] - 	 Starting Epoch: 1266
[2026-05-04 20:23:02,500][src.modRNN.training.training_loop][INFO] - train epoch 1266 loss 0.6184 accuracy 70.31%
[2026-05-04 20:23:02,502][src.modRNN.training.training_loop][INFO] - 	 Starting Epoch: 1267
[2026-05-04 20:23:03,542][src.modRNN.training.training_loop][INFO] - train epoch 1267 loss 0.6149 accuracy 71.88%
[2026-05-04 20:23:03,543][src.modRNN.training.training_loop][INFO] - 	 Starting Epoch: 1268
[2026-05-04 20:23:04,579][src.modRNN.training.training_loop][INFO] - train epoch 1268 loss 0.6418 accuracy 62.50%
[2026-05-04 20:23:04,580][src.modRNN.training.training_loop][INFO] - 	 Starting Epoch: 1269
[2026-05-04 20:23:05,618][src.modRNN.training.training_loop][INFO] - train epoch 1269 loss 0.6394 accuracy 65.62%
[2026-05-04 20:23:05,620][src.modRNN.training.training_loop][INFO] - 	 Starting Epoch: 1270
[2026-05-04 20:23:06,652][src.modRNN.training.training_loop][INFO] - train epoch 1270 loss 0.6578 accuracy 68.75%
[2026-05-04 20:23:06,653][src.modRNN.training.training_loop][INFO] - 	 Starting Epoch: 1271
[2026-05-04 20:23:07,690][src.modRNN.training.training_loop][INFO] - train epoch 1271 loss 0.6191 accuracy 75.00%
[2026-05-04 20:23:07,692][src.modRNN.training.training_loop][INFO] - 	 Starting Epoch: 1272
[2026-05-04 20:23:08,728][src.modRNN.training.training_loop][INFO] - train epoch 1272 loss 0.6303 accuracy 68.75%
[2026-05-04 20:23:08,729][src.modRNN.training.training_loop][INFO] - 	 Starting Epoch: 1273
[2026-05-04 20:23:09,768][src.modRNN.training.training_loop][INFO] - train epoch 1273 loss 0.6064 accuracy 79.69%
[2026-05-04 20:23:09,770][src.modRNN.training.training_loop][INFO] - 	 Starting Epoch: 1274
[2026-05-04 20:23:10,807][src.modRNN.training.training_loop][INFO] - train epoch 1274 loss 0.6240 accuracy 75.00%
[2026-05-04 20:23:10,808][src.modRNN.training.training_loop][INFO] - 	 Starting Epoch: 1275
[2026-05-04 20:23:11,846][src.modRNN.training.training_loop][INFO] - train epoch 1275 loss 0.5948 accuracy 71.88%
[2026-05-04 20:23:11,848][src.modRNN.training.training_loop][INFO] - 	 Starting Epoch: 1276
[2026-05-04 20:23:12,879][src.modRNN.training.training_loop][INFO] - train epoch 1276 loss 0.5682 accuracy 84.38%
[2026-05-04 20:23:14,957][src.modRNN.training.training_loop][INFO] - eval  epoch 1276 loss 0.6053 accuracy 75.39%
[2026-05-04 20:23:14,959][src.modRNN.training.training_loop][INFO] - 	 Starting Epoch: 1277
[2026-05-04 20:23:15,993][src.modRNN.training.training_loop][INFO] - train epoch 1277 loss 0.6304 accuracy 71.88%
[2026-05-04 20:23:15,995][src.modRNN.training.training_loop][INFO] - 	 Starting Epoch: 1278
[2026-05-04 20:23:17,035][src.modRNN.training.training_loop][INFO] - train epoch 1278 loss 0.6103 accuracy 76.56%
[2026-05-04 20:23:17,036][src.modRNN.training.training_loop][INFO] - 	 Starting Epoch: 1279
[2026-05-04 20:23:18,073][src.modRNN.training.training_loop][INFO] - train epoch 1279 loss 0.5781 accuracy 78.12%
[2026-05-04 20:23:18,074][src.modRNN.training.training_loop][INFO] - 	 Starting Epoch: 1280
[2026-05-04 20:23:19,112][src.modRNN.training.training_loop][INFO] - train epoch 1280 loss 0.6338 accuracy 68.75%
[2026-05-04 20:23:19,114][src.modRNN.training.training_loop][INFO] - 	 Starting Epoch: 1281
[2026-05-04 20:23:20,153][src.modRNN.training.training_loop][INFO] - train epoch 1281 loss 0.5851 accuracy 76.56%
[2026-05-04 20:23:20,156][src.modRNN.training.training_loop][INFO] - 	 Starting Epoch: 1282
[2026-05-04 20:23:21,196][src.modRNN.training.training_loop][INFO] - train epoch 1282 loss 0.6138 accuracy 67.19%
[2026-05-04 20:23:21,198][src.modRNN.training.training_loop][INFO] - 	 Starting Epoch: 1283
[2026-05-04 20:23:22,231][src.modRNN.training.training_loop][INFO] - train epoch 1283 loss 0.5829 accuracy 82.81%
[2026-05-04 20:23:22,232][src.modRNN.training.training_loop][INFO] - 	 Starting Epoch: 1284
[2026-05-04 20:23:23,273][src.modRNN.training.training_loop][INFO] - train epoch 1284 loss 0.6038 accuracy 75.00%
[2026-05-04 20:23:23,274][src.modRNN.training.training_loop][INFO] - 	 Starting Epoch: 1285
[2026-05-04 20:23:24,312][src.modRNN.training.training_loop][INFO] - train epoch 1285 loss 0.6163 accuracy 73.44%
[2026-05-04 20:23:24,313][src.modRNN.training.training_loop][INFO] - 	 Starting Epoch: 1286
[2026-05-04 20:23:25,351][src.modRNN.training.training_loop][INFO] - train epoch 1286 loss 0.5722 accuracy 84.38%
[2026-05-04 20:23:25,353][src.modRNN.training.training_loop][INFO] - 	 Starting Epoch: 1287
[2026-05-04 20:23:26,390][src.modRNN.training.training_loop][INFO] - train epoch 1287 loss 0.6242 accuracy 73.44%
[2026-05-04 20:23:26,392][src.modRNN.training.training_loop][INFO] - 	 Starting Epoch: 1288
[2026-05-04 20:23:27,434][src.modRNN.training.training_loop][INFO] - train epoch 1288 loss 0.6066 accuracy 81.25%
[2026-05-04 20:23:27,436][src.modRNN.training.training_loop][INFO] - 	 Starting Epoch: 1289
[2026-05-04 20:23:28,469][src.modRNN.training.training_loop][INFO] - train epoch 1289 loss 0.6224 accuracy 70.31%
[2026-05-04 20:23:28,470][src.modRNN.training.training_loop][INFO] - 	 Starting Epoch: 1290
[2026-05-04 20:23:29,508][src.modRNN.training.training_loop][INFO] - train epoch 1290 loss 0.5847 accuracy 85.94%
[2026-05-04 20:23:29,510][src.modRNN.training.training_loop][INFO] - 	 Starting Epoch: 1291
[2026-05-04 20:23:30,548][src.modRNN.training.training_loop][INFO] - train epoch 1291 loss 0.5661 accuracy 82.81%
[2026-05-04 20:23:30,549][src.modRNN.training.training_loop][INFO] - 	 Starting Epoch: 1292
[2026-05-04 20:23:31,587][src.modRNN.training.training_loop][INFO] - train epoch 1292 loss 0.6024 accuracy 79.69%
[2026-05-04 20:23:31,589][src.modRNN.training.training_loop][INFO] - 	 Starting Epoch: 1293
[2026-05-04 20:23:32,622][src.modRNN.training.training_loop][INFO] - train epoch 1293 loss 0.5957 accuracy 73.44%
[2026-05-04 20:23:32,623][src.modRNN.training.training_loop][INFO] - 	 Starting Epoch: 1294
[2026-05-04 20:23:33,657][src.modRNN.training.training_loop][INFO] - train epoch 1294 loss 0.5856 accuracy 75.00%
[2026-05-04 20:23:33,659][src.modRNN.training.training_loop][INFO] - 	 Starting Epoch: 1295
[2026-05-04 20:23:34,688][src.modRNN.training.training_loop][INFO] - train epoch 1295 loss 0.5752 accuracy 84.38%
[2026-05-04 20:23:34,689][src.modRNN.training.training_loop][INFO] - 	 Starting Epoch: 1296
[2026-05-04 20:23:35,719][src.modRNN.training.training_loop][INFO] - train epoch 1296 loss 0.5914 accuracy 82.81%
[2026-05-04 20:23:35,721][src.modRNN.training.training_loop][INFO] - 	 Starting Epoch: 1297
[2026-05-04 20:23:36,750][src.modRNN.training.training_loop][INFO] - train epoch 1297 loss 0.6475 accuracy 64.06%
[2026-05-04 20:23:36,751][src.modRNN.training.training_loop][INFO] - 	 Starting Epoch: 1298
[2026-05-04 20:23:37,783][src.modRNN.training.training_loop][INFO] - train epoch 1298 loss 0.6266 accuracy 70.31%
[2026-05-04 20:23:37,785][src.modRNN.training.training_loop][INFO] - 	 Starting Epoch: 1299
[2026-05-04 20:23:38,815][src.modRNN.training.training_loop][INFO] - train epoch 1299 loss 0.6363 accuracy 64.06%
[2026-05-04 20:23:38,816][src.modRNN.training.training_loop][INFO] - 	 Starting Epoch: 1300
[2026-05-04 20:23:39,847][src.modRNN.training.training_loop][INFO] - train epoch 1300 loss 0.5484 accuracy 82.81%
[2026-05-04 20:23:39,849][src.modRNN.training.training_loop][INFO] - 	 Starting Epoch: 1301
[2026-05-04 20:23:40,876][src.modRNN.training.training_loop][INFO] - train epoch 1301 loss 0.6158 accuracy 75.00%
[2026-05-04 20:23:42,951][src.modRNN.training.training_loop][INFO] - eval  epoch 1301 loss 0.6000 accuracy 76.17%
[2026-05-04 20:23:42,953][src.modRNN.training.training_loop][INFO] - 	 Starting Epoch: 1302
[2026-05-04 20:23:43,996][src.modRNN.training.training_loop][INFO] - train epoch 1302 loss 0.6307 accuracy 67.19%
[2026-05-04 20:23:43,997][src.modRNN.training.training_loop][INFO] - 	 Starting Epoch: 1303
[2026-05-04 20:23:45,026][src.modRNN.training.training_loop][INFO] - train epoch 1303 loss 0.6090 accuracy 76.56%
[2026-05-04 20:23:45,027][src.modRNN.training.training_loop][INFO] - 	 Starting Epoch: 1304
[2026-05-04 20:23:46,055][src.modRNN.training.training_loop][INFO] - train epoch 1304 loss 0.5922 accuracy 75.00%
[2026-05-04 20:23:46,056][src.modRNN.training.training_loop][INFO] - 	 Starting Epoch: 1305
[2026-05-04 20:23:47,087][src.modRNN.training.training_loop][INFO] - train epoch 1305 loss 0.5923 accuracy 79.69%
[2026-05-04 20:23:47,088][src.modRNN.training.training_loop][INFO] - 	 Starting Epoch: 1306
[2026-05-04 20:23:48,115][src.modRNN.training.training_loop][INFO] - train epoch 1306 loss 0.5917 accuracy 85.94%
[2026-05-04 20:23:48,117][src.modRNN.training.training_loop][INFO] - 	 Starting Epoch: 1307
[2026-05-04 20:23:49,146][src.modRNN.training.training_loop][INFO] - train epoch 1307 loss 0.6001 accuracy 76.56%
[2026-05-04 20:23:49,148][src.modRNN.training.training_loop][INFO] - 	 Starting Epoch: 1308
[2026-05-04 20:23:50,175][src.modRNN.training.training_loop][INFO] - train epoch 1308 loss 0.5736 accuracy 85.94%
[2026-05-04 20:23:50,177][src.modRNN.training.training_loop][INFO] - 	 Starting Epoch: 1309
[2026-05-04 20:23:51,207][src.modRNN.training.training_loop][INFO] - train epoch 1309 loss 0.6034 accuracy 76.56%
[2026-05-04 20:23:51,209][src.modRNN.training.training_loop][INFO] - 	 Starting Epoch: 1310
[2026-05-04 20:23:52,237][src.modRNN.training.training_loop][INFO] - train epoch 1310 loss 0.6115 accuracy 70.31%
[2026-05-04 20:23:52,238][src.modRNN.training.training_loop][INFO] - 	 Starting Epoch: 1311
[2026-05-04 20:23:53,270][src.modRNN.training.training_loop][INFO] - train epoch 1311 loss 0.5962 accuracy 81.25%
[2026-05-04 20:23:53,271][src.modRNN.training.training_loop][INFO] - 	 Starting Epoch: 1312
[2026-05-04 20:23:54,300][src.modRNN.training.training_loop][INFO] - train epoch 1312 loss 0.5821 accuracy 79.69%
[2026-05-04 20:23:54,302][src.modRNN.training.training_loop][INFO] - 	 Starting Epoch: 1313
[2026-05-04 20:23:55,333][src.modRNN.training.training_loop][INFO] - train epoch 1313 loss 0.5920 accuracy 87.50%
[2026-05-04 20:23:55,335][src.modRNN.training.training_loop][INFO] - 	 Starting Epoch: 1314
[2026-05-04 20:23:56,361][src.modRNN.training.training_loop][INFO] - train epoch 1314 loss 0.6000 accuracy 73.44%
[2026-05-04 20:23:56,363][src.modRNN.training.training_loop][INFO] - 	 Starting Epoch: 1315
[2026-05-04 20:23:57,393][src.modRNN.training.training_loop][INFO] - train epoch 1315 loss 0.6085 accuracy 82.81%
[2026-05-04 20:23:57,394][src.modRNN.training.training_loop][INFO] - 	 Starting Epoch: 1316
[2026-05-04 20:23:58,422][src.modRNN.training.training_loop][INFO] - train epoch 1316 loss 0.5984 accuracy 78.12%
[2026-05-04 20:23:58,423][src.modRNN.training.training_loop][INFO] - 	 Starting Epoch: 1317
[2026-05-04 20:23:59,455][src.modRNN.training.training_loop][INFO] - train epoch 1317 loss 0.6233 accuracy 64.06%
[2026-05-04 20:23:59,457][src.modRNN.training.training_loop][INFO] - 	 Starting Epoch: 1318
[2026-05-04 20:24:00,486][src.modRNN.training.training_loop][INFO] - train epoch 1318 loss 0.6220 accuracy 70.31%
[2026-05-04 20:24:00,488][src.modRNN.training.training_loop][INFO] - 	 Starting Epoch: 1319
[2026-05-04 20:24:01,520][src.modRNN.training.training_loop][INFO] - train epoch 1319 loss 0.5699 accuracy 81.25%
[2026-05-04 20:24:01,522][src.modRNN.training.training_loop][INFO] - 	 Starting Epoch: 1320
[2026-05-04 20:24:02,556][src.modRNN.training.training_loop][INFO] - train epoch 1320 loss 0.6145 accuracy 79.69%
[2026-05-04 20:24:02,558][src.modRNN.training.training_loop][INFO] - 	 Starting Epoch: 1321
[2026-05-04 20:24:03,595][src.modRNN.training.training_loop][INFO] - train epoch 1321 loss 0.6195 accuracy 67.19%
[2026-05-04 20:24:03,597][src.modRNN.training.training_loop][INFO] - 	 Starting Epoch: 1322
[2026-05-04 20:24:04,635][src.modRNN.training.training_loop][INFO] - train epoch 1322 loss 0.5942 accuracy 78.12%
[2026-05-04 20:24:04,636][src.modRNN.training.training_loop][INFO] - 	 Starting Epoch: 1323
[2026-05-04 20:24:05,678][src.modRNN.training.training_loop][INFO] - train epoch 1323 loss 0.6073 accuracy 70.31%
[2026-05-04 20:24:05,679][src.modRNN.training.training_loop][INFO] - 	 Starting Epoch: 1324
[2026-05-04 20:24:06,716][src.modRNN.training.training_loop][INFO] - train epoch 1324 loss 0.6292 accuracy 73.44%
[2026-05-04 20:24:06,717][src.modRNN.training.training_loop][INFO] - 	 Starting Epoch: 1325
[2026-05-04 20:24:07,754][src.modRNN.training.training_loop][INFO] - train epoch 1325 loss 0.6054 accuracy 76.56%
[2026-05-04 20:24:07,756][src.modRNN.training.training_loop][INFO] - 	 Starting Epoch: 1326
[2026-05-04 20:24:08,788][src.modRNN.training.training_loop][INFO] - train epoch 1326 loss 0.5812 accuracy 75.00%
[2026-05-04 20:24:10,859][src.modRNN.training.training_loop][INFO] - eval  epoch 1326 loss 0.6127 accuracy 73.44%
[2026-05-04 20:24:10,861][src.modRNN.training.training_loop][INFO] - 	 Starting Epoch: 1327
[2026-05-04 20:24:11,895][src.modRNN.training.training_loop][INFO] - train epoch 1327 loss 0.6029 accuracy 71.88%
[2026-05-04 20:24:11,896][src.modRNN.training.training_loop][INFO] - 	 Starting Epoch: 1328
[2026-05-04 20:24:12,935][src.modRNN.training.training_loop][INFO] - train epoch 1328 loss 0.6096 accuracy 75.00%
[2026-05-04 20:24:12,937][src.modRNN.training.training_loop][INFO] - 	 Starting Epoch: 1329
[2026-05-04 20:24:13,973][src.modRNN.training.training_loop][INFO] - train epoch 1329 loss 0.6161 accuracy 73.44%
[2026-05-04 20:24:13,975][src.modRNN.training.training_loop][INFO] - 	 Starting Epoch: 1330
[2026-05-04 20:24:15,013][src.modRNN.training.training_loop][INFO] - train epoch 1330 loss 0.6202 accuracy 73.44%
[2026-05-04 20:24:15,015][src.modRNN.training.training_loop][INFO] - 	 Starting Epoch: 1331
[2026-05-04 20:24:16,051][src.modRNN.training.training_loop][INFO] - train epoch 1331 loss 0.5846 accuracy 75.00%
[2026-05-04 20:24:16,052][src.modRNN.training.training_loop][INFO] - 	 Starting Epoch: 1332
[2026-05-04 20:24:17,092][src.modRNN.training.training_loop][INFO] - train epoch 1332 loss 0.6473 accuracy 64.06%
[2026-05-04 20:24:17,094][src.modRNN.training.training_loop][INFO] - 	 Starting Epoch: 1333
[2026-05-04 20:24:18,130][src.modRNN.training.training_loop][INFO] - train epoch 1333 loss 0.6306 accuracy 70.31%
[2026-05-04 20:24:18,132][src.modRNN.training.training_loop][INFO] - 	 Starting Epoch: 1334
[2026-05-04 20:24:19,170][src.modRNN.training.training_loop][INFO] - train epoch 1334 loss 0.5966 accuracy 79.69%
[2026-05-04 20:24:19,171][src.modRNN.training.training_loop][INFO] - 	 Starting Epoch: 1335
[2026-05-04 20:24:20,207][src.modRNN.training.training_loop][INFO] - train epoch 1335 loss 0.6449 accuracy 70.31%
[2026-05-04 20:24:20,208][src.modRNN.training.training_loop][INFO] - 	 Starting Epoch: 1336
[2026-05-04 20:24:21,248][src.modRNN.training.training_loop][INFO] - train epoch 1336 loss 0.5852 accuracy 79.69%
[2026-05-04 20:24:21,250][src.modRNN.training.training_loop][INFO] - 	 Starting Epoch: 1337
[2026-05-04 20:24:22,287][src.modRNN.training.training_loop][INFO] - train epoch 1337 loss 0.5867 accuracy 76.56%
[2026-05-04 20:24:22,288][src.modRNN.training.training_loop][INFO] - 	 Starting Epoch: 1338
[2026-05-04 20:24:23,328][src.modRNN.training.training_loop][INFO] - train epoch 1338 loss 0.5815 accuracy 84.38%
[2026-05-04 20:24:23,330][src.modRNN.training.training_loop][INFO] - 	 Starting Epoch: 1339
[2026-05-04 20:24:24,370][src.modRNN.training.training_loop][INFO] - train epoch 1339 loss 0.6216 accuracy 75.00%
[2026-05-04 20:24:24,372][src.modRNN.training.training_loop][INFO] - 	 Starting Epoch: 1340
[2026-05-04 20:24:25,411][src.modRNN.training.training_loop][INFO] - train epoch 1340 loss 0.5912 accuracy 85.94%
[2026-05-04 20:24:25,412][src.modRNN.training.training_loop][INFO] - 	 Starting Epoch: 1341
[2026-05-04 20:24:26,449][src.modRNN.training.training_loop][INFO] - train epoch 1341 loss 0.6045 accuracy 70.31%
[2026-05-04 20:24:26,450][src.modRNN.training.training_loop][INFO] - 	 Starting Epoch: 1342
[2026-05-04 20:24:27,491][src.modRNN.training.training_loop][INFO] - train epoch 1342 loss 0.6004 accuracy 76.56%
[2026-05-04 20:24:27,493][src.modRNN.training.training_loop][INFO] - 	 Starting Epoch: 1343
[2026-05-04 20:24:28,532][src.modRNN.training.training_loop][INFO] - train epoch 1343 loss 0.5582 accuracy 87.50%
[2026-05-04 20:24:28,534][src.modRNN.training.training_loop][INFO] - 	 Starting Epoch: 1344
[2026-05-04 20:24:29,574][src.modRNN.training.training_loop][INFO] - train epoch 1344 loss 0.5827 accuracy 79.69%
[2026-05-04 20:24:29,576][src.modRNN.training.training_loop][INFO] - 	 Starting Epoch: 1345
[2026-05-04 20:24:30,613][src.modRNN.training.training_loop][INFO] - train epoch 1345 loss 0.5745 accuracy 84.38%
[2026-05-04 20:24:30,614][src.modRNN.training.training_loop][INFO] - 	 Starting Epoch: 1346
[2026-05-04 20:24:31,650][src.modRNN.training.training_loop][INFO] - train epoch 1346 loss 0.6131 accuracy 71.88%
[2026-05-04 20:24:31,652][src.modRNN.training.training_loop][INFO] - 	 Starting Epoch: 1347
[2026-05-04 20:24:32,682][src.modRNN.training.training_loop][INFO] - train epoch 1347 loss 0.5747 accuracy 79.69%
[2026-05-04 20:24:32,684][src.modRNN.training.training_loop][INFO] - 	 Starting Epoch: 1348
[2026-05-04 20:24:33,718][src.modRNN.training.training_loop][INFO] - train epoch 1348 loss 0.5987 accuracy 78.12%
[2026-05-04 20:24:33,720][src.modRNN.training.training_loop][INFO] - 	 Starting Epoch: 1349
[2026-05-04 20:24:34,752][src.modRNN.training.training_loop][INFO] - train epoch 1349 loss 0.5785 accuracy 76.56%
[2026-05-04 20:24:34,753][src.modRNN.training.training_loop][INFO] - 	 Starting Epoch: 1350
[2026-05-04 20:24:35,788][src.modRNN.training.training_loop][INFO] - train epoch 1350 loss 0.5384 accuracy 85.94%
[2026-05-04 20:24:35,790][src.modRNN.training.training_loop][INFO] - 	 Starting Epoch: 1351
[2026-05-04 20:24:36,820][src.modRNN.training.training_loop][INFO] - train epoch 1351 loss 0.6343 accuracy 67.19%
[2026-05-04 20:24:38,895][src.modRNN.training.training_loop][INFO] - eval  epoch 1351 loss 0.6076 accuracy 76.37%
[2026-05-04 20:24:38,896][src.modRNN.training.training_loop][INFO] - 	 Starting Epoch: 1352
[2026-05-04 20:24:39,923][src.modRNN.training.training_loop][INFO] - train epoch 1352 loss 0.6100 accuracy 79.69%
[2026-05-04 20:24:39,925][src.modRNN.training.training_loop][INFO] - 	 Starting Epoch: 1353
[2026-05-04 20:24:40,957][src.modRNN.training.training_loop][INFO] - train epoch 1353 loss 0.5797 accuracy 76.56%
[2026-05-04 20:24:40,959][src.modRNN.training.training_loop][INFO] - 	 Starting Epoch: 1354
[2026-05-04 20:24:41,987][src.modRNN.training.training_loop][INFO] - train epoch 1354 loss 0.6222 accuracy 76.56%
[2026-05-04 20:24:41,988][src.modRNN.training.training_loop][INFO] - 	 Starting Epoch: 1355
[2026-05-04 20:24:43,065][src.modRNN.training.training_loop][INFO] - train epoch 1355 loss 0.5880 accuracy 79.69%
[2026-05-04 20:24:43,066][src.modRNN.training.training_loop][INFO] - 	 Starting Epoch: 1356
[2026-05-04 20:24:44,117][src.modRNN.training.training_loop][INFO] - train epoch 1356 loss 0.5999 accuracy 75.00%
[2026-05-04 20:24:44,119][src.modRNN.training.training_loop][INFO] - 	 Starting Epoch: 1357
[2026-05-04 20:24:45,153][src.modRNN.training.training_loop][INFO] - train epoch 1357 loss 0.6065 accuracy 76.56%
[2026-05-04 20:24:45,154][src.modRNN.training.training_loop][INFO] - 	 Starting Epoch: 1358
[2026-05-04 20:24:46,179][src.modRNN.training.training_loop][INFO] - train epoch 1358 loss 0.5829 accuracy 81.25%
[2026-05-04 20:24:46,181][src.modRNN.training.training_loop][INFO] - 	 Starting Epoch: 1359
[2026-05-04 20:24:47,210][src.modRNN.training.training_loop][INFO] - train epoch 1359 loss 0.5970 accuracy 75.00%
[2026-05-04 20:24:47,211][src.modRNN.training.training_loop][INFO] - 	 Starting Epoch: 1360
[2026-05-04 20:24:48,240][src.modRNN.training.training_loop][INFO] - train epoch 1360 loss 0.5936 accuracy 82.81%
[2026-05-04 20:24:48,241][src.modRNN.training.training_loop][INFO] - 	 Starting Epoch: 1361
[2026-05-04 20:24:49,271][src.modRNN.training.training_loop][INFO] - train epoch 1361 loss 0.5903 accuracy 75.00%
[2026-05-04 20:24:49,273][src.modRNN.training.training_loop][INFO] - 	 Starting Epoch: 1362
[2026-05-04 20:24:50,302][src.modRNN.training.training_loop][INFO] - train epoch 1362 loss 0.5976 accuracy 75.00%
[2026-05-04 20:24:50,303][src.modRNN.training.training_loop][INFO] - 	 Starting Epoch: 1363
[2026-05-04 20:24:51,334][src.modRNN.training.training_loop][INFO] - train epoch 1363 loss 0.6192 accuracy 76.56%
[2026-05-04 20:24:51,336][src.modRNN.training.training_loop][INFO] - 	 Starting Epoch: 1364
[2026-05-04 20:24:52,361][src.modRNN.training.training_loop][INFO] - train epoch 1364 loss 0.6597 accuracy 62.50%
[2026-05-04 20:24:52,363][src.modRNN.training.training_loop][INFO] - 	 Starting Epoch: 1365
[2026-05-04 20:24:53,393][src.modRNN.training.training_loop][INFO] - train epoch 1365 loss 0.6210 accuracy 71.88%
[2026-05-04 20:24:53,395][src.modRNN.training.training_loop][INFO] - 	 Starting Epoch: 1366
[2026-05-04 20:24:54,422][src.modRNN.training.training_loop][INFO] - train epoch 1366 loss 0.6293 accuracy 68.75%
[2026-05-04 20:24:54,423][src.modRNN.training.training_loop][INFO] - 	 Starting Epoch: 1367
[2026-05-04 20:24:55,454][src.modRNN.training.training_loop][INFO] - train epoch 1367 loss 0.6319 accuracy 68.75%
[2026-05-04 20:24:55,455][src.modRNN.training.training_loop][INFO] - 	 Starting Epoch: 1368
[2026-05-04 20:24:56,484][src.modRNN.training.training_loop][INFO] - train epoch 1368 loss 0.5957 accuracy 82.81%
[2026-05-04 20:24:56,485][src.modRNN.training.training_loop][INFO] - 	 Starting Epoch: 1369
[2026-05-04 20:24:57,517][src.modRNN.training.training_loop][INFO] - train epoch 1369 loss 0.6464 accuracy 71.88%
[2026-05-04 20:24:57,518][src.modRNN.training.training_loop][INFO] - 	 Starting Epoch: 1370
[2026-05-04 20:24:58,545][src.modRNN.training.training_loop][INFO] - train epoch 1370 loss 0.5986 accuracy 76.56%
[2026-05-04 20:24:58,546][src.modRNN.training.training_loop][INFO] - 	 Starting Epoch: 1371
[2026-05-04 20:24:59,578][src.modRNN.training.training_loop][INFO] - train epoch 1371 loss 0.6067 accuracy 85.94%
[2026-05-04 20:24:59,579][src.modRNN.training.training_loop][INFO] - 	 Starting Epoch: 1372
[2026-05-04 20:25:00,609][src.modRNN.training.training_loop][INFO] - train epoch 1372 loss 0.5844 accuracy 75.00%
[2026-05-04 20:25:00,610][src.modRNN.training.training_loop][INFO] - 	 Starting Epoch: 1373
[2026-05-04 20:25:01,642][src.modRNN.training.training_loop][INFO] - train epoch 1373 loss 0.5654 accuracy 82.81%
[2026-05-04 20:25:01,643][src.modRNN.training.training_loop][INFO] - 	 Starting Epoch: 1374
[2026-05-04 20:25:02,684][src.modRNN.training.training_loop][INFO] - train epoch 1374 loss 0.5931 accuracy 76.56%
[2026-05-04 20:25:02,685][src.modRNN.training.training_loop][INFO] - 	 Starting Epoch: 1375
[2026-05-04 20:25:03,725][src.modRNN.training.training_loop][INFO] - train epoch 1375 loss 0.6268 accuracy 68.75%
[2026-05-04 20:25:03,726][src.modRNN.training.training_loop][INFO] - 	 Starting Epoch: 1376
[2026-05-04 20:25:04,762][src.modRNN.training.training_loop][INFO] - train epoch 1376 loss 0.5660 accuracy 82.81%
[2026-05-04 20:25:06,839][src.modRNN.training.training_loop][INFO] - eval  epoch 1376 loss 0.5946 accuracy 75.98%
[2026-05-04 20:25:06,840][src.modRNN.training.training_loop][INFO] - 	 Starting Epoch: 1377
[2026-05-04 20:25:07,874][src.modRNN.training.training_loop][INFO] - train epoch 1377 loss 0.5668 accuracy 76.56%
[2026-05-04 20:25:07,875][src.modRNN.training.training_loop][INFO] - 	 Starting Epoch: 1378
[2026-05-04 20:25:08,917][src.modRNN.training.training_loop][INFO] - train epoch 1378 loss 0.5648 accuracy 78.12%
[2026-05-04 20:25:08,918][src.modRNN.training.training_loop][INFO] - 	 Starting Epoch: 1379
[2026-05-04 20:25:09,955][src.modRNN.training.training_loop][INFO] - train epoch 1379 loss 0.5848 accuracy 82.81%
[2026-05-04 20:25:09,956][src.modRNN.training.training_loop][INFO] - 	 Starting Epoch: 1380
[2026-05-04 20:25:10,997][src.modRNN.training.training_loop][INFO] - train epoch 1380 loss 0.6009 accuracy 73.44%
[2026-05-04 20:25:10,998][src.modRNN.training.training_loop][INFO] - 	 Starting Epoch: 1381
[2026-05-04 20:25:12,035][src.modRNN.training.training_loop][INFO] - train epoch 1381 loss 0.6023 accuracy 71.88%
[2026-05-04 20:25:12,036][src.modRNN.training.training_loop][INFO] - 	 Starting Epoch: 1382
[2026-05-04 20:25:13,076][src.modRNN.training.training_loop][INFO] - train epoch 1382 loss 0.5927 accuracy 76.56%
[2026-05-04 20:25:13,078][src.modRNN.training.training_loop][INFO] - 	 Starting Epoch: 1383
[2026-05-04 20:25:14,112][src.modRNN.training.training_loop][INFO] - train epoch 1383 loss 0.6439 accuracy 65.62%
[2026-05-04 20:25:14,114][src.modRNN.training.training_loop][INFO] - 	 Starting Epoch: 1384
[2026-05-04 20:25:15,153][src.modRNN.training.training_loop][INFO] - train epoch 1384 loss 0.5900 accuracy 71.88%
[2026-05-04 20:25:15,155][src.modRNN.training.training_loop][INFO] - 	 Starting Epoch: 1385
[2026-05-04 20:25:16,191][src.modRNN.training.training_loop][INFO] - train epoch 1385 loss 0.6049 accuracy 71.88%
[2026-05-04 20:25:16,193][src.modRNN.training.training_loop][INFO] - 	 Starting Epoch: 1386
[2026-05-04 20:25:17,233][src.modRNN.training.training_loop][INFO] - train epoch 1386 loss 0.6128 accuracy 71.88%
[2026-05-04 20:25:17,235][src.modRNN.training.training_loop][INFO] - 	 Starting Epoch: 1387
[2026-05-04 20:25:18,272][src.modRNN.training.training_loop][INFO] - train epoch 1387 loss 0.6556 accuracy 68.75%
[2026-05-04 20:25:18,274][src.modRNN.training.training_loop][INFO] - 	 Starting Epoch: 1388
[2026-05-04 20:25:19,313][src.modRNN.training.training_loop][INFO] - train epoch 1388 loss 0.6407 accuracy 59.38%
[2026-05-04 20:25:19,315][src.modRNN.training.training_loop][INFO] - 	 Starting Epoch: 1389
[2026-05-04 20:25:20,350][src.modRNN.training.training_loop][INFO] - train epoch 1389 loss 0.5975 accuracy 71.88%
[2026-05-04 20:25:20,352][src.modRNN.training.training_loop][INFO] - 	 Starting Epoch: 1390
[2026-05-04 20:25:21,391][src.modRNN.training.training_loop][INFO] - train epoch 1390 loss 0.6171 accuracy 75.00%
[2026-05-04 20:25:21,392][src.modRNN.training.training_loop][INFO] - 	 Starting Epoch: 1391
[2026-05-04 20:25:22,430][src.modRNN.training.training_loop][INFO] - train epoch 1391 loss 0.6125 accuracy 70.31%
[2026-05-04 20:25:22,432][src.modRNN.training.training_loop][INFO] - 	 Starting Epoch: 1392
[2026-05-04 20:25:23,471][src.modRNN.training.training_loop][INFO] - train epoch 1392 loss 0.6149 accuracy 67.19%
[2026-05-04 20:25:23,472][src.modRNN.training.training_loop][INFO] - 	 Starting Epoch: 1393
[2026-05-04 20:25:24,510][src.modRNN.training.training_loop][INFO] - train epoch 1393 loss 0.6048 accuracy 73.44%
[2026-05-04 20:25:24,512][src.modRNN.training.training_loop][INFO] - 	 Starting Epoch: 1394
[2026-05-04 20:25:25,552][src.modRNN.training.training_loop][INFO] - train epoch 1394 loss 0.6036 accuracy 73.44%
[2026-05-04 20:25:25,554][src.modRNN.training.training_loop][INFO] - 	 Starting Epoch: 1395
[2026-05-04 20:25:26,588][src.modRNN.training.training_loop][INFO] - train epoch 1395 loss 0.6133 accuracy 73.44%
[2026-05-04 20:25:26,590][src.modRNN.training.training_loop][INFO] - 	 Starting Epoch: 1396
[2026-05-04 20:25:27,628][src.modRNN.training.training_loop][INFO] - train epoch 1396 loss 0.5725 accuracy 82.81%
[2026-05-04 20:25:27,629][src.modRNN.training.training_loop][INFO] - 	 Starting Epoch: 1397
[2026-05-04 20:25:28,666][src.modRNN.training.training_loop][INFO] - train epoch 1397 loss 0.5781 accuracy 82.81%
[2026-05-04 20:25:28,667][src.modRNN.training.training_loop][INFO] - 	 Starting Epoch: 1398
[2026-05-04 20:25:29,706][src.modRNN.training.training_loop][INFO] - train epoch 1398 loss 0.6163 accuracy 71.88%
[2026-05-04 20:25:29,707][src.modRNN.training.training_loop][INFO] - 	 Starting Epoch: 1399
[2026-05-04 20:25:30,745][src.modRNN.training.training_loop][INFO] - train epoch 1399 loss 0.6160 accuracy 78.12%
[2026-05-04 20:25:30,746][src.modRNN.training.training_loop][INFO] - 	 Starting Epoch: 1400
[2026-05-04 20:25:31,784][src.modRNN.training.training_loop][INFO] - train epoch 1400 loss 0.6096 accuracy 79.69%
[2026-05-04 20:25:31,785][src.modRNN.training.training_loop][INFO] - 	 Starting Epoch: 1401
[2026-05-04 20:25:32,813][src.modRNN.training.training_loop][INFO] - train epoch 1401 loss 0.5511 accuracy 85.94%
[2026-05-04 20:25:34,892][src.modRNN.training.training_loop][INFO] - eval  epoch 1401 loss 0.6031 accuracy 73.63%
[2026-05-04 20:25:34,893][src.modRNN.training.training_loop][INFO] - 	 Starting Epoch: 1402
[2026-05-04 20:25:35,919][src.modRNN.training.training_loop][INFO] - train epoch 1402 loss 0.6262 accuracy 73.44%
[2026-05-04 20:25:35,921][src.modRNN.training.training_loop][INFO] - 	 Starting Epoch: 1403
[2026-05-04 20:25:36,951][src.modRNN.training.training_loop][INFO] - train epoch 1403 loss 0.6131 accuracy 73.44%
[2026-05-04 20:25:36,952][src.modRNN.training.training_loop][INFO] - 	 Starting Epoch: 1404
[2026-05-04 20:25:37,982][src.modRNN.training.training_loop][INFO] - train epoch 1404 loss 0.6005 accuracy 73.44%
[2026-05-04 20:25:37,983][src.modRNN.training.training_loop][INFO] - 	 Starting Epoch: 1405
[2026-05-04 20:25:39,012][src.modRNN.training.training_loop][INFO] - train epoch 1405 loss 0.6230 accuracy 73.44%
[2026-05-04 20:25:39,014][src.modRNN.training.training_loop][INFO] - 	 Starting Epoch: 1406
[2026-05-04 20:25:40,041][src.modRNN.training.training_loop][INFO] - train epoch 1406 loss 0.5844 accuracy 70.31%
[2026-05-04 20:25:40,042][src.modRNN.training.training_loop][INFO] - 	 Starting Epoch: 1407
[2026-05-04 20:25:41,071][src.modRNN.training.training_loop][INFO] - train epoch 1407 loss 0.6232 accuracy 70.31%
[2026-05-04 20:25:41,073][src.modRNN.training.training_loop][INFO] - 	 Starting Epoch: 1408
[2026-05-04 20:25:42,106][src.modRNN.training.training_loop][INFO] - train epoch 1408 loss 0.5577 accuracy 78.12%
[2026-05-04 20:25:42,108][src.modRNN.training.training_loop][INFO] - 	 Starting Epoch: 1409
[2026-05-04 20:25:43,181][src.modRNN.training.training_loop][INFO] - train epoch 1409 loss 0.6130 accuracy 76.56%
[2026-05-04 20:25:43,183][src.modRNN.training.training_loop][INFO] - 	 Starting Epoch: 1410
[2026-05-04 20:25:44,211][src.modRNN.training.training_loop][INFO] - train epoch 1410 loss 0.5716 accuracy 79.69%
[2026-05-04 20:25:44,213][src.modRNN.training.training_loop][INFO] - 	 Starting Epoch: 1411
[2026-05-04 20:25:45,246][src.modRNN.training.training_loop][INFO] - train epoch 1411 loss 0.6152 accuracy 70.31%
[2026-05-04 20:25:45,247][src.modRNN.training.training_loop][INFO] - 	 Starting Epoch: 1412
[2026-05-04 20:25:46,275][src.modRNN.training.training_loop][INFO] - train epoch 1412 loss 0.6160 accuracy 75.00%
[2026-05-04 20:25:46,276][src.modRNN.training.training_loop][INFO] - 	 Starting Epoch: 1413
[2026-05-04 20:25:47,308][src.modRNN.training.training_loop][INFO] - train epoch 1413 loss 0.5549 accuracy 82.81%
[2026-05-04 20:25:47,310][src.modRNN.training.training_loop][INFO] - 	 Starting Epoch: 1414
[2026-05-04 20:25:48,338][src.modRNN.training.training_loop][INFO] - train epoch 1414 loss 0.5798 accuracy 78.12%
[2026-05-04 20:25:48,340][src.modRNN.training.training_loop][INFO] - 	 Starting Epoch: 1415
[2026-05-04 20:25:49,372][src.modRNN.training.training_loop][INFO] - train epoch 1415 loss 0.6043 accuracy 76.56%
[2026-05-04 20:25:49,374][src.modRNN.training.training_loop][INFO] - 	 Starting Epoch: 1416
[2026-05-04 20:25:50,402][src.modRNN.training.training_loop][INFO] - train epoch 1416 loss 0.5712 accuracy 75.00%
[2026-05-04 20:25:50,403][src.modRNN.training.training_loop][INFO] - 	 Starting Epoch: 1417
[2026-05-04 20:25:51,434][src.modRNN.training.training_loop][INFO] - train epoch 1417 loss 0.6044 accuracy 67.19%
[2026-05-04 20:25:51,435][src.modRNN.training.training_loop][INFO] - 	 Starting Epoch: 1418
[2026-05-04 20:25:52,464][src.modRNN.training.training_loop][INFO] - train epoch 1418 loss 0.5960 accuracy 71.88%
[2026-05-04 20:25:52,465][src.modRNN.training.training_loop][INFO] - 	 Starting Epoch: 1419
[2026-05-04 20:25:53,495][src.modRNN.training.training_loop][INFO] - train epoch 1419 loss 0.6628 accuracy 64.06%
[2026-05-04 20:25:53,497][src.modRNN.training.training_loop][INFO] - 	 Starting Epoch: 1420
[2026-05-04 20:25:54,524][src.modRNN.training.training_loop][INFO] - train epoch 1420 loss 0.5778 accuracy 76.56%
[2026-05-04 20:25:54,526][src.modRNN.training.training_loop][INFO] - 	 Starting Epoch: 1421
[2026-05-04 20:25:55,555][src.modRNN.training.training_loop][INFO] - train epoch 1421 loss 0.5697 accuracy 82.81%
[2026-05-04 20:25:55,556][src.modRNN.training.training_loop][INFO] - 	 Starting Epoch: 1422
[2026-05-04 20:25:56,582][src.modRNN.training.training_loop][INFO] - train epoch 1422 loss 0.6199 accuracy 67.19%
[2026-05-04 20:25:56,584][src.modRNN.training.training_loop][INFO] - 	 Starting Epoch: 1423
[2026-05-04 20:25:57,612][src.modRNN.training.training_loop][INFO] - train epoch 1423 loss 0.5640 accuracy 79.69%
[2026-05-04 20:25:57,614][src.modRNN.training.training_loop][INFO] - 	 Starting Epoch: 1424
[2026-05-04 20:25:58,644][src.modRNN.training.training_loop][INFO] - train epoch 1424 loss 0.6003 accuracy 78.12%
[2026-05-04 20:25:58,645][src.modRNN.training.training_loop][INFO] - 	 Starting Epoch: 1425
[2026-05-04 20:25:59,674][src.modRNN.training.training_loop][INFO] - train epoch 1425 loss 0.5813 accuracy 75.00%
[2026-05-04 20:25:59,676][src.modRNN.training.training_loop][INFO] - 	 Starting Epoch: 1426
[2026-05-04 20:26:00,703][src.modRNN.training.training_loop][INFO] - train epoch 1426 loss 0.5738 accuracy 85.94%
[2026-05-04 20:26:02,776][src.modRNN.training.training_loop][INFO] - eval  epoch 1426 loss 0.5960 accuracy 79.30%
[2026-05-04 20:26:02,777][src.modRNN.training.training_loop][INFO] - 	 Starting Epoch: 1427
[2026-05-04 20:26:03,814][src.modRNN.training.training_loop][INFO] - train epoch 1427 loss 0.5845 accuracy 84.38%
[2026-05-04 20:26:03,816][src.modRNN.training.training_loop][INFO] - 	 Starting Epoch: 1428
[2026-05-04 20:26:04,856][src.modRNN.training.training_loop][INFO] - train epoch 1428 loss 0.5736 accuracy 84.38%
[2026-05-04 20:26:04,858][src.modRNN.training.training_loop][INFO] - 	 Starting Epoch: 1429
[2026-05-04 20:26:05,895][src.modRNN.training.training_loop][INFO] - train epoch 1429 loss 0.6122 accuracy 70.31%
[2026-05-04 20:26:05,896][src.modRNN.training.training_loop][INFO] - 	 Starting Epoch: 1430
[2026-05-04 20:26:06,937][src.modRNN.training.training_loop][INFO] - train epoch 1430 loss 0.5933 accuracy 75.00%
[2026-05-04 20:26:06,938][src.modRNN.training.training_loop][INFO] - 	 Starting Epoch: 1431
[2026-05-04 20:26:07,976][src.modRNN.training.training_loop][INFO] - train epoch 1431 loss 0.5960 accuracy 73.44%
[2026-05-04 20:26:07,978][src.modRNN.training.training_loop][INFO] - 	 Starting Epoch: 1432
[2026-05-04 20:26:09,019][src.modRNN.training.training_loop][INFO] - train epoch 1432 loss 0.6118 accuracy 73.44%
[2026-05-04 20:26:09,021][src.modRNN.training.training_loop][INFO] - 	 Starting Epoch: 1433
[2026-05-04 20:26:10,057][src.modRNN.training.training_loop][INFO] - train epoch 1433 loss 0.5938 accuracy 76.56%
[2026-05-04 20:26:10,059][src.modRNN.training.training_loop][INFO] - 	 Starting Epoch: 1434
[2026-05-04 20:26:11,096][src.modRNN.training.training_loop][INFO] - train epoch 1434 loss 0.5804 accuracy 79.69%
[2026-05-04 20:26:11,097][src.modRNN.training.training_loop][INFO] - 	 Starting Epoch: 1435
[2026-05-04 20:26:12,138][src.modRNN.training.training_loop][INFO] - train epoch 1435 loss 0.5933 accuracy 79.69%
[2026-05-04 20:26:12,140][src.modRNN.training.training_loop][INFO] - 	 Starting Epoch: 1436
[2026-05-04 20:26:13,180][src.modRNN.training.training_loop][INFO] - train epoch 1436 loss 0.6055 accuracy 75.00%
[2026-05-04 20:26:13,181][src.modRNN.training.training_loop][INFO] - 	 Starting Epoch: 1437
[2026-05-04 20:26:14,220][src.modRNN.training.training_loop][INFO] - train epoch 1437 loss 0.5777 accuracy 81.25%
[2026-05-04 20:26:14,221][src.modRNN.training.training_loop][INFO] - 	 Starting Epoch: 1438
[2026-05-04 20:26:15,264][src.modRNN.training.training_loop][INFO] - train epoch 1438 loss 0.5751 accuracy 75.00%
[2026-05-04 20:26:15,266][src.modRNN.training.training_loop][INFO] - 	 Starting Epoch: 1439
[2026-05-04 20:26:16,298][src.modRNN.training.training_loop][INFO] - train epoch 1439 loss 0.5990 accuracy 73.44%
[2026-05-04 20:26:16,300][src.modRNN.training.training_loop][INFO] - 	 Starting Epoch: 1440
[2026-05-04 20:26:17,339][src.modRNN.training.training_loop][INFO] - train epoch 1440 loss 0.6332 accuracy 68.75%
[2026-05-04 20:26:17,341][src.modRNN.training.training_loop][INFO] - 	 Starting Epoch: 1441
[2026-05-04 20:26:18,381][src.modRNN.training.training_loop][INFO] - train epoch 1441 loss 0.6107 accuracy 67.19%
[2026-05-04 20:26:18,383][src.modRNN.training.training_loop][INFO] - 	 Starting Epoch: 1442
[2026-05-04 20:26:19,427][src.modRNN.training.training_loop][INFO] - train epoch 1442 loss 0.5566 accuracy 81.25%
[2026-05-04 20:26:19,428][src.modRNN.training.training_loop][INFO] - 	 Starting Epoch: 1443
[2026-05-04 20:26:20,467][src.modRNN.training.training_loop][INFO] - train epoch 1443 loss 0.6073 accuracy 76.56%
[2026-05-04 20:26:20,468][src.modRNN.training.training_loop][INFO] - 	 Starting Epoch: 1444
[2026-05-04 20:26:21,510][src.modRNN.training.training_loop][INFO] - train epoch 1444 loss 0.5937 accuracy 76.56%
[2026-05-04 20:26:21,512][src.modRNN.training.training_loop][INFO] - 	 Starting Epoch: 1445
[2026-05-04 20:26:22,546][src.modRNN.training.training_loop][INFO] - train epoch 1445 loss 0.6035 accuracy 73.44%
[2026-05-04 20:26:22,547][src.modRNN.training.training_loop][INFO] - 	 Starting Epoch: 1446
[2026-05-04 20:26:23,586][src.modRNN.training.training_loop][INFO] - train epoch 1446 loss 0.5991 accuracy 70.31%
[2026-05-04 20:26:23,587][src.modRNN.training.training_loop][INFO] - 	 Starting Epoch: 1447
[2026-05-04 20:26:24,628][src.modRNN.training.training_loop][INFO] - train epoch 1447 loss 0.5809 accuracy 81.25%
[2026-05-04 20:26:24,630][src.modRNN.training.training_loop][INFO] - 	 Starting Epoch: 1448
[2026-05-04 20:26:25,672][src.modRNN.training.training_loop][INFO] - train epoch 1448 loss 0.5932 accuracy 78.12%
[2026-05-04 20:26:25,673][src.modRNN.training.training_loop][INFO] - 	 Starting Epoch: 1449
[2026-05-04 20:26:26,712][src.modRNN.training.training_loop][INFO] - train epoch 1449 loss 0.6073 accuracy 71.88%
[2026-05-04 20:26:26,714][src.modRNN.training.training_loop][INFO] - 	 Starting Epoch: 1450
[2026-05-04 20:26:27,754][src.modRNN.training.training_loop][INFO] - train epoch 1450 loss 0.5797 accuracy 76.56%
[2026-05-04 20:26:27,756][src.modRNN.training.training_loop][INFO] - 	 Starting Epoch: 1451
[2026-05-04 20:26:28,793][src.modRNN.training.training_loop][INFO] - train epoch 1451 loss 0.5720 accuracy 84.38%
[2026-05-04 20:26:30,867][src.modRNN.training.training_loop][INFO] - eval  epoch 1451 loss 0.6083 accuracy 71.29%
[2026-05-04 20:26:30,869][src.modRNN.training.training_loop][INFO] - 	 Starting Epoch: 1452
[2026-05-04 20:26:31,901][src.modRNN.training.training_loop][INFO] - train epoch 1452 loss 0.5548 accuracy 84.38%
[2026-05-04 20:26:31,902][src.modRNN.training.training_loop][INFO] - 	 Starting Epoch: 1453
[2026-05-04 20:26:32,934][src.modRNN.training.training_loop][INFO] - train epoch 1453 loss 0.6194 accuracy 68.75%
[2026-05-04 20:26:32,935][src.modRNN.training.training_loop][INFO] - 	 Starting Epoch: 1454
[2026-05-04 20:26:33,963][src.modRNN.training.training_loop][INFO] - train epoch 1454 loss 0.5680 accuracy 78.12%
[2026-05-04 20:26:33,965][src.modRNN.training.training_loop][INFO] - 	 Starting Epoch: 1455
[2026-05-04 20:26:34,996][src.modRNN.training.training_loop][INFO] - train epoch 1455 loss 0.6457 accuracy 64.06%
[2026-05-04 20:26:34,998][src.modRNN.training.training_loop][INFO] - 	 Starting Epoch: 1456
[2026-05-04 20:26:36,026][src.modRNN.training.training_loop][INFO] - train epoch 1456 loss 0.6321 accuracy 60.94%
[2026-05-04 20:26:36,028][src.modRNN.training.training_loop][INFO] - 	 Starting Epoch: 1457
[2026-05-04 20:26:37,064][src.modRNN.training.training_loop][INFO] - train epoch 1457 loss 0.6229 accuracy 70.31%
[2026-05-04 20:26:37,066][src.modRNN.training.training_loop][INFO] - 	 Starting Epoch: 1458
[2026-05-04 20:26:38,094][src.modRNN.training.training_loop][INFO] - train epoch 1458 loss 0.6244 accuracy 65.62%
[2026-05-04 20:26:38,096][src.modRNN.training.training_loop][INFO] - 	 Starting Epoch: 1459
[2026-05-04 20:26:39,125][src.modRNN.training.training_loop][INFO] - train epoch 1459 loss 0.5981 accuracy 75.00%
[2026-05-04 20:26:39,127][src.modRNN.training.training_loop][INFO] - 	 Starting Epoch: 1460
[2026-05-04 20:26:40,156][src.modRNN.training.training_loop][INFO] - train epoch 1460 loss 0.6318 accuracy 73.44%
[2026-05-04 20:26:40,157][src.modRNN.training.training_loop][INFO] - 	 Starting Epoch: 1461
[2026-05-04 20:26:41,187][src.modRNN.training.training_loop][INFO] - train epoch 1461 loss 0.6108 accuracy 76.56%
[2026-05-04 20:26:41,189][src.modRNN.training.training_loop][INFO] - 	 Starting Epoch: 1462
[2026-05-04 20:26:42,229][src.modRNN.training.training_loop][INFO] - train epoch 1462 loss 0.5859 accuracy 76.56%
[2026-05-04 20:26:42,231][src.modRNN.training.training_loop][INFO] - 	 Starting Epoch: 1463
[2026-05-04 20:26:43,333][src.modRNN.training.training_loop][INFO] - train epoch 1463 loss 0.5714 accuracy 82.81%
[2026-05-04 20:26:43,335][src.modRNN.training.training_loop][INFO] - 	 Starting Epoch: 1464
[2026-05-04 20:26:44,362][src.modRNN.training.training_loop][INFO] - train epoch 1464 loss 0.5600 accuracy 85.94%
[2026-05-04 20:26:44,364][src.modRNN.training.training_loop][INFO] - 	 Starting Epoch: 1465
[2026-05-04 20:26:45,395][src.modRNN.training.training_loop][INFO] - train epoch 1465 loss 0.5723 accuracy 78.12%
[2026-05-04 20:26:45,396][src.modRNN.training.training_loop][INFO] - 	 Starting Epoch: 1466
[2026-05-04 20:26:46,425][src.modRNN.training.training_loop][INFO] - train epoch 1466 loss 0.5897 accuracy 78.12%
[2026-05-04 20:26:46,426][src.modRNN.training.training_loop][INFO] - 	 Starting Epoch: 1467
[2026-05-04 20:26:47,456][src.modRNN.training.training_loop][INFO] - train epoch 1467 loss 0.5677 accuracy 79.69%
[2026-05-04 20:26:47,458][src.modRNN.training.training_loop][INFO] - 	 Starting Epoch: 1468
[2026-05-04 20:26:48,489][src.modRNN.training.training_loop][INFO] - train epoch 1468 loss 0.5498 accuracy 78.12%
[2026-05-04 20:26:48,490][src.modRNN.training.training_loop][INFO] - 	 Starting Epoch: 1469
[2026-05-04 20:26:49,520][src.modRNN.training.training_loop][INFO] - train epoch 1469 loss 0.5892 accuracy 73.44%
[2026-05-04 20:26:49,522][src.modRNN.training.training_loop][INFO] - 	 Starting Epoch: 1470
[2026-05-04 20:26:50,546][src.modRNN.training.training_loop][INFO] - train epoch 1470 loss 0.5767 accuracy 82.81%
[2026-05-04 20:26:50,547][src.modRNN.training.training_loop][INFO] - 	 Starting Epoch: 1471
[2026-05-04 20:26:51,576][src.modRNN.training.training_loop][INFO] - train epoch 1471 loss 0.6296 accuracy 62.50%
[2026-05-04 20:26:51,578][src.modRNN.training.training_loop][INFO] - 	 Starting Epoch: 1472
[2026-05-04 20:26:52,607][src.modRNN.training.training_loop][INFO] - train epoch 1472 loss 0.6487 accuracy 65.62%
[2026-05-04 20:26:52,609][src.modRNN.training.training_loop][INFO] - 	 Starting Epoch: 1473
[2026-05-04 20:26:53,640][src.modRNN.training.training_loop][INFO] - train epoch 1473 loss 0.6138 accuracy 65.62%
[2026-05-04 20:26:53,641][src.modRNN.training.training_loop][INFO] - 	 Starting Epoch: 1474
[2026-05-04 20:26:54,671][src.modRNN.training.training_loop][INFO] - train epoch 1474 loss 0.5833 accuracy 75.00%
[2026-05-04 20:26:54,672][src.modRNN.training.training_loop][INFO] - 	 Starting Epoch: 1475
[2026-05-04 20:26:55,703][src.modRNN.training.training_loop][INFO] - train epoch 1475 loss 0.5709 accuracy 79.69%
[2026-05-04 20:26:55,705][src.modRNN.training.training_loop][INFO] - 	 Starting Epoch: 1476
[2026-05-04 20:26:56,733][src.modRNN.training.training_loop][INFO] - train epoch 1476 loss 0.5945 accuracy 76.56%
[2026-05-04 20:26:58,810][src.modRNN.training.training_loop][INFO] - eval  epoch 1476 loss 0.5910 accuracy 76.76%
[2026-05-04 20:26:58,811][src.modRNN.training.training_loop][INFO] - 	 Starting Epoch: 1477
[2026-05-04 20:26:59,837][src.modRNN.training.training_loop][INFO] - train epoch 1477 loss 0.5549 accuracy 79.69%
[2026-05-04 20:26:59,838][src.modRNN.training.training_loop][INFO] - 	 Starting Epoch: 1478
[2026-05-04 20:27:00,867][src.modRNN.training.training_loop][INFO] - train epoch 1478 loss 0.5713 accuracy 85.94%
[2026-05-04 20:27:00,869][src.modRNN.training.training_loop][INFO] - 	 Starting Epoch: 1479
[2026-05-04 20:27:01,902][src.modRNN.training.training_loop][INFO] - train epoch 1479 loss 0.6021 accuracy 73.44%
[2026-05-04 20:27:01,903][src.modRNN.training.training_loop][INFO] - 	 Starting Epoch: 1480
[2026-05-04 20:27:02,946][src.modRNN.training.training_loop][INFO] - train epoch 1480 loss 0.6015 accuracy 73.44%
[2026-05-04 20:27:02,948][src.modRNN.training.training_loop][INFO] - 	 Starting Epoch: 1481
[2026-05-04 20:27:03,984][src.modRNN.training.training_loop][INFO] - train epoch 1481 loss 0.5888 accuracy 82.81%
[2026-05-04 20:27:03,985][src.modRNN.training.training_loop][INFO] - 	 Starting Epoch: 1482
[2026-05-04 20:27:05,024][src.modRNN.training.training_loop][INFO] - train epoch 1482 loss 0.5661 accuracy 87.50%
[2026-05-04 20:27:05,026][src.modRNN.training.training_loop][INFO] - 	 Starting Epoch: 1483
[2026-05-04 20:27:06,059][src.modRNN.training.training_loop][INFO] - train epoch 1483 loss 0.5880 accuracy 73.44%
[2026-05-04 20:27:06,061][src.modRNN.training.training_loop][INFO] - 	 Starting Epoch: 1484
[2026-05-04 20:27:07,098][src.modRNN.training.training_loop][INFO] - train epoch 1484 loss 0.6063 accuracy 73.44%
[2026-05-04 20:27:07,099][src.modRNN.training.training_loop][INFO] - 	 Starting Epoch: 1485
[2026-05-04 20:27:08,136][src.modRNN.training.training_loop][INFO] - train epoch 1485 loss 0.5352 accuracy 85.94%
[2026-05-04 20:27:08,137][src.modRNN.training.training_loop][INFO] - 	 Starting Epoch: 1486
[2026-05-04 20:27:09,175][src.modRNN.training.training_loop][INFO] - train epoch 1486 loss 0.6336 accuracy 71.88%
[2026-05-04 20:27:09,176][src.modRNN.training.training_loop][INFO] - 	 Starting Epoch: 1487
[2026-05-04 20:27:10,211][src.modRNN.training.training_loop][INFO] - train epoch 1487 loss 0.6205 accuracy 71.88%
[2026-05-04 20:27:10,212][src.modRNN.training.training_loop][INFO] - 	 Starting Epoch: 1488
[2026-05-04 20:27:11,251][src.modRNN.training.training_loop][INFO] - train epoch 1488 loss 0.5734 accuracy 79.69%
[2026-05-04 20:27:11,253][src.modRNN.training.training_loop][INFO] - 	 Starting Epoch: 1489
[2026-05-04 20:27:12,288][src.modRNN.training.training_loop][INFO] - train epoch 1489 loss 0.6071 accuracy 75.00%
[2026-05-04 20:27:12,290][src.modRNN.training.training_loop][INFO] - 	 Starting Epoch: 1490
[2026-05-04 20:27:13,328][src.modRNN.training.training_loop][INFO] - train epoch 1490 loss 0.5805 accuracy 73.44%
[2026-05-04 20:27:13,330][src.modRNN.training.training_loop][INFO] - 	 Starting Epoch: 1491
[2026-05-04 20:27:14,369][src.modRNN.training.training_loop][INFO] - train epoch 1491 loss 0.5936 accuracy 75.00%
[2026-05-04 20:27:14,370][src.modRNN.training.training_loop][INFO] - 	 Starting Epoch: 1492
[2026-05-04 20:27:15,409][src.modRNN.training.training_loop][INFO] - train epoch 1492 loss 0.5817 accuracy 78.12%
[2026-05-04 20:27:15,410][src.modRNN.training.training_loop][INFO] - 	 Starting Epoch: 1493
[2026-05-04 20:27:16,447][src.modRNN.training.training_loop][INFO] - train epoch 1493 loss 0.6200 accuracy 67.19%
[2026-05-04 20:27:16,448][src.modRNN.training.training_loop][INFO] - 	 Starting Epoch: 1494
[2026-05-04 20:27:17,487][src.modRNN.training.training_loop][INFO] - train epoch 1494 loss 0.5696 accuracy 73.44%
[2026-05-04 20:27:17,489][src.modRNN.training.training_loop][INFO] - 	 Starting Epoch: 1495
[2026-05-04 20:27:18,523][src.modRNN.training.training_loop][INFO] - train epoch 1495 loss 0.6288 accuracy 75.00%
[2026-05-04 20:27:18,525][src.modRNN.training.training_loop][INFO] - 	 Starting Epoch: 1496
[2026-05-04 20:27:19,564][src.modRNN.training.training_loop][INFO] - train epoch 1496 loss 0.6075 accuracy 67.19%
[2026-05-04 20:27:19,565][src.modRNN.training.training_loop][INFO] - 	 Starting Epoch: 1497
[2026-05-04 20:27:20,600][src.modRNN.training.training_loop][INFO] - train epoch 1497 loss 0.5938 accuracy 78.12%
[2026-05-04 20:27:20,602][src.modRNN.training.training_loop][INFO] - 	 Starting Epoch: 1498
[2026-05-04 20:27:21,640][src.modRNN.training.training_loop][INFO] - train epoch 1498 loss 0.5869 accuracy 73.44%
[2026-05-04 20:27:21,642][src.modRNN.training.training_loop][INFO] - 	 Starting Epoch: 1499
[2026-05-04 20:27:22,678][src.modRNN.training.training_loop][INFO] - train epoch 1499 loss 0.5424 accuracy 87.50%
[2026-05-04 20:27:22,679][src.modRNN.training.training_loop][INFO] - 	 Starting Epoch: 1500
[2026-05-04 20:27:23,718][src.modRNN.training.training_loop][INFO] - train epoch 1500 loss 0.5535 accuracy 78.12%
[2026-05-04 20:27:23,720][src.modRNN.training.training_loop][INFO] - 	 Starting Epoch: 1501
[2026-05-04 20:27:24,754][src.modRNN.training.training_loop][INFO] - train epoch 1501 loss 0.5655 accuracy 75.00%
[2026-05-04 20:27:26,825][src.modRNN.training.training_loop][INFO] - eval  epoch 1501 loss 0.5975 accuracy 74.02%
[2026-05-04 20:27:26,827][src.modRNN.training.training_loop][INFO] - 	 Starting Epoch: 1502
[2026-05-04 20:27:27,860][src.modRNN.training.training_loop][INFO] - train epoch 1502 loss 0.5640 accuracy 71.88%
[2026-05-04 20:27:27,862][src.modRNN.training.training_loop][INFO] - 	 Starting Epoch: 1503
[2026-05-04 20:27:28,899][src.modRNN.training.training_loop][INFO] - train epoch 1503 loss 0.5900 accuracy 76.56%
[2026-05-04 20:27:28,900][src.modRNN.training.training_loop][INFO] - 	 Starting Epoch: 1504
[2026-05-04 20:27:29,935][src.modRNN.training.training_loop][INFO] - train epoch 1504 loss 0.5698 accuracy 76.56%
[2026-05-04 20:27:29,937][src.modRNN.training.training_loop][INFO] - 	 Starting Epoch: 1505
[2026-05-04 20:27:30,976][src.modRNN.training.training_loop][INFO] - train epoch 1505 loss 0.6070 accuracy 75.00%
[2026-05-04 20:27:30,978][src.modRNN.training.training_loop][INFO] - 	 Starting Epoch: 1506
[2026-05-04 20:27:32,009][src.modRNN.training.training_loop][INFO] - train epoch 1506 loss 0.5926 accuracy 73.44%
[2026-05-04 20:27:32,010][src.modRNN.training.training_loop][INFO] - 	 Starting Epoch: 1507
[2026-05-04 20:27:33,041][src.modRNN.training.training_loop][INFO] - train epoch 1507 loss 0.5769 accuracy 70.31%
[2026-05-04 20:27:33,042][src.modRNN.training.training_loop][INFO] - 	 Starting Epoch: 1508
[2026-05-04 20:27:34,069][src.modRNN.training.training_loop][INFO] - train epoch 1508 loss 0.6451 accuracy 70.31%
[2026-05-04 20:27:34,071][src.modRNN.training.training_loop][INFO] - 	 Starting Epoch: 1509
[2026-05-04 20:27:35,105][src.modRNN.training.training_loop][INFO] - train epoch 1509 loss 0.5761 accuracy 76.56%
[2026-05-04 20:27:35,107][src.modRNN.training.training_loop][INFO] - 	 Starting Epoch: 1510
[2026-05-04 20:27:36,135][src.modRNN.training.training_loop][INFO] - train epoch 1510 loss 0.5821 accuracy 84.38%
[2026-05-04 20:27:36,136][src.modRNN.training.training_loop][INFO] - 	 Starting Epoch: 1511
[2026-05-04 20:27:37,168][src.modRNN.training.training_loop][INFO] - train epoch 1511 loss 0.5885 accuracy 76.56%
[2026-05-04 20:27:37,169][src.modRNN.training.training_loop][INFO] - 	 Starting Epoch: 1512
[2026-05-04 20:27:38,198][src.modRNN.training.training_loop][INFO] - train epoch 1512 loss 0.5899 accuracy 76.56%
[2026-05-04 20:27:38,199][src.modRNN.training.training_loop][INFO] - 	 Starting Epoch: 1513
[2026-05-04 20:27:39,230][src.modRNN.training.training_loop][INFO] - train epoch 1513 loss 0.6145 accuracy 68.75%
[2026-05-04 20:27:39,232][src.modRNN.training.training_loop][INFO] - 	 Starting Epoch: 1514
[2026-05-04 20:27:40,259][src.modRNN.training.training_loop][INFO] - train epoch 1514 loss 0.5921 accuracy 78.12%
[2026-05-04 20:27:40,260][src.modRNN.training.training_loop][INFO] - 	 Starting Epoch: 1515
[2026-05-04 20:27:41,291][src.modRNN.training.training_loop][INFO] - train epoch 1515 loss 0.5907 accuracy 76.56%
[2026-05-04 20:27:41,292][src.modRNN.training.training_loop][INFO] - 	 Starting Epoch: 1516
[2026-05-04 20:27:42,338][src.modRNN.training.training_loop][INFO] - train epoch 1516 loss 0.5720 accuracy 79.69%
[2026-05-04 20:27:42,342][src.modRNN.training.training_loop][INFO] - 	 Starting Epoch: 1517
[2026-05-04 20:27:43,436][src.modRNN.training.training_loop][INFO] - train epoch 1517 loss 0.5863 accuracy 75.00%
[2026-05-04 20:27:43,437][src.modRNN.training.training_loop][INFO] - 	 Starting Epoch: 1518
[2026-05-04 20:27:44,467][src.modRNN.training.training_loop][INFO] - train epoch 1518 loss 0.5822 accuracy 79.69%
[2026-05-04 20:27:44,468][src.modRNN.training.training_loop][INFO] - 	 Starting Epoch: 1519
[2026-05-04 20:27:45,499][src.modRNN.training.training_loop][INFO] - train epoch 1519 loss 0.5860 accuracy 73.44%
[2026-05-04 20:27:45,501][src.modRNN.training.training_loop][INFO] - 	 Starting Epoch: 1520
[2026-05-04 20:27:46,526][src.modRNN.training.training_loop][INFO] - train epoch 1520 loss 0.5906 accuracy 79.69%
[2026-05-04 20:27:46,527][src.modRNN.training.training_loop][INFO] - 	 Starting Epoch: 1521
[2026-05-04 20:27:47,558][src.modRNN.training.training_loop][INFO] - train epoch 1521 loss 0.6240 accuracy 71.88%
[2026-05-04 20:27:47,560][src.modRNN.training.training_loop][INFO] - 	 Starting Epoch: 1522
[2026-05-04 20:27:48,589][src.modRNN.training.training_loop][INFO] - train epoch 1522 loss 0.5856 accuracy 78.12%
[2026-05-04 20:27:48,590][src.modRNN.training.training_loop][INFO] - 	 Starting Epoch: 1523
[2026-05-04 20:27:49,625][src.modRNN.training.training_loop][INFO] - train epoch 1523 loss 0.5982 accuracy 76.56%
[2026-05-04 20:27:49,626][src.modRNN.training.training_loop][INFO] - 	 Starting Epoch: 1524
[2026-05-04 20:27:50,656][src.modRNN.training.training_loop][INFO] - train epoch 1524 loss 0.5733 accuracy 82.81%
[2026-05-04 20:27:50,658][src.modRNN.training.training_loop][INFO] - 	 Starting Epoch: 1525
[2026-05-04 20:27:51,689][src.modRNN.training.training_loop][INFO] - train epoch 1525 loss 0.5785 accuracy 76.56%
[2026-05-04 20:27:51,691][src.modRNN.training.training_loop][INFO] - 	 Starting Epoch: 1526
[2026-05-04 20:27:52,717][src.modRNN.training.training_loop][INFO] - train epoch 1526 loss 0.5933 accuracy 75.00%
[2026-05-04 20:27:54,789][src.modRNN.training.training_loop][INFO] - eval  epoch 1526 loss 0.6160 accuracy 70.70%
[2026-05-04 20:27:54,791][src.modRNN.training.training_loop][INFO] - 	 Starting Epoch: 1527
[2026-05-04 20:27:55,819][src.modRNN.training.training_loop][INFO] - train epoch 1527 loss 0.6409 accuracy 67.19%
[2026-05-04 20:27:55,820][src.modRNN.training.training_loop][INFO] - 	 Starting Epoch: 1528
[2026-05-04 20:27:56,852][src.modRNN.training.training_loop][INFO] - train epoch 1528 loss 0.6137 accuracy 75.00%
[2026-05-04 20:27:56,853][src.modRNN.training.training_loop][INFO] - 	 Starting Epoch: 1529
[2026-05-04 20:27:57,884][src.modRNN.training.training_loop][INFO] - train epoch 1529 loss 0.6305 accuracy 64.06%
[2026-05-04 20:27:57,886][src.modRNN.training.training_loop][INFO] - 	 Starting Epoch: 1530
[2026-05-04 20:27:58,919][src.modRNN.training.training_loop][INFO] - train epoch 1530 loss 0.6267 accuracy 62.50%
[2026-05-04 20:27:58,920][src.modRNN.training.training_loop][INFO] - 	 Starting Epoch: 1531
[2026-05-04 20:27:59,948][src.modRNN.training.training_loop][INFO] - train epoch 1531 loss 0.6002 accuracy 73.44%
[2026-05-04 20:27:59,949][src.modRNN.training.training_loop][INFO] - 	 Starting Epoch: 1532
[2026-05-04 20:28:00,982][src.modRNN.training.training_loop][INFO] - train epoch 1532 loss 0.6077 accuracy 71.88%
[2026-05-04 20:28:00,984][src.modRNN.training.training_loop][INFO] - 	 Starting Epoch: 1533
[2026-05-04 20:28:02,024][src.modRNN.training.training_loop][INFO] - train epoch 1533 loss 0.5375 accuracy 84.38%
[2026-05-04 20:28:02,026][src.modRNN.training.training_loop][INFO] - 	 Starting Epoch: 1534
[2026-05-04 20:28:03,067][src.modRNN.training.training_loop][INFO] - train epoch 1534 loss 0.5564 accuracy 84.38%
[2026-05-04 20:28:03,068][src.modRNN.training.training_loop][INFO] - 	 Starting Epoch: 1535
[2026-05-04 20:28:04,106][src.modRNN.training.training_loop][INFO] - train epoch 1535 loss 0.5630 accuracy 82.81%
[2026-05-04 20:28:04,107][src.modRNN.training.training_loop][INFO] - 	 Starting Epoch: 1536
[2026-05-04 20:28:05,147][src.modRNN.training.training_loop][INFO] - train epoch 1536 loss 0.6325 accuracy 68.75%
[2026-05-04 20:28:05,149][src.modRNN.training.training_loop][INFO] - 	 Starting Epoch: 1537
[2026-05-04 20:28:06,185][src.modRNN.training.training_loop][INFO] - train epoch 1537 loss 0.5946 accuracy 76.56%
[2026-05-04 20:28:06,186][src.modRNN.training.training_loop][INFO] - 	 Starting Epoch: 1538
[2026-05-04 20:28:07,226][src.modRNN.training.training_loop][INFO] - train epoch 1538 loss 0.5897 accuracy 75.00%
[2026-05-04 20:28:07,228][src.modRNN.training.training_loop][INFO] - 	 Starting Epoch: 1539
[2026-05-04 20:28:08,260][src.modRNN.training.training_loop][INFO] - train epoch 1539 loss 0.5546 accuracy 84.38%
[2026-05-04 20:28:08,262][src.modRNN.training.training_loop][INFO] - 	 Starting Epoch: 1540
[2026-05-04 20:28:09,299][src.modRNN.training.training_loop][INFO] - train epoch 1540 loss 0.5900 accuracy 68.75%
[2026-05-04 20:28:09,300][src.modRNN.training.training_loop][INFO] - 	 Starting Epoch: 1541
[2026-05-04 20:28:10,337][src.modRNN.training.training_loop][INFO] - train epoch 1541 loss 0.5807 accuracy 82.81%
[2026-05-04 20:28:10,338][src.modRNN.training.training_loop][INFO] - 	 Starting Epoch: 1542
[2026-05-04 20:28:11,378][src.modRNN.training.training_loop][INFO] - train epoch 1542 loss 0.5417 accuracy 82.81%
[2026-05-04 20:28:11,379][src.modRNN.training.training_loop][INFO] - 	 Starting Epoch: 1543
[2026-05-04 20:28:12,415][src.modRNN.training.training_loop][INFO] - train epoch 1543 loss 0.5869 accuracy 71.88%
[2026-05-04 20:28:12,416][src.modRNN.training.training_loop][INFO] - 	 Starting Epoch: 1544
[2026-05-04 20:28:13,458][src.modRNN.training.training_loop][INFO] - train epoch 1544 loss 0.5734 accuracy 78.12%
[2026-05-04 20:28:13,460][src.modRNN.training.training_loop][INFO] - 	 Starting Epoch: 1545
[2026-05-04 20:28:14,493][src.modRNN.training.training_loop][INFO] - train epoch 1545 loss 0.6445 accuracy 64.06%
[2026-05-04 20:28:14,494][src.modRNN.training.training_loop][INFO] - 	 Starting Epoch: 1546
[2026-05-04 20:28:15,532][src.modRNN.training.training_loop][INFO] - train epoch 1546 loss 0.6124 accuracy 75.00%
[2026-05-04 20:28:15,533][src.modRNN.training.training_loop][INFO] - 	 Starting Epoch: 1547
[2026-05-04 20:28:16,570][src.modRNN.training.training_loop][INFO] - train epoch 1547 loss 0.5584 accuracy 76.56%
[2026-05-04 20:28:16,571][src.modRNN.training.training_loop][INFO] - 	 Starting Epoch: 1548
[2026-05-04 20:28:17,609][src.modRNN.training.training_loop][INFO] - train epoch 1548 loss 0.5716 accuracy 84.38%
[2026-05-04 20:28:17,610][src.modRNN.training.training_loop][INFO] - 	 Starting Epoch: 1549
[2026-05-04 20:28:18,648][src.modRNN.training.training_loop][INFO] - train epoch 1549 loss 0.5719 accuracy 84.38%
[2026-05-04 20:28:18,650][src.modRNN.training.training_loop][INFO] - 	 Starting Epoch: 1550
[2026-05-04 20:28:19,689][src.modRNN.training.training_loop][INFO] - train epoch 1550 loss 0.6142 accuracy 73.44%
[2026-05-04 20:28:19,691][src.modRNN.training.training_loop][INFO] - 	 Starting Epoch: 1551
[2026-05-04 20:28:20,723][src.modRNN.training.training_loop][INFO] - train epoch 1551 loss 0.5959 accuracy 78.12%
[2026-05-04 20:28:22,801][src.modRNN.training.training_loop][INFO] - eval  epoch 1551 loss 0.5992 accuracy 75.20%
[2026-05-04 20:28:22,802][src.modRNN.training.training_loop][INFO] - 	 Starting Epoch: 1552
[2026-05-04 20:28:23,837][src.modRNN.training.training_loop][INFO] - train epoch 1552 loss 0.5435 accuracy 87.50%
[2026-05-04 20:28:23,839][src.modRNN.training.training_loop][INFO] - 	 Starting Epoch: 1553
[2026-05-04 20:28:24,878][src.modRNN.training.training_loop][INFO] - train epoch 1553 loss 0.6066 accuracy 73.44%
[2026-05-04 20:28:24,880][src.modRNN.training.training_loop][INFO] - 	 Starting Epoch: 1554
[2026-05-04 20:28:25,917][src.modRNN.training.training_loop][INFO] - train epoch 1554 loss 0.5826 accuracy 78.12%
[2026-05-04 20:28:25,918][src.modRNN.training.training_loop][INFO] - 	 Starting Epoch: 1555
[2026-05-04 20:28:26,957][src.modRNN.training.training_loop][INFO] - train epoch 1555 loss 0.5845 accuracy 78.12%
[2026-05-04 20:28:26,959][src.modRNN.training.training_loop][INFO] - 	 Starting Epoch: 1556
[2026-05-04 20:28:27,996][src.modRNN.training.training_loop][INFO] - train epoch 1556 loss 0.5620 accuracy 87.50%
[2026-05-04 20:28:27,997][src.modRNN.training.training_loop][INFO] - 	 Starting Epoch: 1557
[2026-05-04 20:28:29,037][src.modRNN.training.training_loop][INFO] - train epoch 1557 loss 0.5694 accuracy 78.12%
[2026-05-04 20:28:29,039][src.modRNN.training.training_loop][INFO] - 	 Starting Epoch: 1558
[2026-05-04 20:28:30,071][src.modRNN.training.training_loop][INFO] - train epoch 1558 loss 0.6097 accuracy 68.75%
[2026-05-04 20:28:30,073][src.modRNN.training.training_loop][INFO] - 	 Starting Epoch: 1559
[2026-05-04 20:28:31,111][src.modRNN.training.training_loop][INFO] - train epoch 1559 loss 0.5918 accuracy 79.69%
[2026-05-04 20:28:31,112][src.modRNN.training.training_loop][INFO] - 	 Starting Epoch: 1560
[2026-05-04 20:28:32,143][src.modRNN.training.training_loop][INFO] - train epoch 1560 loss 0.5931 accuracy 78.12%
[2026-05-04 20:28:32,145][src.modRNN.training.training_loop][INFO] - 	 Starting Epoch: 1561
[2026-05-04 20:28:33,176][src.modRNN.training.training_loop][INFO] - train epoch 1561 loss 0.6402 accuracy 65.62%
[2026-05-04 20:28:33,177][src.modRNN.training.training_loop][INFO] - 	 Starting Epoch: 1562
[2026-05-04 20:28:34,205][src.modRNN.training.training_loop][INFO] - train epoch 1562 loss 0.6021 accuracy 71.88%
[2026-05-04 20:28:34,207][src.modRNN.training.training_loop][INFO] - 	 Starting Epoch: 1563
[2026-05-04 20:28:35,235][src.modRNN.training.training_loop][INFO] - train epoch 1563 loss 0.6396 accuracy 67.19%
[2026-05-04 20:28:35,237][src.modRNN.training.training_loop][INFO] - 	 Starting Epoch: 1564
[2026-05-04 20:28:36,261][src.modRNN.training.training_loop][INFO] - train epoch 1564 loss 0.6076 accuracy 60.94%
[2026-05-04 20:28:36,262][src.modRNN.training.training_loop][INFO] - 	 Starting Epoch: 1565
[2026-05-04 20:28:37,293][src.modRNN.training.training_loop][INFO] - train epoch 1565 loss 0.6311 accuracy 70.31%
[2026-05-04 20:28:37,295][src.modRNN.training.training_loop][INFO] - 	 Starting Epoch: 1566
[2026-05-04 20:28:38,322][src.modRNN.training.training_loop][INFO] - train epoch 1566 loss 0.5786 accuracy 79.69%
[2026-05-04 20:28:38,323][src.modRNN.training.training_loop][INFO] - 	 Starting Epoch: 1567
[2026-05-04 20:28:39,353][src.modRNN.training.training_loop][INFO] - train epoch 1567 loss 0.5636 accuracy 78.12%
[2026-05-04 20:28:39,354][src.modRNN.training.training_loop][INFO] - 	 Starting Epoch: 1568
[2026-05-04 20:28:40,383][src.modRNN.training.training_loop][INFO] - train epoch 1568 loss 0.5995 accuracy 68.75%
[2026-05-04 20:28:40,384][src.modRNN.training.training_loop][INFO] - 	 Starting Epoch: 1569
[2026-05-04 20:28:41,415][src.modRNN.training.training_loop][INFO] - train epoch 1569 loss 0.5814 accuracy 76.56%
[2026-05-04 20:28:41,416][src.modRNN.training.training_loop][INFO] - 	 Starting Epoch: 1570
[2026-05-04 20:28:42,467][src.modRNN.training.training_loop][INFO] - train epoch 1570 loss 0.5950 accuracy 76.56%
[2026-05-04 20:28:42,469][src.modRNN.training.training_loop][INFO] - 	 Starting Epoch: 1571
[2026-05-04 20:28:43,543][src.modRNN.training.training_loop][INFO] - train epoch 1571 loss 0.6353 accuracy 68.75%
[2026-05-04 20:28:43,544][src.modRNN.training.training_loop][INFO] - 	 Starting Epoch: 1572
[2026-05-04 20:28:44,574][src.modRNN.training.training_loop][INFO] - train epoch 1572 loss 0.5548 accuracy 82.81%
[2026-05-04 20:28:44,575][src.modRNN.training.training_loop][INFO] - 	 Starting Epoch: 1573
[2026-05-04 20:28:45,605][src.modRNN.training.training_loop][INFO] - train epoch 1573 loss 0.5753 accuracy 79.69%
[2026-05-04 20:28:45,606][src.modRNN.training.training_loop][INFO] - 	 Starting Epoch: 1574
[2026-05-04 20:28:46,633][src.modRNN.training.training_loop][INFO] - train epoch 1574 loss 0.5939 accuracy 75.00%
[2026-05-04 20:28:46,634][src.modRNN.training.training_loop][INFO] - 	 Starting Epoch: 1575
[2026-05-04 20:28:47,664][src.modRNN.training.training_loop][INFO] - train epoch 1575 loss 0.6337 accuracy 70.31%
[2026-05-04 20:28:47,666][src.modRNN.training.training_loop][INFO] - 	 Starting Epoch: 1576
[2026-05-04 20:28:48,692][src.modRNN.training.training_loop][INFO] - train epoch 1576 loss 0.6055 accuracy 70.31%
[2026-05-04 20:28:50,767][src.modRNN.training.training_loop][INFO] - eval  epoch 1576 loss 0.5865 accuracy 74.61%
[2026-05-04 20:28:50,769][src.modRNN.training.training_loop][INFO] - 	 Starting Epoch: 1577
[2026-05-04 20:28:51,795][src.modRNN.training.training_loop][INFO] - train epoch 1577 loss 0.5647 accuracy 73.44%
[2026-05-04 20:28:51,797][src.modRNN.training.training_loop][INFO] - 	 Starting Epoch: 1578
[2026-05-04 20:28:52,826][src.modRNN.training.training_loop][INFO] - train epoch 1578 loss 0.6050 accuracy 70.31%
[2026-05-04 20:28:52,827][src.modRNN.training.training_loop][INFO] - 	 Starting Epoch: 1579
[2026-05-04 20:28:53,856][src.modRNN.training.training_loop][INFO] - train epoch 1579 loss 0.5759 accuracy 78.12%
[2026-05-04 20:28:53,858][src.modRNN.training.training_loop][INFO] - 	 Starting Epoch: 1580
[2026-05-04 20:28:54,890][src.modRNN.training.training_loop][INFO] - train epoch 1580 loss 0.5513 accuracy 81.25%
[2026-05-04 20:28:54,891][src.modRNN.training.training_loop][INFO] - 	 Starting Epoch: 1581
[2026-05-04 20:28:55,919][src.modRNN.training.training_loop][INFO] - train epoch 1581 loss 0.6269 accuracy 65.62%
[2026-05-04 20:28:55,921][src.modRNN.training.training_loop][INFO] - 	 Starting Epoch: 1582
[2026-05-04 20:28:56,951][src.modRNN.training.training_loop][INFO] - train epoch 1582 loss 0.5632 accuracy 81.25%
[2026-05-04 20:28:56,953][src.modRNN.training.training_loop][INFO] - 	 Starting Epoch: 1583
[2026-05-04 20:28:57,977][src.modRNN.training.training_loop][INFO] - train epoch 1583 loss 0.5757 accuracy 81.25%
[2026-05-04 20:28:57,978][src.modRNN.training.training_loop][INFO] - 	 Starting Epoch: 1584
[2026-05-04 20:28:59,008][src.modRNN.training.training_loop][INFO] - train epoch 1584 loss 0.5358 accuracy 82.81%
[2026-05-04 20:28:59,009][src.modRNN.training.training_loop][INFO] - 	 Starting Epoch: 1585
[2026-05-04 20:29:00,038][src.modRNN.training.training_loop][INFO] - train epoch 1585 loss 0.5710 accuracy 78.12%
[2026-05-04 20:29:00,040][src.modRNN.training.training_loop][INFO] - 	 Starting Epoch: 1586
[2026-05-04 20:29:01,073][src.modRNN.training.training_loop][INFO] - train epoch 1586 loss 0.5879 accuracy 78.12%
[2026-05-04 20:29:01,074][src.modRNN.training.training_loop][INFO] - 	 Starting Epoch: 1587
[2026-05-04 20:29:02,111][src.modRNN.training.training_loop][INFO] - train epoch 1587 loss 0.5609 accuracy 82.81%
[2026-05-04 20:29:02,112][src.modRNN.training.training_loop][INFO] - 	 Starting Epoch: 1588
[2026-05-04 20:29:03,153][src.modRNN.training.training_loop][INFO] - train epoch 1588 loss 0.5440 accuracy 85.94%
[2026-05-04 20:29:03,155][src.modRNN.training.training_loop][INFO] - 	 Starting Epoch: 1589
[2026-05-04 20:29:04,188][src.modRNN.training.training_loop][INFO] - train epoch 1589 loss 0.6239 accuracy 68.75%
[2026-05-04 20:29:04,190][src.modRNN.training.training_loop][INFO] - 	 Starting Epoch: 1590
[2026-05-04 20:29:05,229][src.modRNN.training.training_loop][INFO] - train epoch 1590 loss 0.6428 accuracy 62.50%
[2026-05-04 20:29:05,230][src.modRNN.training.training_loop][INFO] - 	 Starting Epoch: 1591
[2026-05-04 20:29:06,268][src.modRNN.training.training_loop][INFO] - train epoch 1591 loss 0.6065 accuracy 71.88%
[2026-05-04 20:29:06,269][src.modRNN.training.training_loop][INFO] - 	 Starting Epoch: 1592
[2026-05-04 20:29:07,309][src.modRNN.training.training_loop][INFO] - train epoch 1592 loss 0.5915 accuracy 73.44%
[2026-05-04 20:29:07,310][src.modRNN.training.training_loop][INFO] - 	 Starting Epoch: 1593
[2026-05-04 20:29:08,348][src.modRNN.training.training_loop][INFO] - train epoch 1593 loss 0.6150 accuracy 73.44%
[2026-05-04 20:29:08,349][src.modRNN.training.training_loop][INFO] - 	 Starting Epoch: 1594
[2026-05-04 20:29:09,386][src.modRNN.training.training_loop][INFO] - train epoch 1594 loss 0.5830 accuracy 75.00%
[2026-05-04 20:29:09,388][src.modRNN.training.training_loop][INFO] - 	 Starting Epoch: 1595
[2026-05-04 20:29:10,424][src.modRNN.training.training_loop][INFO] - train epoch 1595 loss 0.5929 accuracy 75.00%
[2026-05-04 20:29:10,426][src.modRNN.training.training_loop][INFO] - 	 Starting Epoch: 1596
[2026-05-04 20:29:11,465][src.modRNN.training.training_loop][INFO] - train epoch 1596 loss 0.5982 accuracy 71.88%
[2026-05-04 20:29:11,466][src.modRNN.training.training_loop][INFO] - 	 Starting Epoch: 1597
[2026-05-04 20:29:12,502][src.modRNN.training.training_loop][INFO] - train epoch 1597 loss 0.6163 accuracy 73.44%
[2026-05-04 20:29:12,504][src.modRNN.training.training_loop][INFO] - 	 Starting Epoch: 1598
[2026-05-04 20:29:13,544][src.modRNN.training.training_loop][INFO] - train epoch 1598 loss 0.5747 accuracy 75.00%
[2026-05-04 20:29:13,546][src.modRNN.training.training_loop][INFO] - 	 Starting Epoch: 1599
[2026-05-04 20:29:14,582][src.modRNN.training.training_loop][INFO] - train epoch 1599 loss 0.6101 accuracy 73.44%
[2026-05-04 20:29:14,583][src.modRNN.training.training_loop][INFO] - 	 Starting Epoch: 1600
[2026-05-04 20:29:15,621][src.modRNN.training.training_loop][INFO] - train epoch 1600 loss 0.5942 accuracy 73.44%
[2026-05-04 20:29:15,623][src.modRNN.training.training_loop][INFO] - 	 Starting Epoch: 1601
[2026-05-04 20:29:16,657][src.modRNN.training.training_loop][INFO] - train epoch 1601 loss 0.5455 accuracy 89.06%
[2026-05-04 20:29:18,730][src.modRNN.training.training_loop][INFO] - eval  epoch 1601 loss 0.5913 accuracy 74.80%
[2026-05-04 20:29:18,732][src.modRNN.training.training_loop][INFO] - 	 Starting Epoch: 1602
[2026-05-04 20:29:19,765][src.modRNN.training.training_loop][INFO] - train epoch 1602 loss 0.6141 accuracy 71.88%
[2026-05-04 20:29:19,767][src.modRNN.training.training_loop][INFO] - 	 Starting Epoch: 1603
[2026-05-04 20:29:20,805][src.modRNN.training.training_loop][INFO] - train epoch 1603 loss 0.5938 accuracy 75.00%
[2026-05-04 20:29:20,806][src.modRNN.training.training_loop][INFO] - 	 Starting Epoch: 1604
[2026-05-04 20:29:21,842][src.modRNN.training.training_loop][INFO] - train epoch 1604 loss 0.6288 accuracy 67.19%
[2026-05-04 20:29:21,843][src.modRNN.training.training_loop][INFO] - 	 Starting Epoch: 1605
[2026-05-04 20:29:22,881][src.modRNN.training.training_loop][INFO] - train epoch 1605 loss 0.6154 accuracy 73.44%
[2026-05-04 20:29:22,882][src.modRNN.training.training_loop][INFO] - 	 Starting Epoch: 1606
[2026-05-04 20:29:23,917][src.modRNN.training.training_loop][INFO] - train epoch 1606 loss 0.5828 accuracy 76.56%
[2026-05-04 20:29:23,919][src.modRNN.training.training_loop][INFO] - 	 Starting Epoch: 1607
[2026-05-04 20:29:24,959][src.modRNN.training.training_loop][INFO] - train epoch 1607 loss 0.5769 accuracy 81.25%
[2026-05-04 20:29:24,961][src.modRNN.training.training_loop][INFO] - 	 Starting Epoch: 1608
[2026-05-04 20:29:25,994][src.modRNN.training.training_loop][INFO] - train epoch 1608 loss 0.5662 accuracy 73.44%
[2026-05-04 20:29:25,995][src.modRNN.training.training_loop][INFO] - 	 Starting Epoch: 1609
[2026-05-04 20:29:27,032][src.modRNN.training.training_loop][INFO] - train epoch 1609 loss 0.5234 accuracy 85.94%
[2026-05-04 20:29:27,033][src.modRNN.training.training_loop][INFO] - 	 Starting Epoch: 1610
[2026-05-04 20:29:28,069][src.modRNN.training.training_loop][INFO] - train epoch 1610 loss 0.5511 accuracy 79.69%
[2026-05-04 20:29:28,071][src.modRNN.training.training_loop][INFO] - 	 Starting Epoch: 1611
[2026-05-04 20:29:29,108][src.modRNN.training.training_loop][INFO] - train epoch 1611 loss 0.5873 accuracy 81.25%
[2026-05-04 20:29:29,110][src.modRNN.training.training_loop][INFO] - 	 Starting Epoch: 1612
[2026-05-04 20:29:30,146][src.modRNN.training.training_loop][INFO] - train epoch 1612 loss 0.5510 accuracy 78.12%
[2026-05-04 20:29:30,148][src.modRNN.training.training_loop][INFO] - 	 Starting Epoch: 1613
[2026-05-04 20:29:31,189][src.modRNN.training.training_loop][INFO] - train epoch 1613 loss 0.5566 accuracy 85.94%
[2026-05-04 20:29:31,191][src.modRNN.training.training_loop][INFO] - 	 Starting Epoch: 1614
[2026-05-04 20:29:32,216][src.modRNN.training.training_loop][INFO] - train epoch 1614 loss 0.5936 accuracy 79.69%
[2026-05-04 20:29:32,218][src.modRNN.training.training_loop][INFO] - 	 Starting Epoch: 1615
[2026-05-04 20:29:33,246][src.modRNN.training.training_loop][INFO] - train epoch 1615 loss 0.5939 accuracy 78.12%
[2026-05-04 20:29:33,247][src.modRNN.training.training_loop][INFO] - 	 Starting Epoch: 1616
[2026-05-04 20:29:34,276][src.modRNN.training.training_loop][INFO] - train epoch 1616 loss 0.5543 accuracy 81.25%
[2026-05-04 20:29:34,277][src.modRNN.training.training_loop][INFO] - 	 Starting Epoch: 1617
[2026-05-04 20:29:35,305][src.modRNN.training.training_loop][INFO] - train epoch 1617 loss 0.5846 accuracy 75.00%
[2026-05-04 20:29:35,307][src.modRNN.training.training_loop][INFO] - 	 Starting Epoch: 1618
[2026-05-04 20:29:36,333][src.modRNN.training.training_loop][INFO] - train epoch 1618 loss 0.5850 accuracy 79.69%
[2026-05-04 20:29:36,334][src.modRNN.training.training_loop][INFO] - 	 Starting Epoch: 1619
[2026-05-04 20:29:37,364][src.modRNN.training.training_loop][INFO] - train epoch 1619 loss 0.5797 accuracy 81.25%
[2026-05-04 20:29:37,366][src.modRNN.training.training_loop][INFO] - 	 Starting Epoch: 1620
[2026-05-04 20:29:38,392][src.modRNN.training.training_loop][INFO] - train epoch 1620 loss 0.6258 accuracy 67.19%
[2026-05-04 20:29:38,394][src.modRNN.training.training_loop][INFO] - 	 Starting Epoch: 1621
[2026-05-04 20:29:39,422][src.modRNN.training.training_loop][INFO] - train epoch 1621 loss 0.6009 accuracy 76.56%
[2026-05-04 20:29:39,423][src.modRNN.training.training_loop][INFO] - 	 Starting Epoch: 1622
[2026-05-04 20:29:40,451][src.modRNN.training.training_loop][INFO] - train epoch 1622 loss 0.5557 accuracy 78.12%
[2026-05-04 20:29:40,452][src.modRNN.training.training_loop][INFO] - 	 Starting Epoch: 1623
[2026-05-04 20:29:41,485][src.modRNN.training.training_loop][INFO] - train epoch 1623 loss 0.5522 accuracy 84.38%
[2026-05-04 20:29:41,486][src.modRNN.training.training_loop][INFO] - 	 Starting Epoch: 1624
[2026-05-04 20:29:42,546][src.modRNN.training.training_loop][INFO] - train epoch 1624 loss 0.6235 accuracy 70.31%
[2026-05-04 20:29:42,548][src.modRNN.training.training_loop][INFO] - 	 Starting Epoch: 1625
[2026-05-04 20:29:43,634][src.modRNN.training.training_loop][INFO] - train epoch 1625 loss 0.5858 accuracy 71.88%
[2026-05-04 20:29:43,636][src.modRNN.training.training_loop][INFO] - 	 Starting Epoch: 1626
[2026-05-04 20:29:44,667][src.modRNN.training.training_loop][INFO] - train epoch 1626 loss 0.5717 accuracy 82.81%
[2026-05-04 20:29:46,741][src.modRNN.training.training_loop][INFO] - eval  epoch 1626 loss 0.5876 accuracy 74.61%
[2026-05-04 20:29:46,743][src.modRNN.training.training_loop][INFO] - 	 Starting Epoch: 1627
[2026-05-04 20:29:47,770][src.modRNN.training.training_loop][INFO] - train epoch 1627 loss 0.5928 accuracy 76.56%
[2026-05-04 20:29:47,772][src.modRNN.training.training_loop][INFO] - 	 Starting Epoch: 1628
[2026-05-04 20:29:48,803][src.modRNN.training.training_loop][INFO] - train epoch 1628 loss 0.5722 accuracy 84.38%
[2026-05-04 20:29:48,805][src.modRNN.training.training_loop][INFO] - 	 Starting Epoch: 1629
[2026-05-04 20:29:49,834][src.modRNN.training.training_loop][INFO] - train epoch 1629 loss 0.5715 accuracy 73.44%
[2026-05-04 20:29:49,835][src.modRNN.training.training_loop][INFO] - 	 Starting Epoch: 1630
[2026-05-04 20:29:50,867][src.modRNN.training.training_loop][INFO] - train epoch 1630 loss 0.5909 accuracy 79.69%
[2026-05-04 20:29:50,868][src.modRNN.training.training_loop][INFO] - 	 Starting Epoch: 1631
[2026-05-04 20:29:51,897][src.modRNN.training.training_loop][INFO] - train epoch 1631 loss 0.5410 accuracy 78.12%
[2026-05-04 20:29:51,898][src.modRNN.training.training_loop][INFO] - 	 Starting Epoch: 1632
[2026-05-04 20:29:52,929][src.modRNN.training.training_loop][INFO] - train epoch 1632 loss 0.6660 accuracy 65.62%
[2026-05-04 20:29:52,930][src.modRNN.training.training_loop][INFO] - 	 Starting Epoch: 1633
[2026-05-04 20:29:53,955][src.modRNN.training.training_loop][INFO] - train epoch 1633 loss 0.5936 accuracy 70.31%
[2026-05-04 20:29:53,957][src.modRNN.training.training_loop][INFO] - 	 Starting Epoch: 1634
[2026-05-04 20:29:54,986][src.modRNN.training.training_loop][INFO] - train epoch 1634 loss 0.6259 accuracy 65.62%
[2026-05-04 20:29:54,987][src.modRNN.training.training_loop][INFO] - 	 Starting Epoch: 1635
[2026-05-04 20:29:56,016][src.modRNN.training.training_loop][INFO] - train epoch 1635 loss 0.5726 accuracy 81.25%
[2026-05-04 20:29:56,017][src.modRNN.training.training_loop][INFO] - 	 Starting Epoch: 1636
[2026-05-04 20:29:57,048][src.modRNN.training.training_loop][INFO] - train epoch 1636 loss 0.5840 accuracy 75.00%
[2026-05-04 20:29:57,049][src.modRNN.training.training_loop][INFO] - 	 Starting Epoch: 1637
[2026-05-04 20:29:58,078][src.modRNN.training.training_loop][INFO] - train epoch 1637 loss 0.5558 accuracy 81.25%
[2026-05-04 20:29:58,079][src.modRNN.training.training_loop][INFO] - 	 Starting Epoch: 1638
[2026-05-04 20:29:59,111][src.modRNN.training.training_loop][INFO] - train epoch 1638 loss 0.5560 accuracy 82.81%
[2026-05-04 20:29:59,112][src.modRNN.training.training_loop][INFO] - 	 Starting Epoch: 1639
[2026-05-04 20:30:00,140][src.modRNN.training.training_loop][INFO] - train epoch 1639 loss 0.6040 accuracy 75.00%
[2026-05-04 20:30:00,141][src.modRNN.training.training_loop][INFO] - 	 Starting Epoch: 1640
[2026-05-04 20:30:01,172][src.modRNN.training.training_loop][INFO] - train epoch 1640 loss 0.5276 accuracy 82.81%
[2026-05-04 20:30:01,174][src.modRNN.training.training_loop][INFO] - 	 Starting Epoch: 1641
[2026-05-04 20:30:02,206][src.modRNN.training.training_loop][INFO] - train epoch 1641 loss 0.5663 accuracy 79.69%
[2026-05-04 20:30:02,207][src.modRNN.training.training_loop][INFO] - 	 Starting Epoch: 1642
[2026-05-04 20:30:03,248][src.modRNN.training.training_loop][INFO] - train epoch 1642 loss 0.5620 accuracy 75.00%
[2026-05-04 20:30:03,249][src.modRNN.training.training_loop][INFO] - 	 Starting Epoch: 1643
[2026-05-04 20:30:04,287][src.modRNN.training.training_loop][INFO] - train epoch 1643 loss 0.6020 accuracy 71.88%
[2026-05-04 20:30:04,288][src.modRNN.training.training_loop][INFO] - 	 Starting Epoch: 1644
[2026-05-04 20:30:05,329][src.modRNN.training.training_loop][INFO] - train epoch 1644 loss 0.5974 accuracy 75.00%
[2026-05-04 20:30:05,330][src.modRNN.training.training_loop][INFO] - 	 Starting Epoch: 1645
[2026-05-04 20:30:06,366][src.modRNN.training.training_loop][INFO] - train epoch 1645 loss 0.5710 accuracy 73.44%
[2026-05-04 20:30:06,368][src.modRNN.training.training_loop][INFO] - 	 Starting Epoch: 1646
[2026-05-04 20:30:07,407][src.modRNN.training.training_loop][INFO] - train epoch 1646 loss 0.6012 accuracy 70.31%
[2026-05-04 20:30:07,408][src.modRNN.training.training_loop][INFO] - 	 Starting Epoch: 1647
[2026-05-04 20:30:08,446][src.modRNN.training.training_loop][INFO] - train epoch 1647 loss 0.5981 accuracy 71.88%
[2026-05-04 20:30:08,447][src.modRNN.training.training_loop][INFO] - 	 Starting Epoch: 1648
[2026-05-04 20:30:09,487][src.modRNN.training.training_loop][INFO] - train epoch 1648 loss 0.5716 accuracy 73.44%
[2026-05-04 20:30:09,488][src.modRNN.training.training_loop][INFO] - 	 Starting Epoch: 1649
[2026-05-04 20:30:10,525][src.modRNN.training.training_loop][INFO] - train epoch 1649 loss 0.6070 accuracy 75.00%
[2026-05-04 20:30:10,527][src.modRNN.training.training_loop][INFO] - 	 Starting Epoch: 1650
[2026-05-04 20:30:11,567][src.modRNN.training.training_loop][INFO] - train epoch 1650 loss 0.5734 accuracy 78.12%
[2026-05-04 20:30:11,569][src.modRNN.training.training_loop][INFO] - 	 Starting Epoch: 1651
[2026-05-04 20:30:12,605][src.modRNN.training.training_loop][INFO] - train epoch 1651 loss 0.6145 accuracy 70.31%
[2026-05-04 20:30:14,679][src.modRNN.training.training_loop][INFO] - eval  epoch 1651 loss 0.5887 accuracy 75.98%
[2026-05-04 20:30:14,680][src.modRNN.training.training_loop][INFO] - 	 Starting Epoch: 1652
[2026-05-04 20:30:15,717][src.modRNN.training.training_loop][INFO] - train epoch 1652 loss 0.5918 accuracy 70.31%
[2026-05-04 20:30:15,719][src.modRNN.training.training_loop][INFO] - 	 Starting Epoch: 1653
[2026-05-04 20:30:16,756][src.modRNN.training.training_loop][INFO] - train epoch 1653 loss 0.6001 accuracy 79.69%
[2026-05-04 20:30:16,758][src.modRNN.training.training_loop][INFO] - 	 Starting Epoch: 1654
[2026-05-04 20:30:17,793][src.modRNN.training.training_loop][INFO] - train epoch 1654 loss 0.5441 accuracy 79.69%
[2026-05-04 20:30:17,794][src.modRNN.training.training_loop][INFO] - 	 Starting Epoch: 1655
[2026-05-04 20:30:18,832][src.modRNN.training.training_loop][INFO] - train epoch 1655 loss 0.6324 accuracy 70.31%
[2026-05-04 20:30:18,833][src.modRNN.training.training_loop][INFO] - 	 Starting Epoch: 1656
[2026-05-04 20:30:19,870][src.modRNN.training.training_loop][INFO] - train epoch 1656 loss 0.5693 accuracy 82.81%
[2026-05-04 20:30:19,872][src.modRNN.training.training_loop][INFO] - 	 Starting Epoch: 1657
[2026-05-04 20:30:20,912][src.modRNN.training.training_loop][INFO] - train epoch 1657 loss 0.5726 accuracy 71.88%
[2026-05-04 20:30:20,914][src.modRNN.training.training_loop][INFO] - 	 Starting Epoch: 1658
[2026-05-04 20:30:21,945][src.modRNN.training.training_loop][INFO] - train epoch 1658 loss 0.5944 accuracy 78.12%
[2026-05-04 20:30:21,946][src.modRNN.training.training_loop][INFO] - 	 Starting Epoch: 1659
[2026-05-04 20:30:22,984][src.modRNN.training.training_loop][INFO] - train epoch 1659 loss 0.5771 accuracy 79.69%
[2026-05-04 20:30:22,985][src.modRNN.training.training_loop][INFO] - 	 Starting Epoch: 1660
[2026-05-04 20:30:24,021][src.modRNN.training.training_loop][INFO] - train epoch 1660 loss 0.5812 accuracy 75.00%
[2026-05-04 20:30:24,023][src.modRNN.training.training_loop][INFO] - 	 Starting Epoch: 1661
[2026-05-04 20:30:25,061][src.modRNN.training.training_loop][INFO] - train epoch 1661 loss 0.5743 accuracy 76.56%
[2026-05-04 20:30:25,062][src.modRNN.training.training_loop][INFO] - 	 Starting Epoch: 1662
[2026-05-04 20:30:26,099][src.modRNN.training.training_loop][INFO] - train epoch 1662 loss 0.5841 accuracy 76.56%
[2026-05-04 20:30:26,101][src.modRNN.training.training_loop][INFO] - 	 Starting Epoch: 1663
[2026-05-04 20:30:27,140][src.modRNN.training.training_loop][INFO] - train epoch 1663 loss 0.6069 accuracy 73.44%
[2026-05-04 20:30:27,141][src.modRNN.training.training_loop][INFO] - 	 Starting Epoch: 1664
[2026-05-04 20:30:28,174][src.modRNN.training.training_loop][INFO] - train epoch 1664 loss 0.6078 accuracy 73.44%
[2026-05-04 20:30:28,175][src.modRNN.training.training_loop][INFO] - 	 Starting Epoch: 1665
[2026-05-04 20:30:29,213][src.modRNN.training.training_loop][INFO] - train epoch 1665 loss 0.6088 accuracy 71.88%
[2026-05-04 20:30:29,214][src.modRNN.training.training_loop][INFO] - 	 Starting Epoch: 1666
[2026-05-04 20:30:30,252][src.modRNN.training.training_loop][INFO] - train epoch 1666 loss 0.5904 accuracy 75.00%
[2026-05-04 20:30:30,253][src.modRNN.training.training_loop][INFO] - 	 Starting Epoch: 1667
[2026-05-04 20:30:31,292][src.modRNN.training.training_loop][INFO] - train epoch 1667 loss 0.5552 accuracy 82.81%
[2026-05-04 20:30:31,294][src.modRNN.training.training_loop][INFO] - 	 Starting Epoch: 1668
[2026-05-04 20:30:32,325][src.modRNN.training.training_loop][INFO] - train epoch 1668 loss 0.6083 accuracy 68.75%
[2026-05-04 20:30:32,327][src.modRNN.training.training_loop][INFO] - 	 Starting Epoch: 1669
[2026-05-04 20:30:33,358][src.modRNN.training.training_loop][INFO] - train epoch 1669 loss 0.5746 accuracy 75.00%
[2026-05-04 20:30:33,360][src.modRNN.training.training_loop][INFO] - 	 Starting Epoch: 1670
[2026-05-04 20:30:34,385][src.modRNN.training.training_loop][INFO] - train epoch 1670 loss 0.5690 accuracy 79.69%
[2026-05-04 20:30:34,387][src.modRNN.training.training_loop][INFO] - 	 Starting Epoch: 1671
[2026-05-04 20:30:35,418][src.modRNN.training.training_loop][INFO] - train epoch 1671 loss 0.5837 accuracy 78.12%
[2026-05-04 20:30:35,420][src.modRNN.training.training_loop][INFO] - 	 Starting Epoch: 1672
[2026-05-04 20:30:36,448][src.modRNN.training.training_loop][INFO] - train epoch 1672 loss 0.5331 accuracy 81.25%
[2026-05-04 20:30:36,449][src.modRNN.training.training_loop][INFO] - 	 Starting Epoch: 1673
[2026-05-04 20:30:37,482][src.modRNN.training.training_loop][INFO] - train epoch 1673 loss 0.5844 accuracy 73.44%
[2026-05-04 20:30:37,484][src.modRNN.training.training_loop][INFO] - 	 Starting Epoch: 1674
[2026-05-04 20:30:38,512][src.modRNN.training.training_loop][INFO] - train epoch 1674 loss 0.5489 accuracy 76.56%
[2026-05-04 20:30:38,513][src.modRNN.training.training_loop][INFO] - 	 Starting Epoch: 1675
[2026-05-04 20:30:39,542][src.modRNN.training.training_loop][INFO] - train epoch 1675 loss 0.5717 accuracy 84.38%
[2026-05-04 20:30:39,544][src.modRNN.training.training_loop][INFO] - 	 Starting Epoch: 1676
[2026-05-04 20:30:40,572][src.modRNN.training.training_loop][INFO] - train epoch 1676 loss 0.5317 accuracy 84.38%
[2026-05-04 20:30:42,648][src.modRNN.training.training_loop][INFO] - eval  epoch 1676 loss 0.5894 accuracy 75.98%
[2026-05-04 20:30:42,651][src.modRNN.training.training_loop][INFO] - 	 Starting Epoch: 1677
[2026-05-04 20:30:43,714][src.modRNN.training.training_loop][INFO] - train epoch 1677 loss 0.5138 accuracy 79.69%
[2026-05-04 20:30:43,716][src.modRNN.training.training_loop][INFO] - 	 Starting Epoch: 1678
[2026-05-04 20:30:44,748][src.modRNN.training.training_loop][INFO] - train epoch 1678 loss 0.6159 accuracy 68.75%
[2026-05-04 20:30:44,750][src.modRNN.training.training_loop][INFO] - 	 Starting Epoch: 1679
[2026-05-04 20:30:45,780][src.modRNN.training.training_loop][INFO] - train epoch 1679 loss 0.6152 accuracy 68.75%
[2026-05-04 20:30:45,781][src.modRNN.training.training_loop][INFO] - 	 Starting Epoch: 1680
[2026-05-04 20:30:46,814][src.modRNN.training.training_loop][INFO] - train epoch 1680 loss 0.5752 accuracy 75.00%
[2026-05-04 20:30:46,815][src.modRNN.training.training_loop][INFO] - 	 Starting Epoch: 1681
[2026-05-04 20:30:47,844][src.modRNN.training.training_loop][INFO] - train epoch 1681 loss 0.5364 accuracy 85.94%
[2026-05-04 20:30:47,845][src.modRNN.training.training_loop][INFO] - 	 Starting Epoch: 1682
[2026-05-04 20:30:48,876][src.modRNN.training.training_loop][INFO] - train epoch 1682 loss 0.5879 accuracy 82.81%
[2026-05-04 20:30:48,877][src.modRNN.training.training_loop][INFO] - 	 Starting Epoch: 1683
[2026-05-04 20:30:49,903][src.modRNN.training.training_loop][INFO] - train epoch 1683 loss 0.5988 accuracy 71.88%
[2026-05-04 20:30:49,905][src.modRNN.training.training_loop][INFO] - 	 Starting Epoch: 1684
[2026-05-04 20:30:50,935][src.modRNN.training.training_loop][INFO] - train epoch 1684 loss 0.5716 accuracy 76.56%
[2026-05-04 20:30:50,937][src.modRNN.training.training_loop][INFO] - 	 Starting Epoch: 1685
[2026-05-04 20:30:51,965][src.modRNN.training.training_loop][INFO] - train epoch 1685 loss 0.6079 accuracy 71.88%
[2026-05-04 20:30:51,967][src.modRNN.training.training_loop][INFO] - 	 Starting Epoch: 1686
[2026-05-04 20:30:52,998][src.modRNN.training.training_loop][INFO] - train epoch 1686 loss 0.5827 accuracy 76.56%
[2026-05-04 20:30:52,999][src.modRNN.training.training_loop][INFO] - 	 Starting Epoch: 1687
[2026-05-04 20:30:54,032][src.modRNN.training.training_loop][INFO] - train epoch 1687 loss 0.5681 accuracy 81.25%
[2026-05-04 20:30:54,033][src.modRNN.training.training_loop][INFO] - 	 Starting Epoch: 1688
[2026-05-04 20:30:55,065][src.modRNN.training.training_loop][INFO] - train epoch 1688 loss 0.5309 accuracy 84.38%
[2026-05-04 20:30:55,067][src.modRNN.training.training_loop][INFO] - 	 Starting Epoch: 1689
[2026-05-04 20:30:56,092][src.modRNN.training.training_loop][INFO] - train epoch 1689 loss 0.5864 accuracy 76.56%
[2026-05-04 20:30:56,093][src.modRNN.training.training_loop][INFO] - 	 Starting Epoch: 1690
[2026-05-04 20:30:57,123][src.modRNN.training.training_loop][INFO] - train epoch 1690 loss 0.5856 accuracy 76.56%
[2026-05-04 20:30:57,125][src.modRNN.training.training_loop][INFO] - 	 Starting Epoch: 1691
[2026-05-04 20:30:58,154][src.modRNN.training.training_loop][INFO] - train epoch 1691 loss 0.5673 accuracy 79.69%
[2026-05-04 20:30:58,156][src.modRNN.training.training_loop][INFO] - 	 Starting Epoch: 1692
[2026-05-04 20:30:59,187][src.modRNN.training.training_loop][INFO] - train epoch 1692 loss 0.5656 accuracy 78.12%
[2026-05-04 20:30:59,189][src.modRNN.training.training_loop][INFO] - 	 Starting Epoch: 1693
[2026-05-04 20:31:00,217][src.modRNN.training.training_loop][INFO] - train epoch 1693 loss 0.6027 accuracy 78.12%
[2026-05-04 20:31:00,219][src.modRNN.training.training_loop][INFO] - 	 Starting Epoch: 1694
[2026-05-04 20:31:01,250][src.modRNN.training.training_loop][INFO] - train epoch 1694 loss 0.6128 accuracy 70.31%
[2026-05-04 20:31:01,253][src.modRNN.training.training_loop][INFO] - 	 Starting Epoch: 1695
[2026-05-04 20:31:02,308][src.modRNN.training.training_loop][INFO] - train epoch 1695 loss 0.6322 accuracy 67.19%
[2026-05-04 20:31:02,310][src.modRNN.training.training_loop][INFO] - 	 Starting Epoch: 1696
[2026-05-04 20:31:03,348][src.modRNN.training.training_loop][INFO] - train epoch 1696 loss 0.6001 accuracy 76.56%
[2026-05-04 20:31:03,350][src.modRNN.training.training_loop][INFO] - 	 Starting Epoch: 1697
[2026-05-04 20:31:04,387][src.modRNN.training.training_loop][INFO] - train epoch 1697 loss 0.5934 accuracy 73.44%
[2026-05-04 20:31:04,388][src.modRNN.training.training_loop][INFO] - 	 Starting Epoch: 1698
[2026-05-04 20:31:05,427][src.modRNN.training.training_loop][INFO] - train epoch 1698 loss 0.5335 accuracy 87.50%
[2026-05-04 20:31:05,428][src.modRNN.training.training_loop][INFO] - 	 Starting Epoch: 1699
[2026-05-04 20:31:06,467][src.modRNN.training.training_loop][INFO] - train epoch 1699 loss 0.5699 accuracy 75.00%
[2026-05-04 20:31:06,468][src.modRNN.training.training_loop][INFO] - 	 Starting Epoch: 1700
[2026-05-04 20:31:07,508][src.modRNN.training.training_loop][INFO] - train epoch 1700 loss 0.5435 accuracy 82.81%
[2026-05-04 20:31:07,509][src.modRNN.training.training_loop][INFO] - 	 Starting Epoch: 1701
[2026-05-04 20:31:08,543][src.modRNN.training.training_loop][INFO] - train epoch 1701 loss 0.5515 accuracy 79.69%
[2026-05-04 20:31:10,614][src.modRNN.training.training_loop][INFO] - eval  epoch 1701 loss 0.5932 accuracy 72.85%
[2026-05-04 20:31:10,616][src.modRNN.training.training_loop][INFO] - 	 Starting Epoch: 1702
[2026-05-04 20:31:11,651][src.modRNN.training.training_loop][INFO] - train epoch 1702 loss 0.5579 accuracy 73.44%
[2026-05-04 20:31:11,653][src.modRNN.training.training_loop][INFO] - 	 Starting Epoch: 1703
[2026-05-04 20:31:12,691][src.modRNN.training.training_loop][INFO] - train epoch 1703 loss 0.5696 accuracy 78.12%
[2026-05-04 20:31:12,692][src.modRNN.training.training_loop][INFO] - 	 Starting Epoch: 1704
[2026-05-04 20:31:13,728][src.modRNN.training.training_loop][INFO] - train epoch 1704 loss 0.6363 accuracy 70.31%
[2026-05-04 20:31:13,730][src.modRNN.training.training_loop][INFO] - 	 Starting Epoch: 1705
[2026-05-04 20:31:14,768][src.modRNN.training.training_loop][INFO] - train epoch 1705 loss 0.5739 accuracy 78.12%
[2026-05-04 20:31:14,770][src.modRNN.training.training_loop][INFO] - 	 Starting Epoch: 1706
[2026-05-04 20:31:15,808][src.modRNN.training.training_loop][INFO] - train epoch 1706 loss 0.5714 accuracy 75.00%
[2026-05-04 20:31:15,809][src.modRNN.training.training_loop][INFO] - 	 Starting Epoch: 1707
[2026-05-04 20:31:16,846][src.modRNN.training.training_loop][INFO] - train epoch 1707 loss 0.5683 accuracy 81.25%
[2026-05-04 20:31:16,848][src.modRNN.training.training_loop][INFO] - 	 Starting Epoch: 1708
[2026-05-04 20:31:17,883][src.modRNN.training.training_loop][INFO] - train epoch 1708 loss 0.6121 accuracy 73.44%
[2026-05-04 20:31:17,885][src.modRNN.training.training_loop][INFO] - 	 Starting Epoch: 1709
[2026-05-04 20:31:18,921][src.modRNN.training.training_loop][INFO] - train epoch 1709 loss 0.6242 accuracy 67.19%
[2026-05-04 20:31:18,922][src.modRNN.training.training_loop][INFO] - 	 Starting Epoch: 1710
[2026-05-04 20:31:19,957][src.modRNN.training.training_loop][INFO] - train epoch 1710 loss 0.5694 accuracy 79.69%
[2026-05-04 20:31:19,958][src.modRNN.training.training_loop][INFO] - 	 Starting Epoch: 1711
[2026-05-04 20:31:20,999][src.modRNN.training.training_loop][INFO] - train epoch 1711 loss 0.5565 accuracy 79.69%
[2026-05-04 20:31:21,000][src.modRNN.training.training_loop][INFO] - 	 Starting Epoch: 1712
[2026-05-04 20:31:22,038][src.modRNN.training.training_loop][INFO] - train epoch 1712 loss 0.5758 accuracy 76.56%
[2026-05-04 20:31:22,039][src.modRNN.training.training_loop][INFO] - 	 Starting Epoch: 1713
[2026-05-04 20:31:23,078][src.modRNN.training.training_loop][INFO] - train epoch 1713 loss 0.6075 accuracy 70.31%
[2026-05-04 20:31:23,080][src.modRNN.training.training_loop][INFO] - 	 Starting Epoch: 1714
[2026-05-04 20:31:24,115][src.modRNN.training.training_loop][INFO] - train epoch 1714 loss 0.5541 accuracy 82.81%
[2026-05-04 20:31:24,116][src.modRNN.training.training_loop][INFO] - 	 Starting Epoch: 1715
[2026-05-04 20:31:25,153][src.modRNN.training.training_loop][INFO] - train epoch 1715 loss 0.6482 accuracy 64.06%
[2026-05-04 20:31:25,154][src.modRNN.training.training_loop][INFO] - 	 Starting Epoch: 1716
[2026-05-04 20:31:26,192][src.modRNN.training.training_loop][INFO] - train epoch 1716 loss 0.5017 accuracy 87.50%
[2026-05-04 20:31:26,193][src.modRNN.training.training_loop][INFO] - 	 Starting Epoch: 1717
[2026-05-04 20:31:27,234][src.modRNN.training.training_loop][INFO] - train epoch 1717 loss 0.5223 accuracy 87.50%
[2026-05-04 20:31:27,235][src.modRNN.training.training_loop][INFO] - 	 Starting Epoch: 1718
[2026-05-04 20:31:28,272][src.modRNN.training.training_loop][INFO] - train epoch 1718 loss 0.5574 accuracy 81.25%
[2026-05-04 20:31:28,273][src.modRNN.training.training_loop][INFO] - 	 Starting Epoch: 1719
[2026-05-04 20:31:29,311][src.modRNN.training.training_loop][INFO] - train epoch 1719 loss 0.6011 accuracy 73.44%
[2026-05-04 20:31:29,312][src.modRNN.training.training_loop][INFO] - 	 Starting Epoch: 1720
[2026-05-04 20:31:30,347][src.modRNN.training.training_loop][INFO] - train epoch 1720 loss 0.5815 accuracy 76.56%
[2026-05-04 20:31:30,348][src.modRNN.training.training_loop][INFO] - 	 Starting Epoch: 1721
[2026-05-04 20:31:31,383][src.modRNN.training.training_loop][INFO] - train epoch 1721 loss 0.6111 accuracy 71.88%
[2026-05-04 20:31:31,384][src.modRNN.training.training_loop][INFO] - 	 Starting Epoch: 1722
[2026-05-04 20:31:32,411][src.modRNN.training.training_loop][INFO] - train epoch 1722 loss 0.5833 accuracy 76.56%
[2026-05-04 20:31:32,412][src.modRNN.training.training_loop][INFO] - 	 Starting Epoch: 1723
[2026-05-04 20:31:33,442][src.modRNN.training.training_loop][INFO] - train epoch 1723 loss 0.5689 accuracy 78.12%
[2026-05-04 20:31:33,443][src.modRNN.training.training_loop][INFO] - 	 Starting Epoch: 1724
[2026-05-04 20:31:34,471][src.modRNN.training.training_loop][INFO] - train epoch 1724 loss 0.5546 accuracy 79.69%
[2026-05-04 20:31:34,472][src.modRNN.training.training_loop][INFO] - 	 Starting Epoch: 1725
[2026-05-04 20:31:35,504][src.modRNN.training.training_loop][INFO] - train epoch 1725 loss 0.5971 accuracy 75.00%
[2026-05-04 20:31:35,505][src.modRNN.training.training_loop][INFO] - 	 Starting Epoch: 1726
[2026-05-04 20:31:36,530][src.modRNN.training.training_loop][INFO] - train epoch 1726 loss 0.6075 accuracy 75.00%
[2026-05-04 20:31:38,608][src.modRNN.training.training_loop][INFO] - eval  epoch 1726 loss 0.5848 accuracy 74.80%
[2026-05-04 20:31:38,610][src.modRNN.training.training_loop][INFO] - 	 Starting Epoch: 1727
[2026-05-04 20:31:39,634][src.modRNN.training.training_loop][INFO] - train epoch 1727 loss 0.5555 accuracy 82.81%
[2026-05-04 20:31:39,636][src.modRNN.training.training_loop][INFO] - 	 Starting Epoch: 1728
[2026-05-04 20:31:40,668][src.modRNN.training.training_loop][INFO] - train epoch 1728 loss 0.5497 accuracy 81.25%
[2026-05-04 20:31:40,669][src.modRNN.training.training_loop][INFO] - 	 Starting Epoch: 1729
[2026-05-04 20:31:41,704][src.modRNN.training.training_loop][INFO] - train epoch 1729 loss 0.5915 accuracy 70.31%
[2026-05-04 20:31:41,705][src.modRNN.training.training_loop][INFO] - 	 Starting Epoch: 1730
[2026-05-04 20:31:42,781][src.modRNN.training.training_loop][INFO] - train epoch 1730 loss 0.6120 accuracy 71.88%
[2026-05-04 20:31:42,782][src.modRNN.training.training_loop][INFO] - 	 Starting Epoch: 1731
[2026-05-04 20:31:43,839][src.modRNN.training.training_loop][INFO] - train epoch 1731 loss 0.5834 accuracy 70.31%
[2026-05-04 20:31:43,840][src.modRNN.training.training_loop][INFO] - 	 Starting Epoch: 1732
[2026-05-04 20:31:44,870][src.modRNN.training.training_loop][INFO] - train epoch 1732 loss 0.5664 accuracy 85.94%
[2026-05-04 20:31:44,872][src.modRNN.training.training_loop][INFO] - 	 Starting Epoch: 1733
[2026-05-04 20:31:45,898][src.modRNN.training.training_loop][INFO] - train epoch 1733 loss 0.5545 accuracy 84.38%
[2026-05-04 20:31:45,900][src.modRNN.training.training_loop][INFO] - 	 Starting Epoch: 1734
[2026-05-04 20:31:46,931][src.modRNN.training.training_loop][INFO] - train epoch 1734 loss 0.5475 accuracy 81.25%
[2026-05-04 20:31:46,933][src.modRNN.training.training_loop][INFO] - 	 Starting Epoch: 1735
[2026-05-04 20:31:47,962][src.modRNN.training.training_loop][INFO] - train epoch 1735 loss 0.6112 accuracy 68.75%
[2026-05-04 20:31:47,963][src.modRNN.training.training_loop][INFO] - 	 Starting Epoch: 1736
[2026-05-04 20:31:48,995][src.modRNN.training.training_loop][INFO] - train epoch 1736 loss 0.5757 accuracy 76.56%
[2026-05-04 20:31:48,996][src.modRNN.training.training_loop][INFO] - 	 Starting Epoch: 1737
[2026-05-04 20:31:50,025][src.modRNN.training.training_loop][INFO] - train epoch 1737 loss 0.6618 accuracy 62.50%
[2026-05-04 20:31:50,027][src.modRNN.training.training_loop][INFO] - 	 Starting Epoch: 1738
[2026-05-04 20:31:51,056][src.modRNN.training.training_loop][INFO] - train epoch 1738 loss 0.5882 accuracy 78.12%
[2026-05-04 20:31:51,058][src.modRNN.training.training_loop][INFO] - 	 Starting Epoch: 1739
[2026-05-04 20:31:52,085][src.modRNN.training.training_loop][INFO] - train epoch 1739 loss 0.6044 accuracy 73.44%
[2026-05-04 20:31:52,086][src.modRNN.training.training_loop][INFO] - 	 Starting Epoch: 1740
[2026-05-04 20:31:53,118][src.modRNN.training.training_loop][INFO] - train epoch 1740 loss 0.6030 accuracy 65.62%
[2026-05-04 20:31:53,119][src.modRNN.training.training_loop][INFO] - 	 Starting Epoch: 1741
[2026-05-04 20:31:54,147][src.modRNN.training.training_loop][INFO] - train epoch 1741 loss 0.5801 accuracy 73.44%
[2026-05-04 20:31:54,148][src.modRNN.training.training_loop][INFO] - 	 Starting Epoch: 1742
[2026-05-04 20:31:55,180][src.modRNN.training.training_loop][INFO] - train epoch 1742 loss 0.6042 accuracy 76.56%
[2026-05-04 20:31:55,181][src.modRNN.training.training_loop][INFO] - 	 Starting Epoch: 1743
[2026-05-04 20:31:56,209][src.modRNN.training.training_loop][INFO] - train epoch 1743 loss 0.5739 accuracy 79.69%
[2026-05-04 20:31:56,211][src.modRNN.training.training_loop][INFO] - 	 Starting Epoch: 1744
[2026-05-04 20:31:57,241][src.modRNN.training.training_loop][INFO] - train epoch 1744 loss 0.5458 accuracy 84.38%
[2026-05-04 20:31:57,242][src.modRNN.training.training_loop][INFO] - 	 Starting Epoch: 1745
[2026-05-04 20:31:58,269][src.modRNN.training.training_loop][INFO] - train epoch 1745 loss 0.5205 accuracy 92.19%
[2026-05-04 20:31:58,270][src.modRNN.training.training_loop][INFO] - 	 Starting Epoch: 1746
[2026-05-04 20:31:59,300][src.modRNN.training.training_loop][INFO] - train epoch 1746 loss 0.6020 accuracy 73.44%
[2026-05-04 20:31:59,301][src.modRNN.training.training_loop][INFO] - 	 Starting Epoch: 1747
[2026-05-04 20:32:00,332][src.modRNN.training.training_loop][INFO] - train epoch 1747 loss 0.6241 accuracy 70.31%
[2026-05-04 20:32:00,333][src.modRNN.training.training_loop][INFO] - 	 Starting Epoch: 1748
[2026-05-04 20:32:01,363][src.modRNN.training.training_loop][INFO] - train epoch 1748 loss 0.5692 accuracy 78.12%
[2026-05-04 20:32:01,364][src.modRNN.training.training_loop][INFO] - 	 Starting Epoch: 1749
[2026-05-04 20:32:02,403][src.modRNN.training.training_loop][INFO] - train epoch 1749 loss 0.5629 accuracy 82.81%
[2026-05-04 20:32:02,404][src.modRNN.training.training_loop][INFO] - 	 Starting Epoch: 1750
[2026-05-04 20:32:03,444][src.modRNN.training.training_loop][INFO] - train epoch 1750 loss 0.5886 accuracy 76.56%
[2026-05-04 20:32:03,446][src.modRNN.training.training_loop][INFO] - 	 Starting Epoch: 1751
[2026-05-04 20:32:04,482][src.modRNN.training.training_loop][INFO] - train epoch 1751 loss 0.5026 accuracy 90.62%
[2026-05-04 20:32:06,557][src.modRNN.training.training_loop][INFO] - eval  epoch 1751 loss 0.5851 accuracy 75.20%
[2026-05-04 20:32:06,558][src.modRNN.training.training_loop][INFO] - 	 Starting Epoch: 1752
[2026-05-04 20:32:07,592][src.modRNN.training.training_loop][INFO] - train epoch 1752 loss 0.5702 accuracy 76.56%
[2026-05-04 20:32:07,594][src.modRNN.training.training_loop][INFO] - 	 Starting Epoch: 1753
[2026-05-04 20:32:08,631][src.modRNN.training.training_loop][INFO] - train epoch 1753 loss 0.6306 accuracy 60.94%
[2026-05-04 20:32:08,632][src.modRNN.training.training_loop][INFO] - 	 Starting Epoch: 1754
[2026-05-04 20:32:09,668][src.modRNN.training.training_loop][INFO] - train epoch 1754 loss 0.5743 accuracy 70.31%
[2026-05-04 20:32:09,669][src.modRNN.training.training_loop][INFO] - 	 Starting Epoch: 1755
[2026-05-04 20:32:10,708][src.modRNN.training.training_loop][INFO] - train epoch 1755 loss 0.5676 accuracy 81.25%
[2026-05-04 20:32:10,709][src.modRNN.training.training_loop][INFO] - 	 Starting Epoch: 1756
[2026-05-04 20:32:11,747][src.modRNN.training.training_loop][INFO] - train epoch 1756 loss 0.5499 accuracy 79.69%
[2026-05-04 20:32:11,748][src.modRNN.training.training_loop][INFO] - 	 Starting Epoch: 1757
[2026-05-04 20:32:12,785][src.modRNN.training.training_loop][INFO] - train epoch 1757 loss 0.5837 accuracy 81.25%
[2026-05-04 20:32:12,787][src.modRNN.training.training_loop][INFO] - 	 Starting Epoch: 1758
[2026-05-04 20:32:13,819][src.modRNN.training.training_loop][INFO] - train epoch 1758 loss 0.5495 accuracy 79.69%
[2026-05-04 20:32:13,821][src.modRNN.training.training_loop][INFO] - 	 Starting Epoch: 1759
[2026-05-04 20:32:14,861][src.modRNN.training.training_loop][INFO] - train epoch 1759 loss 0.5763 accuracy 81.25%
[2026-05-04 20:32:14,862][src.modRNN.training.training_loop][INFO] - 	 Starting Epoch: 1760
[2026-05-04 20:32:15,897][src.modRNN.training.training_loop][INFO] - train epoch 1760 loss 0.6268 accuracy 62.50%
[2026-05-04 20:32:15,899][src.modRNN.training.training_loop][INFO] - 	 Starting Epoch: 1761
[2026-05-04 20:32:16,937][src.modRNN.training.training_loop][INFO] - train epoch 1761 loss 0.5434 accuracy 81.25%
[2026-05-04 20:32:16,939][src.modRNN.training.training_loop][INFO] - 	 Starting Epoch: 1762
[2026-05-04 20:32:17,975][src.modRNN.training.training_loop][INFO] - train epoch 1762 loss 0.5645 accuracy 85.94%
[2026-05-04 20:32:17,976][src.modRNN.training.training_loop][INFO] - 	 Starting Epoch: 1763
[2026-05-04 20:32:19,013][src.modRNN.training.training_loop][INFO] - train epoch 1763 loss 0.5822 accuracy 71.88%
[2026-05-04 20:32:19,015][src.modRNN.training.training_loop][INFO] - 	 Starting Epoch: 1764
[2026-05-04 20:32:20,052][src.modRNN.training.training_loop][INFO] - train epoch 1764 loss 0.5477 accuracy 82.81%
[2026-05-04 20:32:20,054][src.modRNN.training.training_loop][INFO] - 	 Starting Epoch: 1765
[2026-05-04 20:32:21,093][src.modRNN.training.training_loop][INFO] - train epoch 1765 loss 0.6081 accuracy 75.00%
[2026-05-04 20:32:21,094][src.modRNN.training.training_loop][INFO] - 	 Starting Epoch: 1766
[2026-05-04 20:32:22,132][src.modRNN.training.training_loop][INFO] - train epoch 1766 loss 0.6129 accuracy 71.88%
[2026-05-04 20:32:22,133][src.modRNN.training.training_loop][INFO] - 	 Starting Epoch: 1767
[2026-05-04 20:32:23,171][src.modRNN.training.training_loop][INFO] - train epoch 1767 loss 0.5824 accuracy 75.00%
[2026-05-04 20:32:23,173][src.modRNN.training.training_loop][INFO] - 	 Starting Epoch: 1768
[2026-05-04 20:32:24,208][src.modRNN.training.training_loop][INFO] - train epoch 1768 loss 0.5200 accuracy 89.06%
[2026-05-04 20:32:24,209][src.modRNN.training.training_loop][INFO] - 	 Starting Epoch: 1769
[2026-05-04 20:32:25,251][src.modRNN.training.training_loop][INFO] - train epoch 1769 loss 0.5873 accuracy 79.69%
[2026-05-04 20:32:25,253][src.modRNN.training.training_loop][INFO] - 	 Starting Epoch: 1770
[2026-05-04 20:32:26,287][src.modRNN.training.training_loop][INFO] - train epoch 1770 loss 0.5627 accuracy 79.69%
[2026-05-04 20:32:26,288][src.modRNN.training.training_loop][INFO] - 	 Starting Epoch: 1771
[2026-05-04 20:32:27,325][src.modRNN.training.training_loop][INFO] - train epoch 1771 loss 0.5450 accuracy 75.00%
[2026-05-04 20:32:27,326][src.modRNN.training.training_loop][INFO] - 	 Starting Epoch: 1772
[2026-05-04 20:32:28,363][src.modRNN.training.training_loop][INFO] - train epoch 1772 loss 0.5737 accuracy 73.44%
[2026-05-04 20:32:28,364][src.modRNN.training.training_loop][INFO] - 	 Starting Epoch: 1773
[2026-05-04 20:32:29,404][src.modRNN.training.training_loop][INFO] - train epoch 1773 loss 0.5551 accuracy 76.56%
[2026-05-04 20:32:29,406][src.modRNN.training.training_loop][INFO] - 	 Starting Epoch: 1774
[2026-05-04 20:32:30,441][src.modRNN.training.training_loop][INFO] - train epoch 1774 loss 0.5643 accuracy 78.12%
[2026-05-04 20:32:30,443][src.modRNN.training.training_loop][INFO] - 	 Starting Epoch: 1775
[2026-05-04 20:32:31,479][src.modRNN.training.training_loop][INFO] - train epoch 1775 loss 0.5893 accuracy 82.81%
[2026-05-04 20:32:31,481][src.modRNN.training.training_loop][INFO] - 	 Starting Epoch: 1776
[2026-05-04 20:32:32,508][src.modRNN.training.training_loop][INFO] - train epoch 1776 loss 0.5688 accuracy 78.12%
[2026-05-04 20:32:34,588][src.modRNN.training.training_loop][INFO] - eval  epoch 1776 loss 0.5802 accuracy 77.15%
[2026-05-04 20:32:34,590][src.modRNN.training.training_loop][INFO] - 	 Starting Epoch: 1777
[2026-05-04 20:32:35,616][src.modRNN.training.training_loop][INFO] - train epoch 1777 loss 0.5308 accuracy 82.81%
[2026-05-04 20:32:35,617][src.modRNN.training.training_loop][INFO] - 	 Starting Epoch: 1778
[2026-05-04 20:32:36,646][src.modRNN.training.training_loop][INFO] - train epoch 1778 loss 0.5607 accuracy 76.56%
[2026-05-04 20:32:36,647][src.modRNN.training.training_loop][INFO] - 	 Starting Epoch: 1779
[2026-05-04 20:32:37,675][src.modRNN.training.training_loop][INFO] - train epoch 1779 loss 0.5987 accuracy 68.75%
[2026-05-04 20:32:37,676][src.modRNN.training.training_loop][INFO] - 	 Starting Epoch: 1780
[2026-05-04 20:32:38,708][src.modRNN.training.training_loop][INFO] - train epoch 1780 loss 0.6128 accuracy 75.00%
[2026-05-04 20:32:38,709][src.modRNN.training.training_loop][INFO] - 	 Starting Epoch: 1781
[2026-05-04 20:32:39,736][src.modRNN.training.training_loop][INFO] - train epoch 1781 loss 0.5733 accuracy 78.12%
[2026-05-04 20:32:39,738][src.modRNN.training.training_loop][INFO] - 	 Starting Epoch: 1782
[2026-05-04 20:32:40,767][src.modRNN.training.training_loop][INFO] - train epoch 1782 loss 0.5706 accuracy 82.81%
[2026-05-04 20:32:40,769][src.modRNN.training.training_loop][INFO] - 	 Starting Epoch: 1783
[2026-05-04 20:32:41,795][src.modRNN.training.training_loop][INFO] - train epoch 1783 loss 0.5618 accuracy 81.25%
[2026-05-04 20:32:41,796][src.modRNN.training.training_loop][INFO] - 	 Starting Epoch: 1784
[2026-05-04 20:32:42,872][src.modRNN.training.training_loop][INFO] - train epoch 1784 loss 0.5253 accuracy 85.94%
[2026-05-04 20:32:42,874][src.modRNN.training.training_loop][INFO] - 	 Starting Epoch: 1785
[2026-05-04 20:32:43,924][src.modRNN.training.training_loop][INFO] - train epoch 1785 loss 0.5499 accuracy 82.81%
[2026-05-04 20:32:43,925][src.modRNN.training.training_loop][INFO] - 	 Starting Epoch: 1786
[2026-05-04 20:32:44,960][src.modRNN.training.training_loop][INFO] - train epoch 1786 loss 0.5682 accuracy 76.56%
[2026-05-04 20:32:44,961][src.modRNN.training.training_loop][INFO] - 	 Starting Epoch: 1787
[2026-05-04 20:32:45,989][src.modRNN.training.training_loop][INFO] - train epoch 1787 loss 0.5516 accuracy 81.25%
[2026-05-04 20:32:45,990][src.modRNN.training.training_loop][INFO] - 	 Starting Epoch: 1788
[2026-05-04 20:32:47,020][src.modRNN.training.training_loop][INFO] - train epoch 1788 loss 0.5563 accuracy 78.12%
[2026-05-04 20:32:47,022][src.modRNN.training.training_loop][INFO] - 	 Starting Epoch: 1789
[2026-05-04 20:32:48,048][src.modRNN.training.training_loop][INFO] - train epoch 1789 loss 0.5344 accuracy 82.81%
[2026-05-04 20:32:48,050][src.modRNN.training.training_loop][INFO] - 	 Starting Epoch: 1790
[2026-05-04 20:32:49,079][src.modRNN.training.training_loop][INFO] - train epoch 1790 loss 0.5313 accuracy 79.69%
[2026-05-04 20:32:49,081][src.modRNN.training.training_loop][INFO] - 	 Starting Epoch: 1791
[2026-05-04 20:32:50,108][src.modRNN.training.training_loop][INFO] - train epoch 1791 loss 0.5420 accuracy 78.12%
[2026-05-04 20:32:50,110][src.modRNN.training.training_loop][INFO] - 	 Starting Epoch: 1792
[2026-05-04 20:32:51,140][src.modRNN.training.training_loop][INFO] - train epoch 1792 loss 0.5690 accuracy 76.56%
[2026-05-04 20:32:51,141][src.modRNN.training.training_loop][INFO] - 	 Starting Epoch: 1793
[2026-05-04 20:32:52,172][src.modRNN.training.training_loop][INFO] - train epoch 1793 loss 0.5496 accuracy 82.81%
[2026-05-04 20:32:52,173][src.modRNN.training.training_loop][INFO] - 	 Starting Epoch: 1794
[2026-05-04 20:32:53,203][src.modRNN.training.training_loop][INFO] - train epoch 1794 loss 0.5756 accuracy 76.56%
[2026-05-04 20:32:53,205][src.modRNN.training.training_loop][INFO] - 	 Starting Epoch: 1795
[2026-05-04 20:32:54,231][src.modRNN.training.training_loop][INFO] - train epoch 1795 loss 0.5604 accuracy 73.44%
[2026-05-04 20:32:54,232][src.modRNN.training.training_loop][INFO] - 	 Starting Epoch: 1796
[2026-05-04 20:32:55,262][src.modRNN.training.training_loop][INFO] - train epoch 1796 loss 0.5267 accuracy 81.25%
[2026-05-04 20:32:55,263][src.modRNN.training.training_loop][INFO] - 	 Starting Epoch: 1797
[2026-05-04 20:32:56,297][src.modRNN.training.training_loop][INFO] - train epoch 1797 loss 0.5807 accuracy 82.81%
[2026-05-04 20:32:56,298][src.modRNN.training.training_loop][INFO] - 	 Starting Epoch: 1798
[2026-05-04 20:32:57,330][src.modRNN.training.training_loop][INFO] - train epoch 1798 loss 0.5751 accuracy 76.56%
[2026-05-04 20:32:57,331][src.modRNN.training.training_loop][INFO] - 	 Starting Epoch: 1799
[2026-05-04 20:32:58,364][src.modRNN.training.training_loop][INFO] - train epoch 1799 loss 0.6169 accuracy 70.31%
[2026-05-04 20:32:58,365][src.modRNN.training.training_loop][INFO] - 	 Starting Epoch: 1800
[2026-05-04 20:32:59,398][src.modRNN.training.training_loop][INFO] - train epoch 1800 loss 0.5762 accuracy 73.44%
[2026-05-04 20:32:59,399][src.modRNN.training.training_loop][INFO] - 	 Starting Epoch: 1801
[2026-05-04 20:33:00,430][src.modRNN.training.training_loop][INFO] - train epoch 1801 loss 0.5329 accuracy 85.94%
[2026-05-04 20:33:02,499][src.modRNN.training.training_loop][INFO] - eval  epoch 1801 loss 0.6300 accuracy 68.95%
[2026-05-04 20:33:02,501][src.modRNN.training.training_loop][INFO] - 	 Starting Epoch: 1802
[2026-05-04 20:33:03,541][src.modRNN.training.training_loop][INFO] - train epoch 1802 loss 0.5857 accuracy 75.00%
[2026-05-04 20:33:03,543][src.modRNN.training.training_loop][INFO] - 	 Starting Epoch: 1803
[2026-05-04 20:33:04,581][src.modRNN.training.training_loop][INFO] - train epoch 1803 loss 0.5937 accuracy 71.88%
[2026-05-04 20:33:04,582][src.modRNN.training.training_loop][INFO] - 	 Starting Epoch: 1804
[2026-05-04 20:33:05,622][src.modRNN.training.training_loop][INFO] - train epoch 1804 loss 0.6580 accuracy 59.38%
[2026-05-04 20:33:05,624][src.modRNN.training.training_loop][INFO] - 	 Starting Epoch: 1805
[2026-05-04 20:33:06,663][src.modRNN.training.training_loop][INFO] - train epoch 1805 loss 0.5347 accuracy 78.12%
[2026-05-04 20:33:06,665][src.modRNN.training.training_loop][INFO] - 	 Starting Epoch: 1806
[2026-05-04 20:33:07,707][src.modRNN.training.training_loop][INFO] - train epoch 1806 loss 0.5892 accuracy 76.56%
[2026-05-04 20:33:07,709][src.modRNN.training.training_loop][INFO] - 	 Starting Epoch: 1807
[2026-05-04 20:33:08,748][src.modRNN.training.training_loop][INFO] - train epoch 1807 loss 0.5666 accuracy 75.00%
[2026-05-04 20:33:08,750][src.modRNN.training.training_loop][INFO] - 	 Starting Epoch: 1808
[2026-05-04 20:33:09,791][src.modRNN.training.training_loop][INFO] - train epoch 1808 loss 0.6261 accuracy 67.19%
[2026-05-04 20:33:09,792][src.modRNN.training.training_loop][INFO] - 	 Starting Epoch: 1809
[2026-05-04 20:33:10,837][src.modRNN.training.training_loop][INFO] - train epoch 1809 loss 0.5874 accuracy 75.00%
[2026-05-04 20:33:10,838][src.modRNN.training.training_loop][INFO] - 	 Starting Epoch: 1810
[2026-05-04 20:33:11,880][src.modRNN.training.training_loop][INFO] - train epoch 1810 loss 0.5594 accuracy 82.81%
[2026-05-04 20:33:11,881][src.modRNN.training.training_loop][INFO] - 	 Starting Epoch: 1811
[2026-05-04 20:33:12,921][src.modRNN.training.training_loop][INFO] - train epoch 1811 loss 0.5670 accuracy 79.69%
[2026-05-04 20:33:12,922][src.modRNN.training.training_loop][INFO] - 	 Starting Epoch: 1812
[2026-05-04 20:33:13,963][src.modRNN.training.training_loop][INFO] - train epoch 1812 loss 0.5577 accuracy 81.25%
[2026-05-04 20:33:13,965][src.modRNN.training.training_loop][INFO] - 	 Starting Epoch: 1813
[2026-05-04 20:33:15,004][src.modRNN.training.training_loop][INFO] - train epoch 1813 loss 0.5656 accuracy 81.25%
[2026-05-04 20:33:15,005][src.modRNN.training.training_loop][INFO] - 	 Starting Epoch: 1814
[2026-05-04 20:33:16,043][src.modRNN.training.training_loop][INFO] - train epoch 1814 loss 0.6070 accuracy 73.44%
[2026-05-04 20:33:16,044][src.modRNN.training.training_loop][INFO] - 	 Starting Epoch: 1815
[2026-05-04 20:33:17,083][src.modRNN.training.training_loop][INFO] - train epoch 1815 loss 0.5469 accuracy 79.69%
[2026-05-04 20:33:17,084][src.modRNN.training.training_loop][INFO] - 	 Starting Epoch: 1816
[2026-05-04 20:33:18,125][src.modRNN.training.training_loop][INFO] - train epoch 1816 loss 0.5792 accuracy 81.25%
[2026-05-04 20:33:18,126][src.modRNN.training.training_loop][INFO] - 	 Starting Epoch: 1817
[2026-05-04 20:33:19,164][src.modRNN.training.training_loop][INFO] - train epoch 1817 loss 0.5692 accuracy 70.31%
[2026-05-04 20:33:19,166][src.modRNN.training.training_loop][INFO] - 	 Starting Epoch: 1818
[2026-05-04 20:33:20,205][src.modRNN.training.training_loop][INFO] - train epoch 1818 loss 0.5563 accuracy 76.56%
[2026-05-04 20:33:20,206][src.modRNN.training.training_loop][INFO] - 	 Starting Epoch: 1819
[2026-05-04 20:33:21,244][src.modRNN.training.training_loop][INFO] - train epoch 1819 loss 0.6020 accuracy 67.19%
[2026-05-04 20:33:21,250][src.modRNN.training.training_loop][INFO] - 	 Starting Epoch: 1820
[2026-05-04 20:33:22,287][src.modRNN.training.training_loop][INFO] - train epoch 1820 loss 0.6496 accuracy 64.06%
[2026-05-04 20:33:22,288][src.modRNN.training.training_loop][INFO] - 	 Starting Epoch: 1821
[2026-05-04 20:33:23,324][src.modRNN.training.training_loop][INFO] - train epoch 1821 loss 0.5825 accuracy 70.31%
[2026-05-04 20:33:23,325][src.modRNN.training.training_loop][INFO] - 	 Starting Epoch: 1822
[2026-05-04 20:33:24,366][src.modRNN.training.training_loop][INFO] - train epoch 1822 loss 0.5758 accuracy 75.00%
[2026-05-04 20:33:24,368][src.modRNN.training.training_loop][INFO] - 	 Starting Epoch: 1823
[2026-05-04 20:33:25,406][src.modRNN.training.training_loop][INFO] - train epoch 1823 loss 0.5702 accuracy 76.56%
[2026-05-04 20:33:25,407][src.modRNN.training.training_loop][INFO] - 	 Starting Epoch: 1824
[2026-05-04 20:33:26,447][src.modRNN.training.training_loop][INFO] - train epoch 1824 loss 0.6000 accuracy 71.88%
[2026-05-04 20:33:26,448][src.modRNN.training.training_loop][INFO] - 	 Starting Epoch: 1825
[2026-05-04 20:33:27,488][src.modRNN.training.training_loop][INFO] - train epoch 1825 loss 0.5992 accuracy 73.44%
[2026-05-04 20:33:27,489][src.modRNN.training.training_loop][INFO] - 	 Starting Epoch: 1826
[2026-05-04 20:33:28,529][src.modRNN.training.training_loop][INFO] - train epoch 1826 loss 0.5979 accuracy 73.44%
[2026-05-04 20:33:30,603][src.modRNN.training.training_loop][INFO] - eval  epoch 1826 loss 0.6157 accuracy 68.95%
[2026-05-04 20:33:30,605][src.modRNN.training.training_loop][INFO] - 	 Starting Epoch: 1827
[2026-05-04 20:33:31,641][src.modRNN.training.training_loop][INFO] - train epoch 1827 loss 0.6279 accuracy 65.62%
[2026-05-04 20:33:31,642][src.modRNN.training.training_loop][INFO] - 	 Starting Epoch: 1828
[2026-05-04 20:33:32,674][src.modRNN.training.training_loop][INFO] - train epoch 1828 loss 0.6085 accuracy 65.62%
[2026-05-04 20:33:32,675][src.modRNN.training.training_loop][INFO] - 	 Starting Epoch: 1829
[2026-05-04 20:33:33,710][src.modRNN.training.training_loop][INFO] - train epoch 1829 loss 0.6640 accuracy 62.50%
[2026-05-04 20:33:33,712][src.modRNN.training.training_loop][INFO] - 	 Starting Epoch: 1830
[2026-05-04 20:33:34,745][src.modRNN.training.training_loop][INFO] - train epoch 1830 loss 0.5964 accuracy 70.31%
[2026-05-04 20:33:34,746][src.modRNN.training.training_loop][INFO] - 	 Starting Epoch: 1831
[2026-05-04 20:33:35,780][src.modRNN.training.training_loop][INFO] - train epoch 1831 loss 0.5830 accuracy 76.56%
[2026-05-04 20:33:35,781][src.modRNN.training.training_loop][INFO] - 	 Starting Epoch: 1832
[2026-05-04 20:33:36,812][src.modRNN.training.training_loop][INFO] - train epoch 1832 loss 0.5695 accuracy 78.12%
[2026-05-04 20:33:36,814][src.modRNN.training.training_loop][INFO] - 	 Starting Epoch: 1833
[2026-05-04 20:33:37,844][src.modRNN.training.training_loop][INFO] - train epoch 1833 loss 0.5709 accuracy 79.69%
[2026-05-04 20:33:37,845][src.modRNN.training.training_loop][INFO] - 	 Starting Epoch: 1834
[2026-05-04 20:33:38,875][src.modRNN.training.training_loop][INFO] - train epoch 1834 loss 0.5781 accuracy 79.69%
[2026-05-04 20:33:38,877][src.modRNN.training.training_loop][INFO] - 	 Starting Epoch: 1835
[2026-05-04 20:33:39,907][src.modRNN.training.training_loop][INFO] - train epoch 1835 loss 0.6231 accuracy 73.44%
[2026-05-04 20:33:39,909][src.modRNN.training.training_loop][INFO] - 	 Starting Epoch: 1836
[2026-05-04 20:33:40,938][src.modRNN.training.training_loop][INFO] - train epoch 1836 loss 0.6065 accuracy 75.00%
[2026-05-04 20:33:40,939][src.modRNN.training.training_loop][INFO] - 	 Starting Epoch: 1837
[2026-05-04 20:33:41,977][src.modRNN.training.training_loop][INFO] - train epoch 1837 loss 0.5143 accuracy 87.50%
[2026-05-04 20:33:42,000][src.modRNN.training.training_loop][INFO] - 	 Starting Epoch: 1838
[2026-05-04 20:33:43,114][src.modRNN.training.training_loop][INFO] - train epoch 1838 loss 0.5620 accuracy 78.12%
[2026-05-04 20:33:43,116][src.modRNN.training.training_loop][INFO] - 	 Starting Epoch: 1839
[2026-05-04 20:33:44,148][src.modRNN.training.training_loop][INFO] - train epoch 1839 loss 0.5223 accuracy 84.38%
[2026-05-04 20:33:44,150][src.modRNN.training.training_loop][INFO] - 	 Starting Epoch: 1840
[2026-05-04 20:33:45,180][src.modRNN.training.training_loop][INFO] - train epoch 1840 loss 0.6018 accuracy 71.88%
[2026-05-04 20:33:45,181][src.modRNN.training.training_loop][INFO] - 	 Starting Epoch: 1841
[2026-05-04 20:33:46,215][src.modRNN.training.training_loop][INFO] - train epoch 1841 loss 0.5545 accuracy 76.56%
[2026-05-04 20:33:46,217][src.modRNN.training.training_loop][INFO] - 	 Starting Epoch: 1842
[2026-05-04 20:33:47,249][src.modRNN.training.training_loop][INFO] - train epoch 1842 loss 0.5816 accuracy 78.12%
[2026-05-04 20:33:47,250][src.modRNN.training.training_loop][INFO] - 	 Starting Epoch: 1843
[2026-05-04 20:33:48,283][src.modRNN.training.training_loop][INFO] - train epoch 1843 loss 0.5698 accuracy 79.69%
[2026-05-04 20:33:48,284][src.modRNN.training.training_loop][INFO] - 	 Starting Epoch: 1844
[2026-05-04 20:33:49,316][src.modRNN.training.training_loop][INFO] - train epoch 1844 loss 0.5978 accuracy 70.31%
[2026-05-04 20:33:49,317][src.modRNN.training.training_loop][INFO] - 	 Starting Epoch: 1845
[2026-05-04 20:33:50,346][src.modRNN.training.training_loop][INFO] - train epoch 1845 loss 0.5858 accuracy 73.44%
[2026-05-04 20:33:50,348][src.modRNN.training.training_loop][INFO] - 	 Starting Epoch: 1846
[2026-05-04 20:33:51,380][src.modRNN.training.training_loop][INFO] - train epoch 1846 loss 0.6523 accuracy 65.62%
[2026-05-04 20:33:51,381][src.modRNN.training.training_loop][INFO] - 	 Starting Epoch: 1847
[2026-05-04 20:33:52,414][src.modRNN.training.training_loop][INFO] - train epoch 1847 loss 0.6049 accuracy 73.44%
[2026-05-04 20:33:52,415][src.modRNN.training.training_loop][INFO] - 	 Starting Epoch: 1848
[2026-05-04 20:33:53,445][src.modRNN.training.training_loop][INFO] - train epoch 1848 loss 0.5778 accuracy 78.12%
[2026-05-04 20:33:53,446][src.modRNN.training.training_loop][INFO] - 	 Starting Epoch: 1849
[2026-05-04 20:33:54,479][src.modRNN.training.training_loop][INFO] - train epoch 1849 loss 0.5682 accuracy 75.00%
[2026-05-04 20:33:54,481][src.modRNN.training.training_loop][INFO] - 	 Starting Epoch: 1850
[2026-05-04 20:33:55,514][src.modRNN.training.training_loop][INFO] - train epoch 1850 loss 0.6388 accuracy 64.06%
[2026-05-04 20:33:55,516][src.modRNN.training.training_loop][INFO] - 	 Starting Epoch: 1851
[2026-05-04 20:33:56,546][src.modRNN.training.training_loop][INFO] - train epoch 1851 loss 0.6142 accuracy 71.88%
[2026-05-04 20:33:58,616][src.modRNN.training.training_loop][INFO] - eval  epoch 1851 loss 0.6083 accuracy 71.88%
[2026-05-04 20:33:58,618][src.modRNN.training.training_loop][INFO] - 	 Starting Epoch: 1852
[2026-05-04 20:33:59,648][src.modRNN.training.training_loop][INFO] - train epoch 1852 loss 0.6068 accuracy 75.00%
[2026-05-04 20:33:59,650][src.modRNN.training.training_loop][INFO] - 	 Starting Epoch: 1853
[2026-05-04 20:34:00,681][src.modRNN.training.training_loop][INFO] - train epoch 1853 loss 0.5553 accuracy 78.12%
[2026-05-04 20:34:00,682][src.modRNN.training.training_loop][INFO] - 	 Starting Epoch: 1854
[2026-05-04 20:34:01,725][src.modRNN.training.training_loop][INFO] - train epoch 1854 loss 0.6064 accuracy 78.12%
[2026-05-04 20:34:01,727][src.modRNN.training.training_loop][INFO] - 	 Starting Epoch: 1855
[2026-05-04 20:34:02,767][src.modRNN.training.training_loop][INFO] - train epoch 1855 loss 0.5982 accuracy 76.56%
[2026-05-04 20:34:02,769][src.modRNN.training.training_loop][INFO] - 	 Starting Epoch: 1856
[2026-05-04 20:34:03,811][src.modRNN.training.training_loop][INFO] - train epoch 1856 loss 0.5951 accuracy 71.88%
[2026-05-04 20:34:03,812][src.modRNN.training.training_loop][INFO] - 	 Starting Epoch: 1857
[2026-05-04 20:34:04,851][src.modRNN.training.training_loop][INFO] - train epoch 1857 loss 0.6164 accuracy 68.75%
[2026-05-04 20:34:04,852][src.modRNN.training.training_loop][INFO] - 	 Starting Epoch: 1858
[2026-05-04 20:34:05,890][src.modRNN.training.training_loop][INFO] - train epoch 1858 loss 0.5823 accuracy 75.00%
[2026-05-04 20:34:05,892][src.modRNN.training.training_loop][INFO] - 	 Starting Epoch: 1859
[2026-05-04 20:34:06,930][src.modRNN.training.training_loop][INFO] - train epoch 1859 loss 0.6176 accuracy 70.31%
[2026-05-04 20:34:06,931][src.modRNN.training.training_loop][INFO] - 	 Starting Epoch: 1860
[2026-05-04 20:34:07,971][src.modRNN.training.training_loop][INFO] - train epoch 1860 loss 0.5196 accuracy 82.81%
[2026-05-04 20:34:07,972][src.modRNN.training.training_loop][INFO] - 	 Starting Epoch: 1861
[2026-05-04 20:34:09,011][src.modRNN.training.training_loop][INFO] - train epoch 1861 loss 0.6264 accuracy 70.31%
[2026-05-04 20:34:09,012][src.modRNN.training.training_loop][INFO] - 	 Starting Epoch: 1862
[2026-05-04 20:34:10,052][src.modRNN.training.training_loop][INFO] - train epoch 1862 loss 0.5438 accuracy 85.94%
[2026-05-04 20:34:10,054][src.modRNN.training.training_loop][INFO] - 	 Starting Epoch: 1863
[2026-05-04 20:34:11,093][src.modRNN.training.training_loop][INFO] - train epoch 1863 loss 0.5880 accuracy 76.56%
[2026-05-04 20:34:11,095][src.modRNN.training.training_loop][INFO] - 	 Starting Epoch: 1864
[2026-05-04 20:34:12,132][src.modRNN.training.training_loop][INFO] - train epoch 1864 loss 0.5874 accuracy 78.12%
[2026-05-04 20:34:12,134][src.modRNN.training.training_loop][INFO] - 	 Starting Epoch: 1865
[2026-05-04 20:34:13,172][src.modRNN.training.training_loop][INFO] - train epoch 1865 loss 0.5824 accuracy 75.00%
[2026-05-04 20:34:13,173][src.modRNN.training.training_loop][INFO] - 	 Starting Epoch: 1866
[2026-05-04 20:34:14,213][src.modRNN.training.training_loop][INFO] - train epoch 1866 loss 0.5576 accuracy 81.25%
[2026-05-04 20:34:14,214][src.modRNN.training.training_loop][INFO] - 	 Starting Epoch: 1867
[2026-05-04 20:34:15,252][src.modRNN.training.training_loop][INFO] - train epoch 1867 loss 0.5726 accuracy 76.56%
[2026-05-04 20:34:15,253][src.modRNN.training.training_loop][INFO] - 	 Starting Epoch: 1868
[2026-05-04 20:34:16,294][src.modRNN.training.training_loop][INFO] - train epoch 1868 loss 0.5601 accuracy 76.56%
[2026-05-04 20:34:16,295][src.modRNN.training.training_loop][INFO] - 	 Starting Epoch: 1869
[2026-05-04 20:34:17,332][src.modRNN.training.training_loop][INFO] - train epoch 1869 loss 0.5546 accuracy 79.69%
[2026-05-04 20:34:17,333][src.modRNN.training.training_loop][INFO] - 	 Starting Epoch: 1870
[2026-05-04 20:34:18,372][src.modRNN.training.training_loop][INFO] - train epoch 1870 loss 0.6514 accuracy 62.50%
[2026-05-04 20:34:18,374][src.modRNN.training.training_loop][INFO] - 	 Starting Epoch: 1871
[2026-05-04 20:34:19,412][src.modRNN.training.training_loop][INFO] - train epoch 1871 loss 0.6424 accuracy 65.62%
[2026-05-04 20:34:19,413][src.modRNN.training.training_loop][INFO] - 	 Starting Epoch: 1872
[2026-05-04 20:34:20,455][src.modRNN.training.training_loop][INFO] - train epoch 1872 loss 0.5074 accuracy 82.81%
[2026-05-04 20:34:20,457][src.modRNN.training.training_loop][INFO] - 	 Starting Epoch: 1873
[2026-05-04 20:34:21,496][src.modRNN.training.training_loop][INFO] - train epoch 1873 loss 0.6695 accuracy 59.38%
[2026-05-04 20:34:21,497][src.modRNN.training.training_loop][INFO] - 	 Starting Epoch: 1874
[2026-05-04 20:34:22,539][src.modRNN.training.training_loop][INFO] - train epoch 1874 loss 0.6156 accuracy 64.06%
[2026-05-04 20:34:22,540][src.modRNN.training.training_loop][INFO] - 	 Starting Epoch: 1875
[2026-05-04 20:34:23,580][src.modRNN.training.training_loop][INFO] - train epoch 1875 loss 0.6190 accuracy 73.44%
[2026-05-04 20:34:23,581][src.modRNN.training.training_loop][INFO] - 	 Starting Epoch: 1876
[2026-05-04 20:34:24,620][src.modRNN.training.training_loop][INFO] - train epoch 1876 loss 0.6064 accuracy 68.75%
[2026-05-04 20:34:26,694][src.modRNN.training.training_loop][INFO] - eval  epoch 1876 loss 0.5847 accuracy 74.80%
[2026-05-04 20:34:26,696][src.modRNN.training.training_loop][INFO] - 	 Starting Epoch: 1877
[2026-05-04 20:34:27,734][src.modRNN.training.training_loop][INFO] - train epoch 1877 loss 0.5782 accuracy 79.69%
[2026-05-04 20:34:27,736][src.modRNN.training.training_loop][INFO] - 	 Starting Epoch: 1878
[2026-05-04 20:34:28,774][src.modRNN.training.training_loop][INFO] - train epoch 1878 loss 0.6193 accuracy 64.06%
[2026-05-04 20:34:28,775][src.modRNN.training.training_loop][INFO] - 	 Starting Epoch: 1879
[2026-05-04 20:34:29,817][src.modRNN.training.training_loop][INFO] - train epoch 1879 loss 0.5397 accuracy 87.50%
[2026-05-04 20:34:29,818][src.modRNN.training.training_loop][INFO] - 	 Starting Epoch: 1880
[2026-05-04 20:34:30,858][src.modRNN.training.training_loop][INFO] - train epoch 1880 loss 0.5625 accuracy 78.12%
[2026-05-04 20:34:30,859][src.modRNN.training.training_loop][INFO] - 	 Starting Epoch: 1881
[2026-05-04 20:34:31,896][src.modRNN.training.training_loop][INFO] - train epoch 1881 loss 0.6055 accuracy 73.44%
[2026-05-04 20:34:31,897][src.modRNN.training.training_loop][INFO] - 	 Starting Epoch: 1882
[2026-05-04 20:34:32,927][src.modRNN.training.training_loop][INFO] - train epoch 1882 loss 0.6218 accuracy 67.19%
[2026-05-04 20:34:32,929][src.modRNN.training.training_loop][INFO] - 	 Starting Epoch: 1883
[2026-05-04 20:34:33,959][src.modRNN.training.training_loop][INFO] - train epoch 1883 loss 0.6214 accuracy 75.00%
[2026-05-04 20:34:33,961][src.modRNN.training.training_loop][INFO] - 	 Starting Epoch: 1884
[2026-05-04 20:34:34,992][src.modRNN.training.training_loop][INFO] - train epoch 1884 loss 0.6177 accuracy 64.06%
[2026-05-04 20:34:34,994][src.modRNN.training.training_loop][INFO] - 	 Starting Epoch: 1885
[2026-05-04 20:34:36,026][src.modRNN.training.training_loop][INFO] - train epoch 1885 loss 0.6397 accuracy 62.50%
[2026-05-04 20:34:36,028][src.modRNN.training.training_loop][INFO] - 	 Starting Epoch: 1886
[2026-05-04 20:34:37,056][src.modRNN.training.training_loop][INFO] - train epoch 1886 loss 0.5952 accuracy 79.69%
[2026-05-04 20:34:37,058][src.modRNN.training.training_loop][INFO] - 	 Starting Epoch: 1887
[2026-05-04 20:34:38,090][src.modRNN.training.training_loop][INFO] - train epoch 1887 loss 0.5944 accuracy 70.31%
[2026-05-04 20:34:38,091][src.modRNN.training.training_loop][INFO] - 	 Starting Epoch: 1888
[2026-05-04 20:34:39,121][src.modRNN.training.training_loop][INFO] - train epoch 1888 loss 0.6301 accuracy 65.62%
[2026-05-04 20:34:39,122][src.modRNN.training.training_loop][INFO] - 	 Starting Epoch: 1889
[2026-05-04 20:34:40,151][src.modRNN.training.training_loop][INFO] - train epoch 1889 loss 0.6005 accuracy 73.44%
[2026-05-04 20:34:40,153][src.modRNN.training.training_loop][INFO] - 	 Starting Epoch: 1890
[2026-05-04 20:34:41,184][src.modRNN.training.training_loop][INFO] - train epoch 1890 loss 0.5742 accuracy 73.44%
[2026-05-04 20:34:41,185][src.modRNN.training.training_loop][INFO] - 	 Starting Epoch: 1891
[2026-05-04 20:34:42,228][src.modRNN.training.training_loop][INFO] - train epoch 1891 loss 0.5305 accuracy 84.38%
[2026-05-04 20:34:42,231][src.modRNN.training.training_loop][INFO] - 	 Starting Epoch: 1892
[2026-05-04 20:34:43,319][src.modRNN.training.training_loop][INFO] - train epoch 1892 loss 0.5477 accuracy 82.81%
[2026-05-04 20:34:43,321][src.modRNN.training.training_loop][INFO] - 	 Starting Epoch: 1893
[2026-05-04 20:34:44,355][src.modRNN.training.training_loop][INFO] - train epoch 1893 loss 0.5972 accuracy 73.44%
[2026-05-04 20:34:44,357][src.modRNN.training.training_loop][INFO] - 	 Starting Epoch: 1894
[2026-05-04 20:34:45,389][src.modRNN.training.training_loop][INFO] - train epoch 1894 loss 0.5283 accuracy 84.38%
[2026-05-04 20:34:45,390][src.modRNN.training.training_loop][INFO] - 	 Starting Epoch: 1895
[2026-05-04 20:34:46,419][src.modRNN.training.training_loop][INFO] - train epoch 1895 loss 0.5570 accuracy 78.12%
[2026-05-04 20:34:46,421][src.modRNN.training.training_loop][INFO] - 	 Starting Epoch: 1896
[2026-05-04 20:34:47,449][src.modRNN.training.training_loop][INFO] - train epoch 1896 loss 0.5842 accuracy 78.12%
[2026-05-04 20:34:47,451][src.modRNN.training.training_loop][INFO] - 	 Starting Epoch: 1897
[2026-05-04 20:34:48,483][src.modRNN.training.training_loop][INFO] - train epoch 1897 loss 0.5737 accuracy 78.12%
[2026-05-04 20:34:48,484][src.modRNN.training.training_loop][INFO] - 	 Starting Epoch: 1898
[2026-05-04 20:34:49,515][src.modRNN.training.training_loop][INFO] - train epoch 1898 loss 0.5194 accuracy 82.81%
[2026-05-04 20:34:49,516][src.modRNN.training.training_loop][INFO] - 	 Starting Epoch: 1899
[2026-05-04 20:34:50,548][src.modRNN.training.training_loop][INFO] - train epoch 1899 loss 0.6045 accuracy 71.88%
[2026-05-04 20:34:50,549][src.modRNN.training.training_loop][INFO] - 	 Starting Epoch: 1900
[2026-05-04 20:34:51,579][src.modRNN.training.training_loop][INFO] - train epoch 1900 loss 0.5420 accuracy 79.69%
[2026-05-04 20:34:51,581][src.modRNN.training.training_loop][INFO] - 	 Starting Epoch: 1901
[2026-05-04 20:34:52,611][src.modRNN.training.training_loop][INFO] - train epoch 1901 loss 0.6088 accuracy 73.44%
[2026-05-04 20:34:54,687][src.modRNN.training.training_loop][INFO] - eval  epoch 1901 loss 0.5929 accuracy 75.20%
[2026-05-04 20:34:54,689][src.modRNN.training.training_loop][INFO] - 	 Starting Epoch: 1902
[2026-05-04 20:34:55,719][src.modRNN.training.training_loop][INFO] - train epoch 1902 loss 0.5654 accuracy 78.12%
[2026-05-04 20:34:55,721][src.modRNN.training.training_loop][INFO] - 	 Starting Epoch: 1903
[2026-05-04 20:34:56,751][src.modRNN.training.training_loop][INFO] - train epoch 1903 loss 0.5875 accuracy 76.56%
[2026-05-04 20:34:56,752][src.modRNN.training.training_loop][INFO] - 	 Starting Epoch: 1904
[2026-05-04 20:34:57,783][src.modRNN.training.training_loop][INFO] - train epoch 1904 loss 0.5643 accuracy 76.56%
[2026-05-04 20:34:57,785][src.modRNN.training.training_loop][INFO] - 	 Starting Epoch: 1905
[2026-05-04 20:34:58,815][src.modRNN.training.training_loop][INFO] - train epoch 1905 loss 0.5403 accuracy 85.94%
[2026-05-04 20:34:58,817][src.modRNN.training.training_loop][INFO] - 	 Starting Epoch: 1906
[2026-05-04 20:34:59,849][src.modRNN.training.training_loop][INFO] - train epoch 1906 loss 0.5867 accuracy 75.00%
[2026-05-04 20:34:59,850][src.modRNN.training.training_loop][INFO] - 	 Starting Epoch: 1907
[2026-05-04 20:35:00,879][src.modRNN.training.training_loop][INFO] - train epoch 1907 loss 0.5662 accuracy 71.88%
[2026-05-04 20:35:00,881][src.modRNN.training.training_loop][INFO] - 	 Starting Epoch: 1908
[2026-05-04 20:35:01,941][src.modRNN.training.training_loop][INFO] - train epoch 1908 loss 0.6040 accuracy 68.75%
[2026-05-04 20:35:01,943][src.modRNN.training.training_loop][INFO] - 	 Starting Epoch: 1909
[2026-05-04 20:35:02,980][src.modRNN.training.training_loop][INFO] - train epoch 1909 loss 0.5580 accuracy 73.44%
[2026-05-04 20:35:02,981][src.modRNN.training.training_loop][INFO] - 	 Starting Epoch: 1910
[2026-05-04 20:35:04,020][src.modRNN.training.training_loop][INFO] - train epoch 1910 loss 0.6152 accuracy 71.88%
[2026-05-04 20:35:04,021][src.modRNN.training.training_loop][INFO] - 	 Starting Epoch: 1911
[2026-05-04 20:35:05,061][src.modRNN.training.training_loop][INFO] - train epoch 1911 loss 0.5672 accuracy 82.81%
[2026-05-04 20:35:05,062][src.modRNN.training.training_loop][INFO] - 	 Starting Epoch: 1912
[2026-05-04 20:35:06,101][src.modRNN.training.training_loop][INFO] - train epoch 1912 loss 0.5826 accuracy 78.12%
[2026-05-04 20:35:06,103][src.modRNN.training.training_loop][INFO] - 	 Starting Epoch: 1913
[2026-05-04 20:35:07,139][src.modRNN.training.training_loop][INFO] - train epoch 1913 loss 0.6050 accuracy 70.31%
[2026-05-04 20:35:07,141][src.modRNN.training.training_loop][INFO] - 	 Starting Epoch: 1914
[2026-05-04 20:35:08,178][src.modRNN.training.training_loop][INFO] - train epoch 1914 loss 0.5775 accuracy 81.25%
[2026-05-04 20:35:08,180][src.modRNN.training.training_loop][INFO] - 	 Starting Epoch: 1915
[2026-05-04 20:35:09,217][src.modRNN.training.training_loop][INFO] - train epoch 1915 loss 0.6077 accuracy 68.75%
[2026-05-04 20:35:09,219][src.modRNN.training.training_loop][INFO] - 	 Starting Epoch: 1916
[2026-05-04 20:35:10,259][src.modRNN.training.training_loop][INFO] - train epoch 1916 loss 0.5803 accuracy 75.00%
[2026-05-04 20:35:10,261][src.modRNN.training.training_loop][INFO] - 	 Starting Epoch: 1917
[2026-05-04 20:35:11,301][src.modRNN.training.training_loop][INFO] - train epoch 1917 loss 0.5784 accuracy 78.12%
[2026-05-04 20:35:11,303][src.modRNN.training.training_loop][INFO] - 	 Starting Epoch: 1918
[2026-05-04 20:35:12,341][src.modRNN.training.training_loop][INFO] - train epoch 1918 loss 0.5675 accuracy 73.44%
[2026-05-04 20:35:12,343][src.modRNN.training.training_loop][INFO] - 	 Starting Epoch: 1919
[2026-05-04 20:35:13,380][src.modRNN.training.training_loop][INFO] - train epoch 1919 loss 0.5505 accuracy 79.69%
[2026-05-04 20:35:13,382][src.modRNN.training.training_loop][INFO] - 	 Starting Epoch: 1920
[2026-05-04 20:35:14,418][src.modRNN.training.training_loop][INFO] - train epoch 1920 loss 0.5594 accuracy 79.69%
[2026-05-04 20:35:14,419][src.modRNN.training.training_loop][INFO] - 	 Starting Epoch: 1921
[2026-05-04 20:35:15,454][src.modRNN.training.training_loop][INFO] - train epoch 1921 loss 0.5234 accuracy 89.06%
[2026-05-04 20:35:15,456][src.modRNN.training.training_loop][INFO] - 	 Starting Epoch: 1922
[2026-05-04 20:35:16,497][src.modRNN.training.training_loop][INFO] - train epoch 1922 loss 0.5760 accuracy 78.12%
[2026-05-04 20:35:16,498][src.modRNN.training.training_loop][INFO] - 	 Starting Epoch: 1923
[2026-05-04 20:35:17,537][src.modRNN.training.training_loop][INFO] - train epoch 1923 loss 0.6037 accuracy 68.75%
[2026-05-04 20:35:17,539][src.modRNN.training.training_loop][INFO] - 	 Starting Epoch: 1924
[2026-05-04 20:35:18,579][src.modRNN.training.training_loop][INFO] - train epoch 1924 loss 0.5642 accuracy 81.25%
[2026-05-04 20:35:18,581][src.modRNN.training.training_loop][INFO] - 	 Starting Epoch: 1925
[2026-05-04 20:35:19,617][src.modRNN.training.training_loop][INFO] - train epoch 1925 loss 0.5901 accuracy 78.12%
[2026-05-04 20:35:19,619][src.modRNN.training.training_loop][INFO] - 	 Starting Epoch: 1926
[2026-05-04 20:35:20,657][src.modRNN.training.training_loop][INFO] - train epoch 1926 loss 0.6166 accuracy 65.62%
[2026-05-04 20:35:22,731][src.modRNN.training.training_loop][INFO] - eval  epoch 1926 loss 0.5818 accuracy 77.93%
[2026-05-04 20:35:22,733][src.modRNN.training.training_loop][INFO] - 	 Starting Epoch: 1927
[2026-05-04 20:35:23,772][src.modRNN.training.training_loop][INFO] - train epoch 1927 loss 0.6384 accuracy 60.94%
[2026-05-04 20:35:23,773][src.modRNN.training.training_loop][INFO] - 	 Starting Epoch: 1928
[2026-05-04 20:35:24,811][src.modRNN.training.training_loop][INFO] - train epoch 1928 loss 0.6147 accuracy 68.75%
[2026-05-04 20:35:24,812][src.modRNN.training.training_loop][INFO] - 	 Starting Epoch: 1929
[2026-05-04 20:35:25,855][src.modRNN.training.training_loop][INFO] - train epoch 1929 loss 0.6132 accuracy 68.75%
[2026-05-04 20:35:25,857][src.modRNN.training.training_loop][INFO] - 	 Starting Epoch: 1930
[2026-05-04 20:35:26,898][src.modRNN.training.training_loop][INFO] - train epoch 1930 loss 0.5813 accuracy 78.12%
[2026-05-04 20:35:26,900][src.modRNN.training.training_loop][INFO] - 	 Starting Epoch: 1931
[2026-05-04 20:35:27,940][src.modRNN.training.training_loop][INFO] - train epoch 1931 loss 0.5543 accuracy 73.44%
[2026-05-04 20:35:27,942][src.modRNN.training.training_loop][INFO] - 	 Starting Epoch: 1932
[2026-05-04 20:35:28,980][src.modRNN.training.training_loop][INFO] - train epoch 1932 loss 0.5648 accuracy 73.44%
[2026-05-04 20:35:28,982][src.modRNN.training.training_loop][INFO] - 	 Starting Epoch: 1933
[2026-05-04 20:35:30,021][src.modRNN.training.training_loop][INFO] - train epoch 1933 loss 0.5632 accuracy 78.12%
[2026-05-04 20:35:30,022][src.modRNN.training.training_loop][INFO] - 	 Starting Epoch: 1934
[2026-05-04 20:35:31,060][src.modRNN.training.training_loop][INFO] - train epoch 1934 loss 0.5632 accuracy 76.56%
[2026-05-04 20:35:31,061][src.modRNN.training.training_loop][INFO] - 	 Starting Epoch: 1935
[2026-05-04 20:35:32,094][src.modRNN.training.training_loop][INFO] - train epoch 1935 loss 0.5891 accuracy 70.31%
[2026-05-04 20:35:32,095][src.modRNN.training.training_loop][INFO] - 	 Starting Epoch: 1936
[2026-05-04 20:35:33,126][src.modRNN.training.training_loop][INFO] - train epoch 1936 loss 0.5998 accuracy 70.31%
[2026-05-04 20:35:33,127][src.modRNN.training.training_loop][INFO] - 	 Starting Epoch: 1937
[2026-05-04 20:35:34,159][src.modRNN.training.training_loop][INFO] - train epoch 1937 loss 0.5798 accuracy 79.69%
[2026-05-04 20:35:34,161][src.modRNN.training.training_loop][INFO] - 	 Starting Epoch: 1938
[2026-05-04 20:35:35,192][src.modRNN.training.training_loop][INFO] - train epoch 1938 loss 0.5581 accuracy 82.81%
[2026-05-04 20:35:35,194][src.modRNN.training.training_loop][INFO] - 	 Starting Epoch: 1939
[2026-05-04 20:35:36,224][src.modRNN.training.training_loop][INFO] - train epoch 1939 loss 0.5464 accuracy 81.25%
[2026-05-04 20:35:36,225][src.modRNN.training.training_loop][INFO] - 	 Starting Epoch: 1940
[2026-05-04 20:35:37,256][src.modRNN.training.training_loop][INFO] - train epoch 1940 loss 0.5518 accuracy 81.25%
[2026-05-04 20:35:37,257][src.modRNN.training.training_loop][INFO] - 	 Starting Epoch: 1941
[2026-05-04 20:35:38,289][src.modRNN.training.training_loop][INFO] - train epoch 1941 loss 0.5698 accuracy 75.00%
[2026-05-04 20:35:38,290][src.modRNN.training.training_loop][INFO] - 	 Starting Epoch: 1942
[2026-05-04 20:35:39,322][src.modRNN.training.training_loop][INFO] - train epoch 1942 loss 0.5704 accuracy 75.00%
[2026-05-04 20:35:39,323][src.modRNN.training.training_loop][INFO] - 	 Starting Epoch: 1943
[2026-05-04 20:35:40,356][src.modRNN.training.training_loop][INFO] - train epoch 1943 loss 0.5701 accuracy 78.12%
[2026-05-04 20:35:40,358][src.modRNN.training.training_loop][INFO] - 	 Starting Epoch: 1944
[2026-05-04 20:35:41,388][src.modRNN.training.training_loop][INFO] - train epoch 1944 loss 0.5694 accuracy 76.56%
[2026-05-04 20:35:41,389][src.modRNN.training.training_loop][INFO] - 	 Starting Epoch: 1945
[2026-05-04 20:35:42,442][src.modRNN.training.training_loop][INFO] - train epoch 1945 loss 0.5969 accuracy 70.31%
[2026-05-04 20:35:42,447][src.modRNN.training.training_loop][INFO] - 	 Starting Epoch: 1946
[2026-05-04 20:35:43,541][src.modRNN.training.training_loop][INFO] - train epoch 1946 loss 0.5557 accuracy 79.69%
[2026-05-04 20:35:43,543][src.modRNN.training.training_loop][INFO] - 	 Starting Epoch: 1947
[2026-05-04 20:35:44,572][src.modRNN.training.training_loop][INFO] - train epoch 1947 loss 0.5996 accuracy 75.00%
[2026-05-04 20:35:44,573][src.modRNN.training.training_loop][INFO] - 	 Starting Epoch: 1948
[2026-05-04 20:35:45,603][src.modRNN.training.training_loop][INFO] - train epoch 1948 loss 0.6307 accuracy 67.19%
[2026-05-04 20:35:45,604][src.modRNN.training.training_loop][INFO] - 	 Starting Epoch: 1949
[2026-05-04 20:35:46,633][src.modRNN.training.training_loop][INFO] - train epoch 1949 loss 0.5855 accuracy 73.44%
[2026-05-04 20:35:46,635][src.modRNN.training.training_loop][INFO] - 	 Starting Epoch: 1950
[2026-05-04 20:35:47,665][src.modRNN.training.training_loop][INFO] - train epoch 1950 loss 0.5886 accuracy 73.44%
[2026-05-04 20:35:47,666][src.modRNN.training.training_loop][INFO] - 	 Starting Epoch: 1951
[2026-05-04 20:35:48,695][src.modRNN.training.training_loop][INFO] - train epoch 1951 loss 0.5381 accuracy 84.38%
[2026-05-04 20:35:50,771][src.modRNN.training.training_loop][INFO] - eval  epoch 1951 loss 0.5862 accuracy 75.00%
[2026-05-04 20:35:50,773][src.modRNN.training.training_loop][INFO] - 	 Starting Epoch: 1952
[2026-05-04 20:35:51,802][src.modRNN.training.training_loop][INFO] - train epoch 1952 loss 0.6325 accuracy 60.94%
[2026-05-04 20:35:51,803][src.modRNN.training.training_loop][INFO] - 	 Starting Epoch: 1953
[2026-05-04 20:35:52,836][src.modRNN.training.training_loop][INFO] - train epoch 1953 loss 0.5988 accuracy 76.56%
[2026-05-04 20:35:52,837][src.modRNN.training.training_loop][INFO] - 	 Starting Epoch: 1954
[2026-05-04 20:35:53,868][src.modRNN.training.training_loop][INFO] - train epoch 1954 loss 0.5391 accuracy 82.81%
[2026-05-04 20:35:53,869][src.modRNN.training.training_loop][INFO] - 	 Starting Epoch: 1955
[2026-05-04 20:35:54,897][src.modRNN.training.training_loop][INFO] - train epoch 1955 loss 0.5782 accuracy 75.00%
[2026-05-04 20:35:54,899][src.modRNN.training.training_loop][INFO] - 	 Starting Epoch: 1956
[2026-05-04 20:35:55,932][src.modRNN.training.training_loop][INFO] - train epoch 1956 loss 0.5874 accuracy 81.25%
[2026-05-04 20:35:55,933][src.modRNN.training.training_loop][INFO] - 	 Starting Epoch: 1957
[2026-05-04 20:35:56,961][src.modRNN.training.training_loop][INFO] - train epoch 1957 loss 0.5429 accuracy 84.38%
[2026-05-04 20:35:56,963][src.modRNN.training.training_loop][INFO] - 	 Starting Epoch: 1958
[2026-05-04 20:35:57,992][src.modRNN.training.training_loop][INFO] - train epoch 1958 loss 0.5960 accuracy 70.31%
[2026-05-04 20:35:57,993][src.modRNN.training.training_loop][INFO] - 	 Starting Epoch: 1959
[2026-05-04 20:35:59,020][src.modRNN.training.training_loop][INFO] - train epoch 1959 loss 0.5757 accuracy 78.12%
[2026-05-04 20:35:59,022][src.modRNN.training.training_loop][INFO] - 	 Starting Epoch: 1960
[2026-05-04 20:36:00,052][src.modRNN.training.training_loop][INFO] - train epoch 1960 loss 0.5559 accuracy 85.94%
[2026-05-04 20:36:00,054][src.modRNN.training.training_loop][INFO] - 	 Starting Epoch: 1961
[2026-05-04 20:36:01,083][src.modRNN.training.training_loop][INFO] - train epoch 1961 loss 0.5826 accuracy 79.69%
[2026-05-04 20:36:01,084][src.modRNN.training.training_loop][INFO] - 	 Starting Epoch: 1962
[2026-05-04 20:36:02,125][src.modRNN.training.training_loop][INFO] - train epoch 1962 loss 0.5771 accuracy 75.00%
[2026-05-04 20:36:02,126][src.modRNN.training.training_loop][INFO] - 	 Starting Epoch: 1963
[2026-05-04 20:36:03,164][src.modRNN.training.training_loop][INFO] - train epoch 1963 loss 0.5305 accuracy 79.69%
[2026-05-04 20:36:03,166][src.modRNN.training.training_loop][INFO] - 	 Starting Epoch: 1964
[2026-05-04 20:36:04,204][src.modRNN.training.training_loop][INFO] - train epoch 1964 loss 0.5860 accuracy 79.69%
[2026-05-04 20:36:04,206][src.modRNN.training.training_loop][INFO] - 	 Starting Epoch: 1965
[2026-05-04 20:36:05,244][src.modRNN.training.training_loop][INFO] - train epoch 1965 loss 0.5633 accuracy 73.44%
[2026-05-04 20:36:05,245][src.modRNN.training.training_loop][INFO] - 	 Starting Epoch: 1966
[2026-05-04 20:36:06,286][src.modRNN.training.training_loop][INFO] - train epoch 1966 loss 0.5834 accuracy 78.12%
[2026-05-04 20:36:06,287][src.modRNN.training.training_loop][INFO] - 	 Starting Epoch: 1967
[2026-05-04 20:36:07,325][src.modRNN.training.training_loop][INFO] - train epoch 1967 loss 0.5997 accuracy 67.19%
[2026-05-04 20:36:07,326][src.modRNN.training.training_loop][INFO] - 	 Starting Epoch: 1968
[2026-05-04 20:36:08,367][src.modRNN.training.training_loop][INFO] - train epoch 1968 loss 0.5980 accuracy 70.31%
[2026-05-04 20:36:08,368][src.modRNN.training.training_loop][INFO] - 	 Starting Epoch: 1969
[2026-05-04 20:36:09,406][src.modRNN.training.training_loop][INFO] - train epoch 1969 loss 0.5741 accuracy 81.25%
[2026-05-04 20:36:09,408][src.modRNN.training.training_loop][INFO] - 	 Starting Epoch: 1970
[2026-05-04 20:36:10,445][src.modRNN.training.training_loop][INFO] - train epoch 1970 loss 0.5026 accuracy 89.06%
[2026-05-04 20:36:10,447][src.modRNN.training.training_loop][INFO] - 	 Starting Epoch: 1971
[2026-05-04 20:36:11,485][src.modRNN.training.training_loop][INFO] - train epoch 1971 loss 0.5914 accuracy 75.00%
[2026-05-04 20:36:11,486][src.modRNN.training.training_loop][INFO] - 	 Starting Epoch: 1972
[2026-05-04 20:36:12,526][src.modRNN.training.training_loop][INFO] - train epoch 1972 loss 0.5731 accuracy 76.56%
[2026-05-04 20:36:12,527][src.modRNN.training.training_loop][INFO] - 	 Starting Epoch: 1973
[2026-05-04 20:36:13,565][src.modRNN.training.training_loop][INFO] - train epoch 1973 loss 0.5558 accuracy 78.12%
[2026-05-04 20:36:13,567][src.modRNN.training.training_loop][INFO] - 	 Starting Epoch: 1974
[2026-05-04 20:36:14,608][src.modRNN.training.training_loop][INFO] - train epoch 1974 loss 0.5843 accuracy 79.69%
[2026-05-04 20:36:14,609][src.modRNN.training.training_loop][INFO] - 	 Starting Epoch: 1975
[2026-05-04 20:36:15,647][src.modRNN.training.training_loop][INFO] - train epoch 1975 loss 0.6083 accuracy 71.88%
[2026-05-04 20:36:15,649][src.modRNN.training.training_loop][INFO] - 	 Starting Epoch: 1976
[2026-05-04 20:36:16,687][src.modRNN.training.training_loop][INFO] - train epoch 1976 loss 0.5948 accuracy 73.44%
[2026-05-04 20:36:18,760][src.modRNN.training.training_loop][INFO] - eval  epoch 1976 loss 0.5769 accuracy 79.30%
[2026-05-04 20:36:18,762][src.modRNN.training.training_loop][INFO] - 	 Starting Epoch: 1977
[2026-05-04 20:36:19,804][src.modRNN.training.training_loop][INFO] - train epoch 1977 loss 0.5827 accuracy 73.44%
[2026-05-04 20:36:19,805][src.modRNN.training.training_loop][INFO] - 	 Starting Epoch: 1978
[2026-05-04 20:36:20,843][src.modRNN.training.training_loop][INFO] - train epoch 1978 loss 0.5832 accuracy 78.12%
[2026-05-04 20:36:20,845][src.modRNN.training.training_loop][INFO] - 	 Starting Epoch: 1979
[2026-05-04 20:36:21,885][src.modRNN.training.training_loop][INFO] - train epoch 1979 loss 0.5868 accuracy 75.00%
[2026-05-04 20:36:21,887][src.modRNN.training.training_loop][INFO] - 	 Starting Epoch: 1980
[2026-05-04 20:36:22,924][src.modRNN.training.training_loop][INFO] - train epoch 1980 loss 0.5936 accuracy 78.12%
[2026-05-04 20:36:22,926][src.modRNN.training.training_loop][INFO] - 	 Starting Epoch: 1981
[2026-05-04 20:36:23,968][src.modRNN.training.training_loop][INFO] - train epoch 1981 loss 0.5992 accuracy 73.44%
[2026-05-04 20:36:23,969][src.modRNN.training.training_loop][INFO] - 	 Starting Epoch: 1982
[2026-05-04 20:36:25,009][src.modRNN.training.training_loop][INFO] - train epoch 1982 loss 0.5933 accuracy 73.44%
[2026-05-04 20:36:25,010][src.modRNN.training.training_loop][INFO] - 	 Starting Epoch: 1983
[2026-05-04 20:36:26,047][src.modRNN.training.training_loop][INFO] - train epoch 1983 loss 0.5605 accuracy 79.69%
[2026-05-04 20:36:26,049][src.modRNN.training.training_loop][INFO] - 	 Starting Epoch: 1984
[2026-05-04 20:36:27,087][src.modRNN.training.training_loop][INFO] - train epoch 1984 loss 0.6290 accuracy 68.75%
[2026-05-04 20:36:27,088][src.modRNN.training.training_loop][INFO] - 	 Starting Epoch: 1985
[2026-05-04 20:36:28,128][src.modRNN.training.training_loop][INFO] - train epoch 1985 loss 0.5700 accuracy 75.00%
[2026-05-04 20:36:28,130][src.modRNN.training.training_loop][INFO] - 	 Starting Epoch: 1986
[2026-05-04 20:36:29,169][src.modRNN.training.training_loop][INFO] - train epoch 1986 loss 0.5791 accuracy 70.31%
[2026-05-04 20:36:29,171][src.modRNN.training.training_loop][INFO] - 	 Starting Epoch: 1987
[2026-05-04 20:36:30,212][src.modRNN.training.training_loop][INFO] - train epoch 1987 loss 0.5426 accuracy 81.25%
[2026-05-04 20:36:30,213][src.modRNN.training.training_loop][INFO] - 	 Starting Epoch: 1988
[2026-05-04 20:36:31,250][src.modRNN.training.training_loop][INFO] - train epoch 1988 loss 0.6197 accuracy 70.31%
[2026-05-04 20:36:31,252][src.modRNN.training.training_loop][INFO] - 	 Starting Epoch: 1989
[2026-05-04 20:36:32,284][src.modRNN.training.training_loop][INFO] - train epoch 1989 loss 0.5488 accuracy 76.56%
[2026-05-04 20:36:32,285][src.modRNN.training.training_loop][INFO] - 	 Starting Epoch: 1990
[2026-05-04 20:36:33,316][src.modRNN.training.training_loop][INFO] - train epoch 1990 loss 0.6212 accuracy 68.75%
[2026-05-04 20:36:33,317][src.modRNN.training.training_loop][INFO] - 	 Starting Epoch: 1991
[2026-05-04 20:36:34,350][src.modRNN.training.training_loop][INFO] - train epoch 1991 loss 0.5397 accuracy 79.69%
[2026-05-04 20:36:34,351][src.modRNN.training.training_loop][INFO] - 	 Starting Epoch: 1992
[2026-05-04 20:36:35,384][src.modRNN.training.training_loop][INFO] - train epoch 1992 loss 0.5892 accuracy 78.12%
[2026-05-04 20:36:35,385][src.modRNN.training.training_loop][INFO] - 	 Starting Epoch: 1993
[2026-05-04 20:36:36,418][src.modRNN.training.training_loop][INFO] - train epoch 1993 loss 0.5346 accuracy 82.81%
[2026-05-04 20:36:36,420][src.modRNN.training.training_loop][INFO] - 	 Starting Epoch: 1994
[2026-05-04 20:36:37,451][src.modRNN.training.training_loop][INFO] - train epoch 1994 loss 0.6316 accuracy 68.75%
[2026-05-04 20:36:37,453][src.modRNN.training.training_loop][INFO] - 	 Starting Epoch: 1995
[2026-05-04 20:36:38,484][src.modRNN.training.training_loop][INFO] - train epoch 1995 loss 0.5943 accuracy 75.00%
[2026-05-04 20:36:38,485][src.modRNN.training.training_loop][INFO] - 	 Starting Epoch: 1996
[2026-05-04 20:36:39,514][src.modRNN.training.training_loop][INFO] - train epoch 1996 loss 0.6206 accuracy 67.19%
[2026-05-04 20:36:39,515][src.modRNN.training.training_loop][INFO] - 	 Starting Epoch: 1997
[2026-05-04 20:36:40,548][src.modRNN.training.training_loop][INFO] - train epoch 1997 loss 0.5647 accuracy 75.00%
[2026-05-04 20:36:40,550][src.modRNN.training.training_loop][INFO] - 	 Starting Epoch: 1998
[2026-05-04 20:36:41,579][src.modRNN.training.training_loop][INFO] - train epoch 1998 loss 0.5687 accuracy 76.56%
[2026-05-04 20:36:41,581][src.modRNN.training.training_loop][INFO] - 	 Starting Epoch: 1999
[2026-05-04 20:36:42,643][src.modRNN.training.training_loop][INFO] - train epoch 1999 loss 0.5333 accuracy 84.38%
[2026-05-04 20:36:42,649][src.modRNN.training.training_loop][INFO] - 	 Starting Epoch: 2000
[2026-05-04 20:36:43,730][src.modRNN.training.training_loop][INFO] - train epoch 2000 loss 0.5389 accuracy 84.38%
[2026-05-04 20:36:45,803][src.modRNN.training.training_loop][INFO] - eval  epoch 2000 loss 0.5883 accuracy 75.59%
[2026-05-04 20:36:48,772][src.modRNN.training.training_loop][INFO] - firing rate eval set  average 12.0 max 46.8 min 4.4
[2026-05-04 20:36:51,015][src.modRNN.training.training_loop][INFO] - Training completed all 2000 iterations.
