[2026-06-20 08:11:18,303][jax._src.xla_bridge][INFO] - Unable to initialize backend 'rocm': module 'jaxlib.xla_extension' has no attribute 'GpuAllocatorConfig'
[2026-06-20 08:11:18,305][jax._src.xla_bridge][INFO] - Unable to initialize backend 'tpu': INTERNAL: Failed to open libtpu.so: libtpu.so: cannot open shared object file: No such file or directory
[2026-06-20 08:11:25,940][src.modRNN.training.training_loop][INFO] - Starting training...
[2026-06-20 08:11:26,942][src.modRNN.training.training_loop][INFO] - 	 Starting Epoch: 1
[2026-06-20 08:11:29,430][src.modRNN.training.training_loop][INFO] - train epoch 001 loss 0.6931 accuracy 43.75%
[2026-06-20 08:11:30,788][src.modRNN.training.training_loop][INFO] - eval  epoch 001 loss 0.6932 accuracy 50.39%
[2026-06-20 08:11:30,790][src.modRNN.training.training_loop][INFO] - 	 Starting Epoch: 2
[2026-06-20 08:11:31,506][src.modRNN.training.training_loop][INFO] - train epoch 002 loss 0.6932 accuracy 51.56%
[2026-06-20 08:11:31,507][src.modRNN.training.training_loop][INFO] - 	 Starting Epoch: 3
[2026-06-20 08:11:32,222][src.modRNN.training.training_loop][INFO] - train epoch 003 loss 0.6931 accuracy 54.69%
[2026-06-20 08:11:32,224][src.modRNN.training.training_loop][INFO] - 	 Starting Epoch: 4
[2026-06-20 08:11:32,939][src.modRNN.training.training_loop][INFO] - train epoch 004 loss 0.6932 accuracy 46.88%
[2026-06-20 08:11:32,941][src.modRNN.training.training_loop][INFO] - 	 Starting Epoch: 5
[2026-06-20 08:11:33,655][src.modRNN.training.training_loop][INFO] - train epoch 005 loss 0.6932 accuracy 45.31%
[2026-06-20 08:11:33,657][src.modRNN.training.training_loop][INFO] - 	 Starting Epoch: 6
[2026-06-20 08:11:34,371][src.modRNN.training.training_loop][INFO] - train epoch 006 loss 0.6932 accuracy 43.75%
[2026-06-20 08:11:34,373][src.modRNN.training.training_loop][INFO] - 	 Starting Epoch: 7
[2026-06-20 08:11:35,088][src.modRNN.training.training_loop][INFO] - train epoch 007 loss 0.6932 accuracy 51.56%
[2026-06-20 08:11:35,090][src.modRNN.training.training_loop][INFO] - 	 Starting Epoch: 8
[2026-06-20 08:11:35,805][src.modRNN.training.training_loop][INFO] - train epoch 008 loss 0.6931 accuracy 50.00%
[2026-06-20 08:11:35,807][src.modRNN.training.training_loop][INFO] - 	 Starting Epoch: 9
[2026-06-20 08:11:36,522][src.modRNN.training.training_loop][INFO] - train epoch 009 loss 0.6931 accuracy 48.44%
[2026-06-20 08:11:36,524][src.modRNN.training.training_loop][INFO] - 	 Starting Epoch: 10
[2026-06-20 08:11:37,236][src.modRNN.training.training_loop][INFO] - train epoch 010 loss 0.6931 accuracy 56.25%
[2026-06-20 08:11:37,238][src.modRNN.training.training_loop][INFO] - 	 Starting Epoch: 11
[2026-06-20 08:11:37,951][src.modRNN.training.training_loop][INFO] - train epoch 011 loss 0.6931 accuracy 46.88%
[2026-06-20 08:11:37,953][src.modRNN.training.training_loop][INFO] - 	 Starting Epoch: 12
[2026-06-20 08:11:38,668][src.modRNN.training.training_loop][INFO] - train epoch 012 loss 0.6931 accuracy 46.88%
[2026-06-20 08:11:38,670][src.modRNN.training.training_loop][INFO] - 	 Starting Epoch: 13
[2026-06-20 08:11:39,382][src.modRNN.training.training_loop][INFO] - train epoch 013 loss 0.6932 accuracy 46.88%
[2026-06-20 08:11:39,384][src.modRNN.training.training_loop][INFO] - 	 Starting Epoch: 14
[2026-06-20 08:11:40,098][src.modRNN.training.training_loop][INFO] - train epoch 014 loss 0.6931 accuracy 51.56%
[2026-06-20 08:11:40,100][src.modRNN.training.training_loop][INFO] - 	 Starting Epoch: 15
[2026-06-20 08:11:40,813][src.modRNN.training.training_loop][INFO] - train epoch 015 loss 0.6932 accuracy 51.56%
[2026-06-20 08:11:40,815][src.modRNN.training.training_loop][INFO] - 	 Starting Epoch: 16
[2026-06-20 08:11:41,529][src.modRNN.training.training_loop][INFO] - train epoch 016 loss 0.6931 accuracy 48.44%
[2026-06-20 08:11:41,531][src.modRNN.training.training_loop][INFO] - 	 Starting Epoch: 17
[2026-06-20 08:11:42,245][src.modRNN.training.training_loop][INFO] - train epoch 017 loss 0.6931 accuracy 40.62%
[2026-06-20 08:11:42,247][src.modRNN.training.training_loop][INFO] - 	 Starting Epoch: 18
[2026-06-20 08:11:42,962][src.modRNN.training.training_loop][INFO] - train epoch 018 loss 0.6931 accuracy 32.81%
[2026-06-20 08:11:42,964][src.modRNN.training.training_loop][INFO] - 	 Starting Epoch: 19
[2026-06-20 08:11:43,679][src.modRNN.training.training_loop][INFO] - train epoch 019 loss 0.6931 accuracy 45.31%
[2026-06-20 08:11:43,681][src.modRNN.training.training_loop][INFO] - 	 Starting Epoch: 20
[2026-06-20 08:11:44,396][src.modRNN.training.training_loop][INFO] - train epoch 020 loss 0.6932 accuracy 39.06%
[2026-06-20 08:11:44,398][src.modRNN.training.training_loop][INFO] - 	 Starting Epoch: 21
[2026-06-20 08:11:45,113][src.modRNN.training.training_loop][INFO] - train epoch 021 loss 0.6931 accuracy 54.69%
[2026-06-20 08:11:45,115][src.modRNN.training.training_loop][INFO] - 	 Starting Epoch: 22
[2026-06-20 08:11:45,830][src.modRNN.training.training_loop][INFO] - train epoch 022 loss 0.6931 accuracy 39.06%
[2026-06-20 08:11:45,832][src.modRNN.training.training_loop][INFO] - 	 Starting Epoch: 23
[2026-06-20 08:11:46,546][src.modRNN.training.training_loop][INFO] - train epoch 023 loss 0.6931 accuracy 51.56%
[2026-06-20 08:11:46,548][src.modRNN.training.training_loop][INFO] - 	 Starting Epoch: 24
[2026-06-20 08:11:47,265][src.modRNN.training.training_loop][INFO] - train epoch 024 loss 0.6931 accuracy 43.75%
[2026-06-20 08:11:47,267][src.modRNN.training.training_loop][INFO] - 	 Starting Epoch: 25
[2026-06-20 08:11:47,982][src.modRNN.training.training_loop][INFO] - train epoch 025 loss 0.6931 accuracy 35.94%
[2026-06-20 08:11:47,984][src.modRNN.training.training_loop][INFO] - 	 Starting Epoch: 26
[2026-06-20 08:11:48,700][src.modRNN.training.training_loop][INFO] - train epoch 026 loss 0.6931 accuracy 46.88%
[2026-06-20 08:11:49,810][src.modRNN.training.training_loop][INFO] - eval  epoch 026 loss 0.6931 accuracy 47.07%
[2026-06-20 08:11:49,811][src.modRNN.training.training_loop][INFO] - 	 Starting Epoch: 27
[2026-06-20 08:11:50,529][src.modRNN.training.training_loop][INFO] - train epoch 027 loss 0.6931 accuracy 37.50%
[2026-06-20 08:11:50,531][src.modRNN.training.training_loop][INFO] - 	 Starting Epoch: 28
[2026-06-20 08:11:51,249][src.modRNN.training.training_loop][INFO] - train epoch 028 loss 0.6932 accuracy 34.38%
[2026-06-20 08:11:51,250][src.modRNN.training.training_loop][INFO] - 	 Starting Epoch: 29
[2026-06-20 08:11:51,966][src.modRNN.training.training_loop][INFO] - train epoch 029 loss 0.6931 accuracy 43.75%
[2026-06-20 08:11:51,968][src.modRNN.training.training_loop][INFO] - 	 Starting Epoch: 30
[2026-06-20 08:11:52,682][src.modRNN.training.training_loop][INFO] - train epoch 030 loss 0.6931 accuracy 42.19%
[2026-06-20 08:11:52,684][src.modRNN.training.training_loop][INFO] - 	 Starting Epoch: 31
[2026-06-20 08:11:53,400][src.modRNN.training.training_loop][INFO] - train epoch 031 loss 0.6931 accuracy 45.31%
[2026-06-20 08:11:53,401][src.modRNN.training.training_loop][INFO] - 	 Starting Epoch: 32
[2026-06-20 08:11:54,117][src.modRNN.training.training_loop][INFO] - train epoch 032 loss 0.6931 accuracy 51.56%
[2026-06-20 08:11:54,119][src.modRNN.training.training_loop][INFO] - 	 Starting Epoch: 33
[2026-06-20 08:11:54,837][src.modRNN.training.training_loop][INFO] - train epoch 033 loss 0.6931 accuracy 48.44%
[2026-06-20 08:11:54,839][src.modRNN.training.training_loop][INFO] - 	 Starting Epoch: 34
[2026-06-20 08:11:55,556][src.modRNN.training.training_loop][INFO] - train epoch 034 loss 0.6931 accuracy 45.31%
[2026-06-20 08:11:55,558][src.modRNN.training.training_loop][INFO] - 	 Starting Epoch: 35
[2026-06-20 08:11:56,274][src.modRNN.training.training_loop][INFO] - train epoch 035 loss 0.6931 accuracy 46.88%
[2026-06-20 08:11:56,276][src.modRNN.training.training_loop][INFO] - 	 Starting Epoch: 36
[2026-06-20 08:11:56,993][src.modRNN.training.training_loop][INFO] - train epoch 036 loss 0.6932 accuracy 48.44%
[2026-06-20 08:11:56,995][src.modRNN.training.training_loop][INFO] - 	 Starting Epoch: 37
[2026-06-20 08:11:57,712][src.modRNN.training.training_loop][INFO] - train epoch 037 loss 0.6931 accuracy 35.94%
[2026-06-20 08:11:57,714][src.modRNN.training.training_loop][INFO] - 	 Starting Epoch: 38
[2026-06-20 08:11:58,429][src.modRNN.training.training_loop][INFO] - train epoch 038 loss 0.6931 accuracy 45.31%
[2026-06-20 08:11:58,431][src.modRNN.training.training_loop][INFO] - 	 Starting Epoch: 39
[2026-06-20 08:11:59,148][src.modRNN.training.training_loop][INFO] - train epoch 039 loss 0.6931 accuracy 42.19%
[2026-06-20 08:11:59,149][src.modRNN.training.training_loop][INFO] - 	 Starting Epoch: 40
[2026-06-20 08:11:59,866][src.modRNN.training.training_loop][INFO] - train epoch 040 loss 0.6931 accuracy 48.44%
[2026-06-20 08:11:59,868][src.modRNN.training.training_loop][INFO] - 	 Starting Epoch: 41
[2026-06-20 08:12:00,583][src.modRNN.training.training_loop][INFO] - train epoch 041 loss 0.6931 accuracy 51.56%
[2026-06-20 08:12:00,585][src.modRNN.training.training_loop][INFO] - 	 Starting Epoch: 42
[2026-06-20 08:12:01,305][src.modRNN.training.training_loop][INFO] - train epoch 042 loss 0.6931 accuracy 51.56%
[2026-06-20 08:12:01,307][src.modRNN.training.training_loop][INFO] - 	 Starting Epoch: 43
[2026-06-20 08:12:02,026][src.modRNN.training.training_loop][INFO] - train epoch 043 loss 0.6931 accuracy 48.44%
[2026-06-20 08:12:02,028][src.modRNN.training.training_loop][INFO] - 	 Starting Epoch: 44
[2026-06-20 08:12:02,745][src.modRNN.training.training_loop][INFO] - train epoch 044 loss 0.6931 accuracy 45.31%
[2026-06-20 08:12:02,747][src.modRNN.training.training_loop][INFO] - 	 Starting Epoch: 45
[2026-06-20 08:12:03,465][src.modRNN.training.training_loop][INFO] - train epoch 045 loss 0.6931 accuracy 54.69%
[2026-06-20 08:12:03,467][src.modRNN.training.training_loop][INFO] - 	 Starting Epoch: 46
[2026-06-20 08:12:04,183][src.modRNN.training.training_loop][INFO] - train epoch 046 loss 0.6931 accuracy 35.94%
[2026-06-20 08:12:04,185][src.modRNN.training.training_loop][INFO] - 	 Starting Epoch: 47
[2026-06-20 08:12:04,900][src.modRNN.training.training_loop][INFO] - train epoch 047 loss 0.6931 accuracy 42.19%
[2026-06-20 08:12:04,902][src.modRNN.training.training_loop][INFO] - 	 Starting Epoch: 48
[2026-06-20 08:12:05,620][src.modRNN.training.training_loop][INFO] - train epoch 048 loss 0.6931 accuracy 51.56%
[2026-06-20 08:12:05,621][src.modRNN.training.training_loop][INFO] - 	 Starting Epoch: 49
[2026-06-20 08:12:06,338][src.modRNN.training.training_loop][INFO] - train epoch 049 loss 0.6931 accuracy 46.88%
[2026-06-20 08:12:06,340][src.modRNN.training.training_loop][INFO] - 	 Starting Epoch: 50
[2026-06-20 08:12:07,056][src.modRNN.training.training_loop][INFO] - train epoch 050 loss 0.6931 accuracy 43.75%
[2026-06-20 08:12:07,058][src.modRNN.training.training_loop][INFO] - 	 Starting Epoch: 51
[2026-06-20 08:12:07,775][src.modRNN.training.training_loop][INFO] - train epoch 051 loss 0.6931 accuracy 43.75%
[2026-06-20 08:12:08,885][src.modRNN.training.training_loop][INFO] - eval  epoch 051 loss 0.6931 accuracy 45.90%
[2026-06-20 08:12:08,886][src.modRNN.training.training_loop][INFO] - 	 Starting Epoch: 52
[2026-06-20 08:12:09,602][src.modRNN.training.training_loop][INFO] - train epoch 052 loss 0.6931 accuracy 50.00%
[2026-06-20 08:12:09,604][src.modRNN.training.training_loop][INFO] - 	 Starting Epoch: 53
[2026-06-20 08:12:10,319][src.modRNN.training.training_loop][INFO] - train epoch 053 loss 0.6931 accuracy 53.12%
[2026-06-20 08:12:10,321][src.modRNN.training.training_loop][INFO] - 	 Starting Epoch: 54
[2026-06-20 08:12:11,036][src.modRNN.training.training_loop][INFO] - train epoch 054 loss 0.6931 accuracy 43.75%
[2026-06-20 08:12:11,038][src.modRNN.training.training_loop][INFO] - 	 Starting Epoch: 55
[2026-06-20 08:12:11,755][src.modRNN.training.training_loop][INFO] - train epoch 055 loss 0.6931 accuracy 46.88%
[2026-06-20 08:12:11,758][src.modRNN.training.training_loop][INFO] - 	 Starting Epoch: 56
[2026-06-20 08:12:12,474][src.modRNN.training.training_loop][INFO] - train epoch 056 loss 0.6931 accuracy 59.38%
[2026-06-20 08:12:12,475][src.modRNN.training.training_loop][INFO] - 	 Starting Epoch: 57
[2026-06-20 08:12:13,190][src.modRNN.training.training_loop][INFO] - train epoch 057 loss 0.6931 accuracy 43.75%
[2026-06-20 08:12:13,192][src.modRNN.training.training_loop][INFO] - 	 Starting Epoch: 58
[2026-06-20 08:12:13,908][src.modRNN.training.training_loop][INFO] - train epoch 058 loss 0.6931 accuracy 46.88%
[2026-06-20 08:12:13,910][src.modRNN.training.training_loop][INFO] - 	 Starting Epoch: 59
[2026-06-20 08:12:14,627][src.modRNN.training.training_loop][INFO] - train epoch 059 loss 0.6931 accuracy 50.00%
[2026-06-20 08:12:14,628][src.modRNN.training.training_loop][INFO] - 	 Starting Epoch: 60
[2026-06-20 08:12:15,345][src.modRNN.training.training_loop][INFO] - train epoch 060 loss 0.6931 accuracy 48.44%
[2026-06-20 08:12:15,347][src.modRNN.training.training_loop][INFO] - 	 Starting Epoch: 61
[2026-06-20 08:12:16,064][src.modRNN.training.training_loop][INFO] - train epoch 061 loss 0.6931 accuracy 37.50%
[2026-06-20 08:12:16,066][src.modRNN.training.training_loop][INFO] - 	 Starting Epoch: 62
[2026-06-20 08:12:16,782][src.modRNN.training.training_loop][INFO] - train epoch 062 loss 0.6931 accuracy 34.38%
[2026-06-20 08:12:16,784][src.modRNN.training.training_loop][INFO] - 	 Starting Epoch: 63
[2026-06-20 08:12:17,499][src.modRNN.training.training_loop][INFO] - train epoch 063 loss 0.6932 accuracy 48.44%
[2026-06-20 08:12:17,501][src.modRNN.training.training_loop][INFO] - 	 Starting Epoch: 64
[2026-06-20 08:12:18,216][src.modRNN.training.training_loop][INFO] - train epoch 064 loss 0.6931 accuracy 39.06%
[2026-06-20 08:12:18,218][src.modRNN.training.training_loop][INFO] - 	 Starting Epoch: 65
[2026-06-20 08:12:18,933][src.modRNN.training.training_loop][INFO] - train epoch 065 loss 0.6931 accuracy 50.00%
[2026-06-20 08:12:18,935][src.modRNN.training.training_loop][INFO] - 	 Starting Epoch: 66
[2026-06-20 08:12:19,650][src.modRNN.training.training_loop][INFO] - train epoch 066 loss 0.6931 accuracy 53.12%
[2026-06-20 08:12:19,652][src.modRNN.training.training_loop][INFO] - 	 Starting Epoch: 67
[2026-06-20 08:12:20,367][src.modRNN.training.training_loop][INFO] - train epoch 067 loss 0.6931 accuracy 37.50%
[2026-06-20 08:12:20,368][src.modRNN.training.training_loop][INFO] - 	 Starting Epoch: 68
[2026-06-20 08:12:21,084][src.modRNN.training.training_loop][INFO] - train epoch 068 loss 0.6931 accuracy 54.69%
[2026-06-20 08:12:21,086][src.modRNN.training.training_loop][INFO] - 	 Starting Epoch: 69
[2026-06-20 08:12:21,800][src.modRNN.training.training_loop][INFO] - train epoch 069 loss 0.6931 accuracy 50.00%
[2026-06-20 08:12:21,802][src.modRNN.training.training_loop][INFO] - 	 Starting Epoch: 70
[2026-06-20 08:12:22,518][src.modRNN.training.training_loop][INFO] - train epoch 070 loss 0.6931 accuracy 35.94%
[2026-06-20 08:12:22,520][src.modRNN.training.training_loop][INFO] - 	 Starting Epoch: 71
[2026-06-20 08:12:23,236][src.modRNN.training.training_loop][INFO] - train epoch 071 loss 0.6930 accuracy 51.56%
[2026-06-20 08:12:23,238][src.modRNN.training.training_loop][INFO] - 	 Starting Epoch: 72
[2026-06-20 08:12:23,957][src.modRNN.training.training_loop][INFO] - train epoch 072 loss 0.6931 accuracy 46.88%
[2026-06-20 08:12:23,959][src.modRNN.training.training_loop][INFO] - 	 Starting Epoch: 73
[2026-06-20 08:12:24,677][src.modRNN.training.training_loop][INFO] - train epoch 073 loss 0.6931 accuracy 40.62%
[2026-06-20 08:12:24,678][src.modRNN.training.training_loop][INFO] - 	 Starting Epoch: 74
[2026-06-20 08:12:25,396][src.modRNN.training.training_loop][INFO] - train epoch 074 loss 0.6930 accuracy 56.25%
[2026-06-20 08:12:25,398][src.modRNN.training.training_loop][INFO] - 	 Starting Epoch: 75
[2026-06-20 08:12:26,117][src.modRNN.training.training_loop][INFO] - train epoch 075 loss 0.6930 accuracy 54.69%
[2026-06-20 08:12:26,119][src.modRNN.training.training_loop][INFO] - 	 Starting Epoch: 76
[2026-06-20 08:12:26,837][src.modRNN.training.training_loop][INFO] - train epoch 076 loss 0.6931 accuracy 45.31%
[2026-06-20 08:12:27,949][src.modRNN.training.training_loop][INFO] - eval  epoch 076 loss 0.6930 accuracy 51.95%
[2026-06-20 08:12:27,951][src.modRNN.training.training_loop][INFO] - 	 Starting Epoch: 77
[2026-06-20 08:12:28,672][src.modRNN.training.training_loop][INFO] - train epoch 077 loss 0.6931 accuracy 51.56%
[2026-06-20 08:12:28,674][src.modRNN.training.training_loop][INFO] - 	 Starting Epoch: 78
[2026-06-20 08:12:29,396][src.modRNN.training.training_loop][INFO] - train epoch 078 loss 0.6930 accuracy 59.38%
[2026-06-20 08:12:29,397][src.modRNN.training.training_loop][INFO] - 	 Starting Epoch: 79
[2026-06-20 08:12:30,118][src.modRNN.training.training_loop][INFO] - train epoch 079 loss 0.6930 accuracy 56.25%
[2026-06-20 08:12:30,119][src.modRNN.training.training_loop][INFO] - 	 Starting Epoch: 80
[2026-06-20 08:12:30,840][src.modRNN.training.training_loop][INFO] - train epoch 080 loss 0.6931 accuracy 53.12%
[2026-06-20 08:12:30,842][src.modRNN.training.training_loop][INFO] - 	 Starting Epoch: 81
[2026-06-20 08:12:31,563][src.modRNN.training.training_loop][INFO] - train epoch 081 loss 0.6928 accuracy 50.00%
[2026-06-20 08:12:31,565][src.modRNN.training.training_loop][INFO] - 	 Starting Epoch: 82
[2026-06-20 08:12:32,286][src.modRNN.training.training_loop][INFO] - train epoch 082 loss 0.6929 accuracy 43.75%
[2026-06-20 08:12:32,287][src.modRNN.training.training_loop][INFO] - 	 Starting Epoch: 83
[2026-06-20 08:12:33,006][src.modRNN.training.training_loop][INFO] - train epoch 083 loss 0.6929 accuracy 53.12%
[2026-06-20 08:12:33,008][src.modRNN.training.training_loop][INFO] - 	 Starting Epoch: 84
[2026-06-20 08:12:33,727][src.modRNN.training.training_loop][INFO] - train epoch 084 loss 0.6929 accuracy 46.88%
[2026-06-20 08:12:33,729][src.modRNN.training.training_loop][INFO] - 	 Starting Epoch: 85
[2026-06-20 08:12:34,451][src.modRNN.training.training_loop][INFO] - train epoch 085 loss 0.6930 accuracy 51.56%
[2026-06-20 08:12:34,453][src.modRNN.training.training_loop][INFO] - 	 Starting Epoch: 86
[2026-06-20 08:12:35,174][src.modRNN.training.training_loop][INFO] - train epoch 086 loss 0.6930 accuracy 45.31%
[2026-06-20 08:12:35,176][src.modRNN.training.training_loop][INFO] - 	 Starting Epoch: 87
[2026-06-20 08:12:35,898][src.modRNN.training.training_loop][INFO] - train epoch 087 loss 0.6931 accuracy 54.69%
[2026-06-20 08:12:35,899][src.modRNN.training.training_loop][INFO] - 	 Starting Epoch: 88
[2026-06-20 08:12:36,619][src.modRNN.training.training_loop][INFO] - train epoch 088 loss 0.6930 accuracy 43.75%
[2026-06-20 08:12:36,621][src.modRNN.training.training_loop][INFO] - 	 Starting Epoch: 89
[2026-06-20 08:12:37,342][src.modRNN.training.training_loop][INFO] - train epoch 089 loss 0.6927 accuracy 54.69%
[2026-06-20 08:12:37,344][src.modRNN.training.training_loop][INFO] - 	 Starting Epoch: 90
[2026-06-20 08:12:38,066][src.modRNN.training.training_loop][INFO] - train epoch 090 loss 0.6929 accuracy 48.44%
[2026-06-20 08:12:38,068][src.modRNN.training.training_loop][INFO] - 	 Starting Epoch: 91
[2026-06-20 08:12:38,787][src.modRNN.training.training_loop][INFO] - train epoch 091 loss 0.6929 accuracy 56.25%
[2026-06-20 08:12:38,789][src.modRNN.training.training_loop][INFO] - 	 Starting Epoch: 92
[2026-06-20 08:12:39,509][src.modRNN.training.training_loop][INFO] - train epoch 092 loss 0.6926 accuracy 59.38%
[2026-06-20 08:12:39,511][src.modRNN.training.training_loop][INFO] - 	 Starting Epoch: 93
[2026-06-20 08:12:40,232][src.modRNN.training.training_loop][INFO] - train epoch 093 loss 0.6923 accuracy 51.56%
[2026-06-20 08:12:40,234][src.modRNN.training.training_loop][INFO] - 	 Starting Epoch: 94
[2026-06-20 08:12:40,956][src.modRNN.training.training_loop][INFO] - train epoch 094 loss 0.6926 accuracy 45.31%
[2026-06-20 08:12:40,958][src.modRNN.training.training_loop][INFO] - 	 Starting Epoch: 95
[2026-06-20 08:12:41,679][src.modRNN.training.training_loop][INFO] - train epoch 095 loss 0.6926 accuracy 56.25%
[2026-06-20 08:12:41,681][src.modRNN.training.training_loop][INFO] - 	 Starting Epoch: 96
[2026-06-20 08:12:42,400][src.modRNN.training.training_loop][INFO] - train epoch 096 loss 0.6925 accuracy 48.44%
[2026-06-20 08:12:42,402][src.modRNN.training.training_loop][INFO] - 	 Starting Epoch: 97
[2026-06-20 08:12:43,121][src.modRNN.training.training_loop][INFO] - train epoch 097 loss 0.6927 accuracy 64.06%
[2026-06-20 08:12:43,123][src.modRNN.training.training_loop][INFO] - 	 Starting Epoch: 98
[2026-06-20 08:12:43,845][src.modRNN.training.training_loop][INFO] - train epoch 098 loss 0.6927 accuracy 51.56%
[2026-06-20 08:12:43,847][src.modRNN.training.training_loop][INFO] - 	 Starting Epoch: 99
[2026-06-20 08:12:44,567][src.modRNN.training.training_loop][INFO] - train epoch 099 loss 0.6929 accuracy 45.31%
[2026-06-20 08:12:44,569][src.modRNN.training.training_loop][INFO] - 	 Starting Epoch: 100
[2026-06-20 08:12:45,289][src.modRNN.training.training_loop][INFO] - train epoch 100 loss 0.6923 accuracy 64.06%
[2026-06-20 08:12:45,290][src.modRNN.training.training_loop][INFO] - 	 Starting Epoch: 101
[2026-06-20 08:12:46,013][src.modRNN.training.training_loop][INFO] - train epoch 101 loss 0.6925 accuracy 54.69%
[2026-06-20 08:12:47,128][src.modRNN.training.training_loop][INFO] - eval  epoch 101 loss 0.6925 accuracy 55.86%
[2026-06-20 08:12:47,129][src.modRNN.training.training_loop][INFO] - 	 Starting Epoch: 102
[2026-06-20 08:12:47,849][src.modRNN.training.training_loop][INFO] - train epoch 102 loss 0.6930 accuracy 46.88%
[2026-06-20 08:12:47,851][src.modRNN.training.training_loop][INFO] - 	 Starting Epoch: 103
[2026-06-20 08:12:48,572][src.modRNN.training.training_loop][INFO] - train epoch 103 loss 0.6931 accuracy 48.44%
[2026-06-20 08:12:48,573][src.modRNN.training.training_loop][INFO] - 	 Starting Epoch: 104
[2026-06-20 08:12:49,293][src.modRNN.training.training_loop][INFO] - train epoch 104 loss 0.6922 accuracy 51.56%
[2026-06-20 08:12:49,295][src.modRNN.training.training_loop][INFO] - 	 Starting Epoch: 105
[2026-06-20 08:12:50,014][src.modRNN.training.training_loop][INFO] - train epoch 105 loss 0.6921 accuracy 59.38%
[2026-06-20 08:12:50,016][src.modRNN.training.training_loop][INFO] - 	 Starting Epoch: 106
[2026-06-20 08:12:50,735][src.modRNN.training.training_loop][INFO] - train epoch 106 loss 0.6928 accuracy 50.00%
[2026-06-20 08:12:50,737][src.modRNN.training.training_loop][INFO] - 	 Starting Epoch: 107
[2026-06-20 08:12:51,455][src.modRNN.training.training_loop][INFO] - train epoch 107 loss 0.6925 accuracy 56.25%
[2026-06-20 08:12:51,457][src.modRNN.training.training_loop][INFO] - 	 Starting Epoch: 108
[2026-06-20 08:12:52,176][src.modRNN.training.training_loop][INFO] - train epoch 108 loss 0.6920 accuracy 54.69%
[2026-06-20 08:12:52,178][src.modRNN.training.training_loop][INFO] - 	 Starting Epoch: 109
[2026-06-20 08:12:52,894][src.modRNN.training.training_loop][INFO] - train epoch 109 loss 0.6924 accuracy 53.12%
[2026-06-20 08:12:52,895][src.modRNN.training.training_loop][INFO] - 	 Starting Epoch: 110
[2026-06-20 08:12:53,614][src.modRNN.training.training_loop][INFO] - train epoch 110 loss 0.6922 accuracy 53.12%
[2026-06-20 08:12:53,616][src.modRNN.training.training_loop][INFO] - 	 Starting Epoch: 111
[2026-06-20 08:12:54,336][src.modRNN.training.training_loop][INFO] - train epoch 111 loss 0.6921 accuracy 48.44%
[2026-06-20 08:12:54,338][src.modRNN.training.training_loop][INFO] - 	 Starting Epoch: 112
[2026-06-20 08:12:55,056][src.modRNN.training.training_loop][INFO] - train epoch 112 loss 0.6921 accuracy 51.56%
[2026-06-20 08:12:55,058][src.modRNN.training.training_loop][INFO] - 	 Starting Epoch: 113
[2026-06-20 08:12:55,776][src.modRNN.training.training_loop][INFO] - train epoch 113 loss 0.6925 accuracy 35.94%
[2026-06-20 08:12:55,778][src.modRNN.training.training_loop][INFO] - 	 Starting Epoch: 114
[2026-06-20 08:12:56,494][src.modRNN.training.training_loop][INFO] - train epoch 114 loss 0.6896 accuracy 53.12%
[2026-06-20 08:12:56,496][src.modRNN.training.training_loop][INFO] - 	 Starting Epoch: 115
[2026-06-20 08:12:57,213][src.modRNN.training.training_loop][INFO] - train epoch 115 loss 0.6920 accuracy 42.19%
[2026-06-20 08:12:57,215][src.modRNN.training.training_loop][INFO] - 	 Starting Epoch: 116
[2026-06-20 08:12:57,934][src.modRNN.training.training_loop][INFO] - train epoch 116 loss 0.6917 accuracy 42.19%
[2026-06-20 08:12:57,936][src.modRNN.training.training_loop][INFO] - 	 Starting Epoch: 117
[2026-06-20 08:12:58,653][src.modRNN.training.training_loop][INFO] - train epoch 117 loss 0.6923 accuracy 40.62%
[2026-06-20 08:12:58,655][src.modRNN.training.training_loop][INFO] - 	 Starting Epoch: 118
[2026-06-20 08:12:59,372][src.modRNN.training.training_loop][INFO] - train epoch 118 loss 0.6884 accuracy 59.38%
[2026-06-20 08:12:59,374][src.modRNN.training.training_loop][INFO] - 	 Starting Epoch: 119
[2026-06-20 08:13:00,092][src.modRNN.training.training_loop][INFO] - train epoch 119 loss 0.6902 accuracy 46.88%
[2026-06-20 08:13:00,094][src.modRNN.training.training_loop][INFO] - 	 Starting Epoch: 120
[2026-06-20 08:13:00,814][src.modRNN.training.training_loop][INFO] - train epoch 120 loss 0.6899 accuracy 42.19%
[2026-06-20 08:13:00,816][src.modRNN.training.training_loop][INFO] - 	 Starting Epoch: 121
[2026-06-20 08:13:01,533][src.modRNN.training.training_loop][INFO] - train epoch 121 loss 0.6895 accuracy 48.44%
[2026-06-20 08:13:01,535][src.modRNN.training.training_loop][INFO] - 	 Starting Epoch: 122
[2026-06-20 08:13:02,253][src.modRNN.training.training_loop][INFO] - train epoch 122 loss 0.6929 accuracy 60.94%
[2026-06-20 08:13:02,255][src.modRNN.training.training_loop][INFO] - 	 Starting Epoch: 123
[2026-06-20 08:13:02,973][src.modRNN.training.training_loop][INFO] - train epoch 123 loss 0.6882 accuracy 57.81%
[2026-06-20 08:13:02,975][src.modRNN.training.training_loop][INFO] - 	 Starting Epoch: 124
[2026-06-20 08:13:03,695][src.modRNN.training.training_loop][INFO] - train epoch 124 loss 0.6907 accuracy 45.31%
[2026-06-20 08:13:03,697][src.modRNN.training.training_loop][INFO] - 	 Starting Epoch: 125
[2026-06-20 08:13:04,416][src.modRNN.training.training_loop][INFO] - train epoch 125 loss 0.6920 accuracy 43.75%
[2026-06-20 08:13:04,417][src.modRNN.training.training_loop][INFO] - 	 Starting Epoch: 126
[2026-06-20 08:13:05,135][src.modRNN.training.training_loop][INFO] - train epoch 126 loss 0.6833 accuracy 54.69%
[2026-06-20 08:13:06,252][src.modRNN.training.training_loop][INFO] - eval  epoch 126 loss 0.6861 accuracy 47.07%
[2026-06-20 08:13:06,253][src.modRNN.training.training_loop][INFO] - 	 Starting Epoch: 127
[2026-06-20 08:13:06,970][src.modRNN.training.training_loop][INFO] - train epoch 127 loss 0.6895 accuracy 43.75%
[2026-06-20 08:13:06,971][src.modRNN.training.training_loop][INFO] - 	 Starting Epoch: 128
[2026-06-20 08:13:07,689][src.modRNN.training.training_loop][INFO] - train epoch 128 loss 0.6838 accuracy 50.00%
[2026-06-20 08:13:07,691][src.modRNN.training.training_loop][INFO] - 	 Starting Epoch: 129
[2026-06-20 08:13:08,410][src.modRNN.training.training_loop][INFO] - train epoch 129 loss 0.6844 accuracy 46.88%
[2026-06-20 08:13:08,412][src.modRNN.training.training_loop][INFO] - 	 Starting Epoch: 130
[2026-06-20 08:13:09,130][src.modRNN.training.training_loop][INFO] - train epoch 130 loss 0.6810 accuracy 51.56%
[2026-06-20 08:13:09,132][src.modRNN.training.training_loop][INFO] - 	 Starting Epoch: 131
[2026-06-20 08:13:09,853][src.modRNN.training.training_loop][INFO] - train epoch 131 loss 0.6868 accuracy 48.44%
[2026-06-20 08:13:09,854][src.modRNN.training.training_loop][INFO] - 	 Starting Epoch: 132
[2026-06-20 08:13:10,572][src.modRNN.training.training_loop][INFO] - train epoch 132 loss 0.6774 accuracy 45.31%
[2026-06-20 08:13:10,574][src.modRNN.training.training_loop][INFO] - 	 Starting Epoch: 133
[2026-06-20 08:13:11,292][src.modRNN.training.training_loop][INFO] - train epoch 133 loss 0.6829 accuracy 40.62%
[2026-06-20 08:13:11,293][src.modRNN.training.training_loop][INFO] - 	 Starting Epoch: 134
[2026-06-20 08:13:12,012][src.modRNN.training.training_loop][INFO] - train epoch 134 loss 0.6746 accuracy 57.81%
[2026-06-20 08:13:12,013][src.modRNN.training.training_loop][INFO] - 	 Starting Epoch: 135
[2026-06-20 08:13:12,730][src.modRNN.training.training_loop][INFO] - train epoch 135 loss 0.6832 accuracy 59.38%
[2026-06-20 08:13:12,732][src.modRNN.training.training_loop][INFO] - 	 Starting Epoch: 136
[2026-06-20 08:13:13,450][src.modRNN.training.training_loop][INFO] - train epoch 136 loss 0.6896 accuracy 56.25%
[2026-06-20 08:13:13,452][src.modRNN.training.training_loop][INFO] - 	 Starting Epoch: 137
[2026-06-20 08:13:14,170][src.modRNN.training.training_loop][INFO] - train epoch 137 loss 0.6810 accuracy 62.50%
[2026-06-20 08:13:14,172][src.modRNN.training.training_loop][INFO] - 	 Starting Epoch: 138
[2026-06-20 08:13:14,892][src.modRNN.training.training_loop][INFO] - train epoch 138 loss 0.6745 accuracy 57.81%
[2026-06-20 08:13:14,894][src.modRNN.training.training_loop][INFO] - 	 Starting Epoch: 139
[2026-06-20 08:13:15,612][src.modRNN.training.training_loop][INFO] - train epoch 139 loss 0.6613 accuracy 67.19%
[2026-06-20 08:13:15,614][src.modRNN.training.training_loop][INFO] - 	 Starting Epoch: 140
[2026-06-20 08:13:16,333][src.modRNN.training.training_loop][INFO] - train epoch 140 loss 0.6604 accuracy 64.06%
[2026-06-20 08:13:16,335][src.modRNN.training.training_loop][INFO] - 	 Starting Epoch: 141
[2026-06-20 08:13:17,056][src.modRNN.training.training_loop][INFO] - train epoch 141 loss 0.6841 accuracy 53.12%
[2026-06-20 08:13:17,058][src.modRNN.training.training_loop][INFO] - 	 Starting Epoch: 142
[2026-06-20 08:13:17,777][src.modRNN.training.training_loop][INFO] - train epoch 142 loss 0.6670 accuracy 57.81%
[2026-06-20 08:13:17,779][src.modRNN.training.training_loop][INFO] - 	 Starting Epoch: 143
[2026-06-20 08:13:18,497][src.modRNN.training.training_loop][INFO] - train epoch 143 loss 0.6789 accuracy 53.12%
[2026-06-20 08:13:18,499][src.modRNN.training.training_loop][INFO] - 	 Starting Epoch: 144
[2026-06-20 08:13:19,219][src.modRNN.training.training_loop][INFO] - train epoch 144 loss 0.6924 accuracy 46.88%
[2026-06-20 08:13:19,220][src.modRNN.training.training_loop][INFO] - 	 Starting Epoch: 145
[2026-06-20 08:13:19,940][src.modRNN.training.training_loop][INFO] - train epoch 145 loss 0.6513 accuracy 59.38%
[2026-06-20 08:13:19,941][src.modRNN.training.training_loop][INFO] - 	 Starting Epoch: 146
[2026-06-20 08:13:20,662][src.modRNN.training.training_loop][INFO] - train epoch 146 loss 0.6813 accuracy 45.31%
[2026-06-20 08:13:20,664][src.modRNN.training.training_loop][INFO] - 	 Starting Epoch: 147
[2026-06-20 08:13:21,385][src.modRNN.training.training_loop][INFO] - train epoch 147 loss 0.6669 accuracy 51.56%
[2026-06-20 08:13:21,386][src.modRNN.training.training_loop][INFO] - 	 Starting Epoch: 148
[2026-06-20 08:13:22,105][src.modRNN.training.training_loop][INFO] - train epoch 148 loss 0.6714 accuracy 46.88%
[2026-06-20 08:13:22,107][src.modRNN.training.training_loop][INFO] - 	 Starting Epoch: 149
[2026-06-20 08:13:22,826][src.modRNN.training.training_loop][INFO] - train epoch 149 loss 0.6659 accuracy 57.81%
[2026-06-20 08:13:22,828][src.modRNN.training.training_loop][INFO] - 	 Starting Epoch: 150
[2026-06-20 08:13:23,547][src.modRNN.training.training_loop][INFO] - train epoch 150 loss 0.6838 accuracy 59.38%
[2026-06-20 08:13:23,549][src.modRNN.training.training_loop][INFO] - 	 Starting Epoch: 151
[2026-06-20 08:13:24,267][src.modRNN.training.training_loop][INFO] - train epoch 151 loss 0.6935 accuracy 42.19%
[2026-06-20 08:13:25,379][src.modRNN.training.training_loop][INFO] - eval  epoch 151 loss 0.6765 accuracy 49.02%
[2026-06-20 08:13:25,381][src.modRNN.training.training_loop][INFO] - 	 Starting Epoch: 152
[2026-06-20 08:13:26,097][src.modRNN.training.training_loop][INFO] - train epoch 152 loss 0.6638 accuracy 57.81%
[2026-06-20 08:13:26,099][src.modRNN.training.training_loop][INFO] - 	 Starting Epoch: 153
[2026-06-20 08:13:26,816][src.modRNN.training.training_loop][INFO] - train epoch 153 loss 0.6590 accuracy 50.00%
[2026-06-20 08:13:26,818][src.modRNN.training.training_loop][INFO] - 	 Starting Epoch: 154
[2026-06-20 08:13:27,535][src.modRNN.training.training_loop][INFO] - train epoch 154 loss 0.6660 accuracy 51.56%
[2026-06-20 08:13:27,537][src.modRNN.training.training_loop][INFO] - 	 Starting Epoch: 155
[2026-06-20 08:13:28,256][src.modRNN.training.training_loop][INFO] - train epoch 155 loss 0.6507 accuracy 70.31%
[2026-06-20 08:13:28,258][src.modRNN.training.training_loop][INFO] - 	 Starting Epoch: 156
[2026-06-20 08:13:28,981][src.modRNN.training.training_loop][INFO] - train epoch 156 loss 0.6543 accuracy 68.75%
[2026-06-20 08:13:28,983][src.modRNN.training.training_loop][INFO] - 	 Starting Epoch: 157
[2026-06-20 08:13:29,706][src.modRNN.training.training_loop][INFO] - train epoch 157 loss 0.6856 accuracy 65.62%
[2026-06-20 08:13:29,708][src.modRNN.training.training_loop][INFO] - 	 Starting Epoch: 158
[2026-06-20 08:13:30,432][src.modRNN.training.training_loop][INFO] - train epoch 158 loss 0.6810 accuracy 60.94%
[2026-06-20 08:13:30,434][src.modRNN.training.training_loop][INFO] - 	 Starting Epoch: 159
[2026-06-20 08:13:31,158][src.modRNN.training.training_loop][INFO] - train epoch 159 loss 0.6404 accuracy 73.44%
[2026-06-20 08:13:31,159][src.modRNN.training.training_loop][INFO] - 	 Starting Epoch: 160
[2026-06-20 08:13:31,882][src.modRNN.training.training_loop][INFO] - train epoch 160 loss 0.6696 accuracy 64.06%
[2026-06-20 08:13:31,884][src.modRNN.training.training_loop][INFO] - 	 Starting Epoch: 161
[2026-06-20 08:13:32,606][src.modRNN.training.training_loop][INFO] - train epoch 161 loss 0.6528 accuracy 67.19%
[2026-06-20 08:13:32,608][src.modRNN.training.training_loop][INFO] - 	 Starting Epoch: 162
[2026-06-20 08:13:33,331][src.modRNN.training.training_loop][INFO] - train epoch 162 loss 0.6625 accuracy 60.94%
[2026-06-20 08:13:33,332][src.modRNN.training.training_loop][INFO] - 	 Starting Epoch: 163
[2026-06-20 08:13:34,054][src.modRNN.training.training_loop][INFO] - train epoch 163 loss 0.6532 accuracy 67.19%
[2026-06-20 08:13:34,056][src.modRNN.training.training_loop][INFO] - 	 Starting Epoch: 164
[2026-06-20 08:13:34,781][src.modRNN.training.training_loop][INFO] - train epoch 164 loss 0.6560 accuracy 64.06%
[2026-06-20 08:13:34,782][src.modRNN.training.training_loop][INFO] - 	 Starting Epoch: 165
[2026-06-20 08:13:35,506][src.modRNN.training.training_loop][INFO] - train epoch 165 loss 0.6701 accuracy 59.38%
[2026-06-20 08:13:35,508][src.modRNN.training.training_loop][INFO] - 	 Starting Epoch: 166
[2026-06-20 08:13:36,232][src.modRNN.training.training_loop][INFO] - train epoch 166 loss 0.6892 accuracy 59.38%
[2026-06-20 08:13:36,233][src.modRNN.training.training_loop][INFO] - 	 Starting Epoch: 167
[2026-06-20 08:13:36,960][src.modRNN.training.training_loop][INFO] - train epoch 167 loss 0.7039 accuracy 46.88%
[2026-06-20 08:13:36,962][src.modRNN.training.training_loop][INFO] - 	 Starting Epoch: 168
[2026-06-20 08:13:37,686][src.modRNN.training.training_loop][INFO] - train epoch 168 loss 0.6665 accuracy 51.56%
[2026-06-20 08:13:37,687][src.modRNN.training.training_loop][INFO] - 	 Starting Epoch: 169
[2026-06-20 08:13:38,410][src.modRNN.training.training_loop][INFO] - train epoch 169 loss 0.6572 accuracy 62.50%
[2026-06-20 08:13:38,412][src.modRNN.training.training_loop][INFO] - 	 Starting Epoch: 170
[2026-06-20 08:13:39,134][src.modRNN.training.training_loop][INFO] - train epoch 170 loss 0.6460 accuracy 67.19%
[2026-06-20 08:13:39,136][src.modRNN.training.training_loop][INFO] - 	 Starting Epoch: 171
[2026-06-20 08:13:39,860][src.modRNN.training.training_loop][INFO] - train epoch 171 loss 0.6652 accuracy 56.25%
[2026-06-20 08:13:39,861][src.modRNN.training.training_loop][INFO] - 	 Starting Epoch: 172
[2026-06-20 08:13:40,585][src.modRNN.training.training_loop][INFO] - train epoch 172 loss 0.6580 accuracy 71.88%
[2026-06-20 08:13:40,586][src.modRNN.training.training_loop][INFO] - 	 Starting Epoch: 173
[2026-06-20 08:13:41,309][src.modRNN.training.training_loop][INFO] - train epoch 173 loss 0.6691 accuracy 65.62%
[2026-06-20 08:13:41,311][src.modRNN.training.training_loop][INFO] - 	 Starting Epoch: 174
[2026-06-20 08:13:42,033][src.modRNN.training.training_loop][INFO] - train epoch 174 loss 0.6734 accuracy 65.62%
[2026-06-20 08:13:42,035][src.modRNN.training.training_loop][INFO] - 	 Starting Epoch: 175
[2026-06-20 08:13:42,758][src.modRNN.training.training_loop][INFO] - train epoch 175 loss 0.6640 accuracy 73.44%
[2026-06-20 08:13:42,760][src.modRNN.training.training_loop][INFO] - 	 Starting Epoch: 176
[2026-06-20 08:13:43,482][src.modRNN.training.training_loop][INFO] - train epoch 176 loss 0.6701 accuracy 65.62%
[2026-06-20 08:13:44,607][src.modRNN.training.training_loop][INFO] - eval  epoch 176 loss 0.6683 accuracy 68.55%
[2026-06-20 08:13:44,609][src.modRNN.training.training_loop][INFO] - 	 Starting Epoch: 177
[2026-06-20 08:13:45,332][src.modRNN.training.training_loop][INFO] - train epoch 177 loss 0.6699 accuracy 64.06%
[2026-06-20 08:13:45,334][src.modRNN.training.training_loop][INFO] - 	 Starting Epoch: 178
[2026-06-20 08:13:46,058][src.modRNN.training.training_loop][INFO] - train epoch 178 loss 0.6764 accuracy 65.62%
[2026-06-20 08:13:46,059][src.modRNN.training.training_loop][INFO] - 	 Starting Epoch: 179
[2026-06-20 08:13:46,785][src.modRNN.training.training_loop][INFO] - train epoch 179 loss 0.6533 accuracy 71.88%
[2026-06-20 08:13:46,787][src.modRNN.training.training_loop][INFO] - 	 Starting Epoch: 180
[2026-06-20 08:13:47,511][src.modRNN.training.training_loop][INFO] - train epoch 180 loss 0.6667 accuracy 51.56%
[2026-06-20 08:13:47,513][src.modRNN.training.training_loop][INFO] - 	 Starting Epoch: 181
[2026-06-20 08:13:48,236][src.modRNN.training.training_loop][INFO] - train epoch 181 loss 0.6777 accuracy 46.88%
[2026-06-20 08:13:48,238][src.modRNN.training.training_loop][INFO] - 	 Starting Epoch: 182
[2026-06-20 08:13:48,963][src.modRNN.training.training_loop][INFO] - train epoch 182 loss 0.6861 accuracy 54.69%
[2026-06-20 08:13:48,964][src.modRNN.training.training_loop][INFO] - 	 Starting Epoch: 183
[2026-06-20 08:13:49,690][src.modRNN.training.training_loop][INFO] - train epoch 183 loss 0.6779 accuracy 48.44%
[2026-06-20 08:13:49,691][src.modRNN.training.training_loop][INFO] - 	 Starting Epoch: 184
[2026-06-20 08:13:50,415][src.modRNN.training.training_loop][INFO] - train epoch 184 loss 0.6770 accuracy 59.38%
[2026-06-20 08:13:50,417][src.modRNN.training.training_loop][INFO] - 	 Starting Epoch: 185
[2026-06-20 08:13:51,141][src.modRNN.training.training_loop][INFO] - train epoch 185 loss 0.6644 accuracy 62.50%
[2026-06-20 08:13:51,142][src.modRNN.training.training_loop][INFO] - 	 Starting Epoch: 186
[2026-06-20 08:13:51,867][src.modRNN.training.training_loop][INFO] - train epoch 186 loss 0.6533 accuracy 65.62%
[2026-06-20 08:13:51,869][src.modRNN.training.training_loop][INFO] - 	 Starting Epoch: 187
[2026-06-20 08:13:52,593][src.modRNN.training.training_loop][INFO] - train epoch 187 loss 0.6618 accuracy 71.88%
[2026-06-20 08:13:52,595][src.modRNN.training.training_loop][INFO] - 	 Starting Epoch: 188
[2026-06-20 08:13:53,319][src.modRNN.training.training_loop][INFO] - train epoch 188 loss 0.6529 accuracy 75.00%
[2026-06-20 08:13:53,320][src.modRNN.training.training_loop][INFO] - 	 Starting Epoch: 189
[2026-06-20 08:13:54,045][src.modRNN.training.training_loop][INFO] - train epoch 189 loss 0.6573 accuracy 68.75%
[2026-06-20 08:13:54,047][src.modRNN.training.training_loop][INFO] - 	 Starting Epoch: 190
[2026-06-20 08:13:54,772][src.modRNN.training.training_loop][INFO] - train epoch 190 loss 0.6720 accuracy 60.94%
[2026-06-20 08:13:54,773][src.modRNN.training.training_loop][INFO] - 	 Starting Epoch: 191
[2026-06-20 08:13:55,497][src.modRNN.training.training_loop][INFO] - train epoch 191 loss 0.6687 accuracy 68.75%
[2026-06-20 08:13:55,499][src.modRNN.training.training_loop][INFO] - 	 Starting Epoch: 192
[2026-06-20 08:13:56,224][src.modRNN.training.training_loop][INFO] - train epoch 192 loss 0.6484 accuracy 71.88%
[2026-06-20 08:13:56,225][src.modRNN.training.training_loop][INFO] - 	 Starting Epoch: 193
[2026-06-20 08:13:56,954][src.modRNN.training.training_loop][INFO] - train epoch 193 loss 0.6628 accuracy 57.81%
[2026-06-20 08:13:56,956][src.modRNN.training.training_loop][INFO] - 	 Starting Epoch: 194
[2026-06-20 08:13:57,681][src.modRNN.training.training_loop][INFO] - train epoch 194 loss 0.6830 accuracy 56.25%
[2026-06-20 08:13:57,682][src.modRNN.training.training_loop][INFO] - 	 Starting Epoch: 195
[2026-06-20 08:13:58,407][src.modRNN.training.training_loop][INFO] - train epoch 195 loss 0.6612 accuracy 68.75%
[2026-06-20 08:13:58,408][src.modRNN.training.training_loop][INFO] - 	 Starting Epoch: 196
[2026-06-20 08:13:59,133][src.modRNN.training.training_loop][INFO] - train epoch 196 loss 0.6603 accuracy 56.25%
[2026-06-20 08:13:59,135][src.modRNN.training.training_loop][INFO] - 	 Starting Epoch: 197
[2026-06-20 08:13:59,862][src.modRNN.training.training_loop][INFO] - train epoch 197 loss 0.6605 accuracy 68.75%
[2026-06-20 08:13:59,864][src.modRNN.training.training_loop][INFO] - 	 Starting Epoch: 198
[2026-06-20 08:14:00,590][src.modRNN.training.training_loop][INFO] - train epoch 198 loss 0.6746 accuracy 51.56%
[2026-06-20 08:14:00,592][src.modRNN.training.training_loop][INFO] - 	 Starting Epoch: 199
[2026-06-20 08:14:01,316][src.modRNN.training.training_loop][INFO] - train epoch 199 loss 0.6702 accuracy 65.62%
[2026-06-20 08:14:01,318][src.modRNN.training.training_loop][INFO] - 	 Starting Epoch: 200
[2026-06-20 08:14:02,041][src.modRNN.training.training_loop][INFO] - train epoch 200 loss 0.6611 accuracy 56.25%
[2026-06-20 08:14:02,042][src.modRNN.training.training_loop][INFO] - 	 Starting Epoch: 201
[2026-06-20 08:14:02,768][src.modRNN.training.training_loop][INFO] - train epoch 201 loss 0.6481 accuracy 60.94%
[2026-06-20 08:14:03,893][src.modRNN.training.training_loop][INFO] - eval  epoch 201 loss 0.6643 accuracy 62.30%
[2026-06-20 08:14:03,895][src.modRNN.training.training_loop][INFO] - 	 Starting Epoch: 202
[2026-06-20 08:14:04,618][src.modRNN.training.training_loop][INFO] - train epoch 202 loss 0.6447 accuracy 56.25%
[2026-06-20 08:14:04,619][src.modRNN.training.training_loop][INFO] - 	 Starting Epoch: 203
[2026-06-20 08:14:05,342][src.modRNN.training.training_loop][INFO] - train epoch 203 loss 0.6502 accuracy 64.06%
[2026-06-20 08:14:05,344][src.modRNN.training.training_loop][INFO] - 	 Starting Epoch: 204
[2026-06-20 08:14:06,066][src.modRNN.training.training_loop][INFO] - train epoch 204 loss 0.6484 accuracy 57.81%
[2026-06-20 08:14:06,068][src.modRNN.training.training_loop][INFO] - 	 Starting Epoch: 205
[2026-06-20 08:14:06,791][src.modRNN.training.training_loop][INFO] - train epoch 205 loss 0.6642 accuracy 57.81%
[2026-06-20 08:14:06,792][src.modRNN.training.training_loop][INFO] - 	 Starting Epoch: 206
[2026-06-20 08:14:07,515][src.modRNN.training.training_loop][INFO] - train epoch 206 loss 0.6473 accuracy 68.75%
[2026-06-20 08:14:07,517][src.modRNN.training.training_loop][INFO] - 	 Starting Epoch: 207
[2026-06-20 08:14:08,241][src.modRNN.training.training_loop][INFO] - train epoch 207 loss 0.6507 accuracy 65.62%
[2026-06-20 08:14:08,242][src.modRNN.training.training_loop][INFO] - 	 Starting Epoch: 208
[2026-06-20 08:14:08,970][src.modRNN.training.training_loop][INFO] - train epoch 208 loss 0.6736 accuracy 62.50%
[2026-06-20 08:14:08,972][src.modRNN.training.training_loop][INFO] - 	 Starting Epoch: 209
[2026-06-20 08:14:09,696][src.modRNN.training.training_loop][INFO] - train epoch 209 loss 0.6485 accuracy 65.62%
[2026-06-20 08:14:09,697][src.modRNN.training.training_loop][INFO] - 	 Starting Epoch: 210
[2026-06-20 08:14:10,421][src.modRNN.training.training_loop][INFO] - train epoch 210 loss 0.6562 accuracy 54.69%
[2026-06-20 08:14:10,423][src.modRNN.training.training_loop][INFO] - 	 Starting Epoch: 211
[2026-06-20 08:14:11,146][src.modRNN.training.training_loop][INFO] - train epoch 211 loss 0.6650 accuracy 57.81%
[2026-06-20 08:14:11,147][src.modRNN.training.training_loop][INFO] - 	 Starting Epoch: 212
[2026-06-20 08:14:11,870][src.modRNN.training.training_loop][INFO] - train epoch 212 loss 0.6668 accuracy 56.25%
[2026-06-20 08:14:11,872][src.modRNN.training.training_loop][INFO] - 	 Starting Epoch: 213
[2026-06-20 08:14:12,596][src.modRNN.training.training_loop][INFO] - train epoch 213 loss 0.6500 accuracy 65.62%
[2026-06-20 08:14:12,598][src.modRNN.training.training_loop][INFO] - 	 Starting Epoch: 214
[2026-06-20 08:14:13,321][src.modRNN.training.training_loop][INFO] - train epoch 214 loss 0.6714 accuracy 54.69%
[2026-06-20 08:14:13,323][src.modRNN.training.training_loop][INFO] - 	 Starting Epoch: 215
[2026-06-20 08:14:14,045][src.modRNN.training.training_loop][INFO] - train epoch 215 loss 0.6455 accuracy 56.25%
[2026-06-20 08:14:14,047][src.modRNN.training.training_loop][INFO] - 	 Starting Epoch: 216
[2026-06-20 08:14:14,775][src.modRNN.training.training_loop][INFO] - train epoch 216 loss 0.6522 accuracy 59.38%
[2026-06-20 08:14:14,777][src.modRNN.training.training_loop][INFO] - 	 Starting Epoch: 217
[2026-06-20 08:14:15,501][src.modRNN.training.training_loop][INFO] - train epoch 217 loss 0.6791 accuracy 39.06%
[2026-06-20 08:14:15,503][src.modRNN.training.training_loop][INFO] - 	 Starting Epoch: 218
[2026-06-20 08:14:16,228][src.modRNN.training.training_loop][INFO] - train epoch 218 loss 0.6742 accuracy 46.88%
[2026-06-20 08:14:16,229][src.modRNN.training.training_loop][INFO] - 	 Starting Epoch: 219
[2026-06-20 08:14:16,953][src.modRNN.training.training_loop][INFO] - train epoch 219 loss 0.6684 accuracy 53.12%
[2026-06-20 08:14:16,955][src.modRNN.training.training_loop][INFO] - 	 Starting Epoch: 220
[2026-06-20 08:14:17,679][src.modRNN.training.training_loop][INFO] - train epoch 220 loss 0.6724 accuracy 39.06%
[2026-06-20 08:14:17,680][src.modRNN.training.training_loop][INFO] - 	 Starting Epoch: 221
[2026-06-20 08:14:18,405][src.modRNN.training.training_loop][INFO] - train epoch 221 loss 0.6605 accuracy 65.62%
[2026-06-20 08:14:18,406][src.modRNN.training.training_loop][INFO] - 	 Starting Epoch: 222
[2026-06-20 08:14:19,131][src.modRNN.training.training_loop][INFO] - train epoch 222 loss 0.6269 accuracy 65.62%
[2026-06-20 08:14:19,132][src.modRNN.training.training_loop][INFO] - 	 Starting Epoch: 223
[2026-06-20 08:14:19,861][src.modRNN.training.training_loop][INFO] - train epoch 223 loss 0.6234 accuracy 64.06%
[2026-06-20 08:14:19,863][src.modRNN.training.training_loop][INFO] - 	 Starting Epoch: 224
[2026-06-20 08:14:20,588][src.modRNN.training.training_loop][INFO] - train epoch 224 loss 0.6592 accuracy 57.81%
[2026-06-20 08:14:20,590][src.modRNN.training.training_loop][INFO] - 	 Starting Epoch: 225
[2026-06-20 08:14:21,319][src.modRNN.training.training_loop][INFO] - train epoch 225 loss 0.6633 accuracy 54.69%
[2026-06-20 08:14:21,321][src.modRNN.training.training_loop][INFO] - 	 Starting Epoch: 226
[2026-06-20 08:14:22,046][src.modRNN.training.training_loop][INFO] - train epoch 226 loss 0.6532 accuracy 59.38%
[2026-06-20 08:14:23,172][src.modRNN.training.training_loop][INFO] - eval  epoch 226 loss 0.6582 accuracy 62.89%
[2026-06-20 08:14:23,173][src.modRNN.training.training_loop][INFO] - 	 Starting Epoch: 227
[2026-06-20 08:14:23,899][src.modRNN.training.training_loop][INFO] - train epoch 227 loss 0.6409 accuracy 60.94%
[2026-06-20 08:14:23,901][src.modRNN.training.training_loop][INFO] - 	 Starting Epoch: 228
[2026-06-20 08:14:24,624][src.modRNN.training.training_loop][INFO] - train epoch 228 loss 0.6434 accuracy 67.19%
[2026-06-20 08:14:24,626][src.modRNN.training.training_loop][INFO] - 	 Starting Epoch: 229
[2026-06-20 08:14:25,351][src.modRNN.training.training_loop][INFO] - train epoch 229 loss 0.6666 accuracy 60.94%
[2026-06-20 08:14:25,352][src.modRNN.training.training_loop][INFO] - 	 Starting Epoch: 230
[2026-06-20 08:14:26,077][src.modRNN.training.training_loop][INFO] - train epoch 230 loss 0.6428 accuracy 64.06%
[2026-06-20 08:14:26,078][src.modRNN.training.training_loop][INFO] - 	 Starting Epoch: 231
[2026-06-20 08:14:26,803][src.modRNN.training.training_loop][INFO] - train epoch 231 loss 0.6385 accuracy 65.62%
[2026-06-20 08:14:26,805][src.modRNN.training.training_loop][INFO] - 	 Starting Epoch: 232
[2026-06-20 08:14:27,528][src.modRNN.training.training_loop][INFO] - train epoch 232 loss 0.6559 accuracy 51.56%
[2026-06-20 08:14:27,530][src.modRNN.training.training_loop][INFO] - 	 Starting Epoch: 233
[2026-06-20 08:14:28,252][src.modRNN.training.training_loop][INFO] - train epoch 233 loss 0.6483 accuracy 71.88%
[2026-06-20 08:14:28,254][src.modRNN.training.training_loop][INFO] - 	 Starting Epoch: 234
[2026-06-20 08:14:28,977][src.modRNN.training.training_loop][INFO] - train epoch 234 loss 0.6694 accuracy 60.94%
[2026-06-20 08:14:28,978][src.modRNN.training.training_loop][INFO] - 	 Starting Epoch: 235
[2026-06-20 08:14:29,705][src.modRNN.training.training_loop][INFO] - train epoch 235 loss 0.6396 accuracy 65.62%
[2026-06-20 08:14:29,706][src.modRNN.training.training_loop][INFO] - 	 Starting Epoch: 236
[2026-06-20 08:14:30,430][src.modRNN.training.training_loop][INFO] - train epoch 236 loss 0.6550 accuracy 67.19%
[2026-06-20 08:14:30,431][src.modRNN.training.training_loop][INFO] - 	 Starting Epoch: 237
[2026-06-20 08:14:31,155][src.modRNN.training.training_loop][INFO] - train epoch 237 loss 0.6729 accuracy 62.50%
[2026-06-20 08:14:31,157][src.modRNN.training.training_loop][INFO] - 	 Starting Epoch: 238
[2026-06-20 08:14:31,887][src.modRNN.training.training_loop][INFO] - train epoch 238 loss 0.6540 accuracy 51.56%
[2026-06-20 08:14:31,889][src.modRNN.training.training_loop][INFO] - 	 Starting Epoch: 239
[2026-06-20 08:14:32,612][src.modRNN.training.training_loop][INFO] - train epoch 239 loss 0.6215 accuracy 71.88%
[2026-06-20 08:14:32,614][src.modRNN.training.training_loop][INFO] - 	 Starting Epoch: 240
[2026-06-20 08:14:33,340][src.modRNN.training.training_loop][INFO] - train epoch 240 loss 0.6375 accuracy 71.88%
[2026-06-20 08:14:33,341][src.modRNN.training.training_loop][INFO] - 	 Starting Epoch: 241
[2026-06-20 08:14:34,066][src.modRNN.training.training_loop][INFO] - train epoch 241 loss 0.6151 accuracy 73.44%
[2026-06-20 08:14:34,068][src.modRNN.training.training_loop][INFO] - 	 Starting Epoch: 242
[2026-06-20 08:14:34,793][src.modRNN.training.training_loop][INFO] - train epoch 242 loss 0.6023 accuracy 70.31%
[2026-06-20 08:14:34,794][src.modRNN.training.training_loop][INFO] - 	 Starting Epoch: 243
[2026-06-20 08:14:35,518][src.modRNN.training.training_loop][INFO] - train epoch 243 loss 0.6428 accuracy 62.50%
[2026-06-20 08:14:35,520][src.modRNN.training.training_loop][INFO] - 	 Starting Epoch: 244
[2026-06-20 08:14:36,244][src.modRNN.training.training_loop][INFO] - train epoch 244 loss 0.6504 accuracy 71.88%
[2026-06-20 08:14:36,245][src.modRNN.training.training_loop][INFO] - 	 Starting Epoch: 245
[2026-06-20 08:14:36,969][src.modRNN.training.training_loop][INFO] - train epoch 245 loss 0.6526 accuracy 64.06%
[2026-06-20 08:14:36,971][src.modRNN.training.training_loop][INFO] - 	 Starting Epoch: 246
[2026-06-20 08:14:37,694][src.modRNN.training.training_loop][INFO] - train epoch 246 loss 0.6334 accuracy 75.00%
[2026-06-20 08:14:37,696][src.modRNN.training.training_loop][INFO] - 	 Starting Epoch: 247
[2026-06-20 08:14:38,421][src.modRNN.training.training_loop][INFO] - train epoch 247 loss 0.6440 accuracy 62.50%
[2026-06-20 08:14:38,422][src.modRNN.training.training_loop][INFO] - 	 Starting Epoch: 248
[2026-06-20 08:14:39,145][src.modRNN.training.training_loop][INFO] - train epoch 248 loss 0.6219 accuracy 71.88%
[2026-06-20 08:14:39,147][src.modRNN.training.training_loop][INFO] - 	 Starting Epoch: 249
[2026-06-20 08:14:39,869][src.modRNN.training.training_loop][INFO] - train epoch 249 loss 0.6248 accuracy 73.44%
[2026-06-20 08:14:39,871][src.modRNN.training.training_loop][INFO] - 	 Starting Epoch: 250
[2026-06-20 08:14:40,598][src.modRNN.training.training_loop][INFO] - train epoch 250 loss 0.6393 accuracy 62.50%
[2026-06-20 08:14:40,600][src.modRNN.training.training_loop][INFO] - 	 Starting Epoch: 251
[2026-06-20 08:14:41,326][src.modRNN.training.training_loop][INFO] - train epoch 251 loss 0.6202 accuracy 70.31%
[2026-06-20 08:14:42,454][src.modRNN.training.training_loop][INFO] - eval  epoch 251 loss 0.6399 accuracy 61.52%
[2026-06-20 08:14:42,455][src.modRNN.training.training_loop][INFO] - 	 Starting Epoch: 252
[2026-06-20 08:14:43,180][src.modRNN.training.training_loop][INFO] - train epoch 252 loss 0.6366 accuracy 56.25%
[2026-06-20 08:14:43,182][src.modRNN.training.training_loop][INFO] - 	 Starting Epoch: 253
[2026-06-20 08:14:43,906][src.modRNN.training.training_loop][INFO] - train epoch 253 loss 0.6437 accuracy 60.94%
[2026-06-20 08:14:43,907][src.modRNN.training.training_loop][INFO] - 	 Starting Epoch: 254
[2026-06-20 08:14:44,632][src.modRNN.training.training_loop][INFO] - train epoch 254 loss 0.6075 accuracy 73.44%
[2026-06-20 08:14:44,633][src.modRNN.training.training_loop][INFO] - 	 Starting Epoch: 255
[2026-06-20 08:14:45,358][src.modRNN.training.training_loop][INFO] - train epoch 255 loss 0.6650 accuracy 50.00%
[2026-06-20 08:14:45,359][src.modRNN.training.training_loop][INFO] - 	 Starting Epoch: 256
[2026-06-20 08:14:46,084][src.modRNN.training.training_loop][INFO] - train epoch 256 loss 0.6460 accuracy 56.25%
[2026-06-20 08:14:46,086][src.modRNN.training.training_loop][INFO] - 	 Starting Epoch: 257
[2026-06-20 08:14:46,810][src.modRNN.training.training_loop][INFO] - train epoch 257 loss 0.6374 accuracy 64.06%
[2026-06-20 08:14:46,812][src.modRNN.training.training_loop][INFO] - 	 Starting Epoch: 258
[2026-06-20 08:14:47,537][src.modRNN.training.training_loop][INFO] - train epoch 258 loss 0.6414 accuracy 60.94%
[2026-06-20 08:14:47,538][src.modRNN.training.training_loop][INFO] - 	 Starting Epoch: 259
[2026-06-20 08:14:48,264][src.modRNN.training.training_loop][INFO] - train epoch 259 loss 0.6322 accuracy 64.06%
[2026-06-20 08:14:48,265][src.modRNN.training.training_loop][INFO] - 	 Starting Epoch: 260
[2026-06-20 08:14:48,990][src.modRNN.training.training_loop][INFO] - train epoch 260 loss 0.5871 accuracy 82.81%
[2026-06-20 08:14:48,992][src.modRNN.training.training_loop][INFO] - 	 Starting Epoch: 261
[2026-06-20 08:14:49,716][src.modRNN.training.training_loop][INFO] - train epoch 261 loss 0.5865 accuracy 78.12%
[2026-06-20 08:14:49,717][src.modRNN.training.training_loop][INFO] - 	 Starting Epoch: 262
[2026-06-20 08:14:50,441][src.modRNN.training.training_loop][INFO] - train epoch 262 loss 0.5972 accuracy 82.81%
[2026-06-20 08:14:50,442][src.modRNN.training.training_loop][INFO] - 	 Starting Epoch: 263
[2026-06-20 08:14:51,165][src.modRNN.training.training_loop][INFO] - train epoch 263 loss 0.5991 accuracy 82.81%
[2026-06-20 08:14:51,167][src.modRNN.training.training_loop][INFO] - 	 Starting Epoch: 264
[2026-06-20 08:14:51,891][src.modRNN.training.training_loop][INFO] - train epoch 264 loss 0.6246 accuracy 76.56%
[2026-06-20 08:14:51,892][src.modRNN.training.training_loop][INFO] - 	 Starting Epoch: 265
[2026-06-20 08:14:52,616][src.modRNN.training.training_loop][INFO] - train epoch 265 loss 0.5952 accuracy 73.44%
[2026-06-20 08:14:52,618][src.modRNN.training.training_loop][INFO] - 	 Starting Epoch: 266
[2026-06-20 08:14:53,342][src.modRNN.training.training_loop][INFO] - train epoch 266 loss 0.6314 accuracy 64.06%
[2026-06-20 08:14:53,343][src.modRNN.training.training_loop][INFO] - 	 Starting Epoch: 267
[2026-06-20 08:14:54,068][src.modRNN.training.training_loop][INFO] - train epoch 267 loss 0.6374 accuracy 76.56%
[2026-06-20 08:14:54,070][src.modRNN.training.training_loop][INFO] - 	 Starting Epoch: 268
[2026-06-20 08:14:54,794][src.modRNN.training.training_loop][INFO] - train epoch 268 loss 0.6030 accuracy 68.75%
[2026-06-20 08:14:54,796][src.modRNN.training.training_loop][INFO] - 	 Starting Epoch: 269
[2026-06-20 08:14:55,520][src.modRNN.training.training_loop][INFO] - train epoch 269 loss 0.6088 accuracy 71.88%
[2026-06-20 08:14:55,522][src.modRNN.training.training_loop][INFO] - 	 Starting Epoch: 270
[2026-06-20 08:14:56,245][src.modRNN.training.training_loop][INFO] - train epoch 270 loss 0.6226 accuracy 70.31%
[2026-06-20 08:14:56,246][src.modRNN.training.training_loop][INFO] - 	 Starting Epoch: 271
[2026-06-20 08:14:56,971][src.modRNN.training.training_loop][INFO] - train epoch 271 loss 0.6236 accuracy 71.88%
[2026-06-20 08:14:56,972][src.modRNN.training.training_loop][INFO] - 	 Starting Epoch: 272
[2026-06-20 08:14:57,697][src.modRNN.training.training_loop][INFO] - train epoch 272 loss 0.6455 accuracy 65.62%
[2026-06-20 08:14:57,698][src.modRNN.training.training_loop][INFO] - 	 Starting Epoch: 273
[2026-06-20 08:14:58,421][src.modRNN.training.training_loop][INFO] - train epoch 273 loss 0.6234 accuracy 70.31%
[2026-06-20 08:14:58,423][src.modRNN.training.training_loop][INFO] - 	 Starting Epoch: 274
[2026-06-20 08:14:59,150][src.modRNN.training.training_loop][INFO] - train epoch 274 loss 0.5978 accuracy 85.94%
[2026-06-20 08:14:59,152][src.modRNN.training.training_loop][INFO] - 	 Starting Epoch: 275
[2026-06-20 08:14:59,875][src.modRNN.training.training_loop][INFO] - train epoch 275 loss 0.6034 accuracy 85.94%
[2026-06-20 08:14:59,876][src.modRNN.training.training_loop][INFO] - 	 Starting Epoch: 276
[2026-06-20 08:15:00,601][src.modRNN.training.training_loop][INFO] - train epoch 276 loss 0.6009 accuracy 85.94%
[2026-06-20 08:15:01,727][src.modRNN.training.training_loop][INFO] - eval  epoch 276 loss 0.6088 accuracy 78.12%
[2026-06-20 08:15:01,728][src.modRNN.training.training_loop][INFO] - 	 Starting Epoch: 277
[2026-06-20 08:15:02,452][src.modRNN.training.training_loop][INFO] - train epoch 277 loss 0.6195 accuracy 81.25%
[2026-06-20 08:15:02,454][src.modRNN.training.training_loop][INFO] - 	 Starting Epoch: 278
[2026-06-20 08:15:03,178][src.modRNN.training.training_loop][INFO] - train epoch 278 loss 0.6160 accuracy 85.94%
[2026-06-20 08:15:03,180][src.modRNN.training.training_loop][INFO] - 	 Starting Epoch: 279
[2026-06-20 08:15:03,904][src.modRNN.training.training_loop][INFO] - train epoch 279 loss 0.5953 accuracy 78.12%
[2026-06-20 08:15:03,906][src.modRNN.training.training_loop][INFO] - 	 Starting Epoch: 280
[2026-06-20 08:15:04,629][src.modRNN.training.training_loop][INFO] - train epoch 280 loss 0.6435 accuracy 64.06%
[2026-06-20 08:15:04,631][src.modRNN.training.training_loop][INFO] - 	 Starting Epoch: 281
[2026-06-20 08:15:05,354][src.modRNN.training.training_loop][INFO] - train epoch 281 loss 0.5794 accuracy 81.25%
[2026-06-20 08:15:05,356][src.modRNN.training.training_loop][INFO] - 	 Starting Epoch: 282
[2026-06-20 08:15:06,079][src.modRNN.training.training_loop][INFO] - train epoch 282 loss 0.6602 accuracy 68.75%
[2026-06-20 08:15:06,080][src.modRNN.training.training_loop][INFO] - 	 Starting Epoch: 283
[2026-06-20 08:15:06,805][src.modRNN.training.training_loop][INFO] - train epoch 283 loss 0.6366 accuracy 73.44%
[2026-06-20 08:15:06,807][src.modRNN.training.training_loop][INFO] - 	 Starting Epoch: 284
[2026-06-20 08:15:07,530][src.modRNN.training.training_loop][INFO] - train epoch 284 loss 0.6343 accuracy 73.44%
[2026-06-20 08:15:07,532][src.modRNN.training.training_loop][INFO] - 	 Starting Epoch: 285
[2026-06-20 08:15:08,256][src.modRNN.training.training_loop][INFO] - train epoch 285 loss 0.6336 accuracy 71.88%
[2026-06-20 08:15:08,258][src.modRNN.training.training_loop][INFO] - 	 Starting Epoch: 286
[2026-06-20 08:15:08,982][src.modRNN.training.training_loop][INFO] - train epoch 286 loss 0.6309 accuracy 75.00%
[2026-06-20 08:15:08,984][src.modRNN.training.training_loop][INFO] - 	 Starting Epoch: 287
[2026-06-20 08:15:09,709][src.modRNN.training.training_loop][INFO] - train epoch 287 loss 0.6212 accuracy 73.44%
[2026-06-20 08:15:09,711][src.modRNN.training.training_loop][INFO] - 	 Starting Epoch: 288
[2026-06-20 08:15:10,434][src.modRNN.training.training_loop][INFO] - train epoch 288 loss 0.6522 accuracy 64.06%
[2026-06-20 08:15:10,435][src.modRNN.training.training_loop][INFO] - 	 Starting Epoch: 289
[2026-06-20 08:15:11,160][src.modRNN.training.training_loop][INFO] - train epoch 289 loss 0.6237 accuracy 75.00%
[2026-06-20 08:15:11,162][src.modRNN.training.training_loop][INFO] - 	 Starting Epoch: 290
[2026-06-20 08:15:11,885][src.modRNN.training.training_loop][INFO] - train epoch 290 loss 0.6311 accuracy 68.75%
[2026-06-20 08:15:11,886][src.modRNN.training.training_loop][INFO] - 	 Starting Epoch: 291
[2026-06-20 08:15:12,611][src.modRNN.training.training_loop][INFO] - train epoch 291 loss 0.6042 accuracy 79.69%
[2026-06-20 08:15:12,612][src.modRNN.training.training_loop][INFO] - 	 Starting Epoch: 292
[2026-06-20 08:15:13,336][src.modRNN.training.training_loop][INFO] - train epoch 292 loss 0.5994 accuracy 73.44%
[2026-06-20 08:15:13,337][src.modRNN.training.training_loop][INFO] - 	 Starting Epoch: 293
[2026-06-20 08:15:14,062][src.modRNN.training.training_loop][INFO] - train epoch 293 loss 0.5724 accuracy 81.25%
[2026-06-20 08:15:14,063][src.modRNN.training.training_loop][INFO] - 	 Starting Epoch: 294
[2026-06-20 08:15:14,787][src.modRNN.training.training_loop][INFO] - train epoch 294 loss 0.5873 accuracy 84.38%
[2026-06-20 08:15:14,789][src.modRNN.training.training_loop][INFO] - 	 Starting Epoch: 295
[2026-06-20 08:15:15,514][src.modRNN.training.training_loop][INFO] - train epoch 295 loss 0.6055 accuracy 79.69%
[2026-06-20 08:15:15,516][src.modRNN.training.training_loop][INFO] - 	 Starting Epoch: 296
[2026-06-20 08:15:16,244][src.modRNN.training.training_loop][INFO] - train epoch 296 loss 0.5928 accuracy 81.25%
[2026-06-20 08:15:16,246][src.modRNN.training.training_loop][INFO] - 	 Starting Epoch: 297
[2026-06-20 08:15:16,970][src.modRNN.training.training_loop][INFO] - train epoch 297 loss 0.5942 accuracy 76.56%
[2026-06-20 08:15:16,971][src.modRNN.training.training_loop][INFO] - 	 Starting Epoch: 298
[2026-06-20 08:15:17,695][src.modRNN.training.training_loop][INFO] - train epoch 298 loss 0.6042 accuracy 75.00%
[2026-06-20 08:15:17,697][src.modRNN.training.training_loop][INFO] - 	 Starting Epoch: 299
[2026-06-20 08:15:18,420][src.modRNN.training.training_loop][INFO] - train epoch 299 loss 0.6562 accuracy 60.94%
[2026-06-20 08:15:18,422][src.modRNN.training.training_loop][INFO] - 	 Starting Epoch: 300
[2026-06-20 08:15:19,145][src.modRNN.training.training_loop][INFO] - train epoch 300 loss 0.6315 accuracy 65.62%
[2026-06-20 08:15:19,147][src.modRNN.training.training_loop][INFO] - 	 Starting Epoch: 301
[2026-06-20 08:15:19,870][src.modRNN.training.training_loop][INFO] - train epoch 301 loss 0.6440 accuracy 65.62%
[2026-06-20 08:15:20,989][src.modRNN.training.training_loop][INFO] - eval  epoch 301 loss 0.6494 accuracy 65.82%
[2026-06-20 08:15:20,991][src.modRNN.training.training_loop][INFO] - 	 Starting Epoch: 302
[2026-06-20 08:15:21,715][src.modRNN.training.training_loop][INFO] - train epoch 302 loss 0.6452 accuracy 67.19%
[2026-06-20 08:15:21,716][src.modRNN.training.training_loop][INFO] - 	 Starting Epoch: 303
[2026-06-20 08:15:22,440][src.modRNN.training.training_loop][INFO] - train epoch 303 loss 0.6518 accuracy 65.62%
[2026-06-20 08:15:22,442][src.modRNN.training.training_loop][INFO] - 	 Starting Epoch: 304
[2026-06-20 08:15:23,168][src.modRNN.training.training_loop][INFO] - train epoch 304 loss 0.6551 accuracy 71.88%
[2026-06-20 08:15:23,170][src.modRNN.training.training_loop][INFO] - 	 Starting Epoch: 305
[2026-06-20 08:15:23,896][src.modRNN.training.training_loop][INFO] - train epoch 305 loss 0.6106 accuracy 76.56%
[2026-06-20 08:15:23,898][src.modRNN.training.training_loop][INFO] - 	 Starting Epoch: 306
[2026-06-20 08:15:24,623][src.modRNN.training.training_loop][INFO] - train epoch 306 loss 0.6177 accuracy 78.12%
[2026-06-20 08:15:24,625][src.modRNN.training.training_loop][INFO] - 	 Starting Epoch: 307
[2026-06-20 08:15:25,348][src.modRNN.training.training_loop][INFO] - train epoch 307 loss 0.6232 accuracy 78.12%
[2026-06-20 08:15:25,350][src.modRNN.training.training_loop][INFO] - 	 Starting Epoch: 308
[2026-06-20 08:15:26,075][src.modRNN.training.training_loop][INFO] - train epoch 308 loss 0.6090 accuracy 76.56%
[2026-06-20 08:15:26,077][src.modRNN.training.training_loop][INFO] - 	 Starting Epoch: 309
[2026-06-20 08:15:26,800][src.modRNN.training.training_loop][INFO] - train epoch 309 loss 0.6505 accuracy 70.31%
[2026-06-20 08:15:26,802][src.modRNN.training.training_loop][INFO] - 	 Starting Epoch: 310
[2026-06-20 08:15:27,525][src.modRNN.training.training_loop][INFO] - train epoch 310 loss 0.5728 accuracy 81.25%
[2026-06-20 08:15:27,527][src.modRNN.training.training_loop][INFO] - 	 Starting Epoch: 311
[2026-06-20 08:15:28,250][src.modRNN.training.training_loop][INFO] - train epoch 311 loss 0.5897 accuracy 81.25%
[2026-06-20 08:15:28,252][src.modRNN.training.training_loop][INFO] - 	 Starting Epoch: 312
[2026-06-20 08:15:28,978][src.modRNN.training.training_loop][INFO] - train epoch 312 loss 0.6093 accuracy 75.00%
[2026-06-20 08:15:28,980][src.modRNN.training.training_loop][INFO] - 	 Starting Epoch: 313
[2026-06-20 08:15:29,703][src.modRNN.training.training_loop][INFO] - train epoch 313 loss 0.5489 accuracy 81.25%
[2026-06-20 08:15:29,705][src.modRNN.training.training_loop][INFO] - 	 Starting Epoch: 314
[2026-06-20 08:15:30,428][src.modRNN.training.training_loop][INFO] - train epoch 314 loss 0.5755 accuracy 75.00%
[2026-06-20 08:15:30,430][src.modRNN.training.training_loop][INFO] - 	 Starting Epoch: 315
[2026-06-20 08:15:31,154][src.modRNN.training.training_loop][INFO] - train epoch 315 loss 0.6458 accuracy 62.50%
[2026-06-20 08:15:31,156][src.modRNN.training.training_loop][INFO] - 	 Starting Epoch: 316
[2026-06-20 08:15:31,880][src.modRNN.training.training_loop][INFO] - train epoch 316 loss 0.5608 accuracy 81.25%
[2026-06-20 08:15:31,882][src.modRNN.training.training_loop][INFO] - 	 Starting Epoch: 317
[2026-06-20 08:15:32,606][src.modRNN.training.training_loop][INFO] - train epoch 317 loss 0.6689 accuracy 64.06%
[2026-06-20 08:15:32,607][src.modRNN.training.training_loop][INFO] - 	 Starting Epoch: 318
[2026-06-20 08:15:33,332][src.modRNN.training.training_loop][INFO] - train epoch 318 loss 0.5898 accuracy 76.56%
[2026-06-20 08:15:33,334][src.modRNN.training.training_loop][INFO] - 	 Starting Epoch: 319
[2026-06-20 08:15:34,057][src.modRNN.training.training_loop][INFO] - train epoch 319 loss 0.6310 accuracy 70.31%
[2026-06-20 08:15:34,059][src.modRNN.training.training_loop][INFO] - 	 Starting Epoch: 320
[2026-06-20 08:15:34,782][src.modRNN.training.training_loop][INFO] - train epoch 320 loss 0.6307 accuracy 68.75%
[2026-06-20 08:15:34,784][src.modRNN.training.training_loop][INFO] - 	 Starting Epoch: 321
[2026-06-20 08:15:35,507][src.modRNN.training.training_loop][INFO] - train epoch 321 loss 0.6186 accuracy 73.44%
[2026-06-20 08:15:35,509][src.modRNN.training.training_loop][INFO] - 	 Starting Epoch: 322
[2026-06-20 08:15:36,232][src.modRNN.training.training_loop][INFO] - train epoch 322 loss 0.6190 accuracy 73.44%
[2026-06-20 08:15:36,234][src.modRNN.training.training_loop][INFO] - 	 Starting Epoch: 323
[2026-06-20 08:15:36,958][src.modRNN.training.training_loop][INFO] - train epoch 323 loss 0.6058 accuracy 76.56%
[2026-06-20 08:15:36,960][src.modRNN.training.training_loop][INFO] - 	 Starting Epoch: 324
[2026-06-20 08:15:37,687][src.modRNN.training.training_loop][INFO] - train epoch 324 loss 0.5524 accuracy 84.38%
[2026-06-20 08:15:37,689][src.modRNN.training.training_loop][INFO] - 	 Starting Epoch: 325
[2026-06-20 08:15:38,414][src.modRNN.training.training_loop][INFO] - train epoch 325 loss 0.5804 accuracy 82.81%
[2026-06-20 08:15:38,415][src.modRNN.training.training_loop][INFO] - 	 Starting Epoch: 326
[2026-06-20 08:15:39,139][src.modRNN.training.training_loop][INFO] - train epoch 326 loss 0.5751 accuracy 82.81%
[2026-06-20 08:15:40,258][src.modRNN.training.training_loop][INFO] - eval  epoch 326 loss 0.5675 accuracy 82.62%
[2026-06-20 08:15:40,259][src.modRNN.training.training_loop][INFO] - 	 Starting Epoch: 327
[2026-06-20 08:15:40,984][src.modRNN.training.training_loop][INFO] - train epoch 327 loss 0.5637 accuracy 85.94%
[2026-06-20 08:15:40,986][src.modRNN.training.training_loop][INFO] - 	 Starting Epoch: 328
[2026-06-20 08:15:41,710][src.modRNN.training.training_loop][INFO] - train epoch 328 loss 0.5453 accuracy 82.81%
[2026-06-20 08:15:41,712][src.modRNN.training.training_loop][INFO] - 	 Starting Epoch: 329
[2026-06-20 08:15:42,435][src.modRNN.training.training_loop][INFO] - train epoch 329 loss 0.5910 accuracy 73.44%
[2026-06-20 08:15:42,437][src.modRNN.training.training_loop][INFO] - 	 Starting Epoch: 330
[2026-06-20 08:15:43,162][src.modRNN.training.training_loop][INFO] - train epoch 330 loss 0.5671 accuracy 78.12%
[2026-06-20 08:15:43,164][src.modRNN.training.training_loop][INFO] - 	 Starting Epoch: 331
[2026-06-20 08:15:43,887][src.modRNN.training.training_loop][INFO] - train epoch 331 loss 0.5401 accuracy 85.94%
[2026-06-20 08:15:43,889][src.modRNN.training.training_loop][INFO] - 	 Starting Epoch: 332
[2026-06-20 08:15:44,611][src.modRNN.training.training_loop][INFO] - train epoch 332 loss 0.5463 accuracy 85.94%
[2026-06-20 08:15:44,613][src.modRNN.training.training_loop][INFO] - 	 Starting Epoch: 333
[2026-06-20 08:15:45,337][src.modRNN.training.training_loop][INFO] - train epoch 333 loss 0.5543 accuracy 81.25%
[2026-06-20 08:15:45,338][src.modRNN.training.training_loop][INFO] - 	 Starting Epoch: 334
[2026-06-20 08:15:46,063][src.modRNN.training.training_loop][INFO] - train epoch 334 loss 0.5997 accuracy 75.00%
[2026-06-20 08:15:46,065][src.modRNN.training.training_loop][INFO] - 	 Starting Epoch: 335
[2026-06-20 08:15:46,790][src.modRNN.training.training_loop][INFO] - train epoch 335 loss 0.5154 accuracy 90.62%
[2026-06-20 08:15:46,792][src.modRNN.training.training_loop][INFO] - 	 Starting Epoch: 336
[2026-06-20 08:15:47,516][src.modRNN.training.training_loop][INFO] - train epoch 336 loss 0.5489 accuracy 85.94%
[2026-06-20 08:15:47,518][src.modRNN.training.training_loop][INFO] - 	 Starting Epoch: 337
[2026-06-20 08:15:48,249][src.modRNN.training.training_loop][INFO] - train epoch 337 loss 0.6238 accuracy 70.31%
[2026-06-20 08:15:48,251][src.modRNN.training.training_loop][INFO] - 	 Starting Epoch: 338
[2026-06-20 08:15:48,979][src.modRNN.training.training_loop][INFO] - train epoch 338 loss 0.6526 accuracy 65.62%
[2026-06-20 08:15:48,981][src.modRNN.training.training_loop][INFO] - 	 Starting Epoch: 339
[2026-06-20 08:15:49,712][src.modRNN.training.training_loop][INFO] - train epoch 339 loss 0.6979 accuracy 50.00%
[2026-06-20 08:15:49,713][src.modRNN.training.training_loop][INFO] - 	 Starting Epoch: 340
[2026-06-20 08:15:50,443][src.modRNN.training.training_loop][INFO] - train epoch 340 loss 0.6751 accuracy 51.56%
[2026-06-20 08:15:50,444][src.modRNN.training.training_loop][INFO] - 	 Starting Epoch: 341
[2026-06-20 08:15:51,175][src.modRNN.training.training_loop][INFO] - train epoch 341 loss 0.6688 accuracy 64.06%
[2026-06-20 08:15:51,177][src.modRNN.training.training_loop][INFO] - 	 Starting Epoch: 342
[2026-06-20 08:15:51,907][src.modRNN.training.training_loop][INFO] - train epoch 342 loss 0.5686 accuracy 76.56%
[2026-06-20 08:15:51,908][src.modRNN.training.training_loop][INFO] - 	 Starting Epoch: 343
[2026-06-20 08:15:52,638][src.modRNN.training.training_loop][INFO] - train epoch 343 loss 0.6839 accuracy 65.62%
[2026-06-20 08:15:52,640][src.modRNN.training.training_loop][INFO] - 	 Starting Epoch: 344
[2026-06-20 08:15:53,368][src.modRNN.training.training_loop][INFO] - train epoch 344 loss 0.5881 accuracy 70.31%
[2026-06-20 08:15:53,370][src.modRNN.training.training_loop][INFO] - 	 Starting Epoch: 345
[2026-06-20 08:15:54,099][src.modRNN.training.training_loop][INFO] - train epoch 345 loss 0.6006 accuracy 75.00%
[2026-06-20 08:15:54,101][src.modRNN.training.training_loop][INFO] - 	 Starting Epoch: 346
[2026-06-20 08:15:54,829][src.modRNN.training.training_loop][INFO] - train epoch 346 loss 0.5549 accuracy 75.00%
[2026-06-20 08:15:54,831][src.modRNN.training.training_loop][INFO] - 	 Starting Epoch: 347
[2026-06-20 08:15:55,560][src.modRNN.training.training_loop][INFO] - train epoch 347 loss 0.5216 accuracy 87.50%
[2026-06-20 08:15:55,562][src.modRNN.training.training_loop][INFO] - 	 Starting Epoch: 348
[2026-06-20 08:15:56,291][src.modRNN.training.training_loop][INFO] - train epoch 348 loss 0.5495 accuracy 79.69%
[2026-06-20 08:15:56,292][src.modRNN.training.training_loop][INFO] - 	 Starting Epoch: 349
[2026-06-20 08:15:57,021][src.modRNN.training.training_loop][INFO] - train epoch 349 loss 0.6348 accuracy 68.75%
[2026-06-20 08:15:57,023][src.modRNN.training.training_loop][INFO] - 	 Starting Epoch: 350
[2026-06-20 08:15:57,750][src.modRNN.training.training_loop][INFO] - train epoch 350 loss 0.5889 accuracy 79.69%
[2026-06-20 08:15:57,752][src.modRNN.training.training_loop][INFO] - 	 Starting Epoch: 351
[2026-06-20 08:15:58,480][src.modRNN.training.training_loop][INFO] - train epoch 351 loss 0.5700 accuracy 81.25%
[2026-06-20 08:15:59,616][src.modRNN.training.training_loop][INFO] - eval  epoch 351 loss 0.5765 accuracy 78.12%
[2026-06-20 08:15:59,618][src.modRNN.training.training_loop][INFO] - 	 Starting Epoch: 352
[2026-06-20 08:16:00,346][src.modRNN.training.training_loop][INFO] - train epoch 352 loss 0.6099 accuracy 71.88%
[2026-06-20 08:16:00,348][src.modRNN.training.training_loop][INFO] - 	 Starting Epoch: 353
[2026-06-20 08:16:01,078][src.modRNN.training.training_loop][INFO] - train epoch 353 loss 0.6035 accuracy 73.44%
[2026-06-20 08:16:01,080][src.modRNN.training.training_loop][INFO] - 	 Starting Epoch: 354
[2026-06-20 08:16:01,808][src.modRNN.training.training_loop][INFO] - train epoch 354 loss 0.5190 accuracy 84.38%
[2026-06-20 08:16:01,810][src.modRNN.training.training_loop][INFO] - 	 Starting Epoch: 355
[2026-06-20 08:16:02,538][src.modRNN.training.training_loop][INFO] - train epoch 355 loss 0.5671 accuracy 81.25%
[2026-06-20 08:16:02,540][src.modRNN.training.training_loop][INFO] - 	 Starting Epoch: 356
[2026-06-20 08:16:03,268][src.modRNN.training.training_loop][INFO] - train epoch 356 loss 0.6292 accuracy 62.50%
[2026-06-20 08:16:03,269][src.modRNN.training.training_loop][INFO] - 	 Starting Epoch: 357
[2026-06-20 08:16:03,998][src.modRNN.training.training_loop][INFO] - train epoch 357 loss 0.5408 accuracy 78.12%
[2026-06-20 08:16:03,999][src.modRNN.training.training_loop][INFO] - 	 Starting Epoch: 358
[2026-06-20 08:16:04,730][src.modRNN.training.training_loop][INFO] - train epoch 358 loss 0.5388 accuracy 73.44%
[2026-06-20 08:16:04,731][src.modRNN.training.training_loop][INFO] - 	 Starting Epoch: 359
[2026-06-20 08:16:05,460][src.modRNN.training.training_loop][INFO] - train epoch 359 loss 0.5592 accuracy 71.88%
[2026-06-20 08:16:05,462][src.modRNN.training.training_loop][INFO] - 	 Starting Epoch: 360
[2026-06-20 08:16:06,190][src.modRNN.training.training_loop][INFO] - train epoch 360 loss 0.5313 accuracy 81.25%
[2026-06-20 08:16:06,192][src.modRNN.training.training_loop][INFO] - 	 Starting Epoch: 361
[2026-06-20 08:16:06,921][src.modRNN.training.training_loop][INFO] - train epoch 361 loss 0.5403 accuracy 85.94%
[2026-06-20 08:16:06,923][src.modRNN.training.training_loop][INFO] - 	 Starting Epoch: 362
[2026-06-20 08:16:07,651][src.modRNN.training.training_loop][INFO] - train epoch 362 loss 0.5879 accuracy 79.69%
[2026-06-20 08:16:07,652][src.modRNN.training.training_loop][INFO] - 	 Starting Epoch: 363
[2026-06-20 08:16:08,380][src.modRNN.training.training_loop][INFO] - train epoch 363 loss 0.6821 accuracy 65.62%
[2026-06-20 08:16:08,382][src.modRNN.training.training_loop][INFO] - 	 Starting Epoch: 364
[2026-06-20 08:16:09,110][src.modRNN.training.training_loop][INFO] - train epoch 364 loss 0.5907 accuracy 73.44%
[2026-06-20 08:16:09,112][src.modRNN.training.training_loop][INFO] - 	 Starting Epoch: 365
[2026-06-20 08:16:09,839][src.modRNN.training.training_loop][INFO] - train epoch 365 loss 0.5536 accuracy 79.69%
[2026-06-20 08:16:09,841][src.modRNN.training.training_loop][INFO] - 	 Starting Epoch: 366
[2026-06-20 08:16:10,569][src.modRNN.training.training_loop][INFO] - train epoch 366 loss 0.5006 accuracy 87.50%
[2026-06-20 08:16:10,571][src.modRNN.training.training_loop][INFO] - 	 Starting Epoch: 367
[2026-06-20 08:16:11,301][src.modRNN.training.training_loop][INFO] - train epoch 367 loss 0.5736 accuracy 73.44%
[2026-06-20 08:16:11,302][src.modRNN.training.training_loop][INFO] - 	 Starting Epoch: 368
[2026-06-20 08:16:12,031][src.modRNN.training.training_loop][INFO] - train epoch 368 loss 0.5527 accuracy 82.81%
[2026-06-20 08:16:12,033][src.modRNN.training.training_loop][INFO] - 	 Starting Epoch: 369
[2026-06-20 08:16:12,761][src.modRNN.training.training_loop][INFO] - train epoch 369 loss 0.4951 accuracy 85.94%
[2026-06-20 08:16:12,763][src.modRNN.training.training_loop][INFO] - 	 Starting Epoch: 370
[2026-06-20 08:16:13,494][src.modRNN.training.training_loop][INFO] - train epoch 370 loss 0.5085 accuracy 87.50%
[2026-06-20 08:16:13,495][src.modRNN.training.training_loop][INFO] - 	 Starting Epoch: 371
[2026-06-20 08:16:14,224][src.modRNN.training.training_loop][INFO] - train epoch 371 loss 0.5127 accuracy 82.81%
[2026-06-20 08:16:14,226][src.modRNN.training.training_loop][INFO] - 	 Starting Epoch: 372
[2026-06-20 08:16:14,954][src.modRNN.training.training_loop][INFO] - train epoch 372 loss 0.5159 accuracy 85.94%
[2026-06-20 08:16:14,956][src.modRNN.training.training_loop][INFO] - 	 Starting Epoch: 373
[2026-06-20 08:16:15,684][src.modRNN.training.training_loop][INFO] - train epoch 373 loss 0.5012 accuracy 85.94%
[2026-06-20 08:16:15,686][src.modRNN.training.training_loop][INFO] - 	 Starting Epoch: 374
[2026-06-20 08:16:16,415][src.modRNN.training.training_loop][INFO] - train epoch 374 loss 0.5072 accuracy 84.38%
[2026-06-20 08:16:16,417][src.modRNN.training.training_loop][INFO] - 	 Starting Epoch: 375
[2026-06-20 08:16:17,144][src.modRNN.training.training_loop][INFO] - train epoch 375 loss 0.6098 accuracy 70.31%
[2026-06-20 08:16:17,146][src.modRNN.training.training_loop][INFO] - 	 Starting Epoch: 376
[2026-06-20 08:16:17,875][src.modRNN.training.training_loop][INFO] - train epoch 376 loss 0.5472 accuracy 78.12%
[2026-06-20 08:16:19,010][src.modRNN.training.training_loop][INFO] - eval  epoch 376 loss 0.5742 accuracy 77.15%
[2026-06-20 08:16:19,011][src.modRNN.training.training_loop][INFO] - 	 Starting Epoch: 377
[2026-06-20 08:16:19,741][src.modRNN.training.training_loop][INFO] - train epoch 377 loss 0.6598 accuracy 64.06%
[2026-06-20 08:16:19,742][src.modRNN.training.training_loop][INFO] - 	 Starting Epoch: 378
[2026-06-20 08:16:20,472][src.modRNN.training.training_loop][INFO] - train epoch 378 loss 0.5166 accuracy 87.50%
[2026-06-20 08:16:20,474][src.modRNN.training.training_loop][INFO] - 	 Starting Epoch: 379
[2026-06-20 08:16:21,203][src.modRNN.training.training_loop][INFO] - train epoch 379 loss 0.6088 accuracy 70.31%
[2026-06-20 08:16:21,205][src.modRNN.training.training_loop][INFO] - 	 Starting Epoch: 380
[2026-06-20 08:16:21,934][src.modRNN.training.training_loop][INFO] - train epoch 380 loss 0.4783 accuracy 85.94%
[2026-06-20 08:16:21,936][src.modRNN.training.training_loop][INFO] - 	 Starting Epoch: 381
[2026-06-20 08:16:22,665][src.modRNN.training.training_loop][INFO] - train epoch 381 loss 0.4860 accuracy 87.50%
[2026-06-20 08:16:22,667][src.modRNN.training.training_loop][INFO] - 	 Starting Epoch: 382
[2026-06-20 08:16:23,396][src.modRNN.training.training_loop][INFO] - train epoch 382 loss 0.4678 accuracy 92.19%
[2026-06-20 08:16:23,398][src.modRNN.training.training_loop][INFO] - 	 Starting Epoch: 383
[2026-06-20 08:16:24,127][src.modRNN.training.training_loop][INFO] - train epoch 383 loss 0.4327 accuracy 93.75%
[2026-06-20 08:16:24,129][src.modRNN.training.training_loop][INFO] - 	 Starting Epoch: 384
[2026-06-20 08:16:24,858][src.modRNN.training.training_loop][INFO] - train epoch 384 loss 0.5270 accuracy 82.81%
[2026-06-20 08:16:24,860][src.modRNN.training.training_loop][INFO] - 	 Starting Epoch: 385
[2026-06-20 08:16:25,590][src.modRNN.training.training_loop][INFO] - train epoch 385 loss 0.5210 accuracy 78.12%
[2026-06-20 08:16:25,592][src.modRNN.training.training_loop][INFO] - 	 Starting Epoch: 386
[2026-06-20 08:16:26,320][src.modRNN.training.training_loop][INFO] - train epoch 386 loss 0.5424 accuracy 79.69%
[2026-06-20 08:16:26,322][src.modRNN.training.training_loop][INFO] - 	 Starting Epoch: 387
[2026-06-20 08:16:27,052][src.modRNN.training.training_loop][INFO] - train epoch 387 loss 0.5445 accuracy 75.00%
[2026-06-20 08:16:27,054][src.modRNN.training.training_loop][INFO] - 	 Starting Epoch: 388
[2026-06-20 08:16:27,783][src.modRNN.training.training_loop][INFO] - train epoch 388 loss 0.4433 accuracy 90.62%
[2026-06-20 08:16:27,785][src.modRNN.training.training_loop][INFO] - 	 Starting Epoch: 389
[2026-06-20 08:16:28,515][src.modRNN.training.training_loop][INFO] - train epoch 389 loss 0.5265 accuracy 75.00%
[2026-06-20 08:16:28,516][src.modRNN.training.training_loop][INFO] - 	 Starting Epoch: 390
[2026-06-20 08:16:29,246][src.modRNN.training.training_loop][INFO] - train epoch 390 loss 0.5221 accuracy 82.81%
[2026-06-20 08:16:29,247][src.modRNN.training.training_loop][INFO] - 	 Starting Epoch: 391
[2026-06-20 08:16:29,977][src.modRNN.training.training_loop][INFO] - train epoch 391 loss 0.5040 accuracy 84.38%
[2026-06-20 08:16:29,979][src.modRNN.training.training_loop][INFO] - 	 Starting Epoch: 392
[2026-06-20 08:16:30,709][src.modRNN.training.training_loop][INFO] - train epoch 392 loss 0.6649 accuracy 62.50%
[2026-06-20 08:16:30,710][src.modRNN.training.training_loop][INFO] - 	 Starting Epoch: 393
[2026-06-20 08:16:31,440][src.modRNN.training.training_loop][INFO] - train epoch 393 loss 0.5882 accuracy 78.12%
[2026-06-20 08:16:31,441][src.modRNN.training.training_loop][INFO] - 	 Starting Epoch: 394
[2026-06-20 08:16:32,171][src.modRNN.training.training_loop][INFO] - train epoch 394 loss 0.5451 accuracy 79.69%
[2026-06-20 08:16:32,172][src.modRNN.training.training_loop][INFO] - 	 Starting Epoch: 395
[2026-06-20 08:16:32,907][src.modRNN.training.training_loop][INFO] - train epoch 395 loss 0.5729 accuracy 73.44%
[2026-06-20 08:16:32,908][src.modRNN.training.training_loop][INFO] - 	 Starting Epoch: 396
[2026-06-20 08:16:33,638][src.modRNN.training.training_loop][INFO] - train epoch 396 loss 0.5447 accuracy 73.44%
[2026-06-20 08:16:33,640][src.modRNN.training.training_loop][INFO] - 	 Starting Epoch: 397
[2026-06-20 08:16:34,369][src.modRNN.training.training_loop][INFO] - train epoch 397 loss 0.5794 accuracy 73.44%
[2026-06-20 08:16:34,370][src.modRNN.training.training_loop][INFO] - 	 Starting Epoch: 398
[2026-06-20 08:16:35,101][src.modRNN.training.training_loop][INFO] - train epoch 398 loss 0.5623 accuracy 68.75%
[2026-06-20 08:16:35,103][src.modRNN.training.training_loop][INFO] - 	 Starting Epoch: 399
[2026-06-20 08:16:35,833][src.modRNN.training.training_loop][INFO] - train epoch 399 loss 0.5795 accuracy 75.00%
[2026-06-20 08:16:35,835][src.modRNN.training.training_loop][INFO] - 	 Starting Epoch: 400
[2026-06-20 08:16:36,563][src.modRNN.training.training_loop][INFO] - train epoch 400 loss 0.6026 accuracy 67.19%
[2026-06-20 08:16:36,565][src.modRNN.training.training_loop][INFO] - 	 Starting Epoch: 401
[2026-06-20 08:16:37,295][src.modRNN.training.training_loop][INFO] - train epoch 401 loss 0.5598 accuracy 67.19%
[2026-06-20 08:16:38,429][src.modRNN.training.training_loop][INFO] - eval  epoch 401 loss 0.6304 accuracy 66.21%
[2026-06-20 08:16:38,430][src.modRNN.training.training_loop][INFO] - 	 Starting Epoch: 402
[2026-06-20 08:16:39,159][src.modRNN.training.training_loop][INFO] - train epoch 402 loss 0.5653 accuracy 70.31%
[2026-06-20 08:16:39,161][src.modRNN.training.training_loop][INFO] - 	 Starting Epoch: 403
[2026-06-20 08:16:39,889][src.modRNN.training.training_loop][INFO] - train epoch 403 loss 0.5478 accuracy 75.00%
[2026-06-20 08:16:39,891][src.modRNN.training.training_loop][INFO] - 	 Starting Epoch: 404
[2026-06-20 08:16:40,620][src.modRNN.training.training_loop][INFO] - train epoch 404 loss 0.6161 accuracy 62.50%
[2026-06-20 08:16:40,622][src.modRNN.training.training_loop][INFO] - 	 Starting Epoch: 405
[2026-06-20 08:16:41,351][src.modRNN.training.training_loop][INFO] - train epoch 405 loss 0.4557 accuracy 84.38%
[2026-06-20 08:16:41,353][src.modRNN.training.training_loop][INFO] - 	 Starting Epoch: 406
[2026-06-20 08:16:42,082][src.modRNN.training.training_loop][INFO] - train epoch 406 loss 0.5370 accuracy 75.00%
[2026-06-20 08:16:42,083][src.modRNN.training.training_loop][INFO] - 	 Starting Epoch: 407
[2026-06-20 08:16:42,814][src.modRNN.training.training_loop][INFO] - train epoch 407 loss 0.5554 accuracy 70.31%
[2026-06-20 08:16:42,815][src.modRNN.training.training_loop][INFO] - 	 Starting Epoch: 408
[2026-06-20 08:16:43,543][src.modRNN.training.training_loop][INFO] - train epoch 408 loss 0.4714 accuracy 78.12%
[2026-06-20 08:16:43,545][src.modRNN.training.training_loop][INFO] - 	 Starting Epoch: 409
[2026-06-20 08:16:44,276][src.modRNN.training.training_loop][INFO] - train epoch 409 loss 0.5219 accuracy 79.69%
[2026-06-20 08:16:44,277][src.modRNN.training.training_loop][INFO] - 	 Starting Epoch: 410
[2026-06-20 08:16:45,007][src.modRNN.training.training_loop][INFO] - train epoch 410 loss 0.5521 accuracy 71.88%
[2026-06-20 08:16:45,008][src.modRNN.training.training_loop][INFO] - 	 Starting Epoch: 411
[2026-06-20 08:16:45,738][src.modRNN.training.training_loop][INFO] - train epoch 411 loss 0.6117 accuracy 67.19%
[2026-06-20 08:16:45,740][src.modRNN.training.training_loop][INFO] - 	 Starting Epoch: 412
[2026-06-20 08:16:46,469][src.modRNN.training.training_loop][INFO] - train epoch 412 loss 0.5833 accuracy 65.62%
[2026-06-20 08:16:46,470][src.modRNN.training.training_loop][INFO] - 	 Starting Epoch: 413
[2026-06-20 08:16:47,200][src.modRNN.training.training_loop][INFO] - train epoch 413 loss 0.6489 accuracy 59.38%
[2026-06-20 08:16:47,202][src.modRNN.training.training_loop][INFO] - 	 Starting Epoch: 414
[2026-06-20 08:16:47,933][src.modRNN.training.training_loop][INFO] - train epoch 414 loss 0.6299 accuracy 64.06%
[2026-06-20 08:16:47,935][src.modRNN.training.training_loop][INFO] - 	 Starting Epoch: 415
[2026-06-20 08:16:48,665][src.modRNN.training.training_loop][INFO] - train epoch 415 loss 0.4415 accuracy 85.94%
[2026-06-20 08:16:48,666][src.modRNN.training.training_loop][INFO] - 	 Starting Epoch: 416
[2026-06-20 08:16:49,395][src.modRNN.training.training_loop][INFO] - train epoch 416 loss 0.5219 accuracy 82.81%
[2026-06-20 08:16:49,396][src.modRNN.training.training_loop][INFO] - 	 Starting Epoch: 417
[2026-06-20 08:16:50,127][src.modRNN.training.training_loop][INFO] - train epoch 417 loss 0.5335 accuracy 76.56%
[2026-06-20 08:16:50,129][src.modRNN.training.training_loop][INFO] - 	 Starting Epoch: 418
[2026-06-20 08:16:50,857][src.modRNN.training.training_loop][INFO] - train epoch 418 loss 0.4509 accuracy 89.06%
[2026-06-20 08:16:50,859][src.modRNN.training.training_loop][INFO] - 	 Starting Epoch: 419
[2026-06-20 08:16:51,588][src.modRNN.training.training_loop][INFO] - train epoch 419 loss 0.5031 accuracy 79.69%
[2026-06-20 08:16:51,589][src.modRNN.training.training_loop][INFO] - 	 Starting Epoch: 420
[2026-06-20 08:16:52,318][src.modRNN.training.training_loop][INFO] - train epoch 420 loss 0.5863 accuracy 73.44%
[2026-06-20 08:16:52,320][src.modRNN.training.training_loop][INFO] - 	 Starting Epoch: 421
[2026-06-20 08:16:53,049][src.modRNN.training.training_loop][INFO] - train epoch 421 loss 0.4812 accuracy 84.38%
[2026-06-20 08:16:53,050][src.modRNN.training.training_loop][INFO] - 	 Starting Epoch: 422
[2026-06-20 08:16:53,780][src.modRNN.training.training_loop][INFO] - train epoch 422 loss 0.4956 accuracy 79.69%
[2026-06-20 08:16:53,782][src.modRNN.training.training_loop][INFO] - 	 Starting Epoch: 423
[2026-06-20 08:16:54,511][src.modRNN.training.training_loop][INFO] - train epoch 423 loss 0.4075 accuracy 89.06%
[2026-06-20 08:16:54,513][src.modRNN.training.training_loop][INFO] - 	 Starting Epoch: 424
[2026-06-20 08:16:55,242][src.modRNN.training.training_loop][INFO] - train epoch 424 loss 0.4952 accuracy 84.38%
[2026-06-20 08:16:55,243][src.modRNN.training.training_loop][INFO] - 	 Starting Epoch: 425
[2026-06-20 08:16:55,972][src.modRNN.training.training_loop][INFO] - train epoch 425 loss 0.4586 accuracy 85.94%
[2026-06-20 08:16:55,974][src.modRNN.training.training_loop][INFO] - 	 Starting Epoch: 426
[2026-06-20 08:16:56,704][src.modRNN.training.training_loop][INFO] - train epoch 426 loss 0.4297 accuracy 93.75%
[2026-06-20 08:16:57,837][src.modRNN.training.training_loop][INFO] - eval  epoch 426 loss 0.4908 accuracy 85.35%
[2026-06-20 08:16:57,838][src.modRNN.training.training_loop][INFO] - 	 Starting Epoch: 427
[2026-06-20 08:16:58,566][src.modRNN.training.training_loop][INFO] - train epoch 427 loss 0.4953 accuracy 82.81%
[2026-06-20 08:16:58,567][src.modRNN.training.training_loop][INFO] - 	 Starting Epoch: 428
[2026-06-20 08:16:59,297][src.modRNN.training.training_loop][INFO] - train epoch 428 loss 0.4571 accuracy 89.06%
[2026-06-20 08:16:59,299][src.modRNN.training.training_loop][INFO] - 	 Starting Epoch: 429
[2026-06-20 08:17:00,029][src.modRNN.training.training_loop][INFO] - train epoch 429 loss 0.5102 accuracy 84.38%
[2026-06-20 08:17:00,031][src.modRNN.training.training_loop][INFO] - 	 Starting Epoch: 430
[2026-06-20 08:17:00,758][src.modRNN.training.training_loop][INFO] - train epoch 430 loss 0.5001 accuracy 84.38%
[2026-06-20 08:17:00,760][src.modRNN.training.training_loop][INFO] - 	 Starting Epoch: 431
[2026-06-20 08:17:01,490][src.modRNN.training.training_loop][INFO] - train epoch 431 loss 0.5484 accuracy 78.12%
[2026-06-20 08:17:01,492][src.modRNN.training.training_loop][INFO] - 	 Starting Epoch: 432
[2026-06-20 08:17:02,220][src.modRNN.training.training_loop][INFO] - train epoch 432 loss 0.4627 accuracy 81.25%
[2026-06-20 08:17:02,222][src.modRNN.training.training_loop][INFO] - 	 Starting Epoch: 433
[2026-06-20 08:17:02,952][src.modRNN.training.training_loop][INFO] - train epoch 433 loss 0.5325 accuracy 82.81%
[2026-06-20 08:17:02,954][src.modRNN.training.training_loop][INFO] - 	 Starting Epoch: 434
[2026-06-20 08:17:03,682][src.modRNN.training.training_loop][INFO] - train epoch 434 loss 0.5287 accuracy 76.56%
[2026-06-20 08:17:03,684][src.modRNN.training.training_loop][INFO] - 	 Starting Epoch: 435
[2026-06-20 08:17:04,414][src.modRNN.training.training_loop][INFO] - train epoch 435 loss 0.5437 accuracy 76.56%
[2026-06-20 08:17:04,415][src.modRNN.training.training_loop][INFO] - 	 Starting Epoch: 436
[2026-06-20 08:17:05,144][src.modRNN.training.training_loop][INFO] - train epoch 436 loss 0.5731 accuracy 76.56%
[2026-06-20 08:17:05,146][src.modRNN.training.training_loop][INFO] - 	 Starting Epoch: 437
[2026-06-20 08:17:05,874][src.modRNN.training.training_loop][INFO] - train epoch 437 loss 0.4512 accuracy 89.06%
[2026-06-20 08:17:05,876][src.modRNN.training.training_loop][INFO] - 	 Starting Epoch: 438
[2026-06-20 08:17:06,607][src.modRNN.training.training_loop][INFO] - train epoch 438 loss 0.5341 accuracy 79.69%
[2026-06-20 08:17:06,609][src.modRNN.training.training_loop][INFO] - 	 Starting Epoch: 439
[2026-06-20 08:17:07,336][src.modRNN.training.training_loop][INFO] - train epoch 439 loss 0.5395 accuracy 82.81%
[2026-06-20 08:17:07,338][src.modRNN.training.training_loop][INFO] - 	 Starting Epoch: 440
[2026-06-20 08:17:08,068][src.modRNN.training.training_loop][INFO] - train epoch 440 loss 0.5411 accuracy 81.25%
[2026-06-20 08:17:08,070][src.modRNN.training.training_loop][INFO] - 	 Starting Epoch: 441
[2026-06-20 08:17:08,800][src.modRNN.training.training_loop][INFO] - train epoch 441 loss 0.5720 accuracy 71.88%
[2026-06-20 08:17:08,801][src.modRNN.training.training_loop][INFO] - 	 Starting Epoch: 442
[2026-06-20 08:17:09,535][src.modRNN.training.training_loop][INFO] - train epoch 442 loss 0.4947 accuracy 82.81%
[2026-06-20 08:17:09,537][src.modRNN.training.training_loop][INFO] - 	 Starting Epoch: 443
[2026-06-20 08:17:10,265][src.modRNN.training.training_loop][INFO] - train epoch 443 loss 0.5462 accuracy 75.00%
[2026-06-20 08:17:10,268][src.modRNN.training.training_loop][INFO] - 	 Starting Epoch: 444
[2026-06-20 08:17:10,996][src.modRNN.training.training_loop][INFO] - train epoch 444 loss 0.5807 accuracy 75.00%
[2026-06-20 08:17:10,997][src.modRNN.training.training_loop][INFO] - 	 Starting Epoch: 445
[2026-06-20 08:17:11,726][src.modRNN.training.training_loop][INFO] - train epoch 445 loss 0.4471 accuracy 82.81%
[2026-06-20 08:17:11,728][src.modRNN.training.training_loop][INFO] - 	 Starting Epoch: 446
[2026-06-20 08:17:12,457][src.modRNN.training.training_loop][INFO] - train epoch 446 loss 0.5255 accuracy 73.44%
[2026-06-20 08:17:12,459][src.modRNN.training.training_loop][INFO] - 	 Starting Epoch: 447
[2026-06-20 08:17:13,187][src.modRNN.training.training_loop][INFO] - train epoch 447 loss 0.5692 accuracy 76.56%
[2026-06-20 08:17:13,189][src.modRNN.training.training_loop][INFO] - 	 Starting Epoch: 448
[2026-06-20 08:17:13,917][src.modRNN.training.training_loop][INFO] - train epoch 448 loss 0.5332 accuracy 76.56%
[2026-06-20 08:17:13,919][src.modRNN.training.training_loop][INFO] - 	 Starting Epoch: 449
[2026-06-20 08:17:14,646][src.modRNN.training.training_loop][INFO] - train epoch 449 loss 0.6020 accuracy 67.19%
[2026-06-20 08:17:14,648][src.modRNN.training.training_loop][INFO] - 	 Starting Epoch: 450
[2026-06-20 08:17:15,379][src.modRNN.training.training_loop][INFO] - train epoch 450 loss 0.5006 accuracy 76.56%
[2026-06-20 08:17:15,380][src.modRNN.training.training_loop][INFO] - 	 Starting Epoch: 451
[2026-06-20 08:17:16,109][src.modRNN.training.training_loop][INFO] - train epoch 451 loss 0.6230 accuracy 62.50%
[2026-06-20 08:17:17,238][src.modRNN.training.training_loop][INFO] - eval  epoch 451 loss 0.6333 accuracy 69.53%
[2026-06-20 08:17:17,240][src.modRNN.training.training_loop][INFO] - 	 Starting Epoch: 452
[2026-06-20 08:17:17,967][src.modRNN.training.training_loop][INFO] - train epoch 452 loss 0.5440 accuracy 78.12%
[2026-06-20 08:17:17,969][src.modRNN.training.training_loop][INFO] - 	 Starting Epoch: 453
[2026-06-20 08:17:18,696][src.modRNN.training.training_loop][INFO] - train epoch 453 loss 0.5968 accuracy 67.19%
[2026-06-20 08:17:18,698][src.modRNN.training.training_loop][INFO] - 	 Starting Epoch: 454
[2026-06-20 08:17:19,427][src.modRNN.training.training_loop][INFO] - train epoch 454 loss 0.6379 accuracy 67.19%
[2026-06-20 08:17:19,429][src.modRNN.training.training_loop][INFO] - 	 Starting Epoch: 455
[2026-06-20 08:17:20,156][src.modRNN.training.training_loop][INFO] - train epoch 455 loss 0.4879 accuracy 79.69%
[2026-06-20 08:17:20,158][src.modRNN.training.training_loop][INFO] - 	 Starting Epoch: 456
[2026-06-20 08:17:20,886][src.modRNN.training.training_loop][INFO] - train epoch 456 loss 0.4747 accuracy 85.94%
[2026-06-20 08:17:20,887][src.modRNN.training.training_loop][INFO] - 	 Starting Epoch: 457
[2026-06-20 08:17:21,616][src.modRNN.training.training_loop][INFO] - train epoch 457 loss 0.5161 accuracy 76.56%
[2026-06-20 08:17:21,618][src.modRNN.training.training_loop][INFO] - 	 Starting Epoch: 458
[2026-06-20 08:17:22,347][src.modRNN.training.training_loop][INFO] - train epoch 458 loss 0.5484 accuracy 71.88%
[2026-06-20 08:17:22,349][src.modRNN.training.training_loop][INFO] - 	 Starting Epoch: 459
[2026-06-20 08:17:23,077][src.modRNN.training.training_loop][INFO] - train epoch 459 loss 0.4752 accuracy 84.38%
[2026-06-20 08:17:23,078][src.modRNN.training.training_loop][INFO] - 	 Starting Epoch: 460
[2026-06-20 08:17:23,806][src.modRNN.training.training_loop][INFO] - train epoch 460 loss 0.4491 accuracy 82.81%
[2026-06-20 08:17:23,807][src.modRNN.training.training_loop][INFO] - 	 Starting Epoch: 461
[2026-06-20 08:17:24,536][src.modRNN.training.training_loop][INFO] - train epoch 461 loss 0.4014 accuracy 92.19%
[2026-06-20 08:17:24,537][src.modRNN.training.training_loop][INFO] - 	 Starting Epoch: 462
[2026-06-20 08:17:25,265][src.modRNN.training.training_loop][INFO] - train epoch 462 loss 0.4606 accuracy 82.81%
[2026-06-20 08:17:25,267][src.modRNN.training.training_loop][INFO] - 	 Starting Epoch: 463
[2026-06-20 08:17:25,994][src.modRNN.training.training_loop][INFO] - train epoch 463 loss 0.5652 accuracy 70.31%
[2026-06-20 08:17:25,996][src.modRNN.training.training_loop][INFO] - 	 Starting Epoch: 464
[2026-06-20 08:17:26,723][src.modRNN.training.training_loop][INFO] - train epoch 464 loss 0.4886 accuracy 85.94%
[2026-06-20 08:17:26,725][src.modRNN.training.training_loop][INFO] - 	 Starting Epoch: 465
[2026-06-20 08:17:27,454][src.modRNN.training.training_loop][INFO] - train epoch 465 loss 0.5682 accuracy 79.69%
[2026-06-20 08:17:27,456][src.modRNN.training.training_loop][INFO] - 	 Starting Epoch: 466
[2026-06-20 08:17:28,186][src.modRNN.training.training_loop][INFO] - train epoch 466 loss 0.5461 accuracy 78.12%
[2026-06-20 08:17:28,187][src.modRNN.training.training_loop][INFO] - 	 Starting Epoch: 467
[2026-06-20 08:17:28,914][src.modRNN.training.training_loop][INFO] - train epoch 467 loss 0.4735 accuracy 81.25%
[2026-06-20 08:17:28,916][src.modRNN.training.training_loop][INFO] - 	 Starting Epoch: 468
[2026-06-20 08:17:29,643][src.modRNN.training.training_loop][INFO] - train epoch 468 loss 0.5251 accuracy 75.00%
[2026-06-20 08:17:29,644][src.modRNN.training.training_loop][INFO] - 	 Starting Epoch: 469
[2026-06-20 08:17:30,373][src.modRNN.training.training_loop][INFO] - train epoch 469 loss 0.4861 accuracy 81.25%
[2026-06-20 08:17:30,375][src.modRNN.training.training_loop][INFO] - 	 Starting Epoch: 470
[2026-06-20 08:17:31,104][src.modRNN.training.training_loop][INFO] - train epoch 470 loss 0.4895 accuracy 82.81%
[2026-06-20 08:17:31,105][src.modRNN.training.training_loop][INFO] - 	 Starting Epoch: 471
[2026-06-20 08:17:31,834][src.modRNN.training.training_loop][INFO] - train epoch 471 loss 0.4473 accuracy 90.62%
[2026-06-20 08:17:31,835][src.modRNN.training.training_loop][INFO] - 	 Starting Epoch: 472
[2026-06-20 08:17:32,563][src.modRNN.training.training_loop][INFO] - train epoch 472 loss 0.4986 accuracy 81.25%
[2026-06-20 08:17:32,565][src.modRNN.training.training_loop][INFO] - 	 Starting Epoch: 473
[2026-06-20 08:17:33,294][src.modRNN.training.training_loop][INFO] - train epoch 473 loss 0.4792 accuracy 85.94%
[2026-06-20 08:17:33,296][src.modRNN.training.training_loop][INFO] - 	 Starting Epoch: 474
[2026-06-20 08:17:34,026][src.modRNN.training.training_loop][INFO] - train epoch 474 loss 0.5091 accuracy 82.81%
[2026-06-20 08:17:34,028][src.modRNN.training.training_loop][INFO] - 	 Starting Epoch: 475
[2026-06-20 08:17:34,756][src.modRNN.training.training_loop][INFO] - train epoch 475 loss 0.5512 accuracy 71.88%
[2026-06-20 08:17:34,757][src.modRNN.training.training_loop][INFO] - 	 Starting Epoch: 476
[2026-06-20 08:17:35,486][src.modRNN.training.training_loop][INFO] - train epoch 476 loss 0.4779 accuracy 82.81%
[2026-06-20 08:17:36,615][src.modRNN.training.training_loop][INFO] - eval  epoch 476 loss 0.5139 accuracy 78.12%
[2026-06-20 08:17:36,617][src.modRNN.training.training_loop][INFO] - 	 Starting Epoch: 477
[2026-06-20 08:17:37,345][src.modRNN.training.training_loop][INFO] - train epoch 477 loss 0.4839 accuracy 75.00%
[2026-06-20 08:17:37,347][src.modRNN.training.training_loop][INFO] - 	 Starting Epoch: 478
[2026-06-20 08:17:38,075][src.modRNN.training.training_loop][INFO] - train epoch 478 loss 0.5024 accuracy 78.12%
[2026-06-20 08:17:38,077][src.modRNN.training.training_loop][INFO] - 	 Starting Epoch: 479
[2026-06-20 08:17:38,805][src.modRNN.training.training_loop][INFO] - train epoch 479 loss 0.5256 accuracy 76.56%
[2026-06-20 08:17:38,807][src.modRNN.training.training_loop][INFO] - 	 Starting Epoch: 480
[2026-06-20 08:17:39,537][src.modRNN.training.training_loop][INFO] - train epoch 480 loss 0.6239 accuracy 67.19%
[2026-06-20 08:17:39,539][src.modRNN.training.training_loop][INFO] - 	 Starting Epoch: 481
[2026-06-20 08:17:40,267][src.modRNN.training.training_loop][INFO] - train epoch 481 loss 0.5290 accuracy 79.69%
[2026-06-20 08:17:40,268][src.modRNN.training.training_loop][INFO] - 	 Starting Epoch: 482
[2026-06-20 08:17:40,996][src.modRNN.training.training_loop][INFO] - train epoch 482 loss 0.6681 accuracy 67.19%
[2026-06-20 08:17:40,998][src.modRNN.training.training_loop][INFO] - 	 Starting Epoch: 483
[2026-06-20 08:17:41,726][src.modRNN.training.training_loop][INFO] - train epoch 483 loss 0.6562 accuracy 68.75%
[2026-06-20 08:17:41,728][src.modRNN.training.training_loop][INFO] - 	 Starting Epoch: 484
[2026-06-20 08:17:42,457][src.modRNN.training.training_loop][INFO] - train epoch 484 loss 0.5796 accuracy 73.44%
[2026-06-20 08:17:42,458][src.modRNN.training.training_loop][INFO] - 	 Starting Epoch: 485
[2026-06-20 08:17:43,187][src.modRNN.training.training_loop][INFO] - train epoch 485 loss 0.5602 accuracy 73.44%
[2026-06-20 08:17:43,188][src.modRNN.training.training_loop][INFO] - 	 Starting Epoch: 486
[2026-06-20 08:17:43,917][src.modRNN.training.training_loop][INFO] - train epoch 486 loss 0.6169 accuracy 71.88%
[2026-06-20 08:17:43,919][src.modRNN.training.training_loop][INFO] - 	 Starting Epoch: 487
[2026-06-20 08:17:44,647][src.modRNN.training.training_loop][INFO] - train epoch 487 loss 0.5695 accuracy 67.19%
[2026-06-20 08:17:44,649][src.modRNN.training.training_loop][INFO] - 	 Starting Epoch: 488
[2026-06-20 08:17:45,378][src.modRNN.training.training_loop][INFO] - train epoch 488 loss 0.6753 accuracy 59.38%
[2026-06-20 08:17:45,379][src.modRNN.training.training_loop][INFO] - 	 Starting Epoch: 489
[2026-06-20 08:17:46,107][src.modRNN.training.training_loop][INFO] - train epoch 489 loss 0.5112 accuracy 84.38%
[2026-06-20 08:17:46,109][src.modRNN.training.training_loop][INFO] - 	 Starting Epoch: 490
[2026-06-20 08:17:46,837][src.modRNN.training.training_loop][INFO] - train epoch 490 loss 0.5711 accuracy 68.75%
[2026-06-20 08:17:46,838][src.modRNN.training.training_loop][INFO] - 	 Starting Epoch: 491
[2026-06-20 08:17:47,570][src.modRNN.training.training_loop][INFO] - train epoch 491 loss 0.5117 accuracy 78.12%
[2026-06-20 08:17:47,572][src.modRNN.training.training_loop][INFO] - 	 Starting Epoch: 492
[2026-06-20 08:17:48,300][src.modRNN.training.training_loop][INFO] - train epoch 492 loss 0.4340 accuracy 89.06%
[2026-06-20 08:17:48,302][src.modRNN.training.training_loop][INFO] - 	 Starting Epoch: 493
[2026-06-20 08:17:49,032][src.modRNN.training.training_loop][INFO] - train epoch 493 loss 0.5237 accuracy 76.56%
[2026-06-20 08:17:49,034][src.modRNN.training.training_loop][INFO] - 	 Starting Epoch: 494
[2026-06-20 08:17:49,762][src.modRNN.training.training_loop][INFO] - train epoch 494 loss 0.5183 accuracy 78.12%
[2026-06-20 08:17:49,764][src.modRNN.training.training_loop][INFO] - 	 Starting Epoch: 495
[2026-06-20 08:17:50,494][src.modRNN.training.training_loop][INFO] - train epoch 495 loss 0.5458 accuracy 73.44%
[2026-06-20 08:17:50,496][src.modRNN.training.training_loop][INFO] - 	 Starting Epoch: 496
[2026-06-20 08:17:51,225][src.modRNN.training.training_loop][INFO] - train epoch 496 loss 0.4699 accuracy 78.12%
[2026-06-20 08:17:51,227][src.modRNN.training.training_loop][INFO] - 	 Starting Epoch: 497
[2026-06-20 08:17:51,957][src.modRNN.training.training_loop][INFO] - train epoch 497 loss 0.4990 accuracy 76.56%
[2026-06-20 08:17:51,959][src.modRNN.training.training_loop][INFO] - 	 Starting Epoch: 498
[2026-06-20 08:17:52,688][src.modRNN.training.training_loop][INFO] - train epoch 498 loss 0.5741 accuracy 68.75%
[2026-06-20 08:17:52,689][src.modRNN.training.training_loop][INFO] - 	 Starting Epoch: 499
[2026-06-20 08:17:53,419][src.modRNN.training.training_loop][INFO] - train epoch 499 loss 0.4643 accuracy 82.81%
[2026-06-20 08:17:53,421][src.modRNN.training.training_loop][INFO] - 	 Starting Epoch: 500
[2026-06-20 08:17:54,151][src.modRNN.training.training_loop][INFO] - train epoch 500 loss 0.5088 accuracy 78.12%
[2026-06-20 08:17:54,153][src.modRNN.training.training_loop][INFO] - 	 Starting Epoch: 501
[2026-06-20 08:17:54,883][src.modRNN.training.training_loop][INFO] - train epoch 501 loss 0.4945 accuracy 81.25%
[2026-06-20 08:17:56,018][src.modRNN.training.training_loop][INFO] - eval  epoch 501 loss 0.5416 accuracy 75.59%
[2026-06-20 08:17:56,020][src.modRNN.training.training_loop][INFO] - 	 Starting Epoch: 502
[2026-06-20 08:17:56,747][src.modRNN.training.training_loop][INFO] - train epoch 502 loss 0.4479 accuracy 82.81%
[2026-06-20 08:17:56,749][src.modRNN.training.training_loop][INFO] - 	 Starting Epoch: 503
[2026-06-20 08:17:57,478][src.modRNN.training.training_loop][INFO] - train epoch 503 loss 0.5131 accuracy 79.69%
[2026-06-20 08:17:57,479][src.modRNN.training.training_loop][INFO] - 	 Starting Epoch: 504
[2026-06-20 08:17:58,208][src.modRNN.training.training_loop][INFO] - train epoch 504 loss 0.5502 accuracy 76.56%
[2026-06-20 08:17:58,209][src.modRNN.training.training_loop][INFO] - 	 Starting Epoch: 505
[2026-06-20 08:17:58,938][src.modRNN.training.training_loop][INFO] - train epoch 505 loss 0.5001 accuracy 78.12%
[2026-06-20 08:17:58,940][src.modRNN.training.training_loop][INFO] - 	 Starting Epoch: 506
[2026-06-20 08:17:59,669][src.modRNN.training.training_loop][INFO] - train epoch 506 loss 0.4694 accuracy 81.25%
[2026-06-20 08:17:59,670][src.modRNN.training.training_loop][INFO] - 	 Starting Epoch: 507
[2026-06-20 08:18:00,398][src.modRNN.training.training_loop][INFO] - train epoch 507 loss 0.3719 accuracy 93.75%
[2026-06-20 08:18:00,400][src.modRNN.training.training_loop][INFO] - 	 Starting Epoch: 508
[2026-06-20 08:18:01,128][src.modRNN.training.training_loop][INFO] - train epoch 508 loss 0.5196 accuracy 71.88%
[2026-06-20 08:18:01,130][src.modRNN.training.training_loop][INFO] - 	 Starting Epoch: 509
[2026-06-20 08:18:01,857][src.modRNN.training.training_loop][INFO] - train epoch 509 loss 0.4927 accuracy 78.12%
[2026-06-20 08:18:01,858][src.modRNN.training.training_loop][INFO] - 	 Starting Epoch: 510
[2026-06-20 08:18:02,587][src.modRNN.training.training_loop][INFO] - train epoch 510 loss 0.4203 accuracy 81.25%
[2026-06-20 08:18:02,589][src.modRNN.training.training_loop][INFO] - 	 Starting Epoch: 511
[2026-06-20 08:18:03,320][src.modRNN.training.training_loop][INFO] - train epoch 511 loss 0.4631 accuracy 85.94%
[2026-06-20 08:18:03,321][src.modRNN.training.training_loop][INFO] - 	 Starting Epoch: 512
[2026-06-20 08:18:04,050][src.modRNN.training.training_loop][INFO] - train epoch 512 loss 0.4089 accuracy 85.94%
[2026-06-20 08:18:04,051][src.modRNN.training.training_loop][INFO] - 	 Starting Epoch: 513
[2026-06-20 08:18:04,779][src.modRNN.training.training_loop][INFO] - train epoch 513 loss 0.4469 accuracy 84.38%
[2026-06-20 08:18:04,780][src.modRNN.training.training_loop][INFO] - 	 Starting Epoch: 514
[2026-06-20 08:18:05,508][src.modRNN.training.training_loop][INFO] - train epoch 514 loss 0.4862 accuracy 76.56%
[2026-06-20 08:18:05,509][src.modRNN.training.training_loop][INFO] - 	 Starting Epoch: 515
[2026-06-20 08:18:06,238][src.modRNN.training.training_loop][INFO] - train epoch 515 loss 0.6136 accuracy 71.88%
[2026-06-20 08:18:06,240][src.modRNN.training.training_loop][INFO] - 	 Starting Epoch: 516
[2026-06-20 08:18:06,968][src.modRNN.training.training_loop][INFO] - train epoch 516 loss 0.5762 accuracy 76.56%
[2026-06-20 08:18:06,970][src.modRNN.training.training_loop][INFO] - 	 Starting Epoch: 517
[2026-06-20 08:18:07,698][src.modRNN.training.training_loop][INFO] - train epoch 517 loss 0.5661 accuracy 78.12%
[2026-06-20 08:18:07,699][src.modRNN.training.training_loop][INFO] - 	 Starting Epoch: 518
[2026-06-20 08:18:08,426][src.modRNN.training.training_loop][INFO] - train epoch 518 loss 0.5323 accuracy 79.69%
[2026-06-20 08:18:08,428][src.modRNN.training.training_loop][INFO] - 	 Starting Epoch: 519
[2026-06-20 08:18:09,157][src.modRNN.training.training_loop][INFO] - train epoch 519 loss 0.4871 accuracy 81.25%
[2026-06-20 08:18:09,159][src.modRNN.training.training_loop][INFO] - 	 Starting Epoch: 520
[2026-06-20 08:18:09,887][src.modRNN.training.training_loop][INFO] - train epoch 520 loss 0.5241 accuracy 75.00%
[2026-06-20 08:18:09,888][src.modRNN.training.training_loop][INFO] - 	 Starting Epoch: 521
[2026-06-20 08:18:10,616][src.modRNN.training.training_loop][INFO] - train epoch 521 loss 0.4597 accuracy 85.94%
[2026-06-20 08:18:10,618][src.modRNN.training.training_loop][INFO] - 	 Starting Epoch: 522
[2026-06-20 08:18:11,347][src.modRNN.training.training_loop][INFO] - train epoch 522 loss 0.4104 accuracy 84.38%
[2026-06-20 08:18:11,348][src.modRNN.training.training_loop][INFO] - 	 Starting Epoch: 523
[2026-06-20 08:18:12,078][src.modRNN.training.training_loop][INFO] - train epoch 523 loss 0.4627 accuracy 87.50%
[2026-06-20 08:18:12,080][src.modRNN.training.training_loop][INFO] - 	 Starting Epoch: 524
[2026-06-20 08:18:12,808][src.modRNN.training.training_loop][INFO] - train epoch 524 loss 0.5074 accuracy 82.81%
[2026-06-20 08:18:12,810][src.modRNN.training.training_loop][INFO] - 	 Starting Epoch: 525
[2026-06-20 08:18:13,539][src.modRNN.training.training_loop][INFO] - train epoch 525 loss 0.4935 accuracy 81.25%
[2026-06-20 08:18:13,541][src.modRNN.training.training_loop][INFO] - 	 Starting Epoch: 526
[2026-06-20 08:18:14,269][src.modRNN.training.training_loop][INFO] - train epoch 526 loss 0.5076 accuracy 76.56%
[2026-06-20 08:18:15,403][src.modRNN.training.training_loop][INFO] - eval  epoch 526 loss 0.4525 accuracy 82.81%
[2026-06-20 08:18:15,404][src.modRNN.training.training_loop][INFO] - 	 Starting Epoch: 527
[2026-06-20 08:18:16,133][src.modRNN.training.training_loop][INFO] - train epoch 527 loss 0.4657 accuracy 84.38%
[2026-06-20 08:18:16,134][src.modRNN.training.training_loop][INFO] - 	 Starting Epoch: 528
[2026-06-20 08:18:16,865][src.modRNN.training.training_loop][INFO] - train epoch 528 loss 0.4458 accuracy 82.81%
[2026-06-20 08:18:16,866][src.modRNN.training.training_loop][INFO] - 	 Starting Epoch: 529
[2026-06-20 08:18:17,595][src.modRNN.training.training_loop][INFO] - train epoch 529 loss 0.4556 accuracy 84.38%
[2026-06-20 08:18:17,596][src.modRNN.training.training_loop][INFO] - 	 Starting Epoch: 530
[2026-06-20 08:18:18,328][src.modRNN.training.training_loop][INFO] - train epoch 530 loss 0.3526 accuracy 93.75%
[2026-06-20 08:18:18,330][src.modRNN.training.training_loop][INFO] - 	 Starting Epoch: 531
[2026-06-20 08:18:19,060][src.modRNN.training.training_loop][INFO] - train epoch 531 loss 0.4320 accuracy 84.38%
[2026-06-20 08:18:19,062][src.modRNN.training.training_loop][INFO] - 	 Starting Epoch: 532
[2026-06-20 08:18:19,791][src.modRNN.training.training_loop][INFO] - train epoch 532 loss 0.4532 accuracy 82.81%
[2026-06-20 08:18:19,793][src.modRNN.training.training_loop][INFO] - 	 Starting Epoch: 533
[2026-06-20 08:18:20,523][src.modRNN.training.training_loop][INFO] - train epoch 533 loss 0.5290 accuracy 78.12%
[2026-06-20 08:18:20,524][src.modRNN.training.training_loop][INFO] - 	 Starting Epoch: 534
[2026-06-20 08:18:21,255][src.modRNN.training.training_loop][INFO] - train epoch 534 loss 0.3756 accuracy 90.62%
[2026-06-20 08:18:21,256][src.modRNN.training.training_loop][INFO] - 	 Starting Epoch: 535
[2026-06-20 08:18:21,987][src.modRNN.training.training_loop][INFO] - train epoch 535 loss 0.4410 accuracy 81.25%
[2026-06-20 08:18:21,989][src.modRNN.training.training_loop][INFO] - 	 Starting Epoch: 536
[2026-06-20 08:18:22,719][src.modRNN.training.training_loop][INFO] - train epoch 536 loss 0.4292 accuracy 87.50%
[2026-06-20 08:18:22,721][src.modRNN.training.training_loop][INFO] - 	 Starting Epoch: 537
[2026-06-20 08:18:23,451][src.modRNN.training.training_loop][INFO] - train epoch 537 loss 0.4330 accuracy 85.94%
[2026-06-20 08:18:23,452][src.modRNN.training.training_loop][INFO] - 	 Starting Epoch: 538
[2026-06-20 08:18:24,182][src.modRNN.training.training_loop][INFO] - train epoch 538 loss 0.4139 accuracy 85.94%
[2026-06-20 08:18:24,183][src.modRNN.training.training_loop][INFO] - 	 Starting Epoch: 539
[2026-06-20 08:18:24,913][src.modRNN.training.training_loop][INFO] - train epoch 539 loss 0.3537 accuracy 93.75%
[2026-06-20 08:18:24,914][src.modRNN.training.training_loop][INFO] - 	 Starting Epoch: 540
[2026-06-20 08:18:25,644][src.modRNN.training.training_loop][INFO] - train epoch 540 loss 0.4198 accuracy 84.38%
[2026-06-20 08:18:25,646][src.modRNN.training.training_loop][INFO] - 	 Starting Epoch: 541
[2026-06-20 08:18:26,376][src.modRNN.training.training_loop][INFO] - train epoch 541 loss 0.3104 accuracy 95.31%
[2026-06-20 08:18:26,377][src.modRNN.training.training_loop][INFO] - 	 Starting Epoch: 542
[2026-06-20 08:18:27,106][src.modRNN.training.training_loop][INFO] - train epoch 542 loss 0.3776 accuracy 87.50%
[2026-06-20 08:18:27,108][src.modRNN.training.training_loop][INFO] - 	 Starting Epoch: 543
[2026-06-20 08:18:27,838][src.modRNN.training.training_loop][INFO] - train epoch 543 loss 0.3344 accuracy 92.19%
[2026-06-20 08:18:27,840][src.modRNN.training.training_loop][INFO] - 	 Starting Epoch: 544
[2026-06-20 08:18:28,569][src.modRNN.training.training_loop][INFO] - train epoch 544 loss 0.4330 accuracy 85.94%
[2026-06-20 08:18:28,570][src.modRNN.training.training_loop][INFO] - 	 Starting Epoch: 545
[2026-06-20 08:18:29,300][src.modRNN.training.training_loop][INFO] - train epoch 545 loss 0.4005 accuracy 85.94%
[2026-06-20 08:18:29,302][src.modRNN.training.training_loop][INFO] - 	 Starting Epoch: 546
[2026-06-20 08:18:30,031][src.modRNN.training.training_loop][INFO] - train epoch 546 loss 0.4152 accuracy 85.94%
[2026-06-20 08:18:30,033][src.modRNN.training.training_loop][INFO] - 	 Starting Epoch: 547
[2026-06-20 08:18:30,762][src.modRNN.training.training_loop][INFO] - train epoch 547 loss 0.4405 accuracy 81.25%
[2026-06-20 08:18:30,764][src.modRNN.training.training_loop][INFO] - 	 Starting Epoch: 548
[2026-06-20 08:18:31,493][src.modRNN.training.training_loop][INFO] - train epoch 548 loss 0.3362 accuracy 92.19%
[2026-06-20 08:18:31,495][src.modRNN.training.training_loop][INFO] - 	 Starting Epoch: 549
[2026-06-20 08:18:32,224][src.modRNN.training.training_loop][INFO] - train epoch 549 loss 0.3779 accuracy 90.62%
[2026-06-20 08:18:32,226][src.modRNN.training.training_loop][INFO] - 	 Starting Epoch: 550
[2026-06-20 08:18:32,956][src.modRNN.training.training_loop][INFO] - train epoch 550 loss 0.4015 accuracy 85.94%
[2026-06-20 08:18:32,958][src.modRNN.training.training_loop][INFO] - 	 Starting Epoch: 551
[2026-06-20 08:18:33,687][src.modRNN.training.training_loop][INFO] - train epoch 551 loss 0.3693 accuracy 92.19%
[2026-06-20 08:18:34,820][src.modRNN.training.training_loop][INFO] - eval  epoch 551 loss 0.4102 accuracy 87.70%
[2026-06-20 08:18:34,822][src.modRNN.training.training_loop][INFO] - 	 Starting Epoch: 552
[2026-06-20 08:18:35,550][src.modRNN.training.training_loop][INFO] - train epoch 552 loss 0.4342 accuracy 82.81%
[2026-06-20 08:18:35,552][src.modRNN.training.training_loop][INFO] - 	 Starting Epoch: 553
[2026-06-20 08:18:36,282][src.modRNN.training.training_loop][INFO] - train epoch 553 loss 0.4232 accuracy 89.06%
[2026-06-20 08:18:36,283][src.modRNN.training.training_loop][INFO] - 	 Starting Epoch: 554
[2026-06-20 08:18:37,012][src.modRNN.training.training_loop][INFO] - train epoch 554 loss 0.4541 accuracy 82.81%
[2026-06-20 08:18:37,014][src.modRNN.training.training_loop][INFO] - 	 Starting Epoch: 555
[2026-06-20 08:18:37,742][src.modRNN.training.training_loop][INFO] - train epoch 555 loss 0.3275 accuracy 95.31%
[2026-06-20 08:18:37,744][src.modRNN.training.training_loop][INFO] - 	 Starting Epoch: 556
[2026-06-20 08:18:38,474][src.modRNN.training.training_loop][INFO] - train epoch 556 loss 0.3526 accuracy 92.19%
[2026-06-20 08:18:38,475][src.modRNN.training.training_loop][INFO] - 	 Starting Epoch: 557
[2026-06-20 08:18:39,204][src.modRNN.training.training_loop][INFO] - train epoch 557 loss 0.3779 accuracy 95.31%
[2026-06-20 08:18:39,206][src.modRNN.training.training_loop][INFO] - 	 Starting Epoch: 558
[2026-06-20 08:18:39,934][src.modRNN.training.training_loop][INFO] - train epoch 558 loss 0.3899 accuracy 89.06%
[2026-06-20 08:18:39,936][src.modRNN.training.training_loop][INFO] - 	 Starting Epoch: 559
[2026-06-20 08:18:40,665][src.modRNN.training.training_loop][INFO] - train epoch 559 loss 0.3245 accuracy 96.88%
[2026-06-20 08:18:40,666][src.modRNN.training.training_loop][INFO] - 	 Starting Epoch: 560
[2026-06-20 08:18:41,396][src.modRNN.training.training_loop][INFO] - train epoch 560 loss 0.3833 accuracy 87.50%
[2026-06-20 08:18:41,397][src.modRNN.training.training_loop][INFO] - 	 Starting Epoch: 561
[2026-06-20 08:18:42,125][src.modRNN.training.training_loop][INFO] - train epoch 561 loss 0.3724 accuracy 85.94%
[2026-06-20 08:18:42,127][src.modRNN.training.training_loop][INFO] - 	 Starting Epoch: 562
[2026-06-20 08:18:42,856][src.modRNN.training.training_loop][INFO] - train epoch 562 loss 0.3953 accuracy 90.62%
[2026-06-20 08:18:42,858][src.modRNN.training.training_loop][INFO] - 	 Starting Epoch: 563
[2026-06-20 08:18:43,587][src.modRNN.training.training_loop][INFO] - train epoch 563 loss 0.4023 accuracy 87.50%
[2026-06-20 08:18:43,589][src.modRNN.training.training_loop][INFO] - 	 Starting Epoch: 564
[2026-06-20 08:18:44,322][src.modRNN.training.training_loop][INFO] - train epoch 564 loss 0.3518 accuracy 90.62%
[2026-06-20 08:18:44,323][src.modRNN.training.training_loop][INFO] - 	 Starting Epoch: 565
[2026-06-20 08:18:45,051][src.modRNN.training.training_loop][INFO] - train epoch 565 loss 0.4782 accuracy 82.81%
[2026-06-20 08:18:45,053][src.modRNN.training.training_loop][INFO] - 	 Starting Epoch: 566
[2026-06-20 08:18:45,782][src.modRNN.training.training_loop][INFO] - train epoch 566 loss 0.3355 accuracy 95.31%
[2026-06-20 08:18:45,783][src.modRNN.training.training_loop][INFO] - 	 Starting Epoch: 567
[2026-06-20 08:18:46,512][src.modRNN.training.training_loop][INFO] - train epoch 567 loss 0.4189 accuracy 81.25%
[2026-06-20 08:18:46,514][src.modRNN.training.training_loop][INFO] - 	 Starting Epoch: 568
[2026-06-20 08:18:47,244][src.modRNN.training.training_loop][INFO] - train epoch 568 loss 0.4016 accuracy 81.25%
[2026-06-20 08:18:47,245][src.modRNN.training.training_loop][INFO] - 	 Starting Epoch: 569
[2026-06-20 08:18:47,973][src.modRNN.training.training_loop][INFO] - train epoch 569 loss 0.4726 accuracy 82.81%
[2026-06-20 08:18:47,975][src.modRNN.training.training_loop][INFO] - 	 Starting Epoch: 570
[2026-06-20 08:18:48,703][src.modRNN.training.training_loop][INFO] - train epoch 570 loss 0.3564 accuracy 90.62%
[2026-06-20 08:18:48,705][src.modRNN.training.training_loop][INFO] - 	 Starting Epoch: 571
[2026-06-20 08:18:49,434][src.modRNN.training.training_loop][INFO] - train epoch 571 loss 0.3757 accuracy 87.50%
[2026-06-20 08:18:49,435][src.modRNN.training.training_loop][INFO] - 	 Starting Epoch: 572
[2026-06-20 08:18:50,166][src.modRNN.training.training_loop][INFO] - train epoch 572 loss 0.3723 accuracy 92.19%
[2026-06-20 08:18:50,168][src.modRNN.training.training_loop][INFO] - 	 Starting Epoch: 573
[2026-06-20 08:18:50,897][src.modRNN.training.training_loop][INFO] - train epoch 573 loss 0.3941 accuracy 89.06%
[2026-06-20 08:18:50,898][src.modRNN.training.training_loop][INFO] - 	 Starting Epoch: 574
[2026-06-20 08:18:51,631][src.modRNN.training.training_loop][INFO] - train epoch 574 loss 0.3508 accuracy 87.50%
[2026-06-20 08:18:51,633][src.modRNN.training.training_loop][INFO] - 	 Starting Epoch: 575
[2026-06-20 08:18:52,361][src.modRNN.training.training_loop][INFO] - train epoch 575 loss 0.3819 accuracy 84.38%
[2026-06-20 08:18:52,363][src.modRNN.training.training_loop][INFO] - 	 Starting Epoch: 576
[2026-06-20 08:18:53,091][src.modRNN.training.training_loop][INFO] - train epoch 576 loss 0.3182 accuracy 92.19%
[2026-06-20 08:18:54,220][src.modRNN.training.training_loop][INFO] - eval  epoch 576 loss 0.3675 accuracy 89.06%
[2026-06-20 08:18:54,221][src.modRNN.training.training_loop][INFO] - 	 Starting Epoch: 577
[2026-06-20 08:18:54,951][src.modRNN.training.training_loop][INFO] - train epoch 577 loss 0.3339 accuracy 96.88%
[2026-06-20 08:18:54,952][src.modRNN.training.training_loop][INFO] - 	 Starting Epoch: 578
[2026-06-20 08:18:55,682][src.modRNN.training.training_loop][INFO] - train epoch 578 loss 0.3933 accuracy 90.62%
[2026-06-20 08:18:55,684][src.modRNN.training.training_loop][INFO] - 	 Starting Epoch: 579
[2026-06-20 08:18:56,414][src.modRNN.training.training_loop][INFO] - train epoch 579 loss 0.3775 accuracy 89.06%
[2026-06-20 08:18:56,416][src.modRNN.training.training_loop][INFO] - 	 Starting Epoch: 580
[2026-06-20 08:18:57,145][src.modRNN.training.training_loop][INFO] - train epoch 580 loss 0.3473 accuracy 90.62%
[2026-06-20 08:18:57,147][src.modRNN.training.training_loop][INFO] - 	 Starting Epoch: 581
[2026-06-20 08:18:57,876][src.modRNN.training.training_loop][INFO] - train epoch 581 loss 0.2900 accuracy 96.88%
[2026-06-20 08:18:57,878][src.modRNN.training.training_loop][INFO] - 	 Starting Epoch: 582
[2026-06-20 08:18:58,608][src.modRNN.training.training_loop][INFO] - train epoch 582 loss 0.3293 accuracy 92.19%
[2026-06-20 08:18:58,610][src.modRNN.training.training_loop][INFO] - 	 Starting Epoch: 583
[2026-06-20 08:18:59,338][src.modRNN.training.training_loop][INFO] - train epoch 583 loss 0.3301 accuracy 93.75%
[2026-06-20 08:18:59,340][src.modRNN.training.training_loop][INFO] - 	 Starting Epoch: 584
[2026-06-20 08:19:00,069][src.modRNN.training.training_loop][INFO] - train epoch 584 loss 0.2995 accuracy 90.62%
[2026-06-20 08:19:00,071][src.modRNN.training.training_loop][INFO] - 	 Starting Epoch: 585
[2026-06-20 08:19:00,800][src.modRNN.training.training_loop][INFO] - train epoch 585 loss 0.3783 accuracy 85.94%
[2026-06-20 08:19:00,802][src.modRNN.training.training_loop][INFO] - 	 Starting Epoch: 586
[2026-06-20 08:19:01,537][src.modRNN.training.training_loop][INFO] - train epoch 586 loss 0.4168 accuracy 84.38%
[2026-06-20 08:19:01,539][src.modRNN.training.training_loop][INFO] - 	 Starting Epoch: 587
[2026-06-20 08:19:02,268][src.modRNN.training.training_loop][INFO] - train epoch 587 loss 0.4086 accuracy 89.06%
[2026-06-20 08:19:02,269][src.modRNN.training.training_loop][INFO] - 	 Starting Epoch: 588
[2026-06-20 08:19:02,998][src.modRNN.training.training_loop][INFO] - train epoch 588 loss 0.3551 accuracy 92.19%
[2026-06-20 08:19:03,000][src.modRNN.training.training_loop][INFO] - 	 Starting Epoch: 589
[2026-06-20 08:19:03,728][src.modRNN.training.training_loop][INFO] - train epoch 589 loss 0.3317 accuracy 93.75%
[2026-06-20 08:19:03,730][src.modRNN.training.training_loop][INFO] - 	 Starting Epoch: 590
[2026-06-20 08:19:04,462][src.modRNN.training.training_loop][INFO] - train epoch 590 loss 0.3101 accuracy 96.88%
[2026-06-20 08:19:04,464][src.modRNN.training.training_loop][INFO] - 	 Starting Epoch: 591
[2026-06-20 08:19:05,198][src.modRNN.training.training_loop][INFO] - train epoch 591 loss 0.3568 accuracy 87.50%
[2026-06-20 08:19:05,199][src.modRNN.training.training_loop][INFO] - 	 Starting Epoch: 592
[2026-06-20 08:19:05,929][src.modRNN.training.training_loop][INFO] - train epoch 592 loss 0.3528 accuracy 90.62%
[2026-06-20 08:19:05,931][src.modRNN.training.training_loop][INFO] - 	 Starting Epoch: 593
[2026-06-20 08:19:06,659][src.modRNN.training.training_loop][INFO] - train epoch 593 loss 0.3237 accuracy 93.75%
[2026-06-20 08:19:06,661][src.modRNN.training.training_loop][INFO] - 	 Starting Epoch: 594
[2026-06-20 08:19:07,391][src.modRNN.training.training_loop][INFO] - train epoch 594 loss 0.3293 accuracy 90.62%
[2026-06-20 08:19:07,392][src.modRNN.training.training_loop][INFO] - 	 Starting Epoch: 595
[2026-06-20 08:19:08,122][src.modRNN.training.training_loop][INFO] - train epoch 595 loss 0.3508 accuracy 90.62%
[2026-06-20 08:19:08,124][src.modRNN.training.training_loop][INFO] - 	 Starting Epoch: 596
[2026-06-20 08:19:08,855][src.modRNN.training.training_loop][INFO] - train epoch 596 loss 0.4070 accuracy 79.69%
[2026-06-20 08:19:08,856][src.modRNN.training.training_loop][INFO] - 	 Starting Epoch: 597
[2026-06-20 08:19:09,587][src.modRNN.training.training_loop][INFO] - train epoch 597 loss 0.2497 accuracy 95.31%
[2026-06-20 08:19:09,589][src.modRNN.training.training_loop][INFO] - 	 Starting Epoch: 598
[2026-06-20 08:19:10,320][src.modRNN.training.training_loop][INFO] - train epoch 598 loss 0.3924 accuracy 85.94%
[2026-06-20 08:19:10,322][src.modRNN.training.training_loop][INFO] - 	 Starting Epoch: 599
[2026-06-20 08:19:11,052][src.modRNN.training.training_loop][INFO] - train epoch 599 loss 0.3492 accuracy 90.62%
[2026-06-20 08:19:11,054][src.modRNN.training.training_loop][INFO] - 	 Starting Epoch: 600
[2026-06-20 08:19:11,784][src.modRNN.training.training_loop][INFO] - train epoch 600 loss 0.3441 accuracy 95.31%
[2026-06-20 08:19:11,786][src.modRNN.training.training_loop][INFO] - 	 Starting Epoch: 601
[2026-06-20 08:19:12,514][src.modRNN.training.training_loop][INFO] - train epoch 601 loss 0.3079 accuracy 93.75%
[2026-06-20 08:19:13,644][src.modRNN.training.training_loop][INFO] - eval  epoch 601 loss 0.3311 accuracy 92.19%
[2026-06-20 08:19:13,645][src.modRNN.training.training_loop][INFO] - 	 Starting Epoch: 602
[2026-06-20 08:19:14,373][src.modRNN.training.training_loop][INFO] - train epoch 602 loss 0.3511 accuracy 87.50%
[2026-06-20 08:19:14,375][src.modRNN.training.training_loop][INFO] - 	 Starting Epoch: 603
[2026-06-20 08:19:15,102][src.modRNN.training.training_loop][INFO] - train epoch 603 loss 0.3784 accuracy 90.62%
[2026-06-20 08:19:15,104][src.modRNN.training.training_loop][INFO] - 	 Starting Epoch: 604
[2026-06-20 08:19:15,832][src.modRNN.training.training_loop][INFO] - train epoch 604 loss 0.3501 accuracy 89.06%
[2026-06-20 08:19:15,834][src.modRNN.training.training_loop][INFO] - 	 Starting Epoch: 605
[2026-06-20 08:19:16,563][src.modRNN.training.training_loop][INFO] - train epoch 605 loss 0.2821 accuracy 92.19%
[2026-06-20 08:19:16,565][src.modRNN.training.training_loop][INFO] - 	 Starting Epoch: 606
[2026-06-20 08:19:17,293][src.modRNN.training.training_loop][INFO] - train epoch 606 loss 0.3539 accuracy 87.50%
[2026-06-20 08:19:17,294][src.modRNN.training.training_loop][INFO] - 	 Starting Epoch: 607
[2026-06-20 08:19:18,023][src.modRNN.training.training_loop][INFO] - train epoch 607 loss 0.3768 accuracy 87.50%
[2026-06-20 08:19:18,025][src.modRNN.training.training_loop][INFO] - 	 Starting Epoch: 608
[2026-06-20 08:19:18,757][src.modRNN.training.training_loop][INFO] - train epoch 608 loss 0.2803 accuracy 93.75%
[2026-06-20 08:19:18,759][src.modRNN.training.training_loop][INFO] - 	 Starting Epoch: 609
[2026-06-20 08:19:19,487][src.modRNN.training.training_loop][INFO] - train epoch 609 loss 0.3275 accuracy 95.31%
[2026-06-20 08:19:19,489][src.modRNN.training.training_loop][INFO] - 	 Starting Epoch: 610
[2026-06-20 08:19:20,217][src.modRNN.training.training_loop][INFO] - train epoch 610 loss 0.3751 accuracy 85.94%
[2026-06-20 08:19:20,219][src.modRNN.training.training_loop][INFO] - 	 Starting Epoch: 611
[2026-06-20 08:19:20,947][src.modRNN.training.training_loop][INFO] - train epoch 611 loss 0.4223 accuracy 76.56%
[2026-06-20 08:19:20,949][src.modRNN.training.training_loop][INFO] - 	 Starting Epoch: 612
[2026-06-20 08:19:21,678][src.modRNN.training.training_loop][INFO] - train epoch 612 loss 0.3800 accuracy 84.38%
[2026-06-20 08:19:21,679][src.modRNN.training.training_loop][INFO] - 	 Starting Epoch: 613
[2026-06-20 08:19:22,407][src.modRNN.training.training_loop][INFO] - train epoch 613 loss 0.3233 accuracy 93.75%
[2026-06-20 08:19:22,409][src.modRNN.training.training_loop][INFO] - 	 Starting Epoch: 614
[2026-06-20 08:19:23,141][src.modRNN.training.training_loop][INFO] - train epoch 614 loss 0.2801 accuracy 96.88%
[2026-06-20 08:19:23,142][src.modRNN.training.training_loop][INFO] - 	 Starting Epoch: 615
[2026-06-20 08:19:23,870][src.modRNN.training.training_loop][INFO] - train epoch 615 loss 0.3957 accuracy 82.81%
[2026-06-20 08:19:23,872][src.modRNN.training.training_loop][INFO] - 	 Starting Epoch: 616
[2026-06-20 08:19:24,600][src.modRNN.training.training_loop][INFO] - train epoch 616 loss 0.3464 accuracy 87.50%
[2026-06-20 08:19:24,602][src.modRNN.training.training_loop][INFO] - 	 Starting Epoch: 617
[2026-06-20 08:19:25,329][src.modRNN.training.training_loop][INFO] - train epoch 617 loss 0.3501 accuracy 90.62%
[2026-06-20 08:19:25,331][src.modRNN.training.training_loop][INFO] - 	 Starting Epoch: 618
[2026-06-20 08:19:26,060][src.modRNN.training.training_loop][INFO] - train epoch 618 loss 0.2783 accuracy 92.19%
[2026-06-20 08:19:26,061][src.modRNN.training.training_loop][INFO] - 	 Starting Epoch: 619
[2026-06-20 08:19:26,790][src.modRNN.training.training_loop][INFO] - train epoch 619 loss 0.3799 accuracy 90.62%
[2026-06-20 08:19:26,792][src.modRNN.training.training_loop][INFO] - 	 Starting Epoch: 620
[2026-06-20 08:19:27,523][src.modRNN.training.training_loop][INFO] - train epoch 620 loss 0.3169 accuracy 93.75%
[2026-06-20 08:19:27,525][src.modRNN.training.training_loop][INFO] - 	 Starting Epoch: 621
[2026-06-20 08:19:28,251][src.modRNN.training.training_loop][INFO] - train epoch 621 loss 0.4324 accuracy 90.62%
[2026-06-20 08:19:28,253][src.modRNN.training.training_loop][INFO] - 	 Starting Epoch: 622
[2026-06-20 08:19:28,981][src.modRNN.training.training_loop][INFO] - train epoch 622 loss 0.3804 accuracy 89.06%
[2026-06-20 08:19:28,983][src.modRNN.training.training_loop][INFO] - 	 Starting Epoch: 623
[2026-06-20 08:19:29,711][src.modRNN.training.training_loop][INFO] - train epoch 623 loss 0.2739 accuracy 98.44%
[2026-06-20 08:19:29,713][src.modRNN.training.training_loop][INFO] - 	 Starting Epoch: 624
[2026-06-20 08:19:30,442][src.modRNN.training.training_loop][INFO] - train epoch 624 loss 0.3610 accuracy 93.75%
[2026-06-20 08:19:30,444][src.modRNN.training.training_loop][INFO] - 	 Starting Epoch: 625
[2026-06-20 08:19:31,174][src.modRNN.training.training_loop][INFO] - train epoch 625 loss 0.3119 accuracy 90.62%
[2026-06-20 08:19:31,176][src.modRNN.training.training_loop][INFO] - 	 Starting Epoch: 626
[2026-06-20 08:19:31,904][src.modRNN.training.training_loop][INFO] - train epoch 626 loss 0.3799 accuracy 90.62%
[2026-06-20 08:19:33,041][src.modRNN.training.training_loop][INFO] - eval  epoch 626 loss 0.3512 accuracy 92.19%
[2026-06-20 08:19:33,042][src.modRNN.training.training_loop][INFO] - 	 Starting Epoch: 627
[2026-06-20 08:19:33,775][src.modRNN.training.training_loop][INFO] - train epoch 627 loss 0.3798 accuracy 89.06%
[2026-06-20 08:19:33,777][src.modRNN.training.training_loop][INFO] - 	 Starting Epoch: 628
[2026-06-20 08:19:34,510][src.modRNN.training.training_loop][INFO] - train epoch 628 loss 0.3027 accuracy 95.31%
[2026-06-20 08:19:34,511][src.modRNN.training.training_loop][INFO] - 	 Starting Epoch: 629
[2026-06-20 08:19:35,241][src.modRNN.training.training_loop][INFO] - train epoch 629 loss 0.3132 accuracy 90.62%
[2026-06-20 08:19:35,242][src.modRNN.training.training_loop][INFO] - 	 Starting Epoch: 630
[2026-06-20 08:19:35,973][src.modRNN.training.training_loop][INFO] - train epoch 630 loss 0.2979 accuracy 93.75%
[2026-06-20 08:19:35,974][src.modRNN.training.training_loop][INFO] - 	 Starting Epoch: 631
[2026-06-20 08:19:36,706][src.modRNN.training.training_loop][INFO] - train epoch 631 loss 0.3169 accuracy 92.19%
[2026-06-20 08:19:36,708][src.modRNN.training.training_loop][INFO] - 	 Starting Epoch: 632
[2026-06-20 08:19:37,439][src.modRNN.training.training_loop][INFO] - train epoch 632 loss 0.3476 accuracy 89.06%
[2026-06-20 08:19:37,440][src.modRNN.training.training_loop][INFO] - 	 Starting Epoch: 633
[2026-06-20 08:19:38,175][src.modRNN.training.training_loop][INFO] - train epoch 633 loss 0.2705 accuracy 95.31%
[2026-06-20 08:19:38,177][src.modRNN.training.training_loop][INFO] - 	 Starting Epoch: 634
[2026-06-20 08:19:38,913][src.modRNN.training.training_loop][INFO] - train epoch 634 loss 0.3120 accuracy 92.19%
[2026-06-20 08:19:38,914][src.modRNN.training.training_loop][INFO] - 	 Starting Epoch: 635
[2026-06-20 08:19:39,645][src.modRNN.training.training_loop][INFO] - train epoch 635 loss 0.2523 accuracy 93.75%
[2026-06-20 08:19:39,647][src.modRNN.training.training_loop][INFO] - 	 Starting Epoch: 636
[2026-06-20 08:19:40,377][src.modRNN.training.training_loop][INFO] - train epoch 636 loss 0.3218 accuracy 96.88%
[2026-06-20 08:19:40,379][src.modRNN.training.training_loop][INFO] - 	 Starting Epoch: 637
[2026-06-20 08:19:41,107][src.modRNN.training.training_loop][INFO] - train epoch 637 loss 0.2584 accuracy 98.44%
[2026-06-20 08:19:41,109][src.modRNN.training.training_loop][INFO] - 	 Starting Epoch: 638
[2026-06-20 08:19:41,837][src.modRNN.training.training_loop][INFO] - train epoch 638 loss 0.3296 accuracy 92.19%
[2026-06-20 08:19:41,838][src.modRNN.training.training_loop][INFO] - 	 Starting Epoch: 639
[2026-06-20 08:19:42,568][src.modRNN.training.training_loop][INFO] - train epoch 639 loss 0.4968 accuracy 81.25%
[2026-06-20 08:19:42,569][src.modRNN.training.training_loop][INFO] - 	 Starting Epoch: 640
[2026-06-20 08:19:43,299][src.modRNN.training.training_loop][INFO] - train epoch 640 loss 0.3259 accuracy 90.62%
[2026-06-20 08:19:43,300][src.modRNN.training.training_loop][INFO] - 	 Starting Epoch: 641
[2026-06-20 08:19:44,029][src.modRNN.training.training_loop][INFO] - train epoch 641 loss 0.3266 accuracy 93.75%
[2026-06-20 08:19:44,031][src.modRNN.training.training_loop][INFO] - 	 Starting Epoch: 642
[2026-06-20 08:19:44,760][src.modRNN.training.training_loop][INFO] - train epoch 642 loss 0.3172 accuracy 95.31%
[2026-06-20 08:19:44,762][src.modRNN.training.training_loop][INFO] - 	 Starting Epoch: 643
[2026-06-20 08:19:45,489][src.modRNN.training.training_loop][INFO] - train epoch 643 loss 0.3202 accuracy 95.31%
[2026-06-20 08:19:45,491][src.modRNN.training.training_loop][INFO] - 	 Starting Epoch: 644
[2026-06-20 08:19:46,220][src.modRNN.training.training_loop][INFO] - train epoch 644 loss 0.2515 accuracy 98.44%
[2026-06-20 08:19:46,221][src.modRNN.training.training_loop][INFO] - 	 Starting Epoch: 645
[2026-06-20 08:19:46,950][src.modRNN.training.training_loop][INFO] - train epoch 645 loss 0.2907 accuracy 96.88%
[2026-06-20 08:19:46,952][src.modRNN.training.training_loop][INFO] - 	 Starting Epoch: 646
[2026-06-20 08:19:47,683][src.modRNN.training.training_loop][INFO] - train epoch 646 loss 0.2978 accuracy 96.88%
[2026-06-20 08:19:47,684][src.modRNN.training.training_loop][INFO] - 	 Starting Epoch: 647
[2026-06-20 08:19:48,413][src.modRNN.training.training_loop][INFO] - train epoch 647 loss 0.3373 accuracy 93.75%
[2026-06-20 08:19:48,414][src.modRNN.training.training_loop][INFO] - 	 Starting Epoch: 648
[2026-06-20 08:19:49,146][src.modRNN.training.training_loop][INFO] - train epoch 648 loss 0.2556 accuracy 98.44%
[2026-06-20 08:19:49,148][src.modRNN.training.training_loop][INFO] - 	 Starting Epoch: 649
[2026-06-20 08:19:49,877][src.modRNN.training.training_loop][INFO] - train epoch 649 loss 0.2987 accuracy 95.31%
[2026-06-20 08:19:49,879][src.modRNN.training.training_loop][INFO] - 	 Starting Epoch: 650
[2026-06-20 08:19:50,609][src.modRNN.training.training_loop][INFO] - train epoch 650 loss 0.3254 accuracy 93.75%
[2026-06-20 08:19:50,611][src.modRNN.training.training_loop][INFO] - 	 Starting Epoch: 651
[2026-06-20 08:19:51,340][src.modRNN.training.training_loop][INFO] - train epoch 651 loss 0.3922 accuracy 92.19%
[2026-06-20 08:19:52,473][src.modRNN.training.training_loop][INFO] - eval  epoch 651 loss 0.3170 accuracy 96.29%
[2026-06-20 08:19:52,475][src.modRNN.training.training_loop][INFO] - 	 Starting Epoch: 652
[2026-06-20 08:19:53,203][src.modRNN.training.training_loop][INFO] - train epoch 652 loss 0.2746 accuracy 100.00%
[2026-06-20 08:19:53,205][src.modRNN.training.training_loop][INFO] - 	 Starting Epoch: 653
[2026-06-20 08:19:53,934][src.modRNN.training.training_loop][INFO] - train epoch 653 loss 0.3053 accuracy 95.31%
[2026-06-20 08:19:53,936][src.modRNN.training.training_loop][INFO] - 	 Starting Epoch: 654
[2026-06-20 08:19:54,664][src.modRNN.training.training_loop][INFO] - train epoch 654 loss 0.2793 accuracy 93.75%
[2026-06-20 08:19:54,666][src.modRNN.training.training_loop][INFO] - 	 Starting Epoch: 655
[2026-06-20 08:19:55,395][src.modRNN.training.training_loop][INFO] - train epoch 655 loss 0.2513 accuracy 96.88%
[2026-06-20 08:19:55,397][src.modRNN.training.training_loop][INFO] - 	 Starting Epoch: 656
[2026-06-20 08:19:56,125][src.modRNN.training.training_loop][INFO] - train epoch 656 loss 0.3040 accuracy 93.75%
[2026-06-20 08:19:56,127][src.modRNN.training.training_loop][INFO] - 	 Starting Epoch: 657
[2026-06-20 08:19:56,855][src.modRNN.training.training_loop][INFO] - train epoch 657 loss 0.2776 accuracy 93.75%
[2026-06-20 08:19:56,857][src.modRNN.training.training_loop][INFO] - 	 Starting Epoch: 658
[2026-06-20 08:19:57,585][src.modRNN.training.training_loop][INFO] - train epoch 658 loss 0.2552 accuracy 96.88%
[2026-06-20 08:19:57,586][src.modRNN.training.training_loop][INFO] - 	 Starting Epoch: 659
[2026-06-20 08:19:58,317][src.modRNN.training.training_loop][INFO] - train epoch 659 loss 0.2559 accuracy 100.00%
[2026-06-20 08:19:58,319][src.modRNN.training.training_loop][INFO] - 	 Starting Epoch: 660
[2026-06-20 08:19:59,048][src.modRNN.training.training_loop][INFO] - train epoch 660 loss 0.2576 accuracy 96.88%
[2026-06-20 08:19:59,050][src.modRNN.training.training_loop][INFO] - 	 Starting Epoch: 661
[2026-06-20 08:19:59,779][src.modRNN.training.training_loop][INFO] - train epoch 661 loss 0.4337 accuracy 90.62%
[2026-06-20 08:19:59,781][src.modRNN.training.training_loop][INFO] - 	 Starting Epoch: 662
[2026-06-20 08:20:00,509][src.modRNN.training.training_loop][INFO] - train epoch 662 loss 0.2370 accuracy 100.00%
[2026-06-20 08:20:00,511][src.modRNN.training.training_loop][INFO] - 	 Starting Epoch: 663
[2026-06-20 08:20:01,240][src.modRNN.training.training_loop][INFO] - train epoch 663 loss 0.2467 accuracy 100.00%
[2026-06-20 08:20:01,242][src.modRNN.training.training_loop][INFO] - 	 Starting Epoch: 664
[2026-06-20 08:20:01,970][src.modRNN.training.training_loop][INFO] - train epoch 664 loss 0.2753 accuracy 96.88%
[2026-06-20 08:20:01,972][src.modRNN.training.training_loop][INFO] - 	 Starting Epoch: 665
[2026-06-20 08:20:02,701][src.modRNN.training.training_loop][INFO] - train epoch 665 loss 0.2083 accuracy 100.00%
[2026-06-20 08:20:02,703][src.modRNN.training.training_loop][INFO] - 	 Starting Epoch: 666
[2026-06-20 08:20:03,432][src.modRNN.training.training_loop][INFO] - train epoch 666 loss 0.2243 accuracy 98.44%
[2026-06-20 08:20:03,434][src.modRNN.training.training_loop][INFO] - 	 Starting Epoch: 667
[2026-06-20 08:20:04,163][src.modRNN.training.training_loop][INFO] - train epoch 667 loss 0.2670 accuracy 98.44%
[2026-06-20 08:20:04,165][src.modRNN.training.training_loop][INFO] - 	 Starting Epoch: 668
[2026-06-20 08:20:04,894][src.modRNN.training.training_loop][INFO] - train epoch 668 loss 0.2733 accuracy 90.62%
[2026-06-20 08:20:04,896][src.modRNN.training.training_loop][INFO] - 	 Starting Epoch: 669
[2026-06-20 08:20:05,627][src.modRNN.training.training_loop][INFO] - train epoch 669 loss 0.3317 accuracy 90.62%
[2026-06-20 08:20:05,629][src.modRNN.training.training_loop][INFO] - 	 Starting Epoch: 670
[2026-06-20 08:20:06,357][src.modRNN.training.training_loop][INFO] - train epoch 670 loss 0.2366 accuracy 95.31%
[2026-06-20 08:20:06,359][src.modRNN.training.training_loop][INFO] - 	 Starting Epoch: 671
[2026-06-20 08:20:07,088][src.modRNN.training.training_loop][INFO] - train epoch 671 loss 0.2461 accuracy 100.00%
[2026-06-20 08:20:07,090][src.modRNN.training.training_loop][INFO] - 	 Starting Epoch: 672
[2026-06-20 08:20:07,820][src.modRNN.training.training_loop][INFO] - train epoch 672 loss 0.2248 accuracy 100.00%
[2026-06-20 08:20:07,822][src.modRNN.training.training_loop][INFO] - 	 Starting Epoch: 673
[2026-06-20 08:20:08,550][src.modRNN.training.training_loop][INFO] - train epoch 673 loss 0.2412 accuracy 96.88%
[2026-06-20 08:20:08,551][src.modRNN.training.training_loop][INFO] - 	 Starting Epoch: 674
[2026-06-20 08:20:09,280][src.modRNN.training.training_loop][INFO] - train epoch 674 loss 0.2653 accuracy 98.44%
[2026-06-20 08:20:09,281][src.modRNN.training.training_loop][INFO] - 	 Starting Epoch: 675
[2026-06-20 08:20:10,011][src.modRNN.training.training_loop][INFO] - train epoch 675 loss 0.3194 accuracy 95.31%
[2026-06-20 08:20:10,013][src.modRNN.training.training_loop][INFO] - 	 Starting Epoch: 676
[2026-06-20 08:20:10,742][src.modRNN.training.training_loop][INFO] - train epoch 676 loss 0.2685 accuracy 96.88%
[2026-06-20 08:20:11,873][src.modRNN.training.training_loop][INFO] - eval  epoch 676 loss 0.2365 accuracy 97.85%
[2026-06-20 08:20:11,875][src.modRNN.training.training_loop][INFO] - 	 Starting Epoch: 677
[2026-06-20 08:20:12,603][src.modRNN.training.training_loop][INFO] - train epoch 677 loss 0.2562 accuracy 95.31%
[2026-06-20 08:20:12,604][src.modRNN.training.training_loop][INFO] - 	 Starting Epoch: 678
[2026-06-20 08:20:13,334][src.modRNN.training.training_loop][INFO] - train epoch 678 loss 0.3094 accuracy 96.88%
[2026-06-20 08:20:13,336][src.modRNN.training.training_loop][INFO] - 	 Starting Epoch: 679
[2026-06-20 08:20:14,066][src.modRNN.training.training_loop][INFO] - train epoch 679 loss 0.2920 accuracy 96.88%
[2026-06-20 08:20:14,067][src.modRNN.training.training_loop][INFO] - 	 Starting Epoch: 680
[2026-06-20 08:20:14,797][src.modRNN.training.training_loop][INFO] - train epoch 680 loss 0.2223 accuracy 95.31%
[2026-06-20 08:20:14,798][src.modRNN.training.training_loop][INFO] - 	 Starting Epoch: 681
[2026-06-20 08:20:15,529][src.modRNN.training.training_loop][INFO] - train epoch 681 loss 0.3789 accuracy 92.19%
[2026-06-20 08:20:15,531][src.modRNN.training.training_loop][INFO] - 	 Starting Epoch: 682
[2026-06-20 08:20:16,259][src.modRNN.training.training_loop][INFO] - train epoch 682 loss 0.2498 accuracy 95.31%
[2026-06-20 08:20:16,260][src.modRNN.training.training_loop][INFO] - 	 Starting Epoch: 683
[2026-06-20 08:20:16,990][src.modRNN.training.training_loop][INFO] - train epoch 683 loss 0.3009 accuracy 85.94%
[2026-06-20 08:20:16,992][src.modRNN.training.training_loop][INFO] - 	 Starting Epoch: 684
[2026-06-20 08:20:17,720][src.modRNN.training.training_loop][INFO] - train epoch 684 loss 0.3692 accuracy 89.06%
[2026-06-20 08:20:17,722][src.modRNN.training.training_loop][INFO] - 	 Starting Epoch: 685
[2026-06-20 08:20:18,451][src.modRNN.training.training_loop][INFO] - train epoch 685 loss 0.3331 accuracy 93.75%
[2026-06-20 08:20:18,453][src.modRNN.training.training_loop][INFO] - 	 Starting Epoch: 686
[2026-06-20 08:20:19,183][src.modRNN.training.training_loop][INFO] - train epoch 686 loss 0.2451 accuracy 96.88%
[2026-06-20 08:20:19,185][src.modRNN.training.training_loop][INFO] - 	 Starting Epoch: 687
[2026-06-20 08:20:19,914][src.modRNN.training.training_loop][INFO] - train epoch 687 loss 0.3499 accuracy 90.62%
[2026-06-20 08:20:19,915][src.modRNN.training.training_loop][INFO] - 	 Starting Epoch: 688
[2026-06-20 08:20:20,645][src.modRNN.training.training_loop][INFO] - train epoch 688 loss 0.2687 accuracy 98.44%
[2026-06-20 08:20:20,647][src.modRNN.training.training_loop][INFO] - 	 Starting Epoch: 689
[2026-06-20 08:20:21,379][src.modRNN.training.training_loop][INFO] - train epoch 689 loss 0.2969 accuracy 95.31%
[2026-06-20 08:20:21,380][src.modRNN.training.training_loop][INFO] - 	 Starting Epoch: 690
[2026-06-20 08:20:22,111][src.modRNN.training.training_loop][INFO] - train epoch 690 loss 0.3006 accuracy 95.31%
[2026-06-20 08:20:22,112][src.modRNN.training.training_loop][INFO] - 	 Starting Epoch: 691
[2026-06-20 08:20:22,843][src.modRNN.training.training_loop][INFO] - train epoch 691 loss 0.2445 accuracy 96.88%
[2026-06-20 08:20:22,845][src.modRNN.training.training_loop][INFO] - 	 Starting Epoch: 692
[2026-06-20 08:20:23,575][src.modRNN.training.training_loop][INFO] - train epoch 692 loss 0.2880 accuracy 95.31%
[2026-06-20 08:20:23,576][src.modRNN.training.training_loop][INFO] - 	 Starting Epoch: 693
[2026-06-20 08:20:24,306][src.modRNN.training.training_loop][INFO] - train epoch 693 loss 0.2492 accuracy 98.44%
[2026-06-20 08:20:24,307][src.modRNN.training.training_loop][INFO] - 	 Starting Epoch: 694
[2026-06-20 08:20:25,040][src.modRNN.training.training_loop][INFO] - train epoch 694 loss 0.2828 accuracy 95.31%
[2026-06-20 08:20:25,042][src.modRNN.training.training_loop][INFO] - 	 Starting Epoch: 695
[2026-06-20 08:20:25,772][src.modRNN.training.training_loop][INFO] - train epoch 695 loss 0.2241 accuracy 98.44%
[2026-06-20 08:20:25,774][src.modRNN.training.training_loop][INFO] - 	 Starting Epoch: 696
[2026-06-20 08:20:26,504][src.modRNN.training.training_loop][INFO] - train epoch 696 loss 0.2455 accuracy 96.88%
[2026-06-20 08:20:26,505][src.modRNN.training.training_loop][INFO] - 	 Starting Epoch: 697
[2026-06-20 08:20:27,235][src.modRNN.training.training_loop][INFO] - train epoch 697 loss 0.2608 accuracy 95.31%
[2026-06-20 08:20:27,237][src.modRNN.training.training_loop][INFO] - 	 Starting Epoch: 698
[2026-06-20 08:20:27,968][src.modRNN.training.training_loop][INFO] - train epoch 698 loss 0.2254 accuracy 98.44%
[2026-06-20 08:20:27,970][src.modRNN.training.training_loop][INFO] - 	 Starting Epoch: 699
[2026-06-20 08:20:28,700][src.modRNN.training.training_loop][INFO] - train epoch 699 loss 0.2547 accuracy 93.75%
[2026-06-20 08:20:28,702][src.modRNN.training.training_loop][INFO] - 	 Starting Epoch: 700
[2026-06-20 08:20:29,431][src.modRNN.training.training_loop][INFO] - train epoch 700 loss 0.3006 accuracy 90.62%
[2026-06-20 08:20:29,433][src.modRNN.training.training_loop][INFO] - 	 Starting Epoch: 701
[2026-06-20 08:20:30,165][src.modRNN.training.training_loop][INFO] - train epoch 701 loss 0.2507 accuracy 100.00%
[2026-06-20 08:20:31,295][src.modRNN.training.training_loop][INFO] - eval  epoch 701 loss 0.2775 accuracy 96.48%
[2026-06-20 08:20:31,296][src.modRNN.training.training_loop][INFO] - 	 Starting Epoch: 702
[2026-06-20 08:20:32,029][src.modRNN.training.training_loop][INFO] - train epoch 702 loss 0.3317 accuracy 95.31%
[2026-06-20 08:20:32,031][src.modRNN.training.training_loop][INFO] - 	 Starting Epoch: 703
[2026-06-20 08:20:32,760][src.modRNN.training.training_loop][INFO] - train epoch 703 loss 0.2244 accuracy 96.88%
[2026-06-20 08:20:32,762][src.modRNN.training.training_loop][INFO] - 	 Starting Epoch: 704
[2026-06-20 08:20:33,490][src.modRNN.training.training_loop][INFO] - train epoch 704 loss 0.2358 accuracy 98.44%
[2026-06-20 08:20:33,491][src.modRNN.training.training_loop][INFO] - 	 Starting Epoch: 705
[2026-06-20 08:20:34,219][src.modRNN.training.training_loop][INFO] - train epoch 705 loss 0.2656 accuracy 95.31%
[2026-06-20 08:20:34,221][src.modRNN.training.training_loop][INFO] - 	 Starting Epoch: 706
[2026-06-20 08:20:34,950][src.modRNN.training.training_loop][INFO] - train epoch 706 loss 0.2041 accuracy 98.44%
[2026-06-20 08:20:34,952][src.modRNN.training.training_loop][INFO] - 	 Starting Epoch: 707
[2026-06-20 08:20:35,680][src.modRNN.training.training_loop][INFO] - train epoch 707 loss 0.2699 accuracy 98.44%
[2026-06-20 08:20:35,681][src.modRNN.training.training_loop][INFO] - 	 Starting Epoch: 708
[2026-06-20 08:20:36,410][src.modRNN.training.training_loop][INFO] - train epoch 708 loss 0.2234 accuracy 100.00%
[2026-06-20 08:20:36,412][src.modRNN.training.training_loop][INFO] - 	 Starting Epoch: 709
[2026-06-20 08:20:37,140][src.modRNN.training.training_loop][INFO] - train epoch 709 loss 0.2432 accuracy 96.88%
[2026-06-20 08:20:37,141][src.modRNN.training.training_loop][INFO] - 	 Starting Epoch: 710
[2026-06-20 08:20:37,869][src.modRNN.training.training_loop][INFO] - train epoch 710 loss 0.3001 accuracy 95.31%
[2026-06-20 08:20:37,871][src.modRNN.training.training_loop][INFO] - 	 Starting Epoch: 711
[2026-06-20 08:20:38,600][src.modRNN.training.training_loop][INFO] - train epoch 711 loss 0.2296 accuracy 98.44%
[2026-06-20 08:20:38,602][src.modRNN.training.training_loop][INFO] - 	 Starting Epoch: 712
[2026-06-20 08:20:39,329][src.modRNN.training.training_loop][INFO] - train epoch 712 loss 0.3589 accuracy 89.06%
[2026-06-20 08:20:39,331][src.modRNN.training.training_loop][INFO] - 	 Starting Epoch: 713
[2026-06-20 08:20:40,061][src.modRNN.training.training_loop][INFO] - train epoch 713 loss 0.2869 accuracy 93.75%
[2026-06-20 08:20:40,062][src.modRNN.training.training_loop][INFO] - 	 Starting Epoch: 714
[2026-06-20 08:20:40,790][src.modRNN.training.training_loop][INFO] - train epoch 714 loss 0.2576 accuracy 96.88%
[2026-06-20 08:20:40,792][src.modRNN.training.training_loop][INFO] - 	 Starting Epoch: 715
[2026-06-20 08:20:41,522][src.modRNN.training.training_loop][INFO] - train epoch 715 loss 0.2991 accuracy 92.19%
[2026-06-20 08:20:41,523][src.modRNN.training.training_loop][INFO] - 	 Starting Epoch: 716
[2026-06-20 08:20:42,251][src.modRNN.training.training_loop][INFO] - train epoch 716 loss 0.2582 accuracy 95.31%
[2026-06-20 08:20:42,253][src.modRNN.training.training_loop][INFO] - 	 Starting Epoch: 717
[2026-06-20 08:20:42,983][src.modRNN.training.training_loop][INFO] - train epoch 717 loss 0.2302 accuracy 98.44%
[2026-06-20 08:20:42,985][src.modRNN.training.training_loop][INFO] - 	 Starting Epoch: 718
[2026-06-20 08:20:43,714][src.modRNN.training.training_loop][INFO] - train epoch 718 loss 0.2070 accuracy 98.44%
[2026-06-20 08:20:43,716][src.modRNN.training.training_loop][INFO] - 	 Starting Epoch: 719
[2026-06-20 08:20:44,444][src.modRNN.training.training_loop][INFO] - train epoch 719 loss 0.2122 accuracy 98.44%
[2026-06-20 08:20:44,446][src.modRNN.training.training_loop][INFO] - 	 Starting Epoch: 720
[2026-06-20 08:20:45,174][src.modRNN.training.training_loop][INFO] - train epoch 720 loss 0.2128 accuracy 98.44%
[2026-06-20 08:20:45,176][src.modRNN.training.training_loop][INFO] - 	 Starting Epoch: 721
[2026-06-20 08:20:45,904][src.modRNN.training.training_loop][INFO] - train epoch 721 loss 0.2612 accuracy 95.31%
[2026-06-20 08:20:45,906][src.modRNN.training.training_loop][INFO] - 	 Starting Epoch: 722
[2026-06-20 08:20:46,634][src.modRNN.training.training_loop][INFO] - train epoch 722 loss 0.2217 accuracy 98.44%
[2026-06-20 08:20:46,636][src.modRNN.training.training_loop][INFO] - 	 Starting Epoch: 723
[2026-06-20 08:20:47,364][src.modRNN.training.training_loop][INFO] - train epoch 723 loss 0.2710 accuracy 98.44%
[2026-06-20 08:20:47,366][src.modRNN.training.training_loop][INFO] - 	 Starting Epoch: 724
[2026-06-20 08:20:48,094][src.modRNN.training.training_loop][INFO] - train epoch 724 loss 0.2176 accuracy 96.88%
[2026-06-20 08:20:48,096][src.modRNN.training.training_loop][INFO] - 	 Starting Epoch: 725
[2026-06-20 08:20:48,825][src.modRNN.training.training_loop][INFO] - train epoch 725 loss 0.4729 accuracy 87.50%
[2026-06-20 08:20:48,827][src.modRNN.training.training_loop][INFO] - 	 Starting Epoch: 726
[2026-06-20 08:20:49,557][src.modRNN.training.training_loop][INFO] - train epoch 726 loss 0.2815 accuracy 98.44%
[2026-06-20 08:20:50,687][src.modRNN.training.training_loop][INFO] - eval  epoch 726 loss 0.2310 accuracy 97.66%
[2026-06-20 08:20:50,688][src.modRNN.training.training_loop][INFO] - 	 Starting Epoch: 727
[2026-06-20 08:20:51,418][src.modRNN.training.training_loop][INFO] - train epoch 727 loss 0.1859 accuracy 98.44%
[2026-06-20 08:20:51,420][src.modRNN.training.training_loop][INFO] - 	 Starting Epoch: 728
[2026-06-20 08:20:52,149][src.modRNN.training.training_loop][INFO] - train epoch 728 loss 0.3103 accuracy 92.19%
[2026-06-20 08:20:52,151][src.modRNN.training.training_loop][INFO] - 	 Starting Epoch: 729
[2026-06-20 08:20:52,880][src.modRNN.training.training_loop][INFO] - train epoch 729 loss 0.3050 accuracy 95.31%
[2026-06-20 08:20:52,882][src.modRNN.training.training_loop][INFO] - 	 Starting Epoch: 730
[2026-06-20 08:20:53,612][src.modRNN.training.training_loop][INFO] - train epoch 730 loss 0.2379 accuracy 98.44%
[2026-06-20 08:20:53,614][src.modRNN.training.training_loop][INFO] - 	 Starting Epoch: 731
[2026-06-20 08:20:54,344][src.modRNN.training.training_loop][INFO] - train epoch 731 loss 0.2676 accuracy 95.31%
[2026-06-20 08:20:54,346][src.modRNN.training.training_loop][INFO] - 	 Starting Epoch: 732
[2026-06-20 08:20:55,075][src.modRNN.training.training_loop][INFO] - train epoch 732 loss 0.3001 accuracy 93.75%
[2026-06-20 08:20:55,077][src.modRNN.training.training_loop][INFO] - 	 Starting Epoch: 733
[2026-06-20 08:20:55,807][src.modRNN.training.training_loop][INFO] - train epoch 733 loss 0.2235 accuracy 95.31%
[2026-06-20 08:20:55,809][src.modRNN.training.training_loop][INFO] - 	 Starting Epoch: 734
[2026-06-20 08:20:56,539][src.modRNN.training.training_loop][INFO] - train epoch 734 loss 0.1735 accuracy 98.44%
[2026-06-20 08:20:56,541][src.modRNN.training.training_loop][INFO] - 	 Starting Epoch: 735
[2026-06-20 08:20:57,272][src.modRNN.training.training_loop][INFO] - train epoch 735 loss 0.2945 accuracy 92.19%
[2026-06-20 08:20:57,274][src.modRNN.training.training_loop][INFO] - 	 Starting Epoch: 736
[2026-06-20 08:20:58,005][src.modRNN.training.training_loop][INFO] - train epoch 736 loss 0.2467 accuracy 98.44%
[2026-06-20 08:20:58,006][src.modRNN.training.training_loop][INFO] - 	 Starting Epoch: 737
[2026-06-20 08:20:58,735][src.modRNN.training.training_loop][INFO] - train epoch 737 loss 0.2200 accuracy 96.88%
[2026-06-20 08:20:58,737][src.modRNN.training.training_loop][INFO] - 	 Starting Epoch: 738
[2026-06-20 08:20:59,468][src.modRNN.training.training_loop][INFO] - train epoch 738 loss 0.2143 accuracy 98.44%
[2026-06-20 08:20:59,469][src.modRNN.training.training_loop][INFO] - 	 Starting Epoch: 739
[2026-06-20 08:21:00,198][src.modRNN.training.training_loop][INFO] - train epoch 739 loss 0.1969 accuracy 98.44%
[2026-06-20 08:21:00,200][src.modRNN.training.training_loop][INFO] - 	 Starting Epoch: 740
[2026-06-20 08:21:00,928][src.modRNN.training.training_loop][INFO] - train epoch 740 loss 0.2071 accuracy 98.44%
[2026-06-20 08:21:00,930][src.modRNN.training.training_loop][INFO] - 	 Starting Epoch: 741
[2026-06-20 08:21:01,659][src.modRNN.training.training_loop][INFO] - train epoch 741 loss 0.3205 accuracy 92.19%
[2026-06-20 08:21:01,661][src.modRNN.training.training_loop][INFO] - 	 Starting Epoch: 742
[2026-06-20 08:21:02,391][src.modRNN.training.training_loop][INFO] - train epoch 742 loss 0.2768 accuracy 96.88%
[2026-06-20 08:21:02,392][src.modRNN.training.training_loop][INFO] - 	 Starting Epoch: 743
[2026-06-20 08:21:03,122][src.modRNN.training.training_loop][INFO] - train epoch 743 loss 0.2571 accuracy 95.31%
[2026-06-20 08:21:03,124][src.modRNN.training.training_loop][INFO] - 	 Starting Epoch: 744
[2026-06-20 08:21:03,852][src.modRNN.training.training_loop][INFO] - train epoch 744 loss 0.3191 accuracy 93.75%
[2026-06-20 08:21:03,854][src.modRNN.training.training_loop][INFO] - 	 Starting Epoch: 745
[2026-06-20 08:21:04,583][src.modRNN.training.training_loop][INFO] - train epoch 745 loss 0.2454 accuracy 95.31%
[2026-06-20 08:21:04,584][src.modRNN.training.training_loop][INFO] - 	 Starting Epoch: 746
[2026-06-20 08:21:05,314][src.modRNN.training.training_loop][INFO] - train epoch 746 loss 0.2661 accuracy 95.31%
[2026-06-20 08:21:05,316][src.modRNN.training.training_loop][INFO] - 	 Starting Epoch: 747
[2026-06-20 08:21:06,045][src.modRNN.training.training_loop][INFO] - train epoch 747 loss 0.3511 accuracy 90.62%
[2026-06-20 08:21:06,046][src.modRNN.training.training_loop][INFO] - 	 Starting Epoch: 748
[2026-06-20 08:21:06,778][src.modRNN.training.training_loop][INFO] - train epoch 748 loss 0.1745 accuracy 100.00%
[2026-06-20 08:21:06,779][src.modRNN.training.training_loop][INFO] - 	 Starting Epoch: 749
[2026-06-20 08:21:07,508][src.modRNN.training.training_loop][INFO] - train epoch 749 loss 0.3556 accuracy 93.75%
[2026-06-20 08:21:07,510][src.modRNN.training.training_loop][INFO] - 	 Starting Epoch: 750
[2026-06-20 08:21:08,239][src.modRNN.training.training_loop][INFO] - train epoch 750 loss 0.2162 accuracy 96.88%
[2026-06-20 08:21:08,241][src.modRNN.training.training_loop][INFO] - 	 Starting Epoch: 751
[2026-06-20 08:21:08,969][src.modRNN.training.training_loop][INFO] - train epoch 751 loss 0.2558 accuracy 93.75%
[2026-06-20 08:21:10,100][src.modRNN.training.training_loop][INFO] - eval  epoch 751 loss 0.2856 accuracy 95.12%
[2026-06-20 08:21:10,101][src.modRNN.training.training_loop][INFO] - 	 Starting Epoch: 752
[2026-06-20 08:21:10,829][src.modRNN.training.training_loop][INFO] - train epoch 752 loss 0.2363 accuracy 95.31%
[2026-06-20 08:21:10,831][src.modRNN.training.training_loop][INFO] - 	 Starting Epoch: 753
[2026-06-20 08:21:11,561][src.modRNN.training.training_loop][INFO] - train epoch 753 loss 0.2653 accuracy 95.31%
[2026-06-20 08:21:11,563][src.modRNN.training.training_loop][INFO] - 	 Starting Epoch: 754
[2026-06-20 08:21:12,290][src.modRNN.training.training_loop][INFO] - train epoch 754 loss 0.2299 accuracy 98.44%
[2026-06-20 08:21:12,292][src.modRNN.training.training_loop][INFO] - 	 Starting Epoch: 755
[2026-06-20 08:21:13,020][src.modRNN.training.training_loop][INFO] - train epoch 755 loss 0.2184 accuracy 98.44%
[2026-06-20 08:21:13,022][src.modRNN.training.training_loop][INFO] - 	 Starting Epoch: 756
[2026-06-20 08:21:13,751][src.modRNN.training.training_loop][INFO] - train epoch 756 loss 0.1972 accuracy 96.88%
[2026-06-20 08:21:13,753][src.modRNN.training.training_loop][INFO] - 	 Starting Epoch: 757
[2026-06-20 08:21:14,483][src.modRNN.training.training_loop][INFO] - train epoch 757 loss 0.3090 accuracy 90.62%
[2026-06-20 08:21:14,485][src.modRNN.training.training_loop][INFO] - 	 Starting Epoch: 758
[2026-06-20 08:21:15,215][src.modRNN.training.training_loop][INFO] - train epoch 758 loss 0.2018 accuracy 96.88%
[2026-06-20 08:21:15,217][src.modRNN.training.training_loop][INFO] - 	 Starting Epoch: 759
[2026-06-20 08:21:15,946][src.modRNN.training.training_loop][INFO] - train epoch 759 loss 0.2683 accuracy 95.31%
[2026-06-20 08:21:15,947][src.modRNN.training.training_loop][INFO] - 	 Starting Epoch: 760
[2026-06-20 08:21:16,675][src.modRNN.training.training_loop][INFO] - train epoch 760 loss 0.4365 accuracy 84.38%
[2026-06-20 08:21:16,676][src.modRNN.training.training_loop][INFO] - 	 Starting Epoch: 761
[2026-06-20 08:21:17,406][src.modRNN.training.training_loop][INFO] - train epoch 761 loss 0.2431 accuracy 96.88%
[2026-06-20 08:21:17,407][src.modRNN.training.training_loop][INFO] - 	 Starting Epoch: 762
[2026-06-20 08:21:18,136][src.modRNN.training.training_loop][INFO] - train epoch 762 loss 0.2312 accuracy 96.88%
[2026-06-20 08:21:18,137][src.modRNN.training.training_loop][INFO] - 	 Starting Epoch: 763
[2026-06-20 08:21:18,868][src.modRNN.training.training_loop][INFO] - train epoch 763 loss 0.3795 accuracy 93.75%
[2026-06-20 08:21:18,870][src.modRNN.training.training_loop][INFO] - 	 Starting Epoch: 764
[2026-06-20 08:21:19,598][src.modRNN.training.training_loop][INFO] - train epoch 764 loss 0.2740 accuracy 96.88%
[2026-06-20 08:21:19,600][src.modRNN.training.training_loop][INFO] - 	 Starting Epoch: 765
[2026-06-20 08:21:20,330][src.modRNN.training.training_loop][INFO] - train epoch 765 loss 0.2973 accuracy 95.31%
[2026-06-20 08:21:20,332][src.modRNN.training.training_loop][INFO] - 	 Starting Epoch: 766
[2026-06-20 08:21:21,061][src.modRNN.training.training_loop][INFO] - train epoch 766 loss 0.3303 accuracy 92.19%
[2026-06-20 08:21:21,063][src.modRNN.training.training_loop][INFO] - 	 Starting Epoch: 767
[2026-06-20 08:21:21,791][src.modRNN.training.training_loop][INFO] - train epoch 767 loss 0.3122 accuracy 95.31%
[2026-06-20 08:21:21,793][src.modRNN.training.training_loop][INFO] - 	 Starting Epoch: 768
[2026-06-20 08:21:22,520][src.modRNN.training.training_loop][INFO] - train epoch 768 loss 0.2674 accuracy 96.88%
[2026-06-20 08:21:22,522][src.modRNN.training.training_loop][INFO] - 	 Starting Epoch: 769
[2026-06-20 08:21:23,250][src.modRNN.training.training_loop][INFO] - train epoch 769 loss 0.4398 accuracy 87.50%
[2026-06-20 08:21:23,251][src.modRNN.training.training_loop][INFO] - 	 Starting Epoch: 770
[2026-06-20 08:21:23,979][src.modRNN.training.training_loop][INFO] - train epoch 770 loss 0.2994 accuracy 95.31%
[2026-06-20 08:21:23,980][src.modRNN.training.training_loop][INFO] - 	 Starting Epoch: 771
[2026-06-20 08:21:24,709][src.modRNN.training.training_loop][INFO] - train epoch 771 loss 0.2986 accuracy 96.88%
[2026-06-20 08:21:24,711][src.modRNN.training.training_loop][INFO] - 	 Starting Epoch: 772
[2026-06-20 08:21:25,440][src.modRNN.training.training_loop][INFO] - train epoch 772 loss 0.4283 accuracy 90.62%
[2026-06-20 08:21:25,441][src.modRNN.training.training_loop][INFO] - 	 Starting Epoch: 773
[2026-06-20 08:21:26,172][src.modRNN.training.training_loop][INFO] - train epoch 773 loss 0.4122 accuracy 92.19%
[2026-06-20 08:21:26,173][src.modRNN.training.training_loop][INFO] - 	 Starting Epoch: 774
[2026-06-20 08:21:26,902][src.modRNN.training.training_loop][INFO] - train epoch 774 loss 0.4135 accuracy 92.19%
[2026-06-20 08:21:26,904][src.modRNN.training.training_loop][INFO] - 	 Starting Epoch: 775
[2026-06-20 08:21:27,637][src.modRNN.training.training_loop][INFO] - train epoch 775 loss 0.3299 accuracy 92.19%
[2026-06-20 08:21:27,639][src.modRNN.training.training_loop][INFO] - 	 Starting Epoch: 776
[2026-06-20 08:21:28,368][src.modRNN.training.training_loop][INFO] - train epoch 776 loss 0.2982 accuracy 98.44%
[2026-06-20 08:21:29,494][src.modRNN.training.training_loop][INFO] - eval  epoch 776 loss 0.3454 accuracy 93.55%
[2026-06-20 08:21:29,496][src.modRNN.training.training_loop][INFO] - 	 Starting Epoch: 777
[2026-06-20 08:21:30,224][src.modRNN.training.training_loop][INFO] - train epoch 777 loss 0.3722 accuracy 92.19%
[2026-06-20 08:21:30,226][src.modRNN.training.training_loop][INFO] - 	 Starting Epoch: 778
[2026-06-20 08:21:30,954][src.modRNN.training.training_loop][INFO] - train epoch 778 loss 0.3597 accuracy 93.75%
[2026-06-20 08:21:30,956][src.modRNN.training.training_loop][INFO] - 	 Starting Epoch: 779
[2026-06-20 08:21:31,689][src.modRNN.training.training_loop][INFO] - train epoch 779 loss 0.4208 accuracy 90.62%
[2026-06-20 08:21:31,690][src.modRNN.training.training_loop][INFO] - 	 Starting Epoch: 780
[2026-06-20 08:21:32,419][src.modRNN.training.training_loop][INFO] - train epoch 780 loss 0.3659 accuracy 90.62%
[2026-06-20 08:21:32,422][src.modRNN.training.training_loop][INFO] - 	 Starting Epoch: 781
[2026-06-20 08:21:33,153][src.modRNN.training.training_loop][INFO] - train epoch 781 loss 0.4448 accuracy 73.44%
[2026-06-20 08:21:33,155][src.modRNN.training.training_loop][INFO] - 	 Starting Epoch: 782
[2026-06-20 08:21:33,883][src.modRNN.training.training_loop][INFO] - train epoch 782 loss 0.4121 accuracy 87.50%
[2026-06-20 08:21:33,885][src.modRNN.training.training_loop][INFO] - 	 Starting Epoch: 783
[2026-06-20 08:21:34,614][src.modRNN.training.training_loop][INFO] - train epoch 783 loss 0.3172 accuracy 95.31%
[2026-06-20 08:21:34,616][src.modRNN.training.training_loop][INFO] - 	 Starting Epoch: 784
[2026-06-20 08:21:35,348][src.modRNN.training.training_loop][INFO] - train epoch 784 loss 0.4293 accuracy 89.06%
[2026-06-20 08:21:35,349][src.modRNN.training.training_loop][INFO] - 	 Starting Epoch: 785
[2026-06-20 08:21:36,078][src.modRNN.training.training_loop][INFO] - train epoch 785 loss 0.4050 accuracy 90.62%
[2026-06-20 08:21:36,079][src.modRNN.training.training_loop][INFO] - 	 Starting Epoch: 786
[2026-06-20 08:21:36,808][src.modRNN.training.training_loop][INFO] - train epoch 786 loss 0.3094 accuracy 95.31%
[2026-06-20 08:21:36,810][src.modRNN.training.training_loop][INFO] - 	 Starting Epoch: 787
[2026-06-20 08:21:37,540][src.modRNN.training.training_loop][INFO] - train epoch 787 loss 0.4892 accuracy 78.12%
[2026-06-20 08:21:37,542][src.modRNN.training.training_loop][INFO] - 	 Starting Epoch: 788
[2026-06-20 08:21:38,272][src.modRNN.training.training_loop][INFO] - train epoch 788 loss 0.4102 accuracy 85.94%
[2026-06-20 08:21:38,273][src.modRNN.training.training_loop][INFO] - 	 Starting Epoch: 789
[2026-06-20 08:21:39,003][src.modRNN.training.training_loop][INFO] - train epoch 789 loss 0.4531 accuracy 82.81%
[2026-06-20 08:21:39,005][src.modRNN.training.training_loop][INFO] - 	 Starting Epoch: 790
[2026-06-20 08:21:39,734][src.modRNN.training.training_loop][INFO] - train epoch 790 loss 0.3554 accuracy 93.75%
[2026-06-20 08:21:39,736][src.modRNN.training.training_loop][INFO] - 	 Starting Epoch: 791
[2026-06-20 08:21:40,464][src.modRNN.training.training_loop][INFO] - train epoch 791 loss 0.3255 accuracy 96.88%
[2026-06-20 08:21:40,466][src.modRNN.training.training_loop][INFO] - 	 Starting Epoch: 792
[2026-06-20 08:21:41,194][src.modRNN.training.training_loop][INFO] - train epoch 792 loss 0.4196 accuracy 90.62%
[2026-06-20 08:21:41,196][src.modRNN.training.training_loop][INFO] - 	 Starting Epoch: 793
[2026-06-20 08:21:41,926][src.modRNN.training.training_loop][INFO] - train epoch 793 loss 0.3246 accuracy 92.19%
[2026-06-20 08:21:41,928][src.modRNN.training.training_loop][INFO] - 	 Starting Epoch: 794
[2026-06-20 08:21:42,657][src.modRNN.training.training_loop][INFO] - train epoch 794 loss 0.2879 accuracy 96.88%
[2026-06-20 08:21:42,659][src.modRNN.training.training_loop][INFO] - 	 Starting Epoch: 795
[2026-06-20 08:21:43,387][src.modRNN.training.training_loop][INFO] - train epoch 795 loss 0.3748 accuracy 93.75%
[2026-06-20 08:21:43,389][src.modRNN.training.training_loop][INFO] - 	 Starting Epoch: 796
[2026-06-20 08:21:44,118][src.modRNN.training.training_loop][INFO] - train epoch 796 loss 0.3757 accuracy 92.19%
[2026-06-20 08:21:44,120][src.modRNN.training.training_loop][INFO] - 	 Starting Epoch: 797
[2026-06-20 08:21:44,849][src.modRNN.training.training_loop][INFO] - train epoch 797 loss 0.4727 accuracy 84.38%
[2026-06-20 08:21:44,851][src.modRNN.training.training_loop][INFO] - 	 Starting Epoch: 798
[2026-06-20 08:21:45,581][src.modRNN.training.training_loop][INFO] - train epoch 798 loss 0.4670 accuracy 81.25%
[2026-06-20 08:21:45,583][src.modRNN.training.training_loop][INFO] - 	 Starting Epoch: 799
[2026-06-20 08:21:46,313][src.modRNN.training.training_loop][INFO] - train epoch 799 loss 0.4088 accuracy 89.06%
[2026-06-20 08:21:46,314][src.modRNN.training.training_loop][INFO] - 	 Starting Epoch: 800
[2026-06-20 08:21:47,045][src.modRNN.training.training_loop][INFO] - train epoch 800 loss 0.3571 accuracy 89.06%
[2026-06-20 08:21:47,047][src.modRNN.training.training_loop][INFO] - 	 Starting Epoch: 801
[2026-06-20 08:21:47,777][src.modRNN.training.training_loop][INFO] - train epoch 801 loss 0.3731 accuracy 89.06%
[2026-06-20 08:21:48,909][src.modRNN.training.training_loop][INFO] - eval  epoch 801 loss 0.4219 accuracy 86.33%
[2026-06-20 08:21:48,910][src.modRNN.training.training_loop][INFO] - 	 Starting Epoch: 802
[2026-06-20 08:21:49,639][src.modRNN.training.training_loop][INFO] - train epoch 802 loss 0.5448 accuracy 71.88%
[2026-06-20 08:21:49,641][src.modRNN.training.training_loop][INFO] - 	 Starting Epoch: 803
[2026-06-20 08:21:50,370][src.modRNN.training.training_loop][INFO] - train epoch 803 loss 0.4998 accuracy 81.25%
[2026-06-20 08:21:50,372][src.modRNN.training.training_loop][INFO] - 	 Starting Epoch: 804
[2026-06-20 08:21:51,099][src.modRNN.training.training_loop][INFO] - train epoch 804 loss 0.4317 accuracy 85.94%
[2026-06-20 08:21:51,101][src.modRNN.training.training_loop][INFO] - 	 Starting Epoch: 805
[2026-06-20 08:21:51,828][src.modRNN.training.training_loop][INFO] - train epoch 805 loss 0.3826 accuracy 90.62%
[2026-06-20 08:21:51,830][src.modRNN.training.training_loop][INFO] - 	 Starting Epoch: 806
[2026-06-20 08:21:52,558][src.modRNN.training.training_loop][INFO] - train epoch 806 loss 0.5077 accuracy 76.56%
[2026-06-20 08:21:52,560][src.modRNN.training.training_loop][INFO] - 	 Starting Epoch: 807
[2026-06-20 08:21:53,288][src.modRNN.training.training_loop][INFO] - train epoch 807 loss 0.4661 accuracy 79.69%
[2026-06-20 08:21:53,289][src.modRNN.training.training_loop][INFO] - 	 Starting Epoch: 808
[2026-06-20 08:21:54,018][src.modRNN.training.training_loop][INFO] - train epoch 808 loss 0.5575 accuracy 68.75%
[2026-06-20 08:21:54,020][src.modRNN.training.training_loop][INFO] - 	 Starting Epoch: 809
[2026-06-20 08:21:54,748][src.modRNN.training.training_loop][INFO] - train epoch 809 loss 0.5246 accuracy 87.50%
[2026-06-20 08:21:54,750][src.modRNN.training.training_loop][INFO] - 	 Starting Epoch: 810
[2026-06-20 08:21:55,477][src.modRNN.training.training_loop][INFO] - train epoch 810 loss 0.4544 accuracy 89.06%
[2026-06-20 08:21:55,479][src.modRNN.training.training_loop][INFO] - 	 Starting Epoch: 811
[2026-06-20 08:21:56,207][src.modRNN.training.training_loop][INFO] - train epoch 811 loss 0.5390 accuracy 79.69%
[2026-06-20 08:21:56,209][src.modRNN.training.training_loop][INFO] - 	 Starting Epoch: 812
[2026-06-20 08:21:56,938][src.modRNN.training.training_loop][INFO] - train epoch 812 loss 0.5426 accuracy 70.31%
[2026-06-20 08:21:56,940][src.modRNN.training.training_loop][INFO] - 	 Starting Epoch: 813
[2026-06-20 08:21:57,669][src.modRNN.training.training_loop][INFO] - train epoch 813 loss 0.5171 accuracy 73.44%
[2026-06-20 08:21:57,671][src.modRNN.training.training_loop][INFO] - 	 Starting Epoch: 814
[2026-06-20 08:21:58,399][src.modRNN.training.training_loop][INFO] - train epoch 814 loss 0.5326 accuracy 73.44%
[2026-06-20 08:21:58,401][src.modRNN.training.training_loop][INFO] - 	 Starting Epoch: 815
[2026-06-20 08:21:59,128][src.modRNN.training.training_loop][INFO] - train epoch 815 loss 0.4486 accuracy 84.38%
[2026-06-20 08:21:59,130][src.modRNN.training.training_loop][INFO] - 	 Starting Epoch: 816
[2026-06-20 08:21:59,859][src.modRNN.training.training_loop][INFO] - train epoch 816 loss 0.5598 accuracy 73.44%
[2026-06-20 08:21:59,860][src.modRNN.training.training_loop][INFO] - 	 Starting Epoch: 817
[2026-06-20 08:22:00,591][src.modRNN.training.training_loop][INFO] - train epoch 817 loss 0.5382 accuracy 76.56%
[2026-06-20 08:22:00,592][src.modRNN.training.training_loop][INFO] - 	 Starting Epoch: 818
[2026-06-20 08:22:01,320][src.modRNN.training.training_loop][INFO] - train epoch 818 loss 0.5029 accuracy 76.56%
[2026-06-20 08:22:01,322][src.modRNN.training.training_loop][INFO] - 	 Starting Epoch: 819
[2026-06-20 08:22:02,049][src.modRNN.training.training_loop][INFO] - train epoch 819 loss 0.4772 accuracy 82.81%
[2026-06-20 08:22:02,051][src.modRNN.training.training_loop][INFO] - 	 Starting Epoch: 820
[2026-06-20 08:22:02,780][src.modRNN.training.training_loop][INFO] - train epoch 820 loss 0.5196 accuracy 65.62%
[2026-06-20 08:22:02,781][src.modRNN.training.training_loop][INFO] - 	 Starting Epoch: 821
[2026-06-20 08:22:03,510][src.modRNN.training.training_loop][INFO] - train epoch 821 loss 0.4755 accuracy 78.12%
[2026-06-20 08:22:03,512][src.modRNN.training.training_loop][INFO] - 	 Starting Epoch: 822
[2026-06-20 08:22:04,241][src.modRNN.training.training_loop][INFO] - train epoch 822 loss 0.4799 accuracy 76.56%
[2026-06-20 08:22:04,242][src.modRNN.training.training_loop][INFO] - 	 Starting Epoch: 823
[2026-06-20 08:22:04,972][src.modRNN.training.training_loop][INFO] - train epoch 823 loss 0.5000 accuracy 78.12%
[2026-06-20 08:22:04,974][src.modRNN.training.training_loop][INFO] - 	 Starting Epoch: 824
[2026-06-20 08:22:05,702][src.modRNN.training.training_loop][INFO] - train epoch 824 loss 0.7610 accuracy 42.19%
[2026-06-20 08:22:05,704][src.modRNN.training.training_loop][INFO] - 	 Starting Epoch: 825
[2026-06-20 08:22:06,435][src.modRNN.training.training_loop][INFO] - train epoch 825 loss 0.5480 accuracy 67.19%
[2026-06-20 08:22:06,437][src.modRNN.training.training_loop][INFO] - 	 Starting Epoch: 826
[2026-06-20 08:22:07,167][src.modRNN.training.training_loop][INFO] - train epoch 826 loss 0.5376 accuracy 73.44%
[2026-06-20 08:22:08,299][src.modRNN.training.training_loop][INFO] - eval  epoch 826 loss 0.5545 accuracy 72.66%
[2026-06-20 08:22:08,300][src.modRNN.training.training_loop][INFO] - 	 Starting Epoch: 827
[2026-06-20 08:22:09,031][src.modRNN.training.training_loop][INFO] - train epoch 827 loss 0.5503 accuracy 73.44%
[2026-06-20 08:22:09,032][src.modRNN.training.training_loop][INFO] - 	 Starting Epoch: 828
[2026-06-20 08:22:09,762][src.modRNN.training.training_loop][INFO] - train epoch 828 loss 0.5724 accuracy 75.00%
[2026-06-20 08:22:09,764][src.modRNN.training.training_loop][INFO] - 	 Starting Epoch: 829
[2026-06-20 08:22:10,493][src.modRNN.training.training_loop][INFO] - train epoch 829 loss 0.5596 accuracy 75.00%
[2026-06-20 08:22:10,495][src.modRNN.training.training_loop][INFO] - 	 Starting Epoch: 830
[2026-06-20 08:22:11,227][src.modRNN.training.training_loop][INFO] - train epoch 830 loss 0.5591 accuracy 76.56%
[2026-06-20 08:22:11,229][src.modRNN.training.training_loop][INFO] - 	 Starting Epoch: 831
[2026-06-20 08:22:11,957][src.modRNN.training.training_loop][INFO] - train epoch 831 loss 0.5603 accuracy 73.44%
[2026-06-20 08:22:11,959][src.modRNN.training.training_loop][INFO] - 	 Starting Epoch: 832
[2026-06-20 08:22:12,687][src.modRNN.training.training_loop][INFO] - train epoch 832 loss 0.4956 accuracy 79.69%
[2026-06-20 08:22:12,689][src.modRNN.training.training_loop][INFO] - 	 Starting Epoch: 833
[2026-06-20 08:22:13,417][src.modRNN.training.training_loop][INFO] - train epoch 833 loss 0.5401 accuracy 76.56%
[2026-06-20 08:22:13,419][src.modRNN.training.training_loop][INFO] - 	 Starting Epoch: 834
[2026-06-20 08:22:14,148][src.modRNN.training.training_loop][INFO] - train epoch 834 loss 0.4805 accuracy 85.94%
[2026-06-20 08:22:14,149][src.modRNN.training.training_loop][INFO] - 	 Starting Epoch: 835
[2026-06-20 08:22:14,879][src.modRNN.training.training_loop][INFO] - train epoch 835 loss 0.4696 accuracy 84.38%
[2026-06-20 08:22:14,881][src.modRNN.training.training_loop][INFO] - 	 Starting Epoch: 836
[2026-06-20 08:22:15,610][src.modRNN.training.training_loop][INFO] - train epoch 836 loss 0.4526 accuracy 85.94%
[2026-06-20 08:22:15,611][src.modRNN.training.training_loop][INFO] - 	 Starting Epoch: 837
[2026-06-20 08:22:16,341][src.modRNN.training.training_loop][INFO] - train epoch 837 loss 0.5528 accuracy 76.56%
[2026-06-20 08:22:16,343][src.modRNN.training.training_loop][INFO] - 	 Starting Epoch: 838
[2026-06-20 08:22:17,071][src.modRNN.training.training_loop][INFO] - train epoch 838 loss 0.4689 accuracy 79.69%
[2026-06-20 08:22:17,072][src.modRNN.training.training_loop][INFO] - 	 Starting Epoch: 839
[2026-06-20 08:22:17,800][src.modRNN.training.training_loop][INFO] - train epoch 839 loss 0.5380 accuracy 75.00%
[2026-06-20 08:22:17,802][src.modRNN.training.training_loop][INFO] - 	 Starting Epoch: 840
[2026-06-20 08:22:18,530][src.modRNN.training.training_loop][INFO] - train epoch 840 loss 0.5459 accuracy 75.00%
[2026-06-20 08:22:18,532][src.modRNN.training.training_loop][INFO] - 	 Starting Epoch: 841
[2026-06-20 08:22:19,260][src.modRNN.training.training_loop][INFO] - train epoch 841 loss 0.6776 accuracy 51.56%
[2026-06-20 08:22:19,262][src.modRNN.training.training_loop][INFO] - 	 Starting Epoch: 842
[2026-06-20 08:22:19,992][src.modRNN.training.training_loop][INFO] - train epoch 842 loss 0.4837 accuracy 84.38%
[2026-06-20 08:22:19,994][src.modRNN.training.training_loop][INFO] - 	 Starting Epoch: 843
[2026-06-20 08:22:20,729][src.modRNN.training.training_loop][INFO] - train epoch 843 loss 0.5006 accuracy 79.69%
[2026-06-20 08:22:20,731][src.modRNN.training.training_loop][INFO] - 	 Starting Epoch: 844
[2026-06-20 08:22:21,460][src.modRNN.training.training_loop][INFO] - train epoch 844 loss 0.5063 accuracy 79.69%
[2026-06-20 08:22:21,461][src.modRNN.training.training_loop][INFO] - 	 Starting Epoch: 845
[2026-06-20 08:22:22,191][src.modRNN.training.training_loop][INFO] - train epoch 845 loss 0.4945 accuracy 71.88%
[2026-06-20 08:22:22,193][src.modRNN.training.training_loop][INFO] - 	 Starting Epoch: 846
[2026-06-20 08:22:22,923][src.modRNN.training.training_loop][INFO] - train epoch 846 loss 0.5685 accuracy 67.19%
[2026-06-20 08:22:22,925][src.modRNN.training.training_loop][INFO] - 	 Starting Epoch: 847
[2026-06-20 08:22:23,654][src.modRNN.training.training_loop][INFO] - train epoch 847 loss 0.4835 accuracy 81.25%
[2026-06-20 08:22:23,656][src.modRNN.training.training_loop][INFO] - 	 Starting Epoch: 848
[2026-06-20 08:22:24,386][src.modRNN.training.training_loop][INFO] - train epoch 848 loss 0.5313 accuracy 78.12%
[2026-06-20 08:22:24,388][src.modRNN.training.training_loop][INFO] - 	 Starting Epoch: 849
[2026-06-20 08:22:25,117][src.modRNN.training.training_loop][INFO] - train epoch 849 loss 0.5507 accuracy 73.44%
[2026-06-20 08:22:25,119][src.modRNN.training.training_loop][INFO] - 	 Starting Epoch: 850
[2026-06-20 08:22:25,848][src.modRNN.training.training_loop][INFO] - train epoch 850 loss 0.5235 accuracy 81.25%
[2026-06-20 08:22:25,849][src.modRNN.training.training_loop][INFO] - 	 Starting Epoch: 851
[2026-06-20 08:22:26,580][src.modRNN.training.training_loop][INFO] - train epoch 851 loss 0.5058 accuracy 82.81%
[2026-06-20 08:22:27,712][src.modRNN.training.training_loop][INFO] - eval  epoch 851 loss 0.4856 accuracy 82.23%
[2026-06-20 08:22:27,713][src.modRNN.training.training_loop][INFO] - 	 Starting Epoch: 852
[2026-06-20 08:22:28,441][src.modRNN.training.training_loop][INFO] - train epoch 852 loss 0.4928 accuracy 79.69%
[2026-06-20 08:22:28,442][src.modRNN.training.training_loop][INFO] - 	 Starting Epoch: 853
[2026-06-20 08:22:29,170][src.modRNN.training.training_loop][INFO] - train epoch 853 loss 0.3946 accuracy 90.62%
[2026-06-20 08:22:29,172][src.modRNN.training.training_loop][INFO] - 	 Starting Epoch: 854
[2026-06-20 08:22:29,901][src.modRNN.training.training_loop][INFO] - train epoch 854 loss 0.3900 accuracy 84.38%
[2026-06-20 08:22:29,903][src.modRNN.training.training_loop][INFO] - 	 Starting Epoch: 855
[2026-06-20 08:22:30,633][src.modRNN.training.training_loop][INFO] - train epoch 855 loss 0.4176 accuracy 84.38%
[2026-06-20 08:22:30,635][src.modRNN.training.training_loop][INFO] - 	 Starting Epoch: 856
[2026-06-20 08:22:31,362][src.modRNN.training.training_loop][INFO] - train epoch 856 loss 0.4009 accuracy 79.69%
[2026-06-20 08:22:31,364][src.modRNN.training.training_loop][INFO] - 	 Starting Epoch: 857
[2026-06-20 08:22:32,092][src.modRNN.training.training_loop][INFO] - train epoch 857 loss 0.3341 accuracy 87.50%
[2026-06-20 08:22:32,094][src.modRNN.training.training_loop][INFO] - 	 Starting Epoch: 858
[2026-06-20 08:22:32,822][src.modRNN.training.training_loop][INFO] - train epoch 858 loss 0.3275 accuracy 89.06%
[2026-06-20 08:22:32,824][src.modRNN.training.training_loop][INFO] - 	 Starting Epoch: 859
[2026-06-20 08:22:33,553][src.modRNN.training.training_loop][INFO] - train epoch 859 loss 0.6020 accuracy 60.94%
[2026-06-20 08:22:33,554][src.modRNN.training.training_loop][INFO] - 	 Starting Epoch: 860
[2026-06-20 08:22:34,283][src.modRNN.training.training_loop][INFO] - train epoch 860 loss 0.6693 accuracy 56.25%
[2026-06-20 08:22:34,285][src.modRNN.training.training_loop][INFO] - 	 Starting Epoch: 861
[2026-06-20 08:22:35,013][src.modRNN.training.training_loop][INFO] - train epoch 861 loss 0.5281 accuracy 71.88%
[2026-06-20 08:22:35,014][src.modRNN.training.training_loop][INFO] - 	 Starting Epoch: 862
[2026-06-20 08:22:35,743][src.modRNN.training.training_loop][INFO] - train epoch 862 loss 0.4222 accuracy 89.06%
[2026-06-20 08:22:35,745][src.modRNN.training.training_loop][INFO] - 	 Starting Epoch: 863
[2026-06-20 08:22:36,473][src.modRNN.training.training_loop][INFO] - train epoch 863 loss 0.2939 accuracy 98.44%
[2026-06-20 08:22:36,474][src.modRNN.training.training_loop][INFO] - 	 Starting Epoch: 864
[2026-06-20 08:22:37,202][src.modRNN.training.training_loop][INFO] - train epoch 864 loss 0.3308 accuracy 96.88%
[2026-06-20 08:22:37,204][src.modRNN.training.training_loop][INFO] - 	 Starting Epoch: 865
[2026-06-20 08:22:37,931][src.modRNN.training.training_loop][INFO] - train epoch 865 loss 0.3220 accuracy 98.44%
[2026-06-20 08:22:37,932][src.modRNN.training.training_loop][INFO] - 	 Starting Epoch: 866
[2026-06-20 08:22:38,660][src.modRNN.training.training_loop][INFO] - train epoch 866 loss 0.3382 accuracy 95.31%
[2026-06-20 08:22:38,661][src.modRNN.training.training_loop][INFO] - 	 Starting Epoch: 867
[2026-06-20 08:22:39,390][src.modRNN.training.training_loop][INFO] - train epoch 867 loss 0.3478 accuracy 95.31%
[2026-06-20 08:22:39,392][src.modRNN.training.training_loop][INFO] - 	 Starting Epoch: 868
[2026-06-20 08:22:40,119][src.modRNN.training.training_loop][INFO] - train epoch 868 loss 0.4519 accuracy 82.81%
[2026-06-20 08:22:40,120][src.modRNN.training.training_loop][INFO] - 	 Starting Epoch: 869
[2026-06-20 08:22:40,853][src.modRNN.training.training_loop][INFO] - train epoch 869 loss 0.4714 accuracy 84.38%
[2026-06-20 08:22:40,855][src.modRNN.training.training_loop][INFO] - 	 Starting Epoch: 870
[2026-06-20 08:22:41,582][src.modRNN.training.training_loop][INFO] - train epoch 870 loss 0.4423 accuracy 82.81%
[2026-06-20 08:22:41,584][src.modRNN.training.training_loop][INFO] - 	 Starting Epoch: 871
[2026-06-20 08:22:42,311][src.modRNN.training.training_loop][INFO] - train epoch 871 loss 0.4741 accuracy 84.38%
[2026-06-20 08:22:42,313][src.modRNN.training.training_loop][INFO] - 	 Starting Epoch: 872
[2026-06-20 08:22:43,041][src.modRNN.training.training_loop][INFO] - train epoch 872 loss 0.5245 accuracy 76.56%
[2026-06-20 08:22:43,043][src.modRNN.training.training_loop][INFO] - 	 Starting Epoch: 873
[2026-06-20 08:22:43,771][src.modRNN.training.training_loop][INFO] - train epoch 873 loss 0.4290 accuracy 84.38%
[2026-06-20 08:22:43,772][src.modRNN.training.training_loop][INFO] - 	 Starting Epoch: 874
[2026-06-20 08:22:44,500][src.modRNN.training.training_loop][INFO] - train epoch 874 loss 0.4941 accuracy 79.69%
[2026-06-20 08:22:44,502][src.modRNN.training.training_loop][INFO] - 	 Starting Epoch: 875
[2026-06-20 08:22:45,230][src.modRNN.training.training_loop][INFO] - train epoch 875 loss 0.4609 accuracy 84.38%
[2026-06-20 08:22:45,231][src.modRNN.training.training_loop][INFO] - 	 Starting Epoch: 876
[2026-06-20 08:22:45,959][src.modRNN.training.training_loop][INFO] - train epoch 876 loss 0.4727 accuracy 79.69%
[2026-06-20 08:22:47,093][src.modRNN.training.training_loop][INFO] - eval  epoch 876 loss 0.4384 accuracy 84.18%
[2026-06-20 08:22:47,094][src.modRNN.training.training_loop][INFO] - 	 Starting Epoch: 877
[2026-06-20 08:22:47,823][src.modRNN.training.training_loop][INFO] - train epoch 877 loss 0.4502 accuracy 81.25%
[2026-06-20 08:22:47,825][src.modRNN.training.training_loop][INFO] - 	 Starting Epoch: 878
[2026-06-20 08:22:48,554][src.modRNN.training.training_loop][INFO] - train epoch 878 loss 0.4147 accuracy 87.50%
[2026-06-20 08:22:48,555][src.modRNN.training.training_loop][INFO] - 	 Starting Epoch: 879
[2026-06-20 08:22:49,288][src.modRNN.training.training_loop][INFO] - train epoch 879 loss 0.3910 accuracy 90.62%
[2026-06-20 08:22:49,289][src.modRNN.training.training_loop][INFO] - 	 Starting Epoch: 880
[2026-06-20 08:22:50,021][src.modRNN.training.training_loop][INFO] - train epoch 880 loss 0.4101 accuracy 89.06%
[2026-06-20 08:22:50,023][src.modRNN.training.training_loop][INFO] - 	 Starting Epoch: 881
[2026-06-20 08:22:50,752][src.modRNN.training.training_loop][INFO] - train epoch 881 loss 0.3433 accuracy 96.88%
[2026-06-20 08:22:50,754][src.modRNN.training.training_loop][INFO] - 	 Starting Epoch: 882
[2026-06-20 08:22:51,483][src.modRNN.training.training_loop][INFO] - train epoch 882 loss 0.3672 accuracy 96.88%
[2026-06-20 08:22:51,485][src.modRNN.training.training_loop][INFO] - 	 Starting Epoch: 883
[2026-06-20 08:22:52,213][src.modRNN.training.training_loop][INFO] - train epoch 883 loss 0.3056 accuracy 95.31%
[2026-06-20 08:22:52,215][src.modRNN.training.training_loop][INFO] - 	 Starting Epoch: 884
[2026-06-20 08:22:52,944][src.modRNN.training.training_loop][INFO] - train epoch 884 loss 0.3738 accuracy 90.62%
[2026-06-20 08:22:52,946][src.modRNN.training.training_loop][INFO] - 	 Starting Epoch: 885
[2026-06-20 08:22:53,674][src.modRNN.training.training_loop][INFO] - train epoch 885 loss 0.3579 accuracy 90.62%
[2026-06-20 08:22:53,676][src.modRNN.training.training_loop][INFO] - 	 Starting Epoch: 886
[2026-06-20 08:22:54,406][src.modRNN.training.training_loop][INFO] - train epoch 886 loss 0.4223 accuracy 87.50%
[2026-06-20 08:22:54,407][src.modRNN.training.training_loop][INFO] - 	 Starting Epoch: 887
[2026-06-20 08:22:55,137][src.modRNN.training.training_loop][INFO] - train epoch 887 loss 0.3858 accuracy 85.94%
[2026-06-20 08:22:55,138][src.modRNN.training.training_loop][INFO] - 	 Starting Epoch: 888
[2026-06-20 08:22:55,867][src.modRNN.training.training_loop][INFO] - train epoch 888 loss 0.4711 accuracy 84.38%
[2026-06-20 08:22:55,869][src.modRNN.training.training_loop][INFO] - 	 Starting Epoch: 889
[2026-06-20 08:22:56,598][src.modRNN.training.training_loop][INFO] - train epoch 889 loss 0.4985 accuracy 79.69%
[2026-06-20 08:22:56,599][src.modRNN.training.training_loop][INFO] - 	 Starting Epoch: 890
[2026-06-20 08:22:57,328][src.modRNN.training.training_loop][INFO] - train epoch 890 loss 0.5239 accuracy 82.81%
[2026-06-20 08:22:57,330][src.modRNN.training.training_loop][INFO] - 	 Starting Epoch: 891
[2026-06-20 08:22:58,060][src.modRNN.training.training_loop][INFO] - train epoch 891 loss 0.4136 accuracy 85.94%
[2026-06-20 08:22:58,062][src.modRNN.training.training_loop][INFO] - 	 Starting Epoch: 892
[2026-06-20 08:22:58,790][src.modRNN.training.training_loop][INFO] - train epoch 892 loss 0.4443 accuracy 84.38%
[2026-06-20 08:22:58,792][src.modRNN.training.training_loop][INFO] - 	 Starting Epoch: 893
[2026-06-20 08:22:59,521][src.modRNN.training.training_loop][INFO] - train epoch 893 loss 0.4447 accuracy 78.12%
[2026-06-20 08:22:59,523][src.modRNN.training.training_loop][INFO] - 	 Starting Epoch: 894
[2026-06-20 08:23:00,253][src.modRNN.training.training_loop][INFO] - train epoch 894 loss 0.4414 accuracy 82.81%
[2026-06-20 08:23:00,255][src.modRNN.training.training_loop][INFO] - 	 Starting Epoch: 895
[2026-06-20 08:23:00,984][src.modRNN.training.training_loop][INFO] - train epoch 895 loss 0.3527 accuracy 89.06%
[2026-06-20 08:23:00,986][src.modRNN.training.training_loop][INFO] - 	 Starting Epoch: 896
[2026-06-20 08:23:01,716][src.modRNN.training.training_loop][INFO] - train epoch 896 loss 0.2872 accuracy 95.31%
[2026-06-20 08:23:01,718][src.modRNN.training.training_loop][INFO] - 	 Starting Epoch: 897
[2026-06-20 08:23:02,446][src.modRNN.training.training_loop][INFO] - train epoch 897 loss 0.3466 accuracy 92.19%
[2026-06-20 08:23:02,448][src.modRNN.training.training_loop][INFO] - 	 Starting Epoch: 898
[2026-06-20 08:23:03,177][src.modRNN.training.training_loop][INFO] - train epoch 898 loss 0.3216 accuracy 93.75%
[2026-06-20 08:23:03,179][src.modRNN.training.training_loop][INFO] - 	 Starting Epoch: 899
[2026-06-20 08:23:03,906][src.modRNN.training.training_loop][INFO] - train epoch 899 loss 0.3305 accuracy 93.75%
[2026-06-20 08:23:03,907][src.modRNN.training.training_loop][INFO] - 	 Starting Epoch: 900
[2026-06-20 08:23:04,634][src.modRNN.training.training_loop][INFO] - train epoch 900 loss 0.3048 accuracy 92.19%
[2026-06-20 08:23:04,636][src.modRNN.training.training_loop][INFO] - 	 Starting Epoch: 901
[2026-06-20 08:23:05,364][src.modRNN.training.training_loop][INFO] - train epoch 901 loss 0.2540 accuracy 98.44%
[2026-06-20 08:23:06,499][src.modRNN.training.training_loop][INFO] - eval  epoch 901 loss 0.3881 accuracy 87.89%
[2026-06-20 08:23:06,500][src.modRNN.training.training_loop][INFO] - 	 Starting Epoch: 902
[2026-06-20 08:23:07,228][src.modRNN.training.training_loop][INFO] - train epoch 902 loss 0.4374 accuracy 87.50%
[2026-06-20 08:23:07,230][src.modRNN.training.training_loop][INFO] - 	 Starting Epoch: 903
[2026-06-20 08:23:07,961][src.modRNN.training.training_loop][INFO] - train epoch 903 loss 0.3945 accuracy 89.06%
[2026-06-20 08:23:07,963][src.modRNN.training.training_loop][INFO] - 	 Starting Epoch: 904
[2026-06-20 08:23:08,691][src.modRNN.training.training_loop][INFO] - train epoch 904 loss 0.3878 accuracy 89.06%
[2026-06-20 08:23:08,693][src.modRNN.training.training_loop][INFO] - 	 Starting Epoch: 905
[2026-06-20 08:23:09,423][src.modRNN.training.training_loop][INFO] - train epoch 905 loss 0.3701 accuracy 87.50%
[2026-06-20 08:23:09,424][src.modRNN.training.training_loop][INFO] - 	 Starting Epoch: 906
[2026-06-20 08:23:10,152][src.modRNN.training.training_loop][INFO] - train epoch 906 loss 0.4942 accuracy 79.69%
[2026-06-20 08:23:10,154][src.modRNN.training.training_loop][INFO] - 	 Starting Epoch: 907
[2026-06-20 08:23:10,882][src.modRNN.training.training_loop][INFO] - train epoch 907 loss 0.3993 accuracy 87.50%
[2026-06-20 08:23:10,884][src.modRNN.training.training_loop][INFO] - 	 Starting Epoch: 908
[2026-06-20 08:23:11,613][src.modRNN.training.training_loop][INFO] - train epoch 908 loss 0.5467 accuracy 78.12%
[2026-06-20 08:23:11,615][src.modRNN.training.training_loop][INFO] - 	 Starting Epoch: 909
[2026-06-20 08:23:12,342][src.modRNN.training.training_loop][INFO] - train epoch 909 loss 0.3965 accuracy 87.50%
[2026-06-20 08:23:12,344][src.modRNN.training.training_loop][INFO] - 	 Starting Epoch: 910
[2026-06-20 08:23:13,073][src.modRNN.training.training_loop][INFO] - train epoch 910 loss 0.3817 accuracy 87.50%
[2026-06-20 08:23:13,075][src.modRNN.training.training_loop][INFO] - 	 Starting Epoch: 911
[2026-06-20 08:23:13,803][src.modRNN.training.training_loop][INFO] - train epoch 911 loss 0.3865 accuracy 90.62%
[2026-06-20 08:23:13,805][src.modRNN.training.training_loop][INFO] - 	 Starting Epoch: 912
[2026-06-20 08:23:14,534][src.modRNN.training.training_loop][INFO] - train epoch 912 loss 0.4596 accuracy 84.38%
[2026-06-20 08:23:14,536][src.modRNN.training.training_loop][INFO] - 	 Starting Epoch: 913
[2026-06-20 08:23:15,264][src.modRNN.training.training_loop][INFO] - train epoch 913 loss 0.4182 accuracy 85.94%
[2026-06-20 08:23:15,266][src.modRNN.training.training_loop][INFO] - 	 Starting Epoch: 914
[2026-06-20 08:23:15,996][src.modRNN.training.training_loop][INFO] - train epoch 914 loss 0.4335 accuracy 84.38%
[2026-06-20 08:23:15,997][src.modRNN.training.training_loop][INFO] - 	 Starting Epoch: 915
[2026-06-20 08:23:16,726][src.modRNN.training.training_loop][INFO] - train epoch 915 loss 0.3920 accuracy 87.50%
[2026-06-20 08:23:16,728][src.modRNN.training.training_loop][INFO] - 	 Starting Epoch: 916
[2026-06-20 08:23:17,457][src.modRNN.training.training_loop][INFO] - train epoch 916 loss 0.4687 accuracy 81.25%
[2026-06-20 08:23:17,459][src.modRNN.training.training_loop][INFO] - 	 Starting Epoch: 917
[2026-06-20 08:23:18,188][src.modRNN.training.training_loop][INFO] - train epoch 917 loss 0.5395 accuracy 76.56%
[2026-06-20 08:23:18,190][src.modRNN.training.training_loop][INFO] - 	 Starting Epoch: 918
[2026-06-20 08:23:18,919][src.modRNN.training.training_loop][INFO] - train epoch 918 loss 0.5216 accuracy 76.56%
[2026-06-20 08:23:18,921][src.modRNN.training.training_loop][INFO] - 	 Starting Epoch: 919
[2026-06-20 08:23:19,649][src.modRNN.training.training_loop][INFO] - train epoch 919 loss 0.3272 accuracy 90.62%
[2026-06-20 08:23:19,651][src.modRNN.training.training_loop][INFO] - 	 Starting Epoch: 920
[2026-06-20 08:23:20,381][src.modRNN.training.training_loop][INFO] - train epoch 920 loss 0.3814 accuracy 92.19%
[2026-06-20 08:23:20,382][src.modRNN.training.training_loop][INFO] - 	 Starting Epoch: 921
[2026-06-20 08:23:21,116][src.modRNN.training.training_loop][INFO] - train epoch 921 loss 0.3696 accuracy 87.50%
[2026-06-20 08:23:21,118][src.modRNN.training.training_loop][INFO] - 	 Starting Epoch: 922
[2026-06-20 08:23:21,852][src.modRNN.training.training_loop][INFO] - train epoch 922 loss 0.2978 accuracy 92.19%
[2026-06-20 08:23:21,854][src.modRNN.training.training_loop][INFO] - 	 Starting Epoch: 923
[2026-06-20 08:23:22,587][src.modRNN.training.training_loop][INFO] - train epoch 923 loss 0.3351 accuracy 92.19%
[2026-06-20 08:23:22,588][src.modRNN.training.training_loop][INFO] - 	 Starting Epoch: 924
[2026-06-20 08:23:23,319][src.modRNN.training.training_loop][INFO] - train epoch 924 loss 0.4280 accuracy 87.50%
[2026-06-20 08:23:23,321][src.modRNN.training.training_loop][INFO] - 	 Starting Epoch: 925
[2026-06-20 08:23:24,050][src.modRNN.training.training_loop][INFO] - train epoch 925 loss 0.3187 accuracy 90.62%
[2026-06-20 08:23:24,051][src.modRNN.training.training_loop][INFO] - 	 Starting Epoch: 926
[2026-06-20 08:23:24,780][src.modRNN.training.training_loop][INFO] - train epoch 926 loss 0.4478 accuracy 76.56%
[2026-06-20 08:23:25,915][src.modRNN.training.training_loop][INFO] - eval  epoch 926 loss 0.4408 accuracy 78.52%
[2026-06-20 08:23:25,917][src.modRNN.training.training_loop][INFO] - 	 Starting Epoch: 927
[2026-06-20 08:23:26,644][src.modRNN.training.training_loop][INFO] - train epoch 927 loss 0.4603 accuracy 76.56%
[2026-06-20 08:23:26,646][src.modRNN.training.training_loop][INFO] - 	 Starting Epoch: 928
[2026-06-20 08:23:27,374][src.modRNN.training.training_loop][INFO] - train epoch 928 loss 0.3601 accuracy 82.81%
[2026-06-20 08:23:27,375][src.modRNN.training.training_loop][INFO] - 	 Starting Epoch: 929
[2026-06-20 08:23:28,104][src.modRNN.training.training_loop][INFO] - train epoch 929 loss 0.3787 accuracy 87.50%
[2026-06-20 08:23:28,105][src.modRNN.training.training_loop][INFO] - 	 Starting Epoch: 930
[2026-06-20 08:23:28,832][src.modRNN.training.training_loop][INFO] - train epoch 930 loss 0.4537 accuracy 82.81%
[2026-06-20 08:23:28,834][src.modRNN.training.training_loop][INFO] - 	 Starting Epoch: 931
[2026-06-20 08:23:29,563][src.modRNN.training.training_loop][INFO] - train epoch 931 loss 0.4093 accuracy 85.94%
[2026-06-20 08:23:29,565][src.modRNN.training.training_loop][INFO] - 	 Starting Epoch: 932
[2026-06-20 08:23:30,297][src.modRNN.training.training_loop][INFO] - train epoch 932 loss 0.4551 accuracy 85.94%
[2026-06-20 08:23:30,299][src.modRNN.training.training_loop][INFO] - 	 Starting Epoch: 933
[2026-06-20 08:23:31,028][src.modRNN.training.training_loop][INFO] - train epoch 933 loss 0.4290 accuracy 84.38%
[2026-06-20 08:23:31,029][src.modRNN.training.training_loop][INFO] - 	 Starting Epoch: 934
[2026-06-20 08:23:31,759][src.modRNN.training.training_loop][INFO] - train epoch 934 loss 0.4903 accuracy 79.69%
[2026-06-20 08:23:31,761][src.modRNN.training.training_loop][INFO] - 	 Starting Epoch: 935
[2026-06-20 08:23:32,490][src.modRNN.training.training_loop][INFO] - train epoch 935 loss 0.3875 accuracy 84.38%
[2026-06-20 08:23:32,491][src.modRNN.training.training_loop][INFO] - 	 Starting Epoch: 936
[2026-06-20 08:23:33,220][src.modRNN.training.training_loop][INFO] - train epoch 936 loss 0.3672 accuracy 87.50%
[2026-06-20 08:23:33,222][src.modRNN.training.training_loop][INFO] - 	 Starting Epoch: 937
[2026-06-20 08:23:33,950][src.modRNN.training.training_loop][INFO] - train epoch 937 loss 0.4406 accuracy 85.94%
[2026-06-20 08:23:33,951][src.modRNN.training.training_loop][INFO] - 	 Starting Epoch: 938
[2026-06-20 08:23:34,687][src.modRNN.training.training_loop][INFO] - train epoch 938 loss 0.4294 accuracy 89.06%
[2026-06-20 08:23:34,688][src.modRNN.training.training_loop][INFO] - 	 Starting Epoch: 939
[2026-06-20 08:23:35,416][src.modRNN.training.training_loop][INFO] - train epoch 939 loss 0.4667 accuracy 81.25%
[2026-06-20 08:23:35,418][src.modRNN.training.training_loop][INFO] - 	 Starting Epoch: 940
[2026-06-20 08:23:36,149][src.modRNN.training.training_loop][INFO] - train epoch 940 loss 0.4517 accuracy 81.25%
[2026-06-20 08:23:36,151][src.modRNN.training.training_loop][INFO] - 	 Starting Epoch: 941
[2026-06-20 08:23:36,880][src.modRNN.training.training_loop][INFO] - train epoch 941 loss 0.4252 accuracy 84.38%
[2026-06-20 08:23:36,882][src.modRNN.training.training_loop][INFO] - 	 Starting Epoch: 942
[2026-06-20 08:23:37,611][src.modRNN.training.training_loop][INFO] - train epoch 942 loss 0.4299 accuracy 84.38%
[2026-06-20 08:23:37,613][src.modRNN.training.training_loop][INFO] - 	 Starting Epoch: 943
[2026-06-20 08:23:38,342][src.modRNN.training.training_loop][INFO] - train epoch 943 loss 0.3862 accuracy 87.50%
[2026-06-20 08:23:38,344][src.modRNN.training.training_loop][INFO] - 	 Starting Epoch: 944
[2026-06-20 08:23:39,074][src.modRNN.training.training_loop][INFO] - train epoch 944 loss 0.4933 accuracy 82.81%
[2026-06-20 08:23:39,075][src.modRNN.training.training_loop][INFO] - 	 Starting Epoch: 945
[2026-06-20 08:23:39,805][src.modRNN.training.training_loop][INFO] - train epoch 945 loss 0.3272 accuracy 90.62%
[2026-06-20 08:23:39,807][src.modRNN.training.training_loop][INFO] - 	 Starting Epoch: 946
[2026-06-20 08:23:40,535][src.modRNN.training.training_loop][INFO] - train epoch 946 loss 0.4193 accuracy 85.94%
[2026-06-20 08:23:40,537][src.modRNN.training.training_loop][INFO] - 	 Starting Epoch: 947
[2026-06-20 08:23:41,267][src.modRNN.training.training_loop][INFO] - train epoch 947 loss 0.3821 accuracy 87.50%
[2026-06-20 08:23:41,269][src.modRNN.training.training_loop][INFO] - 	 Starting Epoch: 948
[2026-06-20 08:23:41,998][src.modRNN.training.training_loop][INFO] - train epoch 948 loss 0.4008 accuracy 87.50%
[2026-06-20 08:23:42,000][src.modRNN.training.training_loop][INFO] - 	 Starting Epoch: 949
[2026-06-20 08:23:42,729][src.modRNN.training.training_loop][INFO] - train epoch 949 loss 0.3339 accuracy 95.31%
[2026-06-20 08:23:42,731][src.modRNN.training.training_loop][INFO] - 	 Starting Epoch: 950
[2026-06-20 08:23:43,459][src.modRNN.training.training_loop][INFO] - train epoch 950 loss 0.3642 accuracy 92.19%
[2026-06-20 08:23:43,461][src.modRNN.training.training_loop][INFO] - 	 Starting Epoch: 951
[2026-06-20 08:23:44,190][src.modRNN.training.training_loop][INFO] - train epoch 951 loss 0.3766 accuracy 89.06%
[2026-06-20 08:23:45,320][src.modRNN.training.training_loop][INFO] - eval  epoch 951 loss 0.4192 accuracy 85.74%
[2026-06-20 08:23:45,321][src.modRNN.training.training_loop][INFO] - 	 Starting Epoch: 952
[2026-06-20 08:23:46,049][src.modRNN.training.training_loop][INFO] - train epoch 952 loss 0.4242 accuracy 89.06%
[2026-06-20 08:23:46,051][src.modRNN.training.training_loop][INFO] - 	 Starting Epoch: 953
[2026-06-20 08:23:46,779][src.modRNN.training.training_loop][INFO] - train epoch 953 loss 0.4568 accuracy 81.25%
[2026-06-20 08:23:46,781][src.modRNN.training.training_loop][INFO] - 	 Starting Epoch: 954
[2026-06-20 08:23:47,510][src.modRNN.training.training_loop][INFO] - train epoch 954 loss 0.5595 accuracy 73.44%
[2026-06-20 08:23:47,511][src.modRNN.training.training_loop][INFO] - 	 Starting Epoch: 955
[2026-06-20 08:23:48,239][src.modRNN.training.training_loop][INFO] - train epoch 955 loss 0.4506 accuracy 79.69%
[2026-06-20 08:23:48,241][src.modRNN.training.training_loop][INFO] - 	 Starting Epoch: 956
[2026-06-20 08:23:48,970][src.modRNN.training.training_loop][INFO] - train epoch 956 loss 0.3502 accuracy 90.62%
[2026-06-20 08:23:48,972][src.modRNN.training.training_loop][INFO] - 	 Starting Epoch: 957
[2026-06-20 08:23:49,700][src.modRNN.training.training_loop][INFO] - train epoch 957 loss 0.4097 accuracy 85.94%
[2026-06-20 08:23:49,702][src.modRNN.training.training_loop][INFO] - 	 Starting Epoch: 958
[2026-06-20 08:23:50,431][src.modRNN.training.training_loop][INFO] - train epoch 958 loss 0.3297 accuracy 93.75%
[2026-06-20 08:23:50,433][src.modRNN.training.training_loop][INFO] - 	 Starting Epoch: 959
[2026-06-20 08:23:51,161][src.modRNN.training.training_loop][INFO] - train epoch 959 loss 0.3677 accuracy 87.50%
[2026-06-20 08:23:51,163][src.modRNN.training.training_loop][INFO] - 	 Starting Epoch: 960
[2026-06-20 08:23:51,892][src.modRNN.training.training_loop][INFO] - train epoch 960 loss 0.3697 accuracy 87.50%
[2026-06-20 08:23:51,894][src.modRNN.training.training_loop][INFO] - 	 Starting Epoch: 961
[2026-06-20 08:23:52,624][src.modRNN.training.training_loop][INFO] - train epoch 961 loss 0.3701 accuracy 89.06%
[2026-06-20 08:23:52,625][src.modRNN.training.training_loop][INFO] - 	 Starting Epoch: 962
[2026-06-20 08:23:53,358][src.modRNN.training.training_loop][INFO] - train epoch 962 loss 0.3932 accuracy 89.06%
[2026-06-20 08:23:53,360][src.modRNN.training.training_loop][INFO] - 	 Starting Epoch: 963
[2026-06-20 08:23:54,089][src.modRNN.training.training_loop][INFO] - train epoch 963 loss 0.4030 accuracy 87.50%
[2026-06-20 08:23:54,090][src.modRNN.training.training_loop][INFO] - 	 Starting Epoch: 964
[2026-06-20 08:23:54,820][src.modRNN.training.training_loop][INFO] - train epoch 964 loss 0.4055 accuracy 85.94%
[2026-06-20 08:23:54,822][src.modRNN.training.training_loop][INFO] - 	 Starting Epoch: 965
[2026-06-20 08:23:55,552][src.modRNN.training.training_loop][INFO] - train epoch 965 loss 0.3850 accuracy 89.06%
[2026-06-20 08:23:55,553][src.modRNN.training.training_loop][INFO] - 	 Starting Epoch: 966
[2026-06-20 08:23:56,281][src.modRNN.training.training_loop][INFO] - train epoch 966 loss 0.4970 accuracy 79.69%
[2026-06-20 08:23:56,283][src.modRNN.training.training_loop][INFO] - 	 Starting Epoch: 967
[2026-06-20 08:23:57,011][src.modRNN.training.training_loop][INFO] - train epoch 967 loss 0.4747 accuracy 82.81%
[2026-06-20 08:23:57,012][src.modRNN.training.training_loop][INFO] - 	 Starting Epoch: 968
[2026-06-20 08:23:57,741][src.modRNN.training.training_loop][INFO] - train epoch 968 loss 0.4980 accuracy 81.25%
[2026-06-20 08:23:57,743][src.modRNN.training.training_loop][INFO] - 	 Starting Epoch: 969
[2026-06-20 08:23:58,472][src.modRNN.training.training_loop][INFO] - train epoch 969 loss 0.3500 accuracy 90.62%
[2026-06-20 08:23:58,474][src.modRNN.training.training_loop][INFO] - 	 Starting Epoch: 970
[2026-06-20 08:23:59,205][src.modRNN.training.training_loop][INFO] - train epoch 970 loss 0.4634 accuracy 79.69%
[2026-06-20 08:23:59,207][src.modRNN.training.training_loop][INFO] - 	 Starting Epoch: 971
[2026-06-20 08:23:59,935][src.modRNN.training.training_loop][INFO] - train epoch 971 loss 0.3401 accuracy 92.19%
[2026-06-20 08:23:59,937][src.modRNN.training.training_loop][INFO] - 	 Starting Epoch: 972
[2026-06-20 08:24:00,667][src.modRNN.training.training_loop][INFO] - train epoch 972 loss 0.3427 accuracy 93.75%
[2026-06-20 08:24:00,669][src.modRNN.training.training_loop][INFO] - 	 Starting Epoch: 973
[2026-06-20 08:24:01,399][src.modRNN.training.training_loop][INFO] - train epoch 973 loss 0.3262 accuracy 90.62%
[2026-06-20 08:24:01,400][src.modRNN.training.training_loop][INFO] - 	 Starting Epoch: 974
[2026-06-20 08:24:02,128][src.modRNN.training.training_loop][INFO] - train epoch 974 loss 0.4647 accuracy 78.12%
[2026-06-20 08:24:02,130][src.modRNN.training.training_loop][INFO] - 	 Starting Epoch: 975
[2026-06-20 08:24:02,860][src.modRNN.training.training_loop][INFO] - train epoch 975 loss 0.4406 accuracy 82.81%
[2026-06-20 08:24:02,861][src.modRNN.training.training_loop][INFO] - 	 Starting Epoch: 976
[2026-06-20 08:24:03,590][src.modRNN.training.training_loop][INFO] - train epoch 976 loss 0.5242 accuracy 71.88%
[2026-06-20 08:24:04,725][src.modRNN.training.training_loop][INFO] - eval  epoch 976 loss 0.4345 accuracy 81.45%
[2026-06-20 08:24:04,727][src.modRNN.training.training_loop][INFO] - 	 Starting Epoch: 977
[2026-06-20 08:24:05,455][src.modRNN.training.training_loop][INFO] - train epoch 977 loss 0.4740 accuracy 81.25%
[2026-06-20 08:24:05,457][src.modRNN.training.training_loop][INFO] - 	 Starting Epoch: 978
[2026-06-20 08:24:06,185][src.modRNN.training.training_loop][INFO] - train epoch 978 loss 0.4252 accuracy 85.94%
[2026-06-20 08:24:06,187][src.modRNN.training.training_loop][INFO] - 	 Starting Epoch: 979
[2026-06-20 08:24:06,916][src.modRNN.training.training_loop][INFO] - train epoch 979 loss 0.2961 accuracy 98.44%
[2026-06-20 08:24:06,918][src.modRNN.training.training_loop][INFO] - 	 Starting Epoch: 980
[2026-06-20 08:24:07,647][src.modRNN.training.training_loop][INFO] - train epoch 980 loss 0.3404 accuracy 92.19%
[2026-06-20 08:24:07,649][src.modRNN.training.training_loop][INFO] - 	 Starting Epoch: 981
[2026-06-20 08:24:08,377][src.modRNN.training.training_loop][INFO] - train epoch 981 loss 0.3828 accuracy 90.62%
[2026-06-20 08:24:08,379][src.modRNN.training.training_loop][INFO] - 	 Starting Epoch: 982
[2026-06-20 08:24:09,106][src.modRNN.training.training_loop][INFO] - train epoch 982 loss 0.4109 accuracy 85.94%
[2026-06-20 08:24:09,108][src.modRNN.training.training_loop][INFO] - 	 Starting Epoch: 983
[2026-06-20 08:24:09,836][src.modRNN.training.training_loop][INFO] - train epoch 983 loss 0.4377 accuracy 85.94%
[2026-06-20 08:24:09,838][src.modRNN.training.training_loop][INFO] - 	 Starting Epoch: 984
[2026-06-20 08:24:10,567][src.modRNN.training.training_loop][INFO] - train epoch 984 loss 0.3215 accuracy 93.75%
[2026-06-20 08:24:10,569][src.modRNN.training.training_loop][INFO] - 	 Starting Epoch: 985
[2026-06-20 08:24:11,298][src.modRNN.training.training_loop][INFO] - train epoch 985 loss 0.5189 accuracy 76.56%
[2026-06-20 08:24:11,299][src.modRNN.training.training_loop][INFO] - 	 Starting Epoch: 986
[2026-06-20 08:24:12,029][src.modRNN.training.training_loop][INFO] - train epoch 986 loss 0.4753 accuracy 81.25%
[2026-06-20 08:24:12,031][src.modRNN.training.training_loop][INFO] - 	 Starting Epoch: 987
[2026-06-20 08:24:12,759][src.modRNN.training.training_loop][INFO] - train epoch 987 loss 0.4796 accuracy 79.69%
[2026-06-20 08:24:12,761][src.modRNN.training.training_loop][INFO] - 	 Starting Epoch: 988
[2026-06-20 08:24:13,491][src.modRNN.training.training_loop][INFO] - train epoch 988 loss 0.4494 accuracy 82.81%
[2026-06-20 08:24:13,492][src.modRNN.training.training_loop][INFO] - 	 Starting Epoch: 989
[2026-06-20 08:24:14,221][src.modRNN.training.training_loop][INFO] - train epoch 989 loss 0.4925 accuracy 81.25%
[2026-06-20 08:24:14,223][src.modRNN.training.training_loop][INFO] - 	 Starting Epoch: 990
[2026-06-20 08:24:14,953][src.modRNN.training.training_loop][INFO] - train epoch 990 loss 0.4703 accuracy 81.25%
[2026-06-20 08:24:14,955][src.modRNN.training.training_loop][INFO] - 	 Starting Epoch: 991
[2026-06-20 08:24:15,685][src.modRNN.training.training_loop][INFO] - train epoch 991 loss 0.5064 accuracy 78.12%
[2026-06-20 08:24:15,686][src.modRNN.training.training_loop][INFO] - 	 Starting Epoch: 992
[2026-06-20 08:24:16,416][src.modRNN.training.training_loop][INFO] - train epoch 992 loss 0.4365 accuracy 82.81%
[2026-06-20 08:24:16,417][src.modRNN.training.training_loop][INFO] - 	 Starting Epoch: 993
[2026-06-20 08:24:17,148][src.modRNN.training.training_loop][INFO] - train epoch 993 loss 0.4856 accuracy 79.69%
[2026-06-20 08:24:17,149][src.modRNN.training.training_loop][INFO] - 	 Starting Epoch: 994
[2026-06-20 08:24:17,877][src.modRNN.training.training_loop][INFO] - train epoch 994 loss 0.4241 accuracy 85.94%
[2026-06-20 08:24:17,879][src.modRNN.training.training_loop][INFO] - 	 Starting Epoch: 995
[2026-06-20 08:24:18,610][src.modRNN.training.training_loop][INFO] - train epoch 995 loss 0.4708 accuracy 79.69%
[2026-06-20 08:24:18,612][src.modRNN.training.training_loop][INFO] - 	 Starting Epoch: 996
[2026-06-20 08:24:19,342][src.modRNN.training.training_loop][INFO] - train epoch 996 loss 0.5536 accuracy 75.00%
[2026-06-20 08:24:19,344][src.modRNN.training.training_loop][INFO] - 	 Starting Epoch: 997
[2026-06-20 08:24:20,072][src.modRNN.training.training_loop][INFO] - train epoch 997 loss 0.5132 accuracy 75.00%
[2026-06-20 08:24:20,074][src.modRNN.training.training_loop][INFO] - 	 Starting Epoch: 998
[2026-06-20 08:24:20,804][src.modRNN.training.training_loop][INFO] - train epoch 998 loss 0.4575 accuracy 81.25%
[2026-06-20 08:24:20,805][src.modRNN.training.training_loop][INFO] - 	 Starting Epoch: 999
[2026-06-20 08:24:21,534][src.modRNN.training.training_loop][INFO] - train epoch 999 loss 0.4010 accuracy 87.50%
[2026-06-20 08:24:21,535][src.modRNN.training.training_loop][INFO] - 	 Starting Epoch: 1000
[2026-06-20 08:24:22,265][src.modRNN.training.training_loop][INFO] - train epoch 1000 loss 0.3389 accuracy 93.75%
[2026-06-20 08:24:22,267][src.modRNN.training.training_loop][INFO] - 	 Starting Epoch: 1001
[2026-06-20 08:24:22,998][src.modRNN.training.training_loop][INFO] - train epoch 1001 loss 0.4310 accuracy 82.81%
[2026-06-20 08:24:24,130][src.modRNN.training.training_loop][INFO] - eval  epoch 1001 loss 0.3731 accuracy 88.48%
[2026-06-20 08:24:24,132][src.modRNN.training.training_loop][INFO] - 	 Starting Epoch: 1002
[2026-06-20 08:24:24,861][src.modRNN.training.training_loop][INFO] - train epoch 1002 loss 0.3234 accuracy 90.62%
[2026-06-20 08:24:24,862][src.modRNN.training.training_loop][INFO] - 	 Starting Epoch: 1003
[2026-06-20 08:24:25,593][src.modRNN.training.training_loop][INFO] - train epoch 1003 loss 0.3876 accuracy 89.06%
[2026-06-20 08:24:25,595][src.modRNN.training.training_loop][INFO] - 	 Starting Epoch: 1004
[2026-06-20 08:24:26,324][src.modRNN.training.training_loop][INFO] - train epoch 1004 loss 0.3796 accuracy 90.62%
[2026-06-20 08:24:26,326][src.modRNN.training.training_loop][INFO] - 	 Starting Epoch: 1005
[2026-06-20 08:24:27,054][src.modRNN.training.training_loop][INFO] - train epoch 1005 loss 0.3663 accuracy 89.06%
[2026-06-20 08:24:27,056][src.modRNN.training.training_loop][INFO] - 	 Starting Epoch: 1006
[2026-06-20 08:24:27,786][src.modRNN.training.training_loop][INFO] - train epoch 1006 loss 0.4681 accuracy 79.69%
[2026-06-20 08:24:27,787][src.modRNN.training.training_loop][INFO] - 	 Starting Epoch: 1007
[2026-06-20 08:24:28,516][src.modRNN.training.training_loop][INFO] - train epoch 1007 loss 0.5627 accuracy 73.44%
[2026-06-20 08:24:28,517][src.modRNN.training.training_loop][INFO] - 	 Starting Epoch: 1008
[2026-06-20 08:24:29,246][src.modRNN.training.training_loop][INFO] - train epoch 1008 loss 0.4599 accuracy 78.12%
[2026-06-20 08:24:29,248][src.modRNN.training.training_loop][INFO] - 	 Starting Epoch: 1009
[2026-06-20 08:24:29,980][src.modRNN.training.training_loop][INFO] - train epoch 1009 loss 0.4457 accuracy 84.38%
[2026-06-20 08:24:29,982][src.modRNN.training.training_loop][INFO] - 	 Starting Epoch: 1010
[2026-06-20 08:24:30,712][src.modRNN.training.training_loop][INFO] - train epoch 1010 loss 0.5336 accuracy 75.00%
[2026-06-20 08:24:30,713][src.modRNN.training.training_loop][INFO] - 	 Starting Epoch: 1011
[2026-06-20 08:24:31,442][src.modRNN.training.training_loop][INFO] - train epoch 1011 loss 0.4253 accuracy 81.25%
[2026-06-20 08:24:31,444][src.modRNN.training.training_loop][INFO] - 	 Starting Epoch: 1012
[2026-06-20 08:24:32,172][src.modRNN.training.training_loop][INFO] - train epoch 1012 loss 0.5412 accuracy 70.31%
[2026-06-20 08:24:32,174][src.modRNN.training.training_loop][INFO] - 	 Starting Epoch: 1013
[2026-06-20 08:24:32,901][src.modRNN.training.training_loop][INFO] - train epoch 1013 loss 0.5486 accuracy 75.00%
[2026-06-20 08:24:32,903][src.modRNN.training.training_loop][INFO] - 	 Starting Epoch: 1014
[2026-06-20 08:24:33,630][src.modRNN.training.training_loop][INFO] - train epoch 1014 loss 0.5594 accuracy 73.44%
[2026-06-20 08:24:33,632][src.modRNN.training.training_loop][INFO] - 	 Starting Epoch: 1015
[2026-06-20 08:24:34,359][src.modRNN.training.training_loop][INFO] - train epoch 1015 loss 0.5101 accuracy 79.69%
[2026-06-20 08:24:34,361][src.modRNN.training.training_loop][INFO] - 	 Starting Epoch: 1016
[2026-06-20 08:24:35,091][src.modRNN.training.training_loop][INFO] - train epoch 1016 loss 0.4296 accuracy 81.25%
[2026-06-20 08:24:35,093][src.modRNN.training.training_loop][INFO] - 	 Starting Epoch: 1017
[2026-06-20 08:24:35,821][src.modRNN.training.training_loop][INFO] - train epoch 1017 loss 0.4022 accuracy 85.94%
[2026-06-20 08:24:35,823][src.modRNN.training.training_loop][INFO] - 	 Starting Epoch: 1018
[2026-06-20 08:24:36,551][src.modRNN.training.training_loop][INFO] - train epoch 1018 loss 0.3964 accuracy 84.38%
[2026-06-20 08:24:36,553][src.modRNN.training.training_loop][INFO] - 	 Starting Epoch: 1019
[2026-06-20 08:24:37,281][src.modRNN.training.training_loop][INFO] - train epoch 1019 loss 0.3999 accuracy 82.81%
[2026-06-20 08:24:37,283][src.modRNN.training.training_loop][INFO] - 	 Starting Epoch: 1020
[2026-06-20 08:24:38,010][src.modRNN.training.training_loop][INFO] - train epoch 1020 loss 0.3868 accuracy 90.62%
[2026-06-20 08:24:38,012][src.modRNN.training.training_loop][INFO] - 	 Starting Epoch: 1021
[2026-06-20 08:24:38,740][src.modRNN.training.training_loop][INFO] - train epoch 1021 loss 0.4210 accuracy 84.38%
[2026-06-20 08:24:38,741][src.modRNN.training.training_loop][INFO] - 	 Starting Epoch: 1022
[2026-06-20 08:24:39,470][src.modRNN.training.training_loop][INFO] - train epoch 1022 loss 0.3925 accuracy 84.38%
[2026-06-20 08:24:39,471][src.modRNN.training.training_loop][INFO] - 	 Starting Epoch: 1023
[2026-06-20 08:24:40,199][src.modRNN.training.training_loop][INFO] - train epoch 1023 loss 0.4473 accuracy 82.81%
[2026-06-20 08:24:40,201][src.modRNN.training.training_loop][INFO] - 	 Starting Epoch: 1024
[2026-06-20 08:24:40,929][src.modRNN.training.training_loop][INFO] - train epoch 1024 loss 0.3944 accuracy 87.50%
[2026-06-20 08:24:40,930][src.modRNN.training.training_loop][INFO] - 	 Starting Epoch: 1025
[2026-06-20 08:24:41,661][src.modRNN.training.training_loop][INFO] - train epoch 1025 loss 0.4069 accuracy 84.38%
[2026-06-20 08:24:41,663][src.modRNN.training.training_loop][INFO] - 	 Starting Epoch: 1026
[2026-06-20 08:24:42,391][src.modRNN.training.training_loop][INFO] - train epoch 1026 loss 0.3954 accuracy 85.94%
[2026-06-20 08:24:43,521][src.modRNN.training.training_loop][INFO] - eval  epoch 1026 loss 0.4140 accuracy 83.01%
[2026-06-20 08:24:43,522][src.modRNN.training.training_loop][INFO] - 	 Starting Epoch: 1027
[2026-06-20 08:24:44,251][src.modRNN.training.training_loop][INFO] - train epoch 1027 loss 0.4461 accuracy 82.81%
[2026-06-20 08:24:44,253][src.modRNN.training.training_loop][INFO] - 	 Starting Epoch: 1028
[2026-06-20 08:24:44,983][src.modRNN.training.training_loop][INFO] - train epoch 1028 loss 0.4424 accuracy 82.81%
[2026-06-20 08:24:44,985][src.modRNN.training.training_loop][INFO] - 	 Starting Epoch: 1029
[2026-06-20 08:24:45,715][src.modRNN.training.training_loop][INFO] - train epoch 1029 loss 0.4469 accuracy 81.25%
[2026-06-20 08:24:45,717][src.modRNN.training.training_loop][INFO] - 	 Starting Epoch: 1030
[2026-06-20 08:24:46,446][src.modRNN.training.training_loop][INFO] - train epoch 1030 loss 0.4250 accuracy 85.94%
[2026-06-20 08:24:46,448][src.modRNN.training.training_loop][INFO] - 	 Starting Epoch: 1031
[2026-06-20 08:24:47,177][src.modRNN.training.training_loop][INFO] - train epoch 1031 loss 0.4350 accuracy 82.81%
[2026-06-20 08:24:47,179][src.modRNN.training.training_loop][INFO] - 	 Starting Epoch: 1032
[2026-06-20 08:24:47,908][src.modRNN.training.training_loop][INFO] - train epoch 1032 loss 0.5162 accuracy 73.44%
[2026-06-20 08:24:47,909][src.modRNN.training.training_loop][INFO] - 	 Starting Epoch: 1033
[2026-06-20 08:24:48,638][src.modRNN.training.training_loop][INFO] - train epoch 1033 loss 0.4990 accuracy 78.12%
[2026-06-20 08:24:48,640][src.modRNN.training.training_loop][INFO] - 	 Starting Epoch: 1034
[2026-06-20 08:24:49,368][src.modRNN.training.training_loop][INFO] - train epoch 1034 loss 0.4407 accuracy 79.69%
[2026-06-20 08:24:49,370][src.modRNN.training.training_loop][INFO] - 	 Starting Epoch: 1035
[2026-06-20 08:24:50,100][src.modRNN.training.training_loop][INFO] - train epoch 1035 loss 0.4762 accuracy 82.81%
[2026-06-20 08:24:50,102][src.modRNN.training.training_loop][INFO] - 	 Starting Epoch: 1036
[2026-06-20 08:24:50,830][src.modRNN.training.training_loop][INFO] - train epoch 1036 loss 0.5499 accuracy 73.44%
[2026-06-20 08:24:50,832][src.modRNN.training.training_loop][INFO] - 	 Starting Epoch: 1037
[2026-06-20 08:24:51,563][src.modRNN.training.training_loop][INFO] - train epoch 1037 loss 0.3776 accuracy 85.94%
[2026-06-20 08:24:51,565][src.modRNN.training.training_loop][INFO] - 	 Starting Epoch: 1038
[2026-06-20 08:24:52,295][src.modRNN.training.training_loop][INFO] - train epoch 1038 loss 0.4555 accuracy 73.44%
[2026-06-20 08:24:52,297][src.modRNN.training.training_loop][INFO] - 	 Starting Epoch: 1039
[2026-06-20 08:24:53,026][src.modRNN.training.training_loop][INFO] - train epoch 1039 loss 0.4856 accuracy 81.25%
[2026-06-20 08:24:53,028][src.modRNN.training.training_loop][INFO] - 	 Starting Epoch: 1040
[2026-06-20 08:24:53,757][src.modRNN.training.training_loop][INFO] - train epoch 1040 loss 0.3909 accuracy 87.50%
[2026-06-20 08:24:53,759][src.modRNN.training.training_loop][INFO] - 	 Starting Epoch: 1041
[2026-06-20 08:24:54,489][src.modRNN.training.training_loop][INFO] - train epoch 1041 loss 0.3688 accuracy 85.94%
[2026-06-20 08:24:54,491][src.modRNN.training.training_loop][INFO] - 	 Starting Epoch: 1042
[2026-06-20 08:24:55,221][src.modRNN.training.training_loop][INFO] - train epoch 1042 loss 0.4342 accuracy 82.81%
[2026-06-20 08:24:55,223][src.modRNN.training.training_loop][INFO] - 	 Starting Epoch: 1043
[2026-06-20 08:24:55,953][src.modRNN.training.training_loop][INFO] - train epoch 1043 loss 0.4731 accuracy 71.88%
[2026-06-20 08:24:55,954][src.modRNN.training.training_loop][INFO] - 	 Starting Epoch: 1044
[2026-06-20 08:24:56,689][src.modRNN.training.training_loop][INFO] - train epoch 1044 loss 0.4706 accuracy 78.12%
[2026-06-20 08:24:56,691][src.modRNN.training.training_loop][INFO] - 	 Starting Epoch: 1045
[2026-06-20 08:24:57,420][src.modRNN.training.training_loop][INFO] - train epoch 1045 loss 0.3782 accuracy 89.06%
[2026-06-20 08:24:57,422][src.modRNN.training.training_loop][INFO] - 	 Starting Epoch: 1046
[2026-06-20 08:24:58,151][src.modRNN.training.training_loop][INFO] - train epoch 1046 loss 0.3818 accuracy 87.50%
[2026-06-20 08:24:58,153][src.modRNN.training.training_loop][INFO] - 	 Starting Epoch: 1047
[2026-06-20 08:24:58,885][src.modRNN.training.training_loop][INFO] - train epoch 1047 loss 0.3934 accuracy 84.38%
[2026-06-20 08:24:58,887][src.modRNN.training.training_loop][INFO] - 	 Starting Epoch: 1048
[2026-06-20 08:24:59,616][src.modRNN.training.training_loop][INFO] - train epoch 1048 loss 0.4172 accuracy 81.25%
[2026-06-20 08:24:59,617][src.modRNN.training.training_loop][INFO] - 	 Starting Epoch: 1049
[2026-06-20 08:25:00,348][src.modRNN.training.training_loop][INFO] - train epoch 1049 loss 0.3881 accuracy 87.50%
[2026-06-20 08:25:00,349][src.modRNN.training.training_loop][INFO] - 	 Starting Epoch: 1050
[2026-06-20 08:25:01,079][src.modRNN.training.training_loop][INFO] - train epoch 1050 loss 0.4430 accuracy 82.81%
[2026-06-20 08:25:01,081][src.modRNN.training.training_loop][INFO] - 	 Starting Epoch: 1051
[2026-06-20 08:25:01,809][src.modRNN.training.training_loop][INFO] - train epoch 1051 loss 0.4405 accuracy 76.56%
[2026-06-20 08:25:02,938][src.modRNN.training.training_loop][INFO] - eval  epoch 1051 loss 0.5427 accuracy 71.09%
[2026-06-20 08:25:02,940][src.modRNN.training.training_loop][INFO] - 	 Starting Epoch: 1052
[2026-06-20 08:25:03,668][src.modRNN.training.training_loop][INFO] - train epoch 1052 loss 0.5296 accuracy 81.25%
[2026-06-20 08:25:03,669][src.modRNN.training.training_loop][INFO] - 	 Starting Epoch: 1053
[2026-06-20 08:25:04,397][src.modRNN.training.training_loop][INFO] - train epoch 1053 loss 0.6767 accuracy 54.69%
[2026-06-20 08:25:04,399][src.modRNN.training.training_loop][INFO] - 	 Starting Epoch: 1054
[2026-06-20 08:25:05,128][src.modRNN.training.training_loop][INFO] - train epoch 1054 loss 0.4347 accuracy 84.38%
[2026-06-20 08:25:05,130][src.modRNN.training.training_loop][INFO] - 	 Starting Epoch: 1055
[2026-06-20 08:25:05,858][src.modRNN.training.training_loop][INFO] - train epoch 1055 loss 0.4995 accuracy 78.12%
[2026-06-20 08:25:05,859][src.modRNN.training.training_loop][INFO] - 	 Starting Epoch: 1056
[2026-06-20 08:25:06,587][src.modRNN.training.training_loop][INFO] - train epoch 1056 loss 0.4855 accuracy 75.00%
[2026-06-20 08:25:06,589][src.modRNN.training.training_loop][INFO] - 	 Starting Epoch: 1057
[2026-06-20 08:25:07,317][src.modRNN.training.training_loop][INFO] - train epoch 1057 loss 0.5771 accuracy 70.31%
[2026-06-20 08:25:07,319][src.modRNN.training.training_loop][INFO] - 	 Starting Epoch: 1058
[2026-06-20 08:25:08,045][src.modRNN.training.training_loop][INFO] - train epoch 1058 loss 0.4731 accuracy 81.25%
[2026-06-20 08:25:08,047][src.modRNN.training.training_loop][INFO] - 	 Starting Epoch: 1059
[2026-06-20 08:25:08,775][src.modRNN.training.training_loop][INFO] - train epoch 1059 loss 0.5013 accuracy 75.00%
[2026-06-20 08:25:08,777][src.modRNN.training.training_loop][INFO] - 	 Starting Epoch: 1060
[2026-06-20 08:25:09,505][src.modRNN.training.training_loop][INFO] - train epoch 1060 loss 0.5569 accuracy 70.31%
[2026-06-20 08:25:09,507][src.modRNN.training.training_loop][INFO] - 	 Starting Epoch: 1061
[2026-06-20 08:25:10,235][src.modRNN.training.training_loop][INFO] - train epoch 1061 loss 0.3893 accuracy 92.19%
[2026-06-20 08:25:10,237][src.modRNN.training.training_loop][INFO] - 	 Starting Epoch: 1062
[2026-06-20 08:25:10,966][src.modRNN.training.training_loop][INFO] - train epoch 1062 loss 0.4936 accuracy 79.69%
[2026-06-20 08:25:10,968][src.modRNN.training.training_loop][INFO] - 	 Starting Epoch: 1063
[2026-06-20 08:25:11,696][src.modRNN.training.training_loop][INFO] - train epoch 1063 loss 0.4406 accuracy 84.38%
[2026-06-20 08:25:11,698][src.modRNN.training.training_loop][INFO] - 	 Starting Epoch: 1064
[2026-06-20 08:25:12,426][src.modRNN.training.training_loop][INFO] - train epoch 1064 loss 0.4658 accuracy 85.94%
[2026-06-20 08:25:12,428][src.modRNN.training.training_loop][INFO] - 	 Starting Epoch: 1065
[2026-06-20 08:25:13,155][src.modRNN.training.training_loop][INFO] - train epoch 1065 loss 0.5319 accuracy 70.31%
[2026-06-20 08:25:13,157][src.modRNN.training.training_loop][INFO] - 	 Starting Epoch: 1066
[2026-06-20 08:25:13,886][src.modRNN.training.training_loop][INFO] - train epoch 1066 loss 0.3932 accuracy 87.50%
[2026-06-20 08:25:13,887][src.modRNN.training.training_loop][INFO] - 	 Starting Epoch: 1067
[2026-06-20 08:25:14,615][src.modRNN.training.training_loop][INFO] - train epoch 1067 loss 0.3794 accuracy 89.06%
[2026-06-20 08:25:14,617][src.modRNN.training.training_loop][INFO] - 	 Starting Epoch: 1068
[2026-06-20 08:25:15,344][src.modRNN.training.training_loop][INFO] - train epoch 1068 loss 0.3597 accuracy 87.50%
[2026-06-20 08:25:15,346][src.modRNN.training.training_loop][INFO] - 	 Starting Epoch: 1069
[2026-06-20 08:25:16,073][src.modRNN.training.training_loop][INFO] - train epoch 1069 loss 0.3940 accuracy 85.94%
[2026-06-20 08:25:16,075][src.modRNN.training.training_loop][INFO] - 	 Starting Epoch: 1070
[2026-06-20 08:25:16,802][src.modRNN.training.training_loop][INFO] - train epoch 1070 loss 0.3705 accuracy 93.75%
[2026-06-20 08:25:16,803][src.modRNN.training.training_loop][INFO] - 	 Starting Epoch: 1071
[2026-06-20 08:25:17,530][src.modRNN.training.training_loop][INFO] - train epoch 1071 loss 0.3951 accuracy 84.38%
[2026-06-20 08:25:17,532][src.modRNN.training.training_loop][INFO] - 	 Starting Epoch: 1072
[2026-06-20 08:25:18,261][src.modRNN.training.training_loop][INFO] - train epoch 1072 loss 0.3448 accuracy 87.50%
[2026-06-20 08:25:18,263][src.modRNN.training.training_loop][INFO] - 	 Starting Epoch: 1073
[2026-06-20 08:25:18,991][src.modRNN.training.training_loop][INFO] - train epoch 1073 loss 0.4080 accuracy 84.38%
[2026-06-20 08:25:18,993][src.modRNN.training.training_loop][INFO] - 	 Starting Epoch: 1074
[2026-06-20 08:25:19,721][src.modRNN.training.training_loop][INFO] - train epoch 1074 loss 0.5175 accuracy 78.12%
[2026-06-20 08:25:19,723][src.modRNN.training.training_loop][INFO] - 	 Starting Epoch: 1075
[2026-06-20 08:25:20,451][src.modRNN.training.training_loop][INFO] - train epoch 1075 loss 0.4961 accuracy 75.00%
[2026-06-20 08:25:20,453][src.modRNN.training.training_loop][INFO] - 	 Starting Epoch: 1076
[2026-06-20 08:25:21,182][src.modRNN.training.training_loop][INFO] - train epoch 1076 loss 0.6878 accuracy 56.25%
[2026-06-20 08:25:22,311][src.modRNN.training.training_loop][INFO] - eval  epoch 1076 loss 0.5557 accuracy 71.88%
[2026-06-20 08:25:22,312][src.modRNN.training.training_loop][INFO] - 	 Starting Epoch: 1077
[2026-06-20 08:25:23,041][src.modRNN.training.training_loop][INFO] - train epoch 1077 loss 0.5347 accuracy 76.56%
[2026-06-20 08:25:23,043][src.modRNN.training.training_loop][INFO] - 	 Starting Epoch: 1078
[2026-06-20 08:25:23,772][src.modRNN.training.training_loop][INFO] - train epoch 1078 loss 0.4183 accuracy 85.94%
[2026-06-20 08:25:23,773][src.modRNN.training.training_loop][INFO] - 	 Starting Epoch: 1079
[2026-06-20 08:25:24,503][src.modRNN.training.training_loop][INFO] - train epoch 1079 loss 0.4025 accuracy 82.81%
[2026-06-20 08:25:24,504][src.modRNN.training.training_loop][INFO] - 	 Starting Epoch: 1080
[2026-06-20 08:25:25,234][src.modRNN.training.training_loop][INFO] - train epoch 1080 loss 0.3870 accuracy 84.38%
[2026-06-20 08:25:25,235][src.modRNN.training.training_loop][INFO] - 	 Starting Epoch: 1081
[2026-06-20 08:25:25,964][src.modRNN.training.training_loop][INFO] - train epoch 1081 loss 0.5062 accuracy 78.12%
[2026-06-20 08:25:25,966][src.modRNN.training.training_loop][INFO] - 	 Starting Epoch: 1082
[2026-06-20 08:25:26,695][src.modRNN.training.training_loop][INFO] - train epoch 1082 loss 0.4586 accuracy 85.94%
[2026-06-20 08:25:26,697][src.modRNN.training.training_loop][INFO] - 	 Starting Epoch: 1083
[2026-06-20 08:25:27,426][src.modRNN.training.training_loop][INFO] - train epoch 1083 loss 0.5318 accuracy 76.56%
[2026-06-20 08:25:27,428][src.modRNN.training.training_loop][INFO] - 	 Starting Epoch: 1084
[2026-06-20 08:25:28,159][src.modRNN.training.training_loop][INFO] - train epoch 1084 loss 0.5283 accuracy 71.88%
[2026-06-20 08:25:28,160][src.modRNN.training.training_loop][INFO] - 	 Starting Epoch: 1085
[2026-06-20 08:25:28,891][src.modRNN.training.training_loop][INFO] - train epoch 1085 loss 0.5150 accuracy 68.75%
[2026-06-20 08:25:28,892][src.modRNN.training.training_loop][INFO] - 	 Starting Epoch: 1086
[2026-06-20 08:25:29,622][src.modRNN.training.training_loop][INFO] - train epoch 1086 loss 0.4403 accuracy 81.25%
[2026-06-20 08:25:29,624][src.modRNN.training.training_loop][INFO] - 	 Starting Epoch: 1087
[2026-06-20 08:25:30,354][src.modRNN.training.training_loop][INFO] - train epoch 1087 loss 0.5571 accuracy 68.75%
[2026-06-20 08:25:30,355][src.modRNN.training.training_loop][INFO] - 	 Starting Epoch: 1088
[2026-06-20 08:25:31,085][src.modRNN.training.training_loop][INFO] - train epoch 1088 loss 0.5323 accuracy 71.88%
[2026-06-20 08:25:31,086][src.modRNN.training.training_loop][INFO] - 	 Starting Epoch: 1089
[2026-06-20 08:25:31,816][src.modRNN.training.training_loop][INFO] - train epoch 1089 loss 0.5102 accuracy 68.75%
[2026-06-20 08:25:31,818][src.modRNN.training.training_loop][INFO] - 	 Starting Epoch: 1090
[2026-06-20 08:25:32,549][src.modRNN.training.training_loop][INFO] - train epoch 1090 loss 0.5660 accuracy 68.75%
[2026-06-20 08:25:32,551][src.modRNN.training.training_loop][INFO] - 	 Starting Epoch: 1091
[2026-06-20 08:25:33,279][src.modRNN.training.training_loop][INFO] - train epoch 1091 loss 0.4209 accuracy 84.38%
[2026-06-20 08:25:33,281][src.modRNN.training.training_loop][INFO] - 	 Starting Epoch: 1092
[2026-06-20 08:25:34,010][src.modRNN.training.training_loop][INFO] - train epoch 1092 loss 0.5584 accuracy 75.00%
[2026-06-20 08:25:34,012][src.modRNN.training.training_loop][INFO] - 	 Starting Epoch: 1093
[2026-06-20 08:25:34,741][src.modRNN.training.training_loop][INFO] - train epoch 1093 loss 0.3961 accuracy 82.81%
[2026-06-20 08:25:34,743][src.modRNN.training.training_loop][INFO] - 	 Starting Epoch: 1094
[2026-06-20 08:25:35,473][src.modRNN.training.training_loop][INFO] - train epoch 1094 loss 0.4266 accuracy 82.81%
[2026-06-20 08:25:35,474][src.modRNN.training.training_loop][INFO] - 	 Starting Epoch: 1095
[2026-06-20 08:25:36,203][src.modRNN.training.training_loop][INFO] - train epoch 1095 loss 0.3472 accuracy 90.62%
[2026-06-20 08:25:36,204][src.modRNN.training.training_loop][INFO] - 	 Starting Epoch: 1096
[2026-06-20 08:25:36,933][src.modRNN.training.training_loop][INFO] - train epoch 1096 loss 0.3540 accuracy 90.62%
[2026-06-20 08:25:36,934][src.modRNN.training.training_loop][INFO] - 	 Starting Epoch: 1097
[2026-06-20 08:25:37,665][src.modRNN.training.training_loop][INFO] - train epoch 1097 loss 0.5557 accuracy 73.44%
[2026-06-20 08:25:37,667][src.modRNN.training.training_loop][INFO] - 	 Starting Epoch: 1098
[2026-06-20 08:25:38,397][src.modRNN.training.training_loop][INFO] - train epoch 1098 loss 0.7198 accuracy 50.00%
[2026-06-20 08:25:38,399][src.modRNN.training.training_loop][INFO] - 	 Starting Epoch: 1099
[2026-06-20 08:25:39,127][src.modRNN.training.training_loop][INFO] - train epoch 1099 loss 0.5137 accuracy 76.56%
[2026-06-20 08:25:39,129][src.modRNN.training.training_loop][INFO] - 	 Starting Epoch: 1100
[2026-06-20 08:25:39,859][src.modRNN.training.training_loop][INFO] - train epoch 1100 loss 0.5662 accuracy 68.75%
[2026-06-20 08:25:39,860][src.modRNN.training.training_loop][INFO] - 	 Starting Epoch: 1101
[2026-06-20 08:25:40,589][src.modRNN.training.training_loop][INFO] - train epoch 1101 loss 0.4892 accuracy 76.56%
[2026-06-20 08:25:41,726][src.modRNN.training.training_loop][INFO] - eval  epoch 1101 loss 0.5550 accuracy 71.68%
[2026-06-20 08:25:41,727][src.modRNN.training.training_loop][INFO] - 	 Starting Epoch: 1102
[2026-06-20 08:25:42,455][src.modRNN.training.training_loop][INFO] - train epoch 1102 loss 0.5970 accuracy 65.62%
[2026-06-20 08:25:42,457][src.modRNN.training.training_loop][INFO] - 	 Starting Epoch: 1103
[2026-06-20 08:25:43,184][src.modRNN.training.training_loop][INFO] - train epoch 1103 loss 0.5030 accuracy 79.69%
[2026-06-20 08:25:43,186][src.modRNN.training.training_loop][INFO] - 	 Starting Epoch: 1104
[2026-06-20 08:25:43,914][src.modRNN.training.training_loop][INFO] - train epoch 1104 loss 0.6194 accuracy 65.62%
[2026-06-20 08:25:43,915][src.modRNN.training.training_loop][INFO] - 	 Starting Epoch: 1105
[2026-06-20 08:25:44,643][src.modRNN.training.training_loop][INFO] - train epoch 1105 loss 0.5542 accuracy 75.00%
[2026-06-20 08:25:44,644][src.modRNN.training.training_loop][INFO] - 	 Starting Epoch: 1106
[2026-06-20 08:25:45,372][src.modRNN.training.training_loop][INFO] - train epoch 1106 loss 0.6110 accuracy 65.62%
[2026-06-20 08:25:45,373][src.modRNN.training.training_loop][INFO] - 	 Starting Epoch: 1107
[2026-06-20 08:25:46,100][src.modRNN.training.training_loop][INFO] - train epoch 1107 loss 0.5623 accuracy 67.19%
[2026-06-20 08:25:46,102][src.modRNN.training.training_loop][INFO] - 	 Starting Epoch: 1108
[2026-06-20 08:25:46,832][src.modRNN.training.training_loop][INFO] - train epoch 1108 loss 0.5562 accuracy 75.00%
[2026-06-20 08:25:46,834][src.modRNN.training.training_loop][INFO] - 	 Starting Epoch: 1109
[2026-06-20 08:25:47,562][src.modRNN.training.training_loop][INFO] - train epoch 1109 loss 0.6217 accuracy 70.31%
[2026-06-20 08:25:47,564][src.modRNN.training.training_loop][INFO] - 	 Starting Epoch: 1110
[2026-06-20 08:25:48,291][src.modRNN.training.training_loop][INFO] - train epoch 1110 loss 0.5716 accuracy 68.75%
[2026-06-20 08:25:48,293][src.modRNN.training.training_loop][INFO] - 	 Starting Epoch: 1111
[2026-06-20 08:25:49,020][src.modRNN.training.training_loop][INFO] - train epoch 1111 loss 0.6149 accuracy 59.38%
[2026-06-20 08:25:49,022][src.modRNN.training.training_loop][INFO] - 	 Starting Epoch: 1112
[2026-06-20 08:25:49,749][src.modRNN.training.training_loop][INFO] - train epoch 1112 loss 0.5847 accuracy 64.06%
[2026-06-20 08:25:49,750][src.modRNN.training.training_loop][INFO] - 	 Starting Epoch: 1113
[2026-06-20 08:25:50,478][src.modRNN.training.training_loop][INFO] - train epoch 1113 loss 0.6469 accuracy 62.50%
[2026-06-20 08:25:50,479][src.modRNN.training.training_loop][INFO] - 	 Starting Epoch: 1114
[2026-06-20 08:25:51,208][src.modRNN.training.training_loop][INFO] - train epoch 1114 loss 0.5330 accuracy 68.75%
[2026-06-20 08:25:51,209][src.modRNN.training.training_loop][INFO] - 	 Starting Epoch: 1115
[2026-06-20 08:25:51,938][src.modRNN.training.training_loop][INFO] - train epoch 1115 loss 0.4926 accuracy 79.69%
[2026-06-20 08:25:51,940][src.modRNN.training.training_loop][INFO] - 	 Starting Epoch: 1116
[2026-06-20 08:25:52,670][src.modRNN.training.training_loop][INFO] - train epoch 1116 loss 0.5330 accuracy 73.44%
[2026-06-20 08:25:52,672][src.modRNN.training.training_loop][INFO] - 	 Starting Epoch: 1117
[2026-06-20 08:25:53,399][src.modRNN.training.training_loop][INFO] - train epoch 1117 loss 0.5144 accuracy 73.44%
[2026-06-20 08:25:53,401][src.modRNN.training.training_loop][INFO] - 	 Starting Epoch: 1118
[2026-06-20 08:25:54,130][src.modRNN.training.training_loop][INFO] - train epoch 1118 loss 0.5816 accuracy 68.75%
[2026-06-20 08:25:54,132][src.modRNN.training.training_loop][INFO] - 	 Starting Epoch: 1119
[2026-06-20 08:25:54,861][src.modRNN.training.training_loop][INFO] - train epoch 1119 loss 0.5444 accuracy 70.31%
[2026-06-20 08:25:54,863][src.modRNN.training.training_loop][INFO] - 	 Starting Epoch: 1120
[2026-06-20 08:25:55,595][src.modRNN.training.training_loop][INFO] - train epoch 1120 loss 0.4607 accuracy 78.12%
[2026-06-20 08:25:55,596][src.modRNN.training.training_loop][INFO] - 	 Starting Epoch: 1121
[2026-06-20 08:25:56,325][src.modRNN.training.training_loop][INFO] - train epoch 1121 loss 0.5108 accuracy 73.44%
[2026-06-20 08:25:56,327][src.modRNN.training.training_loop][INFO] - 	 Starting Epoch: 1122
[2026-06-20 08:25:57,055][src.modRNN.training.training_loop][INFO] - train epoch 1122 loss 0.4051 accuracy 82.81%
[2026-06-20 08:25:57,057][src.modRNN.training.training_loop][INFO] - 	 Starting Epoch: 1123
[2026-06-20 08:25:57,786][src.modRNN.training.training_loop][INFO] - train epoch 1123 loss 0.4831 accuracy 76.56%
[2026-06-20 08:25:57,787][src.modRNN.training.training_loop][INFO] - 	 Starting Epoch: 1124
[2026-06-20 08:25:58,517][src.modRNN.training.training_loop][INFO] - train epoch 1124 loss 0.3880 accuracy 87.50%
[2026-06-20 08:25:58,518][src.modRNN.training.training_loop][INFO] - 	 Starting Epoch: 1125
[2026-06-20 08:25:59,248][src.modRNN.training.training_loop][INFO] - train epoch 1125 loss 0.4642 accuracy 84.38%
[2026-06-20 08:25:59,249][src.modRNN.training.training_loop][INFO] - 	 Starting Epoch: 1126
[2026-06-20 08:25:59,979][src.modRNN.training.training_loop][INFO] - train epoch 1126 loss 0.4084 accuracy 84.38%
[2026-06-20 08:26:01,114][src.modRNN.training.training_loop][INFO] - eval  epoch 1126 loss 0.3851 accuracy 88.28%
[2026-06-20 08:26:01,116][src.modRNN.training.training_loop][INFO] - 	 Starting Epoch: 1127
[2026-06-20 08:26:01,845][src.modRNN.training.training_loop][INFO] - train epoch 1127 loss 0.3890 accuracy 93.75%
[2026-06-20 08:26:01,847][src.modRNN.training.training_loop][INFO] - 	 Starting Epoch: 1128
[2026-06-20 08:26:02,577][src.modRNN.training.training_loop][INFO] - train epoch 1128 loss 0.4557 accuracy 78.12%
[2026-06-20 08:26:02,579][src.modRNN.training.training_loop][INFO] - 	 Starting Epoch: 1129
[2026-06-20 08:26:03,309][src.modRNN.training.training_loop][INFO] - train epoch 1129 loss 0.4840 accuracy 73.44%
[2026-06-20 08:26:03,310][src.modRNN.training.training_loop][INFO] - 	 Starting Epoch: 1130
[2026-06-20 08:26:04,042][src.modRNN.training.training_loop][INFO] - train epoch 1130 loss 0.3812 accuracy 81.25%
[2026-06-20 08:26:04,043][src.modRNN.training.training_loop][INFO] - 	 Starting Epoch: 1131
[2026-06-20 08:26:04,772][src.modRNN.training.training_loop][INFO] - train epoch 1131 loss 0.4645 accuracy 76.56%
[2026-06-20 08:26:04,774][src.modRNN.training.training_loop][INFO] - 	 Starting Epoch: 1132
[2026-06-20 08:26:05,503][src.modRNN.training.training_loop][INFO] - train epoch 1132 loss 0.4411 accuracy 82.81%
[2026-06-20 08:26:05,505][src.modRNN.training.training_loop][INFO] - 	 Starting Epoch: 1133
[2026-06-20 08:26:06,233][src.modRNN.training.training_loop][INFO] - train epoch 1133 loss 0.5119 accuracy 82.81%
[2026-06-20 08:26:06,235][src.modRNN.training.training_loop][INFO] - 	 Starting Epoch: 1134
[2026-06-20 08:26:06,965][src.modRNN.training.training_loop][INFO] - train epoch 1134 loss 0.6534 accuracy 70.31%
[2026-06-20 08:26:06,967][src.modRNN.training.training_loop][INFO] - 	 Starting Epoch: 1135
[2026-06-20 08:26:07,695][src.modRNN.training.training_loop][INFO] - train epoch 1135 loss 0.5628 accuracy 76.56%
[2026-06-20 08:26:07,697][src.modRNN.training.training_loop][INFO] - 	 Starting Epoch: 1136
[2026-06-20 08:26:08,427][src.modRNN.training.training_loop][INFO] - train epoch 1136 loss 0.4678 accuracy 79.69%
[2026-06-20 08:26:08,428][src.modRNN.training.training_loop][INFO] - 	 Starting Epoch: 1137
[2026-06-20 08:26:09,158][src.modRNN.training.training_loop][INFO] - train epoch 1137 loss 0.4583 accuracy 84.38%
[2026-06-20 08:26:09,159][src.modRNN.training.training_loop][INFO] - 	 Starting Epoch: 1138
[2026-06-20 08:26:09,889][src.modRNN.training.training_loop][INFO] - train epoch 1138 loss 0.4940 accuracy 76.56%
[2026-06-20 08:26:09,890][src.modRNN.training.training_loop][INFO] - 	 Starting Epoch: 1139
[2026-06-20 08:26:10,620][src.modRNN.training.training_loop][INFO] - train epoch 1139 loss 0.5103 accuracy 79.69%
[2026-06-20 08:26:10,622][src.modRNN.training.training_loop][INFO] - 	 Starting Epoch: 1140
[2026-06-20 08:26:11,351][src.modRNN.training.training_loop][INFO] - train epoch 1140 loss 0.5277 accuracy 73.44%
[2026-06-20 08:26:11,352][src.modRNN.training.training_loop][INFO] - 	 Starting Epoch: 1141
[2026-06-20 08:26:12,081][src.modRNN.training.training_loop][INFO] - train epoch 1141 loss 0.5741 accuracy 71.88%
[2026-06-20 08:26:12,083][src.modRNN.training.training_loop][INFO] - 	 Starting Epoch: 1142
[2026-06-20 08:26:12,813][src.modRNN.training.training_loop][INFO] - train epoch 1142 loss 0.5341 accuracy 78.12%
[2026-06-20 08:26:12,815][src.modRNN.training.training_loop][INFO] - 	 Starting Epoch: 1143
[2026-06-20 08:26:13,544][src.modRNN.training.training_loop][INFO] - train epoch 1143 loss 0.5539 accuracy 70.31%
[2026-06-20 08:26:13,546][src.modRNN.training.training_loop][INFO] - 	 Starting Epoch: 1144
[2026-06-20 08:26:14,276][src.modRNN.training.training_loop][INFO] - train epoch 1144 loss 0.5088 accuracy 76.56%
[2026-06-20 08:26:14,278][src.modRNN.training.training_loop][INFO] - 	 Starting Epoch: 1145
[2026-06-20 08:26:15,006][src.modRNN.training.training_loop][INFO] - train epoch 1145 loss 0.5509 accuracy 67.19%
[2026-06-20 08:26:15,008][src.modRNN.training.training_loop][INFO] - 	 Starting Epoch: 1146
[2026-06-20 08:26:15,737][src.modRNN.training.training_loop][INFO] - train epoch 1146 loss 0.4644 accuracy 82.81%
[2026-06-20 08:26:15,739][src.modRNN.training.training_loop][INFO] - 	 Starting Epoch: 1147
[2026-06-20 08:26:16,467][src.modRNN.training.training_loop][INFO] - train epoch 1147 loss 0.4373 accuracy 84.38%
[2026-06-20 08:26:16,469][src.modRNN.training.training_loop][INFO] - 	 Starting Epoch: 1148
[2026-06-20 08:26:17,198][src.modRNN.training.training_loop][INFO] - train epoch 1148 loss 0.4331 accuracy 90.62%
[2026-06-20 08:26:17,200][src.modRNN.training.training_loop][INFO] - 	 Starting Epoch: 1149
[2026-06-20 08:26:17,927][src.modRNN.training.training_loop][INFO] - train epoch 1149 loss 0.4685 accuracy 78.12%
[2026-06-20 08:26:17,929][src.modRNN.training.training_loop][INFO] - 	 Starting Epoch: 1150
[2026-06-20 08:26:18,658][src.modRNN.training.training_loop][INFO] - train epoch 1150 loss 0.4404 accuracy 84.38%
[2026-06-20 08:26:18,659][src.modRNN.training.training_loop][INFO] - 	 Starting Epoch: 1151
[2026-06-20 08:26:19,391][src.modRNN.training.training_loop][INFO] - train epoch 1151 loss 0.4505 accuracy 85.94%
[2026-06-20 08:26:20,521][src.modRNN.training.training_loop][INFO] - eval  epoch 1151 loss 0.4202 accuracy 85.35%
[2026-06-20 08:26:20,523][src.modRNN.training.training_loop][INFO] - 	 Starting Epoch: 1152
[2026-06-20 08:26:21,251][src.modRNN.training.training_loop][INFO] - train epoch 1152 loss 0.4437 accuracy 75.00%
[2026-06-20 08:26:21,252][src.modRNN.training.training_loop][INFO] - 	 Starting Epoch: 1153
[2026-06-20 08:26:21,984][src.modRNN.training.training_loop][INFO] - train epoch 1153 loss 0.4406 accuracy 82.81%
[2026-06-20 08:26:21,986][src.modRNN.training.training_loop][INFO] - 	 Starting Epoch: 1154
[2026-06-20 08:26:22,713][src.modRNN.training.training_loop][INFO] - train epoch 1154 loss 0.4924 accuracy 79.69%
[2026-06-20 08:26:22,715][src.modRNN.training.training_loop][INFO] - 	 Starting Epoch: 1155
[2026-06-20 08:26:23,444][src.modRNN.training.training_loop][INFO] - train epoch 1155 loss 0.3941 accuracy 85.94%
[2026-06-20 08:26:23,445][src.modRNN.training.training_loop][INFO] - 	 Starting Epoch: 1156
[2026-06-20 08:26:24,174][src.modRNN.training.training_loop][INFO] - train epoch 1156 loss 0.3656 accuracy 90.62%
[2026-06-20 08:26:24,176][src.modRNN.training.training_loop][INFO] - 	 Starting Epoch: 1157
[2026-06-20 08:26:24,904][src.modRNN.training.training_loop][INFO] - train epoch 1157 loss 0.3904 accuracy 89.06%
[2026-06-20 08:26:24,906][src.modRNN.training.training_loop][INFO] - 	 Starting Epoch: 1158
[2026-06-20 08:26:25,635][src.modRNN.training.training_loop][INFO] - train epoch 1158 loss 0.4419 accuracy 81.25%
[2026-06-20 08:26:25,636][src.modRNN.training.training_loop][INFO] - 	 Starting Epoch: 1159
[2026-06-20 08:26:26,365][src.modRNN.training.training_loop][INFO] - train epoch 1159 loss 0.4321 accuracy 82.81%
[2026-06-20 08:26:26,367][src.modRNN.training.training_loop][INFO] - 	 Starting Epoch: 1160
[2026-06-20 08:26:27,095][src.modRNN.training.training_loop][INFO] - train epoch 1160 loss 0.3445 accuracy 93.75%
[2026-06-20 08:26:27,096][src.modRNN.training.training_loop][INFO] - 	 Starting Epoch: 1161
[2026-06-20 08:26:27,826][src.modRNN.training.training_loop][INFO] - train epoch 1161 loss 0.4474 accuracy 82.81%
[2026-06-20 08:26:27,828][src.modRNN.training.training_loop][INFO] - 	 Starting Epoch: 1162
[2026-06-20 08:26:28,562][src.modRNN.training.training_loop][INFO] - train epoch 1162 loss 0.4341 accuracy 84.38%
[2026-06-20 08:26:28,564][src.modRNN.training.training_loop][INFO] - 	 Starting Epoch: 1163
[2026-06-20 08:26:29,293][src.modRNN.training.training_loop][INFO] - train epoch 1163 loss 0.3592 accuracy 87.50%
[2026-06-20 08:26:29,295][src.modRNN.training.training_loop][INFO] - 	 Starting Epoch: 1164
[2026-06-20 08:26:30,024][src.modRNN.training.training_loop][INFO] - train epoch 1164 loss 0.4170 accuracy 85.94%
[2026-06-20 08:26:30,025][src.modRNN.training.training_loop][INFO] - 	 Starting Epoch: 1165
[2026-06-20 08:26:30,754][src.modRNN.training.training_loop][INFO] - train epoch 1165 loss 0.4033 accuracy 85.94%
[2026-06-20 08:26:30,756][src.modRNN.training.training_loop][INFO] - 	 Starting Epoch: 1166
[2026-06-20 08:26:31,484][src.modRNN.training.training_loop][INFO] - train epoch 1166 loss 0.4663 accuracy 81.25%
[2026-06-20 08:26:31,486][src.modRNN.training.training_loop][INFO] - 	 Starting Epoch: 1167
[2026-06-20 08:26:32,214][src.modRNN.training.training_loop][INFO] - train epoch 1167 loss 0.4639 accuracy 79.69%
[2026-06-20 08:26:32,216][src.modRNN.training.training_loop][INFO] - 	 Starting Epoch: 1168
[2026-06-20 08:26:32,945][src.modRNN.training.training_loop][INFO] - train epoch 1168 loss 0.4670 accuracy 78.12%
[2026-06-20 08:26:32,947][src.modRNN.training.training_loop][INFO] - 	 Starting Epoch: 1169
[2026-06-20 08:26:33,675][src.modRNN.training.training_loop][INFO] - train epoch 1169 loss 0.4647 accuracy 82.81%
[2026-06-20 08:26:33,677][src.modRNN.training.training_loop][INFO] - 	 Starting Epoch: 1170
[2026-06-20 08:26:34,407][src.modRNN.training.training_loop][INFO] - train epoch 1170 loss 0.4272 accuracy 87.50%
[2026-06-20 08:26:34,408][src.modRNN.training.training_loop][INFO] - 	 Starting Epoch: 1171
[2026-06-20 08:26:35,143][src.modRNN.training.training_loop][INFO] - train epoch 1171 loss 0.4109 accuracy 82.81%
[2026-06-20 08:26:35,144][src.modRNN.training.training_loop][INFO] - 	 Starting Epoch: 1172
[2026-06-20 08:26:35,874][src.modRNN.training.training_loop][INFO] - train epoch 1172 loss 0.3829 accuracy 89.06%
[2026-06-20 08:26:35,876][src.modRNN.training.training_loop][INFO] - 	 Starting Epoch: 1173
[2026-06-20 08:26:36,606][src.modRNN.training.training_loop][INFO] - train epoch 1173 loss 0.4082 accuracy 85.94%
[2026-06-20 08:26:36,607][src.modRNN.training.training_loop][INFO] - 	 Starting Epoch: 1174
[2026-06-20 08:26:37,336][src.modRNN.training.training_loop][INFO] - train epoch 1174 loss 0.4477 accuracy 79.69%
[2026-06-20 08:26:37,338][src.modRNN.training.training_loop][INFO] - 	 Starting Epoch: 1175
[2026-06-20 08:26:38,067][src.modRNN.training.training_loop][INFO] - train epoch 1175 loss 0.3934 accuracy 89.06%
[2026-06-20 08:26:38,068][src.modRNN.training.training_loop][INFO] - 	 Starting Epoch: 1176
[2026-06-20 08:26:38,798][src.modRNN.training.training_loop][INFO] - train epoch 1176 loss 0.3396 accuracy 92.19%
[2026-06-20 08:26:39,930][src.modRNN.training.training_loop][INFO] - eval  epoch 1176 loss 0.3959 accuracy 85.74%
[2026-06-20 08:26:39,932][src.modRNN.training.training_loop][INFO] - 	 Starting Epoch: 1177
[2026-06-20 08:26:40,660][src.modRNN.training.training_loop][INFO] - train epoch 1177 loss 0.4127 accuracy 85.94%
[2026-06-20 08:26:40,661][src.modRNN.training.training_loop][INFO] - 	 Starting Epoch: 1178
[2026-06-20 08:26:41,393][src.modRNN.training.training_loop][INFO] - train epoch 1178 loss 0.3357 accuracy 92.19%
[2026-06-20 08:26:41,395][src.modRNN.training.training_loop][INFO] - 	 Starting Epoch: 1179
[2026-06-20 08:26:42,123][src.modRNN.training.training_loop][INFO] - train epoch 1179 loss 0.4108 accuracy 85.94%
[2026-06-20 08:26:42,125][src.modRNN.training.training_loop][INFO] - 	 Starting Epoch: 1180
[2026-06-20 08:26:42,855][src.modRNN.training.training_loop][INFO] - train epoch 1180 loss 0.3519 accuracy 89.06%
[2026-06-20 08:26:42,856][src.modRNN.training.training_loop][INFO] - 	 Starting Epoch: 1181
[2026-06-20 08:26:43,585][src.modRNN.training.training_loop][INFO] - train epoch 1181 loss 0.4014 accuracy 85.94%
[2026-06-20 08:26:43,587][src.modRNN.training.training_loop][INFO] - 	 Starting Epoch: 1182
[2026-06-20 08:26:44,316][src.modRNN.training.training_loop][INFO] - train epoch 1182 loss 0.3709 accuracy 89.06%
[2026-06-20 08:26:44,318][src.modRNN.training.training_loop][INFO] - 	 Starting Epoch: 1183
[2026-06-20 08:26:45,048][src.modRNN.training.training_loop][INFO] - train epoch 1183 loss 0.5727 accuracy 70.31%
[2026-06-20 08:26:45,049][src.modRNN.training.training_loop][INFO] - 	 Starting Epoch: 1184
[2026-06-20 08:26:45,780][src.modRNN.training.training_loop][INFO] - train epoch 1184 loss 0.4512 accuracy 79.69%
[2026-06-20 08:26:45,781][src.modRNN.training.training_loop][INFO] - 	 Starting Epoch: 1185
[2026-06-20 08:26:46,511][src.modRNN.training.training_loop][INFO] - train epoch 1185 loss 0.4699 accuracy 81.25%
[2026-06-20 08:26:46,512][src.modRNN.training.training_loop][INFO] - 	 Starting Epoch: 1186
[2026-06-20 08:26:47,243][src.modRNN.training.training_loop][INFO] - train epoch 1186 loss 0.3898 accuracy 84.38%
[2026-06-20 08:26:47,245][src.modRNN.training.training_loop][INFO] - 	 Starting Epoch: 1187
[2026-06-20 08:26:47,975][src.modRNN.training.training_loop][INFO] - train epoch 1187 loss 0.4513 accuracy 79.69%
[2026-06-20 08:26:47,976][src.modRNN.training.training_loop][INFO] - 	 Starting Epoch: 1188
[2026-06-20 08:26:48,706][src.modRNN.training.training_loop][INFO] - train epoch 1188 loss 0.3737 accuracy 85.94%
[2026-06-20 08:26:48,708][src.modRNN.training.training_loop][INFO] - 	 Starting Epoch: 1189
[2026-06-20 08:26:49,440][src.modRNN.training.training_loop][INFO] - train epoch 1189 loss 0.4048 accuracy 84.38%
[2026-06-20 08:26:49,441][src.modRNN.training.training_loop][INFO] - 	 Starting Epoch: 1190
[2026-06-20 08:26:50,171][src.modRNN.training.training_loop][INFO] - train epoch 1190 loss 0.2941 accuracy 95.31%
[2026-06-20 08:26:50,173][src.modRNN.training.training_loop][INFO] - 	 Starting Epoch: 1191
[2026-06-20 08:26:50,901][src.modRNN.training.training_loop][INFO] - train epoch 1191 loss 0.2964 accuracy 96.88%
[2026-06-20 08:26:50,903][src.modRNN.training.training_loop][INFO] - 	 Starting Epoch: 1192
[2026-06-20 08:26:51,635][src.modRNN.training.training_loop][INFO] - train epoch 1192 loss 0.2907 accuracy 95.31%
[2026-06-20 08:26:51,636][src.modRNN.training.training_loop][INFO] - 	 Starting Epoch: 1193
[2026-06-20 08:26:52,365][src.modRNN.training.training_loop][INFO] - train epoch 1193 loss 0.2334 accuracy 98.44%
[2026-06-20 08:26:52,367][src.modRNN.training.training_loop][INFO] - 	 Starting Epoch: 1194
[2026-06-20 08:26:53,096][src.modRNN.training.training_loop][INFO] - train epoch 1194 loss 0.3662 accuracy 87.50%
[2026-06-20 08:26:53,098][src.modRNN.training.training_loop][INFO] - 	 Starting Epoch: 1195
[2026-06-20 08:26:53,827][src.modRNN.training.training_loop][INFO] - train epoch 1195 loss 0.4312 accuracy 73.44%
[2026-06-20 08:26:53,829][src.modRNN.training.training_loop][INFO] - 	 Starting Epoch: 1196
[2026-06-20 08:26:54,560][src.modRNN.training.training_loop][INFO] - train epoch 1196 loss 0.3249 accuracy 89.06%
[2026-06-20 08:26:54,561][src.modRNN.training.training_loop][INFO] - 	 Starting Epoch: 1197
[2026-06-20 08:26:55,290][src.modRNN.training.training_loop][INFO] - train epoch 1197 loss 0.3352 accuracy 85.94%
[2026-06-20 08:26:55,292][src.modRNN.training.training_loop][INFO] - 	 Starting Epoch: 1198
[2026-06-20 08:26:56,022][src.modRNN.training.training_loop][INFO] - train epoch 1198 loss 0.4599 accuracy 76.56%
[2026-06-20 08:26:56,023][src.modRNN.training.training_loop][INFO] - 	 Starting Epoch: 1199
[2026-06-20 08:26:56,754][src.modRNN.training.training_loop][INFO] - train epoch 1199 loss 0.3339 accuracy 89.06%
[2026-06-20 08:26:56,756][src.modRNN.training.training_loop][INFO] - 	 Starting Epoch: 1200
[2026-06-20 08:26:57,484][src.modRNN.training.training_loop][INFO] - train epoch 1200 loss 0.3706 accuracy 84.38%
[2026-06-20 08:26:57,486][src.modRNN.training.training_loop][INFO] - 	 Starting Epoch: 1201
[2026-06-20 08:26:58,214][src.modRNN.training.training_loop][INFO] - train epoch 1201 loss 0.5133 accuracy 76.56%
[2026-06-20 08:26:59,346][src.modRNN.training.training_loop][INFO] - eval  epoch 1201 loss 0.3872 accuracy 86.33%
[2026-06-20 08:26:59,347][src.modRNN.training.training_loop][INFO] - 	 Starting Epoch: 1202
[2026-06-20 08:27:00,075][src.modRNN.training.training_loop][INFO] - train epoch 1202 loss 0.4220 accuracy 82.81%
[2026-06-20 08:27:00,077][src.modRNN.training.training_loop][INFO] - 	 Starting Epoch: 1203
[2026-06-20 08:27:00,806][src.modRNN.training.training_loop][INFO] - train epoch 1203 loss 0.4363 accuracy 82.81%
[2026-06-20 08:27:00,808][src.modRNN.training.training_loop][INFO] - 	 Starting Epoch: 1204
[2026-06-20 08:27:01,536][src.modRNN.training.training_loop][INFO] - train epoch 1204 loss 0.4529 accuracy 81.25%
[2026-06-20 08:27:01,538][src.modRNN.training.training_loop][INFO] - 	 Starting Epoch: 1205
[2026-06-20 08:27:02,265][src.modRNN.training.training_loop][INFO] - train epoch 1205 loss 0.4410 accuracy 79.69%
[2026-06-20 08:27:02,266][src.modRNN.training.training_loop][INFO] - 	 Starting Epoch: 1206
[2026-06-20 08:27:02,995][src.modRNN.training.training_loop][INFO] - train epoch 1206 loss 0.4238 accuracy 81.25%
[2026-06-20 08:27:02,997][src.modRNN.training.training_loop][INFO] - 	 Starting Epoch: 1207
[2026-06-20 08:27:03,724][src.modRNN.training.training_loop][INFO] - train epoch 1207 loss 0.4799 accuracy 76.56%
[2026-06-20 08:27:03,726][src.modRNN.training.training_loop][INFO] - 	 Starting Epoch: 1208
[2026-06-20 08:27:04,454][src.modRNN.training.training_loop][INFO] - train epoch 1208 loss 0.5016 accuracy 78.12%
[2026-06-20 08:27:04,456][src.modRNN.training.training_loop][INFO] - 	 Starting Epoch: 1209
[2026-06-20 08:27:05,183][src.modRNN.training.training_loop][INFO] - train epoch 1209 loss 0.5060 accuracy 73.44%
[2026-06-20 08:27:05,185][src.modRNN.training.training_loop][INFO] - 	 Starting Epoch: 1210
[2026-06-20 08:27:05,912][src.modRNN.training.training_loop][INFO] - train epoch 1210 loss 0.6591 accuracy 64.06%
[2026-06-20 08:27:05,914][src.modRNN.training.training_loop][INFO] - 	 Starting Epoch: 1211
[2026-06-20 08:27:06,641][src.modRNN.training.training_loop][INFO] - train epoch 1211 loss 0.3796 accuracy 84.38%
[2026-06-20 08:27:06,643][src.modRNN.training.training_loop][INFO] - 	 Starting Epoch: 1212
[2026-06-20 08:27:07,370][src.modRNN.training.training_loop][INFO] - train epoch 1212 loss 0.3700 accuracy 82.81%
[2026-06-20 08:27:07,372][src.modRNN.training.training_loop][INFO] - 	 Starting Epoch: 1213
[2026-06-20 08:27:08,099][src.modRNN.training.training_loop][INFO] - train epoch 1213 loss 0.4224 accuracy 84.38%
[2026-06-20 08:27:08,101][src.modRNN.training.training_loop][INFO] - 	 Starting Epoch: 1214
[2026-06-20 08:27:08,829][src.modRNN.training.training_loop][INFO] - train epoch 1214 loss 0.4534 accuracy 79.69%
[2026-06-20 08:27:08,830][src.modRNN.training.training_loop][INFO] - 	 Starting Epoch: 1215
[2026-06-20 08:27:09,558][src.modRNN.training.training_loop][INFO] - train epoch 1215 loss 0.3194 accuracy 95.31%
[2026-06-20 08:27:09,559][src.modRNN.training.training_loop][INFO] - 	 Starting Epoch: 1216
[2026-06-20 08:27:10,287][src.modRNN.training.training_loop][INFO] - train epoch 1216 loss 0.2902 accuracy 96.88%
[2026-06-20 08:27:10,288][src.modRNN.training.training_loop][INFO] - 	 Starting Epoch: 1217
[2026-06-20 08:27:11,018][src.modRNN.training.training_loop][INFO] - train epoch 1217 loss 0.3355 accuracy 98.44%
[2026-06-20 08:27:11,019][src.modRNN.training.training_loop][INFO] - 	 Starting Epoch: 1218
[2026-06-20 08:27:11,749][src.modRNN.training.training_loop][INFO] - train epoch 1218 loss 0.4423 accuracy 82.81%
[2026-06-20 08:27:11,751][src.modRNN.training.training_loop][INFO] - 	 Starting Epoch: 1219
[2026-06-20 08:27:12,478][src.modRNN.training.training_loop][INFO] - train epoch 1219 loss 0.5072 accuracy 67.19%
[2026-06-20 08:27:12,480][src.modRNN.training.training_loop][INFO] - 	 Starting Epoch: 1220
[2026-06-20 08:27:13,209][src.modRNN.training.training_loop][INFO] - train epoch 1220 loss 0.4439 accuracy 82.81%
[2026-06-20 08:27:13,211][src.modRNN.training.training_loop][INFO] - 	 Starting Epoch: 1221
[2026-06-20 08:27:13,939][src.modRNN.training.training_loop][INFO] - train epoch 1221 loss 0.6189 accuracy 57.81%
[2026-06-20 08:27:13,941][src.modRNN.training.training_loop][INFO] - 	 Starting Epoch: 1222
[2026-06-20 08:27:14,669][src.modRNN.training.training_loop][INFO] - train epoch 1222 loss 0.5008 accuracy 78.12%
[2026-06-20 08:27:14,671][src.modRNN.training.training_loop][INFO] - 	 Starting Epoch: 1223
[2026-06-20 08:27:15,398][src.modRNN.training.training_loop][INFO] - train epoch 1223 loss 0.2591 accuracy 100.00%
[2026-06-20 08:27:15,400][src.modRNN.training.training_loop][INFO] - 	 Starting Epoch: 1224
[2026-06-20 08:27:16,127][src.modRNN.training.training_loop][INFO] - train epoch 1224 loss 0.2762 accuracy 98.44%
[2026-06-20 08:27:16,128][src.modRNN.training.training_loop][INFO] - 	 Starting Epoch: 1225
[2026-06-20 08:27:16,861][src.modRNN.training.training_loop][INFO] - train epoch 1225 loss 0.2899 accuracy 96.88%
[2026-06-20 08:27:16,862][src.modRNN.training.training_loop][INFO] - 	 Starting Epoch: 1226
[2026-06-20 08:27:17,589][src.modRNN.training.training_loop][INFO] - train epoch 1226 loss 0.2794 accuracy 95.31%
[2026-06-20 08:27:18,723][src.modRNN.training.training_loop][INFO] - eval  epoch 1226 loss 0.2478 accuracy 97.85%
[2026-06-20 08:27:18,724][src.modRNN.training.training_loop][INFO] - 	 Starting Epoch: 1227
[2026-06-20 08:27:19,453][src.modRNN.training.training_loop][INFO] - train epoch 1227 loss 0.2157 accuracy 100.00%
[2026-06-20 08:27:19,455][src.modRNN.training.training_loop][INFO] - 	 Starting Epoch: 1228
[2026-06-20 08:27:20,187][src.modRNN.training.training_loop][INFO] - train epoch 1228 loss 0.2682 accuracy 95.31%
[2026-06-20 08:27:20,189][src.modRNN.training.training_loop][INFO] - 	 Starting Epoch: 1229
[2026-06-20 08:27:20,919][src.modRNN.training.training_loop][INFO] - train epoch 1229 loss 0.3187 accuracy 92.19%
[2026-06-20 08:27:20,920][src.modRNN.training.training_loop][INFO] - 	 Starting Epoch: 1230
[2026-06-20 08:27:21,650][src.modRNN.training.training_loop][INFO] - train epoch 1230 loss 0.3079 accuracy 90.62%
[2026-06-20 08:27:21,653][src.modRNN.training.training_loop][INFO] - 	 Starting Epoch: 1231
[2026-06-20 08:27:22,383][src.modRNN.training.training_loop][INFO] - train epoch 1231 loss 0.3164 accuracy 92.19%
[2026-06-20 08:27:22,384][src.modRNN.training.training_loop][INFO] - 	 Starting Epoch: 1232
[2026-06-20 08:27:23,114][src.modRNN.training.training_loop][INFO] - train epoch 1232 loss 0.2640 accuracy 95.31%
[2026-06-20 08:27:23,116][src.modRNN.training.training_loop][INFO] - 	 Starting Epoch: 1233
[2026-06-20 08:27:23,844][src.modRNN.training.training_loop][INFO] - train epoch 1233 loss 0.3836 accuracy 85.94%
[2026-06-20 08:27:23,846][src.modRNN.training.training_loop][INFO] - 	 Starting Epoch: 1234
[2026-06-20 08:27:24,575][src.modRNN.training.training_loop][INFO] - train epoch 1234 loss 0.3396 accuracy 84.38%
[2026-06-20 08:27:24,577][src.modRNN.training.training_loop][INFO] - 	 Starting Epoch: 1235
[2026-06-20 08:27:25,309][src.modRNN.training.training_loop][INFO] - train epoch 1235 loss 0.3571 accuracy 89.06%
[2026-06-20 08:27:25,310][src.modRNN.training.training_loop][INFO] - 	 Starting Epoch: 1236
[2026-06-20 08:27:26,039][src.modRNN.training.training_loop][INFO] - train epoch 1236 loss 0.3151 accuracy 89.06%
[2026-06-20 08:27:26,040][src.modRNN.training.training_loop][INFO] - 	 Starting Epoch: 1237
[2026-06-20 08:27:26,769][src.modRNN.training.training_loop][INFO] - train epoch 1237 loss 0.4122 accuracy 82.81%
[2026-06-20 08:27:26,771][src.modRNN.training.training_loop][INFO] - 	 Starting Epoch: 1238
[2026-06-20 08:27:27,501][src.modRNN.training.training_loop][INFO] - train epoch 1238 loss 0.3778 accuracy 82.81%
[2026-06-20 08:27:27,503][src.modRNN.training.training_loop][INFO] - 	 Starting Epoch: 1239
[2026-06-20 08:27:28,235][src.modRNN.training.training_loop][INFO] - train epoch 1239 loss 0.2401 accuracy 96.88%
[2026-06-20 08:27:28,236][src.modRNN.training.training_loop][INFO] - 	 Starting Epoch: 1240
[2026-06-20 08:27:28,965][src.modRNN.training.training_loop][INFO] - train epoch 1240 loss 0.2436 accuracy 96.88%
[2026-06-20 08:27:28,967][src.modRNN.training.training_loop][INFO] - 	 Starting Epoch: 1241
[2026-06-20 08:27:29,696][src.modRNN.training.training_loop][INFO] - train epoch 1241 loss 0.2742 accuracy 93.75%
[2026-06-20 08:27:29,698][src.modRNN.training.training_loop][INFO] - 	 Starting Epoch: 1242
[2026-06-20 08:27:30,427][src.modRNN.training.training_loop][INFO] - train epoch 1242 loss 0.2309 accuracy 98.44%
[2026-06-20 08:27:30,429][src.modRNN.training.training_loop][INFO] - 	 Starting Epoch: 1243
[2026-06-20 08:27:31,159][src.modRNN.training.training_loop][INFO] - train epoch 1243 loss 0.2190 accuracy 98.44%
[2026-06-20 08:27:31,160][src.modRNN.training.training_loop][INFO] - 	 Starting Epoch: 1244
[2026-06-20 08:27:31,890][src.modRNN.training.training_loop][INFO] - train epoch 1244 loss 0.3468 accuracy 85.94%
[2026-06-20 08:27:31,891][src.modRNN.training.training_loop][INFO] - 	 Starting Epoch: 1245
[2026-06-20 08:27:32,619][src.modRNN.training.training_loop][INFO] - train epoch 1245 loss 0.2601 accuracy 96.88%
[2026-06-20 08:27:32,620][src.modRNN.training.training_loop][INFO] - 	 Starting Epoch: 1246
[2026-06-20 08:27:33,348][src.modRNN.training.training_loop][INFO] - train epoch 1246 loss 0.2894 accuracy 90.62%
[2026-06-20 08:27:33,350][src.modRNN.training.training_loop][INFO] - 	 Starting Epoch: 1247
[2026-06-20 08:27:34,080][src.modRNN.training.training_loop][INFO] - train epoch 1247 loss 0.3479 accuracy 85.94%
[2026-06-20 08:27:34,081][src.modRNN.training.training_loop][INFO] - 	 Starting Epoch: 1248
[2026-06-20 08:27:34,810][src.modRNN.training.training_loop][INFO] - train epoch 1248 loss 0.2331 accuracy 96.88%
[2026-06-20 08:27:34,812][src.modRNN.training.training_loop][INFO] - 	 Starting Epoch: 1249
[2026-06-20 08:27:35,541][src.modRNN.training.training_loop][INFO] - train epoch 1249 loss 0.2481 accuracy 95.31%
[2026-06-20 08:27:35,542][src.modRNN.training.training_loop][INFO] - 	 Starting Epoch: 1250
[2026-06-20 08:27:36,272][src.modRNN.training.training_loop][INFO] - train epoch 1250 loss 0.2701 accuracy 93.75%
[2026-06-20 08:27:36,274][src.modRNN.training.training_loop][INFO] - 	 Starting Epoch: 1251
[2026-06-20 08:27:37,004][src.modRNN.training.training_loop][INFO] - train epoch 1251 loss 0.2384 accuracy 92.19%
[2026-06-20 08:27:38,135][src.modRNN.training.training_loop][INFO] - eval  epoch 1251 loss 0.3693 accuracy 87.30%
[2026-06-20 08:27:38,137][src.modRNN.training.training_loop][INFO] - 	 Starting Epoch: 1252
[2026-06-20 08:27:38,865][src.modRNN.training.training_loop][INFO] - train epoch 1252 loss 0.3238 accuracy 92.19%
[2026-06-20 08:27:38,866][src.modRNN.training.training_loop][INFO] - 	 Starting Epoch: 1253
[2026-06-20 08:27:39,596][src.modRNN.training.training_loop][INFO] - train epoch 1253 loss 0.4031 accuracy 87.50%
[2026-06-20 08:27:39,597][src.modRNN.training.training_loop][INFO] - 	 Starting Epoch: 1254
[2026-06-20 08:27:40,327][src.modRNN.training.training_loop][INFO] - train epoch 1254 loss 0.3226 accuracy 89.06%
[2026-06-20 08:27:40,329][src.modRNN.training.training_loop][INFO] - 	 Starting Epoch: 1255
[2026-06-20 08:27:41,057][src.modRNN.training.training_loop][INFO] - train epoch 1255 loss 0.3063 accuracy 93.75%
[2026-06-20 08:27:41,059][src.modRNN.training.training_loop][INFO] - 	 Starting Epoch: 1256
[2026-06-20 08:27:41,788][src.modRNN.training.training_loop][INFO] - train epoch 1256 loss 0.2887 accuracy 93.75%
[2026-06-20 08:27:41,790][src.modRNN.training.training_loop][INFO] - 	 Starting Epoch: 1257
[2026-06-20 08:27:42,519][src.modRNN.training.training_loop][INFO] - train epoch 1257 loss 0.3827 accuracy 85.94%
[2026-06-20 08:27:42,521][src.modRNN.training.training_loop][INFO] - 	 Starting Epoch: 1258
[2026-06-20 08:27:43,248][src.modRNN.training.training_loop][INFO] - train epoch 1258 loss 0.3791 accuracy 84.38%
[2026-06-20 08:27:43,250][src.modRNN.training.training_loop][INFO] - 	 Starting Epoch: 1259
[2026-06-20 08:27:43,978][src.modRNN.training.training_loop][INFO] - train epoch 1259 loss 0.3756 accuracy 89.06%
[2026-06-20 08:27:43,980][src.modRNN.training.training_loop][INFO] - 	 Starting Epoch: 1260
[2026-06-20 08:27:44,708][src.modRNN.training.training_loop][INFO] - train epoch 1260 loss 0.3917 accuracy 82.81%
[2026-06-20 08:27:44,709][src.modRNN.training.training_loop][INFO] - 	 Starting Epoch: 1261
[2026-06-20 08:27:45,438][src.modRNN.training.training_loop][INFO] - train epoch 1261 loss 0.4687 accuracy 79.69%
[2026-06-20 08:27:45,439][src.modRNN.training.training_loop][INFO] - 	 Starting Epoch: 1262
[2026-06-20 08:27:46,167][src.modRNN.training.training_loop][INFO] - train epoch 1262 loss 0.6533 accuracy 70.31%
[2026-06-20 08:27:46,168][src.modRNN.training.training_loop][INFO] - 	 Starting Epoch: 1263
[2026-06-20 08:27:46,898][src.modRNN.training.training_loop][INFO] - train epoch 1263 loss 0.7558 accuracy 73.44%
[2026-06-20 08:27:46,900][src.modRNN.training.training_loop][INFO] - 	 Starting Epoch: 1264
[2026-06-20 08:27:47,628][src.modRNN.training.training_loop][INFO] - train epoch 1264 loss 0.7636 accuracy 70.31%
[2026-06-20 08:27:47,630][src.modRNN.training.training_loop][INFO] - 	 Starting Epoch: 1265
[2026-06-20 08:27:48,359][src.modRNN.training.training_loop][INFO] - train epoch 1265 loss 0.6051 accuracy 71.88%
[2026-06-20 08:27:48,361][src.modRNN.training.training_loop][INFO] - 	 Starting Epoch: 1266
[2026-06-20 08:27:49,089][src.modRNN.training.training_loop][INFO] - train epoch 1266 loss 0.8287 accuracy 62.50%
[2026-06-20 08:27:49,091][src.modRNN.training.training_loop][INFO] - 	 Starting Epoch: 1267
[2026-06-20 08:27:49,819][src.modRNN.training.training_loop][INFO] - train epoch 1267 loss 0.5777 accuracy 71.88%
[2026-06-20 08:27:49,820][src.modRNN.training.training_loop][INFO] - 	 Starting Epoch: 1268
[2026-06-20 08:27:50,551][src.modRNN.training.training_loop][INFO] - train epoch 1268 loss 0.5522 accuracy 76.56%
[2026-06-20 08:27:50,553][src.modRNN.training.training_loop][INFO] - 	 Starting Epoch: 1269
[2026-06-20 08:27:51,280][src.modRNN.training.training_loop][INFO] - train epoch 1269 loss 0.4573 accuracy 81.25%
[2026-06-20 08:27:51,281][src.modRNN.training.training_loop][INFO] - 	 Starting Epoch: 1270
[2026-06-20 08:27:52,009][src.modRNN.training.training_loop][INFO] - train epoch 1270 loss 0.4783 accuracy 78.12%
[2026-06-20 08:27:52,011][src.modRNN.training.training_loop][INFO] - 	 Starting Epoch: 1271
[2026-06-20 08:27:52,739][src.modRNN.training.training_loop][INFO] - train epoch 1271 loss 0.4341 accuracy 82.81%
[2026-06-20 08:27:52,741][src.modRNN.training.training_loop][INFO] - 	 Starting Epoch: 1272
[2026-06-20 08:27:53,470][src.modRNN.training.training_loop][INFO] - train epoch 1272 loss 0.3875 accuracy 87.50%
[2026-06-20 08:27:53,472][src.modRNN.training.training_loop][INFO] - 	 Starting Epoch: 1273
[2026-06-20 08:27:54,199][src.modRNN.training.training_loop][INFO] - train epoch 1273 loss 0.4078 accuracy 84.38%
[2026-06-20 08:27:54,201][src.modRNN.training.training_loop][INFO] - 	 Starting Epoch: 1274
[2026-06-20 08:27:54,929][src.modRNN.training.training_loop][INFO] - train epoch 1274 loss 0.4797 accuracy 82.81%
[2026-06-20 08:27:54,930][src.modRNN.training.training_loop][INFO] - 	 Starting Epoch: 1275
[2026-06-20 08:27:55,658][src.modRNN.training.training_loop][INFO] - train epoch 1275 loss 0.5113 accuracy 78.12%
[2026-06-20 08:27:55,660][src.modRNN.training.training_loop][INFO] - 	 Starting Epoch: 1276
[2026-06-20 08:27:56,389][src.modRNN.training.training_loop][INFO] - train epoch 1276 loss 0.4374 accuracy 82.81%
[2026-06-20 08:27:57,522][src.modRNN.training.training_loop][INFO] - eval  epoch 1276 loss 0.4111 accuracy 85.55%
[2026-06-20 08:27:57,523][src.modRNN.training.training_loop][INFO] - 	 Starting Epoch: 1277
[2026-06-20 08:27:58,252][src.modRNN.training.training_loop][INFO] - train epoch 1277 loss 0.3944 accuracy 89.06%
[2026-06-20 08:27:58,254][src.modRNN.training.training_loop][INFO] - 	 Starting Epoch: 1278
[2026-06-20 08:27:58,985][src.modRNN.training.training_loop][INFO] - train epoch 1278 loss 0.3533 accuracy 90.62%
[2026-06-20 08:27:58,986][src.modRNN.training.training_loop][INFO] - 	 Starting Epoch: 1279
[2026-06-20 08:27:59,716][src.modRNN.training.training_loop][INFO] - train epoch 1279 loss 0.3584 accuracy 89.06%
[2026-06-20 08:27:59,717][src.modRNN.training.training_loop][INFO] - 	 Starting Epoch: 1280
[2026-06-20 08:28:00,445][src.modRNN.training.training_loop][INFO] - train epoch 1280 loss 0.3835 accuracy 89.06%
[2026-06-20 08:28:00,447][src.modRNN.training.training_loop][INFO] - 	 Starting Epoch: 1281
[2026-06-20 08:28:01,178][src.modRNN.training.training_loop][INFO] - train epoch 1281 loss 0.3289 accuracy 93.75%
[2026-06-20 08:28:01,180][src.modRNN.training.training_loop][INFO] - 	 Starting Epoch: 1282
[2026-06-20 08:28:01,910][src.modRNN.training.training_loop][INFO] - train epoch 1282 loss 0.3053 accuracy 95.31%
[2026-06-20 08:28:01,912][src.modRNN.training.training_loop][INFO] - 	 Starting Epoch: 1283
[2026-06-20 08:28:02,639][src.modRNN.training.training_loop][INFO] - train epoch 1283 loss 0.3032 accuracy 93.75%
[2026-06-20 08:28:02,641][src.modRNN.training.training_loop][INFO] - 	 Starting Epoch: 1284
[2026-06-20 08:28:03,371][src.modRNN.training.training_loop][INFO] - train epoch 1284 loss 0.3459 accuracy 87.50%
[2026-06-20 08:28:03,373][src.modRNN.training.training_loop][INFO] - 	 Starting Epoch: 1285
[2026-06-20 08:28:04,102][src.modRNN.training.training_loop][INFO] - train epoch 1285 loss 0.3860 accuracy 81.25%
[2026-06-20 08:28:04,104][src.modRNN.training.training_loop][INFO] - 	 Starting Epoch: 1286
[2026-06-20 08:28:04,833][src.modRNN.training.training_loop][INFO] - train epoch 1286 loss 0.4495 accuracy 73.44%
[2026-06-20 08:28:04,834][src.modRNN.training.training_loop][INFO] - 	 Starting Epoch: 1287
[2026-06-20 08:28:05,563][src.modRNN.training.training_loop][INFO] - train epoch 1287 loss 0.5483 accuracy 68.75%
[2026-06-20 08:28:05,565][src.modRNN.training.training_loop][INFO] - 	 Starting Epoch: 1288
[2026-06-20 08:28:06,295][src.modRNN.training.training_loop][INFO] - train epoch 1288 loss 0.3191 accuracy 92.19%
[2026-06-20 08:28:06,297][src.modRNN.training.training_loop][INFO] - 	 Starting Epoch: 1289
[2026-06-20 08:28:07,026][src.modRNN.training.training_loop][INFO] - train epoch 1289 loss 0.3168 accuracy 92.19%
[2026-06-20 08:28:07,028][src.modRNN.training.training_loop][INFO] - 	 Starting Epoch: 1290
[2026-06-20 08:28:07,758][src.modRNN.training.training_loop][INFO] - train epoch 1290 loss 0.2837 accuracy 93.75%
[2026-06-20 08:28:07,760][src.modRNN.training.training_loop][INFO] - 	 Starting Epoch: 1291
[2026-06-20 08:28:08,488][src.modRNN.training.training_loop][INFO] - train epoch 1291 loss 0.2959 accuracy 90.62%
[2026-06-20 08:28:08,490][src.modRNN.training.training_loop][INFO] - 	 Starting Epoch: 1292
[2026-06-20 08:28:09,218][src.modRNN.training.training_loop][INFO] - train epoch 1292 loss 0.3290 accuracy 89.06%
[2026-06-20 08:28:09,220][src.modRNN.training.training_loop][INFO] - 	 Starting Epoch: 1293
[2026-06-20 08:28:09,949][src.modRNN.training.training_loop][INFO] - train epoch 1293 loss 0.3707 accuracy 87.50%
[2026-06-20 08:28:09,951][src.modRNN.training.training_loop][INFO] - 	 Starting Epoch: 1294
[2026-06-20 08:28:10,681][src.modRNN.training.training_loop][INFO] - train epoch 1294 loss 0.3264 accuracy 89.06%
[2026-06-20 08:28:10,683][src.modRNN.training.training_loop][INFO] - 	 Starting Epoch: 1295
[2026-06-20 08:28:11,411][src.modRNN.training.training_loop][INFO] - train epoch 1295 loss 0.3601 accuracy 87.50%
[2026-06-20 08:28:11,412][src.modRNN.training.training_loop][INFO] - 	 Starting Epoch: 1296
[2026-06-20 08:28:12,141][src.modRNN.training.training_loop][INFO] - train epoch 1296 loss 0.3028 accuracy 92.19%
[2026-06-20 08:28:12,143][src.modRNN.training.training_loop][INFO] - 	 Starting Epoch: 1297
[2026-06-20 08:28:12,871][src.modRNN.training.training_loop][INFO] - train epoch 1297 loss 0.3321 accuracy 85.94%
[2026-06-20 08:28:12,873][src.modRNN.training.training_loop][INFO] - 	 Starting Epoch: 1298
[2026-06-20 08:28:13,601][src.modRNN.training.training_loop][INFO] - train epoch 1298 loss 0.2773 accuracy 93.75%
[2026-06-20 08:28:13,603][src.modRNN.training.training_loop][INFO] - 	 Starting Epoch: 1299
[2026-06-20 08:28:14,331][src.modRNN.training.training_loop][INFO] - train epoch 1299 loss 0.3163 accuracy 90.62%
[2026-06-20 08:28:14,333][src.modRNN.training.training_loop][INFO] - 	 Starting Epoch: 1300
[2026-06-20 08:28:15,064][src.modRNN.training.training_loop][INFO] - train epoch 1300 loss 0.3863 accuracy 84.38%
[2026-06-20 08:28:15,066][src.modRNN.training.training_loop][INFO] - 	 Starting Epoch: 1301
[2026-06-20 08:28:15,795][src.modRNN.training.training_loop][INFO] - train epoch 1301 loss 0.4121 accuracy 81.25%
[2026-06-20 08:28:16,929][src.modRNN.training.training_loop][INFO] - eval  epoch 1301 loss 0.3140 accuracy 88.87%
[2026-06-20 08:28:16,930][src.modRNN.training.training_loop][INFO] - 	 Starting Epoch: 1302
[2026-06-20 08:28:17,661][src.modRNN.training.training_loop][INFO] - train epoch 1302 loss 0.3399 accuracy 84.38%
[2026-06-20 08:28:17,663][src.modRNN.training.training_loop][INFO] - 	 Starting Epoch: 1303
[2026-06-20 08:28:18,390][src.modRNN.training.training_loop][INFO] - train epoch 1303 loss 0.3490 accuracy 85.94%
[2026-06-20 08:28:18,392][src.modRNN.training.training_loop][INFO] - 	 Starting Epoch: 1304
[2026-06-20 08:28:19,118][src.modRNN.training.training_loop][INFO] - train epoch 1304 loss 0.2810 accuracy 92.19%
[2026-06-20 08:28:19,120][src.modRNN.training.training_loop][INFO] - 	 Starting Epoch: 1305
[2026-06-20 08:28:19,849][src.modRNN.training.training_loop][INFO] - train epoch 1305 loss 0.3102 accuracy 89.06%
[2026-06-20 08:28:19,850][src.modRNN.training.training_loop][INFO] - 	 Starting Epoch: 1306
[2026-06-20 08:28:20,580][src.modRNN.training.training_loop][INFO] - train epoch 1306 loss 0.2458 accuracy 92.19%
[2026-06-20 08:28:20,582][src.modRNN.training.training_loop][INFO] - 	 Starting Epoch: 1307
[2026-06-20 08:28:21,310][src.modRNN.training.training_loop][INFO] - train epoch 1307 loss 0.3797 accuracy 82.81%
[2026-06-20 08:28:21,312][src.modRNN.training.training_loop][INFO] - 	 Starting Epoch: 1308
[2026-06-20 08:28:22,039][src.modRNN.training.training_loop][INFO] - train epoch 1308 loss 0.4065 accuracy 81.25%
[2026-06-20 08:28:22,041][src.modRNN.training.training_loop][INFO] - 	 Starting Epoch: 1309
[2026-06-20 08:28:22,772][src.modRNN.training.training_loop][INFO] - train epoch 1309 loss 0.3308 accuracy 82.81%
[2026-06-20 08:28:22,773][src.modRNN.training.training_loop][INFO] - 	 Starting Epoch: 1310
[2026-06-20 08:28:23,500][src.modRNN.training.training_loop][INFO] - train epoch 1310 loss 0.3960 accuracy 82.81%
[2026-06-20 08:28:23,502][src.modRNN.training.training_loop][INFO] - 	 Starting Epoch: 1311
[2026-06-20 08:28:24,231][src.modRNN.training.training_loop][INFO] - train epoch 1311 loss 0.3953 accuracy 81.25%
[2026-06-20 08:28:24,232][src.modRNN.training.training_loop][INFO] - 	 Starting Epoch: 1312
[2026-06-20 08:28:24,959][src.modRNN.training.training_loop][INFO] - train epoch 1312 loss 0.3449 accuracy 85.94%
[2026-06-20 08:28:24,960][src.modRNN.training.training_loop][INFO] - 	 Starting Epoch: 1313
[2026-06-20 08:28:25,688][src.modRNN.training.training_loop][INFO] - train epoch 1313 loss 0.3214 accuracy 87.50%
[2026-06-20 08:28:25,689][src.modRNN.training.training_loop][INFO] - 	 Starting Epoch: 1314
[2026-06-20 08:28:26,417][src.modRNN.training.training_loop][INFO] - train epoch 1314 loss 0.3566 accuracy 87.50%
[2026-06-20 08:28:26,419][src.modRNN.training.training_loop][INFO] - 	 Starting Epoch: 1315
[2026-06-20 08:28:27,147][src.modRNN.training.training_loop][INFO] - train epoch 1315 loss 0.4280 accuracy 82.81%
[2026-06-20 08:28:27,148][src.modRNN.training.training_loop][INFO] - 	 Starting Epoch: 1316
[2026-06-20 08:28:27,876][src.modRNN.training.training_loop][INFO] - train epoch 1316 loss 0.4903 accuracy 82.81%
[2026-06-20 08:28:27,877][src.modRNN.training.training_loop][INFO] - 	 Starting Epoch: 1317
[2026-06-20 08:28:28,607][src.modRNN.training.training_loop][INFO] - train epoch 1317 loss 0.3980 accuracy 82.81%
[2026-06-20 08:28:28,609][src.modRNN.training.training_loop][INFO] - 	 Starting Epoch: 1318
[2026-06-20 08:28:29,336][src.modRNN.training.training_loop][INFO] - train epoch 1318 loss 0.4329 accuracy 81.25%
[2026-06-20 08:28:29,338][src.modRNN.training.training_loop][INFO] - 	 Starting Epoch: 1319
[2026-06-20 08:28:30,066][src.modRNN.training.training_loop][INFO] - train epoch 1319 loss 0.3450 accuracy 89.06%
[2026-06-20 08:28:30,068][src.modRNN.training.training_loop][INFO] - 	 Starting Epoch: 1320
[2026-06-20 08:28:30,796][src.modRNN.training.training_loop][INFO] - train epoch 1320 loss 0.3615 accuracy 85.94%
[2026-06-20 08:28:30,797][src.modRNN.training.training_loop][INFO] - 	 Starting Epoch: 1321
[2026-06-20 08:28:31,530][src.modRNN.training.training_loop][INFO] - train epoch 1321 loss 0.4387 accuracy 84.38%
[2026-06-20 08:28:31,532][src.modRNN.training.training_loop][INFO] - 	 Starting Epoch: 1322
[2026-06-20 08:28:32,259][src.modRNN.training.training_loop][INFO] - train epoch 1322 loss 0.4677 accuracy 82.81%
[2026-06-20 08:28:32,261][src.modRNN.training.training_loop][INFO] - 	 Starting Epoch: 1323
[2026-06-20 08:28:32,988][src.modRNN.training.training_loop][INFO] - train epoch 1323 loss 0.3533 accuracy 90.62%
[2026-06-20 08:28:32,990][src.modRNN.training.training_loop][INFO] - 	 Starting Epoch: 1324
[2026-06-20 08:28:33,718][src.modRNN.training.training_loop][INFO] - train epoch 1324 loss 0.5059 accuracy 81.25%
[2026-06-20 08:28:33,720][src.modRNN.training.training_loop][INFO] - 	 Starting Epoch: 1325
[2026-06-20 08:28:34,449][src.modRNN.training.training_loop][INFO] - train epoch 1325 loss 0.4750 accuracy 81.25%
[2026-06-20 08:28:34,451][src.modRNN.training.training_loop][INFO] - 	 Starting Epoch: 1326
[2026-06-20 08:28:35,178][src.modRNN.training.training_loop][INFO] - train epoch 1326 loss 0.4747 accuracy 79.69%
[2026-06-20 08:28:36,311][src.modRNN.training.training_loop][INFO] - eval  epoch 1326 loss 0.4356 accuracy 85.35%
[2026-06-20 08:28:36,312][src.modRNN.training.training_loop][INFO] - 	 Starting Epoch: 1327
[2026-06-20 08:28:37,044][src.modRNN.training.training_loop][INFO] - train epoch 1327 loss 0.3827 accuracy 89.06%
[2026-06-20 08:28:37,045][src.modRNN.training.training_loop][INFO] - 	 Starting Epoch: 1328
[2026-06-20 08:28:37,774][src.modRNN.training.training_loop][INFO] - train epoch 1328 loss 0.5852 accuracy 81.25%
[2026-06-20 08:28:37,776][src.modRNN.training.training_loop][INFO] - 	 Starting Epoch: 1329
[2026-06-20 08:28:38,506][src.modRNN.training.training_loop][INFO] - train epoch 1329 loss 0.4191 accuracy 85.94%
[2026-06-20 08:28:38,508][src.modRNN.training.training_loop][INFO] - 	 Starting Epoch: 1330
[2026-06-20 08:28:39,237][src.modRNN.training.training_loop][INFO] - train epoch 1330 loss 0.4102 accuracy 87.50%
[2026-06-20 08:28:39,239][src.modRNN.training.training_loop][INFO] - 	 Starting Epoch: 1331
[2026-06-20 08:28:39,970][src.modRNN.training.training_loop][INFO] - train epoch 1331 loss 0.4121 accuracy 87.50%
[2026-06-20 08:28:39,971][src.modRNN.training.training_loop][INFO] - 	 Starting Epoch: 1332
[2026-06-20 08:28:40,700][src.modRNN.training.training_loop][INFO] - train epoch 1332 loss 0.3901 accuracy 84.38%
[2026-06-20 08:28:40,702][src.modRNN.training.training_loop][INFO] - 	 Starting Epoch: 1333
[2026-06-20 08:28:41,430][src.modRNN.training.training_loop][INFO] - train epoch 1333 loss 0.3903 accuracy 89.06%
[2026-06-20 08:28:41,432][src.modRNN.training.training_loop][INFO] - 	 Starting Epoch: 1334
[2026-06-20 08:28:42,161][src.modRNN.training.training_loop][INFO] - train epoch 1334 loss 0.4908 accuracy 82.81%
[2026-06-20 08:28:42,162][src.modRNN.training.training_loop][INFO] - 	 Starting Epoch: 1335
[2026-06-20 08:28:42,890][src.modRNN.training.training_loop][INFO] - train epoch 1335 loss 0.3127 accuracy 89.06%
[2026-06-20 08:28:42,892][src.modRNN.training.training_loop][INFO] - 	 Starting Epoch: 1336
[2026-06-20 08:28:43,622][src.modRNN.training.training_loop][INFO] - train epoch 1336 loss 0.4151 accuracy 85.94%
[2026-06-20 08:28:43,624][src.modRNN.training.training_loop][INFO] - 	 Starting Epoch: 1337
[2026-06-20 08:28:44,355][src.modRNN.training.training_loop][INFO] - train epoch 1337 loss 0.3777 accuracy 85.94%
[2026-06-20 08:28:44,357][src.modRNN.training.training_loop][INFO] - 	 Starting Epoch: 1338
[2026-06-20 08:28:45,089][src.modRNN.training.training_loop][INFO] - train epoch 1338 loss 0.3866 accuracy 90.62%
[2026-06-20 08:28:45,091][src.modRNN.training.training_loop][INFO] - 	 Starting Epoch: 1339
[2026-06-20 08:28:45,820][src.modRNN.training.training_loop][INFO] - train epoch 1339 loss 0.3200 accuracy 90.62%
[2026-06-20 08:28:45,822][src.modRNN.training.training_loop][INFO] - 	 Starting Epoch: 1340
[2026-06-20 08:28:46,551][src.modRNN.training.training_loop][INFO] - train epoch 1340 loss 0.5151 accuracy 79.69%
[2026-06-20 08:28:46,553][src.modRNN.training.training_loop][INFO] - 	 Starting Epoch: 1341
[2026-06-20 08:28:47,281][src.modRNN.training.training_loop][INFO] - train epoch 1341 loss 0.3118 accuracy 92.19%
[2026-06-20 08:28:47,283][src.modRNN.training.training_loop][INFO] - 	 Starting Epoch: 1342
[2026-06-20 08:28:48,010][src.modRNN.training.training_loop][INFO] - train epoch 1342 loss 0.4047 accuracy 81.25%
[2026-06-20 08:28:48,012][src.modRNN.training.training_loop][INFO] - 	 Starting Epoch: 1343
[2026-06-20 08:28:48,741][src.modRNN.training.training_loop][INFO] - train epoch 1343 loss 0.3651 accuracy 87.50%
[2026-06-20 08:28:48,742][src.modRNN.training.training_loop][INFO] - 	 Starting Epoch: 1344
[2026-06-20 08:28:49,470][src.modRNN.training.training_loop][INFO] - train epoch 1344 loss 0.3262 accuracy 92.19%
[2026-06-20 08:28:49,472][src.modRNN.training.training_loop][INFO] - 	 Starting Epoch: 1345
[2026-06-20 08:28:50,200][src.modRNN.training.training_loop][INFO] - train epoch 1345 loss 0.2547 accuracy 96.88%
[2026-06-20 08:28:50,202][src.modRNN.training.training_loop][INFO] - 	 Starting Epoch: 1346
[2026-06-20 08:28:50,931][src.modRNN.training.training_loop][INFO] - train epoch 1346 loss 0.2650 accuracy 93.75%
[2026-06-20 08:28:50,933][src.modRNN.training.training_loop][INFO] - 	 Starting Epoch: 1347
[2026-06-20 08:28:51,662][src.modRNN.training.training_loop][INFO] - train epoch 1347 loss 0.3602 accuracy 89.06%
[2026-06-20 08:28:51,663][src.modRNN.training.training_loop][INFO] - 	 Starting Epoch: 1348
[2026-06-20 08:28:52,391][src.modRNN.training.training_loop][INFO] - train epoch 1348 loss 0.3529 accuracy 82.81%
[2026-06-20 08:28:52,393][src.modRNN.training.training_loop][INFO] - 	 Starting Epoch: 1349
[2026-06-20 08:28:53,122][src.modRNN.training.training_loop][INFO] - train epoch 1349 loss 0.2951 accuracy 90.62%
[2026-06-20 08:28:53,123][src.modRNN.training.training_loop][INFO] - 	 Starting Epoch: 1350
[2026-06-20 08:28:53,852][src.modRNN.training.training_loop][INFO] - train epoch 1350 loss 0.3839 accuracy 90.62%
[2026-06-20 08:28:53,854][src.modRNN.training.training_loop][INFO] - 	 Starting Epoch: 1351
[2026-06-20 08:28:54,582][src.modRNN.training.training_loop][INFO] - train epoch 1351 loss 0.3254 accuracy 89.06%
[2026-06-20 08:28:55,714][src.modRNN.training.training_loop][INFO] - eval  epoch 1351 loss 0.3478 accuracy 87.89%
[2026-06-20 08:28:55,716][src.modRNN.training.training_loop][INFO] - 	 Starting Epoch: 1352
[2026-06-20 08:28:56,444][src.modRNN.training.training_loop][INFO] - train epoch 1352 loss 0.2986 accuracy 89.06%
[2026-06-20 08:28:56,445][src.modRNN.training.training_loop][INFO] - 	 Starting Epoch: 1353
[2026-06-20 08:28:57,175][src.modRNN.training.training_loop][INFO] - train epoch 1353 loss 0.3964 accuracy 84.38%
[2026-06-20 08:28:57,177][src.modRNN.training.training_loop][INFO] - 	 Starting Epoch: 1354
[2026-06-20 08:28:57,905][src.modRNN.training.training_loop][INFO] - train epoch 1354 loss 0.3127 accuracy 92.19%
[2026-06-20 08:28:57,907][src.modRNN.training.training_loop][INFO] - 	 Starting Epoch: 1355
[2026-06-20 08:28:58,637][src.modRNN.training.training_loop][INFO] - train epoch 1355 loss 0.2959 accuracy 92.19%
[2026-06-20 08:28:58,639][src.modRNN.training.training_loop][INFO] - 	 Starting Epoch: 1356
[2026-06-20 08:28:59,366][src.modRNN.training.training_loop][INFO] - train epoch 1356 loss 0.3200 accuracy 92.19%
[2026-06-20 08:28:59,368][src.modRNN.training.training_loop][INFO] - 	 Starting Epoch: 1357
[2026-06-20 08:29:00,095][src.modRNN.training.training_loop][INFO] - train epoch 1357 loss 0.3975 accuracy 79.69%
[2026-06-20 08:29:00,097][src.modRNN.training.training_loop][INFO] - 	 Starting Epoch: 1358
[2026-06-20 08:29:00,825][src.modRNN.training.training_loop][INFO] - train epoch 1358 loss 0.3841 accuracy 81.25%
[2026-06-20 08:29:00,827][src.modRNN.training.training_loop][INFO] - 	 Starting Epoch: 1359
[2026-06-20 08:29:01,555][src.modRNN.training.training_loop][INFO] - train epoch 1359 loss 0.3898 accuracy 82.81%
[2026-06-20 08:29:01,557][src.modRNN.training.training_loop][INFO] - 	 Starting Epoch: 1360
[2026-06-20 08:29:02,285][src.modRNN.training.training_loop][INFO] - train epoch 1360 loss 0.3338 accuracy 84.38%
[2026-06-20 08:29:02,287][src.modRNN.training.training_loop][INFO] - 	 Starting Epoch: 1361
[2026-06-20 08:29:03,016][src.modRNN.training.training_loop][INFO] - train epoch 1361 loss 0.3269 accuracy 85.94%
[2026-06-20 08:29:03,018][src.modRNN.training.training_loop][INFO] - 	 Starting Epoch: 1362
[2026-06-20 08:29:03,746][src.modRNN.training.training_loop][INFO] - train epoch 1362 loss 0.3182 accuracy 89.06%
[2026-06-20 08:29:03,748][src.modRNN.training.training_loop][INFO] - 	 Starting Epoch: 1363
[2026-06-20 08:29:04,475][src.modRNN.training.training_loop][INFO] - train epoch 1363 loss 0.2553 accuracy 90.62%
[2026-06-20 08:29:04,476][src.modRNN.training.training_loop][INFO] - 	 Starting Epoch: 1364
[2026-06-20 08:29:05,205][src.modRNN.training.training_loop][INFO] - train epoch 1364 loss 0.2869 accuracy 92.19%
[2026-06-20 08:29:05,207][src.modRNN.training.training_loop][INFO] - 	 Starting Epoch: 1365
[2026-06-20 08:29:05,935][src.modRNN.training.training_loop][INFO] - train epoch 1365 loss 0.3134 accuracy 93.75%
[2026-06-20 08:29:05,937][src.modRNN.training.training_loop][INFO] - 	 Starting Epoch: 1366
[2026-06-20 08:29:06,664][src.modRNN.training.training_loop][INFO] - train epoch 1366 loss 0.2569 accuracy 92.19%
[2026-06-20 08:29:06,666][src.modRNN.training.training_loop][INFO] - 	 Starting Epoch: 1367
[2026-06-20 08:29:07,395][src.modRNN.training.training_loop][INFO] - train epoch 1367 loss 0.3737 accuracy 85.94%
[2026-06-20 08:29:07,396][src.modRNN.training.training_loop][INFO] - 	 Starting Epoch: 1368
[2026-06-20 08:29:08,124][src.modRNN.training.training_loop][INFO] - train epoch 1368 loss 0.3562 accuracy 89.06%
[2026-06-20 08:29:08,125][src.modRNN.training.training_loop][INFO] - 	 Starting Epoch: 1369
[2026-06-20 08:29:08,853][src.modRNN.training.training_loop][INFO] - train epoch 1369 loss 0.3688 accuracy 87.50%
[2026-06-20 08:29:08,855][src.modRNN.training.training_loop][INFO] - 	 Starting Epoch: 1370
[2026-06-20 08:29:09,583][src.modRNN.training.training_loop][INFO] - train epoch 1370 loss 0.3138 accuracy 92.19%
[2026-06-20 08:29:09,585][src.modRNN.training.training_loop][INFO] - 	 Starting Epoch: 1371
[2026-06-20 08:29:10,313][src.modRNN.training.training_loop][INFO] - train epoch 1371 loss 0.2445 accuracy 93.75%
[2026-06-20 08:29:10,314][src.modRNN.training.training_loop][INFO] - 	 Starting Epoch: 1372
[2026-06-20 08:29:11,041][src.modRNN.training.training_loop][INFO] - train epoch 1372 loss 0.3315 accuracy 84.38%
[2026-06-20 08:29:11,043][src.modRNN.training.training_loop][INFO] - 	 Starting Epoch: 1373
[2026-06-20 08:29:11,772][src.modRNN.training.training_loop][INFO] - train epoch 1373 loss 0.2257 accuracy 95.31%
[2026-06-20 08:29:11,774][src.modRNN.training.training_loop][INFO] - 	 Starting Epoch: 1374
[2026-06-20 08:29:12,503][src.modRNN.training.training_loop][INFO] - train epoch 1374 loss 0.3412 accuracy 89.06%
[2026-06-20 08:29:12,505][src.modRNN.training.training_loop][INFO] - 	 Starting Epoch: 1375
[2026-06-20 08:29:13,233][src.modRNN.training.training_loop][INFO] - train epoch 1375 loss 0.3793 accuracy 89.06%
[2026-06-20 08:29:13,235][src.modRNN.training.training_loop][INFO] - 	 Starting Epoch: 1376
[2026-06-20 08:29:13,963][src.modRNN.training.training_loop][INFO] - train epoch 1376 loss 0.2906 accuracy 90.62%
[2026-06-20 08:29:15,090][src.modRNN.training.training_loop][INFO] - eval  epoch 1376 loss 0.2781 accuracy 91.80%
[2026-06-20 08:29:15,092][src.modRNN.training.training_loop][INFO] - 	 Starting Epoch: 1377
[2026-06-20 08:29:15,820][src.modRNN.training.training_loop][INFO] - train epoch 1377 loss 0.2179 accuracy 96.88%
[2026-06-20 08:29:15,821][src.modRNN.training.training_loop][INFO] - 	 Starting Epoch: 1378
[2026-06-20 08:29:16,549][src.modRNN.training.training_loop][INFO] - train epoch 1378 loss 0.3140 accuracy 90.62%
[2026-06-20 08:29:16,551][src.modRNN.training.training_loop][INFO] - 	 Starting Epoch: 1379
[2026-06-20 08:29:17,281][src.modRNN.training.training_loop][INFO] - train epoch 1379 loss 0.3316 accuracy 85.94%
[2026-06-20 08:29:17,283][src.modRNN.training.training_loop][INFO] - 	 Starting Epoch: 1380
[2026-06-20 08:29:18,012][src.modRNN.training.training_loop][INFO] - train epoch 1380 loss 0.2902 accuracy 90.62%
[2026-06-20 08:29:18,013][src.modRNN.training.training_loop][INFO] - 	 Starting Epoch: 1381
[2026-06-20 08:29:18,742][src.modRNN.training.training_loop][INFO] - train epoch 1381 loss 0.2711 accuracy 92.19%
[2026-06-20 08:29:18,743][src.modRNN.training.training_loop][INFO] - 	 Starting Epoch: 1382
[2026-06-20 08:29:19,473][src.modRNN.training.training_loop][INFO] - train epoch 1382 loss 0.2479 accuracy 93.75%
[2026-06-20 08:29:19,474][src.modRNN.training.training_loop][INFO] - 	 Starting Epoch: 1383
[2026-06-20 08:29:20,203][src.modRNN.training.training_loop][INFO] - train epoch 1383 loss 0.2749 accuracy 92.19%
[2026-06-20 08:29:20,205][src.modRNN.training.training_loop][INFO] - 	 Starting Epoch: 1384
[2026-06-20 08:29:20,933][src.modRNN.training.training_loop][INFO] - train epoch 1384 loss 0.2197 accuracy 96.88%
[2026-06-20 08:29:20,934][src.modRNN.training.training_loop][INFO] - 	 Starting Epoch: 1385
[2026-06-20 08:29:21,664][src.modRNN.training.training_loop][INFO] - train epoch 1385 loss 0.3665 accuracy 84.38%
[2026-06-20 08:29:21,665][src.modRNN.training.training_loop][INFO] - 	 Starting Epoch: 1386
[2026-06-20 08:29:22,394][src.modRNN.training.training_loop][INFO] - train epoch 1386 loss 0.2228 accuracy 95.31%
[2026-06-20 08:29:22,395][src.modRNN.training.training_loop][INFO] - 	 Starting Epoch: 1387
[2026-06-20 08:29:23,124][src.modRNN.training.training_loop][INFO] - train epoch 1387 loss 0.2476 accuracy 90.62%
[2026-06-20 08:29:23,125][src.modRNN.training.training_loop][INFO] - 	 Starting Epoch: 1388
[2026-06-20 08:29:23,854][src.modRNN.training.training_loop][INFO] - train epoch 1388 loss 0.2876 accuracy 89.06%
[2026-06-20 08:29:23,856][src.modRNN.training.training_loop][INFO] - 	 Starting Epoch: 1389
[2026-06-20 08:29:24,584][src.modRNN.training.training_loop][INFO] - train epoch 1389 loss 0.2656 accuracy 87.50%
[2026-06-20 08:29:24,585][src.modRNN.training.training_loop][INFO] - 	 Starting Epoch: 1390
[2026-06-20 08:29:25,314][src.modRNN.training.training_loop][INFO] - train epoch 1390 loss 0.2798 accuracy 87.50%
[2026-06-20 08:29:25,315][src.modRNN.training.training_loop][INFO] - 	 Starting Epoch: 1391
[2026-06-20 08:29:26,044][src.modRNN.training.training_loop][INFO] - train epoch 1391 loss 0.2225 accuracy 93.75%
[2026-06-20 08:29:26,046][src.modRNN.training.training_loop][INFO] - 	 Starting Epoch: 1392
[2026-06-20 08:29:26,775][src.modRNN.training.training_loop][INFO] - train epoch 1392 loss 0.3757 accuracy 85.94%
[2026-06-20 08:29:26,777][src.modRNN.training.training_loop][INFO] - 	 Starting Epoch: 1393
[2026-06-20 08:29:27,505][src.modRNN.training.training_loop][INFO] - train epoch 1393 loss 0.2280 accuracy 96.88%
[2026-06-20 08:29:27,507][src.modRNN.training.training_loop][INFO] - 	 Starting Epoch: 1394
[2026-06-20 08:29:28,238][src.modRNN.training.training_loop][INFO] - train epoch 1394 loss 0.3333 accuracy 92.19%
[2026-06-20 08:29:28,240][src.modRNN.training.training_loop][INFO] - 	 Starting Epoch: 1395
[2026-06-20 08:29:28,967][src.modRNN.training.training_loop][INFO] - train epoch 1395 loss 0.2762 accuracy 90.62%
[2026-06-20 08:29:28,969][src.modRNN.training.training_loop][INFO] - 	 Starting Epoch: 1396
[2026-06-20 08:29:29,700][src.modRNN.training.training_loop][INFO] - train epoch 1396 loss 0.2013 accuracy 98.44%
[2026-06-20 08:29:29,701][src.modRNN.training.training_loop][INFO] - 	 Starting Epoch: 1397
[2026-06-20 08:29:30,429][src.modRNN.training.training_loop][INFO] - train epoch 1397 loss 0.2711 accuracy 93.75%
[2026-06-20 08:29:30,431][src.modRNN.training.training_loop][INFO] - 	 Starting Epoch: 1398
[2026-06-20 08:29:31,161][src.modRNN.training.training_loop][INFO] - train epoch 1398 loss 0.2674 accuracy 95.31%
[2026-06-20 08:29:31,163][src.modRNN.training.training_loop][INFO] - 	 Starting Epoch: 1399
[2026-06-20 08:29:31,891][src.modRNN.training.training_loop][INFO] - train epoch 1399 loss 0.2741 accuracy 93.75%
[2026-06-20 08:29:31,893][src.modRNN.training.training_loop][INFO] - 	 Starting Epoch: 1400
[2026-06-20 08:29:32,620][src.modRNN.training.training_loop][INFO] - train epoch 1400 loss 0.2391 accuracy 93.75%
[2026-06-20 08:29:32,622][src.modRNN.training.training_loop][INFO] - 	 Starting Epoch: 1401
[2026-06-20 08:29:33,350][src.modRNN.training.training_loop][INFO] - train epoch 1401 loss 0.1987 accuracy 96.88%
[2026-06-20 08:29:34,486][src.modRNN.training.training_loop][INFO] - eval  epoch 1401 loss 0.2778 accuracy 91.41%
[2026-06-20 08:29:34,488][src.modRNN.training.training_loop][INFO] - 	 Starting Epoch: 1402
[2026-06-20 08:29:35,216][src.modRNN.training.training_loop][INFO] - train epoch 1402 loss 0.2508 accuracy 95.31%
[2026-06-20 08:29:35,217][src.modRNN.training.training_loop][INFO] - 	 Starting Epoch: 1403
[2026-06-20 08:29:35,946][src.modRNN.training.training_loop][INFO] - train epoch 1403 loss 0.2746 accuracy 90.62%
[2026-06-20 08:29:35,947][src.modRNN.training.training_loop][INFO] - 	 Starting Epoch: 1404
[2026-06-20 08:29:36,677][src.modRNN.training.training_loop][INFO] - train epoch 1404 loss 0.2813 accuracy 92.19%
[2026-06-20 08:29:36,679][src.modRNN.training.training_loop][INFO] - 	 Starting Epoch: 1405
[2026-06-20 08:29:37,411][src.modRNN.training.training_loop][INFO] - train epoch 1405 loss 0.2010 accuracy 95.31%
[2026-06-20 08:29:37,413][src.modRNN.training.training_loop][INFO] - 	 Starting Epoch: 1406
[2026-06-20 08:29:38,140][src.modRNN.training.training_loop][INFO] - train epoch 1406 loss 0.3057 accuracy 92.19%
[2026-06-20 08:29:38,142][src.modRNN.training.training_loop][INFO] - 	 Starting Epoch: 1407
[2026-06-20 08:29:38,873][src.modRNN.training.training_loop][INFO] - train epoch 1407 loss 0.2278 accuracy 92.19%
[2026-06-20 08:29:38,874][src.modRNN.training.training_loop][INFO] - 	 Starting Epoch: 1408
[2026-06-20 08:29:39,602][src.modRNN.training.training_loop][INFO] - train epoch 1408 loss 0.2617 accuracy 90.62%
[2026-06-20 08:29:39,604][src.modRNN.training.training_loop][INFO] - 	 Starting Epoch: 1409
[2026-06-20 08:29:40,332][src.modRNN.training.training_loop][INFO] - train epoch 1409 loss 0.2407 accuracy 93.75%
[2026-06-20 08:29:40,334][src.modRNN.training.training_loop][INFO] - 	 Starting Epoch: 1410
[2026-06-20 08:29:41,060][src.modRNN.training.training_loop][INFO] - train epoch 1410 loss 0.2242 accuracy 93.75%
[2026-06-20 08:29:41,062][src.modRNN.training.training_loop][INFO] - 	 Starting Epoch: 1411
[2026-06-20 08:29:41,792][src.modRNN.training.training_loop][INFO] - train epoch 1411 loss 0.3226 accuracy 87.50%
[2026-06-20 08:29:41,794][src.modRNN.training.training_loop][INFO] - 	 Starting Epoch: 1412
[2026-06-20 08:29:42,523][src.modRNN.training.training_loop][INFO] - train epoch 1412 loss 0.2752 accuracy 89.06%
[2026-06-20 08:29:42,525][src.modRNN.training.training_loop][INFO] - 	 Starting Epoch: 1413
[2026-06-20 08:29:43,253][src.modRNN.training.training_loop][INFO] - train epoch 1413 loss 0.2315 accuracy 95.31%
[2026-06-20 08:29:43,255][src.modRNN.training.training_loop][INFO] - 	 Starting Epoch: 1414
[2026-06-20 08:29:43,983][src.modRNN.training.training_loop][INFO] - train epoch 1414 loss 0.2489 accuracy 93.75%
[2026-06-20 08:29:43,984][src.modRNN.training.training_loop][INFO] - 	 Starting Epoch: 1415
[2026-06-20 08:29:44,713][src.modRNN.training.training_loop][INFO] - train epoch 1415 loss 0.2505 accuracy 92.19%
[2026-06-20 08:29:44,715][src.modRNN.training.training_loop][INFO] - 	 Starting Epoch: 1416
[2026-06-20 08:29:45,443][src.modRNN.training.training_loop][INFO] - train epoch 1416 loss 0.3028 accuracy 87.50%
[2026-06-20 08:29:45,445][src.modRNN.training.training_loop][INFO] - 	 Starting Epoch: 1417
[2026-06-20 08:29:46,174][src.modRNN.training.training_loop][INFO] - train epoch 1417 loss 0.2040 accuracy 95.31%
[2026-06-20 08:29:46,176][src.modRNN.training.training_loop][INFO] - 	 Starting Epoch: 1418
[2026-06-20 08:29:46,905][src.modRNN.training.training_loop][INFO] - train epoch 1418 loss 0.2482 accuracy 95.31%
[2026-06-20 08:29:46,907][src.modRNN.training.training_loop][INFO] - 	 Starting Epoch: 1419
[2026-06-20 08:29:47,635][src.modRNN.training.training_loop][INFO] - train epoch 1419 loss 0.3536 accuracy 87.50%
[2026-06-20 08:29:47,637][src.modRNN.training.training_loop][INFO] - 	 Starting Epoch: 1420
[2026-06-20 08:29:48,365][src.modRNN.training.training_loop][INFO] - train epoch 1420 loss 0.2878 accuracy 93.75%
[2026-06-20 08:29:48,366][src.modRNN.training.training_loop][INFO] - 	 Starting Epoch: 1421
[2026-06-20 08:29:49,096][src.modRNN.training.training_loop][INFO] - train epoch 1421 loss 0.3624 accuracy 87.50%
[2026-06-20 08:29:49,098][src.modRNN.training.training_loop][INFO] - 	 Starting Epoch: 1422
[2026-06-20 08:29:49,826][src.modRNN.training.training_loop][INFO] - train epoch 1422 loss 0.3187 accuracy 90.62%
[2026-06-20 08:29:49,827][src.modRNN.training.training_loop][INFO] - 	 Starting Epoch: 1423
[2026-06-20 08:29:50,556][src.modRNN.training.training_loop][INFO] - train epoch 1423 loss 0.2967 accuracy 90.62%
[2026-06-20 08:29:50,558][src.modRNN.training.training_loop][INFO] - 	 Starting Epoch: 1424
[2026-06-20 08:29:51,288][src.modRNN.training.training_loop][INFO] - train epoch 1424 loss 0.1999 accuracy 96.88%
[2026-06-20 08:29:51,290][src.modRNN.training.training_loop][INFO] - 	 Starting Epoch: 1425
[2026-06-20 08:29:52,020][src.modRNN.training.training_loop][INFO] - train epoch 1425 loss 0.2221 accuracy 93.75%
[2026-06-20 08:29:52,021][src.modRNN.training.training_loop][INFO] - 	 Starting Epoch: 1426
[2026-06-20 08:29:52,750][src.modRNN.training.training_loop][INFO] - train epoch 1426 loss 0.2586 accuracy 92.19%
[2026-06-20 08:29:53,883][src.modRNN.training.training_loop][INFO] - eval  epoch 1426 loss 0.2719 accuracy 93.16%
[2026-06-20 08:29:53,884][src.modRNN.training.training_loop][INFO] - 	 Starting Epoch: 1427
[2026-06-20 08:29:54,612][src.modRNN.training.training_loop][INFO] - train epoch 1427 loss 0.3082 accuracy 89.06%
[2026-06-20 08:29:54,614][src.modRNN.training.training_loop][INFO] - 	 Starting Epoch: 1428
[2026-06-20 08:29:55,343][src.modRNN.training.training_loop][INFO] - train epoch 1428 loss 0.1946 accuracy 96.88%
[2026-06-20 08:29:55,344][src.modRNN.training.training_loop][INFO] - 	 Starting Epoch: 1429
[2026-06-20 08:29:56,073][src.modRNN.training.training_loop][INFO] - train epoch 1429 loss 0.1506 accuracy 100.00%
[2026-06-20 08:29:56,075][src.modRNN.training.training_loop][INFO] - 	 Starting Epoch: 1430
[2026-06-20 08:29:56,804][src.modRNN.training.training_loop][INFO] - train epoch 1430 loss 0.4182 accuracy 81.25%
[2026-06-20 08:29:56,806][src.modRNN.training.training_loop][INFO] - 	 Starting Epoch: 1431
[2026-06-20 08:29:57,535][src.modRNN.training.training_loop][INFO] - train epoch 1431 loss 0.3847 accuracy 81.25%
[2026-06-20 08:29:57,537][src.modRNN.training.training_loop][INFO] - 	 Starting Epoch: 1432
[2026-06-20 08:29:58,266][src.modRNN.training.training_loop][INFO] - train epoch 1432 loss 0.3082 accuracy 89.06%
[2026-06-20 08:29:58,268][src.modRNN.training.training_loop][INFO] - 	 Starting Epoch: 1433
[2026-06-20 08:29:58,998][src.modRNN.training.training_loop][INFO] - train epoch 1433 loss 0.2116 accuracy 93.75%
[2026-06-20 08:29:59,000][src.modRNN.training.training_loop][INFO] - 	 Starting Epoch: 1434
[2026-06-20 08:29:59,728][src.modRNN.training.training_loop][INFO] - train epoch 1434 loss 0.1976 accuracy 95.31%
[2026-06-20 08:29:59,730][src.modRNN.training.training_loop][INFO] - 	 Starting Epoch: 1435
[2026-06-20 08:30:00,459][src.modRNN.training.training_loop][INFO] - train epoch 1435 loss 0.2949 accuracy 93.75%
[2026-06-20 08:30:00,460][src.modRNN.training.training_loop][INFO] - 	 Starting Epoch: 1436
[2026-06-20 08:30:01,190][src.modRNN.training.training_loop][INFO] - train epoch 1436 loss 0.2189 accuracy 93.75%
[2026-06-20 08:30:01,192][src.modRNN.training.training_loop][INFO] - 	 Starting Epoch: 1437
[2026-06-20 08:30:01,921][src.modRNN.training.training_loop][INFO] - train epoch 1437 loss 0.2860 accuracy 89.06%
[2026-06-20 08:30:01,922][src.modRNN.training.training_loop][INFO] - 	 Starting Epoch: 1438
[2026-06-20 08:30:02,651][src.modRNN.training.training_loop][INFO] - train epoch 1438 loss 0.1772 accuracy 98.44%
[2026-06-20 08:30:02,653][src.modRNN.training.training_loop][INFO] - 	 Starting Epoch: 1439
[2026-06-20 08:30:03,381][src.modRNN.training.training_loop][INFO] - train epoch 1439 loss 0.2716 accuracy 95.31%
[2026-06-20 08:30:03,383][src.modRNN.training.training_loop][INFO] - 	 Starting Epoch: 1440
[2026-06-20 08:30:04,112][src.modRNN.training.training_loop][INFO] - train epoch 1440 loss 0.2384 accuracy 95.31%
[2026-06-20 08:30:04,113][src.modRNN.training.training_loop][INFO] - 	 Starting Epoch: 1441
[2026-06-20 08:30:04,842][src.modRNN.training.training_loop][INFO] - train epoch 1441 loss 0.2536 accuracy 92.19%
[2026-06-20 08:30:04,844][src.modRNN.training.training_loop][INFO] - 	 Starting Epoch: 1442
[2026-06-20 08:30:05,571][src.modRNN.training.training_loop][INFO] - train epoch 1442 loss 0.3685 accuracy 87.50%
[2026-06-20 08:30:05,573][src.modRNN.training.training_loop][INFO] - 	 Starting Epoch: 1443
[2026-06-20 08:30:06,302][src.modRNN.training.training_loop][INFO] - train epoch 1443 loss 0.2195 accuracy 95.31%
[2026-06-20 08:30:06,304][src.modRNN.training.training_loop][INFO] - 	 Starting Epoch: 1444
[2026-06-20 08:30:07,032][src.modRNN.training.training_loop][INFO] - train epoch 1444 loss 0.2448 accuracy 93.75%
[2026-06-20 08:30:07,034][src.modRNN.training.training_loop][INFO] - 	 Starting Epoch: 1445
[2026-06-20 08:30:07,763][src.modRNN.training.training_loop][INFO] - train epoch 1445 loss 0.2861 accuracy 93.75%
[2026-06-20 08:30:07,765][src.modRNN.training.training_loop][INFO] - 	 Starting Epoch: 1446
[2026-06-20 08:30:08,494][src.modRNN.training.training_loop][INFO] - train epoch 1446 loss 0.3193 accuracy 89.06%
[2026-06-20 08:30:08,496][src.modRNN.training.training_loop][INFO] - 	 Starting Epoch: 1447
[2026-06-20 08:30:09,225][src.modRNN.training.training_loop][INFO] - train epoch 1447 loss 0.2314 accuracy 96.88%
[2026-06-20 08:30:09,227][src.modRNN.training.training_loop][INFO] - 	 Starting Epoch: 1448
[2026-06-20 08:30:09,956][src.modRNN.training.training_loop][INFO] - train epoch 1448 loss 0.2152 accuracy 95.31%
[2026-06-20 08:30:09,958][src.modRNN.training.training_loop][INFO] - 	 Starting Epoch: 1449
[2026-06-20 08:30:10,686][src.modRNN.training.training_loop][INFO] - train epoch 1449 loss 0.2677 accuracy 93.75%
[2026-06-20 08:30:10,688][src.modRNN.training.training_loop][INFO] - 	 Starting Epoch: 1450
[2026-06-20 08:30:11,416][src.modRNN.training.training_loop][INFO] - train epoch 1450 loss 0.3057 accuracy 92.19%
[2026-06-20 08:30:11,418][src.modRNN.training.training_loop][INFO] - 	 Starting Epoch: 1451
[2026-06-20 08:30:12,148][src.modRNN.training.training_loop][INFO] - train epoch 1451 loss 0.2358 accuracy 90.62%
[2026-06-20 08:30:13,276][src.modRNN.training.training_loop][INFO] - eval  epoch 1451 loss 0.3161 accuracy 89.65%
[2026-06-20 08:30:13,277][src.modRNN.training.training_loop][INFO] - 	 Starting Epoch: 1452
[2026-06-20 08:30:14,006][src.modRNN.training.training_loop][INFO] - train epoch 1452 loss 0.2921 accuracy 93.75%
[2026-06-20 08:30:14,008][src.modRNN.training.training_loop][INFO] - 	 Starting Epoch: 1453
[2026-06-20 08:30:14,737][src.modRNN.training.training_loop][INFO] - train epoch 1453 loss 0.1945 accuracy 95.31%
[2026-06-20 08:30:14,739][src.modRNN.training.training_loop][INFO] - 	 Starting Epoch: 1454
[2026-06-20 08:30:15,468][src.modRNN.training.training_loop][INFO] - train epoch 1454 loss 0.2838 accuracy 90.62%
[2026-06-20 08:30:15,470][src.modRNN.training.training_loop][INFO] - 	 Starting Epoch: 1455
[2026-06-20 08:30:16,198][src.modRNN.training.training_loop][INFO] - train epoch 1455 loss 0.2368 accuracy 95.31%
[2026-06-20 08:30:16,199][src.modRNN.training.training_loop][INFO] - 	 Starting Epoch: 1456
[2026-06-20 08:30:16,927][src.modRNN.training.training_loop][INFO] - train epoch 1456 loss 0.2439 accuracy 92.19%
[2026-06-20 08:30:16,929][src.modRNN.training.training_loop][INFO] - 	 Starting Epoch: 1457
[2026-06-20 08:30:17,657][src.modRNN.training.training_loop][INFO] - train epoch 1457 loss 0.3263 accuracy 85.94%
[2026-06-20 08:30:17,659][src.modRNN.training.training_loop][INFO] - 	 Starting Epoch: 1458
[2026-06-20 08:30:18,387][src.modRNN.training.training_loop][INFO] - train epoch 1458 loss 0.2658 accuracy 82.81%
[2026-06-20 08:30:18,389][src.modRNN.training.training_loop][INFO] - 	 Starting Epoch: 1459
[2026-06-20 08:30:19,117][src.modRNN.training.training_loop][INFO] - train epoch 1459 loss 0.2551 accuracy 87.50%
[2026-06-20 08:30:19,118][src.modRNN.training.training_loop][INFO] - 	 Starting Epoch: 1460
[2026-06-20 08:30:19,847][src.modRNN.training.training_loop][INFO] - train epoch 1460 loss 0.2380 accuracy 93.75%
[2026-06-20 08:30:19,849][src.modRNN.training.training_loop][INFO] - 	 Starting Epoch: 1461
[2026-06-20 08:30:20,578][src.modRNN.training.training_loop][INFO] - train epoch 1461 loss 0.3240 accuracy 90.62%
[2026-06-20 08:30:20,579][src.modRNN.training.training_loop][INFO] - 	 Starting Epoch: 1462
[2026-06-20 08:30:21,310][src.modRNN.training.training_loop][INFO] - train epoch 1462 loss 0.2585 accuracy 92.19%
[2026-06-20 08:30:21,311][src.modRNN.training.training_loop][INFO] - 	 Starting Epoch: 1463
[2026-06-20 08:30:22,042][src.modRNN.training.training_loop][INFO] - train epoch 1463 loss 0.2633 accuracy 92.19%
[2026-06-20 08:30:22,044][src.modRNN.training.training_loop][INFO] - 	 Starting Epoch: 1464
[2026-06-20 08:30:22,772][src.modRNN.training.training_loop][INFO] - train epoch 1464 loss 0.2554 accuracy 93.75%
[2026-06-20 08:30:22,774][src.modRNN.training.training_loop][INFO] - 	 Starting Epoch: 1465
[2026-06-20 08:30:23,502][src.modRNN.training.training_loop][INFO] - train epoch 1465 loss 0.3160 accuracy 89.06%
[2026-06-20 08:30:23,504][src.modRNN.training.training_loop][INFO] - 	 Starting Epoch: 1466
[2026-06-20 08:30:24,232][src.modRNN.training.training_loop][INFO] - train epoch 1466 loss 0.2840 accuracy 93.75%
[2026-06-20 08:30:24,234][src.modRNN.training.training_loop][INFO] - 	 Starting Epoch: 1467
[2026-06-20 08:30:24,960][src.modRNN.training.training_loop][INFO] - train epoch 1467 loss 0.2704 accuracy 90.62%
[2026-06-20 08:30:24,962][src.modRNN.training.training_loop][INFO] - 	 Starting Epoch: 1468
[2026-06-20 08:30:25,695][src.modRNN.training.training_loop][INFO] - train epoch 1468 loss 0.2502 accuracy 90.62%
[2026-06-20 08:30:25,696][src.modRNN.training.training_loop][INFO] - 	 Starting Epoch: 1469
[2026-06-20 08:30:26,425][src.modRNN.training.training_loop][INFO] - train epoch 1469 loss 0.2001 accuracy 93.75%
[2026-06-20 08:30:26,426][src.modRNN.training.training_loop][INFO] - 	 Starting Epoch: 1470
[2026-06-20 08:30:27,155][src.modRNN.training.training_loop][INFO] - train epoch 1470 loss 0.1937 accuracy 96.88%
[2026-06-20 08:30:27,157][src.modRNN.training.training_loop][INFO] - 	 Starting Epoch: 1471
[2026-06-20 08:30:27,886][src.modRNN.training.training_loop][INFO] - train epoch 1471 loss 0.2365 accuracy 95.31%
[2026-06-20 08:30:27,887][src.modRNN.training.training_loop][INFO] - 	 Starting Epoch: 1472
[2026-06-20 08:30:28,614][src.modRNN.training.training_loop][INFO] - train epoch 1472 loss 0.3230 accuracy 89.06%
[2026-06-20 08:30:28,616][src.modRNN.training.training_loop][INFO] - 	 Starting Epoch: 1473
[2026-06-20 08:30:29,344][src.modRNN.training.training_loop][INFO] - train epoch 1473 loss 0.1912 accuracy 98.44%
[2026-06-20 08:30:29,346][src.modRNN.training.training_loop][INFO] - 	 Starting Epoch: 1474
[2026-06-20 08:30:30,073][src.modRNN.training.training_loop][INFO] - train epoch 1474 loss 0.2391 accuracy 95.31%
[2026-06-20 08:30:30,075][src.modRNN.training.training_loop][INFO] - 	 Starting Epoch: 1475
[2026-06-20 08:30:30,805][src.modRNN.training.training_loop][INFO] - train epoch 1475 loss 0.1491 accuracy 100.00%
[2026-06-20 08:30:30,807][src.modRNN.training.training_loop][INFO] - 	 Starting Epoch: 1476
[2026-06-20 08:30:31,534][src.modRNN.training.training_loop][INFO] - train epoch 1476 loss 0.1757 accuracy 100.00%
[2026-06-20 08:30:32,668][src.modRNN.training.training_loop][INFO] - eval  epoch 1476 loss 0.2056 accuracy 96.29%
[2026-06-20 08:30:32,669][src.modRNN.training.training_loop][INFO] - 	 Starting Epoch: 1477
[2026-06-20 08:30:33,401][src.modRNN.training.training_loop][INFO] - train epoch 1477 loss 0.2219 accuracy 95.31%
[2026-06-20 08:30:33,403][src.modRNN.training.training_loop][INFO] - 	 Starting Epoch: 1478
[2026-06-20 08:30:34,132][src.modRNN.training.training_loop][INFO] - train epoch 1478 loss 0.2201 accuracy 92.19%
[2026-06-20 08:30:34,134][src.modRNN.training.training_loop][INFO] - 	 Starting Epoch: 1479
[2026-06-20 08:30:34,864][src.modRNN.training.training_loop][INFO] - train epoch 1479 loss 0.2176 accuracy 95.31%
[2026-06-20 08:30:34,866][src.modRNN.training.training_loop][INFO] - 	 Starting Epoch: 1480
[2026-06-20 08:30:35,594][src.modRNN.training.training_loop][INFO] - train epoch 1480 loss 0.2493 accuracy 93.75%
[2026-06-20 08:30:35,596][src.modRNN.training.training_loop][INFO] - 	 Starting Epoch: 1481
[2026-06-20 08:30:36,326][src.modRNN.training.training_loop][INFO] - train epoch 1481 loss 0.2588 accuracy 93.75%
[2026-06-20 08:30:36,328][src.modRNN.training.training_loop][INFO] - 	 Starting Epoch: 1482
[2026-06-20 08:30:37,057][src.modRNN.training.training_loop][INFO] - train epoch 1482 loss 0.2051 accuracy 95.31%
[2026-06-20 08:30:37,058][src.modRNN.training.training_loop][INFO] - 	 Starting Epoch: 1483
[2026-06-20 08:30:37,787][src.modRNN.training.training_loop][INFO] - train epoch 1483 loss 0.3042 accuracy 90.62%
[2026-06-20 08:30:37,788][src.modRNN.training.training_loop][INFO] - 	 Starting Epoch: 1484
[2026-06-20 08:30:38,517][src.modRNN.training.training_loop][INFO] - train epoch 1484 loss 0.2721 accuracy 92.19%
[2026-06-20 08:30:38,519][src.modRNN.training.training_loop][INFO] - 	 Starting Epoch: 1485
[2026-06-20 08:30:39,248][src.modRNN.training.training_loop][INFO] - train epoch 1485 loss 0.2195 accuracy 95.31%
[2026-06-20 08:30:39,250][src.modRNN.training.training_loop][INFO] - 	 Starting Epoch: 1486
[2026-06-20 08:30:39,979][src.modRNN.training.training_loop][INFO] - train epoch 1486 loss 0.2059 accuracy 96.88%
[2026-06-20 08:30:39,980][src.modRNN.training.training_loop][INFO] - 	 Starting Epoch: 1487
[2026-06-20 08:30:40,710][src.modRNN.training.training_loop][INFO] - train epoch 1487 loss 0.2372 accuracy 92.19%
[2026-06-20 08:30:40,712][src.modRNN.training.training_loop][INFO] - 	 Starting Epoch: 1488
[2026-06-20 08:30:41,442][src.modRNN.training.training_loop][INFO] - train epoch 1488 loss 0.2637 accuracy 92.19%
[2026-06-20 08:30:41,443][src.modRNN.training.training_loop][INFO] - 	 Starting Epoch: 1489
[2026-06-20 08:30:42,174][src.modRNN.training.training_loop][INFO] - train epoch 1489 loss 0.2907 accuracy 89.06%
[2026-06-20 08:30:42,176][src.modRNN.training.training_loop][INFO] - 	 Starting Epoch: 1490
[2026-06-20 08:30:42,907][src.modRNN.training.training_loop][INFO] - train epoch 1490 loss 0.3664 accuracy 87.50%
[2026-06-20 08:30:42,909][src.modRNN.training.training_loop][INFO] - 	 Starting Epoch: 1491
[2026-06-20 08:30:43,641][src.modRNN.training.training_loop][INFO] - train epoch 1491 loss 0.4251 accuracy 85.94%
[2026-06-20 08:30:43,643][src.modRNN.training.training_loop][INFO] - 	 Starting Epoch: 1492
[2026-06-20 08:30:44,374][src.modRNN.training.training_loop][INFO] - train epoch 1492 loss 0.2896 accuracy 90.62%
[2026-06-20 08:30:44,376][src.modRNN.training.training_loop][INFO] - 	 Starting Epoch: 1493
[2026-06-20 08:30:45,105][src.modRNN.training.training_loop][INFO] - train epoch 1493 loss 0.2358 accuracy 96.88%
[2026-06-20 08:30:45,107][src.modRNN.training.training_loop][INFO] - 	 Starting Epoch: 1494
[2026-06-20 08:30:45,840][src.modRNN.training.training_loop][INFO] - train epoch 1494 loss 0.3151 accuracy 89.06%
[2026-06-20 08:30:45,842][src.modRNN.training.training_loop][INFO] - 	 Starting Epoch: 1495
[2026-06-20 08:30:46,570][src.modRNN.training.training_loop][INFO] - train epoch 1495 loss 0.4010 accuracy 82.81%
[2026-06-20 08:30:46,572][src.modRNN.training.training_loop][INFO] - 	 Starting Epoch: 1496
[2026-06-20 08:30:47,303][src.modRNN.training.training_loop][INFO] - train epoch 1496 loss 0.5224 accuracy 68.75%
[2026-06-20 08:30:47,305][src.modRNN.training.training_loop][INFO] - 	 Starting Epoch: 1497
[2026-06-20 08:30:48,034][src.modRNN.training.training_loop][INFO] - train epoch 1497 loss 0.3489 accuracy 85.94%
[2026-06-20 08:30:48,036][src.modRNN.training.training_loop][INFO] - 	 Starting Epoch: 1498
[2026-06-20 08:30:48,767][src.modRNN.training.training_loop][INFO] - train epoch 1498 loss 0.3638 accuracy 89.06%
[2026-06-20 08:30:48,768][src.modRNN.training.training_loop][INFO] - 	 Starting Epoch: 1499
[2026-06-20 08:30:49,498][src.modRNN.training.training_loop][INFO] - train epoch 1499 loss 0.2908 accuracy 92.19%
[2026-06-20 08:30:49,500][src.modRNN.training.training_loop][INFO] - 	 Starting Epoch: 1500
[2026-06-20 08:30:50,231][src.modRNN.training.training_loop][INFO] - train epoch 1500 loss 0.1645 accuracy 98.44%
[2026-06-20 08:30:50,232][src.modRNN.training.training_loop][INFO] - 	 Starting Epoch: 1501
[2026-06-20 08:30:50,961][src.modRNN.training.training_loop][INFO] - train epoch 1501 loss 0.1988 accuracy 95.31%
[2026-06-20 08:30:52,091][src.modRNN.training.training_loop][INFO] - eval  epoch 1501 loss 0.2206 accuracy 95.12%
[2026-06-20 08:30:52,093][src.modRNN.training.training_loop][INFO] - 	 Starting Epoch: 1502
[2026-06-20 08:30:52,820][src.modRNN.training.training_loop][INFO] - train epoch 1502 loss 0.2323 accuracy 93.75%
[2026-06-20 08:30:52,822][src.modRNN.training.training_loop][INFO] - 	 Starting Epoch: 1503
[2026-06-20 08:30:53,550][src.modRNN.training.training_loop][INFO] - train epoch 1503 loss 0.2262 accuracy 93.75%
[2026-06-20 08:30:53,551][src.modRNN.training.training_loop][INFO] - 	 Starting Epoch: 1504
[2026-06-20 08:30:54,280][src.modRNN.training.training_loop][INFO] - train epoch 1504 loss 0.1608 accuracy 100.00%
[2026-06-20 08:30:54,282][src.modRNN.training.training_loop][INFO] - 	 Starting Epoch: 1505
[2026-06-20 08:30:55,012][src.modRNN.training.training_loop][INFO] - train epoch 1505 loss 0.1834 accuracy 96.88%
[2026-06-20 08:30:55,013][src.modRNN.training.training_loop][INFO] - 	 Starting Epoch: 1506
[2026-06-20 08:30:55,742][src.modRNN.training.training_loop][INFO] - train epoch 1506 loss 0.1603 accuracy 100.00%
[2026-06-20 08:30:55,744][src.modRNN.training.training_loop][INFO] - 	 Starting Epoch: 1507
[2026-06-20 08:30:56,474][src.modRNN.training.training_loop][INFO] - train epoch 1507 loss 0.2566 accuracy 92.19%
[2026-06-20 08:30:56,475][src.modRNN.training.training_loop][INFO] - 	 Starting Epoch: 1508
[2026-06-20 08:30:57,204][src.modRNN.training.training_loop][INFO] - train epoch 1508 loss 0.2334 accuracy 92.19%
[2026-06-20 08:30:57,206][src.modRNN.training.training_loop][INFO] - 	 Starting Epoch: 1509
[2026-06-20 08:30:57,935][src.modRNN.training.training_loop][INFO] - train epoch 1509 loss 0.4595 accuracy 78.12%
[2026-06-20 08:30:57,937][src.modRNN.training.training_loop][INFO] - 	 Starting Epoch: 1510
[2026-06-20 08:30:58,665][src.modRNN.training.training_loop][INFO] - train epoch 1510 loss 0.3952 accuracy 84.38%
[2026-06-20 08:30:58,667][src.modRNN.training.training_loop][INFO] - 	 Starting Epoch: 1511
[2026-06-20 08:30:59,396][src.modRNN.training.training_loop][INFO] - train epoch 1511 loss 0.2623 accuracy 93.75%
[2026-06-20 08:30:59,398][src.modRNN.training.training_loop][INFO] - 	 Starting Epoch: 1512
[2026-06-20 08:31:00,127][src.modRNN.training.training_loop][INFO] - train epoch 1512 loss 0.2395 accuracy 95.31%
[2026-06-20 08:31:00,129][src.modRNN.training.training_loop][INFO] - 	 Starting Epoch: 1513
[2026-06-20 08:31:00,859][src.modRNN.training.training_loop][INFO] - train epoch 1513 loss 0.1631 accuracy 96.88%
[2026-06-20 08:31:00,861][src.modRNN.training.training_loop][INFO] - 	 Starting Epoch: 1514
[2026-06-20 08:31:01,590][src.modRNN.training.training_loop][INFO] - train epoch 1514 loss 0.2457 accuracy 92.19%
[2026-06-20 08:31:01,592][src.modRNN.training.training_loop][INFO] - 	 Starting Epoch: 1515
[2026-06-20 08:31:02,320][src.modRNN.training.training_loop][INFO] - train epoch 1515 loss 0.1987 accuracy 92.19%
[2026-06-20 08:31:02,322][src.modRNN.training.training_loop][INFO] - 	 Starting Epoch: 1516
[2026-06-20 08:31:03,050][src.modRNN.training.training_loop][INFO] - train epoch 1516 loss 0.1431 accuracy 100.00%
[2026-06-20 08:31:03,052][src.modRNN.training.training_loop][INFO] - 	 Starting Epoch: 1517
[2026-06-20 08:31:03,781][src.modRNN.training.training_loop][INFO] - train epoch 1517 loss 0.1832 accuracy 98.44%
[2026-06-20 08:31:03,782][src.modRNN.training.training_loop][INFO] - 	 Starting Epoch: 1518
[2026-06-20 08:31:04,511][src.modRNN.training.training_loop][INFO] - train epoch 1518 loss 0.1762 accuracy 96.88%
[2026-06-20 08:31:04,513][src.modRNN.training.training_loop][INFO] - 	 Starting Epoch: 1519
[2026-06-20 08:31:05,243][src.modRNN.training.training_loop][INFO] - train epoch 1519 loss 0.1875 accuracy 96.88%
[2026-06-20 08:31:05,245][src.modRNN.training.training_loop][INFO] - 	 Starting Epoch: 1520
[2026-06-20 08:31:05,974][src.modRNN.training.training_loop][INFO] - train epoch 1520 loss 0.1342 accuracy 98.44%
[2026-06-20 08:31:05,975][src.modRNN.training.training_loop][INFO] - 	 Starting Epoch: 1521
[2026-06-20 08:31:06,704][src.modRNN.training.training_loop][INFO] - train epoch 1521 loss 0.1750 accuracy 100.00%
[2026-06-20 08:31:06,706][src.modRNN.training.training_loop][INFO] - 	 Starting Epoch: 1522
[2026-06-20 08:31:07,435][src.modRNN.training.training_loop][INFO] - train epoch 1522 loss 0.1679 accuracy 98.44%
[2026-06-20 08:31:07,437][src.modRNN.training.training_loop][INFO] - 	 Starting Epoch: 1523
[2026-06-20 08:31:08,166][src.modRNN.training.training_loop][INFO] - train epoch 1523 loss 0.1684 accuracy 98.44%
[2026-06-20 08:31:08,168][src.modRNN.training.training_loop][INFO] - 	 Starting Epoch: 1524
[2026-06-20 08:31:08,896][src.modRNN.training.training_loop][INFO] - train epoch 1524 loss 0.1453 accuracy 100.00%
[2026-06-20 08:31:08,897][src.modRNN.training.training_loop][INFO] - 	 Starting Epoch: 1525
[2026-06-20 08:31:09,627][src.modRNN.training.training_loop][INFO] - train epoch 1525 loss 0.1724 accuracy 95.31%
[2026-06-20 08:31:09,629][src.modRNN.training.training_loop][INFO] - 	 Starting Epoch: 1526
[2026-06-20 08:31:10,359][src.modRNN.training.training_loop][INFO] - train epoch 1526 loss 0.2462 accuracy 93.75%
[2026-06-20 08:31:11,493][src.modRNN.training.training_loop][INFO] - eval  epoch 1526 loss 0.2726 accuracy 91.80%
[2026-06-20 08:31:11,495][src.modRNN.training.training_loop][INFO] - 	 Starting Epoch: 1527
[2026-06-20 08:31:12,223][src.modRNN.training.training_loop][INFO] - train epoch 1527 loss 0.2030 accuracy 95.31%
[2026-06-20 08:31:12,225][src.modRNN.training.training_loop][INFO] - 	 Starting Epoch: 1528
[2026-06-20 08:31:12,952][src.modRNN.training.training_loop][INFO] - train epoch 1528 loss 0.2572 accuracy 90.62%
[2026-06-20 08:31:12,954][src.modRNN.training.training_loop][INFO] - 	 Starting Epoch: 1529
[2026-06-20 08:31:13,682][src.modRNN.training.training_loop][INFO] - train epoch 1529 loss 0.1776 accuracy 96.88%
[2026-06-20 08:31:13,684][src.modRNN.training.training_loop][INFO] - 	 Starting Epoch: 1530
[2026-06-20 08:31:14,413][src.modRNN.training.training_loop][INFO] - train epoch 1530 loss 0.3174 accuracy 85.94%
[2026-06-20 08:31:14,415][src.modRNN.training.training_loop][INFO] - 	 Starting Epoch: 1531
[2026-06-20 08:31:15,142][src.modRNN.training.training_loop][INFO] - train epoch 1531 loss 0.2012 accuracy 93.75%
[2026-06-20 08:31:15,144][src.modRNN.training.training_loop][INFO] - 	 Starting Epoch: 1532
[2026-06-20 08:31:15,874][src.modRNN.training.training_loop][INFO] - train epoch 1532 loss 0.1104 accuracy 100.00%
[2026-06-20 08:31:15,876][src.modRNN.training.training_loop][INFO] - 	 Starting Epoch: 1533
[2026-06-20 08:31:16,604][src.modRNN.training.training_loop][INFO] - train epoch 1533 loss 0.1696 accuracy 95.31%
[2026-06-20 08:31:16,606][src.modRNN.training.training_loop][INFO] - 	 Starting Epoch: 1534
[2026-06-20 08:31:17,334][src.modRNN.training.training_loop][INFO] - train epoch 1534 loss 0.1624 accuracy 96.88%
[2026-06-20 08:31:17,336][src.modRNN.training.training_loop][INFO] - 	 Starting Epoch: 1535
[2026-06-20 08:31:18,064][src.modRNN.training.training_loop][INFO] - train epoch 1535 loss 0.1536 accuracy 98.44%
[2026-06-20 08:31:18,066][src.modRNN.training.training_loop][INFO] - 	 Starting Epoch: 1536
[2026-06-20 08:31:18,796][src.modRNN.training.training_loop][INFO] - train epoch 1536 loss 0.1478 accuracy 98.44%
[2026-06-20 08:31:18,798][src.modRNN.training.training_loop][INFO] - 	 Starting Epoch: 1537
[2026-06-20 08:31:19,528][src.modRNN.training.training_loop][INFO] - train epoch 1537 loss 0.1406 accuracy 98.44%
[2026-06-20 08:31:19,529][src.modRNN.training.training_loop][INFO] - 	 Starting Epoch: 1538
[2026-06-20 08:31:20,256][src.modRNN.training.training_loop][INFO] - train epoch 1538 loss 0.2202 accuracy 95.31%
[2026-06-20 08:31:20,258][src.modRNN.training.training_loop][INFO] - 	 Starting Epoch: 1539
[2026-06-20 08:31:20,987][src.modRNN.training.training_loop][INFO] - train epoch 1539 loss 0.1933 accuracy 95.31%
[2026-06-20 08:31:20,988][src.modRNN.training.training_loop][INFO] - 	 Starting Epoch: 1540
[2026-06-20 08:31:21,717][src.modRNN.training.training_loop][INFO] - train epoch 1540 loss 0.1269 accuracy 100.00%
[2026-06-20 08:31:21,718][src.modRNN.training.training_loop][INFO] - 	 Starting Epoch: 1541
[2026-06-20 08:31:22,447][src.modRNN.training.training_loop][INFO] - train epoch 1541 loss 0.1865 accuracy 95.31%
[2026-06-20 08:31:22,449][src.modRNN.training.training_loop][INFO] - 	 Starting Epoch: 1542
[2026-06-20 08:31:23,176][src.modRNN.training.training_loop][INFO] - train epoch 1542 loss 0.1462 accuracy 96.88%
[2026-06-20 08:31:23,178][src.modRNN.training.training_loop][INFO] - 	 Starting Epoch: 1543
[2026-06-20 08:31:23,907][src.modRNN.training.training_loop][INFO] - train epoch 1543 loss 0.1367 accuracy 96.88%
[2026-06-20 08:31:23,909][src.modRNN.training.training_loop][INFO] - 	 Starting Epoch: 1544
[2026-06-20 08:31:24,638][src.modRNN.training.training_loop][INFO] - train epoch 1544 loss 0.2183 accuracy 92.19%
[2026-06-20 08:31:24,640][src.modRNN.training.training_loop][INFO] - 	 Starting Epoch: 1545
[2026-06-20 08:31:25,369][src.modRNN.training.training_loop][INFO] - train epoch 1545 loss 0.1916 accuracy 95.31%
[2026-06-20 08:31:25,371][src.modRNN.training.training_loop][INFO] - 	 Starting Epoch: 1546
[2026-06-20 08:31:26,099][src.modRNN.training.training_loop][INFO] - train epoch 1546 loss 0.2143 accuracy 93.75%
[2026-06-20 08:31:26,101][src.modRNN.training.training_loop][INFO] - 	 Starting Epoch: 1547
[2026-06-20 08:31:26,830][src.modRNN.training.training_loop][INFO] - train epoch 1547 loss 0.1861 accuracy 92.19%
[2026-06-20 08:31:26,832][src.modRNN.training.training_loop][INFO] - 	 Starting Epoch: 1548
[2026-06-20 08:31:27,560][src.modRNN.training.training_loop][INFO] - train epoch 1548 loss 0.1454 accuracy 96.88%
[2026-06-20 08:31:27,562][src.modRNN.training.training_loop][INFO] - 	 Starting Epoch: 1549
[2026-06-20 08:31:28,293][src.modRNN.training.training_loop][INFO] - train epoch 1549 loss 0.1844 accuracy 93.75%
[2026-06-20 08:31:28,295][src.modRNN.training.training_loop][INFO] - 	 Starting Epoch: 1550
[2026-06-20 08:31:29,024][src.modRNN.training.training_loop][INFO] - train epoch 1550 loss 0.1581 accuracy 96.88%
[2026-06-20 08:31:29,026][src.modRNN.training.training_loop][INFO] - 	 Starting Epoch: 1551
[2026-06-20 08:31:29,754][src.modRNN.training.training_loop][INFO] - train epoch 1551 loss 0.2457 accuracy 92.19%
[2026-06-20 08:31:30,883][src.modRNN.training.training_loop][INFO] - eval  epoch 1551 loss 0.1932 accuracy 95.12%
[2026-06-20 08:31:30,885][src.modRNN.training.training_loop][INFO] - 	 Starting Epoch: 1552
[2026-06-20 08:31:31,613][src.modRNN.training.training_loop][INFO] - train epoch 1552 loss 0.1292 accuracy 98.44%
[2026-06-20 08:31:31,614][src.modRNN.training.training_loop][INFO] - 	 Starting Epoch: 1553
[2026-06-20 08:31:32,343][src.modRNN.training.training_loop][INFO] - train epoch 1553 loss 0.2052 accuracy 95.31%
[2026-06-20 08:31:32,344][src.modRNN.training.training_loop][INFO] - 	 Starting Epoch: 1554
[2026-06-20 08:31:33,073][src.modRNN.training.training_loop][INFO] - train epoch 1554 loss 0.3045 accuracy 89.06%
[2026-06-20 08:31:33,074][src.modRNN.training.training_loop][INFO] - 	 Starting Epoch: 1555
[2026-06-20 08:31:33,804][src.modRNN.training.training_loop][INFO] - train epoch 1555 loss 0.1992 accuracy 93.75%
[2026-06-20 08:31:33,806][src.modRNN.training.training_loop][INFO] - 	 Starting Epoch: 1556
[2026-06-20 08:31:34,538][src.modRNN.training.training_loop][INFO] - train epoch 1556 loss 0.1840 accuracy 96.88%
[2026-06-20 08:31:34,540][src.modRNN.training.training_loop][INFO] - 	 Starting Epoch: 1557
[2026-06-20 08:31:35,268][src.modRNN.training.training_loop][INFO] - train epoch 1557 loss 0.1597 accuracy 98.44%
[2026-06-20 08:31:35,270][src.modRNN.training.training_loop][INFO] - 	 Starting Epoch: 1558
[2026-06-20 08:31:35,998][src.modRNN.training.training_loop][INFO] - train epoch 1558 loss 0.1273 accuracy 100.00%
[2026-06-20 08:31:36,000][src.modRNN.training.training_loop][INFO] - 	 Starting Epoch: 1559
[2026-06-20 08:31:36,729][src.modRNN.training.training_loop][INFO] - train epoch 1559 loss 0.1771 accuracy 98.44%
[2026-06-20 08:31:36,731][src.modRNN.training.training_loop][INFO] - 	 Starting Epoch: 1560
[2026-06-20 08:31:37,459][src.modRNN.training.training_loop][INFO] - train epoch 1560 loss 0.2342 accuracy 92.19%
[2026-06-20 08:31:37,461][src.modRNN.training.training_loop][INFO] - 	 Starting Epoch: 1561
[2026-06-20 08:31:38,190][src.modRNN.training.training_loop][INFO] - train epoch 1561 loss 0.1729 accuracy 96.88%
[2026-06-20 08:31:38,191][src.modRNN.training.training_loop][INFO] - 	 Starting Epoch: 1562
[2026-06-20 08:31:38,920][src.modRNN.training.training_loop][INFO] - train epoch 1562 loss 0.1998 accuracy 95.31%
[2026-06-20 08:31:38,922][src.modRNN.training.training_loop][INFO] - 	 Starting Epoch: 1563
[2026-06-20 08:31:39,650][src.modRNN.training.training_loop][INFO] - train epoch 1563 loss 0.2323 accuracy 93.75%
[2026-06-20 08:31:39,652][src.modRNN.training.training_loop][INFO] - 	 Starting Epoch: 1564
[2026-06-20 08:31:40,381][src.modRNN.training.training_loop][INFO] - train epoch 1564 loss 0.3352 accuracy 90.62%
[2026-06-20 08:31:40,383][src.modRNN.training.training_loop][INFO] - 	 Starting Epoch: 1565
[2026-06-20 08:31:41,112][src.modRNN.training.training_loop][INFO] - train epoch 1565 loss 0.2675 accuracy 89.06%
[2026-06-20 08:31:41,113][src.modRNN.training.training_loop][INFO] - 	 Starting Epoch: 1566
[2026-06-20 08:31:41,840][src.modRNN.training.training_loop][INFO] - train epoch 1566 loss 0.4309 accuracy 82.81%
[2026-06-20 08:31:41,842][src.modRNN.training.training_loop][INFO] - 	 Starting Epoch: 1567
[2026-06-20 08:31:42,570][src.modRNN.training.training_loop][INFO] - train epoch 1567 loss 0.5008 accuracy 81.25%
[2026-06-20 08:31:42,572][src.modRNN.training.training_loop][INFO] - 	 Starting Epoch: 1568
[2026-06-20 08:31:43,299][src.modRNN.training.training_loop][INFO] - train epoch 1568 loss 0.3929 accuracy 84.38%
[2026-06-20 08:31:43,301][src.modRNN.training.training_loop][INFO] - 	 Starting Epoch: 1569
[2026-06-20 08:31:44,028][src.modRNN.training.training_loop][INFO] - train epoch 1569 loss 0.4843 accuracy 87.50%
[2026-06-20 08:31:44,030][src.modRNN.training.training_loop][INFO] - 	 Starting Epoch: 1570
[2026-06-20 08:31:44,757][src.modRNN.training.training_loop][INFO] - train epoch 1570 loss 0.6175 accuracy 78.12%
[2026-06-20 08:31:44,759][src.modRNN.training.training_loop][INFO] - 	 Starting Epoch: 1571
[2026-06-20 08:31:45,488][src.modRNN.training.training_loop][INFO] - train epoch 1571 loss 0.8044 accuracy 68.75%
[2026-06-20 08:31:45,490][src.modRNN.training.training_loop][INFO] - 	 Starting Epoch: 1572
[2026-06-20 08:31:46,221][src.modRNN.training.training_loop][INFO] - train epoch 1572 loss 0.7117 accuracy 76.56%
[2026-06-20 08:31:46,223][src.modRNN.training.training_loop][INFO] - 	 Starting Epoch: 1573
[2026-06-20 08:31:46,951][src.modRNN.training.training_loop][INFO] - train epoch 1573 loss 0.6661 accuracy 75.00%
[2026-06-20 08:31:46,953][src.modRNN.training.training_loop][INFO] - 	 Starting Epoch: 1574
[2026-06-20 08:31:47,680][src.modRNN.training.training_loop][INFO] - train epoch 1574 loss 0.4894 accuracy 84.38%
[2026-06-20 08:31:47,681][src.modRNN.training.training_loop][INFO] - 	 Starting Epoch: 1575
[2026-06-20 08:31:48,409][src.modRNN.training.training_loop][INFO] - train epoch 1575 loss 0.6165 accuracy 76.56%
[2026-06-20 08:31:48,411][src.modRNN.training.training_loop][INFO] - 	 Starting Epoch: 1576
[2026-06-20 08:31:49,138][src.modRNN.training.training_loop][INFO] - train epoch 1576 loss 0.6215 accuracy 73.44%
[2026-06-20 08:31:50,266][src.modRNN.training.training_loop][INFO] - eval  epoch 1576 loss 0.4553 accuracy 80.47%
[2026-06-20 08:31:50,267][src.modRNN.training.training_loop][INFO] - 	 Starting Epoch: 1577
[2026-06-20 08:31:50,996][src.modRNN.training.training_loop][INFO] - train epoch 1577 loss 0.5467 accuracy 75.00%
[2026-06-20 08:31:50,998][src.modRNN.training.training_loop][INFO] - 	 Starting Epoch: 1578
[2026-06-20 08:31:51,727][src.modRNN.training.training_loop][INFO] - train epoch 1578 loss 0.2972 accuracy 92.19%
[2026-06-20 08:31:51,729][src.modRNN.training.training_loop][INFO] - 	 Starting Epoch: 1579
[2026-06-20 08:31:52,460][src.modRNN.training.training_loop][INFO] - train epoch 1579 loss 0.3264 accuracy 87.50%
[2026-06-20 08:31:52,462][src.modRNN.training.training_loop][INFO] - 	 Starting Epoch: 1580
[2026-06-20 08:31:53,191][src.modRNN.training.training_loop][INFO] - train epoch 1580 loss 0.2892 accuracy 90.62%
[2026-06-20 08:31:53,193][src.modRNN.training.training_loop][INFO] - 	 Starting Epoch: 1581
[2026-06-20 08:31:53,922][src.modRNN.training.training_loop][INFO] - train epoch 1581 loss 0.2992 accuracy 93.75%
[2026-06-20 08:31:53,924][src.modRNN.training.training_loop][INFO] - 	 Starting Epoch: 1582
[2026-06-20 08:31:54,654][src.modRNN.training.training_loop][INFO] - train epoch 1582 loss 0.3653 accuracy 84.38%
[2026-06-20 08:31:54,655][src.modRNN.training.training_loop][INFO] - 	 Starting Epoch: 1583
[2026-06-20 08:31:55,383][src.modRNN.training.training_loop][INFO] - train epoch 1583 loss 0.2774 accuracy 92.19%
[2026-06-20 08:31:55,385][src.modRNN.training.training_loop][INFO] - 	 Starting Epoch: 1584
[2026-06-20 08:31:56,113][src.modRNN.training.training_loop][INFO] - train epoch 1584 loss 0.3573 accuracy 85.94%
[2026-06-20 08:31:56,115][src.modRNN.training.training_loop][INFO] - 	 Starting Epoch: 1585
[2026-06-20 08:31:56,843][src.modRNN.training.training_loop][INFO] - train epoch 1585 loss 0.4077 accuracy 79.69%
[2026-06-20 08:31:56,845][src.modRNN.training.training_loop][INFO] - 	 Starting Epoch: 1586
[2026-06-20 08:31:57,575][src.modRNN.training.training_loop][INFO] - train epoch 1586 loss 0.3432 accuracy 89.06%
[2026-06-20 08:31:57,577][src.modRNN.training.training_loop][INFO] - 	 Starting Epoch: 1587
[2026-06-20 08:31:58,305][src.modRNN.training.training_loop][INFO] - train epoch 1587 loss 0.3612 accuracy 81.25%
[2026-06-20 08:31:58,307][src.modRNN.training.training_loop][INFO] - 	 Starting Epoch: 1588
[2026-06-20 08:31:59,037][src.modRNN.training.training_loop][INFO] - train epoch 1588 loss 0.2595 accuracy 93.75%
[2026-06-20 08:31:59,038][src.modRNN.training.training_loop][INFO] - 	 Starting Epoch: 1589
[2026-06-20 08:31:59,767][src.modRNN.training.training_loop][INFO] - train epoch 1589 loss 0.3250 accuracy 90.62%
[2026-06-20 08:31:59,769][src.modRNN.training.training_loop][INFO] - 	 Starting Epoch: 1590
[2026-06-20 08:32:00,502][src.modRNN.training.training_loop][INFO] - train epoch 1590 loss 0.3240 accuracy 90.62%
[2026-06-20 08:32:00,504][src.modRNN.training.training_loop][INFO] - 	 Starting Epoch: 1591
[2026-06-20 08:32:01,233][src.modRNN.training.training_loop][INFO] - train epoch 1591 loss 0.3841 accuracy 85.94%
[2026-06-20 08:32:01,235][src.modRNN.training.training_loop][INFO] - 	 Starting Epoch: 1592
[2026-06-20 08:32:01,965][src.modRNN.training.training_loop][INFO] - train epoch 1592 loss 0.2740 accuracy 90.62%
[2026-06-20 08:32:01,966][src.modRNN.training.training_loop][INFO] - 	 Starting Epoch: 1593
[2026-06-20 08:32:02,696][src.modRNN.training.training_loop][INFO] - train epoch 1593 loss 0.2622 accuracy 96.88%
[2026-06-20 08:32:02,698][src.modRNN.training.training_loop][INFO] - 	 Starting Epoch: 1594
[2026-06-20 08:32:03,427][src.modRNN.training.training_loop][INFO] - train epoch 1594 loss 0.3402 accuracy 87.50%
[2026-06-20 08:32:03,429][src.modRNN.training.training_loop][INFO] - 	 Starting Epoch: 1595
[2026-06-20 08:32:04,158][src.modRNN.training.training_loop][INFO] - train epoch 1595 loss 0.4017 accuracy 84.38%
[2026-06-20 08:32:04,160][src.modRNN.training.training_loop][INFO] - 	 Starting Epoch: 1596
[2026-06-20 08:32:04,889][src.modRNN.training.training_loop][INFO] - train epoch 1596 loss 0.4369 accuracy 85.94%
[2026-06-20 08:32:04,891][src.modRNN.training.training_loop][INFO] - 	 Starting Epoch: 1597
[2026-06-20 08:32:05,621][src.modRNN.training.training_loop][INFO] - train epoch 1597 loss 0.2749 accuracy 90.62%
[2026-06-20 08:32:05,623][src.modRNN.training.training_loop][INFO] - 	 Starting Epoch: 1598
[2026-06-20 08:32:06,352][src.modRNN.training.training_loop][INFO] - train epoch 1598 loss 0.2192 accuracy 96.88%
[2026-06-20 08:32:06,354][src.modRNN.training.training_loop][INFO] - 	 Starting Epoch: 1599
[2026-06-20 08:32:07,083][src.modRNN.training.training_loop][INFO] - train epoch 1599 loss 0.2603 accuracy 92.19%
[2026-06-20 08:32:07,085][src.modRNN.training.training_loop][INFO] - 	 Starting Epoch: 1600
[2026-06-20 08:32:07,816][src.modRNN.training.training_loop][INFO] - train epoch 1600 loss 0.2630 accuracy 96.88%
[2026-06-20 08:32:07,818][src.modRNN.training.training_loop][INFO] - 	 Starting Epoch: 1601
[2026-06-20 08:32:08,546][src.modRNN.training.training_loop][INFO] - train epoch 1601 loss 0.3366 accuracy 85.94%
[2026-06-20 08:32:09,679][src.modRNN.training.training_loop][INFO] - eval  epoch 1601 loss 0.2863 accuracy 90.82%
[2026-06-20 08:32:09,680][src.modRNN.training.training_loop][INFO] - 	 Starting Epoch: 1602
[2026-06-20 08:32:10,409][src.modRNN.training.training_loop][INFO] - train epoch 1602 loss 0.3064 accuracy 85.94%
[2026-06-20 08:32:10,410][src.modRNN.training.training_loop][INFO] - 	 Starting Epoch: 1603
[2026-06-20 08:32:11,138][src.modRNN.training.training_loop][INFO] - train epoch 1603 loss 0.3270 accuracy 90.62%
[2026-06-20 08:32:11,140][src.modRNN.training.training_loop][INFO] - 	 Starting Epoch: 1604
[2026-06-20 08:32:11,868][src.modRNN.training.training_loop][INFO] - train epoch 1604 loss 0.3363 accuracy 89.06%
[2026-06-20 08:32:11,869][src.modRNN.training.training_loop][INFO] - 	 Starting Epoch: 1605
[2026-06-20 08:32:12,598][src.modRNN.training.training_loop][INFO] - train epoch 1605 loss 0.3101 accuracy 85.94%
[2026-06-20 08:32:12,599][src.modRNN.training.training_loop][INFO] - 	 Starting Epoch: 1606
[2026-06-20 08:32:13,327][src.modRNN.training.training_loop][INFO] - train epoch 1606 loss 0.3045 accuracy 87.50%
[2026-06-20 08:32:13,328][src.modRNN.training.training_loop][INFO] - 	 Starting Epoch: 1607
[2026-06-20 08:32:14,056][src.modRNN.training.training_loop][INFO] - train epoch 1607 loss 0.2731 accuracy 93.75%
[2026-06-20 08:32:14,058][src.modRNN.training.training_loop][INFO] - 	 Starting Epoch: 1608
[2026-06-20 08:32:14,786][src.modRNN.training.training_loop][INFO] - train epoch 1608 loss 0.4125 accuracy 84.38%
[2026-06-20 08:32:14,788][src.modRNN.training.training_loop][INFO] - 	 Starting Epoch: 1609
[2026-06-20 08:32:15,518][src.modRNN.training.training_loop][INFO] - train epoch 1609 loss 0.3677 accuracy 84.38%
[2026-06-20 08:32:15,519][src.modRNN.training.training_loop][INFO] - 	 Starting Epoch: 1610
[2026-06-20 08:32:16,247][src.modRNN.training.training_loop][INFO] - train epoch 1610 loss 0.4618 accuracy 81.25%
[2026-06-20 08:32:16,249][src.modRNN.training.training_loop][INFO] - 	 Starting Epoch: 1611
[2026-06-20 08:32:16,977][src.modRNN.training.training_loop][INFO] - train epoch 1611 loss 0.4429 accuracy 82.81%
[2026-06-20 08:32:16,979][src.modRNN.training.training_loop][INFO] - 	 Starting Epoch: 1612
[2026-06-20 08:32:17,707][src.modRNN.training.training_loop][INFO] - train epoch 1612 loss 0.3583 accuracy 82.81%
[2026-06-20 08:32:17,709][src.modRNN.training.training_loop][INFO] - 	 Starting Epoch: 1613
[2026-06-20 08:32:18,438][src.modRNN.training.training_loop][INFO] - train epoch 1613 loss 0.4591 accuracy 84.38%
[2026-06-20 08:32:18,439][src.modRNN.training.training_loop][INFO] - 	 Starting Epoch: 1614
[2026-06-20 08:32:19,167][src.modRNN.training.training_loop][INFO] - train epoch 1614 loss 0.5745 accuracy 73.44%
[2026-06-20 08:32:19,169][src.modRNN.training.training_loop][INFO] - 	 Starting Epoch: 1615
[2026-06-20 08:32:19,897][src.modRNN.training.training_loop][INFO] - train epoch 1615 loss 0.5184 accuracy 73.44%
[2026-06-20 08:32:19,899][src.modRNN.training.training_loop][INFO] - 	 Starting Epoch: 1616
[2026-06-20 08:32:20,627][src.modRNN.training.training_loop][INFO] - train epoch 1616 loss 0.3174 accuracy 92.19%
[2026-06-20 08:32:20,628][src.modRNN.training.training_loop][INFO] - 	 Starting Epoch: 1617
[2026-06-20 08:32:21,356][src.modRNN.training.training_loop][INFO] - train epoch 1617 loss 0.4201 accuracy 85.94%
[2026-06-20 08:32:21,358][src.modRNN.training.training_loop][INFO] - 	 Starting Epoch: 1618
[2026-06-20 08:32:22,087][src.modRNN.training.training_loop][INFO] - train epoch 1618 loss 0.3623 accuracy 85.94%
[2026-06-20 08:32:22,088][src.modRNN.training.training_loop][INFO] - 	 Starting Epoch: 1619
[2026-06-20 08:32:22,815][src.modRNN.training.training_loop][INFO] - train epoch 1619 loss 0.3919 accuracy 85.94%
[2026-06-20 08:32:22,817][src.modRNN.training.training_loop][INFO] - 	 Starting Epoch: 1620
[2026-06-20 08:32:23,547][src.modRNN.training.training_loop][INFO] - train epoch 1620 loss 0.4991 accuracy 71.88%
[2026-06-20 08:32:23,549][src.modRNN.training.training_loop][INFO] - 	 Starting Epoch: 1621
[2026-06-20 08:32:24,276][src.modRNN.training.training_loop][INFO] - train epoch 1621 loss 0.3908 accuracy 84.38%
[2026-06-20 08:32:24,277][src.modRNN.training.training_loop][INFO] - 	 Starting Epoch: 1622
[2026-06-20 08:32:25,005][src.modRNN.training.training_loop][INFO] - train epoch 1622 loss 0.4279 accuracy 79.69%
[2026-06-20 08:32:25,007][src.modRNN.training.training_loop][INFO] - 	 Starting Epoch: 1623
[2026-06-20 08:32:25,735][src.modRNN.training.training_loop][INFO] - train epoch 1623 loss 0.3421 accuracy 84.38%
[2026-06-20 08:32:25,737][src.modRNN.training.training_loop][INFO] - 	 Starting Epoch: 1624
[2026-06-20 08:32:26,464][src.modRNN.training.training_loop][INFO] - train epoch 1624 loss 0.3204 accuracy 89.06%
[2026-06-20 08:32:26,466][src.modRNN.training.training_loop][INFO] - 	 Starting Epoch: 1625
[2026-06-20 08:32:27,193][src.modRNN.training.training_loop][INFO] - train epoch 1625 loss 0.2290 accuracy 93.75%
[2026-06-20 08:32:27,195][src.modRNN.training.training_loop][INFO] - 	 Starting Epoch: 1626
[2026-06-20 08:32:27,923][src.modRNN.training.training_loop][INFO] - train epoch 1626 loss 0.2155 accuracy 92.19%
[2026-06-20 08:32:29,054][src.modRNN.training.training_loop][INFO] - eval  epoch 1626 loss 0.2564 accuracy 93.95%
[2026-06-20 08:32:29,056][src.modRNN.training.training_loop][INFO] - 	 Starting Epoch: 1627
[2026-06-20 08:32:29,785][src.modRNN.training.training_loop][INFO] - train epoch 1627 loss 0.3376 accuracy 87.50%
[2026-06-20 08:32:29,786][src.modRNN.training.training_loop][INFO] - 	 Starting Epoch: 1628
[2026-06-20 08:32:30,517][src.modRNN.training.training_loop][INFO] - train epoch 1628 loss 0.3382 accuracy 89.06%
[2026-06-20 08:32:30,518][src.modRNN.training.training_loop][INFO] - 	 Starting Epoch: 1629
[2026-06-20 08:32:31,248][src.modRNN.training.training_loop][INFO] - train epoch 1629 loss 0.2918 accuracy 90.62%
[2026-06-20 08:32:31,250][src.modRNN.training.training_loop][INFO] - 	 Starting Epoch: 1630
[2026-06-20 08:32:31,980][src.modRNN.training.training_loop][INFO] - train epoch 1630 loss 0.2986 accuracy 95.31%
[2026-06-20 08:32:31,981][src.modRNN.training.training_loop][INFO] - 	 Starting Epoch: 1631
[2026-06-20 08:32:32,711][src.modRNN.training.training_loop][INFO] - train epoch 1631 loss 0.2820 accuracy 93.75%
[2026-06-20 08:32:32,712][src.modRNN.training.training_loop][INFO] - 	 Starting Epoch: 1632
[2026-06-20 08:32:33,440][src.modRNN.training.training_loop][INFO] - train epoch 1632 loss 0.2966 accuracy 92.19%
[2026-06-20 08:32:33,442][src.modRNN.training.training_loop][INFO] - 	 Starting Epoch: 1633
[2026-06-20 08:32:34,171][src.modRNN.training.training_loop][INFO] - train epoch 1633 loss 0.2228 accuracy 96.88%
[2026-06-20 08:32:34,173][src.modRNN.training.training_loop][INFO] - 	 Starting Epoch: 1634
[2026-06-20 08:32:34,902][src.modRNN.training.training_loop][INFO] - train epoch 1634 loss 0.2275 accuracy 95.31%
[2026-06-20 08:32:34,903][src.modRNN.training.training_loop][INFO] - 	 Starting Epoch: 1635
[2026-06-20 08:32:35,634][src.modRNN.training.training_loop][INFO] - train epoch 1635 loss 0.2739 accuracy 89.06%
[2026-06-20 08:32:35,636][src.modRNN.training.training_loop][INFO] - 	 Starting Epoch: 1636
[2026-06-20 08:32:36,364][src.modRNN.training.training_loop][INFO] - train epoch 1636 loss 0.2108 accuracy 95.31%
[2026-06-20 08:32:36,366][src.modRNN.training.training_loop][INFO] - 	 Starting Epoch: 1637
[2026-06-20 08:32:37,096][src.modRNN.training.training_loop][INFO] - train epoch 1637 loss 0.1961 accuracy 98.44%
[2026-06-20 08:32:37,098][src.modRNN.training.training_loop][INFO] - 	 Starting Epoch: 1638
[2026-06-20 08:32:37,825][src.modRNN.training.training_loop][INFO] - train epoch 1638 loss 0.2346 accuracy 93.75%
[2026-06-20 08:32:37,826][src.modRNN.training.training_loop][INFO] - 	 Starting Epoch: 1639
[2026-06-20 08:32:38,555][src.modRNN.training.training_loop][INFO] - train epoch 1639 loss 0.1920 accuracy 96.88%
[2026-06-20 08:32:38,557][src.modRNN.training.training_loop][INFO] - 	 Starting Epoch: 1640
[2026-06-20 08:32:39,285][src.modRNN.training.training_loop][INFO] - train epoch 1640 loss 0.2941 accuracy 92.19%
[2026-06-20 08:32:39,287][src.modRNN.training.training_loop][INFO] - 	 Starting Epoch: 1641
[2026-06-20 08:32:40,017][src.modRNN.training.training_loop][INFO] - train epoch 1641 loss 0.2277 accuracy 95.31%
[2026-06-20 08:32:40,018][src.modRNN.training.training_loop][INFO] - 	 Starting Epoch: 1642
[2026-06-20 08:32:40,749][src.modRNN.training.training_loop][INFO] - train epoch 1642 loss 0.2718 accuracy 92.19%
[2026-06-20 08:32:40,751][src.modRNN.training.training_loop][INFO] - 	 Starting Epoch: 1643
[2026-06-20 08:32:41,481][src.modRNN.training.training_loop][INFO] - train epoch 1643 loss 0.2276 accuracy 95.31%
[2026-06-20 08:32:41,483][src.modRNN.training.training_loop][INFO] - 	 Starting Epoch: 1644
[2026-06-20 08:32:42,211][src.modRNN.training.training_loop][INFO] - train epoch 1644 loss 0.3264 accuracy 90.62%
[2026-06-20 08:32:42,213][src.modRNN.training.training_loop][INFO] - 	 Starting Epoch: 1645
[2026-06-20 08:32:42,941][src.modRNN.training.training_loop][INFO] - train epoch 1645 loss 0.3253 accuracy 89.06%
[2026-06-20 08:32:42,943][src.modRNN.training.training_loop][INFO] - 	 Starting Epoch: 1646
[2026-06-20 08:32:43,673][src.modRNN.training.training_loop][INFO] - train epoch 1646 loss 0.2944 accuracy 87.50%
[2026-06-20 08:32:43,674][src.modRNN.training.training_loop][INFO] - 	 Starting Epoch: 1647
[2026-06-20 08:32:44,405][src.modRNN.training.training_loop][INFO] - train epoch 1647 loss 0.3201 accuracy 87.50%
[2026-06-20 08:32:44,406][src.modRNN.training.training_loop][INFO] - 	 Starting Epoch: 1648
[2026-06-20 08:32:45,136][src.modRNN.training.training_loop][INFO] - train epoch 1648 loss 0.2198 accuracy 92.19%
[2026-06-20 08:32:45,138][src.modRNN.training.training_loop][INFO] - 	 Starting Epoch: 1649
[2026-06-20 08:32:45,867][src.modRNN.training.training_loop][INFO] - train epoch 1649 loss 0.2901 accuracy 93.75%
[2026-06-20 08:32:45,869][src.modRNN.training.training_loop][INFO] - 	 Starting Epoch: 1650
[2026-06-20 08:32:46,597][src.modRNN.training.training_loop][INFO] - train epoch 1650 loss 0.2515 accuracy 90.62%
[2026-06-20 08:32:46,598][src.modRNN.training.training_loop][INFO] - 	 Starting Epoch: 1651
[2026-06-20 08:32:47,328][src.modRNN.training.training_loop][INFO] - train epoch 1651 loss 0.1924 accuracy 93.75%
[2026-06-20 08:32:48,464][src.modRNN.training.training_loop][INFO] - eval  epoch 1651 loss 0.2442 accuracy 92.77%
[2026-06-20 08:32:48,465][src.modRNN.training.training_loop][INFO] - 	 Starting Epoch: 1652
[2026-06-20 08:32:49,193][src.modRNN.training.training_loop][INFO] - train epoch 1652 loss 0.2548 accuracy 90.62%
[2026-06-20 08:32:49,195][src.modRNN.training.training_loop][INFO] - 	 Starting Epoch: 1653
[2026-06-20 08:32:49,926][src.modRNN.training.training_loop][INFO] - train epoch 1653 loss 0.3012 accuracy 89.06%
[2026-06-20 08:32:49,927][src.modRNN.training.training_loop][INFO] - 	 Starting Epoch: 1654
[2026-06-20 08:32:50,656][src.modRNN.training.training_loop][INFO] - train epoch 1654 loss 0.3037 accuracy 85.94%
[2026-06-20 08:32:50,658][src.modRNN.training.training_loop][INFO] - 	 Starting Epoch: 1655
[2026-06-20 08:32:51,386][src.modRNN.training.training_loop][INFO] - train epoch 1655 loss 0.2643 accuracy 92.19%
[2026-06-20 08:32:51,388][src.modRNN.training.training_loop][INFO] - 	 Starting Epoch: 1656
[2026-06-20 08:32:52,117][src.modRNN.training.training_loop][INFO] - train epoch 1656 loss 0.3120 accuracy 90.62%
[2026-06-20 08:32:52,119][src.modRNN.training.training_loop][INFO] - 	 Starting Epoch: 1657
[2026-06-20 08:32:52,848][src.modRNN.training.training_loop][INFO] - train epoch 1657 loss 0.2600 accuracy 87.50%
[2026-06-20 08:32:52,850][src.modRNN.training.training_loop][INFO] - 	 Starting Epoch: 1658
[2026-06-20 08:32:53,578][src.modRNN.training.training_loop][INFO] - train epoch 1658 loss 0.2346 accuracy 95.31%
[2026-06-20 08:32:53,579][src.modRNN.training.training_loop][INFO] - 	 Starting Epoch: 1659
[2026-06-20 08:32:54,311][src.modRNN.training.training_loop][INFO] - train epoch 1659 loss 0.2132 accuracy 96.88%
[2026-06-20 08:32:54,313][src.modRNN.training.training_loop][INFO] - 	 Starting Epoch: 1660
[2026-06-20 08:32:55,041][src.modRNN.training.training_loop][INFO] - train epoch 1660 loss 0.1714 accuracy 96.88%
[2026-06-20 08:32:55,043][src.modRNN.training.training_loop][INFO] - 	 Starting Epoch: 1661
[2026-06-20 08:32:55,773][src.modRNN.training.training_loop][INFO] - train epoch 1661 loss 0.1993 accuracy 95.31%
[2026-06-20 08:32:55,774][src.modRNN.training.training_loop][INFO] - 	 Starting Epoch: 1662
[2026-06-20 08:32:56,503][src.modRNN.training.training_loop][INFO] - train epoch 1662 loss 0.1980 accuracy 95.31%
[2026-06-20 08:32:56,505][src.modRNN.training.training_loop][INFO] - 	 Starting Epoch: 1663
[2026-06-20 08:32:57,234][src.modRNN.training.training_loop][INFO] - train epoch 1663 loss 0.3452 accuracy 89.06%
[2026-06-20 08:32:57,235][src.modRNN.training.training_loop][INFO] - 	 Starting Epoch: 1664
[2026-06-20 08:32:57,964][src.modRNN.training.training_loop][INFO] - train epoch 1664 loss 0.2621 accuracy 90.62%
[2026-06-20 08:32:57,966][src.modRNN.training.training_loop][INFO] - 	 Starting Epoch: 1665
[2026-06-20 08:32:58,694][src.modRNN.training.training_loop][INFO] - train epoch 1665 loss 0.2253 accuracy 90.62%
[2026-06-20 08:32:58,696][src.modRNN.training.training_loop][INFO] - 	 Starting Epoch: 1666
[2026-06-20 08:32:59,424][src.modRNN.training.training_loop][INFO] - train epoch 1666 loss 0.3801 accuracy 82.81%
[2026-06-20 08:32:59,425][src.modRNN.training.training_loop][INFO] - 	 Starting Epoch: 1667
[2026-06-20 08:33:00,154][src.modRNN.training.training_loop][INFO] - train epoch 1667 loss 0.1944 accuracy 96.88%
[2026-06-20 08:33:00,155][src.modRNN.training.training_loop][INFO] - 	 Starting Epoch: 1668
[2026-06-20 08:33:00,885][src.modRNN.training.training_loop][INFO] - train epoch 1668 loss 0.1731 accuracy 96.88%
[2026-06-20 08:33:00,887][src.modRNN.training.training_loop][INFO] - 	 Starting Epoch: 1669
[2026-06-20 08:33:01,617][src.modRNN.training.training_loop][INFO] - train epoch 1669 loss 0.3193 accuracy 87.50%
[2026-06-20 08:33:01,619][src.modRNN.training.training_loop][INFO] - 	 Starting Epoch: 1670
[2026-06-20 08:33:02,348][src.modRNN.training.training_loop][INFO] - train epoch 1670 loss 0.2331 accuracy 93.75%
[2026-06-20 08:33:02,349][src.modRNN.training.training_loop][INFO] - 	 Starting Epoch: 1671
[2026-06-20 08:33:03,078][src.modRNN.training.training_loop][INFO] - train epoch 1671 loss 0.1683 accuracy 95.31%
[2026-06-20 08:33:03,080][src.modRNN.training.training_loop][INFO] - 	 Starting Epoch: 1672
[2026-06-20 08:33:03,809][src.modRNN.training.training_loop][INFO] - train epoch 1672 loss 0.1486 accuracy 100.00%
[2026-06-20 08:33:03,810][src.modRNN.training.training_loop][INFO] - 	 Starting Epoch: 1673
[2026-06-20 08:33:04,540][src.modRNN.training.training_loop][INFO] - train epoch 1673 loss 0.2722 accuracy 87.50%
[2026-06-20 08:33:04,542][src.modRNN.training.training_loop][INFO] - 	 Starting Epoch: 1674
[2026-06-20 08:33:05,277][src.modRNN.training.training_loop][INFO] - train epoch 1674 loss 0.2783 accuracy 92.19%
[2026-06-20 08:33:05,278][src.modRNN.training.training_loop][INFO] - 	 Starting Epoch: 1675
[2026-06-20 08:33:06,014][src.modRNN.training.training_loop][INFO] - train epoch 1675 loss 0.2229 accuracy 93.75%
[2026-06-20 08:33:06,015][src.modRNN.training.training_loop][INFO] - 	 Starting Epoch: 1676
[2026-06-20 08:33:06,745][src.modRNN.training.training_loop][INFO] - train epoch 1676 loss 0.1855 accuracy 96.88%
[2026-06-20 08:33:07,875][src.modRNN.training.training_loop][INFO] - eval  epoch 1676 loss 0.2200 accuracy 93.36%
[2026-06-20 08:33:07,876][src.modRNN.training.training_loop][INFO] - 	 Starting Epoch: 1677
[2026-06-20 08:33:08,605][src.modRNN.training.training_loop][INFO] - train epoch 1677 loss 0.2344 accuracy 93.75%
[2026-06-20 08:33:08,606][src.modRNN.training.training_loop][INFO] - 	 Starting Epoch: 1678
[2026-06-20 08:33:09,336][src.modRNN.training.training_loop][INFO] - train epoch 1678 loss 0.1834 accuracy 96.88%
[2026-06-20 08:33:09,337][src.modRNN.training.training_loop][INFO] - 	 Starting Epoch: 1679
[2026-06-20 08:33:10,066][src.modRNN.training.training_loop][INFO] - train epoch 1679 loss 0.2201 accuracy 96.88%
[2026-06-20 08:33:10,068][src.modRNN.training.training_loop][INFO] - 	 Starting Epoch: 1680
[2026-06-20 08:33:10,797][src.modRNN.training.training_loop][INFO] - train epoch 1680 loss 0.2582 accuracy 92.19%
[2026-06-20 08:33:10,798][src.modRNN.training.training_loop][INFO] - 	 Starting Epoch: 1681
[2026-06-20 08:33:11,527][src.modRNN.training.training_loop][INFO] - train epoch 1681 loss 0.2020 accuracy 95.31%
[2026-06-20 08:33:11,529][src.modRNN.training.training_loop][INFO] - 	 Starting Epoch: 1682
[2026-06-20 08:33:12,259][src.modRNN.training.training_loop][INFO] - train epoch 1682 loss 0.2284 accuracy 92.19%
[2026-06-20 08:33:12,261][src.modRNN.training.training_loop][INFO] - 	 Starting Epoch: 1683
[2026-06-20 08:33:12,991][src.modRNN.training.training_loop][INFO] - train epoch 1683 loss 0.1805 accuracy 93.75%
[2026-06-20 08:33:12,992][src.modRNN.training.training_loop][INFO] - 	 Starting Epoch: 1684
[2026-06-20 08:33:13,721][src.modRNN.training.training_loop][INFO] - train epoch 1684 loss 0.2673 accuracy 92.19%
[2026-06-20 08:33:13,722][src.modRNN.training.training_loop][INFO] - 	 Starting Epoch: 1685
[2026-06-20 08:33:14,451][src.modRNN.training.training_loop][INFO] - train epoch 1685 loss 0.1517 accuracy 96.88%
[2026-06-20 08:33:14,453][src.modRNN.training.training_loop][INFO] - 	 Starting Epoch: 1686
[2026-06-20 08:33:15,182][src.modRNN.training.training_loop][INFO] - train epoch 1686 loss 0.2024 accuracy 95.31%
[2026-06-20 08:33:15,184][src.modRNN.training.training_loop][INFO] - 	 Starting Epoch: 1687
[2026-06-20 08:33:15,912][src.modRNN.training.training_loop][INFO] - train epoch 1687 loss 0.3180 accuracy 89.06%
[2026-06-20 08:33:15,914][src.modRNN.training.training_loop][INFO] - 	 Starting Epoch: 1688
[2026-06-20 08:33:16,647][src.modRNN.training.training_loop][INFO] - train epoch 1688 loss 0.2050 accuracy 96.88%
[2026-06-20 08:33:16,649][src.modRNN.training.training_loop][INFO] - 	 Starting Epoch: 1689
[2026-06-20 08:33:17,378][src.modRNN.training.training_loop][INFO] - train epoch 1689 loss 0.2243 accuracy 92.19%
[2026-06-20 08:33:17,380][src.modRNN.training.training_loop][INFO] - 	 Starting Epoch: 1690
[2026-06-20 08:33:18,108][src.modRNN.training.training_loop][INFO] - train epoch 1690 loss 0.1944 accuracy 96.88%
[2026-06-20 08:33:18,110][src.modRNN.training.training_loop][INFO] - 	 Starting Epoch: 1691
[2026-06-20 08:33:18,841][src.modRNN.training.training_loop][INFO] - train epoch 1691 loss 0.1645 accuracy 98.44%
[2026-06-20 08:33:18,842][src.modRNN.training.training_loop][INFO] - 	 Starting Epoch: 1692
[2026-06-20 08:33:19,572][src.modRNN.training.training_loop][INFO] - train epoch 1692 loss 0.1633 accuracy 100.00%
[2026-06-20 08:33:19,574][src.modRNN.training.training_loop][INFO] - 	 Starting Epoch: 1693
[2026-06-20 08:33:20,302][src.modRNN.training.training_loop][INFO] - train epoch 1693 loss 0.1547 accuracy 98.44%
[2026-06-20 08:33:20,304][src.modRNN.training.training_loop][INFO] - 	 Starting Epoch: 1694
[2026-06-20 08:33:21,034][src.modRNN.training.training_loop][INFO] - train epoch 1694 loss 0.2786 accuracy 89.06%
[2026-06-20 08:33:21,035][src.modRNN.training.training_loop][INFO] - 	 Starting Epoch: 1695
[2026-06-20 08:33:21,764][src.modRNN.training.training_loop][INFO] - train epoch 1695 loss 0.2320 accuracy 95.31%
[2026-06-20 08:33:21,765][src.modRNN.training.training_loop][INFO] - 	 Starting Epoch: 1696
[2026-06-20 08:33:22,495][src.modRNN.training.training_loop][INFO] - train epoch 1696 loss 0.3172 accuracy 85.94%
[2026-06-20 08:33:22,497][src.modRNN.training.training_loop][INFO] - 	 Starting Epoch: 1697
[2026-06-20 08:33:23,226][src.modRNN.training.training_loop][INFO] - train epoch 1697 loss 0.2437 accuracy 90.62%
[2026-06-20 08:33:23,228][src.modRNN.training.training_loop][INFO] - 	 Starting Epoch: 1698
[2026-06-20 08:33:23,957][src.modRNN.training.training_loop][INFO] - train epoch 1698 loss 0.2818 accuracy 90.62%
[2026-06-20 08:33:23,959][src.modRNN.training.training_loop][INFO] - 	 Starting Epoch: 1699
[2026-06-20 08:33:24,688][src.modRNN.training.training_loop][INFO] - train epoch 1699 loss 0.2032 accuracy 90.62%
[2026-06-20 08:33:24,689][src.modRNN.training.training_loop][INFO] - 	 Starting Epoch: 1700
[2026-06-20 08:33:25,418][src.modRNN.training.training_loop][INFO] - train epoch 1700 loss 0.2428 accuracy 92.19%
[2026-06-20 08:33:25,420][src.modRNN.training.training_loop][INFO] - 	 Starting Epoch: 1701
[2026-06-20 08:33:26,149][src.modRNN.training.training_loop][INFO] - train epoch 1701 loss 0.1629 accuracy 96.88%
[2026-06-20 08:33:27,278][src.modRNN.training.training_loop][INFO] - eval  epoch 1701 loss 0.2055 accuracy 92.97%
[2026-06-20 08:33:27,279][src.modRNN.training.training_loop][INFO] - 	 Starting Epoch: 1702
[2026-06-20 08:33:28,007][src.modRNN.training.training_loop][INFO] - train epoch 1702 loss 0.2495 accuracy 90.62%
[2026-06-20 08:33:28,009][src.modRNN.training.training_loop][INFO] - 	 Starting Epoch: 1703
[2026-06-20 08:33:28,738][src.modRNN.training.training_loop][INFO] - train epoch 1703 loss 0.1051 accuracy 100.00%
[2026-06-20 08:33:28,740][src.modRNN.training.training_loop][INFO] - 	 Starting Epoch: 1704
[2026-06-20 08:33:29,468][src.modRNN.training.training_loop][INFO] - train epoch 1704 loss 0.1618 accuracy 93.75%
[2026-06-20 08:33:29,470][src.modRNN.training.training_loop][INFO] - 	 Starting Epoch: 1705
[2026-06-20 08:33:30,200][src.modRNN.training.training_loop][INFO] - train epoch 1705 loss 0.1476 accuracy 98.44%
[2026-06-20 08:33:30,202][src.modRNN.training.training_loop][INFO] - 	 Starting Epoch: 1706
[2026-06-20 08:33:30,930][src.modRNN.training.training_loop][INFO] - train epoch 1706 loss 0.2089 accuracy 95.31%
[2026-06-20 08:33:30,932][src.modRNN.training.training_loop][INFO] - 	 Starting Epoch: 1707
[2026-06-20 08:33:31,660][src.modRNN.training.training_loop][INFO] - train epoch 1707 loss 0.1787 accuracy 96.88%
[2026-06-20 08:33:31,661][src.modRNN.training.training_loop][INFO] - 	 Starting Epoch: 1708
[2026-06-20 08:33:32,391][src.modRNN.training.training_loop][INFO] - train epoch 1708 loss 0.2034 accuracy 95.31%
[2026-06-20 08:33:32,392][src.modRNN.training.training_loop][INFO] - 	 Starting Epoch: 1709
[2026-06-20 08:33:33,120][src.modRNN.training.training_loop][INFO] - train epoch 1709 loss 0.2228 accuracy 93.75%
[2026-06-20 08:33:33,122][src.modRNN.training.training_loop][INFO] - 	 Starting Epoch: 1710
[2026-06-20 08:33:33,851][src.modRNN.training.training_loop][INFO] - train epoch 1710 loss 0.2217 accuracy 92.19%
[2026-06-20 08:33:33,853][src.modRNN.training.training_loop][INFO] - 	 Starting Epoch: 1711
[2026-06-20 08:33:34,582][src.modRNN.training.training_loop][INFO] - train epoch 1711 loss 0.2048 accuracy 95.31%
[2026-06-20 08:33:34,584][src.modRNN.training.training_loop][INFO] - 	 Starting Epoch: 1712
[2026-06-20 08:33:35,311][src.modRNN.training.training_loop][INFO] - train epoch 1712 loss 0.2540 accuracy 92.19%
[2026-06-20 08:33:35,313][src.modRNN.training.training_loop][INFO] - 	 Starting Epoch: 1713
[2026-06-20 08:33:36,042][src.modRNN.training.training_loop][INFO] - train epoch 1713 loss 0.1960 accuracy 95.31%
[2026-06-20 08:33:36,043][src.modRNN.training.training_loop][INFO] - 	 Starting Epoch: 1714
[2026-06-20 08:33:36,772][src.modRNN.training.training_loop][INFO] - train epoch 1714 loss 0.1942 accuracy 95.31%
[2026-06-20 08:33:36,774][src.modRNN.training.training_loop][INFO] - 	 Starting Epoch: 1715
[2026-06-20 08:33:37,502][src.modRNN.training.training_loop][INFO] - train epoch 1715 loss 0.2734 accuracy 92.19%
[2026-06-20 08:33:37,504][src.modRNN.training.training_loop][INFO] - 	 Starting Epoch: 1716
[2026-06-20 08:33:38,232][src.modRNN.training.training_loop][INFO] - train epoch 1716 loss 0.1924 accuracy 95.31%
[2026-06-20 08:33:38,234][src.modRNN.training.training_loop][INFO] - 	 Starting Epoch: 1717
[2026-06-20 08:33:38,962][src.modRNN.training.training_loop][INFO] - train epoch 1717 loss 0.2640 accuracy 93.75%
[2026-06-20 08:33:38,964][src.modRNN.training.training_loop][INFO] - 	 Starting Epoch: 1718
[2026-06-20 08:33:39,695][src.modRNN.training.training_loop][INFO] - train epoch 1718 loss 0.3072 accuracy 90.62%
[2026-06-20 08:33:39,697][src.modRNN.training.training_loop][INFO] - 	 Starting Epoch: 1719
[2026-06-20 08:33:40,426][src.modRNN.training.training_loop][INFO] - train epoch 1719 loss 0.2851 accuracy 87.50%
[2026-06-20 08:33:40,428][src.modRNN.training.training_loop][INFO] - 	 Starting Epoch: 1720
[2026-06-20 08:33:41,156][src.modRNN.training.training_loop][INFO] - train epoch 1720 loss 0.3121 accuracy 89.06%
[2026-06-20 08:33:41,158][src.modRNN.training.training_loop][INFO] - 	 Starting Epoch: 1721
[2026-06-20 08:33:41,887][src.modRNN.training.training_loop][INFO] - train epoch 1721 loss 0.3304 accuracy 89.06%
[2026-06-20 08:33:41,889][src.modRNN.training.training_loop][INFO] - 	 Starting Epoch: 1722
[2026-06-20 08:33:42,617][src.modRNN.training.training_loop][INFO] - train epoch 1722 loss 0.2779 accuracy 92.19%
[2026-06-20 08:33:42,618][src.modRNN.training.training_loop][INFO] - 	 Starting Epoch: 1723
[2026-06-20 08:33:43,347][src.modRNN.training.training_loop][INFO] - train epoch 1723 loss 0.2448 accuracy 92.19%
[2026-06-20 08:33:43,349][src.modRNN.training.training_loop][INFO] - 	 Starting Epoch: 1724
[2026-06-20 08:33:44,078][src.modRNN.training.training_loop][INFO] - train epoch 1724 loss 0.2082 accuracy 95.31%
[2026-06-20 08:33:44,079][src.modRNN.training.training_loop][INFO] - 	 Starting Epoch: 1725
[2026-06-20 08:33:44,808][src.modRNN.training.training_loop][INFO] - train epoch 1725 loss 0.2470 accuracy 95.31%
[2026-06-20 08:33:44,809][src.modRNN.training.training_loop][INFO] - 	 Starting Epoch: 1726
[2026-06-20 08:33:45,539][src.modRNN.training.training_loop][INFO] - train epoch 1726 loss 0.2464 accuracy 93.75%
[2026-06-20 08:33:46,668][src.modRNN.training.training_loop][INFO] - eval  epoch 1726 loss 0.2335 accuracy 94.14%
[2026-06-20 08:33:46,669][src.modRNN.training.training_loop][INFO] - 	 Starting Epoch: 1727
[2026-06-20 08:33:47,398][src.modRNN.training.training_loop][INFO] - train epoch 1727 loss 0.2309 accuracy 93.75%
[2026-06-20 08:33:47,400][src.modRNN.training.training_loop][INFO] - 	 Starting Epoch: 1728
[2026-06-20 08:33:48,128][src.modRNN.training.training_loop][INFO] - train epoch 1728 loss 0.2343 accuracy 95.31%
[2026-06-20 08:33:48,130][src.modRNN.training.training_loop][INFO] - 	 Starting Epoch: 1729
[2026-06-20 08:33:48,860][src.modRNN.training.training_loop][INFO] - train epoch 1729 loss 0.2777 accuracy 92.19%
[2026-06-20 08:33:48,862][src.modRNN.training.training_loop][INFO] - 	 Starting Epoch: 1730
[2026-06-20 08:33:49,591][src.modRNN.training.training_loop][INFO] - train epoch 1730 loss 0.1827 accuracy 96.88%
[2026-06-20 08:33:49,593][src.modRNN.training.training_loop][INFO] - 	 Starting Epoch: 1731
[2026-06-20 08:33:50,321][src.modRNN.training.training_loop][INFO] - train epoch 1731 loss 0.1456 accuracy 98.44%
[2026-06-20 08:33:50,322][src.modRNN.training.training_loop][INFO] - 	 Starting Epoch: 1732
[2026-06-20 08:33:51,053][src.modRNN.training.training_loop][INFO] - train epoch 1732 loss 0.2451 accuracy 96.88%
[2026-06-20 08:33:51,054][src.modRNN.training.training_loop][INFO] - 	 Starting Epoch: 1733
[2026-06-20 08:33:51,785][src.modRNN.training.training_loop][INFO] - train epoch 1733 loss 0.2564 accuracy 93.75%
[2026-06-20 08:33:51,787][src.modRNN.training.training_loop][INFO] - 	 Starting Epoch: 1734
[2026-06-20 08:33:52,516][src.modRNN.training.training_loop][INFO] - train epoch 1734 loss 0.2148 accuracy 96.88%
[2026-06-20 08:33:52,517][src.modRNN.training.training_loop][INFO] - 	 Starting Epoch: 1735
[2026-06-20 08:33:53,246][src.modRNN.training.training_loop][INFO] - train epoch 1735 loss 0.1606 accuracy 98.44%
[2026-06-20 08:33:53,248][src.modRNN.training.training_loop][INFO] - 	 Starting Epoch: 1736
[2026-06-20 08:33:53,978][src.modRNN.training.training_loop][INFO] - train epoch 1736 loss 0.2223 accuracy 100.00%
[2026-06-20 08:33:53,979][src.modRNN.training.training_loop][INFO] - 	 Starting Epoch: 1737
[2026-06-20 08:33:54,710][src.modRNN.training.training_loop][INFO] - train epoch 1737 loss 0.1281 accuracy 98.44%
[2026-06-20 08:33:54,712][src.modRNN.training.training_loop][INFO] - 	 Starting Epoch: 1738
[2026-06-20 08:33:55,441][src.modRNN.training.training_loop][INFO] - train epoch 1738 loss 0.2106 accuracy 95.31%
[2026-06-20 08:33:55,443][src.modRNN.training.training_loop][INFO] - 	 Starting Epoch: 1739
[2026-06-20 08:33:56,172][src.modRNN.training.training_loop][INFO] - train epoch 1739 loss 0.2467 accuracy 93.75%
[2026-06-20 08:33:56,174][src.modRNN.training.training_loop][INFO] - 	 Starting Epoch: 1740
[2026-06-20 08:33:56,904][src.modRNN.training.training_loop][INFO] - train epoch 1740 loss 0.1427 accuracy 98.44%
[2026-06-20 08:33:56,905][src.modRNN.training.training_loop][INFO] - 	 Starting Epoch: 1741
[2026-06-20 08:33:57,635][src.modRNN.training.training_loop][INFO] - train epoch 1741 loss 0.1984 accuracy 96.88%
[2026-06-20 08:33:57,636][src.modRNN.training.training_loop][INFO] - 	 Starting Epoch: 1742
[2026-06-20 08:33:58,365][src.modRNN.training.training_loop][INFO] - train epoch 1742 loss 0.1854 accuracy 95.31%
[2026-06-20 08:33:58,367][src.modRNN.training.training_loop][INFO] - 	 Starting Epoch: 1743
[2026-06-20 08:33:59,095][src.modRNN.training.training_loop][INFO] - train epoch 1743 loss 0.2222 accuracy 95.31%
[2026-06-20 08:33:59,097][src.modRNN.training.training_loop][INFO] - 	 Starting Epoch: 1744
[2026-06-20 08:33:59,826][src.modRNN.training.training_loop][INFO] - train epoch 1744 loss 0.2424 accuracy 89.06%
[2026-06-20 08:33:59,828][src.modRNN.training.training_loop][INFO] - 	 Starting Epoch: 1745
[2026-06-20 08:34:00,558][src.modRNN.training.training_loop][INFO] - train epoch 1745 loss 0.2060 accuracy 95.31%
[2026-06-20 08:34:00,559][src.modRNN.training.training_loop][INFO] - 	 Starting Epoch: 1746
[2026-06-20 08:34:01,289][src.modRNN.training.training_loop][INFO] - train epoch 1746 loss 0.1983 accuracy 90.62%
[2026-06-20 08:34:01,290][src.modRNN.training.training_loop][INFO] - 	 Starting Epoch: 1747
[2026-06-20 08:34:02,019][src.modRNN.training.training_loop][INFO] - train epoch 1747 loss 0.1724 accuracy 95.31%
[2026-06-20 08:34:02,021][src.modRNN.training.training_loop][INFO] - 	 Starting Epoch: 1748
[2026-06-20 08:34:02,753][src.modRNN.training.training_loop][INFO] - train epoch 1748 loss 0.2025 accuracy 96.88%
[2026-06-20 08:34:02,755][src.modRNN.training.training_loop][INFO] - 	 Starting Epoch: 1749
[2026-06-20 08:34:03,484][src.modRNN.training.training_loop][INFO] - train epoch 1749 loss 0.1531 accuracy 96.88%
[2026-06-20 08:34:03,486][src.modRNN.training.training_loop][INFO] - 	 Starting Epoch: 1750
[2026-06-20 08:34:04,217][src.modRNN.training.training_loop][INFO] - train epoch 1750 loss 0.1464 accuracy 95.31%
[2026-06-20 08:34:04,219][src.modRNN.training.training_loop][INFO] - 	 Starting Epoch: 1751
[2026-06-20 08:34:04,949][src.modRNN.training.training_loop][INFO] - train epoch 1751 loss 0.1415 accuracy 95.31%
[2026-06-20 08:34:06,082][src.modRNN.training.training_loop][INFO] - eval  epoch 1751 loss 0.1528 accuracy 96.48%
[2026-06-20 08:34:06,083][src.modRNN.training.training_loop][INFO] - 	 Starting Epoch: 1752
[2026-06-20 08:34:06,811][src.modRNN.training.training_loop][INFO] - train epoch 1752 loss 0.1588 accuracy 96.88%
[2026-06-20 08:34:06,813][src.modRNN.training.training_loop][INFO] - 	 Starting Epoch: 1753
[2026-06-20 08:34:07,540][src.modRNN.training.training_loop][INFO] - train epoch 1753 loss 0.1474 accuracy 96.88%
[2026-06-20 08:34:07,542][src.modRNN.training.training_loop][INFO] - 	 Starting Epoch: 1754
[2026-06-20 08:34:08,270][src.modRNN.training.training_loop][INFO] - train epoch 1754 loss 0.1391 accuracy 96.88%
[2026-06-20 08:34:08,272][src.modRNN.training.training_loop][INFO] - 	 Starting Epoch: 1755
[2026-06-20 08:34:09,003][src.modRNN.training.training_loop][INFO] - train epoch 1755 loss 0.1274 accuracy 98.44%
[2026-06-20 08:34:09,005][src.modRNN.training.training_loop][INFO] - 	 Starting Epoch: 1756
[2026-06-20 08:34:09,733][src.modRNN.training.training_loop][INFO] - train epoch 1756 loss 0.1114 accuracy 98.44%
[2026-06-20 08:34:09,734][src.modRNN.training.training_loop][INFO] - 	 Starting Epoch: 1757
[2026-06-20 08:34:10,462][src.modRNN.training.training_loop][INFO] - train epoch 1757 loss 0.1925 accuracy 95.31%
[2026-06-20 08:34:10,464][src.modRNN.training.training_loop][INFO] - 	 Starting Epoch: 1758
[2026-06-20 08:34:11,194][src.modRNN.training.training_loop][INFO] - train epoch 1758 loss 0.1525 accuracy 95.31%
[2026-06-20 08:34:11,196][src.modRNN.training.training_loop][INFO] - 	 Starting Epoch: 1759
[2026-06-20 08:34:11,926][src.modRNN.training.training_loop][INFO] - train epoch 1759 loss 0.2098 accuracy 95.31%
[2026-06-20 08:34:11,927][src.modRNN.training.training_loop][INFO] - 	 Starting Epoch: 1760
[2026-06-20 08:34:12,657][src.modRNN.training.training_loop][INFO] - train epoch 1760 loss 0.1522 accuracy 95.31%
[2026-06-20 08:34:12,659][src.modRNN.training.training_loop][INFO] - 	 Starting Epoch: 1761
[2026-06-20 08:34:13,388][src.modRNN.training.training_loop][INFO] - train epoch 1761 loss 0.1468 accuracy 98.44%
[2026-06-20 08:34:13,390][src.modRNN.training.training_loop][INFO] - 	 Starting Epoch: 1762
[2026-06-20 08:34:14,119][src.modRNN.training.training_loop][INFO] - train epoch 1762 loss 0.2218 accuracy 95.31%
[2026-06-20 08:34:14,120][src.modRNN.training.training_loop][INFO] - 	 Starting Epoch: 1763
[2026-06-20 08:34:14,850][src.modRNN.training.training_loop][INFO] - train epoch 1763 loss 0.1259 accuracy 96.88%
[2026-06-20 08:34:14,852][src.modRNN.training.training_loop][INFO] - 	 Starting Epoch: 1764
[2026-06-20 08:34:15,579][src.modRNN.training.training_loop][INFO] - train epoch 1764 loss 0.1139 accuracy 98.44%
[2026-06-20 08:34:15,581][src.modRNN.training.training_loop][INFO] - 	 Starting Epoch: 1765
[2026-06-20 08:34:16,309][src.modRNN.training.training_loop][INFO] - train epoch 1765 loss 0.2450 accuracy 96.88%
[2026-06-20 08:34:16,310][src.modRNN.training.training_loop][INFO] - 	 Starting Epoch: 1766
[2026-06-20 08:34:17,039][src.modRNN.training.training_loop][INFO] - train epoch 1766 loss 0.2344 accuracy 92.19%
[2026-06-20 08:34:17,040][src.modRNN.training.training_loop][INFO] - 	 Starting Epoch: 1767
[2026-06-20 08:34:17,772][src.modRNN.training.training_loop][INFO] - train epoch 1767 loss 0.2193 accuracy 96.88%
[2026-06-20 08:34:17,774][src.modRNN.training.training_loop][INFO] - 	 Starting Epoch: 1768
[2026-06-20 08:34:18,501][src.modRNN.training.training_loop][INFO] - train epoch 1768 loss 0.2571 accuracy 93.75%
[2026-06-20 08:34:18,502][src.modRNN.training.training_loop][INFO] - 	 Starting Epoch: 1769
[2026-06-20 08:34:19,230][src.modRNN.training.training_loop][INFO] - train epoch 1769 loss 0.1488 accuracy 98.44%
[2026-06-20 08:34:19,232][src.modRNN.training.training_loop][INFO] - 	 Starting Epoch: 1770
[2026-06-20 08:34:19,960][src.modRNN.training.training_loop][INFO] - train epoch 1770 loss 0.1321 accuracy 95.31%
[2026-06-20 08:34:19,962][src.modRNN.training.training_loop][INFO] - 	 Starting Epoch: 1771
[2026-06-20 08:34:20,689][src.modRNN.training.training_loop][INFO] - train epoch 1771 loss 0.1066 accuracy 98.44%
[2026-06-20 08:34:20,691][src.modRNN.training.training_loop][INFO] - 	 Starting Epoch: 1772
[2026-06-20 08:34:21,421][src.modRNN.training.training_loop][INFO] - train epoch 1772 loss 0.2371 accuracy 92.19%
[2026-06-20 08:34:21,422][src.modRNN.training.training_loop][INFO] - 	 Starting Epoch: 1773
[2026-06-20 08:34:22,152][src.modRNN.training.training_loop][INFO] - train epoch 1773 loss 0.1920 accuracy 96.88%
[2026-06-20 08:34:22,153][src.modRNN.training.training_loop][INFO] - 	 Starting Epoch: 1774
[2026-06-20 08:34:22,883][src.modRNN.training.training_loop][INFO] - train epoch 1774 loss 0.1760 accuracy 96.88%
[2026-06-20 08:34:22,885][src.modRNN.training.training_loop][INFO] - 	 Starting Epoch: 1775
[2026-06-20 08:34:23,613][src.modRNN.training.training_loop][INFO] - train epoch 1775 loss 0.2267 accuracy 92.19%
[2026-06-20 08:34:23,615][src.modRNN.training.training_loop][INFO] - 	 Starting Epoch: 1776
[2026-06-20 08:34:24,346][src.modRNN.training.training_loop][INFO] - train epoch 1776 loss 0.2052 accuracy 95.31%
[2026-06-20 08:34:25,475][src.modRNN.training.training_loop][INFO] - eval  epoch 1776 loss 0.2003 accuracy 95.70%
[2026-06-20 08:34:25,476][src.modRNN.training.training_loop][INFO] - 	 Starting Epoch: 1777
[2026-06-20 08:34:26,206][src.modRNN.training.training_loop][INFO] - train epoch 1777 loss 0.2247 accuracy 95.31%
[2026-06-20 08:34:26,207][src.modRNN.training.training_loop][INFO] - 	 Starting Epoch: 1778
[2026-06-20 08:34:26,936][src.modRNN.training.training_loop][INFO] - train epoch 1778 loss 0.2849 accuracy 90.62%
[2026-06-20 08:34:26,938][src.modRNN.training.training_loop][INFO] - 	 Starting Epoch: 1779
[2026-06-20 08:34:27,667][src.modRNN.training.training_loop][INFO] - train epoch 1779 loss 0.1346 accuracy 96.88%
[2026-06-20 08:34:27,668][src.modRNN.training.training_loop][INFO] - 	 Starting Epoch: 1780
[2026-06-20 08:34:28,398][src.modRNN.training.training_loop][INFO] - train epoch 1780 loss 0.1360 accuracy 98.44%
[2026-06-20 08:34:28,400][src.modRNN.training.training_loop][INFO] - 	 Starting Epoch: 1781
[2026-06-20 08:34:29,129][src.modRNN.training.training_loop][INFO] - train epoch 1781 loss 0.2411 accuracy 93.75%
[2026-06-20 08:34:29,131][src.modRNN.training.training_loop][INFO] - 	 Starting Epoch: 1782
[2026-06-20 08:34:29,860][src.modRNN.training.training_loop][INFO] - train epoch 1782 loss 0.1991 accuracy 96.88%
[2026-06-20 08:34:29,862][src.modRNN.training.training_loop][INFO] - 	 Starting Epoch: 1783
[2026-06-20 08:34:30,592][src.modRNN.training.training_loop][INFO] - train epoch 1783 loss 0.2161 accuracy 95.31%
[2026-06-20 08:34:30,593][src.modRNN.training.training_loop][INFO] - 	 Starting Epoch: 1784
[2026-06-20 08:34:31,322][src.modRNN.training.training_loop][INFO] - train epoch 1784 loss 0.1793 accuracy 95.31%
[2026-06-20 08:34:31,324][src.modRNN.training.training_loop][INFO] - 	 Starting Epoch: 1785
[2026-06-20 08:34:32,053][src.modRNN.training.training_loop][INFO] - train epoch 1785 loss 0.2883 accuracy 92.19%
[2026-06-20 08:34:32,055][src.modRNN.training.training_loop][INFO] - 	 Starting Epoch: 1786
[2026-06-20 08:34:32,784][src.modRNN.training.training_loop][INFO] - train epoch 1786 loss 0.1875 accuracy 95.31%
[2026-06-20 08:34:32,785][src.modRNN.training.training_loop][INFO] - 	 Starting Epoch: 1787
[2026-06-20 08:34:33,516][src.modRNN.training.training_loop][INFO] - train epoch 1787 loss 0.3076 accuracy 93.75%
[2026-06-20 08:34:33,517][src.modRNN.training.training_loop][INFO] - 	 Starting Epoch: 1788
[2026-06-20 08:34:34,247][src.modRNN.training.training_loop][INFO] - train epoch 1788 loss 0.2037 accuracy 93.75%
[2026-06-20 08:34:34,249][src.modRNN.training.training_loop][INFO] - 	 Starting Epoch: 1789
[2026-06-20 08:34:34,978][src.modRNN.training.training_loop][INFO] - train epoch 1789 loss 0.1542 accuracy 96.88%
[2026-06-20 08:34:34,979][src.modRNN.training.training_loop][INFO] - 	 Starting Epoch: 1790
[2026-06-20 08:34:35,707][src.modRNN.training.training_loop][INFO] - train epoch 1790 loss 0.1679 accuracy 96.88%
[2026-06-20 08:34:35,709][src.modRNN.training.training_loop][INFO] - 	 Starting Epoch: 1791
[2026-06-20 08:34:36,437][src.modRNN.training.training_loop][INFO] - train epoch 1791 loss 0.1841 accuracy 95.31%
[2026-06-20 08:34:36,438][src.modRNN.training.training_loop][INFO] - 	 Starting Epoch: 1792
[2026-06-20 08:34:37,167][src.modRNN.training.training_loop][INFO] - train epoch 1792 loss 0.2143 accuracy 93.75%
[2026-06-20 08:34:37,169][src.modRNN.training.training_loop][INFO] - 	 Starting Epoch: 1793
[2026-06-20 08:34:37,897][src.modRNN.training.training_loop][INFO] - train epoch 1793 loss 0.1903 accuracy 90.62%
[2026-06-20 08:34:37,899][src.modRNN.training.training_loop][INFO] - 	 Starting Epoch: 1794
[2026-06-20 08:34:38,627][src.modRNN.training.training_loop][INFO] - train epoch 1794 loss 0.3495 accuracy 89.06%
[2026-06-20 08:34:38,629][src.modRNN.training.training_loop][INFO] - 	 Starting Epoch: 1795
[2026-06-20 08:34:39,357][src.modRNN.training.training_loop][INFO] - train epoch 1795 loss 0.1709 accuracy 98.44%
[2026-06-20 08:34:39,359][src.modRNN.training.training_loop][INFO] - 	 Starting Epoch: 1796
[2026-06-20 08:34:40,088][src.modRNN.training.training_loop][INFO] - train epoch 1796 loss 0.1594 accuracy 96.88%
[2026-06-20 08:34:40,090][src.modRNN.training.training_loop][INFO] - 	 Starting Epoch: 1797
[2026-06-20 08:34:40,818][src.modRNN.training.training_loop][INFO] - train epoch 1797 loss 0.2503 accuracy 96.88%
[2026-06-20 08:34:40,820][src.modRNN.training.training_loop][INFO] - 	 Starting Epoch: 1798
[2026-06-20 08:34:41,550][src.modRNN.training.training_loop][INFO] - train epoch 1798 loss 0.1161 accuracy 100.00%
[2026-06-20 08:34:41,552][src.modRNN.training.training_loop][INFO] - 	 Starting Epoch: 1799
[2026-06-20 08:34:42,285][src.modRNN.training.training_loop][INFO] - train epoch 1799 loss 0.1051 accuracy 100.00%
[2026-06-20 08:34:42,287][src.modRNN.training.training_loop][INFO] - 	 Starting Epoch: 1800
[2026-06-20 08:34:43,016][src.modRNN.training.training_loop][INFO] - train epoch 1800 loss 0.1409 accuracy 96.88%
[2026-06-20 08:34:43,018][src.modRNN.training.training_loop][INFO] - 	 Starting Epoch: 1801
[2026-06-20 08:34:43,746][src.modRNN.training.training_loop][INFO] - train epoch 1801 loss 0.1542 accuracy 96.88%
[2026-06-20 08:34:44,878][src.modRNN.training.training_loop][INFO] - eval  epoch 1801 loss 0.1623 accuracy 96.88%
[2026-06-20 08:34:44,879][src.modRNN.training.training_loop][INFO] - 	 Starting Epoch: 1802
[2026-06-20 08:34:45,608][src.modRNN.training.training_loop][INFO] - train epoch 1802 loss 0.1589 accuracy 96.88%
[2026-06-20 08:34:45,610][src.modRNN.training.training_loop][INFO] - 	 Starting Epoch: 1803
[2026-06-20 08:34:46,339][src.modRNN.training.training_loop][INFO] - train epoch 1803 loss 0.1566 accuracy 98.44%
[2026-06-20 08:34:46,341][src.modRNN.training.training_loop][INFO] - 	 Starting Epoch: 1804
[2026-06-20 08:34:47,070][src.modRNN.training.training_loop][INFO] - train epoch 1804 loss 0.1897 accuracy 96.88%
[2026-06-20 08:34:47,072][src.modRNN.training.training_loop][INFO] - 	 Starting Epoch: 1805
[2026-06-20 08:34:47,801][src.modRNN.training.training_loop][INFO] - train epoch 1805 loss 0.2375 accuracy 92.19%
[2026-06-20 08:34:47,803][src.modRNN.training.training_loop][INFO] - 	 Starting Epoch: 1806
[2026-06-20 08:34:48,537][src.modRNN.training.training_loop][INFO] - train epoch 1806 loss 0.2307 accuracy 90.62%
[2026-06-20 08:34:48,539][src.modRNN.training.training_loop][INFO] - 	 Starting Epoch: 1807
[2026-06-20 08:34:49,269][src.modRNN.training.training_loop][INFO] - train epoch 1807 loss 0.1829 accuracy 93.75%
[2026-06-20 08:34:49,270][src.modRNN.training.training_loop][INFO] - 	 Starting Epoch: 1808
[2026-06-20 08:34:49,999][src.modRNN.training.training_loop][INFO] - train epoch 1808 loss 0.2332 accuracy 93.75%
[2026-06-20 08:34:50,001][src.modRNN.training.training_loop][INFO] - 	 Starting Epoch: 1809
[2026-06-20 08:34:50,732][src.modRNN.training.training_loop][INFO] - train epoch 1809 loss 0.1593 accuracy 100.00%
[2026-06-20 08:34:50,734][src.modRNN.training.training_loop][INFO] - 	 Starting Epoch: 1810
[2026-06-20 08:34:51,463][src.modRNN.training.training_loop][INFO] - train epoch 1810 loss 0.1140 accuracy 100.00%
[2026-06-20 08:34:51,465][src.modRNN.training.training_loop][INFO] - 	 Starting Epoch: 1811
[2026-06-20 08:34:52,195][src.modRNN.training.training_loop][INFO] - train epoch 1811 loss 0.0915 accuracy 100.00%
[2026-06-20 08:34:52,196][src.modRNN.training.training_loop][INFO] - 	 Starting Epoch: 1812
[2026-06-20 08:34:52,925][src.modRNN.training.training_loop][INFO] - train epoch 1812 loss 0.1598 accuracy 96.88%
[2026-06-20 08:34:52,927][src.modRNN.training.training_loop][INFO] - 	 Starting Epoch: 1813
[2026-06-20 08:34:53,656][src.modRNN.training.training_loop][INFO] - train epoch 1813 loss 0.1574 accuracy 96.88%
[2026-06-20 08:34:53,657][src.modRNN.training.training_loop][INFO] - 	 Starting Epoch: 1814
[2026-06-20 08:34:54,386][src.modRNN.training.training_loop][INFO] - train epoch 1814 loss 0.1830 accuracy 96.88%
[2026-06-20 08:34:54,388][src.modRNN.training.training_loop][INFO] - 	 Starting Epoch: 1815
[2026-06-20 08:34:55,121][src.modRNN.training.training_loop][INFO] - train epoch 1815 loss 0.2567 accuracy 90.62%
[2026-06-20 08:34:55,122][src.modRNN.training.training_loop][INFO] - 	 Starting Epoch: 1816
[2026-06-20 08:34:55,854][src.modRNN.training.training_loop][INFO] - train epoch 1816 loss 0.1128 accuracy 96.88%
[2026-06-20 08:34:55,856][src.modRNN.training.training_loop][INFO] - 	 Starting Epoch: 1817
[2026-06-20 08:34:56,585][src.modRNN.training.training_loop][INFO] - train epoch 1817 loss 0.2185 accuracy 93.75%
[2026-06-20 08:34:56,586][src.modRNN.training.training_loop][INFO] - 	 Starting Epoch: 1818
[2026-06-20 08:34:57,316][src.modRNN.training.training_loop][INFO] - train epoch 1818 loss 0.2156 accuracy 96.88%
[2026-06-20 08:34:57,318][src.modRNN.training.training_loop][INFO] - 	 Starting Epoch: 1819
[2026-06-20 08:34:58,047][src.modRNN.training.training_loop][INFO] - train epoch 1819 loss 0.2154 accuracy 95.31%
[2026-06-20 08:34:58,048][src.modRNN.training.training_loop][INFO] - 	 Starting Epoch: 1820
[2026-06-20 08:34:58,776][src.modRNN.training.training_loop][INFO] - train epoch 1820 loss 0.1540 accuracy 98.44%
[2026-06-20 08:34:58,778][src.modRNN.training.training_loop][INFO] - 	 Starting Epoch: 1821
[2026-06-20 08:34:59,506][src.modRNN.training.training_loop][INFO] - train epoch 1821 loss 0.2068 accuracy 92.19%
[2026-06-20 08:34:59,507][src.modRNN.training.training_loop][INFO] - 	 Starting Epoch: 1822
[2026-06-20 08:35:00,236][src.modRNN.training.training_loop][INFO] - train epoch 1822 loss 0.1296 accuracy 98.44%
[2026-06-20 08:35:00,238][src.modRNN.training.training_loop][INFO] - 	 Starting Epoch: 1823
[2026-06-20 08:35:00,965][src.modRNN.training.training_loop][INFO] - train epoch 1823 loss 0.0947 accuracy 100.00%
[2026-06-20 08:35:00,967][src.modRNN.training.training_loop][INFO] - 	 Starting Epoch: 1824
[2026-06-20 08:35:01,696][src.modRNN.training.training_loop][INFO] - train epoch 1824 loss 0.1795 accuracy 95.31%
[2026-06-20 08:35:01,697][src.modRNN.training.training_loop][INFO] - 	 Starting Epoch: 1825
[2026-06-20 08:35:02,425][src.modRNN.training.training_loop][INFO] - train epoch 1825 loss 0.1645 accuracy 96.88%
[2026-06-20 08:35:02,426][src.modRNN.training.training_loop][INFO] - 	 Starting Epoch: 1826
[2026-06-20 08:35:03,155][src.modRNN.training.training_loop][INFO] - train epoch 1826 loss 0.1890 accuracy 95.31%
[2026-06-20 08:35:04,289][src.modRNN.training.training_loop][INFO] - eval  epoch 1826 loss 0.1473 accuracy 97.07%
[2026-06-20 08:35:04,291][src.modRNN.training.training_loop][INFO] - 	 Starting Epoch: 1827
[2026-06-20 08:35:05,018][src.modRNN.training.training_loop][INFO] - train epoch 1827 loss 0.0954 accuracy 100.00%
[2026-06-20 08:35:05,020][src.modRNN.training.training_loop][INFO] - 	 Starting Epoch: 1828
[2026-06-20 08:35:05,750][src.modRNN.training.training_loop][INFO] - train epoch 1828 loss 0.1918 accuracy 96.88%
[2026-06-20 08:35:05,752][src.modRNN.training.training_loop][INFO] - 	 Starting Epoch: 1829
[2026-06-20 08:35:06,481][src.modRNN.training.training_loop][INFO] - train epoch 1829 loss 0.0621 accuracy 100.00%
[2026-06-20 08:35:06,483][src.modRNN.training.training_loop][INFO] - 	 Starting Epoch: 1830
[2026-06-20 08:35:07,212][src.modRNN.training.training_loop][INFO] - train epoch 1830 loss 0.1314 accuracy 98.44%
[2026-06-20 08:35:07,214][src.modRNN.training.training_loop][INFO] - 	 Starting Epoch: 1831
[2026-06-20 08:35:07,943][src.modRNN.training.training_loop][INFO] - train epoch 1831 loss 0.1065 accuracy 98.44%
[2026-06-20 08:35:07,944][src.modRNN.training.training_loop][INFO] - 	 Starting Epoch: 1832
[2026-06-20 08:35:08,673][src.modRNN.training.training_loop][INFO] - train epoch 1832 loss 0.1393 accuracy 96.88%
[2026-06-20 08:35:08,674][src.modRNN.training.training_loop][INFO] - 	 Starting Epoch: 1833
[2026-06-20 08:35:09,403][src.modRNN.training.training_loop][INFO] - train epoch 1833 loss 0.1501 accuracy 95.31%
[2026-06-20 08:35:09,405][src.modRNN.training.training_loop][INFO] - 	 Starting Epoch: 1834
[2026-06-20 08:35:10,133][src.modRNN.training.training_loop][INFO] - train epoch 1834 loss 0.2043 accuracy 95.31%
[2026-06-20 08:35:10,134][src.modRNN.training.training_loop][INFO] - 	 Starting Epoch: 1835
[2026-06-20 08:35:10,863][src.modRNN.training.training_loop][INFO] - train epoch 1835 loss 0.1170 accuracy 96.88%
[2026-06-20 08:35:10,865][src.modRNN.training.training_loop][INFO] - 	 Starting Epoch: 1836
[2026-06-20 08:35:11,594][src.modRNN.training.training_loop][INFO] - train epoch 1836 loss 0.0773 accuracy 100.00%
[2026-06-20 08:35:11,595][src.modRNN.training.training_loop][INFO] - 	 Starting Epoch: 1837
[2026-06-20 08:35:12,323][src.modRNN.training.training_loop][INFO] - train epoch 1837 loss 0.1143 accuracy 98.44%
[2026-06-20 08:35:12,325][src.modRNN.training.training_loop][INFO] - 	 Starting Epoch: 1838
[2026-06-20 08:35:13,053][src.modRNN.training.training_loop][INFO] - train epoch 1838 loss 0.1624 accuracy 96.88%
[2026-06-20 08:35:13,055][src.modRNN.training.training_loop][INFO] - 	 Starting Epoch: 1839
[2026-06-20 08:35:13,783][src.modRNN.training.training_loop][INFO] - train epoch 1839 loss 0.1998 accuracy 95.31%
[2026-06-20 08:35:13,785][src.modRNN.training.training_loop][INFO] - 	 Starting Epoch: 1840
[2026-06-20 08:35:14,514][src.modRNN.training.training_loop][INFO] - train epoch 1840 loss 0.1770 accuracy 93.75%
[2026-06-20 08:35:14,516][src.modRNN.training.training_loop][INFO] - 	 Starting Epoch: 1841
[2026-06-20 08:35:15,244][src.modRNN.training.training_loop][INFO] - train epoch 1841 loss 0.2283 accuracy 92.19%
[2026-06-20 08:35:15,245][src.modRNN.training.training_loop][INFO] - 	 Starting Epoch: 1842
[2026-06-20 08:35:15,973][src.modRNN.training.training_loop][INFO] - train epoch 1842 loss 0.0913 accuracy 100.00%
[2026-06-20 08:35:15,975][src.modRNN.training.training_loop][INFO] - 	 Starting Epoch: 1843
[2026-06-20 08:35:16,703][src.modRNN.training.training_loop][INFO] - train epoch 1843 loss 0.2640 accuracy 90.62%
[2026-06-20 08:35:16,705][src.modRNN.training.training_loop][INFO] - 	 Starting Epoch: 1844
[2026-06-20 08:35:17,434][src.modRNN.training.training_loop][INFO] - train epoch 1844 loss 0.2538 accuracy 92.19%
[2026-06-20 08:35:17,436][src.modRNN.training.training_loop][INFO] - 	 Starting Epoch: 1845
[2026-06-20 08:35:18,164][src.modRNN.training.training_loop][INFO] - train epoch 1845 loss 0.1765 accuracy 96.88%
[2026-06-20 08:35:18,166][src.modRNN.training.training_loop][INFO] - 	 Starting Epoch: 1846
[2026-06-20 08:35:18,896][src.modRNN.training.training_loop][INFO] - train epoch 1846 loss 0.1351 accuracy 96.88%
[2026-06-20 08:35:18,897][src.modRNN.training.training_loop][INFO] - 	 Starting Epoch: 1847
[2026-06-20 08:35:19,627][src.modRNN.training.training_loop][INFO] - train epoch 1847 loss 0.1808 accuracy 96.88%
[2026-06-20 08:35:19,628][src.modRNN.training.training_loop][INFO] - 	 Starting Epoch: 1848
[2026-06-20 08:35:20,357][src.modRNN.training.training_loop][INFO] - train epoch 1848 loss 0.1211 accuracy 96.88%
[2026-06-20 08:35:20,359][src.modRNN.training.training_loop][INFO] - 	 Starting Epoch: 1849
[2026-06-20 08:35:21,087][src.modRNN.training.training_loop][INFO] - train epoch 1849 loss 0.1832 accuracy 92.19%
[2026-06-20 08:35:21,089][src.modRNN.training.training_loop][INFO] - 	 Starting Epoch: 1850
[2026-06-20 08:35:21,818][src.modRNN.training.training_loop][INFO] - train epoch 1850 loss 0.1526 accuracy 98.44%
[2026-06-20 08:35:21,819][src.modRNN.training.training_loop][INFO] - 	 Starting Epoch: 1851
[2026-06-20 08:35:22,548][src.modRNN.training.training_loop][INFO] - train epoch 1851 loss 0.1208 accuracy 98.44%
[2026-06-20 08:35:23,680][src.modRNN.training.training_loop][INFO] - eval  epoch 1851 loss 0.1283 accuracy 98.24%
[2026-06-20 08:35:23,681][src.modRNN.training.training_loop][INFO] - 	 Starting Epoch: 1852
[2026-06-20 08:35:24,409][src.modRNN.training.training_loop][INFO] - train epoch 1852 loss 0.1947 accuracy 96.88%
[2026-06-20 08:35:24,411][src.modRNN.training.training_loop][INFO] - 	 Starting Epoch: 1853
[2026-06-20 08:35:25,140][src.modRNN.training.training_loop][INFO] - train epoch 1853 loss 0.1063 accuracy 98.44%
[2026-06-20 08:35:25,141][src.modRNN.training.training_loop][INFO] - 	 Starting Epoch: 1854
[2026-06-20 08:35:25,873][src.modRNN.training.training_loop][INFO] - train epoch 1854 loss 0.1340 accuracy 98.44%
[2026-06-20 08:35:25,875][src.modRNN.training.training_loop][INFO] - 	 Starting Epoch: 1855
[2026-06-20 08:35:26,604][src.modRNN.training.training_loop][INFO] - train epoch 1855 loss 0.1248 accuracy 96.88%
[2026-06-20 08:35:26,605][src.modRNN.training.training_loop][INFO] - 	 Starting Epoch: 1856
[2026-06-20 08:35:27,334][src.modRNN.training.training_loop][INFO] - train epoch 1856 loss 0.1400 accuracy 98.44%
[2026-06-20 08:35:27,336][src.modRNN.training.training_loop][INFO] - 	 Starting Epoch: 1857
[2026-06-20 08:35:28,063][src.modRNN.training.training_loop][INFO] - train epoch 1857 loss 0.1430 accuracy 95.31%
[2026-06-20 08:35:28,065][src.modRNN.training.training_loop][INFO] - 	 Starting Epoch: 1858
[2026-06-20 08:35:28,794][src.modRNN.training.training_loop][INFO] - train epoch 1858 loss 0.1928 accuracy 95.31%
[2026-06-20 08:35:28,795][src.modRNN.training.training_loop][INFO] - 	 Starting Epoch: 1859
[2026-06-20 08:35:29,524][src.modRNN.training.training_loop][INFO] - train epoch 1859 loss 0.0916 accuracy 100.00%
[2026-06-20 08:35:29,526][src.modRNN.training.training_loop][INFO] - 	 Starting Epoch: 1860
[2026-06-20 08:35:30,253][src.modRNN.training.training_loop][INFO] - train epoch 1860 loss 0.1797 accuracy 96.88%
[2026-06-20 08:35:30,255][src.modRNN.training.training_loop][INFO] - 	 Starting Epoch: 1861
[2026-06-20 08:35:30,984][src.modRNN.training.training_loop][INFO] - train epoch 1861 loss 0.1693 accuracy 96.88%
[2026-06-20 08:35:30,985][src.modRNN.training.training_loop][INFO] - 	 Starting Epoch: 1862
[2026-06-20 08:35:31,713][src.modRNN.training.training_loop][INFO] - train epoch 1862 loss 0.1584 accuracy 96.88%
[2026-06-20 08:35:31,715][src.modRNN.training.training_loop][INFO] - 	 Starting Epoch: 1863
[2026-06-20 08:35:32,445][src.modRNN.training.training_loop][INFO] - train epoch 1863 loss 0.2687 accuracy 93.75%
[2026-06-20 08:35:32,447][src.modRNN.training.training_loop][INFO] - 	 Starting Epoch: 1864
[2026-06-20 08:35:33,177][src.modRNN.training.training_loop][INFO] - train epoch 1864 loss 0.1618 accuracy 95.31%
[2026-06-20 08:35:33,178][src.modRNN.training.training_loop][INFO] - 	 Starting Epoch: 1865
[2026-06-20 08:35:33,907][src.modRNN.training.training_loop][INFO] - train epoch 1865 loss 0.1159 accuracy 98.44%
[2026-06-20 08:35:33,909][src.modRNN.training.training_loop][INFO] - 	 Starting Epoch: 1866
[2026-06-20 08:35:34,639][src.modRNN.training.training_loop][INFO] - train epoch 1866 loss 0.1822 accuracy 96.88%
[2026-06-20 08:35:34,640][src.modRNN.training.training_loop][INFO] - 	 Starting Epoch: 1867
[2026-06-20 08:35:35,368][src.modRNN.training.training_loop][INFO] - train epoch 1867 loss 0.2004 accuracy 93.75%
[2026-06-20 08:35:35,370][src.modRNN.training.training_loop][INFO] - 	 Starting Epoch: 1868
[2026-06-20 08:35:36,098][src.modRNN.training.training_loop][INFO] - train epoch 1868 loss 0.2547 accuracy 95.31%
[2026-06-20 08:35:36,100][src.modRNN.training.training_loop][INFO] - 	 Starting Epoch: 1869
[2026-06-20 08:35:36,828][src.modRNN.training.training_loop][INFO] - train epoch 1869 loss 0.2135 accuracy 96.88%
[2026-06-20 08:35:36,830][src.modRNN.training.training_loop][INFO] - 	 Starting Epoch: 1870
[2026-06-20 08:35:37,559][src.modRNN.training.training_loop][INFO] - train epoch 1870 loss 0.2047 accuracy 96.88%
[2026-06-20 08:35:37,561][src.modRNN.training.training_loop][INFO] - 	 Starting Epoch: 1871
[2026-06-20 08:35:38,289][src.modRNN.training.training_loop][INFO] - train epoch 1871 loss 0.2198 accuracy 95.31%
[2026-06-20 08:35:38,291][src.modRNN.training.training_loop][INFO] - 	 Starting Epoch: 1872
[2026-06-20 08:35:39,018][src.modRNN.training.training_loop][INFO] - train epoch 1872 loss 0.1265 accuracy 96.88%
[2026-06-20 08:35:39,020][src.modRNN.training.training_loop][INFO] - 	 Starting Epoch: 1873
[2026-06-20 08:35:39,748][src.modRNN.training.training_loop][INFO] - train epoch 1873 loss 0.1840 accuracy 93.75%
[2026-06-20 08:35:39,749][src.modRNN.training.training_loop][INFO] - 	 Starting Epoch: 1874
[2026-06-20 08:35:40,478][src.modRNN.training.training_loop][INFO] - train epoch 1874 loss 0.2750 accuracy 90.62%
[2026-06-20 08:35:40,480][src.modRNN.training.training_loop][INFO] - 	 Starting Epoch: 1875
[2026-06-20 08:35:41,212][src.modRNN.training.training_loop][INFO] - train epoch 1875 loss 0.2007 accuracy 95.31%
[2026-06-20 08:35:41,213][src.modRNN.training.training_loop][INFO] - 	 Starting Epoch: 1876
[2026-06-20 08:35:41,943][src.modRNN.training.training_loop][INFO] - train epoch 1876 loss 0.1502 accuracy 96.88%
[2026-06-20 08:35:43,075][src.modRNN.training.training_loop][INFO] - eval  epoch 1876 loss 0.2069 accuracy 94.92%
[2026-06-20 08:35:43,076][src.modRNN.training.training_loop][INFO] - 	 Starting Epoch: 1877
[2026-06-20 08:35:43,805][src.modRNN.training.training_loop][INFO] - train epoch 1877 loss 0.3050 accuracy 90.62%
[2026-06-20 08:35:43,807][src.modRNN.training.training_loop][INFO] - 	 Starting Epoch: 1878
[2026-06-20 08:35:44,537][src.modRNN.training.training_loop][INFO] - train epoch 1878 loss 0.2797 accuracy 95.31%
[2026-06-20 08:35:44,538][src.modRNN.training.training_loop][INFO] - 	 Starting Epoch: 1879
[2026-06-20 08:35:45,269][src.modRNN.training.training_loop][INFO] - train epoch 1879 loss 0.3359 accuracy 92.19%
[2026-06-20 08:35:45,270][src.modRNN.training.training_loop][INFO] - 	 Starting Epoch: 1880
[2026-06-20 08:35:46,000][src.modRNN.training.training_loop][INFO] - train epoch 1880 loss 0.3124 accuracy 89.06%
[2026-06-20 08:35:46,002][src.modRNN.training.training_loop][INFO] - 	 Starting Epoch: 1881
[2026-06-20 08:35:46,732][src.modRNN.training.training_loop][INFO] - train epoch 1881 loss 0.1579 accuracy 98.44%
[2026-06-20 08:35:46,733][src.modRNN.training.training_loop][INFO] - 	 Starting Epoch: 1882
[2026-06-20 08:35:47,462][src.modRNN.training.training_loop][INFO] - train epoch 1882 loss 0.2436 accuracy 95.31%
[2026-06-20 08:35:47,464][src.modRNN.training.training_loop][INFO] - 	 Starting Epoch: 1883
[2026-06-20 08:35:48,193][src.modRNN.training.training_loop][INFO] - train epoch 1883 loss 0.1596 accuracy 96.88%
[2026-06-20 08:35:48,195][src.modRNN.training.training_loop][INFO] - 	 Starting Epoch: 1884
[2026-06-20 08:35:48,923][src.modRNN.training.training_loop][INFO] - train epoch 1884 loss 0.0888 accuracy 100.00%
[2026-06-20 08:35:48,925][src.modRNN.training.training_loop][INFO] - 	 Starting Epoch: 1885
[2026-06-20 08:35:49,655][src.modRNN.training.training_loop][INFO] - train epoch 1885 loss 0.1493 accuracy 98.44%
[2026-06-20 08:35:49,657][src.modRNN.training.training_loop][INFO] - 	 Starting Epoch: 1886
[2026-06-20 08:35:50,388][src.modRNN.training.training_loop][INFO] - train epoch 1886 loss 0.2659 accuracy 92.19%
[2026-06-20 08:35:50,390][src.modRNN.training.training_loop][INFO] - 	 Starting Epoch: 1887
[2026-06-20 08:35:51,118][src.modRNN.training.training_loop][INFO] - train epoch 1887 loss 0.1857 accuracy 95.31%
[2026-06-20 08:35:51,120][src.modRNN.training.training_loop][INFO] - 	 Starting Epoch: 1888
[2026-06-20 08:35:51,850][src.modRNN.training.training_loop][INFO] - train epoch 1888 loss 0.1589 accuracy 95.31%
[2026-06-20 08:35:51,852][src.modRNN.training.training_loop][INFO] - 	 Starting Epoch: 1889
[2026-06-20 08:35:52,584][src.modRNN.training.training_loop][INFO] - train epoch 1889 loss 0.1231 accuracy 100.00%
[2026-06-20 08:35:52,585][src.modRNN.training.training_loop][INFO] - 	 Starting Epoch: 1890
[2026-06-20 08:35:53,316][src.modRNN.training.training_loop][INFO] - train epoch 1890 loss 0.2389 accuracy 95.31%
[2026-06-20 08:35:53,318][src.modRNN.training.training_loop][INFO] - 	 Starting Epoch: 1891
[2026-06-20 08:35:54,047][src.modRNN.training.training_loop][INFO] - train epoch 1891 loss 0.2568 accuracy 93.75%
[2026-06-20 08:35:54,048][src.modRNN.training.training_loop][INFO] - 	 Starting Epoch: 1892
[2026-06-20 08:35:54,777][src.modRNN.training.training_loop][INFO] - train epoch 1892 loss 0.1852 accuracy 96.88%
[2026-06-20 08:35:54,779][src.modRNN.training.training_loop][INFO] - 	 Starting Epoch: 1893
[2026-06-20 08:35:55,508][src.modRNN.training.training_loop][INFO] - train epoch 1893 loss 0.2029 accuracy 93.75%
[2026-06-20 08:35:55,510][src.modRNN.training.training_loop][INFO] - 	 Starting Epoch: 1894
[2026-06-20 08:35:56,239][src.modRNN.training.training_loop][INFO] - train epoch 1894 loss 0.1534 accuracy 95.31%
[2026-06-20 08:35:56,241][src.modRNN.training.training_loop][INFO] - 	 Starting Epoch: 1895
[2026-06-20 08:35:56,970][src.modRNN.training.training_loop][INFO] - train epoch 1895 loss 0.2262 accuracy 95.31%
[2026-06-20 08:35:56,971][src.modRNN.training.training_loop][INFO] - 	 Starting Epoch: 1896
[2026-06-20 08:35:57,701][src.modRNN.training.training_loop][INFO] - train epoch 1896 loss 0.1770 accuracy 93.75%
[2026-06-20 08:35:57,703][src.modRNN.training.training_loop][INFO] - 	 Starting Epoch: 1897
[2026-06-20 08:35:58,432][src.modRNN.training.training_loop][INFO] - train epoch 1897 loss 0.1419 accuracy 98.44%
[2026-06-20 08:35:58,434][src.modRNN.training.training_loop][INFO] - 	 Starting Epoch: 1898
[2026-06-20 08:35:59,163][src.modRNN.training.training_loop][INFO] - train epoch 1898 loss 0.2243 accuracy 95.31%
[2026-06-20 08:35:59,164][src.modRNN.training.training_loop][INFO] - 	 Starting Epoch: 1899
[2026-06-20 08:35:59,893][src.modRNN.training.training_loop][INFO] - train epoch 1899 loss 0.0993 accuracy 100.00%
[2026-06-20 08:35:59,895][src.modRNN.training.training_loop][INFO] - 	 Starting Epoch: 1900
[2026-06-20 08:36:00,623][src.modRNN.training.training_loop][INFO] - train epoch 1900 loss 0.1321 accuracy 98.44%
[2026-06-20 08:36:00,624][src.modRNN.training.training_loop][INFO] - 	 Starting Epoch: 1901
[2026-06-20 08:36:01,355][src.modRNN.training.training_loop][INFO] - train epoch 1901 loss 0.1658 accuracy 95.31%
[2026-06-20 08:36:02,488][src.modRNN.training.training_loop][INFO] - eval  epoch 1901 loss 0.1897 accuracy 95.12%
[2026-06-20 08:36:02,489][src.modRNN.training.training_loop][INFO] - 	 Starting Epoch: 1902
[2026-06-20 08:36:03,218][src.modRNN.training.training_loop][INFO] - train epoch 1902 loss 0.2609 accuracy 90.62%
[2026-06-20 08:36:03,219][src.modRNN.training.training_loop][INFO] - 	 Starting Epoch: 1903
[2026-06-20 08:36:03,948][src.modRNN.training.training_loop][INFO] - train epoch 1903 loss 0.3752 accuracy 87.50%
[2026-06-20 08:36:03,950][src.modRNN.training.training_loop][INFO] - 	 Starting Epoch: 1904
[2026-06-20 08:36:04,678][src.modRNN.training.training_loop][INFO] - train epoch 1904 loss 0.1476 accuracy 96.88%
[2026-06-20 08:36:04,680][src.modRNN.training.training_loop][INFO] - 	 Starting Epoch: 1905
[2026-06-20 08:36:05,410][src.modRNN.training.training_loop][INFO] - train epoch 1905 loss 0.1472 accuracy 96.88%
[2026-06-20 08:36:05,412][src.modRNN.training.training_loop][INFO] - 	 Starting Epoch: 1906
[2026-06-20 08:36:06,140][src.modRNN.training.training_loop][INFO] - train epoch 1906 loss 0.1645 accuracy 96.88%
[2026-06-20 08:36:06,142][src.modRNN.training.training_loop][INFO] - 	 Starting Epoch: 1907
[2026-06-20 08:36:06,871][src.modRNN.training.training_loop][INFO] - train epoch 1907 loss 0.2513 accuracy 93.75%
[2026-06-20 08:36:06,873][src.modRNN.training.training_loop][INFO] - 	 Starting Epoch: 1908
[2026-06-20 08:36:07,602][src.modRNN.training.training_loop][INFO] - train epoch 1908 loss 0.1152 accuracy 98.44%
[2026-06-20 08:36:07,604][src.modRNN.training.training_loop][INFO] - 	 Starting Epoch: 1909
[2026-06-20 08:36:08,332][src.modRNN.training.training_loop][INFO] - train epoch 1909 loss 0.1266 accuracy 98.44%
[2026-06-20 08:36:08,334][src.modRNN.training.training_loop][INFO] - 	 Starting Epoch: 1910
[2026-06-20 08:36:09,063][src.modRNN.training.training_loop][INFO] - train epoch 1910 loss 0.1799 accuracy 98.44%
[2026-06-20 08:36:09,065][src.modRNN.training.training_loop][INFO] - 	 Starting Epoch: 1911
[2026-06-20 08:36:09,793][src.modRNN.training.training_loop][INFO] - train epoch 1911 loss 0.1496 accuracy 96.88%
[2026-06-20 08:36:09,795][src.modRNN.training.training_loop][INFO] - 	 Starting Epoch: 1912
[2026-06-20 08:36:10,523][src.modRNN.training.training_loop][INFO] - train epoch 1912 loss 0.0767 accuracy 100.00%
[2026-06-20 08:36:10,525][src.modRNN.training.training_loop][INFO] - 	 Starting Epoch: 1913
[2026-06-20 08:36:11,255][src.modRNN.training.training_loop][INFO] - train epoch 1913 loss 0.1045 accuracy 98.44%
[2026-06-20 08:36:11,257][src.modRNN.training.training_loop][INFO] - 	 Starting Epoch: 1914
[2026-06-20 08:36:11,987][src.modRNN.training.training_loop][INFO] - train epoch 1914 loss 0.0796 accuracy 100.00%
[2026-06-20 08:36:11,989][src.modRNN.training.training_loop][INFO] - 	 Starting Epoch: 1915
[2026-06-20 08:36:12,718][src.modRNN.training.training_loop][INFO] - train epoch 1915 loss 0.2433 accuracy 93.75%
[2026-06-20 08:36:12,720][src.modRNN.training.training_loop][INFO] - 	 Starting Epoch: 1916
[2026-06-20 08:36:13,449][src.modRNN.training.training_loop][INFO] - train epoch 1916 loss 0.0915 accuracy 96.88%
[2026-06-20 08:36:13,451][src.modRNN.training.training_loop][INFO] - 	 Starting Epoch: 1917
[2026-06-20 08:36:14,178][src.modRNN.training.training_loop][INFO] - train epoch 1917 loss 0.1995 accuracy 92.19%
[2026-06-20 08:36:14,180][src.modRNN.training.training_loop][INFO] - 	 Starting Epoch: 1918
[2026-06-20 08:36:14,908][src.modRNN.training.training_loop][INFO] - train epoch 1918 loss 0.0968 accuracy 98.44%
[2026-06-20 08:36:14,910][src.modRNN.training.training_loop][INFO] - 	 Starting Epoch: 1919
[2026-06-20 08:36:15,639][src.modRNN.training.training_loop][INFO] - train epoch 1919 loss 0.1389 accuracy 96.88%
[2026-06-20 08:36:15,641][src.modRNN.training.training_loop][INFO] - 	 Starting Epoch: 1920
[2026-06-20 08:36:16,369][src.modRNN.training.training_loop][INFO] - train epoch 1920 loss 0.1198 accuracy 98.44%
[2026-06-20 08:36:16,371][src.modRNN.training.training_loop][INFO] - 	 Starting Epoch: 1921
[2026-06-20 08:36:17,099][src.modRNN.training.training_loop][INFO] - train epoch 1921 loss 0.1035 accuracy 98.44%
[2026-06-20 08:36:17,101][src.modRNN.training.training_loop][INFO] - 	 Starting Epoch: 1922
[2026-06-20 08:36:17,829][src.modRNN.training.training_loop][INFO] - train epoch 1922 loss 0.1231 accuracy 96.88%
[2026-06-20 08:36:17,831][src.modRNN.training.training_loop][INFO] - 	 Starting Epoch: 1923
[2026-06-20 08:36:18,558][src.modRNN.training.training_loop][INFO] - train epoch 1923 loss 0.1528 accuracy 95.31%
[2026-06-20 08:36:18,560][src.modRNN.training.training_loop][INFO] - 	 Starting Epoch: 1924
[2026-06-20 08:36:19,288][src.modRNN.training.training_loop][INFO] - train epoch 1924 loss 0.1933 accuracy 93.75%
[2026-06-20 08:36:19,290][src.modRNN.training.training_loop][INFO] - 	 Starting Epoch: 1925
[2026-06-20 08:36:20,019][src.modRNN.training.training_loop][INFO] - train epoch 1925 loss 0.1241 accuracy 98.44%
[2026-06-20 08:36:20,020][src.modRNN.training.training_loop][INFO] - 	 Starting Epoch: 1926
[2026-06-20 08:36:20,749][src.modRNN.training.training_loop][INFO] - train epoch 1926 loss 0.1628 accuracy 96.88%
[2026-06-20 08:36:21,882][src.modRNN.training.training_loop][INFO] - eval  epoch 1926 loss 0.1702 accuracy 95.51%
[2026-06-20 08:36:21,884][src.modRNN.training.training_loop][INFO] - 	 Starting Epoch: 1927
[2026-06-20 08:36:22,615][src.modRNN.training.training_loop][INFO] - train epoch 1927 loss 0.2417 accuracy 93.75%
[2026-06-20 08:36:22,617][src.modRNN.training.training_loop][INFO] - 	 Starting Epoch: 1928
[2026-06-20 08:36:23,345][src.modRNN.training.training_loop][INFO] - train epoch 1928 loss 0.1937 accuracy 96.88%
[2026-06-20 08:36:23,346][src.modRNN.training.training_loop][INFO] - 	 Starting Epoch: 1929
[2026-06-20 08:36:24,078][src.modRNN.training.training_loop][INFO] - train epoch 1929 loss 0.1069 accuracy 98.44%
[2026-06-20 08:36:24,080][src.modRNN.training.training_loop][INFO] - 	 Starting Epoch: 1930
[2026-06-20 08:36:24,814][src.modRNN.training.training_loop][INFO] - train epoch 1930 loss 0.1197 accuracy 96.88%
[2026-06-20 08:36:24,816][src.modRNN.training.training_loop][INFO] - 	 Starting Epoch: 1931
[2026-06-20 08:36:25,546][src.modRNN.training.training_loop][INFO] - train epoch 1931 loss 0.2812 accuracy 93.75%
[2026-06-20 08:36:25,547][src.modRNN.training.training_loop][INFO] - 	 Starting Epoch: 1932
[2026-06-20 08:36:26,277][src.modRNN.training.training_loop][INFO] - train epoch 1932 loss 0.1060 accuracy 100.00%
[2026-06-20 08:36:26,278][src.modRNN.training.training_loop][INFO] - 	 Starting Epoch: 1933
[2026-06-20 08:36:27,008][src.modRNN.training.training_loop][INFO] - train epoch 1933 loss 0.2273 accuracy 93.75%
[2026-06-20 08:36:27,010][src.modRNN.training.training_loop][INFO] - 	 Starting Epoch: 1934
[2026-06-20 08:36:27,738][src.modRNN.training.training_loop][INFO] - train epoch 1934 loss 0.1159 accuracy 98.44%
[2026-06-20 08:36:27,740][src.modRNN.training.training_loop][INFO] - 	 Starting Epoch: 1935
[2026-06-20 08:36:28,468][src.modRNN.training.training_loop][INFO] - train epoch 1935 loss 0.2345 accuracy 90.62%
[2026-06-20 08:36:28,470][src.modRNN.training.training_loop][INFO] - 	 Starting Epoch: 1936
[2026-06-20 08:36:29,199][src.modRNN.training.training_loop][INFO] - train epoch 1936 loss 0.2463 accuracy 93.75%
[2026-06-20 08:36:29,201][src.modRNN.training.training_loop][INFO] - 	 Starting Epoch: 1937
[2026-06-20 08:36:29,929][src.modRNN.training.training_loop][INFO] - train epoch 1937 loss 0.2123 accuracy 95.31%
[2026-06-20 08:36:29,931][src.modRNN.training.training_loop][INFO] - 	 Starting Epoch: 1938
[2026-06-20 08:36:30,659][src.modRNN.training.training_loop][INFO] - train epoch 1938 loss 0.3538 accuracy 90.62%
[2026-06-20 08:36:30,660][src.modRNN.training.training_loop][INFO] - 	 Starting Epoch: 1939
[2026-06-20 08:36:31,389][src.modRNN.training.training_loop][INFO] - train epoch 1939 loss 0.1914 accuracy 93.75%
[2026-06-20 08:36:31,391][src.modRNN.training.training_loop][INFO] - 	 Starting Epoch: 1940
[2026-06-20 08:36:32,120][src.modRNN.training.training_loop][INFO] - train epoch 1940 loss 0.1999 accuracy 93.75%
[2026-06-20 08:36:32,121][src.modRNN.training.training_loop][INFO] - 	 Starting Epoch: 1941
[2026-06-20 08:36:32,849][src.modRNN.training.training_loop][INFO] - train epoch 1941 loss 0.2455 accuracy 93.75%
[2026-06-20 08:36:32,851][src.modRNN.training.training_loop][INFO] - 	 Starting Epoch: 1942
[2026-06-20 08:36:33,580][src.modRNN.training.training_loop][INFO] - train epoch 1942 loss 0.2178 accuracy 95.31%
[2026-06-20 08:36:33,582][src.modRNN.training.training_loop][INFO] - 	 Starting Epoch: 1943
[2026-06-20 08:36:34,311][src.modRNN.training.training_loop][INFO] - train epoch 1943 loss 0.2371 accuracy 95.31%
[2026-06-20 08:36:34,313][src.modRNN.training.training_loop][INFO] - 	 Starting Epoch: 1944
[2026-06-20 08:36:35,043][src.modRNN.training.training_loop][INFO] - train epoch 1944 loss 0.3612 accuracy 89.06%
[2026-06-20 08:36:35,045][src.modRNN.training.training_loop][INFO] - 	 Starting Epoch: 1945
[2026-06-20 08:36:35,773][src.modRNN.training.training_loop][INFO] - train epoch 1945 loss 0.3972 accuracy 87.50%
[2026-06-20 08:36:35,775][src.modRNN.training.training_loop][INFO] - 	 Starting Epoch: 1946
[2026-06-20 08:36:36,504][src.modRNN.training.training_loop][INFO] - train epoch 1946 loss 0.2950 accuracy 92.19%
[2026-06-20 08:36:36,506][src.modRNN.training.training_loop][INFO] - 	 Starting Epoch: 1947
[2026-06-20 08:36:37,236][src.modRNN.training.training_loop][INFO] - train epoch 1947 loss 0.3253 accuracy 90.62%
[2026-06-20 08:36:37,237][src.modRNN.training.training_loop][INFO] - 	 Starting Epoch: 1948
[2026-06-20 08:36:37,966][src.modRNN.training.training_loop][INFO] - train epoch 1948 loss 0.2827 accuracy 90.62%
[2026-06-20 08:36:37,968][src.modRNN.training.training_loop][INFO] - 	 Starting Epoch: 1949
[2026-06-20 08:36:38,696][src.modRNN.training.training_loop][INFO] - train epoch 1949 loss 0.1826 accuracy 98.44%
[2026-06-20 08:36:38,698][src.modRNN.training.training_loop][INFO] - 	 Starting Epoch: 1950
[2026-06-20 08:36:39,426][src.modRNN.training.training_loop][INFO] - train epoch 1950 loss 0.2017 accuracy 93.75%
[2026-06-20 08:36:39,428][src.modRNN.training.training_loop][INFO] - 	 Starting Epoch: 1951
[2026-06-20 08:36:40,156][src.modRNN.training.training_loop][INFO] - train epoch 1951 loss 0.1926 accuracy 93.75%
[2026-06-20 08:36:41,291][src.modRNN.training.training_loop][INFO] - eval  epoch 1951 loss 0.1945 accuracy 95.51%
[2026-06-20 08:36:41,292][src.modRNN.training.training_loop][INFO] - 	 Starting Epoch: 1952
[2026-06-20 08:36:42,021][src.modRNN.training.training_loop][INFO] - train epoch 1952 loss 0.2420 accuracy 90.62%
[2026-06-20 08:36:42,023][src.modRNN.training.training_loop][INFO] - 	 Starting Epoch: 1953
[2026-06-20 08:36:42,751][src.modRNN.training.training_loop][INFO] - train epoch 1953 loss 0.2921 accuracy 87.50%
[2026-06-20 08:36:42,753][src.modRNN.training.training_loop][INFO] - 	 Starting Epoch: 1954
[2026-06-20 08:36:43,482][src.modRNN.training.training_loop][INFO] - train epoch 1954 loss 0.2246 accuracy 93.75%
[2026-06-20 08:36:43,484][src.modRNN.training.training_loop][INFO] - 	 Starting Epoch: 1955
[2026-06-20 08:36:44,213][src.modRNN.training.training_loop][INFO] - train epoch 1955 loss 0.3209 accuracy 89.06%
[2026-06-20 08:36:44,214][src.modRNN.training.training_loop][INFO] - 	 Starting Epoch: 1956
[2026-06-20 08:36:44,942][src.modRNN.training.training_loop][INFO] - train epoch 1956 loss 0.2077 accuracy 93.75%
[2026-06-20 08:36:44,944][src.modRNN.training.training_loop][INFO] - 	 Starting Epoch: 1957
[2026-06-20 08:36:45,672][src.modRNN.training.training_loop][INFO] - train epoch 1957 loss 0.2087 accuracy 96.88%
[2026-06-20 08:36:45,673][src.modRNN.training.training_loop][INFO] - 	 Starting Epoch: 1958
[2026-06-20 08:36:46,401][src.modRNN.training.training_loop][INFO] - train epoch 1958 loss 0.2136 accuracy 90.62%
[2026-06-20 08:36:46,402][src.modRNN.training.training_loop][INFO] - 	 Starting Epoch: 1959
[2026-06-20 08:36:47,132][src.modRNN.training.training_loop][INFO] - train epoch 1959 loss 0.1913 accuracy 96.88%
[2026-06-20 08:36:47,133][src.modRNN.training.training_loop][INFO] - 	 Starting Epoch: 1960
[2026-06-20 08:36:47,862][src.modRNN.training.training_loop][INFO] - train epoch 1960 loss 0.2269 accuracy 93.75%
[2026-06-20 08:36:47,863][src.modRNN.training.training_loop][INFO] - 	 Starting Epoch: 1961
[2026-06-20 08:36:48,593][src.modRNN.training.training_loop][INFO] - train epoch 1961 loss 0.1317 accuracy 100.00%
[2026-06-20 08:36:48,594][src.modRNN.training.training_loop][INFO] - 	 Starting Epoch: 1962
[2026-06-20 08:36:49,324][src.modRNN.training.training_loop][INFO] - train epoch 1962 loss 0.2495 accuracy 92.19%
[2026-06-20 08:36:49,325][src.modRNN.training.training_loop][INFO] - 	 Starting Epoch: 1963
[2026-06-20 08:36:50,054][src.modRNN.training.training_loop][INFO] - train epoch 1963 loss 0.1474 accuracy 100.00%
[2026-06-20 08:36:50,056][src.modRNN.training.training_loop][INFO] - 	 Starting Epoch: 1964
[2026-06-20 08:36:50,784][src.modRNN.training.training_loop][INFO] - train epoch 1964 loss 0.1720 accuracy 96.88%
[2026-06-20 08:36:50,786][src.modRNN.training.training_loop][INFO] - 	 Starting Epoch: 1965
[2026-06-20 08:36:51,516][src.modRNN.training.training_loop][INFO] - train epoch 1965 loss 0.1867 accuracy 93.75%
[2026-06-20 08:36:51,518][src.modRNN.training.training_loop][INFO] - 	 Starting Epoch: 1966
[2026-06-20 08:36:52,247][src.modRNN.training.training_loop][INFO] - train epoch 1966 loss 0.1427 accuracy 98.44%
[2026-06-20 08:36:52,249][src.modRNN.training.training_loop][INFO] - 	 Starting Epoch: 1967
[2026-06-20 08:36:52,977][src.modRNN.training.training_loop][INFO] - train epoch 1967 loss 0.2187 accuracy 93.75%
[2026-06-20 08:36:52,979][src.modRNN.training.training_loop][INFO] - 	 Starting Epoch: 1968
[2026-06-20 08:36:53,711][src.modRNN.training.training_loop][INFO] - train epoch 1968 loss 0.2289 accuracy 92.19%
[2026-06-20 08:36:53,712][src.modRNN.training.training_loop][INFO] - 	 Starting Epoch: 1969
[2026-06-20 08:36:54,441][src.modRNN.training.training_loop][INFO] - train epoch 1969 loss 0.1514 accuracy 95.31%
[2026-06-20 08:36:54,443][src.modRNN.training.training_loop][INFO] - 	 Starting Epoch: 1970
[2026-06-20 08:36:55,173][src.modRNN.training.training_loop][INFO] - train epoch 1970 loss 0.2736 accuracy 89.06%
[2026-06-20 08:36:55,174][src.modRNN.training.training_loop][INFO] - 	 Starting Epoch: 1971
[2026-06-20 08:36:55,903][src.modRNN.training.training_loop][INFO] - train epoch 1971 loss 0.1731 accuracy 96.88%
[2026-06-20 08:36:55,905][src.modRNN.training.training_loop][INFO] - 	 Starting Epoch: 1972
[2026-06-20 08:36:56,633][src.modRNN.training.training_loop][INFO] - train epoch 1972 loss 0.2307 accuracy 92.19%
[2026-06-20 08:36:56,635][src.modRNN.training.training_loop][INFO] - 	 Starting Epoch: 1973
[2026-06-20 08:36:57,363][src.modRNN.training.training_loop][INFO] - train epoch 1973 loss 0.1680 accuracy 98.44%
[2026-06-20 08:36:57,365][src.modRNN.training.training_loop][INFO] - 	 Starting Epoch: 1974
[2026-06-20 08:36:58,096][src.modRNN.training.training_loop][INFO] - train epoch 1974 loss 0.2883 accuracy 90.62%
[2026-06-20 08:36:58,098][src.modRNN.training.training_loop][INFO] - 	 Starting Epoch: 1975
[2026-06-20 08:36:58,827][src.modRNN.training.training_loop][INFO] - train epoch 1975 loss 0.1342 accuracy 98.44%
[2026-06-20 08:36:58,829][src.modRNN.training.training_loop][INFO] - 	 Starting Epoch: 1976
[2026-06-20 08:36:59,559][src.modRNN.training.training_loop][INFO] - train epoch 1976 loss 0.2489 accuracy 92.19%
[2026-06-20 08:37:00,694][src.modRNN.training.training_loop][INFO] - eval  epoch 1976 loss 0.1927 accuracy 95.31%
[2026-06-20 08:37:00,696][src.modRNN.training.training_loop][INFO] - 	 Starting Epoch: 1977
[2026-06-20 08:37:01,424][src.modRNN.training.training_loop][INFO] - train epoch 1977 loss 0.1313 accuracy 100.00%
[2026-06-20 08:37:01,426][src.modRNN.training.training_loop][INFO] - 	 Starting Epoch: 1978
[2026-06-20 08:37:02,153][src.modRNN.training.training_loop][INFO] - train epoch 1978 loss 0.2076 accuracy 93.75%
[2026-06-20 08:37:02,155][src.modRNN.training.training_loop][INFO] - 	 Starting Epoch: 1979
[2026-06-20 08:37:02,883][src.modRNN.training.training_loop][INFO] - train epoch 1979 loss 0.2009 accuracy 95.31%
[2026-06-20 08:37:02,884][src.modRNN.training.training_loop][INFO] - 	 Starting Epoch: 1980
[2026-06-20 08:37:03,613][src.modRNN.training.training_loop][INFO] - train epoch 1980 loss 0.2001 accuracy 96.88%
[2026-06-20 08:37:03,614][src.modRNN.training.training_loop][INFO] - 	 Starting Epoch: 1981
[2026-06-20 08:37:04,343][src.modRNN.training.training_loop][INFO] - train epoch 1981 loss 0.1545 accuracy 98.44%
[2026-06-20 08:37:04,345][src.modRNN.training.training_loop][INFO] - 	 Starting Epoch: 1982
[2026-06-20 08:37:05,074][src.modRNN.training.training_loop][INFO] - train epoch 1982 loss 0.1793 accuracy 93.75%
[2026-06-20 08:37:05,075][src.modRNN.training.training_loop][INFO] - 	 Starting Epoch: 1983
[2026-06-20 08:37:05,805][src.modRNN.training.training_loop][INFO] - train epoch 1983 loss 0.2002 accuracy 95.31%
[2026-06-20 08:37:05,807][src.modRNN.training.training_loop][INFO] - 	 Starting Epoch: 1984
[2026-06-20 08:37:06,535][src.modRNN.training.training_loop][INFO] - train epoch 1984 loss 0.1726 accuracy 95.31%
[2026-06-20 08:37:06,537][src.modRNN.training.training_loop][INFO] - 	 Starting Epoch: 1985
[2026-06-20 08:37:07,266][src.modRNN.training.training_loop][INFO] - train epoch 1985 loss 0.3385 accuracy 85.94%
[2026-06-20 08:37:07,268][src.modRNN.training.training_loop][INFO] - 	 Starting Epoch: 1986
[2026-06-20 08:37:07,996][src.modRNN.training.training_loop][INFO] - train epoch 1986 loss 0.1689 accuracy 95.31%
[2026-06-20 08:37:07,998][src.modRNN.training.training_loop][INFO] - 	 Starting Epoch: 1987
[2026-06-20 08:37:08,728][src.modRNN.training.training_loop][INFO] - train epoch 1987 loss 0.1105 accuracy 100.00%
[2026-06-20 08:37:08,730][src.modRNN.training.training_loop][INFO] - 	 Starting Epoch: 1988
[2026-06-20 08:37:09,458][src.modRNN.training.training_loop][INFO] - train epoch 1988 loss 0.1525 accuracy 96.88%
[2026-06-20 08:37:09,460][src.modRNN.training.training_loop][INFO] - 	 Starting Epoch: 1989
[2026-06-20 08:37:10,194][src.modRNN.training.training_loop][INFO] - train epoch 1989 loss 0.1425 accuracy 100.00%
[2026-06-20 08:37:10,196][src.modRNN.training.training_loop][INFO] - 	 Starting Epoch: 1990
[2026-06-20 08:37:10,926][src.modRNN.training.training_loop][INFO] - train epoch 1990 loss 0.1693 accuracy 95.31%
[2026-06-20 08:37:10,928][src.modRNN.training.training_loop][INFO] - 	 Starting Epoch: 1991
[2026-06-20 08:37:11,657][src.modRNN.training.training_loop][INFO] - train epoch 1991 loss 0.1533 accuracy 96.88%
[2026-06-20 08:37:11,658][src.modRNN.training.training_loop][INFO] - 	 Starting Epoch: 1992
[2026-06-20 08:37:12,387][src.modRNN.training.training_loop][INFO] - train epoch 1992 loss 0.1249 accuracy 96.88%
[2026-06-20 08:37:12,389][src.modRNN.training.training_loop][INFO] - 	 Starting Epoch: 1993
[2026-06-20 08:37:13,117][src.modRNN.training.training_loop][INFO] - train epoch 1993 loss 0.1688 accuracy 96.88%
[2026-06-20 08:37:13,119][src.modRNN.training.training_loop][INFO] - 	 Starting Epoch: 1994
[2026-06-20 08:37:13,848][src.modRNN.training.training_loop][INFO] - train epoch 1994 loss 0.1529 accuracy 96.88%
[2026-06-20 08:37:13,850][src.modRNN.training.training_loop][INFO] - 	 Starting Epoch: 1995
[2026-06-20 08:37:14,578][src.modRNN.training.training_loop][INFO] - train epoch 1995 loss 0.2856 accuracy 90.62%
[2026-06-20 08:37:14,580][src.modRNN.training.training_loop][INFO] - 	 Starting Epoch: 1996
[2026-06-20 08:37:15,309][src.modRNN.training.training_loop][INFO] - train epoch 1996 loss 0.1145 accuracy 98.44%
[2026-06-20 08:37:15,310][src.modRNN.training.training_loop][INFO] - 	 Starting Epoch: 1997
[2026-06-20 08:37:16,040][src.modRNN.training.training_loop][INFO] - train epoch 1997 loss 0.2029 accuracy 95.31%
[2026-06-20 08:37:16,042][src.modRNN.training.training_loop][INFO] - 	 Starting Epoch: 1998
[2026-06-20 08:37:16,772][src.modRNN.training.training_loop][INFO] - train epoch 1998 loss 0.1760 accuracy 96.88%
[2026-06-20 08:37:16,774][src.modRNN.training.training_loop][INFO] - 	 Starting Epoch: 1999
[2026-06-20 08:37:17,502][src.modRNN.training.training_loop][INFO] - train epoch 1999 loss 0.2069 accuracy 93.75%
[2026-06-20 08:37:17,504][src.modRNN.training.training_loop][INFO] - 	 Starting Epoch: 2000
[2026-06-20 08:37:18,233][src.modRNN.training.training_loop][INFO] - train epoch 2000 loss 0.1666 accuracy 98.44%
[2026-06-20 08:37:19,364][src.modRNN.training.training_loop][INFO] - eval  epoch 2000 loss 0.1998 accuracy 95.12%
[2026-06-20 08:37:22,303][src.modRNN.training.training_loop][INFO] - firing rate eval set  average 26.7 max 148.2 min 0.0
[2026-06-20 08:37:24,503][src.modRNN.training.training_loop][INFO] - Training completed all 2000 iterations.
