[2026-06-20 08:11:18,235][jax._src.xla_bridge][INFO] - Unable to initialize backend 'rocm': module 'jaxlib.xla_extension' has no attribute 'GpuAllocatorConfig'
[2026-06-20 08:11:18,242][jax._src.xla_bridge][INFO] - Unable to initialize backend 'tpu': INTERNAL: Failed to open libtpu.so: libtpu.so: cannot open shared object file: No such file or directory
[2026-06-20 08:11:27,316][src.modRNN.training.training_loop][INFO] - Starting training...
[2026-06-20 08:11:28,371][src.modRNN.training.training_loop][INFO] - 	 Starting Epoch: 1
[2026-06-20 08:11:32,121][src.modRNN.training.training_loop][INFO] - train epoch 001 loss 0.6932 accuracy 51.56%
[2026-06-20 08:11:33,552][src.modRNN.training.training_loop][INFO] - eval  epoch 001 loss 0.6931 accuracy 48.63%
[2026-06-20 08:11:33,554][src.modRNN.training.training_loop][INFO] - 	 Starting Epoch: 2
[2026-06-20 08:11:34,278][src.modRNN.training.training_loop][INFO] - train epoch 002 loss 0.6931 accuracy 51.56%
[2026-06-20 08:11:34,280][src.modRNN.training.training_loop][INFO] - 	 Starting Epoch: 3
[2026-06-20 08:11:35,002][src.modRNN.training.training_loop][INFO] - train epoch 003 loss 0.6931 accuracy 51.56%
[2026-06-20 08:11:35,004][src.modRNN.training.training_loop][INFO] - 	 Starting Epoch: 4
[2026-06-20 08:11:35,728][src.modRNN.training.training_loop][INFO] - train epoch 004 loss 0.6932 accuracy 45.31%
[2026-06-20 08:11:35,730][src.modRNN.training.training_loop][INFO] - 	 Starting Epoch: 5
[2026-06-20 08:11:36,456][src.modRNN.training.training_loop][INFO] - train epoch 005 loss 0.6931 accuracy 32.81%
[2026-06-20 08:11:36,458][src.modRNN.training.training_loop][INFO] - 	 Starting Epoch: 6
[2026-06-20 08:11:37,183][src.modRNN.training.training_loop][INFO] - train epoch 006 loss 0.6932 accuracy 50.00%
[2026-06-20 08:11:37,185][src.modRNN.training.training_loop][INFO] - 	 Starting Epoch: 7
[2026-06-20 08:11:37,913][src.modRNN.training.training_loop][INFO] - train epoch 007 loss 0.6932 accuracy 35.94%
[2026-06-20 08:11:37,915][src.modRNN.training.training_loop][INFO] - 	 Starting Epoch: 8
[2026-06-20 08:11:38,640][src.modRNN.training.training_loop][INFO] - train epoch 008 loss 0.6931 accuracy 65.62%
[2026-06-20 08:11:38,642][src.modRNN.training.training_loop][INFO] - 	 Starting Epoch: 9
[2026-06-20 08:11:39,366][src.modRNN.training.training_loop][INFO] - train epoch 009 loss 0.6931 accuracy 39.06%
[2026-06-20 08:11:39,368][src.modRNN.training.training_loop][INFO] - 	 Starting Epoch: 10
[2026-06-20 08:11:40,093][src.modRNN.training.training_loop][INFO] - train epoch 010 loss 0.6931 accuracy 45.31%
[2026-06-20 08:11:40,095][src.modRNN.training.training_loop][INFO] - 	 Starting Epoch: 11
[2026-06-20 08:11:40,819][src.modRNN.training.training_loop][INFO] - train epoch 011 loss 0.6931 accuracy 40.62%
[2026-06-20 08:11:40,821][src.modRNN.training.training_loop][INFO] - 	 Starting Epoch: 12
[2026-06-20 08:11:41,545][src.modRNN.training.training_loop][INFO] - train epoch 012 loss 0.6932 accuracy 34.38%
[2026-06-20 08:11:41,547][src.modRNN.training.training_loop][INFO] - 	 Starting Epoch: 13
[2026-06-20 08:11:42,272][src.modRNN.training.training_loop][INFO] - train epoch 013 loss 0.6932 accuracy 45.31%
[2026-06-20 08:11:42,274][src.modRNN.training.training_loop][INFO] - 	 Starting Epoch: 14
[2026-06-20 08:11:42,998][src.modRNN.training.training_loop][INFO] - train epoch 014 loss 0.6932 accuracy 37.50%
[2026-06-20 08:11:43,000][src.modRNN.training.training_loop][INFO] - 	 Starting Epoch: 15
[2026-06-20 08:11:43,725][src.modRNN.training.training_loop][INFO] - train epoch 015 loss 0.6932 accuracy 42.19%
[2026-06-20 08:11:43,727][src.modRNN.training.training_loop][INFO] - 	 Starting Epoch: 16
[2026-06-20 08:11:44,453][src.modRNN.training.training_loop][INFO] - train epoch 016 loss 0.6931 accuracy 56.25%
[2026-06-20 08:11:44,454][src.modRNN.training.training_loop][INFO] - 	 Starting Epoch: 17
[2026-06-20 08:11:45,179][src.modRNN.training.training_loop][INFO] - train epoch 017 loss 0.6931 accuracy 50.00%
[2026-06-20 08:11:45,181][src.modRNN.training.training_loop][INFO] - 	 Starting Epoch: 18
[2026-06-20 08:11:45,905][src.modRNN.training.training_loop][INFO] - train epoch 018 loss 0.6931 accuracy 48.44%
[2026-06-20 08:11:45,907][src.modRNN.training.training_loop][INFO] - 	 Starting Epoch: 19
[2026-06-20 08:11:46,632][src.modRNN.training.training_loop][INFO] - train epoch 019 loss 0.6931 accuracy 40.62%
[2026-06-20 08:11:46,634][src.modRNN.training.training_loop][INFO] - 	 Starting Epoch: 20
[2026-06-20 08:11:47,359][src.modRNN.training.training_loop][INFO] - train epoch 020 loss 0.6932 accuracy 50.00%
[2026-06-20 08:11:47,361][src.modRNN.training.training_loop][INFO] - 	 Starting Epoch: 21
[2026-06-20 08:11:48,088][src.modRNN.training.training_loop][INFO] - train epoch 021 loss 0.6931 accuracy 57.81%
[2026-06-20 08:11:48,090][src.modRNN.training.training_loop][INFO] - 	 Starting Epoch: 22
[2026-06-20 08:11:48,814][src.modRNN.training.training_loop][INFO] - train epoch 022 loss 0.6932 accuracy 50.00%
[2026-06-20 08:11:48,816][src.modRNN.training.training_loop][INFO] - 	 Starting Epoch: 23
[2026-06-20 08:11:49,542][src.modRNN.training.training_loop][INFO] - train epoch 023 loss 0.6932 accuracy 57.81%
[2026-06-20 08:11:49,543][src.modRNN.training.training_loop][INFO] - 	 Starting Epoch: 24
[2026-06-20 08:11:50,268][src.modRNN.training.training_loop][INFO] - train epoch 024 loss 0.6931 accuracy 39.06%
[2026-06-20 08:11:50,270][src.modRNN.training.training_loop][INFO] - 	 Starting Epoch: 25
[2026-06-20 08:11:50,995][src.modRNN.training.training_loop][INFO] - train epoch 025 loss 0.6931 accuracy 48.44%
[2026-06-20 08:11:50,997][src.modRNN.training.training_loop][INFO] - 	 Starting Epoch: 26
[2026-06-20 08:11:51,723][src.modRNN.training.training_loop][INFO] - train epoch 026 loss 0.6931 accuracy 45.31%
[2026-06-20 08:11:52,906][src.modRNN.training.training_loop][INFO] - eval  epoch 026 loss 0.6931 accuracy 43.95%
[2026-06-20 08:11:52,908][src.modRNN.training.training_loop][INFO] - 	 Starting Epoch: 27
[2026-06-20 08:11:53,634][src.modRNN.training.training_loop][INFO] - train epoch 027 loss 0.6931 accuracy 50.00%
[2026-06-20 08:11:53,636][src.modRNN.training.training_loop][INFO] - 	 Starting Epoch: 28
[2026-06-20 08:11:54,363][src.modRNN.training.training_loop][INFO] - train epoch 028 loss 0.6931 accuracy 46.88%
[2026-06-20 08:11:54,364][src.modRNN.training.training_loop][INFO] - 	 Starting Epoch: 29
[2026-06-20 08:11:55,093][src.modRNN.training.training_loop][INFO] - train epoch 029 loss 0.6931 accuracy 53.12%
[2026-06-20 08:11:55,094][src.modRNN.training.training_loop][INFO] - 	 Starting Epoch: 30
[2026-06-20 08:11:55,825][src.modRNN.training.training_loop][INFO] - train epoch 030 loss 0.6931 accuracy 48.44%
[2026-06-20 08:11:55,827][src.modRNN.training.training_loop][INFO] - 	 Starting Epoch: 31
[2026-06-20 08:11:56,559][src.modRNN.training.training_loop][INFO] - train epoch 031 loss 0.6932 accuracy 37.50%
[2026-06-20 08:11:56,561][src.modRNN.training.training_loop][INFO] - 	 Starting Epoch: 32
[2026-06-20 08:11:57,292][src.modRNN.training.training_loop][INFO] - train epoch 032 loss 0.6931 accuracy 40.62%
[2026-06-20 08:11:57,294][src.modRNN.training.training_loop][INFO] - 	 Starting Epoch: 33
[2026-06-20 08:11:58,026][src.modRNN.training.training_loop][INFO] - train epoch 033 loss 0.6931 accuracy 60.94%
[2026-06-20 08:11:58,028][src.modRNN.training.training_loop][INFO] - 	 Starting Epoch: 34
[2026-06-20 08:11:58,762][src.modRNN.training.training_loop][INFO] - train epoch 034 loss 0.6931 accuracy 51.56%
[2026-06-20 08:11:58,764][src.modRNN.training.training_loop][INFO] - 	 Starting Epoch: 35
[2026-06-20 08:11:59,496][src.modRNN.training.training_loop][INFO] - train epoch 035 loss 0.6931 accuracy 43.75%
[2026-06-20 08:11:59,498][src.modRNN.training.training_loop][INFO] - 	 Starting Epoch: 36
[2026-06-20 08:12:00,231][src.modRNN.training.training_loop][INFO] - train epoch 036 loss 0.6931 accuracy 43.75%
[2026-06-20 08:12:00,233][src.modRNN.training.training_loop][INFO] - 	 Starting Epoch: 37
[2026-06-20 08:12:00,964][src.modRNN.training.training_loop][INFO] - train epoch 037 loss 0.6932 accuracy 45.31%
[2026-06-20 08:12:00,966][src.modRNN.training.training_loop][INFO] - 	 Starting Epoch: 38
[2026-06-20 08:12:01,709][src.modRNN.training.training_loop][INFO] - train epoch 038 loss 0.6931 accuracy 42.19%
[2026-06-20 08:12:01,711][src.modRNN.training.training_loop][INFO] - 	 Starting Epoch: 39
[2026-06-20 08:12:02,451][src.modRNN.training.training_loop][INFO] - train epoch 039 loss 0.6932 accuracy 40.62%
[2026-06-20 08:12:02,453][src.modRNN.training.training_loop][INFO] - 	 Starting Epoch: 40
[2026-06-20 08:12:03,189][src.modRNN.training.training_loop][INFO] - train epoch 040 loss 0.6931 accuracy 45.31%
[2026-06-20 08:12:03,191][src.modRNN.training.training_loop][INFO] - 	 Starting Epoch: 41
[2026-06-20 08:12:03,927][src.modRNN.training.training_loop][INFO] - train epoch 041 loss 0.6932 accuracy 50.00%
[2026-06-20 08:12:03,929][src.modRNN.training.training_loop][INFO] - 	 Starting Epoch: 42
[2026-06-20 08:12:04,664][src.modRNN.training.training_loop][INFO] - train epoch 042 loss 0.6932 accuracy 50.00%
[2026-06-20 08:12:04,665][src.modRNN.training.training_loop][INFO] - 	 Starting Epoch: 43
[2026-06-20 08:12:05,401][src.modRNN.training.training_loop][INFO] - train epoch 043 loss 0.6932 accuracy 43.75%
[2026-06-20 08:12:05,403][src.modRNN.training.training_loop][INFO] - 	 Starting Epoch: 44
[2026-06-20 08:12:06,137][src.modRNN.training.training_loop][INFO] - train epoch 044 loss 0.6931 accuracy 50.00%
[2026-06-20 08:12:06,139][src.modRNN.training.training_loop][INFO] - 	 Starting Epoch: 45
[2026-06-20 08:12:06,875][src.modRNN.training.training_loop][INFO] - train epoch 045 loss 0.6931 accuracy 35.94%
[2026-06-20 08:12:06,877][src.modRNN.training.training_loop][INFO] - 	 Starting Epoch: 46
[2026-06-20 08:12:07,611][src.modRNN.training.training_loop][INFO] - train epoch 046 loss 0.6931 accuracy 54.69%
[2026-06-20 08:12:07,613][src.modRNN.training.training_loop][INFO] - 	 Starting Epoch: 47
[2026-06-20 08:12:08,349][src.modRNN.training.training_loop][INFO] - train epoch 047 loss 0.6931 accuracy 45.31%
[2026-06-20 08:12:08,351][src.modRNN.training.training_loop][INFO] - 	 Starting Epoch: 48
[2026-06-20 08:12:09,086][src.modRNN.training.training_loop][INFO] - train epoch 048 loss 0.6931 accuracy 56.25%
[2026-06-20 08:12:09,088][src.modRNN.training.training_loop][INFO] - 	 Starting Epoch: 49
[2026-06-20 08:12:09,822][src.modRNN.training.training_loop][INFO] - train epoch 049 loss 0.6931 accuracy 42.19%
[2026-06-20 08:12:09,824][src.modRNN.training.training_loop][INFO] - 	 Starting Epoch: 50
[2026-06-20 08:12:10,559][src.modRNN.training.training_loop][INFO] - train epoch 050 loss 0.6931 accuracy 39.06%
[2026-06-20 08:12:10,561][src.modRNN.training.training_loop][INFO] - 	 Starting Epoch: 51
[2026-06-20 08:12:11,296][src.modRNN.training.training_loop][INFO] - train epoch 051 loss 0.6932 accuracy 43.75%
[2026-06-20 08:12:12,485][src.modRNN.training.training_loop][INFO] - eval  epoch 051 loss 0.6932 accuracy 39.26%
[2026-06-20 08:12:12,486][src.modRNN.training.training_loop][INFO] - 	 Starting Epoch: 52
[2026-06-20 08:12:13,219][src.modRNN.training.training_loop][INFO] - train epoch 052 loss 0.6932 accuracy 34.38%
[2026-06-20 08:12:13,221][src.modRNN.training.training_loop][INFO] - 	 Starting Epoch: 53
[2026-06-20 08:12:13,956][src.modRNN.training.training_loop][INFO] - train epoch 053 loss 0.6932 accuracy 40.62%
[2026-06-20 08:12:13,958][src.modRNN.training.training_loop][INFO] - 	 Starting Epoch: 54
[2026-06-20 08:12:14,692][src.modRNN.training.training_loop][INFO] - train epoch 054 loss 0.6932 accuracy 34.38%
[2026-06-20 08:12:14,694][src.modRNN.training.training_loop][INFO] - 	 Starting Epoch: 55
[2026-06-20 08:12:15,429][src.modRNN.training.training_loop][INFO] - train epoch 055 loss 0.6931 accuracy 40.62%
[2026-06-20 08:12:15,430][src.modRNN.training.training_loop][INFO] - 	 Starting Epoch: 56
[2026-06-20 08:12:16,165][src.modRNN.training.training_loop][INFO] - train epoch 056 loss 0.6932 accuracy 37.50%
[2026-06-20 08:12:16,167][src.modRNN.training.training_loop][INFO] - 	 Starting Epoch: 57
[2026-06-20 08:12:16,899][src.modRNN.training.training_loop][INFO] - train epoch 057 loss 0.6932 accuracy 37.50%
[2026-06-20 08:12:16,901][src.modRNN.training.training_loop][INFO] - 	 Starting Epoch: 58
[2026-06-20 08:12:17,635][src.modRNN.training.training_loop][INFO] - train epoch 058 loss 0.6931 accuracy 39.06%
[2026-06-20 08:12:17,637][src.modRNN.training.training_loop][INFO] - 	 Starting Epoch: 59
[2026-06-20 08:12:18,371][src.modRNN.training.training_loop][INFO] - train epoch 059 loss 0.6932 accuracy 50.00%
[2026-06-20 08:12:18,372][src.modRNN.training.training_loop][INFO] - 	 Starting Epoch: 60
[2026-06-20 08:12:19,108][src.modRNN.training.training_loop][INFO] - train epoch 060 loss 0.6931 accuracy 45.31%
[2026-06-20 08:12:19,110][src.modRNN.training.training_loop][INFO] - 	 Starting Epoch: 61
[2026-06-20 08:12:19,843][src.modRNN.training.training_loop][INFO] - train epoch 061 loss 0.6931 accuracy 40.62%
[2026-06-20 08:12:19,845][src.modRNN.training.training_loop][INFO] - 	 Starting Epoch: 62
[2026-06-20 08:12:20,578][src.modRNN.training.training_loop][INFO] - train epoch 062 loss 0.6932 accuracy 42.19%
[2026-06-20 08:12:20,580][src.modRNN.training.training_loop][INFO] - 	 Starting Epoch: 63
[2026-06-20 08:12:21,314][src.modRNN.training.training_loop][INFO] - train epoch 063 loss 0.6932 accuracy 32.81%
[2026-06-20 08:12:21,316][src.modRNN.training.training_loop][INFO] - 	 Starting Epoch: 64
[2026-06-20 08:12:22,049][src.modRNN.training.training_loop][INFO] - train epoch 064 loss 0.6932 accuracy 45.31%
[2026-06-20 08:12:22,051][src.modRNN.training.training_loop][INFO] - 	 Starting Epoch: 65
[2026-06-20 08:12:22,786][src.modRNN.training.training_loop][INFO] - train epoch 065 loss 0.6931 accuracy 45.31%
[2026-06-20 08:12:22,788][src.modRNN.training.training_loop][INFO] - 	 Starting Epoch: 66
[2026-06-20 08:12:23,524][src.modRNN.training.training_loop][INFO] - train epoch 066 loss 0.6931 accuracy 51.56%
[2026-06-20 08:12:23,526][src.modRNN.training.training_loop][INFO] - 	 Starting Epoch: 67
[2026-06-20 08:12:24,259][src.modRNN.training.training_loop][INFO] - train epoch 067 loss 0.6930 accuracy 56.25%
[2026-06-20 08:12:24,261][src.modRNN.training.training_loop][INFO] - 	 Starting Epoch: 68
[2026-06-20 08:12:24,996][src.modRNN.training.training_loop][INFO] - train epoch 068 loss 0.6926 accuracy 60.94%
[2026-06-20 08:12:24,998][src.modRNN.training.training_loop][INFO] - 	 Starting Epoch: 69
[2026-06-20 08:12:25,735][src.modRNN.training.training_loop][INFO] - train epoch 069 loss 0.6926 accuracy 50.00%
[2026-06-20 08:12:25,737][src.modRNN.training.training_loop][INFO] - 	 Starting Epoch: 70
[2026-06-20 08:12:26,473][src.modRNN.training.training_loop][INFO] - train epoch 070 loss 0.6923 accuracy 48.44%
[2026-06-20 08:12:26,475][src.modRNN.training.training_loop][INFO] - 	 Starting Epoch: 71
[2026-06-20 08:12:27,212][src.modRNN.training.training_loop][INFO] - train epoch 071 loss 0.6913 accuracy 62.50%
[2026-06-20 08:12:27,214][src.modRNN.training.training_loop][INFO] - 	 Starting Epoch: 72
[2026-06-20 08:12:27,950][src.modRNN.training.training_loop][INFO] - train epoch 072 loss 0.6909 accuracy 50.00%
[2026-06-20 08:12:27,952][src.modRNN.training.training_loop][INFO] - 	 Starting Epoch: 73
[2026-06-20 08:12:28,685][src.modRNN.training.training_loop][INFO] - train epoch 073 loss 0.6906 accuracy 50.00%
[2026-06-20 08:12:28,687][src.modRNN.training.training_loop][INFO] - 	 Starting Epoch: 74
[2026-06-20 08:12:29,421][src.modRNN.training.training_loop][INFO] - train epoch 074 loss 0.6893 accuracy 48.44%
[2026-06-20 08:12:29,423][src.modRNN.training.training_loop][INFO] - 	 Starting Epoch: 75
[2026-06-20 08:12:30,157][src.modRNN.training.training_loop][INFO] - train epoch 075 loss 0.6873 accuracy 53.12%
[2026-06-20 08:12:30,159][src.modRNN.training.training_loop][INFO] - 	 Starting Epoch: 76
[2026-06-20 08:12:30,897][src.modRNN.training.training_loop][INFO] - train epoch 076 loss 0.6854 accuracy 51.56%
[2026-06-20 08:12:32,096][src.modRNN.training.training_loop][INFO] - eval  epoch 076 loss 0.6830 accuracy 48.83%
[2026-06-20 08:12:32,097][src.modRNN.training.training_loop][INFO] - 	 Starting Epoch: 77
[2026-06-20 08:12:32,832][src.modRNN.training.training_loop][INFO] - train epoch 077 loss 0.6849 accuracy 50.00%
[2026-06-20 08:12:32,834][src.modRNN.training.training_loop][INFO] - 	 Starting Epoch: 78
[2026-06-20 08:12:33,569][src.modRNN.training.training_loop][INFO] - train epoch 078 loss 0.6781 accuracy 53.12%
[2026-06-20 08:12:33,571][src.modRNN.training.training_loop][INFO] - 	 Starting Epoch: 79
[2026-06-20 08:12:34,305][src.modRNN.training.training_loop][INFO] - train epoch 079 loss 0.6785 accuracy 46.88%
[2026-06-20 08:12:34,307][src.modRNN.training.training_loop][INFO] - 	 Starting Epoch: 80
[2026-06-20 08:12:35,041][src.modRNN.training.training_loop][INFO] - train epoch 080 loss 0.6814 accuracy 46.88%
[2026-06-20 08:12:35,043][src.modRNN.training.training_loop][INFO] - 	 Starting Epoch: 81
[2026-06-20 08:12:35,777][src.modRNN.training.training_loop][INFO] - train epoch 081 loss 0.6711 accuracy 48.44%
[2026-06-20 08:12:35,778][src.modRNN.training.training_loop][INFO] - 	 Starting Epoch: 82
[2026-06-20 08:12:36,514][src.modRNN.training.training_loop][INFO] - train epoch 082 loss 0.6726 accuracy 45.31%
[2026-06-20 08:12:36,516][src.modRNN.training.training_loop][INFO] - 	 Starting Epoch: 83
[2026-06-20 08:12:37,251][src.modRNN.training.training_loop][INFO] - train epoch 083 loss 0.6774 accuracy 48.44%
[2026-06-20 08:12:37,252][src.modRNN.training.training_loop][INFO] - 	 Starting Epoch: 84
[2026-06-20 08:12:37,987][src.modRNN.training.training_loop][INFO] - train epoch 084 loss 0.6760 accuracy 50.00%
[2026-06-20 08:12:37,989][src.modRNN.training.training_loop][INFO] - 	 Starting Epoch: 85
[2026-06-20 08:12:38,726][src.modRNN.training.training_loop][INFO] - train epoch 085 loss 0.6637 accuracy 60.94%
[2026-06-20 08:12:38,728][src.modRNN.training.training_loop][INFO] - 	 Starting Epoch: 86
[2026-06-20 08:12:39,463][src.modRNN.training.training_loop][INFO] - train epoch 086 loss 0.6766 accuracy 39.06%
[2026-06-20 08:12:39,465][src.modRNN.training.training_loop][INFO] - 	 Starting Epoch: 87
[2026-06-20 08:12:40,200][src.modRNN.training.training_loop][INFO] - train epoch 087 loss 0.6648 accuracy 46.88%
[2026-06-20 08:12:40,202][src.modRNN.training.training_loop][INFO] - 	 Starting Epoch: 88
[2026-06-20 08:12:40,935][src.modRNN.training.training_loop][INFO] - train epoch 088 loss 0.6688 accuracy 43.75%
[2026-06-20 08:12:40,937][src.modRNN.training.training_loop][INFO] - 	 Starting Epoch: 89
[2026-06-20 08:12:41,670][src.modRNN.training.training_loop][INFO] - train epoch 089 loss 0.6614 accuracy 51.56%
[2026-06-20 08:12:41,672][src.modRNN.training.training_loop][INFO] - 	 Starting Epoch: 90
[2026-06-20 08:12:42,411][src.modRNN.training.training_loop][INFO] - train epoch 090 loss 0.6456 accuracy 64.06%
[2026-06-20 08:12:42,412][src.modRNN.training.training_loop][INFO] - 	 Starting Epoch: 91
[2026-06-20 08:12:43,147][src.modRNN.training.training_loop][INFO] - train epoch 091 loss 0.6521 accuracy 48.44%
[2026-06-20 08:12:43,149][src.modRNN.training.training_loop][INFO] - 	 Starting Epoch: 92
[2026-06-20 08:12:43,882][src.modRNN.training.training_loop][INFO] - train epoch 092 loss 0.6535 accuracy 50.00%
[2026-06-20 08:12:43,884][src.modRNN.training.training_loop][INFO] - 	 Starting Epoch: 93
[2026-06-20 08:12:44,619][src.modRNN.training.training_loop][INFO] - train epoch 093 loss 0.6558 accuracy 42.19%
[2026-06-20 08:12:44,621][src.modRNN.training.training_loop][INFO] - 	 Starting Epoch: 94
[2026-06-20 08:12:45,356][src.modRNN.training.training_loop][INFO] - train epoch 094 loss 0.6508 accuracy 51.56%
[2026-06-20 08:12:45,357][src.modRNN.training.training_loop][INFO] - 	 Starting Epoch: 95
[2026-06-20 08:12:46,096][src.modRNN.training.training_loop][INFO] - train epoch 095 loss 0.6438 accuracy 56.25%
[2026-06-20 08:12:46,097][src.modRNN.training.training_loop][INFO] - 	 Starting Epoch: 96
[2026-06-20 08:12:46,836][src.modRNN.training.training_loop][INFO] - train epoch 096 loss 0.6526 accuracy 56.25%
[2026-06-20 08:12:46,838][src.modRNN.training.training_loop][INFO] - 	 Starting Epoch: 97
[2026-06-20 08:12:47,574][src.modRNN.training.training_loop][INFO] - train epoch 097 loss 0.6540 accuracy 50.00%
[2026-06-20 08:12:47,576][src.modRNN.training.training_loop][INFO] - 	 Starting Epoch: 98
[2026-06-20 08:12:48,310][src.modRNN.training.training_loop][INFO] - train epoch 098 loss 0.6410 accuracy 57.81%
[2026-06-20 08:12:48,312][src.modRNN.training.training_loop][INFO] - 	 Starting Epoch: 99
[2026-06-20 08:12:49,048][src.modRNN.training.training_loop][INFO] - train epoch 099 loss 0.6541 accuracy 57.81%
[2026-06-20 08:12:49,050][src.modRNN.training.training_loop][INFO] - 	 Starting Epoch: 100
[2026-06-20 08:12:49,786][src.modRNN.training.training_loop][INFO] - train epoch 100 loss 0.6592 accuracy 53.12%
[2026-06-20 08:12:49,788][src.modRNN.training.training_loop][INFO] - 	 Starting Epoch: 101
[2026-06-20 08:12:50,522][src.modRNN.training.training_loop][INFO] - train epoch 101 loss 0.6646 accuracy 50.00%
[2026-06-20 08:12:51,721][src.modRNN.training.training_loop][INFO] - eval  epoch 101 loss 0.6406 accuracy 62.30%
[2026-06-20 08:12:51,723][src.modRNN.training.training_loop][INFO] - 	 Starting Epoch: 102
[2026-06-20 08:12:52,458][src.modRNN.training.training_loop][INFO] - train epoch 102 loss 0.6378 accuracy 59.38%
[2026-06-20 08:12:52,460][src.modRNN.training.training_loop][INFO] - 	 Starting Epoch: 103
[2026-06-20 08:12:53,196][src.modRNN.training.training_loop][INFO] - train epoch 103 loss 0.6498 accuracy 68.75%
[2026-06-20 08:12:53,198][src.modRNN.training.training_loop][INFO] - 	 Starting Epoch: 104
[2026-06-20 08:12:53,934][src.modRNN.training.training_loop][INFO] - train epoch 104 loss 0.6318 accuracy 71.88%
[2026-06-20 08:12:53,935][src.modRNN.training.training_loop][INFO] - 	 Starting Epoch: 105
[2026-06-20 08:12:54,668][src.modRNN.training.training_loop][INFO] - train epoch 105 loss 0.6443 accuracy 75.00%
[2026-06-20 08:12:54,670][src.modRNN.training.training_loop][INFO] - 	 Starting Epoch: 106
[2026-06-20 08:12:55,403][src.modRNN.training.training_loop][INFO] - train epoch 106 loss 0.6470 accuracy 67.19%
[2026-06-20 08:12:55,405][src.modRNN.training.training_loop][INFO] - 	 Starting Epoch: 107
[2026-06-20 08:12:56,137][src.modRNN.training.training_loop][INFO] - train epoch 107 loss 0.6495 accuracy 59.38%
[2026-06-20 08:12:56,139][src.modRNN.training.training_loop][INFO] - 	 Starting Epoch: 108
[2026-06-20 08:12:56,873][src.modRNN.training.training_loop][INFO] - train epoch 108 loss 0.6300 accuracy 82.81%
[2026-06-20 08:12:56,875][src.modRNN.training.training_loop][INFO] - 	 Starting Epoch: 109
[2026-06-20 08:12:57,608][src.modRNN.training.training_loop][INFO] - train epoch 109 loss 0.6213 accuracy 75.00%
[2026-06-20 08:12:57,610][src.modRNN.training.training_loop][INFO] - 	 Starting Epoch: 110
[2026-06-20 08:12:58,345][src.modRNN.training.training_loop][INFO] - train epoch 110 loss 0.6352 accuracy 76.56%
[2026-06-20 08:12:58,346][src.modRNN.training.training_loop][INFO] - 	 Starting Epoch: 111
[2026-06-20 08:12:59,080][src.modRNN.training.training_loop][INFO] - train epoch 111 loss 0.6380 accuracy 67.19%
[2026-06-20 08:12:59,081][src.modRNN.training.training_loop][INFO] - 	 Starting Epoch: 112
[2026-06-20 08:12:59,815][src.modRNN.training.training_loop][INFO] - train epoch 112 loss 0.6329 accuracy 71.88%
[2026-06-20 08:12:59,817][src.modRNN.training.training_loop][INFO] - 	 Starting Epoch: 113
[2026-06-20 08:13:00,549][src.modRNN.training.training_loop][INFO] - train epoch 113 loss 0.6433 accuracy 68.75%
[2026-06-20 08:13:00,551][src.modRNN.training.training_loop][INFO] - 	 Starting Epoch: 114
[2026-06-20 08:13:01,284][src.modRNN.training.training_loop][INFO] - train epoch 114 loss 0.6369 accuracy 73.44%
[2026-06-20 08:13:01,286][src.modRNN.training.training_loop][INFO] - 	 Starting Epoch: 115
[2026-06-20 08:13:02,027][src.modRNN.training.training_loop][INFO] - train epoch 115 loss 0.6393 accuracy 64.06%
[2026-06-20 08:13:02,029][src.modRNN.training.training_loop][INFO] - 	 Starting Epoch: 116
[2026-06-20 08:13:02,770][src.modRNN.training.training_loop][INFO] - train epoch 116 loss 0.6360 accuracy 68.75%
[2026-06-20 08:13:02,773][src.modRNN.training.training_loop][INFO] - 	 Starting Epoch: 117
[2026-06-20 08:13:03,510][src.modRNN.training.training_loop][INFO] - train epoch 117 loss 0.6559 accuracy 59.38%
[2026-06-20 08:13:03,512][src.modRNN.training.training_loop][INFO] - 	 Starting Epoch: 118
[2026-06-20 08:13:04,251][src.modRNN.training.training_loop][INFO] - train epoch 118 loss 0.6574 accuracy 60.94%
[2026-06-20 08:13:04,253][src.modRNN.training.training_loop][INFO] - 	 Starting Epoch: 119
[2026-06-20 08:13:04,991][src.modRNN.training.training_loop][INFO] - train epoch 119 loss 0.6653 accuracy 56.25%
[2026-06-20 08:13:04,993][src.modRNN.training.training_loop][INFO] - 	 Starting Epoch: 120
[2026-06-20 08:13:05,730][src.modRNN.training.training_loop][INFO] - train epoch 120 loss 0.6760 accuracy 54.69%
[2026-06-20 08:13:05,732][src.modRNN.training.training_loop][INFO] - 	 Starting Epoch: 121
[2026-06-20 08:13:06,469][src.modRNN.training.training_loop][INFO] - train epoch 121 loss 0.6721 accuracy 56.25%
[2026-06-20 08:13:06,471][src.modRNN.training.training_loop][INFO] - 	 Starting Epoch: 122
[2026-06-20 08:13:07,209][src.modRNN.training.training_loop][INFO] - train epoch 122 loss 0.6831 accuracy 57.81%
[2026-06-20 08:13:07,210][src.modRNN.training.training_loop][INFO] - 	 Starting Epoch: 123
[2026-06-20 08:13:07,948][src.modRNN.training.training_loop][INFO] - train epoch 123 loss 0.6841 accuracy 51.56%
[2026-06-20 08:13:07,950][src.modRNN.training.training_loop][INFO] - 	 Starting Epoch: 124
[2026-06-20 08:13:08,688][src.modRNN.training.training_loop][INFO] - train epoch 124 loss 0.6965 accuracy 60.94%
[2026-06-20 08:13:08,690][src.modRNN.training.training_loop][INFO] - 	 Starting Epoch: 125
[2026-06-20 08:13:09,428][src.modRNN.training.training_loop][INFO] - train epoch 125 loss 0.6962 accuracy 51.56%
[2026-06-20 08:13:09,430][src.modRNN.training.training_loop][INFO] - 	 Starting Epoch: 126
[2026-06-20 08:13:10,169][src.modRNN.training.training_loop][INFO] - train epoch 126 loss 0.7101 accuracy 50.00%
[2026-06-20 08:13:11,367][src.modRNN.training.training_loop][INFO] - eval  epoch 126 loss 0.6926 accuracy 53.32%
[2026-06-20 08:13:11,369][src.modRNN.training.training_loop][INFO] - 	 Starting Epoch: 127
[2026-06-20 08:13:12,108][src.modRNN.training.training_loop][INFO] - train epoch 127 loss 0.6999 accuracy 53.12%
[2026-06-20 08:13:12,110][src.modRNN.training.training_loop][INFO] - 	 Starting Epoch: 128
[2026-06-20 08:13:12,851][src.modRNN.training.training_loop][INFO] - train epoch 128 loss 0.6985 accuracy 53.12%
[2026-06-20 08:13:12,853][src.modRNN.training.training_loop][INFO] - 	 Starting Epoch: 129
[2026-06-20 08:13:13,593][src.modRNN.training.training_loop][INFO] - train epoch 129 loss 0.6993 accuracy 48.44%
[2026-06-20 08:13:13,595][src.modRNN.training.training_loop][INFO] - 	 Starting Epoch: 130
[2026-06-20 08:13:14,334][src.modRNN.training.training_loop][INFO] - train epoch 130 loss 0.6627 accuracy 51.56%
[2026-06-20 08:13:14,336][src.modRNN.training.training_loop][INFO] - 	 Starting Epoch: 131
[2026-06-20 08:13:15,075][src.modRNN.training.training_loop][INFO] - train epoch 131 loss 0.6510 accuracy 62.50%
[2026-06-20 08:13:15,077][src.modRNN.training.training_loop][INFO] - 	 Starting Epoch: 132
[2026-06-20 08:13:15,815][src.modRNN.training.training_loop][INFO] - train epoch 132 loss 0.6637 accuracy 56.25%
[2026-06-20 08:13:15,817][src.modRNN.training.training_loop][INFO] - 	 Starting Epoch: 133
[2026-06-20 08:13:16,557][src.modRNN.training.training_loop][INFO] - train epoch 133 loss 0.6635 accuracy 56.25%
[2026-06-20 08:13:16,559][src.modRNN.training.training_loop][INFO] - 	 Starting Epoch: 134
[2026-06-20 08:13:17,302][src.modRNN.training.training_loop][INFO] - train epoch 134 loss 0.6584 accuracy 54.69%
[2026-06-20 08:13:17,304][src.modRNN.training.training_loop][INFO] - 	 Starting Epoch: 135
[2026-06-20 08:13:18,046][src.modRNN.training.training_loop][INFO] - train epoch 135 loss 0.6516 accuracy 57.81%
[2026-06-20 08:13:18,048][src.modRNN.training.training_loop][INFO] - 	 Starting Epoch: 136
[2026-06-20 08:13:18,786][src.modRNN.training.training_loop][INFO] - train epoch 136 loss 0.6496 accuracy 62.50%
[2026-06-20 08:13:18,788][src.modRNN.training.training_loop][INFO] - 	 Starting Epoch: 137
[2026-06-20 08:13:19,527][src.modRNN.training.training_loop][INFO] - train epoch 137 loss 0.6112 accuracy 67.19%
[2026-06-20 08:13:19,529][src.modRNN.training.training_loop][INFO] - 	 Starting Epoch: 138
[2026-06-20 08:13:20,268][src.modRNN.training.training_loop][INFO] - train epoch 138 loss 0.5975 accuracy 68.75%
[2026-06-20 08:13:20,270][src.modRNN.training.training_loop][INFO] - 	 Starting Epoch: 139
[2026-06-20 08:13:21,009][src.modRNN.training.training_loop][INFO] - train epoch 139 loss 0.6013 accuracy 75.00%
[2026-06-20 08:13:21,011][src.modRNN.training.training_loop][INFO] - 	 Starting Epoch: 140
[2026-06-20 08:13:21,749][src.modRNN.training.training_loop][INFO] - train epoch 140 loss 0.6224 accuracy 71.88%
[2026-06-20 08:13:21,751][src.modRNN.training.training_loop][INFO] - 	 Starting Epoch: 141
[2026-06-20 08:13:22,490][src.modRNN.training.training_loop][INFO] - train epoch 141 loss 0.6104 accuracy 75.00%
[2026-06-20 08:13:22,492][src.modRNN.training.training_loop][INFO] - 	 Starting Epoch: 142
[2026-06-20 08:13:23,229][src.modRNN.training.training_loop][INFO] - train epoch 142 loss 0.5988 accuracy 71.88%
[2026-06-20 08:13:23,231][src.modRNN.training.training_loop][INFO] - 	 Starting Epoch: 143
[2026-06-20 08:13:23,969][src.modRNN.training.training_loop][INFO] - train epoch 143 loss 0.5957 accuracy 76.56%
[2026-06-20 08:13:23,971][src.modRNN.training.training_loop][INFO] - 	 Starting Epoch: 144
[2026-06-20 08:13:24,710][src.modRNN.training.training_loop][INFO] - train epoch 144 loss 0.5984 accuracy 76.56%
[2026-06-20 08:13:24,712][src.modRNN.training.training_loop][INFO] - 	 Starting Epoch: 145
[2026-06-20 08:13:25,451][src.modRNN.training.training_loop][INFO] - train epoch 145 loss 0.5967 accuracy 71.88%
[2026-06-20 08:13:25,453][src.modRNN.training.training_loop][INFO] - 	 Starting Epoch: 146
[2026-06-20 08:13:26,192][src.modRNN.training.training_loop][INFO] - train epoch 146 loss 0.6007 accuracy 76.56%
[2026-06-20 08:13:26,193][src.modRNN.training.training_loop][INFO] - 	 Starting Epoch: 147
[2026-06-20 08:13:26,932][src.modRNN.training.training_loop][INFO] - train epoch 147 loss 0.6066 accuracy 65.62%
[2026-06-20 08:13:26,934][src.modRNN.training.training_loop][INFO] - 	 Starting Epoch: 148
[2026-06-20 08:13:27,674][src.modRNN.training.training_loop][INFO] - train epoch 148 loss 0.5786 accuracy 79.69%
[2026-06-20 08:13:27,676][src.modRNN.training.training_loop][INFO] - 	 Starting Epoch: 149
[2026-06-20 08:13:28,416][src.modRNN.training.training_loop][INFO] - train epoch 149 loss 0.5366 accuracy 79.69%
[2026-06-20 08:13:28,418][src.modRNN.training.training_loop][INFO] - 	 Starting Epoch: 150
[2026-06-20 08:13:29,158][src.modRNN.training.training_loop][INFO] - train epoch 150 loss 0.5777 accuracy 75.00%
[2026-06-20 08:13:29,160][src.modRNN.training.training_loop][INFO] - 	 Starting Epoch: 151
[2026-06-20 08:13:29,900][src.modRNN.training.training_loop][INFO] - train epoch 151 loss 0.6009 accuracy 76.56%
[2026-06-20 08:13:31,097][src.modRNN.training.training_loop][INFO] - eval  epoch 151 loss 0.5901 accuracy 76.37%
[2026-06-20 08:13:31,099][src.modRNN.training.training_loop][INFO] - 	 Starting Epoch: 152
[2026-06-20 08:13:31,833][src.modRNN.training.training_loop][INFO] - train epoch 152 loss 0.5977 accuracy 73.44%
[2026-06-20 08:13:31,835][src.modRNN.training.training_loop][INFO] - 	 Starting Epoch: 153
[2026-06-20 08:13:32,570][src.modRNN.training.training_loop][INFO] - train epoch 153 loss 0.5635 accuracy 79.69%
[2026-06-20 08:13:32,571][src.modRNN.training.training_loop][INFO] - 	 Starting Epoch: 154
[2026-06-20 08:13:33,307][src.modRNN.training.training_loop][INFO] - train epoch 154 loss 0.6178 accuracy 75.00%
[2026-06-20 08:13:33,309][src.modRNN.training.training_loop][INFO] - 	 Starting Epoch: 155
[2026-06-20 08:13:34,042][src.modRNN.training.training_loop][INFO] - train epoch 155 loss 0.5771 accuracy 76.56%
[2026-06-20 08:13:34,044][src.modRNN.training.training_loop][INFO] - 	 Starting Epoch: 156
[2026-06-20 08:13:34,778][src.modRNN.training.training_loop][INFO] - train epoch 156 loss 0.6026 accuracy 64.06%
[2026-06-20 08:13:34,779][src.modRNN.training.training_loop][INFO] - 	 Starting Epoch: 157
[2026-06-20 08:13:35,513][src.modRNN.training.training_loop][INFO] - train epoch 157 loss 0.6002 accuracy 73.44%
[2026-06-20 08:13:35,515][src.modRNN.training.training_loop][INFO] - 	 Starting Epoch: 158
[2026-06-20 08:13:36,249][src.modRNN.training.training_loop][INFO] - train epoch 158 loss 0.6195 accuracy 73.44%
[2026-06-20 08:13:36,251][src.modRNN.training.training_loop][INFO] - 	 Starting Epoch: 159
[2026-06-20 08:13:36,987][src.modRNN.training.training_loop][INFO] - train epoch 159 loss 0.6057 accuracy 67.19%
[2026-06-20 08:13:36,989][src.modRNN.training.training_loop][INFO] - 	 Starting Epoch: 160
[2026-06-20 08:13:37,724][src.modRNN.training.training_loop][INFO] - train epoch 160 loss 0.5992 accuracy 75.00%
[2026-06-20 08:13:37,726][src.modRNN.training.training_loop][INFO] - 	 Starting Epoch: 161
[2026-06-20 08:13:38,461][src.modRNN.training.training_loop][INFO] - train epoch 161 loss 0.6047 accuracy 65.62%
[2026-06-20 08:13:38,463][src.modRNN.training.training_loop][INFO] - 	 Starting Epoch: 162
[2026-06-20 08:13:39,197][src.modRNN.training.training_loop][INFO] - train epoch 162 loss 0.5919 accuracy 71.88%
[2026-06-20 08:13:39,198][src.modRNN.training.training_loop][INFO] - 	 Starting Epoch: 163
[2026-06-20 08:13:39,932][src.modRNN.training.training_loop][INFO] - train epoch 163 loss 0.5985 accuracy 67.19%
[2026-06-20 08:13:39,934][src.modRNN.training.training_loop][INFO] - 	 Starting Epoch: 164
[2026-06-20 08:13:40,670][src.modRNN.training.training_loop][INFO] - train epoch 164 loss 0.5860 accuracy 70.31%
[2026-06-20 08:13:40,672][src.modRNN.training.training_loop][INFO] - 	 Starting Epoch: 165
[2026-06-20 08:13:41,408][src.modRNN.training.training_loop][INFO] - train epoch 165 loss 0.5654 accuracy 79.69%
[2026-06-20 08:13:41,410][src.modRNN.training.training_loop][INFO] - 	 Starting Epoch: 166
[2026-06-20 08:13:42,146][src.modRNN.training.training_loop][INFO] - train epoch 166 loss 0.6005 accuracy 71.88%
[2026-06-20 08:13:42,148][src.modRNN.training.training_loop][INFO] - 	 Starting Epoch: 167
[2026-06-20 08:13:42,881][src.modRNN.training.training_loop][INFO] - train epoch 167 loss 0.5756 accuracy 81.25%
[2026-06-20 08:13:42,883][src.modRNN.training.training_loop][INFO] - 	 Starting Epoch: 168
[2026-06-20 08:13:43,618][src.modRNN.training.training_loop][INFO] - train epoch 168 loss 0.5576 accuracy 79.69%
[2026-06-20 08:13:43,619][src.modRNN.training.training_loop][INFO] - 	 Starting Epoch: 169
[2026-06-20 08:13:44,355][src.modRNN.training.training_loop][INFO] - train epoch 169 loss 0.5684 accuracy 81.25%
[2026-06-20 08:13:44,356][src.modRNN.training.training_loop][INFO] - 	 Starting Epoch: 170
[2026-06-20 08:13:45,091][src.modRNN.training.training_loop][INFO] - train epoch 170 loss 0.5579 accuracy 79.69%
[2026-06-20 08:13:45,093][src.modRNN.training.training_loop][INFO] - 	 Starting Epoch: 171
[2026-06-20 08:13:45,828][src.modRNN.training.training_loop][INFO] - train epoch 171 loss 0.5844 accuracy 76.56%
[2026-06-20 08:13:45,829][src.modRNN.training.training_loop][INFO] - 	 Starting Epoch: 172
[2026-06-20 08:13:46,563][src.modRNN.training.training_loop][INFO] - train epoch 172 loss 0.5599 accuracy 75.00%
[2026-06-20 08:13:46,565][src.modRNN.training.training_loop][INFO] - 	 Starting Epoch: 173
[2026-06-20 08:13:47,300][src.modRNN.training.training_loop][INFO] - train epoch 173 loss 0.5520 accuracy 71.88%
[2026-06-20 08:13:47,302][src.modRNN.training.training_loop][INFO] - 	 Starting Epoch: 174
[2026-06-20 08:13:48,037][src.modRNN.training.training_loop][INFO] - train epoch 174 loss 0.5841 accuracy 70.31%
[2026-06-20 08:13:48,039][src.modRNN.training.training_loop][INFO] - 	 Starting Epoch: 175
[2026-06-20 08:13:48,774][src.modRNN.training.training_loop][INFO] - train epoch 175 loss 0.5129 accuracy 85.94%
[2026-06-20 08:13:48,776][src.modRNN.training.training_loop][INFO] - 	 Starting Epoch: 176
[2026-06-20 08:13:49,511][src.modRNN.training.training_loop][INFO] - train epoch 176 loss 0.5430 accuracy 78.12%
[2026-06-20 08:13:50,710][src.modRNN.training.training_loop][INFO] - eval  epoch 176 loss 0.5585 accuracy 76.56%
[2026-06-20 08:13:50,711][src.modRNN.training.training_loop][INFO] - 	 Starting Epoch: 177
[2026-06-20 08:13:51,447][src.modRNN.training.training_loop][INFO] - train epoch 177 loss 0.5667 accuracy 76.56%
[2026-06-20 08:13:51,448][src.modRNN.training.training_loop][INFO] - 	 Starting Epoch: 178
[2026-06-20 08:13:52,184][src.modRNN.training.training_loop][INFO] - train epoch 178 loss 0.5707 accuracy 65.62%
[2026-06-20 08:13:52,185][src.modRNN.training.training_loop][INFO] - 	 Starting Epoch: 179
[2026-06-20 08:13:52,922][src.modRNN.training.training_loop][INFO] - train epoch 179 loss 0.5581 accuracy 78.12%
[2026-06-20 08:13:52,923][src.modRNN.training.training_loop][INFO] - 	 Starting Epoch: 180
[2026-06-20 08:13:53,657][src.modRNN.training.training_loop][INFO] - train epoch 180 loss 0.5709 accuracy 75.00%
[2026-06-20 08:13:53,659][src.modRNN.training.training_loop][INFO] - 	 Starting Epoch: 181
[2026-06-20 08:13:54,393][src.modRNN.training.training_loop][INFO] - train epoch 181 loss 0.5279 accuracy 81.25%
[2026-06-20 08:13:54,395][src.modRNN.training.training_loop][INFO] - 	 Starting Epoch: 182
[2026-06-20 08:13:55,132][src.modRNN.training.training_loop][INFO] - train epoch 182 loss 0.5709 accuracy 68.75%
[2026-06-20 08:13:55,134][src.modRNN.training.training_loop][INFO] - 	 Starting Epoch: 183
[2026-06-20 08:13:55,870][src.modRNN.training.training_loop][INFO] - train epoch 183 loss 0.5924 accuracy 67.19%
[2026-06-20 08:13:55,871][src.modRNN.training.training_loop][INFO] - 	 Starting Epoch: 184
[2026-06-20 08:13:56,612][src.modRNN.training.training_loop][INFO] - train epoch 184 loss 0.5173 accuracy 81.25%
[2026-06-20 08:13:56,614][src.modRNN.training.training_loop][INFO] - 	 Starting Epoch: 185
[2026-06-20 08:13:57,348][src.modRNN.training.training_loop][INFO] - train epoch 185 loss 0.5777 accuracy 62.50%
[2026-06-20 08:13:57,350][src.modRNN.training.training_loop][INFO] - 	 Starting Epoch: 186
[2026-06-20 08:13:58,083][src.modRNN.training.training_loop][INFO] - train epoch 186 loss 0.5806 accuracy 73.44%
[2026-06-20 08:13:58,085][src.modRNN.training.training_loop][INFO] - 	 Starting Epoch: 187
[2026-06-20 08:13:58,819][src.modRNN.training.training_loop][INFO] - train epoch 187 loss 0.5435 accuracy 81.25%
[2026-06-20 08:13:58,820][src.modRNN.training.training_loop][INFO] - 	 Starting Epoch: 188
[2026-06-20 08:13:59,553][src.modRNN.training.training_loop][INFO] - train epoch 188 loss 0.5453 accuracy 71.88%
[2026-06-20 08:13:59,555][src.modRNN.training.training_loop][INFO] - 	 Starting Epoch: 189
[2026-06-20 08:14:00,288][src.modRNN.training.training_loop][INFO] - train epoch 189 loss 0.5466 accuracy 71.88%
[2026-06-20 08:14:00,290][src.modRNN.training.training_loop][INFO] - 	 Starting Epoch: 190
[2026-06-20 08:14:01,025][src.modRNN.training.training_loop][INFO] - train epoch 190 loss 0.5183 accuracy 84.38%
[2026-06-20 08:14:01,027][src.modRNN.training.training_loop][INFO] - 	 Starting Epoch: 191
[2026-06-20 08:14:01,772][src.modRNN.training.training_loop][INFO] - train epoch 191 loss 0.5476 accuracy 78.12%
[2026-06-20 08:14:01,774][src.modRNN.training.training_loop][INFO] - 	 Starting Epoch: 192
[2026-06-20 08:14:02,512][src.modRNN.training.training_loop][INFO] - train epoch 192 loss 0.5483 accuracy 78.12%
[2026-06-20 08:14:02,514][src.modRNN.training.training_loop][INFO] - 	 Starting Epoch: 193
[2026-06-20 08:14:03,258][src.modRNN.training.training_loop][INFO] - train epoch 193 loss 0.5603 accuracy 73.44%
[2026-06-20 08:14:03,260][src.modRNN.training.training_loop][INFO] - 	 Starting Epoch: 194
[2026-06-20 08:14:04,000][src.modRNN.training.training_loop][INFO] - train epoch 194 loss 0.5372 accuracy 73.44%
[2026-06-20 08:14:04,002][src.modRNN.training.training_loop][INFO] - 	 Starting Epoch: 195
[2026-06-20 08:14:04,741][src.modRNN.training.training_loop][INFO] - train epoch 195 loss 0.5010 accuracy 79.69%
[2026-06-20 08:14:04,743][src.modRNN.training.training_loop][INFO] - 	 Starting Epoch: 196
[2026-06-20 08:14:05,482][src.modRNN.training.training_loop][INFO] - train epoch 196 loss 0.5763 accuracy 68.75%
[2026-06-20 08:14:05,484][src.modRNN.training.training_loop][INFO] - 	 Starting Epoch: 197
[2026-06-20 08:14:06,222][src.modRNN.training.training_loop][INFO] - train epoch 197 loss 0.5585 accuracy 70.31%
[2026-06-20 08:14:06,223][src.modRNN.training.training_loop][INFO] - 	 Starting Epoch: 198
[2026-06-20 08:14:06,961][src.modRNN.training.training_loop][INFO] - train epoch 198 loss 0.5282 accuracy 76.56%
[2026-06-20 08:14:06,963][src.modRNN.training.training_loop][INFO] - 	 Starting Epoch: 199
[2026-06-20 08:14:07,701][src.modRNN.training.training_loop][INFO] - train epoch 199 loss 0.5883 accuracy 62.50%
[2026-06-20 08:14:07,703][src.modRNN.training.training_loop][INFO] - 	 Starting Epoch: 200
[2026-06-20 08:14:08,442][src.modRNN.training.training_loop][INFO] - train epoch 200 loss 0.5062 accuracy 79.69%
[2026-06-20 08:14:08,443][src.modRNN.training.training_loop][INFO] - 	 Starting Epoch: 201
[2026-06-20 08:14:09,182][src.modRNN.training.training_loop][INFO] - train epoch 201 loss 0.5268 accuracy 75.00%
[2026-06-20 08:14:10,377][src.modRNN.training.training_loop][INFO] - eval  epoch 201 loss 0.5227 accuracy 76.56%
[2026-06-20 08:14:10,379][src.modRNN.training.training_loop][INFO] - 	 Starting Epoch: 202
[2026-06-20 08:14:11,115][src.modRNN.training.training_loop][INFO] - train epoch 202 loss 0.5422 accuracy 78.12%
[2026-06-20 08:14:11,117][src.modRNN.training.training_loop][INFO] - 	 Starting Epoch: 203
[2026-06-20 08:14:11,856][src.modRNN.training.training_loop][INFO] - train epoch 203 loss 0.5192 accuracy 71.88%
[2026-06-20 08:14:11,857][src.modRNN.training.training_loop][INFO] - 	 Starting Epoch: 204
[2026-06-20 08:14:12,595][src.modRNN.training.training_loop][INFO] - train epoch 204 loss 0.5331 accuracy 71.88%
[2026-06-20 08:14:12,597][src.modRNN.training.training_loop][INFO] - 	 Starting Epoch: 205
[2026-06-20 08:14:13,335][src.modRNN.training.training_loop][INFO] - train epoch 205 loss 0.5357 accuracy 70.31%
[2026-06-20 08:14:13,336][src.modRNN.training.training_loop][INFO] - 	 Starting Epoch: 206
[2026-06-20 08:14:14,075][src.modRNN.training.training_loop][INFO] - train epoch 206 loss 0.5365 accuracy 73.44%
[2026-06-20 08:14:14,076][src.modRNN.training.training_loop][INFO] - 	 Starting Epoch: 207
[2026-06-20 08:14:14,813][src.modRNN.training.training_loop][INFO] - train epoch 207 loss 0.5334 accuracy 75.00%
[2026-06-20 08:14:14,815][src.modRNN.training.training_loop][INFO] - 	 Starting Epoch: 208
[2026-06-20 08:14:15,554][src.modRNN.training.training_loop][INFO] - train epoch 208 loss 0.5599 accuracy 65.62%
[2026-06-20 08:14:15,556][src.modRNN.training.training_loop][INFO] - 	 Starting Epoch: 209
[2026-06-20 08:14:16,295][src.modRNN.training.training_loop][INFO] - train epoch 209 loss 0.5304 accuracy 71.88%
[2026-06-20 08:14:16,297][src.modRNN.training.training_loop][INFO] - 	 Starting Epoch: 210
[2026-06-20 08:14:17,035][src.modRNN.training.training_loop][INFO] - train epoch 210 loss 0.5310 accuracy 67.19%
[2026-06-20 08:14:17,037][src.modRNN.training.training_loop][INFO] - 	 Starting Epoch: 211
[2026-06-20 08:14:17,774][src.modRNN.training.training_loop][INFO] - train epoch 211 loss 0.5388 accuracy 71.88%
[2026-06-20 08:14:17,776][src.modRNN.training.training_loop][INFO] - 	 Starting Epoch: 212
[2026-06-20 08:14:18,515][src.modRNN.training.training_loop][INFO] - train epoch 212 loss 0.4991 accuracy 81.25%
[2026-06-20 08:14:18,517][src.modRNN.training.training_loop][INFO] - 	 Starting Epoch: 213
[2026-06-20 08:14:19,254][src.modRNN.training.training_loop][INFO] - train epoch 213 loss 0.4597 accuracy 84.38%
[2026-06-20 08:14:19,256][src.modRNN.training.training_loop][INFO] - 	 Starting Epoch: 214
[2026-06-20 08:14:19,995][src.modRNN.training.training_loop][INFO] - train epoch 214 loss 0.5260 accuracy 78.12%
[2026-06-20 08:14:19,996][src.modRNN.training.training_loop][INFO] - 	 Starting Epoch: 215
[2026-06-20 08:14:20,734][src.modRNN.training.training_loop][INFO] - train epoch 215 loss 0.5426 accuracy 75.00%
[2026-06-20 08:14:20,736][src.modRNN.training.training_loop][INFO] - 	 Starting Epoch: 216
[2026-06-20 08:14:21,474][src.modRNN.training.training_loop][INFO] - train epoch 216 loss 0.5394 accuracy 67.19%
[2026-06-20 08:14:21,476][src.modRNN.training.training_loop][INFO] - 	 Starting Epoch: 217
[2026-06-20 08:14:22,215][src.modRNN.training.training_loop][INFO] - train epoch 217 loss 0.4793 accuracy 78.12%
[2026-06-20 08:14:22,217][src.modRNN.training.training_loop][INFO] - 	 Starting Epoch: 218
[2026-06-20 08:14:22,954][src.modRNN.training.training_loop][INFO] - train epoch 218 loss 0.5408 accuracy 71.88%
[2026-06-20 08:14:22,956][src.modRNN.training.training_loop][INFO] - 	 Starting Epoch: 219
[2026-06-20 08:14:23,694][src.modRNN.training.training_loop][INFO] - train epoch 219 loss 0.5473 accuracy 67.19%
[2026-06-20 08:14:23,695][src.modRNN.training.training_loop][INFO] - 	 Starting Epoch: 220
[2026-06-20 08:14:24,434][src.modRNN.training.training_loop][INFO] - train epoch 220 loss 0.4953 accuracy 73.44%
[2026-06-20 08:14:24,436][src.modRNN.training.training_loop][INFO] - 	 Starting Epoch: 221
[2026-06-20 08:14:25,175][src.modRNN.training.training_loop][INFO] - train epoch 221 loss 0.4929 accuracy 75.00%
[2026-06-20 08:14:25,177][src.modRNN.training.training_loop][INFO] - 	 Starting Epoch: 222
[2026-06-20 08:14:25,915][src.modRNN.training.training_loop][INFO] - train epoch 222 loss 0.5740 accuracy 65.62%
[2026-06-20 08:14:25,917][src.modRNN.training.training_loop][INFO] - 	 Starting Epoch: 223
[2026-06-20 08:14:26,654][src.modRNN.training.training_loop][INFO] - train epoch 223 loss 0.5129 accuracy 73.44%
[2026-06-20 08:14:26,656][src.modRNN.training.training_loop][INFO] - 	 Starting Epoch: 224
[2026-06-20 08:14:27,394][src.modRNN.training.training_loop][INFO] - train epoch 224 loss 0.5295 accuracy 70.31%
[2026-06-20 08:14:27,396][src.modRNN.training.training_loop][INFO] - 	 Starting Epoch: 225
[2026-06-20 08:14:28,137][src.modRNN.training.training_loop][INFO] - train epoch 225 loss 0.5739 accuracy 65.62%
[2026-06-20 08:14:28,139][src.modRNN.training.training_loop][INFO] - 	 Starting Epoch: 226
[2026-06-20 08:14:28,879][src.modRNN.training.training_loop][INFO] - train epoch 226 loss 0.4953 accuracy 78.12%
[2026-06-20 08:14:30,078][src.modRNN.training.training_loop][INFO] - eval  epoch 226 loss 0.5075 accuracy 75.59%
[2026-06-20 08:14:30,080][src.modRNN.training.training_loop][INFO] - 	 Starting Epoch: 227
[2026-06-20 08:14:30,820][src.modRNN.training.training_loop][INFO] - train epoch 227 loss 0.5264 accuracy 73.44%
[2026-06-20 08:14:30,822][src.modRNN.training.training_loop][INFO] - 	 Starting Epoch: 228
[2026-06-20 08:14:31,560][src.modRNN.training.training_loop][INFO] - train epoch 228 loss 0.4877 accuracy 78.12%
[2026-06-20 08:14:31,562][src.modRNN.training.training_loop][INFO] - 	 Starting Epoch: 229
[2026-06-20 08:14:32,298][src.modRNN.training.training_loop][INFO] - train epoch 229 loss 0.5437 accuracy 67.19%
[2026-06-20 08:14:32,300][src.modRNN.training.training_loop][INFO] - 	 Starting Epoch: 230
[2026-06-20 08:14:33,042][src.modRNN.training.training_loop][INFO] - train epoch 230 loss 0.5379 accuracy 75.00%
[2026-06-20 08:14:33,044][src.modRNN.training.training_loop][INFO] - 	 Starting Epoch: 231
[2026-06-20 08:14:33,783][src.modRNN.training.training_loop][INFO] - train epoch 231 loss 0.5068 accuracy 76.56%
[2026-06-20 08:14:33,785][src.modRNN.training.training_loop][INFO] - 	 Starting Epoch: 232
[2026-06-20 08:14:34,520][src.modRNN.training.training_loop][INFO] - train epoch 232 loss 0.5797 accuracy 68.75%
[2026-06-20 08:14:34,522][src.modRNN.training.training_loop][INFO] - 	 Starting Epoch: 233
[2026-06-20 08:14:35,256][src.modRNN.training.training_loop][INFO] - train epoch 233 loss 0.5845 accuracy 67.19%
[2026-06-20 08:14:35,258][src.modRNN.training.training_loop][INFO] - 	 Starting Epoch: 234
[2026-06-20 08:14:35,991][src.modRNN.training.training_loop][INFO] - train epoch 234 loss 0.5230 accuracy 71.88%
[2026-06-20 08:14:35,993][src.modRNN.training.training_loop][INFO] - 	 Starting Epoch: 235
[2026-06-20 08:14:36,728][src.modRNN.training.training_loop][INFO] - train epoch 235 loss 0.5629 accuracy 64.06%
[2026-06-20 08:14:36,729][src.modRNN.training.training_loop][INFO] - 	 Starting Epoch: 236
[2026-06-20 08:14:37,465][src.modRNN.training.training_loop][INFO] - train epoch 236 loss 0.5869 accuracy 67.19%
[2026-06-20 08:14:37,467][src.modRNN.training.training_loop][INFO] - 	 Starting Epoch: 237
[2026-06-20 08:14:38,201][src.modRNN.training.training_loop][INFO] - train epoch 237 loss 0.5889 accuracy 64.06%
[2026-06-20 08:14:38,203][src.modRNN.training.training_loop][INFO] - 	 Starting Epoch: 238
[2026-06-20 08:14:38,938][src.modRNN.training.training_loop][INFO] - train epoch 238 loss 0.5555 accuracy 71.88%
[2026-06-20 08:14:38,940][src.modRNN.training.training_loop][INFO] - 	 Starting Epoch: 239
[2026-06-20 08:14:39,676][src.modRNN.training.training_loop][INFO] - train epoch 239 loss 0.5977 accuracy 64.06%
[2026-06-20 08:14:39,678][src.modRNN.training.training_loop][INFO] - 	 Starting Epoch: 240
[2026-06-20 08:14:40,411][src.modRNN.training.training_loop][INFO] - train epoch 240 loss 0.4912 accuracy 79.69%
[2026-06-20 08:14:40,413][src.modRNN.training.training_loop][INFO] - 	 Starting Epoch: 241
[2026-06-20 08:14:41,147][src.modRNN.training.training_loop][INFO] - train epoch 241 loss 0.5136 accuracy 75.00%
[2026-06-20 08:14:41,149][src.modRNN.training.training_loop][INFO] - 	 Starting Epoch: 242
[2026-06-20 08:14:41,883][src.modRNN.training.training_loop][INFO] - train epoch 242 loss 0.5232 accuracy 75.00%
[2026-06-20 08:14:41,884][src.modRNN.training.training_loop][INFO] - 	 Starting Epoch: 243
[2026-06-20 08:14:42,619][src.modRNN.training.training_loop][INFO] - train epoch 243 loss 0.5076 accuracy 73.44%
[2026-06-20 08:14:42,621][src.modRNN.training.training_loop][INFO] - 	 Starting Epoch: 244
[2026-06-20 08:14:43,356][src.modRNN.training.training_loop][INFO] - train epoch 244 loss 0.5226 accuracy 70.31%
[2026-06-20 08:14:43,357][src.modRNN.training.training_loop][INFO] - 	 Starting Epoch: 245
[2026-06-20 08:14:44,093][src.modRNN.training.training_loop][INFO] - train epoch 245 loss 0.5197 accuracy 70.31%
[2026-06-20 08:14:44,095][src.modRNN.training.training_loop][INFO] - 	 Starting Epoch: 246
[2026-06-20 08:14:44,829][src.modRNN.training.training_loop][INFO] - train epoch 246 loss 0.5265 accuracy 71.88%
[2026-06-20 08:14:44,831][src.modRNN.training.training_loop][INFO] - 	 Starting Epoch: 247
[2026-06-20 08:14:45,565][src.modRNN.training.training_loop][INFO] - train epoch 247 loss 0.4620 accuracy 84.38%
[2026-06-20 08:14:45,567][src.modRNN.training.training_loop][INFO] - 	 Starting Epoch: 248
[2026-06-20 08:14:46,301][src.modRNN.training.training_loop][INFO] - train epoch 248 loss 0.5586 accuracy 62.50%
[2026-06-20 08:14:46,302][src.modRNN.training.training_loop][INFO] - 	 Starting Epoch: 249
[2026-06-20 08:14:47,036][src.modRNN.training.training_loop][INFO] - train epoch 249 loss 0.4690 accuracy 75.00%
[2026-06-20 08:14:47,038][src.modRNN.training.training_loop][INFO] - 	 Starting Epoch: 250
[2026-06-20 08:14:47,773][src.modRNN.training.training_loop][INFO] - train epoch 250 loss 0.4433 accuracy 84.38%
[2026-06-20 08:14:47,775][src.modRNN.training.training_loop][INFO] - 	 Starting Epoch: 251
[2026-06-20 08:14:48,516][src.modRNN.training.training_loop][INFO] - train epoch 251 loss 0.5198 accuracy 68.75%
[2026-06-20 08:14:49,714][src.modRNN.training.training_loop][INFO] - eval  epoch 251 loss 0.4913 accuracy 75.59%
[2026-06-20 08:14:49,716][src.modRNN.training.training_loop][INFO] - 	 Starting Epoch: 252
[2026-06-20 08:14:50,450][src.modRNN.training.training_loop][INFO] - train epoch 252 loss 0.4806 accuracy 73.44%
[2026-06-20 08:14:50,452][src.modRNN.training.training_loop][INFO] - 	 Starting Epoch: 253
[2026-06-20 08:14:51,184][src.modRNN.training.training_loop][INFO] - train epoch 253 loss 0.4430 accuracy 79.69%
[2026-06-20 08:14:51,186][src.modRNN.training.training_loop][INFO] - 	 Starting Epoch: 254
[2026-06-20 08:14:51,920][src.modRNN.training.training_loop][INFO] - train epoch 254 loss 0.5090 accuracy 75.00%
[2026-06-20 08:14:51,922][src.modRNN.training.training_loop][INFO] - 	 Starting Epoch: 255
[2026-06-20 08:14:52,655][src.modRNN.training.training_loop][INFO] - train epoch 255 loss 0.5148 accuracy 68.75%
[2026-06-20 08:14:52,657][src.modRNN.training.training_loop][INFO] - 	 Starting Epoch: 256
[2026-06-20 08:14:53,392][src.modRNN.training.training_loop][INFO] - train epoch 256 loss 0.5551 accuracy 60.94%
[2026-06-20 08:14:53,394][src.modRNN.training.training_loop][INFO] - 	 Starting Epoch: 257
[2026-06-20 08:14:54,127][src.modRNN.training.training_loop][INFO] - train epoch 257 loss 0.4970 accuracy 68.75%
[2026-06-20 08:14:54,129][src.modRNN.training.training_loop][INFO] - 	 Starting Epoch: 258
[2026-06-20 08:14:54,863][src.modRNN.training.training_loop][INFO] - train epoch 258 loss 0.5090 accuracy 75.00%
[2026-06-20 08:14:54,865][src.modRNN.training.training_loop][INFO] - 	 Starting Epoch: 259
[2026-06-20 08:14:55,598][src.modRNN.training.training_loop][INFO] - train epoch 259 loss 0.4278 accuracy 81.25%
[2026-06-20 08:14:55,600][src.modRNN.training.training_loop][INFO] - 	 Starting Epoch: 260
[2026-06-20 08:14:56,333][src.modRNN.training.training_loop][INFO] - train epoch 260 loss 0.4774 accuracy 82.81%
[2026-06-20 08:14:56,335][src.modRNN.training.training_loop][INFO] - 	 Starting Epoch: 261
[2026-06-20 08:14:57,069][src.modRNN.training.training_loop][INFO] - train epoch 261 loss 0.4860 accuracy 71.88%
[2026-06-20 08:14:57,070][src.modRNN.training.training_loop][INFO] - 	 Starting Epoch: 262
[2026-06-20 08:14:57,806][src.modRNN.training.training_loop][INFO] - train epoch 262 loss 0.3992 accuracy 84.38%
[2026-06-20 08:14:57,807][src.modRNN.training.training_loop][INFO] - 	 Starting Epoch: 263
[2026-06-20 08:14:58,541][src.modRNN.training.training_loop][INFO] - train epoch 263 loss 0.5230 accuracy 68.75%
[2026-06-20 08:14:58,543][src.modRNN.training.training_loop][INFO] - 	 Starting Epoch: 264
[2026-06-20 08:14:59,277][src.modRNN.training.training_loop][INFO] - train epoch 264 loss 0.5079 accuracy 71.88%
[2026-06-20 08:14:59,279][src.modRNN.training.training_loop][INFO] - 	 Starting Epoch: 265
[2026-06-20 08:15:00,012][src.modRNN.training.training_loop][INFO] - train epoch 265 loss 0.4786 accuracy 75.00%
[2026-06-20 08:15:00,014][src.modRNN.training.training_loop][INFO] - 	 Starting Epoch: 266
[2026-06-20 08:15:00,748][src.modRNN.training.training_loop][INFO] - train epoch 266 loss 0.4660 accuracy 75.00%
[2026-06-20 08:15:00,750][src.modRNN.training.training_loop][INFO] - 	 Starting Epoch: 267
[2026-06-20 08:15:01,487][src.modRNN.training.training_loop][INFO] - train epoch 267 loss 0.4495 accuracy 78.12%
[2026-06-20 08:15:01,489][src.modRNN.training.training_loop][INFO] - 	 Starting Epoch: 268
[2026-06-20 08:15:02,231][src.modRNN.training.training_loop][INFO] - train epoch 268 loss 0.4647 accuracy 79.69%
[2026-06-20 08:15:02,233][src.modRNN.training.training_loop][INFO] - 	 Starting Epoch: 269
[2026-06-20 08:15:02,972][src.modRNN.training.training_loop][INFO] - train epoch 269 loss 0.5568 accuracy 62.50%
[2026-06-20 08:15:02,974][src.modRNN.training.training_loop][INFO] - 	 Starting Epoch: 270
[2026-06-20 08:15:03,712][src.modRNN.training.training_loop][INFO] - train epoch 270 loss 0.4466 accuracy 73.44%
[2026-06-20 08:15:03,714][src.modRNN.training.training_loop][INFO] - 	 Starting Epoch: 271
[2026-06-20 08:15:04,451][src.modRNN.training.training_loop][INFO] - train epoch 271 loss 0.4729 accuracy 73.44%
[2026-06-20 08:15:04,453][src.modRNN.training.training_loop][INFO] - 	 Starting Epoch: 272
[2026-06-20 08:15:05,194][src.modRNN.training.training_loop][INFO] - train epoch 272 loss 0.5263 accuracy 67.19%
[2026-06-20 08:15:05,197][src.modRNN.training.training_loop][INFO] - 	 Starting Epoch: 273
[2026-06-20 08:15:05,937][src.modRNN.training.training_loop][INFO] - train epoch 273 loss 0.4752 accuracy 73.44%
[2026-06-20 08:15:05,939][src.modRNN.training.training_loop][INFO] - 	 Starting Epoch: 274
[2026-06-20 08:15:06,677][src.modRNN.training.training_loop][INFO] - train epoch 274 loss 0.4863 accuracy 78.12%
[2026-06-20 08:15:06,679][src.modRNN.training.training_loop][INFO] - 	 Starting Epoch: 275
[2026-06-20 08:15:07,415][src.modRNN.training.training_loop][INFO] - train epoch 275 loss 0.5315 accuracy 70.31%
[2026-06-20 08:15:07,417][src.modRNN.training.training_loop][INFO] - 	 Starting Epoch: 276
[2026-06-20 08:15:08,154][src.modRNN.training.training_loop][INFO] - train epoch 276 loss 0.5777 accuracy 64.06%
[2026-06-20 08:15:09,352][src.modRNN.training.training_loop][INFO] - eval  epoch 276 loss 0.5322 accuracy 71.68%
[2026-06-20 08:15:09,354][src.modRNN.training.training_loop][INFO] - 	 Starting Epoch: 277
[2026-06-20 08:15:10,091][src.modRNN.training.training_loop][INFO] - train epoch 277 loss 0.5984 accuracy 65.62%
[2026-06-20 08:15:10,093][src.modRNN.training.training_loop][INFO] - 	 Starting Epoch: 278
[2026-06-20 08:15:10,832][src.modRNN.training.training_loop][INFO] - train epoch 278 loss 0.4827 accuracy 75.00%
[2026-06-20 08:15:10,834][src.modRNN.training.training_loop][INFO] - 	 Starting Epoch: 279
[2026-06-20 08:15:11,572][src.modRNN.training.training_loop][INFO] - train epoch 279 loss 0.5755 accuracy 70.31%
[2026-06-20 08:15:11,574][src.modRNN.training.training_loop][INFO] - 	 Starting Epoch: 280
[2026-06-20 08:15:12,312][src.modRNN.training.training_loop][INFO] - train epoch 280 loss 0.5685 accuracy 64.06%
[2026-06-20 08:15:12,314][src.modRNN.training.training_loop][INFO] - 	 Starting Epoch: 281
[2026-06-20 08:15:13,053][src.modRNN.training.training_loop][INFO] - train epoch 281 loss 0.6034 accuracy 68.75%
[2026-06-20 08:15:13,055][src.modRNN.training.training_loop][INFO] - 	 Starting Epoch: 282
[2026-06-20 08:15:13,795][src.modRNN.training.training_loop][INFO] - train epoch 282 loss 0.4793 accuracy 79.69%
[2026-06-20 08:15:13,797][src.modRNN.training.training_loop][INFO] - 	 Starting Epoch: 283
[2026-06-20 08:15:14,539][src.modRNN.training.training_loop][INFO] - train epoch 283 loss 0.5062 accuracy 76.56%
[2026-06-20 08:15:14,541][src.modRNN.training.training_loop][INFO] - 	 Starting Epoch: 284
[2026-06-20 08:15:15,281][src.modRNN.training.training_loop][INFO] - train epoch 284 loss 0.5307 accuracy 73.44%
[2026-06-20 08:15:15,283][src.modRNN.training.training_loop][INFO] - 	 Starting Epoch: 285
[2026-06-20 08:15:16,021][src.modRNN.training.training_loop][INFO] - train epoch 285 loss 0.5257 accuracy 64.06%
[2026-06-20 08:15:16,023][src.modRNN.training.training_loop][INFO] - 	 Starting Epoch: 286
[2026-06-20 08:15:16,761][src.modRNN.training.training_loop][INFO] - train epoch 286 loss 0.5562 accuracy 65.62%
[2026-06-20 08:15:16,763][src.modRNN.training.training_loop][INFO] - 	 Starting Epoch: 287
[2026-06-20 08:15:17,501][src.modRNN.training.training_loop][INFO] - train epoch 287 loss 0.4686 accuracy 71.88%
[2026-06-20 08:15:17,503][src.modRNN.training.training_loop][INFO] - 	 Starting Epoch: 288
[2026-06-20 08:15:18,241][src.modRNN.training.training_loop][INFO] - train epoch 288 loss 0.5317 accuracy 71.88%
[2026-06-20 08:15:18,243][src.modRNN.training.training_loop][INFO] - 	 Starting Epoch: 289
[2026-06-20 08:15:18,982][src.modRNN.training.training_loop][INFO] - train epoch 289 loss 0.5233 accuracy 65.62%
[2026-06-20 08:15:18,984][src.modRNN.training.training_loop][INFO] - 	 Starting Epoch: 290
[2026-06-20 08:15:19,722][src.modRNN.training.training_loop][INFO] - train epoch 290 loss 0.5577 accuracy 64.06%
[2026-06-20 08:15:19,724][src.modRNN.training.training_loop][INFO] - 	 Starting Epoch: 291
[2026-06-20 08:15:20,463][src.modRNN.training.training_loop][INFO] - train epoch 291 loss 0.4869 accuracy 76.56%
[2026-06-20 08:15:20,465][src.modRNN.training.training_loop][INFO] - 	 Starting Epoch: 292
[2026-06-20 08:15:21,204][src.modRNN.training.training_loop][INFO] - train epoch 292 loss 0.4785 accuracy 70.31%
[2026-06-20 08:15:21,206][src.modRNN.training.training_loop][INFO] - 	 Starting Epoch: 293
[2026-06-20 08:15:21,945][src.modRNN.training.training_loop][INFO] - train epoch 293 loss 0.4743 accuracy 76.56%
[2026-06-20 08:15:21,947][src.modRNN.training.training_loop][INFO] - 	 Starting Epoch: 294
[2026-06-20 08:15:22,686][src.modRNN.training.training_loop][INFO] - train epoch 294 loss 0.4844 accuracy 79.69%
[2026-06-20 08:15:22,688][src.modRNN.training.training_loop][INFO] - 	 Starting Epoch: 295
[2026-06-20 08:15:23,428][src.modRNN.training.training_loop][INFO] - train epoch 295 loss 0.4772 accuracy 76.56%
[2026-06-20 08:15:23,430][src.modRNN.training.training_loop][INFO] - 	 Starting Epoch: 296
[2026-06-20 08:15:24,169][src.modRNN.training.training_loop][INFO] - train epoch 296 loss 0.5290 accuracy 78.12%
[2026-06-20 08:15:24,171][src.modRNN.training.training_loop][INFO] - 	 Starting Epoch: 297
[2026-06-20 08:15:24,912][src.modRNN.training.training_loop][INFO] - train epoch 297 loss 0.4552 accuracy 76.56%
[2026-06-20 08:15:24,913][src.modRNN.training.training_loop][INFO] - 	 Starting Epoch: 298
[2026-06-20 08:15:25,654][src.modRNN.training.training_loop][INFO] - train epoch 298 loss 0.4229 accuracy 81.25%
[2026-06-20 08:15:25,656][src.modRNN.training.training_loop][INFO] - 	 Starting Epoch: 299
[2026-06-20 08:15:26,397][src.modRNN.training.training_loop][INFO] - train epoch 299 loss 0.4408 accuracy 78.12%
[2026-06-20 08:15:26,399][src.modRNN.training.training_loop][INFO] - 	 Starting Epoch: 300
[2026-06-20 08:15:27,138][src.modRNN.training.training_loop][INFO] - train epoch 300 loss 0.4226 accuracy 84.38%
[2026-06-20 08:15:27,140][src.modRNN.training.training_loop][INFO] - 	 Starting Epoch: 301
[2026-06-20 08:15:27,880][src.modRNN.training.training_loop][INFO] - train epoch 301 loss 0.4197 accuracy 89.06%
[2026-06-20 08:15:29,080][src.modRNN.training.training_loop][INFO] - eval  epoch 301 loss 0.4276 accuracy 85.55%
[2026-06-20 08:15:29,082][src.modRNN.training.training_loop][INFO] - 	 Starting Epoch: 302
[2026-06-20 08:15:29,819][src.modRNN.training.training_loop][INFO] - train epoch 302 loss 0.4451 accuracy 90.62%
[2026-06-20 08:15:29,820][src.modRNN.training.training_loop][INFO] - 	 Starting Epoch: 303
[2026-06-20 08:15:30,558][src.modRNN.training.training_loop][INFO] - train epoch 303 loss 0.4261 accuracy 87.50%
[2026-06-20 08:15:30,560][src.modRNN.training.training_loop][INFO] - 	 Starting Epoch: 304
[2026-06-20 08:15:31,297][src.modRNN.training.training_loop][INFO] - train epoch 304 loss 0.4027 accuracy 89.06%
[2026-06-20 08:15:31,299][src.modRNN.training.training_loop][INFO] - 	 Starting Epoch: 305
[2026-06-20 08:15:32,032][src.modRNN.training.training_loop][INFO] - train epoch 305 loss 0.4071 accuracy 81.25%
[2026-06-20 08:15:32,034][src.modRNN.training.training_loop][INFO] - 	 Starting Epoch: 306
[2026-06-20 08:15:32,769][src.modRNN.training.training_loop][INFO] - train epoch 306 loss 0.3781 accuracy 85.94%
[2026-06-20 08:15:32,771][src.modRNN.training.training_loop][INFO] - 	 Starting Epoch: 307
[2026-06-20 08:15:33,504][src.modRNN.training.training_loop][INFO] - train epoch 307 loss 0.4463 accuracy 85.94%
[2026-06-20 08:15:33,505][src.modRNN.training.training_loop][INFO] - 	 Starting Epoch: 308
[2026-06-20 08:15:34,238][src.modRNN.training.training_loop][INFO] - train epoch 308 loss 0.4695 accuracy 87.50%
[2026-06-20 08:15:34,240][src.modRNN.training.training_loop][INFO] - 	 Starting Epoch: 309
[2026-06-20 08:15:34,973][src.modRNN.training.training_loop][INFO] - train epoch 309 loss 0.4641 accuracy 81.25%
[2026-06-20 08:15:34,975][src.modRNN.training.training_loop][INFO] - 	 Starting Epoch: 310
[2026-06-20 08:15:35,708][src.modRNN.training.training_loop][INFO] - train epoch 310 loss 0.3950 accuracy 85.94%
[2026-06-20 08:15:35,710][src.modRNN.training.training_loop][INFO] - 	 Starting Epoch: 311
[2026-06-20 08:15:36,443][src.modRNN.training.training_loop][INFO] - train epoch 311 loss 0.4262 accuracy 90.62%
[2026-06-20 08:15:36,444][src.modRNN.training.training_loop][INFO] - 	 Starting Epoch: 312
[2026-06-20 08:15:37,183][src.modRNN.training.training_loop][INFO] - train epoch 312 loss 0.4976 accuracy 85.94%
[2026-06-20 08:15:37,185][src.modRNN.training.training_loop][INFO] - 	 Starting Epoch: 313
[2026-06-20 08:15:37,922][src.modRNN.training.training_loop][INFO] - train epoch 313 loss 0.3985 accuracy 89.06%
[2026-06-20 08:15:37,923][src.modRNN.training.training_loop][INFO] - 	 Starting Epoch: 314
[2026-06-20 08:15:38,659][src.modRNN.training.training_loop][INFO] - train epoch 314 loss 0.3977 accuracy 90.62%
[2026-06-20 08:15:38,661][src.modRNN.training.training_loop][INFO] - 	 Starting Epoch: 315
[2026-06-20 08:15:39,398][src.modRNN.training.training_loop][INFO] - train epoch 315 loss 0.3881 accuracy 95.31%
[2026-06-20 08:15:39,400][src.modRNN.training.training_loop][INFO] - 	 Starting Epoch: 316
[2026-06-20 08:15:40,134][src.modRNN.training.training_loop][INFO] - train epoch 316 loss 0.4464 accuracy 89.06%
[2026-06-20 08:15:40,136][src.modRNN.training.training_loop][INFO] - 	 Starting Epoch: 317
[2026-06-20 08:15:40,870][src.modRNN.training.training_loop][INFO] - train epoch 317 loss 0.4391 accuracy 89.06%
[2026-06-20 08:15:40,871][src.modRNN.training.training_loop][INFO] - 	 Starting Epoch: 318
[2026-06-20 08:15:41,605][src.modRNN.training.training_loop][INFO] - train epoch 318 loss 0.4326 accuracy 89.06%
[2026-06-20 08:15:41,606][src.modRNN.training.training_loop][INFO] - 	 Starting Epoch: 319
[2026-06-20 08:15:42,340][src.modRNN.training.training_loop][INFO] - train epoch 319 loss 0.3627 accuracy 93.75%
[2026-06-20 08:15:42,342][src.modRNN.training.training_loop][INFO] - 	 Starting Epoch: 320
[2026-06-20 08:15:43,075][src.modRNN.training.training_loop][INFO] - train epoch 320 loss 0.3885 accuracy 98.44%
[2026-06-20 08:15:43,077][src.modRNN.training.training_loop][INFO] - 	 Starting Epoch: 321
[2026-06-20 08:15:43,811][src.modRNN.training.training_loop][INFO] - train epoch 321 loss 0.4339 accuracy 92.19%
[2026-06-20 08:15:43,812][src.modRNN.training.training_loop][INFO] - 	 Starting Epoch: 322
[2026-06-20 08:15:44,547][src.modRNN.training.training_loop][INFO] - train epoch 322 loss 0.4282 accuracy 93.75%
[2026-06-20 08:15:44,548][src.modRNN.training.training_loop][INFO] - 	 Starting Epoch: 323
[2026-06-20 08:15:45,282][src.modRNN.training.training_loop][INFO] - train epoch 323 loss 0.4254 accuracy 95.31%
[2026-06-20 08:15:45,284][src.modRNN.training.training_loop][INFO] - 	 Starting Epoch: 324
[2026-06-20 08:15:46,019][src.modRNN.training.training_loop][INFO] - train epoch 324 loss 0.4252 accuracy 92.19%
[2026-06-20 08:15:46,020][src.modRNN.training.training_loop][INFO] - 	 Starting Epoch: 325
[2026-06-20 08:15:46,756][src.modRNN.training.training_loop][INFO] - train epoch 325 loss 0.3699 accuracy 95.31%
[2026-06-20 08:15:46,758][src.modRNN.training.training_loop][INFO] - 	 Starting Epoch: 326
[2026-06-20 08:15:47,492][src.modRNN.training.training_loop][INFO] - train epoch 326 loss 0.3936 accuracy 98.44%
[2026-06-20 08:15:48,689][src.modRNN.training.training_loop][INFO] - eval  epoch 326 loss 0.4150 accuracy 95.31%
[2026-06-20 08:15:48,691][src.modRNN.training.training_loop][INFO] - 	 Starting Epoch: 327
[2026-06-20 08:15:49,424][src.modRNN.training.training_loop][INFO] - train epoch 327 loss 0.3802 accuracy 95.31%
[2026-06-20 08:15:49,426][src.modRNN.training.training_loop][INFO] - 	 Starting Epoch: 328
[2026-06-20 08:15:50,161][src.modRNN.training.training_loop][INFO] - train epoch 328 loss 0.4043 accuracy 93.75%
[2026-06-20 08:15:50,163][src.modRNN.training.training_loop][INFO] - 	 Starting Epoch: 329
[2026-06-20 08:15:50,899][src.modRNN.training.training_loop][INFO] - train epoch 329 loss 0.4280 accuracy 90.62%
[2026-06-20 08:15:50,900][src.modRNN.training.training_loop][INFO] - 	 Starting Epoch: 330
[2026-06-20 08:15:51,635][src.modRNN.training.training_loop][INFO] - train epoch 330 loss 0.3618 accuracy 98.44%
[2026-06-20 08:15:51,637][src.modRNN.training.training_loop][INFO] - 	 Starting Epoch: 331
[2026-06-20 08:15:52,372][src.modRNN.training.training_loop][INFO] - train epoch 331 loss 0.3800 accuracy 95.31%
[2026-06-20 08:15:52,374][src.modRNN.training.training_loop][INFO] - 	 Starting Epoch: 332
[2026-06-20 08:15:53,110][src.modRNN.training.training_loop][INFO] - train epoch 332 loss 0.4167 accuracy 98.44%
[2026-06-20 08:15:53,112][src.modRNN.training.training_loop][INFO] - 	 Starting Epoch: 333
[2026-06-20 08:15:53,847][src.modRNN.training.training_loop][INFO] - train epoch 333 loss 0.4463 accuracy 90.62%
[2026-06-20 08:15:53,849][src.modRNN.training.training_loop][INFO] - 	 Starting Epoch: 334
[2026-06-20 08:15:54,583][src.modRNN.training.training_loop][INFO] - train epoch 334 loss 0.4635 accuracy 90.62%
[2026-06-20 08:15:54,585][src.modRNN.training.training_loop][INFO] - 	 Starting Epoch: 335
[2026-06-20 08:15:55,321][src.modRNN.training.training_loop][INFO] - train epoch 335 loss 0.3747 accuracy 98.44%
[2026-06-20 08:15:55,323][src.modRNN.training.training_loop][INFO] - 	 Starting Epoch: 336
[2026-06-20 08:15:56,057][src.modRNN.training.training_loop][INFO] - train epoch 336 loss 0.4643 accuracy 93.75%
[2026-06-20 08:15:56,059][src.modRNN.training.training_loop][INFO] - 	 Starting Epoch: 337
[2026-06-20 08:15:56,794][src.modRNN.training.training_loop][INFO] - train epoch 337 loss 0.5137 accuracy 92.19%
[2026-06-20 08:15:56,796][src.modRNN.training.training_loop][INFO] - 	 Starting Epoch: 338
[2026-06-20 08:15:57,532][src.modRNN.training.training_loop][INFO] - train epoch 338 loss 0.4357 accuracy 93.75%
[2026-06-20 08:15:57,534][src.modRNN.training.training_loop][INFO] - 	 Starting Epoch: 339
[2026-06-20 08:15:58,270][src.modRNN.training.training_loop][INFO] - train epoch 339 loss 0.4623 accuracy 92.19%
[2026-06-20 08:15:58,272][src.modRNN.training.training_loop][INFO] - 	 Starting Epoch: 340
[2026-06-20 08:15:59,005][src.modRNN.training.training_loop][INFO] - train epoch 340 loss 0.4366 accuracy 92.19%
[2026-06-20 08:15:59,007][src.modRNN.training.training_loop][INFO] - 	 Starting Epoch: 341
[2026-06-20 08:15:59,741][src.modRNN.training.training_loop][INFO] - train epoch 341 loss 0.4227 accuracy 93.75%
[2026-06-20 08:15:59,743][src.modRNN.training.training_loop][INFO] - 	 Starting Epoch: 342
[2026-06-20 08:16:00,478][src.modRNN.training.training_loop][INFO] - train epoch 342 loss 0.5211 accuracy 89.06%
[2026-06-20 08:16:00,480][src.modRNN.training.training_loop][INFO] - 	 Starting Epoch: 343
[2026-06-20 08:16:01,215][src.modRNN.training.training_loop][INFO] - train epoch 343 loss 0.5904 accuracy 84.38%
[2026-06-20 08:16:01,217][src.modRNN.training.training_loop][INFO] - 	 Starting Epoch: 344
[2026-06-20 08:16:01,963][src.modRNN.training.training_loop][INFO] - train epoch 344 loss 0.4547 accuracy 92.19%
[2026-06-20 08:16:01,964][src.modRNN.training.training_loop][INFO] - 	 Starting Epoch: 345
[2026-06-20 08:16:02,702][src.modRNN.training.training_loop][INFO] - train epoch 345 loss 0.4666 accuracy 95.31%
[2026-06-20 08:16:02,704][src.modRNN.training.training_loop][INFO] - 	 Starting Epoch: 346
[2026-06-20 08:16:03,443][src.modRNN.training.training_loop][INFO] - train epoch 346 loss 0.4625 accuracy 92.19%
[2026-06-20 08:16:03,445][src.modRNN.training.training_loop][INFO] - 	 Starting Epoch: 347
[2026-06-20 08:16:04,183][src.modRNN.training.training_loop][INFO] - train epoch 347 loss 0.3587 accuracy 96.88%
[2026-06-20 08:16:04,185][src.modRNN.training.training_loop][INFO] - 	 Starting Epoch: 348
[2026-06-20 08:16:04,925][src.modRNN.training.training_loop][INFO] - train epoch 348 loss 0.3812 accuracy 95.31%
[2026-06-20 08:16:04,927][src.modRNN.training.training_loop][INFO] - 	 Starting Epoch: 349
[2026-06-20 08:16:05,665][src.modRNN.training.training_loop][INFO] - train epoch 349 loss 0.3926 accuracy 93.75%
[2026-06-20 08:16:05,667][src.modRNN.training.training_loop][INFO] - 	 Starting Epoch: 350
[2026-06-20 08:16:06,406][src.modRNN.training.training_loop][INFO] - train epoch 350 loss 0.4070 accuracy 89.06%
[2026-06-20 08:16:06,408][src.modRNN.training.training_loop][INFO] - 	 Starting Epoch: 351
[2026-06-20 08:16:07,148][src.modRNN.training.training_loop][INFO] - train epoch 351 loss 0.3988 accuracy 93.75%
[2026-06-20 08:16:08,348][src.modRNN.training.training_loop][INFO] - eval  epoch 351 loss 0.4159 accuracy 90.43%
[2026-06-20 08:16:08,349][src.modRNN.training.training_loop][INFO] - 	 Starting Epoch: 352
[2026-06-20 08:16:09,088][src.modRNN.training.training_loop][INFO] - train epoch 352 loss 0.4045 accuracy 90.62%
[2026-06-20 08:16:09,090][src.modRNN.training.training_loop][INFO] - 	 Starting Epoch: 353
[2026-06-20 08:16:09,830][src.modRNN.training.training_loop][INFO] - train epoch 353 loss 0.3776 accuracy 90.62%
[2026-06-20 08:16:09,831][src.modRNN.training.training_loop][INFO] - 	 Starting Epoch: 354
[2026-06-20 08:16:10,571][src.modRNN.training.training_loop][INFO] - train epoch 354 loss 0.4344 accuracy 95.31%
[2026-06-20 08:16:10,572][src.modRNN.training.training_loop][INFO] - 	 Starting Epoch: 355
[2026-06-20 08:16:11,313][src.modRNN.training.training_loop][INFO] - train epoch 355 loss 0.3453 accuracy 92.19%
[2026-06-20 08:16:11,315][src.modRNN.training.training_loop][INFO] - 	 Starting Epoch: 356
[2026-06-20 08:16:12,053][src.modRNN.training.training_loop][INFO] - train epoch 356 loss 0.4334 accuracy 85.94%
[2026-06-20 08:16:12,055][src.modRNN.training.training_loop][INFO] - 	 Starting Epoch: 357
[2026-06-20 08:16:12,794][src.modRNN.training.training_loop][INFO] - train epoch 357 loss 0.3972 accuracy 85.94%
[2026-06-20 08:16:12,796][src.modRNN.training.training_loop][INFO] - 	 Starting Epoch: 358
[2026-06-20 08:16:13,533][src.modRNN.training.training_loop][INFO] - train epoch 358 loss 0.3893 accuracy 89.06%
[2026-06-20 08:16:13,535][src.modRNN.training.training_loop][INFO] - 	 Starting Epoch: 359
[2026-06-20 08:16:14,274][src.modRNN.training.training_loop][INFO] - train epoch 359 loss 0.4276 accuracy 90.62%
[2026-06-20 08:16:14,276][src.modRNN.training.training_loop][INFO] - 	 Starting Epoch: 360
[2026-06-20 08:16:15,014][src.modRNN.training.training_loop][INFO] - train epoch 360 loss 0.4111 accuracy 87.50%
[2026-06-20 08:16:15,016][src.modRNN.training.training_loop][INFO] - 	 Starting Epoch: 361
[2026-06-20 08:16:15,754][src.modRNN.training.training_loop][INFO] - train epoch 361 loss 0.3863 accuracy 90.62%
[2026-06-20 08:16:15,756][src.modRNN.training.training_loop][INFO] - 	 Starting Epoch: 362
[2026-06-20 08:16:16,493][src.modRNN.training.training_loop][INFO] - train epoch 362 loss 0.4295 accuracy 90.62%
[2026-06-20 08:16:16,494][src.modRNN.training.training_loop][INFO] - 	 Starting Epoch: 363
[2026-06-20 08:16:17,232][src.modRNN.training.training_loop][INFO] - train epoch 363 loss 0.3719 accuracy 90.62%
[2026-06-20 08:16:17,234][src.modRNN.training.training_loop][INFO] - 	 Starting Epoch: 364
[2026-06-20 08:16:17,972][src.modRNN.training.training_loop][INFO] - train epoch 364 loss 0.4048 accuracy 92.19%
[2026-06-20 08:16:17,974][src.modRNN.training.training_loop][INFO] - 	 Starting Epoch: 365
[2026-06-20 08:16:18,711][src.modRNN.training.training_loop][INFO] - train epoch 365 loss 0.3994 accuracy 92.19%
[2026-06-20 08:16:18,713][src.modRNN.training.training_loop][INFO] - 	 Starting Epoch: 366
[2026-06-20 08:16:19,451][src.modRNN.training.training_loop][INFO] - train epoch 366 loss 0.4005 accuracy 89.06%
[2026-06-20 08:16:19,453][src.modRNN.training.training_loop][INFO] - 	 Starting Epoch: 367
[2026-06-20 08:16:20,193][src.modRNN.training.training_loop][INFO] - train epoch 367 loss 0.4333 accuracy 95.31%
[2026-06-20 08:16:20,195][src.modRNN.training.training_loop][INFO] - 	 Starting Epoch: 368
[2026-06-20 08:16:20,934][src.modRNN.training.training_loop][INFO] - train epoch 368 loss 0.4093 accuracy 90.62%
[2026-06-20 08:16:20,936][src.modRNN.training.training_loop][INFO] - 	 Starting Epoch: 369
[2026-06-20 08:16:21,674][src.modRNN.training.training_loop][INFO] - train epoch 369 loss 0.3643 accuracy 98.44%
[2026-06-20 08:16:21,675][src.modRNN.training.training_loop][INFO] - 	 Starting Epoch: 370
[2026-06-20 08:16:22,413][src.modRNN.training.training_loop][INFO] - train epoch 370 loss 0.3738 accuracy 95.31%
[2026-06-20 08:16:22,415][src.modRNN.training.training_loop][INFO] - 	 Starting Epoch: 371
[2026-06-20 08:16:23,152][src.modRNN.training.training_loop][INFO] - train epoch 371 loss 0.3671 accuracy 98.44%
[2026-06-20 08:16:23,154][src.modRNN.training.training_loop][INFO] - 	 Starting Epoch: 372
[2026-06-20 08:16:23,891][src.modRNN.training.training_loop][INFO] - train epoch 372 loss 0.4384 accuracy 89.06%
[2026-06-20 08:16:23,893][src.modRNN.training.training_loop][INFO] - 	 Starting Epoch: 373
[2026-06-20 08:16:24,631][src.modRNN.training.training_loop][INFO] - train epoch 373 loss 0.3847 accuracy 92.19%
[2026-06-20 08:16:24,632][src.modRNN.training.training_loop][INFO] - 	 Starting Epoch: 374
[2026-06-20 08:16:25,369][src.modRNN.training.training_loop][INFO] - train epoch 374 loss 0.4145 accuracy 93.75%
[2026-06-20 08:16:25,371][src.modRNN.training.training_loop][INFO] - 	 Starting Epoch: 375
[2026-06-20 08:16:26,111][src.modRNN.training.training_loop][INFO] - train epoch 375 loss 0.3608 accuracy 90.62%
[2026-06-20 08:16:26,113][src.modRNN.training.training_loop][INFO] - 	 Starting Epoch: 376
[2026-06-20 08:16:26,851][src.modRNN.training.training_loop][INFO] - train epoch 376 loss 0.3990 accuracy 95.31%
[2026-06-20 08:16:28,046][src.modRNN.training.training_loop][INFO] - eval  epoch 376 loss 0.3785 accuracy 90.04%
[2026-06-20 08:16:28,048][src.modRNN.training.training_loop][INFO] - 	 Starting Epoch: 377
[2026-06-20 08:16:28,788][src.modRNN.training.training_loop][INFO] - train epoch 377 loss 0.4127 accuracy 92.19%
[2026-06-20 08:16:28,790][src.modRNN.training.training_loop][INFO] - 	 Starting Epoch: 378
[2026-06-20 08:16:29,530][src.modRNN.training.training_loop][INFO] - train epoch 378 loss 0.3641 accuracy 95.31%
[2026-06-20 08:16:29,532][src.modRNN.training.training_loop][INFO] - 	 Starting Epoch: 379
[2026-06-20 08:16:30,270][src.modRNN.training.training_loop][INFO] - train epoch 379 loss 0.3898 accuracy 89.06%
[2026-06-20 08:16:30,272][src.modRNN.training.training_loop][INFO] - 	 Starting Epoch: 380
[2026-06-20 08:16:31,012][src.modRNN.training.training_loop][INFO] - train epoch 380 loss 0.3722 accuracy 92.19%
[2026-06-20 08:16:31,014][src.modRNN.training.training_loop][INFO] - 	 Starting Epoch: 381
[2026-06-20 08:16:31,748][src.modRNN.training.training_loop][INFO] - train epoch 381 loss 0.3343 accuracy 92.19%
[2026-06-20 08:16:31,750][src.modRNN.training.training_loop][INFO] - 	 Starting Epoch: 382
[2026-06-20 08:16:32,485][src.modRNN.training.training_loop][INFO] - train epoch 382 loss 0.3899 accuracy 93.75%
[2026-06-20 08:16:32,487][src.modRNN.training.training_loop][INFO] - 	 Starting Epoch: 383
[2026-06-20 08:16:33,221][src.modRNN.training.training_loop][INFO] - train epoch 383 loss 0.3567 accuracy 96.88%
[2026-06-20 08:16:33,223][src.modRNN.training.training_loop][INFO] - 	 Starting Epoch: 384
[2026-06-20 08:16:33,960][src.modRNN.training.training_loop][INFO] - train epoch 384 loss 0.3460 accuracy 92.19%
[2026-06-20 08:16:33,962][src.modRNN.training.training_loop][INFO] - 	 Starting Epoch: 385
[2026-06-20 08:16:34,698][src.modRNN.training.training_loop][INFO] - train epoch 385 loss 0.3309 accuracy 93.75%
[2026-06-20 08:16:34,699][src.modRNN.training.training_loop][INFO] - 	 Starting Epoch: 386
[2026-06-20 08:16:35,435][src.modRNN.training.training_loop][INFO] - train epoch 386 loss 0.3735 accuracy 82.81%
[2026-06-20 08:16:35,436][src.modRNN.training.training_loop][INFO] - 	 Starting Epoch: 387
[2026-06-20 08:16:36,175][src.modRNN.training.training_loop][INFO] - train epoch 387 loss 0.3764 accuracy 92.19%
[2026-06-20 08:16:36,176][src.modRNN.training.training_loop][INFO] - 	 Starting Epoch: 388
[2026-06-20 08:16:36,911][src.modRNN.training.training_loop][INFO] - train epoch 388 loss 0.3915 accuracy 92.19%
[2026-06-20 08:16:36,912][src.modRNN.training.training_loop][INFO] - 	 Starting Epoch: 389
[2026-06-20 08:16:37,646][src.modRNN.training.training_loop][INFO] - train epoch 389 loss 0.4407 accuracy 89.06%
[2026-06-20 08:16:37,648][src.modRNN.training.training_loop][INFO] - 	 Starting Epoch: 390
[2026-06-20 08:16:38,381][src.modRNN.training.training_loop][INFO] - train epoch 390 loss 0.3573 accuracy 92.19%
[2026-06-20 08:16:38,383][src.modRNN.training.training_loop][INFO] - 	 Starting Epoch: 391
[2026-06-20 08:16:39,117][src.modRNN.training.training_loop][INFO] - train epoch 391 loss 0.4032 accuracy 89.06%
[2026-06-20 08:16:39,119][src.modRNN.training.training_loop][INFO] - 	 Starting Epoch: 392
[2026-06-20 08:16:39,855][src.modRNN.training.training_loop][INFO] - train epoch 392 loss 0.3741 accuracy 98.44%
[2026-06-20 08:16:39,856][src.modRNN.training.training_loop][INFO] - 	 Starting Epoch: 393
[2026-06-20 08:16:40,592][src.modRNN.training.training_loop][INFO] - train epoch 393 loss 0.3817 accuracy 92.19%
[2026-06-20 08:16:40,594][src.modRNN.training.training_loop][INFO] - 	 Starting Epoch: 394
[2026-06-20 08:16:41,328][src.modRNN.training.training_loop][INFO] - train epoch 394 loss 0.4183 accuracy 92.19%
[2026-06-20 08:16:41,330][src.modRNN.training.training_loop][INFO] - 	 Starting Epoch: 395
[2026-06-20 08:16:42,068][src.modRNN.training.training_loop][INFO] - train epoch 395 loss 0.3272 accuracy 98.44%
[2026-06-20 08:16:42,070][src.modRNN.training.training_loop][INFO] - 	 Starting Epoch: 396
[2026-06-20 08:16:42,804][src.modRNN.training.training_loop][INFO] - train epoch 396 loss 0.3556 accuracy 95.31%
[2026-06-20 08:16:42,806][src.modRNN.training.training_loop][INFO] - 	 Starting Epoch: 397
[2026-06-20 08:16:43,542][src.modRNN.training.training_loop][INFO] - train epoch 397 loss 0.3988 accuracy 93.75%
[2026-06-20 08:16:43,544][src.modRNN.training.training_loop][INFO] - 	 Starting Epoch: 398
[2026-06-20 08:16:44,286][src.modRNN.training.training_loop][INFO] - train epoch 398 loss 0.3666 accuracy 93.75%
[2026-06-20 08:16:44,288][src.modRNN.training.training_loop][INFO] - 	 Starting Epoch: 399
[2026-06-20 08:16:45,023][src.modRNN.training.training_loop][INFO] - train epoch 399 loss 0.3978 accuracy 93.75%
[2026-06-20 08:16:45,025][src.modRNN.training.training_loop][INFO] - 	 Starting Epoch: 400
[2026-06-20 08:16:45,758][src.modRNN.training.training_loop][INFO] - train epoch 400 loss 0.3212 accuracy 95.31%
[2026-06-20 08:16:45,760][src.modRNN.training.training_loop][INFO] - 	 Starting Epoch: 401
[2026-06-20 08:16:46,493][src.modRNN.training.training_loop][INFO] - train epoch 401 loss 0.4213 accuracy 84.38%
[2026-06-20 08:16:47,692][src.modRNN.training.training_loop][INFO] - eval  epoch 401 loss 0.3726 accuracy 92.38%
[2026-06-20 08:16:47,694][src.modRNN.training.training_loop][INFO] - 	 Starting Epoch: 402
[2026-06-20 08:16:48,425][src.modRNN.training.training_loop][INFO] - train epoch 402 loss 0.3562 accuracy 92.19%
[2026-06-20 08:16:48,427][src.modRNN.training.training_loop][INFO] - 	 Starting Epoch: 403
[2026-06-20 08:16:49,161][src.modRNN.training.training_loop][INFO] - train epoch 403 loss 0.3701 accuracy 90.62%
[2026-06-20 08:16:49,163][src.modRNN.training.training_loop][INFO] - 	 Starting Epoch: 404
[2026-06-20 08:16:49,897][src.modRNN.training.training_loop][INFO] - train epoch 404 loss 0.3341 accuracy 93.75%
[2026-06-20 08:16:49,899][src.modRNN.training.training_loop][INFO] - 	 Starting Epoch: 405
[2026-06-20 08:16:50,634][src.modRNN.training.training_loop][INFO] - train epoch 405 loss 0.4246 accuracy 89.06%
[2026-06-20 08:16:50,636][src.modRNN.training.training_loop][INFO] - 	 Starting Epoch: 406
[2026-06-20 08:16:51,369][src.modRNN.training.training_loop][INFO] - train epoch 406 loss 0.3819 accuracy 90.62%
[2026-06-20 08:16:51,371][src.modRNN.training.training_loop][INFO] - 	 Starting Epoch: 407
[2026-06-20 08:16:52,104][src.modRNN.training.training_loop][INFO] - train epoch 407 loss 0.4532 accuracy 92.19%
[2026-06-20 08:16:52,106][src.modRNN.training.training_loop][INFO] - 	 Starting Epoch: 408
[2026-06-20 08:16:52,840][src.modRNN.training.training_loop][INFO] - train epoch 408 loss 0.3881 accuracy 92.19%
[2026-06-20 08:16:52,842][src.modRNN.training.training_loop][INFO] - 	 Starting Epoch: 409
[2026-06-20 08:16:53,576][src.modRNN.training.training_loop][INFO] - train epoch 409 loss 0.3636 accuracy 95.31%
[2026-06-20 08:16:53,578][src.modRNN.training.training_loop][INFO] - 	 Starting Epoch: 410
[2026-06-20 08:16:54,314][src.modRNN.training.training_loop][INFO] - train epoch 410 loss 0.3587 accuracy 96.88%
[2026-06-20 08:16:54,316][src.modRNN.training.training_loop][INFO] - 	 Starting Epoch: 411
[2026-06-20 08:16:55,051][src.modRNN.training.training_loop][INFO] - train epoch 411 loss 0.4009 accuracy 95.31%
[2026-06-20 08:16:55,053][src.modRNN.training.training_loop][INFO] - 	 Starting Epoch: 412
[2026-06-20 08:16:55,788][src.modRNN.training.training_loop][INFO] - train epoch 412 loss 0.3689 accuracy 93.75%
[2026-06-20 08:16:55,790][src.modRNN.training.training_loop][INFO] - 	 Starting Epoch: 413
[2026-06-20 08:16:56,524][src.modRNN.training.training_loop][INFO] - train epoch 413 loss 0.3154 accuracy 93.75%
[2026-06-20 08:16:56,526][src.modRNN.training.training_loop][INFO] - 	 Starting Epoch: 414
[2026-06-20 08:16:57,261][src.modRNN.training.training_loop][INFO] - train epoch 414 loss 0.4294 accuracy 92.19%
[2026-06-20 08:16:57,262][src.modRNN.training.training_loop][INFO] - 	 Starting Epoch: 415
[2026-06-20 08:16:57,996][src.modRNN.training.training_loop][INFO] - train epoch 415 loss 0.3983 accuracy 92.19%
[2026-06-20 08:16:57,998][src.modRNN.training.training_loop][INFO] - 	 Starting Epoch: 416
[2026-06-20 08:16:58,733][src.modRNN.training.training_loop][INFO] - train epoch 416 loss 0.3934 accuracy 95.31%
[2026-06-20 08:16:58,735][src.modRNN.training.training_loop][INFO] - 	 Starting Epoch: 417
[2026-06-20 08:16:59,470][src.modRNN.training.training_loop][INFO] - train epoch 417 loss 0.3185 accuracy 93.75%
[2026-06-20 08:16:59,472][src.modRNN.training.training_loop][INFO] - 	 Starting Epoch: 418
[2026-06-20 08:17:00,207][src.modRNN.training.training_loop][INFO] - train epoch 418 loss 0.4748 accuracy 92.19%
[2026-06-20 08:17:00,208][src.modRNN.training.training_loop][INFO] - 	 Starting Epoch: 419
[2026-06-20 08:17:00,943][src.modRNN.training.training_loop][INFO] - train epoch 419 loss 0.4646 accuracy 90.62%
[2026-06-20 08:17:00,945][src.modRNN.training.training_loop][INFO] - 	 Starting Epoch: 420
[2026-06-20 08:17:01,685][src.modRNN.training.training_loop][INFO] - train epoch 420 loss 0.4434 accuracy 89.06%
[2026-06-20 08:17:01,686][src.modRNN.training.training_loop][INFO] - 	 Starting Epoch: 421
[2026-06-20 08:17:02,426][src.modRNN.training.training_loop][INFO] - train epoch 421 loss 0.4965 accuracy 93.75%
[2026-06-20 08:17:02,428][src.modRNN.training.training_loop][INFO] - 	 Starting Epoch: 422
[2026-06-20 08:17:03,167][src.modRNN.training.training_loop][INFO] - train epoch 422 loss 0.4309 accuracy 92.19%
[2026-06-20 08:17:03,169][src.modRNN.training.training_loop][INFO] - 	 Starting Epoch: 423
[2026-06-20 08:17:03,911][src.modRNN.training.training_loop][INFO] - train epoch 423 loss 0.4339 accuracy 92.19%
[2026-06-20 08:17:03,913][src.modRNN.training.training_loop][INFO] - 	 Starting Epoch: 424
[2026-06-20 08:17:04,652][src.modRNN.training.training_loop][INFO] - train epoch 424 loss 0.3529 accuracy 93.75%
[2026-06-20 08:17:04,654][src.modRNN.training.training_loop][INFO] - 	 Starting Epoch: 425
[2026-06-20 08:17:05,393][src.modRNN.training.training_loop][INFO] - train epoch 425 loss 0.4583 accuracy 96.88%
[2026-06-20 08:17:05,395][src.modRNN.training.training_loop][INFO] - 	 Starting Epoch: 426
[2026-06-20 08:17:06,132][src.modRNN.training.training_loop][INFO] - train epoch 426 loss 0.4892 accuracy 90.62%
[2026-06-20 08:17:07,329][src.modRNN.training.training_loop][INFO] - eval  epoch 426 loss 0.4432 accuracy 92.19%
[2026-06-20 08:17:07,330][src.modRNN.training.training_loop][INFO] - 	 Starting Epoch: 427
[2026-06-20 08:17:08,069][src.modRNN.training.training_loop][INFO] - train epoch 427 loss 0.5415 accuracy 82.81%
[2026-06-20 08:17:08,070][src.modRNN.training.training_loop][INFO] - 	 Starting Epoch: 428
[2026-06-20 08:17:08,809][src.modRNN.training.training_loop][INFO] - train epoch 428 loss 0.3903 accuracy 95.31%
[2026-06-20 08:17:08,811][src.modRNN.training.training_loop][INFO] - 	 Starting Epoch: 429
[2026-06-20 08:17:09,549][src.modRNN.training.training_loop][INFO] - train epoch 429 loss 0.4314 accuracy 89.06%
[2026-06-20 08:17:09,551][src.modRNN.training.training_loop][INFO] - 	 Starting Epoch: 430
[2026-06-20 08:17:10,290][src.modRNN.training.training_loop][INFO] - train epoch 430 loss 0.3977 accuracy 95.31%
[2026-06-20 08:17:10,291][src.modRNN.training.training_loop][INFO] - 	 Starting Epoch: 431
[2026-06-20 08:17:11,029][src.modRNN.training.training_loop][INFO] - train epoch 431 loss 0.4791 accuracy 90.62%
[2026-06-20 08:17:11,031][src.modRNN.training.training_loop][INFO] - 	 Starting Epoch: 432
[2026-06-20 08:17:11,769][src.modRNN.training.training_loop][INFO] - train epoch 432 loss 0.4892 accuracy 85.94%
[2026-06-20 08:17:11,771][src.modRNN.training.training_loop][INFO] - 	 Starting Epoch: 433
[2026-06-20 08:17:12,508][src.modRNN.training.training_loop][INFO] - train epoch 433 loss 0.4257 accuracy 93.75%
[2026-06-20 08:17:12,510][src.modRNN.training.training_loop][INFO] - 	 Starting Epoch: 434
[2026-06-20 08:17:13,249][src.modRNN.training.training_loop][INFO] - train epoch 434 loss 0.3473 accuracy 95.31%
[2026-06-20 08:17:13,251][src.modRNN.training.training_loop][INFO] - 	 Starting Epoch: 435
[2026-06-20 08:17:13,989][src.modRNN.training.training_loop][INFO] - train epoch 435 loss 0.4092 accuracy 96.88%
[2026-06-20 08:17:13,991][src.modRNN.training.training_loop][INFO] - 	 Starting Epoch: 436
[2026-06-20 08:17:14,731][src.modRNN.training.training_loop][INFO] - train epoch 436 loss 0.3867 accuracy 90.62%
[2026-06-20 08:17:14,732][src.modRNN.training.training_loop][INFO] - 	 Starting Epoch: 437
[2026-06-20 08:17:15,472][src.modRNN.training.training_loop][INFO] - train epoch 437 loss 0.3025 accuracy 90.62%
[2026-06-20 08:17:15,474][src.modRNN.training.training_loop][INFO] - 	 Starting Epoch: 438
[2026-06-20 08:17:16,217][src.modRNN.training.training_loop][INFO] - train epoch 438 loss 0.3328 accuracy 87.50%
[2026-06-20 08:17:16,219][src.modRNN.training.training_loop][INFO] - 	 Starting Epoch: 439
[2026-06-20 08:17:16,959][src.modRNN.training.training_loop][INFO] - train epoch 439 loss 0.3321 accuracy 92.19%
[2026-06-20 08:17:16,961][src.modRNN.training.training_loop][INFO] - 	 Starting Epoch: 440
[2026-06-20 08:17:17,702][src.modRNN.training.training_loop][INFO] - train epoch 440 loss 0.3110 accuracy 90.62%
[2026-06-20 08:17:17,704][src.modRNN.training.training_loop][INFO] - 	 Starting Epoch: 441
[2026-06-20 08:17:18,443][src.modRNN.training.training_loop][INFO] - train epoch 441 loss 0.3553 accuracy 84.38%
[2026-06-20 08:17:18,445][src.modRNN.training.training_loop][INFO] - 	 Starting Epoch: 442
[2026-06-20 08:17:19,183][src.modRNN.training.training_loop][INFO] - train epoch 442 loss 0.3323 accuracy 90.62%
[2026-06-20 08:17:19,185][src.modRNN.training.training_loop][INFO] - 	 Starting Epoch: 443
[2026-06-20 08:17:19,926][src.modRNN.training.training_loop][INFO] - train epoch 443 loss 0.3372 accuracy 89.06%
[2026-06-20 08:17:19,927][src.modRNN.training.training_loop][INFO] - 	 Starting Epoch: 444
[2026-06-20 08:17:20,665][src.modRNN.training.training_loop][INFO] - train epoch 444 loss 0.3559 accuracy 82.81%
[2026-06-20 08:17:20,667][src.modRNN.training.training_loop][INFO] - 	 Starting Epoch: 445
[2026-06-20 08:17:21,406][src.modRNN.training.training_loop][INFO] - train epoch 445 loss 0.3336 accuracy 87.50%
[2026-06-20 08:17:21,408][src.modRNN.training.training_loop][INFO] - 	 Starting Epoch: 446
[2026-06-20 08:17:22,148][src.modRNN.training.training_loop][INFO] - train epoch 446 loss 0.3305 accuracy 90.62%
[2026-06-20 08:17:22,150][src.modRNN.training.training_loop][INFO] - 	 Starting Epoch: 447
[2026-06-20 08:17:22,890][src.modRNN.training.training_loop][INFO] - train epoch 447 loss 0.3873 accuracy 90.62%
[2026-06-20 08:17:22,892][src.modRNN.training.training_loop][INFO] - 	 Starting Epoch: 448
[2026-06-20 08:17:23,630][src.modRNN.training.training_loop][INFO] - train epoch 448 loss 0.3264 accuracy 93.75%
[2026-06-20 08:17:23,632][src.modRNN.training.training_loop][INFO] - 	 Starting Epoch: 449
[2026-06-20 08:17:24,371][src.modRNN.training.training_loop][INFO] - train epoch 449 loss 0.3108 accuracy 95.31%
[2026-06-20 08:17:24,372][src.modRNN.training.training_loop][INFO] - 	 Starting Epoch: 450
[2026-06-20 08:17:25,111][src.modRNN.training.training_loop][INFO] - train epoch 450 loss 0.3821 accuracy 93.75%
[2026-06-20 08:17:25,113][src.modRNN.training.training_loop][INFO] - 	 Starting Epoch: 451
[2026-06-20 08:17:25,852][src.modRNN.training.training_loop][INFO] - train epoch 451 loss 0.3990 accuracy 90.62%
[2026-06-20 08:17:27,050][src.modRNN.training.training_loop][INFO] - eval  epoch 451 loss 0.3398 accuracy 95.12%
[2026-06-20 08:17:27,051][src.modRNN.training.training_loop][INFO] - 	 Starting Epoch: 452
[2026-06-20 08:17:27,789][src.modRNN.training.training_loop][INFO] - train epoch 452 loss 0.3138 accuracy 96.88%
[2026-06-20 08:17:27,790][src.modRNN.training.training_loop][INFO] - 	 Starting Epoch: 453
[2026-06-20 08:17:28,528][src.modRNN.training.training_loop][INFO] - train epoch 453 loss 0.3936 accuracy 90.62%
[2026-06-20 08:17:28,530][src.modRNN.training.training_loop][INFO] - 	 Starting Epoch: 454
[2026-06-20 08:17:29,268][src.modRNN.training.training_loop][INFO] - train epoch 454 loss 0.3572 accuracy 93.75%
[2026-06-20 08:17:29,270][src.modRNN.training.training_loop][INFO] - 	 Starting Epoch: 455
[2026-06-20 08:17:30,008][src.modRNN.training.training_loop][INFO] - train epoch 455 loss 0.3449 accuracy 90.62%
[2026-06-20 08:17:30,010][src.modRNN.training.training_loop][INFO] - 	 Starting Epoch: 456
[2026-06-20 08:17:30,747][src.modRNN.training.training_loop][INFO] - train epoch 456 loss 0.3433 accuracy 95.31%
[2026-06-20 08:17:30,749][src.modRNN.training.training_loop][INFO] - 	 Starting Epoch: 457
[2026-06-20 08:17:31,485][src.modRNN.training.training_loop][INFO] - train epoch 457 loss 0.4007 accuracy 93.75%
[2026-06-20 08:17:31,487][src.modRNN.training.training_loop][INFO] - 	 Starting Epoch: 458
[2026-06-20 08:17:32,223][src.modRNN.training.training_loop][INFO] - train epoch 458 loss 0.2800 accuracy 95.31%
[2026-06-20 08:17:32,224][src.modRNN.training.training_loop][INFO] - 	 Starting Epoch: 459
[2026-06-20 08:17:32,957][src.modRNN.training.training_loop][INFO] - train epoch 459 loss 0.3557 accuracy 95.31%
[2026-06-20 08:17:32,958][src.modRNN.training.training_loop][INFO] - 	 Starting Epoch: 460
[2026-06-20 08:17:33,692][src.modRNN.training.training_loop][INFO] - train epoch 460 loss 0.3456 accuracy 96.88%
[2026-06-20 08:17:33,693][src.modRNN.training.training_loop][INFO] - 	 Starting Epoch: 461
[2026-06-20 08:17:34,428][src.modRNN.training.training_loop][INFO] - train epoch 461 loss 0.3617 accuracy 96.88%
[2026-06-20 08:17:34,429][src.modRNN.training.training_loop][INFO] - 	 Starting Epoch: 462
[2026-06-20 08:17:35,163][src.modRNN.training.training_loop][INFO] - train epoch 462 loss 0.3611 accuracy 98.44%
[2026-06-20 08:17:35,165][src.modRNN.training.training_loop][INFO] - 	 Starting Epoch: 463
[2026-06-20 08:17:35,898][src.modRNN.training.training_loop][INFO] - train epoch 463 loss 0.3732 accuracy 98.44%
[2026-06-20 08:17:35,900][src.modRNN.training.training_loop][INFO] - 	 Starting Epoch: 464
[2026-06-20 08:17:36,635][src.modRNN.training.training_loop][INFO] - train epoch 464 loss 0.3661 accuracy 98.44%
[2026-06-20 08:17:36,637][src.modRNN.training.training_loop][INFO] - 	 Starting Epoch: 465
[2026-06-20 08:17:37,371][src.modRNN.training.training_loop][INFO] - train epoch 465 loss 0.2746 accuracy 100.00%
[2026-06-20 08:17:37,373][src.modRNN.training.training_loop][INFO] - 	 Starting Epoch: 466
[2026-06-20 08:17:38,106][src.modRNN.training.training_loop][INFO] - train epoch 466 loss 0.3281 accuracy 93.75%
[2026-06-20 08:17:38,108][src.modRNN.training.training_loop][INFO] - 	 Starting Epoch: 467
[2026-06-20 08:17:38,842][src.modRNN.training.training_loop][INFO] - train epoch 467 loss 0.3167 accuracy 95.31%
[2026-06-20 08:17:38,844][src.modRNN.training.training_loop][INFO] - 	 Starting Epoch: 468
[2026-06-20 08:17:39,579][src.modRNN.training.training_loop][INFO] - train epoch 468 loss 0.3476 accuracy 92.19%
[2026-06-20 08:17:39,581][src.modRNN.training.training_loop][INFO] - 	 Starting Epoch: 469
[2026-06-20 08:17:40,316][src.modRNN.training.training_loop][INFO] - train epoch 469 loss 0.3452 accuracy 93.75%
[2026-06-20 08:17:40,318][src.modRNN.training.training_loop][INFO] - 	 Starting Epoch: 470
[2026-06-20 08:17:41,051][src.modRNN.training.training_loop][INFO] - train epoch 470 loss 0.3610 accuracy 96.88%
[2026-06-20 08:17:41,053][src.modRNN.training.training_loop][INFO] - 	 Starting Epoch: 471
[2026-06-20 08:17:41,787][src.modRNN.training.training_loop][INFO] - train epoch 471 loss 0.3190 accuracy 92.19%
[2026-06-20 08:17:41,789][src.modRNN.training.training_loop][INFO] - 	 Starting Epoch: 472
[2026-06-20 08:17:42,523][src.modRNN.training.training_loop][INFO] - train epoch 472 loss 0.3110 accuracy 95.31%
[2026-06-20 08:17:42,524][src.modRNN.training.training_loop][INFO] - 	 Starting Epoch: 473
[2026-06-20 08:17:43,258][src.modRNN.training.training_loop][INFO] - train epoch 473 loss 0.3309 accuracy 95.31%
[2026-06-20 08:17:43,260][src.modRNN.training.training_loop][INFO] - 	 Starting Epoch: 474
[2026-06-20 08:17:43,994][src.modRNN.training.training_loop][INFO] - train epoch 474 loss 0.3428 accuracy 92.19%
[2026-06-20 08:17:43,996][src.modRNN.training.training_loop][INFO] - 	 Starting Epoch: 475
[2026-06-20 08:17:44,729][src.modRNN.training.training_loop][INFO] - train epoch 475 loss 0.3142 accuracy 93.75%
[2026-06-20 08:17:44,731][src.modRNN.training.training_loop][INFO] - 	 Starting Epoch: 476
[2026-06-20 08:17:45,464][src.modRNN.training.training_loop][INFO] - train epoch 476 loss 0.3587 accuracy 93.75%
[2026-06-20 08:17:46,662][src.modRNN.training.training_loop][INFO] - eval  epoch 476 loss 0.3307 accuracy 94.92%
[2026-06-20 08:17:46,664][src.modRNN.training.training_loop][INFO] - 	 Starting Epoch: 477
[2026-06-20 08:17:47,397][src.modRNN.training.training_loop][INFO] - train epoch 477 loss 0.3478 accuracy 95.31%
[2026-06-20 08:17:47,399][src.modRNN.training.training_loop][INFO] - 	 Starting Epoch: 478
[2026-06-20 08:17:48,138][src.modRNN.training.training_loop][INFO] - train epoch 478 loss 0.2828 accuracy 98.44%
[2026-06-20 08:17:48,140][src.modRNN.training.training_loop][INFO] - 	 Starting Epoch: 479
[2026-06-20 08:17:48,877][src.modRNN.training.training_loop][INFO] - train epoch 479 loss 0.2951 accuracy 96.88%
[2026-06-20 08:17:48,879][src.modRNN.training.training_loop][INFO] - 	 Starting Epoch: 480
[2026-06-20 08:17:49,615][src.modRNN.training.training_loop][INFO] - train epoch 480 loss 0.3494 accuracy 93.75%
[2026-06-20 08:17:49,617][src.modRNN.training.training_loop][INFO] - 	 Starting Epoch: 481
[2026-06-20 08:17:50,354][src.modRNN.training.training_loop][INFO] - train epoch 481 loss 0.3576 accuracy 85.94%
[2026-06-20 08:17:50,356][src.modRNN.training.training_loop][INFO] - 	 Starting Epoch: 482
[2026-06-20 08:17:51,092][src.modRNN.training.training_loop][INFO] - train epoch 482 loss 0.3691 accuracy 95.31%
[2026-06-20 08:17:51,094][src.modRNN.training.training_loop][INFO] - 	 Starting Epoch: 483
[2026-06-20 08:17:51,829][src.modRNN.training.training_loop][INFO] - train epoch 483 loss 0.2975 accuracy 96.88%
[2026-06-20 08:17:51,831][src.modRNN.training.training_loop][INFO] - 	 Starting Epoch: 484
[2026-06-20 08:17:52,565][src.modRNN.training.training_loop][INFO] - train epoch 484 loss 0.3096 accuracy 98.44%
[2026-06-20 08:17:52,567][src.modRNN.training.training_loop][INFO] - 	 Starting Epoch: 485
[2026-06-20 08:17:53,302][src.modRNN.training.training_loop][INFO] - train epoch 485 loss 0.3132 accuracy 95.31%
[2026-06-20 08:17:53,304][src.modRNN.training.training_loop][INFO] - 	 Starting Epoch: 486
[2026-06-20 08:17:54,038][src.modRNN.training.training_loop][INFO] - train epoch 486 loss 0.3668 accuracy 90.62%
[2026-06-20 08:17:54,039][src.modRNN.training.training_loop][INFO] - 	 Starting Epoch: 487
[2026-06-20 08:17:54,774][src.modRNN.training.training_loop][INFO] - train epoch 487 loss 0.3463 accuracy 93.75%
[2026-06-20 08:17:54,776][src.modRNN.training.training_loop][INFO] - 	 Starting Epoch: 488
[2026-06-20 08:17:55,511][src.modRNN.training.training_loop][INFO] - train epoch 488 loss 0.3533 accuracy 100.00%
[2026-06-20 08:17:55,513][src.modRNN.training.training_loop][INFO] - 	 Starting Epoch: 489
[2026-06-20 08:17:56,247][src.modRNN.training.training_loop][INFO] - train epoch 489 loss 0.3275 accuracy 98.44%
[2026-06-20 08:17:56,249][src.modRNN.training.training_loop][INFO] - 	 Starting Epoch: 490
[2026-06-20 08:17:56,984][src.modRNN.training.training_loop][INFO] - train epoch 490 loss 0.3415 accuracy 98.44%
[2026-06-20 08:17:56,985][src.modRNN.training.training_loop][INFO] - 	 Starting Epoch: 491
[2026-06-20 08:17:57,720][src.modRNN.training.training_loop][INFO] - train epoch 491 loss 0.3433 accuracy 96.88%
[2026-06-20 08:17:57,722][src.modRNN.training.training_loop][INFO] - 	 Starting Epoch: 492
[2026-06-20 08:17:58,459][src.modRNN.training.training_loop][INFO] - train epoch 492 loss 0.3069 accuracy 95.31%
[2026-06-20 08:17:58,461][src.modRNN.training.training_loop][INFO] - 	 Starting Epoch: 493
[2026-06-20 08:17:59,197][src.modRNN.training.training_loop][INFO] - train epoch 493 loss 0.2940 accuracy 98.44%
[2026-06-20 08:17:59,199][src.modRNN.training.training_loop][INFO] - 	 Starting Epoch: 494
[2026-06-20 08:17:59,933][src.modRNN.training.training_loop][INFO] - train epoch 494 loss 0.3571 accuracy 92.19%
[2026-06-20 08:17:59,935][src.modRNN.training.training_loop][INFO] - 	 Starting Epoch: 495
[2026-06-20 08:18:00,669][src.modRNN.training.training_loop][INFO] - train epoch 495 loss 0.2984 accuracy 96.88%
[2026-06-20 08:18:00,671][src.modRNN.training.training_loop][INFO] - 	 Starting Epoch: 496
[2026-06-20 08:18:01,410][src.modRNN.training.training_loop][INFO] - train epoch 496 loss 0.3436 accuracy 92.19%
[2026-06-20 08:18:01,412][src.modRNN.training.training_loop][INFO] - 	 Starting Epoch: 497
[2026-06-20 08:18:02,152][src.modRNN.training.training_loop][INFO] - train epoch 497 loss 0.3330 accuracy 98.44%
[2026-06-20 08:18:02,154][src.modRNN.training.training_loop][INFO] - 	 Starting Epoch: 498
[2026-06-20 08:18:02,892][src.modRNN.training.training_loop][INFO] - train epoch 498 loss 0.3065 accuracy 95.31%
[2026-06-20 08:18:02,894][src.modRNN.training.training_loop][INFO] - 	 Starting Epoch: 499
[2026-06-20 08:18:03,633][src.modRNN.training.training_loop][INFO] - train epoch 499 loss 0.3275 accuracy 96.88%
[2026-06-20 08:18:03,635][src.modRNN.training.training_loop][INFO] - 	 Starting Epoch: 500
[2026-06-20 08:18:04,374][src.modRNN.training.training_loop][INFO] - train epoch 500 loss 0.3254 accuracy 96.88%
[2026-06-20 08:18:04,376][src.modRNN.training.training_loop][INFO] - 	 Starting Epoch: 501
[2026-06-20 08:18:05,114][src.modRNN.training.training_loop][INFO] - train epoch 501 loss 0.3215 accuracy 93.75%
[2026-06-20 08:18:06,309][src.modRNN.training.training_loop][INFO] - eval  epoch 501 loss 0.3066 accuracy 96.48%
[2026-06-20 08:18:06,311][src.modRNN.training.training_loop][INFO] - 	 Starting Epoch: 502
[2026-06-20 08:18:07,049][src.modRNN.training.training_loop][INFO] - train epoch 502 loss 0.3616 accuracy 96.88%
[2026-06-20 08:18:07,050][src.modRNN.training.training_loop][INFO] - 	 Starting Epoch: 503
[2026-06-20 08:18:07,790][src.modRNN.training.training_loop][INFO] - train epoch 503 loss 0.3638 accuracy 96.88%
[2026-06-20 08:18:07,791][src.modRNN.training.training_loop][INFO] - 	 Starting Epoch: 504
[2026-06-20 08:18:08,533][src.modRNN.training.training_loop][INFO] - train epoch 504 loss 0.2894 accuracy 96.88%
[2026-06-20 08:18:08,535][src.modRNN.training.training_loop][INFO] - 	 Starting Epoch: 505
[2026-06-20 08:18:09,276][src.modRNN.training.training_loop][INFO] - train epoch 505 loss 0.2766 accuracy 93.75%
[2026-06-20 08:18:09,278][src.modRNN.training.training_loop][INFO] - 	 Starting Epoch: 506
[2026-06-20 08:18:10,015][src.modRNN.training.training_loop][INFO] - train epoch 506 loss 0.3814 accuracy 95.31%
[2026-06-20 08:18:10,017][src.modRNN.training.training_loop][INFO] - 	 Starting Epoch: 507
[2026-06-20 08:18:10,754][src.modRNN.training.training_loop][INFO] - train epoch 507 loss 0.3346 accuracy 92.19%
[2026-06-20 08:18:10,756][src.modRNN.training.training_loop][INFO] - 	 Starting Epoch: 508
[2026-06-20 08:18:11,494][src.modRNN.training.training_loop][INFO] - train epoch 508 loss 0.3337 accuracy 95.31%
[2026-06-20 08:18:11,496][src.modRNN.training.training_loop][INFO] - 	 Starting Epoch: 509
[2026-06-20 08:18:12,235][src.modRNN.training.training_loop][INFO] - train epoch 509 loss 0.3458 accuracy 95.31%
[2026-06-20 08:18:12,237][src.modRNN.training.training_loop][INFO] - 	 Starting Epoch: 510
[2026-06-20 08:18:12,975][src.modRNN.training.training_loop][INFO] - train epoch 510 loss 0.3759 accuracy 96.88%
[2026-06-20 08:18:12,977][src.modRNN.training.training_loop][INFO] - 	 Starting Epoch: 511
[2026-06-20 08:18:13,716][src.modRNN.training.training_loop][INFO] - train epoch 511 loss 0.3357 accuracy 92.19%
[2026-06-20 08:18:13,717][src.modRNN.training.training_loop][INFO] - 	 Starting Epoch: 512
[2026-06-20 08:18:14,454][src.modRNN.training.training_loop][INFO] - train epoch 512 loss 0.2317 accuracy 96.88%
[2026-06-20 08:18:14,456][src.modRNN.training.training_loop][INFO] - 	 Starting Epoch: 513
[2026-06-20 08:18:15,193][src.modRNN.training.training_loop][INFO] - train epoch 513 loss 0.3318 accuracy 98.44%
[2026-06-20 08:18:15,195][src.modRNN.training.training_loop][INFO] - 	 Starting Epoch: 514
[2026-06-20 08:18:15,932][src.modRNN.training.training_loop][INFO] - train epoch 514 loss 0.3305 accuracy 90.62%
[2026-06-20 08:18:15,934][src.modRNN.training.training_loop][INFO] - 	 Starting Epoch: 515
[2026-06-20 08:18:16,672][src.modRNN.training.training_loop][INFO] - train epoch 515 loss 0.2899 accuracy 96.88%
[2026-06-20 08:18:16,674][src.modRNN.training.training_loop][INFO] - 	 Starting Epoch: 516
[2026-06-20 08:18:17,412][src.modRNN.training.training_loop][INFO] - train epoch 516 loss 0.3245 accuracy 90.62%
[2026-06-20 08:18:17,414][src.modRNN.training.training_loop][INFO] - 	 Starting Epoch: 517
[2026-06-20 08:18:18,153][src.modRNN.training.training_loop][INFO] - train epoch 517 loss 0.3351 accuracy 95.31%
[2026-06-20 08:18:18,155][src.modRNN.training.training_loop][INFO] - 	 Starting Epoch: 518
[2026-06-20 08:18:18,893][src.modRNN.training.training_loop][INFO] - train epoch 518 loss 0.4174 accuracy 89.06%
[2026-06-20 08:18:18,895][src.modRNN.training.training_loop][INFO] - 	 Starting Epoch: 519
[2026-06-20 08:18:19,633][src.modRNN.training.training_loop][INFO] - train epoch 519 loss 0.3706 accuracy 90.62%
[2026-06-20 08:18:19,634][src.modRNN.training.training_loop][INFO] - 	 Starting Epoch: 520
[2026-06-20 08:18:20,372][src.modRNN.training.training_loop][INFO] - train epoch 520 loss 0.3432 accuracy 93.75%
[2026-06-20 08:18:20,374][src.modRNN.training.training_loop][INFO] - 	 Starting Epoch: 521
[2026-06-20 08:18:21,112][src.modRNN.training.training_loop][INFO] - train epoch 521 loss 0.3310 accuracy 100.00%
[2026-06-20 08:18:21,114][src.modRNN.training.training_loop][INFO] - 	 Starting Epoch: 522
[2026-06-20 08:18:21,851][src.modRNN.training.training_loop][INFO] - train epoch 522 loss 0.2555 accuracy 96.88%
[2026-06-20 08:18:21,853][src.modRNN.training.training_loop][INFO] - 	 Starting Epoch: 523
[2026-06-20 08:18:22,590][src.modRNN.training.training_loop][INFO] - train epoch 523 loss 0.3495 accuracy 95.31%
[2026-06-20 08:18:22,592][src.modRNN.training.training_loop][INFO] - 	 Starting Epoch: 524
[2026-06-20 08:18:23,333][src.modRNN.training.training_loop][INFO] - train epoch 524 loss 0.3344 accuracy 90.62%
[2026-06-20 08:18:23,335][src.modRNN.training.training_loop][INFO] - 	 Starting Epoch: 525
[2026-06-20 08:18:24,074][src.modRNN.training.training_loop][INFO] - train epoch 525 loss 0.3168 accuracy 98.44%
[2026-06-20 08:18:24,076][src.modRNN.training.training_loop][INFO] - 	 Starting Epoch: 526
[2026-06-20 08:18:24,813][src.modRNN.training.training_loop][INFO] - train epoch 526 loss 0.3470 accuracy 96.88%
[2026-06-20 08:18:26,013][src.modRNN.training.training_loop][INFO] - eval  epoch 526 loss 0.3340 accuracy 95.12%
[2026-06-20 08:18:26,015][src.modRNN.training.training_loop][INFO] - 	 Starting Epoch: 527
[2026-06-20 08:18:26,752][src.modRNN.training.training_loop][INFO] - train epoch 527 loss 0.2662 accuracy 95.31%
[2026-06-20 08:18:26,754][src.modRNN.training.training_loop][INFO] - 	 Starting Epoch: 528
[2026-06-20 08:18:27,494][src.modRNN.training.training_loop][INFO] - train epoch 528 loss 0.3114 accuracy 93.75%
[2026-06-20 08:18:27,496][src.modRNN.training.training_loop][INFO] - 	 Starting Epoch: 529
[2026-06-20 08:18:28,235][src.modRNN.training.training_loop][INFO] - train epoch 529 loss 0.3406 accuracy 93.75%
[2026-06-20 08:18:28,237][src.modRNN.training.training_loop][INFO] - 	 Starting Epoch: 530
[2026-06-20 08:18:28,975][src.modRNN.training.training_loop][INFO] - train epoch 530 loss 0.3361 accuracy 95.31%
[2026-06-20 08:18:28,977][src.modRNN.training.training_loop][INFO] - 	 Starting Epoch: 531
[2026-06-20 08:18:29,715][src.modRNN.training.training_loop][INFO] - train epoch 531 loss 0.3497 accuracy 92.19%
[2026-06-20 08:18:29,716][src.modRNN.training.training_loop][INFO] - 	 Starting Epoch: 532
[2026-06-20 08:18:30,455][src.modRNN.training.training_loop][INFO] - train epoch 532 loss 0.3477 accuracy 93.75%
[2026-06-20 08:18:30,457][src.modRNN.training.training_loop][INFO] - 	 Starting Epoch: 533
[2026-06-20 08:18:31,195][src.modRNN.training.training_loop][INFO] - train epoch 533 loss 0.3151 accuracy 93.75%
[2026-06-20 08:18:31,197][src.modRNN.training.training_loop][INFO] - 	 Starting Epoch: 534
[2026-06-20 08:18:31,933][src.modRNN.training.training_loop][INFO] - train epoch 534 loss 0.3388 accuracy 96.88%
[2026-06-20 08:18:31,934][src.modRNN.training.training_loop][INFO] - 	 Starting Epoch: 535
[2026-06-20 08:18:32,668][src.modRNN.training.training_loop][INFO] - train epoch 535 loss 0.3046 accuracy 95.31%
[2026-06-20 08:18:32,670][src.modRNN.training.training_loop][INFO] - 	 Starting Epoch: 536
[2026-06-20 08:18:33,405][src.modRNN.training.training_loop][INFO] - train epoch 536 loss 0.3344 accuracy 92.19%
[2026-06-20 08:18:33,407][src.modRNN.training.training_loop][INFO] - 	 Starting Epoch: 537
[2026-06-20 08:18:34,140][src.modRNN.training.training_loop][INFO] - train epoch 537 loss 0.3187 accuracy 95.31%
[2026-06-20 08:18:34,142][src.modRNN.training.training_loop][INFO] - 	 Starting Epoch: 538
[2026-06-20 08:18:34,877][src.modRNN.training.training_loop][INFO] - train epoch 538 loss 0.2967 accuracy 96.88%
[2026-06-20 08:18:34,879][src.modRNN.training.training_loop][INFO] - 	 Starting Epoch: 539
[2026-06-20 08:18:35,614][src.modRNN.training.training_loop][INFO] - train epoch 539 loss 0.3282 accuracy 96.88%
[2026-06-20 08:18:35,616][src.modRNN.training.training_loop][INFO] - 	 Starting Epoch: 540
[2026-06-20 08:18:36,350][src.modRNN.training.training_loop][INFO] - train epoch 540 loss 0.3361 accuracy 93.75%
[2026-06-20 08:18:36,351][src.modRNN.training.training_loop][INFO] - 	 Starting Epoch: 541
[2026-06-20 08:18:37,088][src.modRNN.training.training_loop][INFO] - train epoch 541 loss 0.3567 accuracy 90.62%
[2026-06-20 08:18:37,089][src.modRNN.training.training_loop][INFO] - 	 Starting Epoch: 542
[2026-06-20 08:18:37,825][src.modRNN.training.training_loop][INFO] - train epoch 542 loss 0.3388 accuracy 93.75%
[2026-06-20 08:18:37,827][src.modRNN.training.training_loop][INFO] - 	 Starting Epoch: 543
[2026-06-20 08:18:38,562][src.modRNN.training.training_loop][INFO] - train epoch 543 loss 0.2705 accuracy 96.88%
[2026-06-20 08:18:38,564][src.modRNN.training.training_loop][INFO] - 	 Starting Epoch: 544
[2026-06-20 08:18:39,298][src.modRNN.training.training_loop][INFO] - train epoch 544 loss 0.3408 accuracy 95.31%
[2026-06-20 08:18:39,299][src.modRNN.training.training_loop][INFO] - 	 Starting Epoch: 545
[2026-06-20 08:18:40,037][src.modRNN.training.training_loop][INFO] - train epoch 545 loss 0.3143 accuracy 93.75%
[2026-06-20 08:18:40,038][src.modRNN.training.training_loop][INFO] - 	 Starting Epoch: 546
[2026-06-20 08:18:40,774][src.modRNN.training.training_loop][INFO] - train epoch 546 loss 0.3528 accuracy 92.19%
[2026-06-20 08:18:40,776][src.modRNN.training.training_loop][INFO] - 	 Starting Epoch: 547
[2026-06-20 08:18:41,514][src.modRNN.training.training_loop][INFO] - train epoch 547 loss 0.3799 accuracy 90.62%
[2026-06-20 08:18:41,516][src.modRNN.training.training_loop][INFO] - 	 Starting Epoch: 548
[2026-06-20 08:18:42,250][src.modRNN.training.training_loop][INFO] - train epoch 548 loss 0.2732 accuracy 95.31%
[2026-06-20 08:18:42,252][src.modRNN.training.training_loop][INFO] - 	 Starting Epoch: 549
[2026-06-20 08:18:42,988][src.modRNN.training.training_loop][INFO] - train epoch 549 loss 0.3559 accuracy 93.75%
[2026-06-20 08:18:42,990][src.modRNN.training.training_loop][INFO] - 	 Starting Epoch: 550
[2026-06-20 08:18:43,725][src.modRNN.training.training_loop][INFO] - train epoch 550 loss 0.2484 accuracy 96.88%
[2026-06-20 08:18:43,727][src.modRNN.training.training_loop][INFO] - 	 Starting Epoch: 551
[2026-06-20 08:18:44,460][src.modRNN.training.training_loop][INFO] - train epoch 551 loss 0.3181 accuracy 93.75%
[2026-06-20 08:18:45,656][src.modRNN.training.training_loop][INFO] - eval  epoch 551 loss 0.3298 accuracy 93.16%
[2026-06-20 08:18:45,658][src.modRNN.training.training_loop][INFO] - 	 Starting Epoch: 552
[2026-06-20 08:18:46,391][src.modRNN.training.training_loop][INFO] - train epoch 552 loss 0.3889 accuracy 89.06%
[2026-06-20 08:18:46,392][src.modRNN.training.training_loop][INFO] - 	 Starting Epoch: 553
[2026-06-20 08:18:47,126][src.modRNN.training.training_loop][INFO] - train epoch 553 loss 0.3425 accuracy 93.75%
[2026-06-20 08:18:47,128][src.modRNN.training.training_loop][INFO] - 	 Starting Epoch: 554
[2026-06-20 08:18:47,861][src.modRNN.training.training_loop][INFO] - train epoch 554 loss 0.3576 accuracy 90.62%
[2026-06-20 08:18:47,863][src.modRNN.training.training_loop][INFO] - 	 Starting Epoch: 555
[2026-06-20 08:18:48,596][src.modRNN.training.training_loop][INFO] - train epoch 555 loss 0.4291 accuracy 95.31%
[2026-06-20 08:18:48,598][src.modRNN.training.training_loop][INFO] - 	 Starting Epoch: 556
[2026-06-20 08:18:49,334][src.modRNN.training.training_loop][INFO] - train epoch 556 loss 0.4338 accuracy 93.75%
[2026-06-20 08:18:49,336][src.modRNN.training.training_loop][INFO] - 	 Starting Epoch: 557
[2026-06-20 08:18:50,070][src.modRNN.training.training_loop][INFO] - train epoch 557 loss 0.4889 accuracy 87.50%
[2026-06-20 08:18:50,072][src.modRNN.training.training_loop][INFO] - 	 Starting Epoch: 558
[2026-06-20 08:18:50,807][src.modRNN.training.training_loop][INFO] - train epoch 558 loss 0.7066 accuracy 79.69%
[2026-06-20 08:18:50,809][src.modRNN.training.training_loop][INFO] - 	 Starting Epoch: 559
[2026-06-20 08:18:51,542][src.modRNN.training.training_loop][INFO] - train epoch 559 loss 0.6764 accuracy 85.94%
[2026-06-20 08:18:51,543][src.modRNN.training.training_loop][INFO] - 	 Starting Epoch: 560
[2026-06-20 08:18:52,278][src.modRNN.training.training_loop][INFO] - train epoch 560 loss 0.5221 accuracy 85.94%
[2026-06-20 08:18:52,280][src.modRNN.training.training_loop][INFO] - 	 Starting Epoch: 561
[2026-06-20 08:18:53,015][src.modRNN.training.training_loop][INFO] - train epoch 561 loss 0.5261 accuracy 84.38%
[2026-06-20 08:18:53,017][src.modRNN.training.training_loop][INFO] - 	 Starting Epoch: 562
[2026-06-20 08:18:53,753][src.modRNN.training.training_loop][INFO] - train epoch 562 loss 0.5510 accuracy 76.56%
[2026-06-20 08:18:53,754][src.modRNN.training.training_loop][INFO] - 	 Starting Epoch: 563
[2026-06-20 08:18:54,488][src.modRNN.training.training_loop][INFO] - train epoch 563 loss 0.5688 accuracy 78.12%
[2026-06-20 08:18:54,489][src.modRNN.training.training_loop][INFO] - 	 Starting Epoch: 564
[2026-06-20 08:18:55,223][src.modRNN.training.training_loop][INFO] - train epoch 564 loss 0.5646 accuracy 71.88%
[2026-06-20 08:18:55,224][src.modRNN.training.training_loop][INFO] - 	 Starting Epoch: 565
[2026-06-20 08:18:55,958][src.modRNN.training.training_loop][INFO] - train epoch 565 loss 0.4765 accuracy 81.25%
[2026-06-20 08:18:55,959][src.modRNN.training.training_loop][INFO] - 	 Starting Epoch: 566
[2026-06-20 08:18:56,693][src.modRNN.training.training_loop][INFO] - train epoch 566 loss 0.4085 accuracy 95.31%
[2026-06-20 08:18:56,695][src.modRNN.training.training_loop][INFO] - 	 Starting Epoch: 567
[2026-06-20 08:18:57,427][src.modRNN.training.training_loop][INFO] - train epoch 567 loss 0.3741 accuracy 96.88%
[2026-06-20 08:18:57,429][src.modRNN.training.training_loop][INFO] - 	 Starting Epoch: 568
[2026-06-20 08:18:58,163][src.modRNN.training.training_loop][INFO] - train epoch 568 loss 0.4021 accuracy 92.19%
[2026-06-20 08:18:58,165][src.modRNN.training.training_loop][INFO] - 	 Starting Epoch: 569
[2026-06-20 08:18:58,898][src.modRNN.training.training_loop][INFO] - train epoch 569 loss 0.4182 accuracy 92.19%
[2026-06-20 08:18:58,900][src.modRNN.training.training_loop][INFO] - 	 Starting Epoch: 570
[2026-06-20 08:18:59,632][src.modRNN.training.training_loop][INFO] - train epoch 570 loss 0.3700 accuracy 87.50%
[2026-06-20 08:18:59,634][src.modRNN.training.training_loop][INFO] - 	 Starting Epoch: 571
[2026-06-20 08:19:00,367][src.modRNN.training.training_loop][INFO] - train epoch 571 loss 0.3818 accuracy 90.62%
[2026-06-20 08:19:00,369][src.modRNN.training.training_loop][INFO] - 	 Starting Epoch: 572
[2026-06-20 08:19:01,104][src.modRNN.training.training_loop][INFO] - train epoch 572 loss 0.3428 accuracy 90.62%
[2026-06-20 08:19:01,105][src.modRNN.training.training_loop][INFO] - 	 Starting Epoch: 573
[2026-06-20 08:19:01,841][src.modRNN.training.training_loop][INFO] - train epoch 573 loss 0.3022 accuracy 92.19%
[2026-06-20 08:19:01,843][src.modRNN.training.training_loop][INFO] - 	 Starting Epoch: 574
[2026-06-20 08:19:02,593][src.modRNN.training.training_loop][INFO] - train epoch 574 loss 0.3678 accuracy 90.62%
[2026-06-20 08:19:02,595][src.modRNN.training.training_loop][INFO] - 	 Starting Epoch: 575
[2026-06-20 08:19:03,333][src.modRNN.training.training_loop][INFO] - train epoch 575 loss 0.3523 accuracy 89.06%
[2026-06-20 08:19:03,335][src.modRNN.training.training_loop][INFO] - 	 Starting Epoch: 576
[2026-06-20 08:19:04,078][src.modRNN.training.training_loop][INFO] - train epoch 576 loss 0.3355 accuracy 95.31%
[2026-06-20 08:19:05,275][src.modRNN.training.training_loop][INFO] - eval  epoch 576 loss 0.3392 accuracy 91.60%
[2026-06-20 08:19:05,277][src.modRNN.training.training_loop][INFO] - 	 Starting Epoch: 577
[2026-06-20 08:19:06,013][src.modRNN.training.training_loop][INFO] - train epoch 577 loss 0.3575 accuracy 95.31%
[2026-06-20 08:19:06,015][src.modRNN.training.training_loop][INFO] - 	 Starting Epoch: 578
[2026-06-20 08:19:06,752][src.modRNN.training.training_loop][INFO] - train epoch 578 loss 0.3173 accuracy 90.62%
[2026-06-20 08:19:06,754][src.modRNN.training.training_loop][INFO] - 	 Starting Epoch: 579
[2026-06-20 08:19:07,491][src.modRNN.training.training_loop][INFO] - train epoch 579 loss 0.3980 accuracy 92.19%
[2026-06-20 08:19:07,493][src.modRNN.training.training_loop][INFO] - 	 Starting Epoch: 580
[2026-06-20 08:19:08,233][src.modRNN.training.training_loop][INFO] - train epoch 580 loss 0.2798 accuracy 90.62%
[2026-06-20 08:19:08,235][src.modRNN.training.training_loop][INFO] - 	 Starting Epoch: 581
[2026-06-20 08:19:08,972][src.modRNN.training.training_loop][INFO] - train epoch 581 loss 0.3254 accuracy 95.31%
[2026-06-20 08:19:08,974][src.modRNN.training.training_loop][INFO] - 	 Starting Epoch: 582
[2026-06-20 08:19:09,712][src.modRNN.training.training_loop][INFO] - train epoch 582 loss 0.3312 accuracy 90.62%
[2026-06-20 08:19:09,714][src.modRNN.training.training_loop][INFO] - 	 Starting Epoch: 583
[2026-06-20 08:19:10,452][src.modRNN.training.training_loop][INFO] - train epoch 583 loss 0.2698 accuracy 98.44%
[2026-06-20 08:19:10,453][src.modRNN.training.training_loop][INFO] - 	 Starting Epoch: 584
[2026-06-20 08:19:11,191][src.modRNN.training.training_loop][INFO] - train epoch 584 loss 0.2767 accuracy 95.31%
[2026-06-20 08:19:11,193][src.modRNN.training.training_loop][INFO] - 	 Starting Epoch: 585
[2026-06-20 08:19:11,930][src.modRNN.training.training_loop][INFO] - train epoch 585 loss 0.3191 accuracy 92.19%
[2026-06-20 08:19:11,932][src.modRNN.training.training_loop][INFO] - 	 Starting Epoch: 586
[2026-06-20 08:19:12,670][src.modRNN.training.training_loop][INFO] - train epoch 586 loss 0.3414 accuracy 89.06%
[2026-06-20 08:19:12,672][src.modRNN.training.training_loop][INFO] - 	 Starting Epoch: 587
[2026-06-20 08:19:13,412][src.modRNN.training.training_loop][INFO] - train epoch 587 loss 0.3011 accuracy 93.75%
[2026-06-20 08:19:13,414][src.modRNN.training.training_loop][INFO] - 	 Starting Epoch: 588
[2026-06-20 08:19:14,154][src.modRNN.training.training_loop][INFO] - train epoch 588 loss 0.2554 accuracy 89.06%
[2026-06-20 08:19:14,156][src.modRNN.training.training_loop][INFO] - 	 Starting Epoch: 589
[2026-06-20 08:19:14,897][src.modRNN.training.training_loop][INFO] - train epoch 589 loss 0.3347 accuracy 92.19%
[2026-06-20 08:19:14,898][src.modRNN.training.training_loop][INFO] - 	 Starting Epoch: 590
[2026-06-20 08:19:15,638][src.modRNN.training.training_loop][INFO] - train epoch 590 loss 0.3522 accuracy 84.38%
[2026-06-20 08:19:15,640][src.modRNN.training.training_loop][INFO] - 	 Starting Epoch: 591
[2026-06-20 08:19:16,376][src.modRNN.training.training_loop][INFO] - train epoch 591 loss 0.3189 accuracy 93.75%
[2026-06-20 08:19:16,378][src.modRNN.training.training_loop][INFO] - 	 Starting Epoch: 592
[2026-06-20 08:19:17,116][src.modRNN.training.training_loop][INFO] - train epoch 592 loss 0.3280 accuracy 93.75%
[2026-06-20 08:19:17,118][src.modRNN.training.training_loop][INFO] - 	 Starting Epoch: 593
[2026-06-20 08:19:17,855][src.modRNN.training.training_loop][INFO] - train epoch 593 loss 0.2324 accuracy 92.19%
[2026-06-20 08:19:17,857][src.modRNN.training.training_loop][INFO] - 	 Starting Epoch: 594
[2026-06-20 08:19:18,597][src.modRNN.training.training_loop][INFO] - train epoch 594 loss 0.2875 accuracy 92.19%
[2026-06-20 08:19:18,599][src.modRNN.training.training_loop][INFO] - 	 Starting Epoch: 595
[2026-06-20 08:19:19,338][src.modRNN.training.training_loop][INFO] - train epoch 595 loss 0.3551 accuracy 85.94%
[2026-06-20 08:19:19,340][src.modRNN.training.training_loop][INFO] - 	 Starting Epoch: 596
[2026-06-20 08:19:20,077][src.modRNN.training.training_loop][INFO] - train epoch 596 loss 0.3163 accuracy 89.06%
[2026-06-20 08:19:20,079][src.modRNN.training.training_loop][INFO] - 	 Starting Epoch: 597
[2026-06-20 08:19:20,818][src.modRNN.training.training_loop][INFO] - train epoch 597 loss 0.3017 accuracy 92.19%
[2026-06-20 08:19:20,819][src.modRNN.training.training_loop][INFO] - 	 Starting Epoch: 598
[2026-06-20 08:19:21,557][src.modRNN.training.training_loop][INFO] - train epoch 598 loss 0.2754 accuracy 93.75%
[2026-06-20 08:19:21,559][src.modRNN.training.training_loop][INFO] - 	 Starting Epoch: 599
[2026-06-20 08:19:22,298][src.modRNN.training.training_loop][INFO] - train epoch 599 loss 0.2806 accuracy 93.75%
[2026-06-20 08:19:22,299][src.modRNN.training.training_loop][INFO] - 	 Starting Epoch: 600
[2026-06-20 08:19:23,038][src.modRNN.training.training_loop][INFO] - train epoch 600 loss 0.2892 accuracy 96.88%
[2026-06-20 08:19:23,040][src.modRNN.training.training_loop][INFO] - 	 Starting Epoch: 601
[2026-06-20 08:19:23,777][src.modRNN.training.training_loop][INFO] - train epoch 601 loss 0.3065 accuracy 89.06%
[2026-06-20 08:19:24,976][src.modRNN.training.training_loop][INFO] - eval  epoch 601 loss 0.2990 accuracy 91.02%
[2026-06-20 08:19:24,977][src.modRNN.training.training_loop][INFO] - 	 Starting Epoch: 602
[2026-06-20 08:19:25,718][src.modRNN.training.training_loop][INFO] - train epoch 602 loss 0.3034 accuracy 93.75%
[2026-06-20 08:19:25,719][src.modRNN.training.training_loop][INFO] - 	 Starting Epoch: 603
[2026-06-20 08:19:26,464][src.modRNN.training.training_loop][INFO] - train epoch 603 loss 0.2843 accuracy 95.31%
[2026-06-20 08:19:26,466][src.modRNN.training.training_loop][INFO] - 	 Starting Epoch: 604
[2026-06-20 08:19:27,207][src.modRNN.training.training_loop][INFO] - train epoch 604 loss 0.3259 accuracy 90.62%
[2026-06-20 08:19:27,209][src.modRNN.training.training_loop][INFO] - 	 Starting Epoch: 605
[2026-06-20 08:19:27,948][src.modRNN.training.training_loop][INFO] - train epoch 605 loss 0.3106 accuracy 90.62%
[2026-06-20 08:19:27,950][src.modRNN.training.training_loop][INFO] - 	 Starting Epoch: 606
[2026-06-20 08:19:28,688][src.modRNN.training.training_loop][INFO] - train epoch 606 loss 0.3294 accuracy 89.06%
[2026-06-20 08:19:28,690][src.modRNN.training.training_loop][INFO] - 	 Starting Epoch: 607
[2026-06-20 08:19:29,429][src.modRNN.training.training_loop][INFO] - train epoch 607 loss 0.3368 accuracy 92.19%
[2026-06-20 08:19:29,430][src.modRNN.training.training_loop][INFO] - 	 Starting Epoch: 608
[2026-06-20 08:19:30,172][src.modRNN.training.training_loop][INFO] - train epoch 608 loss 0.2724 accuracy 92.19%
[2026-06-20 08:19:30,174][src.modRNN.training.training_loop][INFO] - 	 Starting Epoch: 609
[2026-06-20 08:19:30,913][src.modRNN.training.training_loop][INFO] - train epoch 609 loss 0.3445 accuracy 96.88%
[2026-06-20 08:19:30,915][src.modRNN.training.training_loop][INFO] - 	 Starting Epoch: 610
[2026-06-20 08:19:31,652][src.modRNN.training.training_loop][INFO] - train epoch 610 loss 0.3152 accuracy 95.31%
[2026-06-20 08:19:31,654][src.modRNN.training.training_loop][INFO] - 	 Starting Epoch: 611
[2026-06-20 08:19:32,389][src.modRNN.training.training_loop][INFO] - train epoch 611 loss 0.3405 accuracy 89.06%
[2026-06-20 08:19:32,390][src.modRNN.training.training_loop][INFO] - 	 Starting Epoch: 612
[2026-06-20 08:19:33,125][src.modRNN.training.training_loop][INFO] - train epoch 612 loss 0.2782 accuracy 96.88%
[2026-06-20 08:19:33,127][src.modRNN.training.training_loop][INFO] - 	 Starting Epoch: 613
[2026-06-20 08:19:33,861][src.modRNN.training.training_loop][INFO] - train epoch 613 loss 0.2493 accuracy 95.31%
[2026-06-20 08:19:33,863][src.modRNN.training.training_loop][INFO] - 	 Starting Epoch: 614
[2026-06-20 08:19:34,596][src.modRNN.training.training_loop][INFO] - train epoch 614 loss 0.3399 accuracy 92.19%
[2026-06-20 08:19:34,598][src.modRNN.training.training_loop][INFO] - 	 Starting Epoch: 615
[2026-06-20 08:19:35,334][src.modRNN.training.training_loop][INFO] - train epoch 615 loss 0.3245 accuracy 85.94%
[2026-06-20 08:19:35,336][src.modRNN.training.training_loop][INFO] - 	 Starting Epoch: 616
[2026-06-20 08:19:36,071][src.modRNN.training.training_loop][INFO] - train epoch 616 loss 0.3185 accuracy 90.62%
[2026-06-20 08:19:36,073][src.modRNN.training.training_loop][INFO] - 	 Starting Epoch: 617
[2026-06-20 08:19:36,810][src.modRNN.training.training_loop][INFO] - train epoch 617 loss 0.3263 accuracy 89.06%
[2026-06-20 08:19:36,812][src.modRNN.training.training_loop][INFO] - 	 Starting Epoch: 618
[2026-06-20 08:19:37,549][src.modRNN.training.training_loop][INFO] - train epoch 618 loss 0.2527 accuracy 92.19%
[2026-06-20 08:19:37,551][src.modRNN.training.training_loop][INFO] - 	 Starting Epoch: 619
[2026-06-20 08:19:38,285][src.modRNN.training.training_loop][INFO] - train epoch 619 loss 0.2601 accuracy 96.88%
[2026-06-20 08:19:38,287][src.modRNN.training.training_loop][INFO] - 	 Starting Epoch: 620
[2026-06-20 08:19:39,021][src.modRNN.training.training_loop][INFO] - train epoch 620 loss 0.2598 accuracy 98.44%
[2026-06-20 08:19:39,023][src.modRNN.training.training_loop][INFO] - 	 Starting Epoch: 621
[2026-06-20 08:19:39,758][src.modRNN.training.training_loop][INFO] - train epoch 621 loss 0.2929 accuracy 90.62%
[2026-06-20 08:19:39,760][src.modRNN.training.training_loop][INFO] - 	 Starting Epoch: 622
[2026-06-20 08:19:40,495][src.modRNN.training.training_loop][INFO] - train epoch 622 loss 0.2572 accuracy 98.44%
[2026-06-20 08:19:40,497][src.modRNN.training.training_loop][INFO] - 	 Starting Epoch: 623
[2026-06-20 08:19:41,231][src.modRNN.training.training_loop][INFO] - train epoch 623 loss 0.2954 accuracy 92.19%
[2026-06-20 08:19:41,233][src.modRNN.training.training_loop][INFO] - 	 Starting Epoch: 624
[2026-06-20 08:19:41,968][src.modRNN.training.training_loop][INFO] - train epoch 624 loss 0.2927 accuracy 96.88%
[2026-06-20 08:19:41,970][src.modRNN.training.training_loop][INFO] - 	 Starting Epoch: 625
[2026-06-20 08:19:42,705][src.modRNN.training.training_loop][INFO] - train epoch 625 loss 0.3473 accuracy 93.75%
[2026-06-20 08:19:42,706][src.modRNN.training.training_loop][INFO] - 	 Starting Epoch: 626
[2026-06-20 08:19:43,440][src.modRNN.training.training_loop][INFO] - train epoch 626 loss 0.3370 accuracy 95.31%
[2026-06-20 08:19:44,638][src.modRNN.training.training_loop][INFO] - eval  epoch 626 loss 0.2786 accuracy 95.90%
[2026-06-20 08:19:44,639][src.modRNN.training.training_loop][INFO] - 	 Starting Epoch: 627
[2026-06-20 08:19:45,375][src.modRNN.training.training_loop][INFO] - train epoch 627 loss 0.3265 accuracy 92.19%
[2026-06-20 08:19:45,377][src.modRNN.training.training_loop][INFO] - 	 Starting Epoch: 628
[2026-06-20 08:19:46,113][src.modRNN.training.training_loop][INFO] - train epoch 628 loss 0.2914 accuracy 93.75%
[2026-06-20 08:19:46,115][src.modRNN.training.training_loop][INFO] - 	 Starting Epoch: 629
[2026-06-20 08:19:46,852][src.modRNN.training.training_loop][INFO] - train epoch 629 loss 0.2995 accuracy 93.75%
[2026-06-20 08:19:46,854][src.modRNN.training.training_loop][INFO] - 	 Starting Epoch: 630
[2026-06-20 08:19:47,590][src.modRNN.training.training_loop][INFO] - train epoch 630 loss 0.2948 accuracy 96.88%
[2026-06-20 08:19:47,592][src.modRNN.training.training_loop][INFO] - 	 Starting Epoch: 631
[2026-06-20 08:19:48,329][src.modRNN.training.training_loop][INFO] - train epoch 631 loss 0.2431 accuracy 96.88%
[2026-06-20 08:19:48,330][src.modRNN.training.training_loop][INFO] - 	 Starting Epoch: 632
[2026-06-20 08:19:49,065][src.modRNN.training.training_loop][INFO] - train epoch 632 loss 0.3928 accuracy 90.62%
[2026-06-20 08:19:49,067][src.modRNN.training.training_loop][INFO] - 	 Starting Epoch: 633
[2026-06-20 08:19:49,802][src.modRNN.training.training_loop][INFO] - train epoch 633 loss 0.2688 accuracy 93.75%
[2026-06-20 08:19:49,804][src.modRNN.training.training_loop][INFO] - 	 Starting Epoch: 634
[2026-06-20 08:19:50,538][src.modRNN.training.training_loop][INFO] - train epoch 634 loss 0.3330 accuracy 87.50%
[2026-06-20 08:19:50,539][src.modRNN.training.training_loop][INFO] - 	 Starting Epoch: 635
[2026-06-20 08:19:51,275][src.modRNN.training.training_loop][INFO] - train epoch 635 loss 0.2957 accuracy 95.31%
[2026-06-20 08:19:51,277][src.modRNN.training.training_loop][INFO] - 	 Starting Epoch: 636
[2026-06-20 08:19:52,011][src.modRNN.training.training_loop][INFO] - train epoch 636 loss 0.2875 accuracy 95.31%
[2026-06-20 08:19:52,012][src.modRNN.training.training_loop][INFO] - 	 Starting Epoch: 637
[2026-06-20 08:19:52,747][src.modRNN.training.training_loop][INFO] - train epoch 637 loss 0.3046 accuracy 93.75%
[2026-06-20 08:19:52,749][src.modRNN.training.training_loop][INFO] - 	 Starting Epoch: 638
[2026-06-20 08:19:53,484][src.modRNN.training.training_loop][INFO] - train epoch 638 loss 0.2450 accuracy 92.19%
[2026-06-20 08:19:53,485][src.modRNN.training.training_loop][INFO] - 	 Starting Epoch: 639
[2026-06-20 08:19:54,219][src.modRNN.training.training_loop][INFO] - train epoch 639 loss 0.3466 accuracy 92.19%
[2026-06-20 08:19:54,221][src.modRNN.training.training_loop][INFO] - 	 Starting Epoch: 640
[2026-06-20 08:19:54,955][src.modRNN.training.training_loop][INFO] - train epoch 640 loss 0.2766 accuracy 98.44%
[2026-06-20 08:19:54,957][src.modRNN.training.training_loop][INFO] - 	 Starting Epoch: 641
[2026-06-20 08:19:55,692][src.modRNN.training.training_loop][INFO] - train epoch 641 loss 0.2947 accuracy 90.62%
[2026-06-20 08:19:55,694][src.modRNN.training.training_loop][INFO] - 	 Starting Epoch: 642
[2026-06-20 08:19:56,428][src.modRNN.training.training_loop][INFO] - train epoch 642 loss 0.2793 accuracy 95.31%
[2026-06-20 08:19:56,430][src.modRNN.training.training_loop][INFO] - 	 Starting Epoch: 643
[2026-06-20 08:19:57,164][src.modRNN.training.training_loop][INFO] - train epoch 643 loss 0.3294 accuracy 96.88%
[2026-06-20 08:19:57,166][src.modRNN.training.training_loop][INFO] - 	 Starting Epoch: 644
[2026-06-20 08:19:57,901][src.modRNN.training.training_loop][INFO] - train epoch 644 loss 0.2782 accuracy 96.88%
[2026-06-20 08:19:57,902][src.modRNN.training.training_loop][INFO] - 	 Starting Epoch: 645
[2026-06-20 08:19:58,638][src.modRNN.training.training_loop][INFO] - train epoch 645 loss 0.3315 accuracy 89.06%
[2026-06-20 08:19:58,640][src.modRNN.training.training_loop][INFO] - 	 Starting Epoch: 646
[2026-06-20 08:19:59,372][src.modRNN.training.training_loop][INFO] - train epoch 646 loss 0.3279 accuracy 92.19%
[2026-06-20 08:19:59,374][src.modRNN.training.training_loop][INFO] - 	 Starting Epoch: 647
[2026-06-20 08:20:00,108][src.modRNN.training.training_loop][INFO] - train epoch 647 loss 0.2757 accuracy 95.31%
[2026-06-20 08:20:00,110][src.modRNN.training.training_loop][INFO] - 	 Starting Epoch: 648
[2026-06-20 08:20:00,843][src.modRNN.training.training_loop][INFO] - train epoch 648 loss 0.2605 accuracy 95.31%
[2026-06-20 08:20:00,845][src.modRNN.training.training_loop][INFO] - 	 Starting Epoch: 649
[2026-06-20 08:20:01,580][src.modRNN.training.training_loop][INFO] - train epoch 649 loss 0.2044 accuracy 98.44%
[2026-06-20 08:20:01,582][src.modRNN.training.training_loop][INFO] - 	 Starting Epoch: 650
[2026-06-20 08:20:02,331][src.modRNN.training.training_loop][INFO] - train epoch 650 loss 0.2707 accuracy 96.88%
[2026-06-20 08:20:02,333][src.modRNN.training.training_loop][INFO] - 	 Starting Epoch: 651
[2026-06-20 08:20:03,072][src.modRNN.training.training_loop][INFO] - train epoch 651 loss 0.2923 accuracy 95.31%
[2026-06-20 08:20:04,269][src.modRNN.training.training_loop][INFO] - eval  epoch 651 loss 0.2612 accuracy 95.51%
[2026-06-20 08:20:04,271][src.modRNN.training.training_loop][INFO] - 	 Starting Epoch: 652
[2026-06-20 08:20:05,009][src.modRNN.training.training_loop][INFO] - train epoch 652 loss 0.2814 accuracy 98.44%
[2026-06-20 08:20:05,011][src.modRNN.training.training_loop][INFO] - 	 Starting Epoch: 653
[2026-06-20 08:20:05,749][src.modRNN.training.training_loop][INFO] - train epoch 653 loss 0.2792 accuracy 90.62%
[2026-06-20 08:20:05,751][src.modRNN.training.training_loop][INFO] - 	 Starting Epoch: 654
[2026-06-20 08:20:06,489][src.modRNN.training.training_loop][INFO] - train epoch 654 loss 0.3143 accuracy 92.19%
[2026-06-20 08:20:06,491][src.modRNN.training.training_loop][INFO] - 	 Starting Epoch: 655
[2026-06-20 08:20:07,229][src.modRNN.training.training_loop][INFO] - train epoch 655 loss 0.3291 accuracy 93.75%
[2026-06-20 08:20:07,231][src.modRNN.training.training_loop][INFO] - 	 Starting Epoch: 656
[2026-06-20 08:20:07,968][src.modRNN.training.training_loop][INFO] - train epoch 656 loss 0.2693 accuracy 93.75%
[2026-06-20 08:20:07,970][src.modRNN.training.training_loop][INFO] - 	 Starting Epoch: 657
[2026-06-20 08:20:08,709][src.modRNN.training.training_loop][INFO] - train epoch 657 loss 0.2784 accuracy 95.31%
[2026-06-20 08:20:08,711][src.modRNN.training.training_loop][INFO] - 	 Starting Epoch: 658
[2026-06-20 08:20:09,451][src.modRNN.training.training_loop][INFO] - train epoch 658 loss 0.2862 accuracy 90.62%
[2026-06-20 08:20:09,453][src.modRNN.training.training_loop][INFO] - 	 Starting Epoch: 659
[2026-06-20 08:20:10,190][src.modRNN.training.training_loop][INFO] - train epoch 659 loss 0.3203 accuracy 89.06%
[2026-06-20 08:20:10,192][src.modRNN.training.training_loop][INFO] - 	 Starting Epoch: 660
[2026-06-20 08:20:10,930][src.modRNN.training.training_loop][INFO] - train epoch 660 loss 0.2968 accuracy 96.88%
[2026-06-20 08:20:10,932][src.modRNN.training.training_loop][INFO] - 	 Starting Epoch: 661
[2026-06-20 08:20:11,670][src.modRNN.training.training_loop][INFO] - train epoch 661 loss 0.3146 accuracy 92.19%
[2026-06-20 08:20:11,672][src.modRNN.training.training_loop][INFO] - 	 Starting Epoch: 662
[2026-06-20 08:20:12,409][src.modRNN.training.training_loop][INFO] - train epoch 662 loss 0.3099 accuracy 92.19%
[2026-06-20 08:20:12,411][src.modRNN.training.training_loop][INFO] - 	 Starting Epoch: 663
[2026-06-20 08:20:13,150][src.modRNN.training.training_loop][INFO] - train epoch 663 loss 0.2767 accuracy 90.62%
[2026-06-20 08:20:13,152][src.modRNN.training.training_loop][INFO] - 	 Starting Epoch: 664
[2026-06-20 08:20:13,892][src.modRNN.training.training_loop][INFO] - train epoch 664 loss 0.2898 accuracy 95.31%
[2026-06-20 08:20:13,894][src.modRNN.training.training_loop][INFO] - 	 Starting Epoch: 665
[2026-06-20 08:20:14,632][src.modRNN.training.training_loop][INFO] - train epoch 665 loss 0.2744 accuracy 92.19%
[2026-06-20 08:20:14,634][src.modRNN.training.training_loop][INFO] - 	 Starting Epoch: 666
[2026-06-20 08:20:15,370][src.modRNN.training.training_loop][INFO] - train epoch 666 loss 0.2739 accuracy 96.88%
[2026-06-20 08:20:15,372][src.modRNN.training.training_loop][INFO] - 	 Starting Epoch: 667
[2026-06-20 08:20:16,110][src.modRNN.training.training_loop][INFO] - train epoch 667 loss 0.3134 accuracy 92.19%
[2026-06-20 08:20:16,112][src.modRNN.training.training_loop][INFO] - 	 Starting Epoch: 668
[2026-06-20 08:20:16,850][src.modRNN.training.training_loop][INFO] - train epoch 668 loss 0.2886 accuracy 89.06%
[2026-06-20 08:20:16,852][src.modRNN.training.training_loop][INFO] - 	 Starting Epoch: 669
[2026-06-20 08:20:17,593][src.modRNN.training.training_loop][INFO] - train epoch 669 loss 0.3141 accuracy 93.75%
[2026-06-20 08:20:17,595][src.modRNN.training.training_loop][INFO] - 	 Starting Epoch: 670
[2026-06-20 08:20:18,337][src.modRNN.training.training_loop][INFO] - train epoch 670 loss 0.3257 accuracy 90.62%
[2026-06-20 08:20:18,339][src.modRNN.training.training_loop][INFO] - 	 Starting Epoch: 671
[2026-06-20 08:20:19,078][src.modRNN.training.training_loop][INFO] - train epoch 671 loss 0.2904 accuracy 98.44%
[2026-06-20 08:20:19,080][src.modRNN.training.training_loop][INFO] - 	 Starting Epoch: 672
[2026-06-20 08:20:19,818][src.modRNN.training.training_loop][INFO] - train epoch 672 loss 0.3446 accuracy 92.19%
[2026-06-20 08:20:19,820][src.modRNN.training.training_loop][INFO] - 	 Starting Epoch: 673
[2026-06-20 08:20:20,560][src.modRNN.training.training_loop][INFO] - train epoch 673 loss 0.2789 accuracy 93.75%
[2026-06-20 08:20:20,562][src.modRNN.training.training_loop][INFO] - 	 Starting Epoch: 674
[2026-06-20 08:20:21,299][src.modRNN.training.training_loop][INFO] - train epoch 674 loss 0.4179 accuracy 90.62%
[2026-06-20 08:20:21,301][src.modRNN.training.training_loop][INFO] - 	 Starting Epoch: 675
[2026-06-20 08:20:22,038][src.modRNN.training.training_loop][INFO] - train epoch 675 loss 0.3614 accuracy 93.75%
[2026-06-20 08:20:22,040][src.modRNN.training.training_loop][INFO] - 	 Starting Epoch: 676
[2026-06-20 08:20:22,778][src.modRNN.training.training_loop][INFO] - train epoch 676 loss 0.4284 accuracy 93.75%
[2026-06-20 08:20:23,976][src.modRNN.training.training_loop][INFO] - eval  epoch 676 loss 0.4372 accuracy 89.45%
[2026-06-20 08:20:23,978][src.modRNN.training.training_loop][INFO] - 	 Starting Epoch: 677
[2026-06-20 08:20:24,715][src.modRNN.training.training_loop][INFO] - train epoch 677 loss 0.4399 accuracy 90.62%
[2026-06-20 08:20:24,717][src.modRNN.training.training_loop][INFO] - 	 Starting Epoch: 678
[2026-06-20 08:20:25,454][src.modRNN.training.training_loop][INFO] - train epoch 678 loss 0.3959 accuracy 82.81%
[2026-06-20 08:20:25,456][src.modRNN.training.training_loop][INFO] - 	 Starting Epoch: 679
[2026-06-20 08:20:26,195][src.modRNN.training.training_loop][INFO] - train epoch 679 loss 0.7230 accuracy 79.69%
[2026-06-20 08:20:26,197][src.modRNN.training.training_loop][INFO] - 	 Starting Epoch: 680
[2026-06-20 08:20:26,937][src.modRNN.training.training_loop][INFO] - train epoch 680 loss 0.5853 accuracy 85.94%
[2026-06-20 08:20:26,939][src.modRNN.training.training_loop][INFO] - 	 Starting Epoch: 681
[2026-06-20 08:20:27,678][src.modRNN.training.training_loop][INFO] - train epoch 681 loss 0.4829 accuracy 82.81%
[2026-06-20 08:20:27,680][src.modRNN.training.training_loop][INFO] - 	 Starting Epoch: 682
[2026-06-20 08:20:28,420][src.modRNN.training.training_loop][INFO] - train epoch 682 loss 0.6495 accuracy 81.25%
[2026-06-20 08:20:28,422][src.modRNN.training.training_loop][INFO] - 	 Starting Epoch: 683
[2026-06-20 08:20:29,163][src.modRNN.training.training_loop][INFO] - train epoch 683 loss 0.6125 accuracy 82.81%
[2026-06-20 08:20:29,165][src.modRNN.training.training_loop][INFO] - 	 Starting Epoch: 684
[2026-06-20 08:20:29,903][src.modRNN.training.training_loop][INFO] - train epoch 684 loss 0.6921 accuracy 78.12%
[2026-06-20 08:20:29,905][src.modRNN.training.training_loop][INFO] - 	 Starting Epoch: 685
[2026-06-20 08:20:30,643][src.modRNN.training.training_loop][INFO] - train epoch 685 loss 0.6833 accuracy 79.69%
[2026-06-20 08:20:30,645][src.modRNN.training.training_loop][INFO] - 	 Starting Epoch: 686
[2026-06-20 08:20:31,382][src.modRNN.training.training_loop][INFO] - train epoch 686 loss 0.5655 accuracy 79.69%
[2026-06-20 08:20:31,384][src.modRNN.training.training_loop][INFO] - 	 Starting Epoch: 687
[2026-06-20 08:20:32,118][src.modRNN.training.training_loop][INFO] - train epoch 687 loss 0.6448 accuracy 65.62%
[2026-06-20 08:20:32,120][src.modRNN.training.training_loop][INFO] - 	 Starting Epoch: 688
[2026-06-20 08:20:32,854][src.modRNN.training.training_loop][INFO] - train epoch 688 loss 0.4997 accuracy 78.12%
[2026-06-20 08:20:32,856][src.modRNN.training.training_loop][INFO] - 	 Starting Epoch: 689
[2026-06-20 08:20:33,591][src.modRNN.training.training_loop][INFO] - train epoch 689 loss 0.5322 accuracy 75.00%
[2026-06-20 08:20:33,593][src.modRNN.training.training_loop][INFO] - 	 Starting Epoch: 690
[2026-06-20 08:20:34,326][src.modRNN.training.training_loop][INFO] - train epoch 690 loss 0.4590 accuracy 89.06%
[2026-06-20 08:20:34,328][src.modRNN.training.training_loop][INFO] - 	 Starting Epoch: 691
[2026-06-20 08:20:35,063][src.modRNN.training.training_loop][INFO] - train epoch 691 loss 0.4302 accuracy 96.88%
[2026-06-20 08:20:35,065][src.modRNN.training.training_loop][INFO] - 	 Starting Epoch: 692
[2026-06-20 08:20:35,799][src.modRNN.training.training_loop][INFO] - train epoch 692 loss 0.4402 accuracy 87.50%
[2026-06-20 08:20:35,800][src.modRNN.training.training_loop][INFO] - 	 Starting Epoch: 693
[2026-06-20 08:20:36,535][src.modRNN.training.training_loop][INFO] - train epoch 693 loss 0.3786 accuracy 95.31%
[2026-06-20 08:20:36,537][src.modRNN.training.training_loop][INFO] - 	 Starting Epoch: 694
[2026-06-20 08:20:37,270][src.modRNN.training.training_loop][INFO] - train epoch 694 loss 0.3557 accuracy 95.31%
[2026-06-20 08:20:37,271][src.modRNN.training.training_loop][INFO] - 	 Starting Epoch: 695
[2026-06-20 08:20:38,006][src.modRNN.training.training_loop][INFO] - train epoch 695 loss 0.3690 accuracy 92.19%
[2026-06-20 08:20:38,008][src.modRNN.training.training_loop][INFO] - 	 Starting Epoch: 696
[2026-06-20 08:20:38,741][src.modRNN.training.training_loop][INFO] - train epoch 696 loss 0.3474 accuracy 89.06%
[2026-06-20 08:20:38,743][src.modRNN.training.training_loop][INFO] - 	 Starting Epoch: 697
[2026-06-20 08:20:39,477][src.modRNN.training.training_loop][INFO] - train epoch 697 loss 0.3040 accuracy 89.06%
[2026-06-20 08:20:39,479][src.modRNN.training.training_loop][INFO] - 	 Starting Epoch: 698
[2026-06-20 08:20:40,213][src.modRNN.training.training_loop][INFO] - train epoch 698 loss 0.3818 accuracy 87.50%
[2026-06-20 08:20:40,215][src.modRNN.training.training_loop][INFO] - 	 Starting Epoch: 699
[2026-06-20 08:20:40,949][src.modRNN.training.training_loop][INFO] - train epoch 699 loss 0.4252 accuracy 79.69%
[2026-06-20 08:20:40,950][src.modRNN.training.training_loop][INFO] - 	 Starting Epoch: 700
[2026-06-20 08:20:41,683][src.modRNN.training.training_loop][INFO] - train epoch 700 loss 0.4057 accuracy 84.38%
[2026-06-20 08:20:41,685][src.modRNN.training.training_loop][INFO] - 	 Starting Epoch: 701
[2026-06-20 08:20:42,419][src.modRNN.training.training_loop][INFO] - train epoch 701 loss 0.3830 accuracy 85.94%
[2026-06-20 08:20:43,614][src.modRNN.training.training_loop][INFO] - eval  epoch 701 loss 0.3922 accuracy 85.16%
[2026-06-20 08:20:43,616][src.modRNN.training.training_loop][INFO] - 	 Starting Epoch: 702
[2026-06-20 08:20:44,353][src.modRNN.training.training_loop][INFO] - train epoch 702 loss 0.3628 accuracy 85.94%
[2026-06-20 08:20:44,355][src.modRNN.training.training_loop][INFO] - 	 Starting Epoch: 703
[2026-06-20 08:20:45,088][src.modRNN.training.training_loop][INFO] - train epoch 703 loss 0.4409 accuracy 81.25%
[2026-06-20 08:20:45,090][src.modRNN.training.training_loop][INFO] - 	 Starting Epoch: 704
[2026-06-20 08:20:45,823][src.modRNN.training.training_loop][INFO] - train epoch 704 loss 0.4000 accuracy 81.25%
[2026-06-20 08:20:45,825][src.modRNN.training.training_loop][INFO] - 	 Starting Epoch: 705
[2026-06-20 08:20:46,559][src.modRNN.training.training_loop][INFO] - train epoch 705 loss 0.3864 accuracy 81.25%
[2026-06-20 08:20:46,561][src.modRNN.training.training_loop][INFO] - 	 Starting Epoch: 706
[2026-06-20 08:20:47,296][src.modRNN.training.training_loop][INFO] - train epoch 706 loss 0.3060 accuracy 85.94%
[2026-06-20 08:20:47,298][src.modRNN.training.training_loop][INFO] - 	 Starting Epoch: 707
[2026-06-20 08:20:48,032][src.modRNN.training.training_loop][INFO] - train epoch 707 loss 0.3071 accuracy 89.06%
[2026-06-20 08:20:48,033][src.modRNN.training.training_loop][INFO] - 	 Starting Epoch: 708
[2026-06-20 08:20:48,767][src.modRNN.training.training_loop][INFO] - train epoch 708 loss 0.2947 accuracy 85.94%
[2026-06-20 08:20:48,769][src.modRNN.training.training_loop][INFO] - 	 Starting Epoch: 709
[2026-06-20 08:20:49,502][src.modRNN.training.training_loop][INFO] - train epoch 709 loss 0.3930 accuracy 75.00%
[2026-06-20 08:20:49,504][src.modRNN.training.training_loop][INFO] - 	 Starting Epoch: 710
[2026-06-20 08:20:50,240][src.modRNN.training.training_loop][INFO] - train epoch 710 loss 0.3326 accuracy 87.50%
[2026-06-20 08:20:50,242][src.modRNN.training.training_loop][INFO] - 	 Starting Epoch: 711
[2026-06-20 08:20:50,980][src.modRNN.training.training_loop][INFO] - train epoch 711 loss 0.3409 accuracy 81.25%
[2026-06-20 08:20:50,982][src.modRNN.training.training_loop][INFO] - 	 Starting Epoch: 712
[2026-06-20 08:20:51,718][src.modRNN.training.training_loop][INFO] - train epoch 712 loss 0.3113 accuracy 84.38%
[2026-06-20 08:20:51,720][src.modRNN.training.training_loop][INFO] - 	 Starting Epoch: 713
[2026-06-20 08:20:52,456][src.modRNN.training.training_loop][INFO] - train epoch 713 loss 0.3553 accuracy 81.25%
[2026-06-20 08:20:52,458][src.modRNN.training.training_loop][INFO] - 	 Starting Epoch: 714
[2026-06-20 08:20:53,192][src.modRNN.training.training_loop][INFO] - train epoch 714 loss 0.3544 accuracy 78.12%
[2026-06-20 08:20:53,193][src.modRNN.training.training_loop][INFO] - 	 Starting Epoch: 715
[2026-06-20 08:20:53,926][src.modRNN.training.training_loop][INFO] - train epoch 715 loss 0.3262 accuracy 78.12%
[2026-06-20 08:20:53,927][src.modRNN.training.training_loop][INFO] - 	 Starting Epoch: 716
[2026-06-20 08:20:54,661][src.modRNN.training.training_loop][INFO] - train epoch 716 loss 0.3225 accuracy 82.81%
[2026-06-20 08:20:54,663][src.modRNN.training.training_loop][INFO] - 	 Starting Epoch: 717
[2026-06-20 08:20:55,398][src.modRNN.training.training_loop][INFO] - train epoch 717 loss 0.2881 accuracy 84.38%
[2026-06-20 08:20:55,400][src.modRNN.training.training_loop][INFO] - 	 Starting Epoch: 718
[2026-06-20 08:20:56,134][src.modRNN.training.training_loop][INFO] - train epoch 718 loss 0.3458 accuracy 84.38%
[2026-06-20 08:20:56,136][src.modRNN.training.training_loop][INFO] - 	 Starting Epoch: 719
[2026-06-20 08:20:56,869][src.modRNN.training.training_loop][INFO] - train epoch 719 loss 0.3785 accuracy 78.12%
[2026-06-20 08:20:56,871][src.modRNN.training.training_loop][INFO] - 	 Starting Epoch: 720
[2026-06-20 08:20:57,604][src.modRNN.training.training_loop][INFO] - train epoch 720 loss 0.3720 accuracy 73.44%
[2026-06-20 08:20:57,606][src.modRNN.training.training_loop][INFO] - 	 Starting Epoch: 721
[2026-06-20 08:20:58,338][src.modRNN.training.training_loop][INFO] - train epoch 721 loss 0.3727 accuracy 78.12%
[2026-06-20 08:20:58,340][src.modRNN.training.training_loop][INFO] - 	 Starting Epoch: 722
[2026-06-20 08:20:59,074][src.modRNN.training.training_loop][INFO] - train epoch 722 loss 0.2911 accuracy 84.38%
[2026-06-20 08:20:59,076][src.modRNN.training.training_loop][INFO] - 	 Starting Epoch: 723
[2026-06-20 08:20:59,809][src.modRNN.training.training_loop][INFO] - train epoch 723 loss 0.3383 accuracy 75.00%
[2026-06-20 08:20:59,811][src.modRNN.training.training_loop][INFO] - 	 Starting Epoch: 724
[2026-06-20 08:21:00,543][src.modRNN.training.training_loop][INFO] - train epoch 724 loss 0.2789 accuracy 90.62%
[2026-06-20 08:21:00,545][src.modRNN.training.training_loop][INFO] - 	 Starting Epoch: 725
[2026-06-20 08:21:01,280][src.modRNN.training.training_loop][INFO] - train epoch 725 loss 0.2893 accuracy 87.50%
[2026-06-20 08:21:01,283][src.modRNN.training.training_loop][INFO] - 	 Starting Epoch: 726
[2026-06-20 08:21:02,064][src.modRNN.training.training_loop][INFO] - train epoch 726 loss 0.2656 accuracy 85.94%
[2026-06-20 08:21:03,262][src.modRNN.training.training_loop][INFO] - eval  epoch 726 loss 0.3461 accuracy 80.66%
[2026-06-20 08:21:03,264][src.modRNN.training.training_loop][INFO] - 	 Starting Epoch: 727
[2026-06-20 08:21:04,006][src.modRNN.training.training_loop][INFO] - train epoch 727 loss 0.3204 accuracy 78.12%
[2026-06-20 08:21:04,008][src.modRNN.training.training_loop][INFO] - 	 Starting Epoch: 728
[2026-06-20 08:21:04,749][src.modRNN.training.training_loop][INFO] - train epoch 728 loss 0.3782 accuracy 75.00%
[2026-06-20 08:21:04,750][src.modRNN.training.training_loop][INFO] - 	 Starting Epoch: 729
[2026-06-20 08:21:05,490][src.modRNN.training.training_loop][INFO] - train epoch 729 loss 0.3809 accuracy 82.81%
[2026-06-20 08:21:05,492][src.modRNN.training.training_loop][INFO] - 	 Starting Epoch: 730
[2026-06-20 08:21:06,233][src.modRNN.training.training_loop][INFO] - train epoch 730 loss 0.3609 accuracy 79.69%
[2026-06-20 08:21:06,235][src.modRNN.training.training_loop][INFO] - 	 Starting Epoch: 731
[2026-06-20 08:21:06,972][src.modRNN.training.training_loop][INFO] - train epoch 731 loss 0.3291 accuracy 78.12%
[2026-06-20 08:21:06,974][src.modRNN.training.training_loop][INFO] - 	 Starting Epoch: 732
[2026-06-20 08:21:07,711][src.modRNN.training.training_loop][INFO] - train epoch 732 loss 0.3651 accuracy 81.25%
[2026-06-20 08:21:07,713][src.modRNN.training.training_loop][INFO] - 	 Starting Epoch: 733
[2026-06-20 08:21:08,453][src.modRNN.training.training_loop][INFO] - train epoch 733 loss 0.3923 accuracy 81.25%
[2026-06-20 08:21:08,455][src.modRNN.training.training_loop][INFO] - 	 Starting Epoch: 734
[2026-06-20 08:21:09,194][src.modRNN.training.training_loop][INFO] - train epoch 734 loss 0.4273 accuracy 79.69%
[2026-06-20 08:21:09,196][src.modRNN.training.training_loop][INFO] - 	 Starting Epoch: 735
[2026-06-20 08:21:09,936][src.modRNN.training.training_loop][INFO] - train epoch 735 loss 0.3446 accuracy 89.06%
[2026-06-20 08:21:09,938][src.modRNN.training.training_loop][INFO] - 	 Starting Epoch: 736
[2026-06-20 08:21:10,678][src.modRNN.training.training_loop][INFO] - train epoch 736 loss 0.4326 accuracy 84.38%
[2026-06-20 08:21:10,680][src.modRNN.training.training_loop][INFO] - 	 Starting Epoch: 737
[2026-06-20 08:21:11,419][src.modRNN.training.training_loop][INFO] - train epoch 737 loss 0.3665 accuracy 85.94%
[2026-06-20 08:21:11,420][src.modRNN.training.training_loop][INFO] - 	 Starting Epoch: 738
[2026-06-20 08:21:12,163][src.modRNN.training.training_loop][INFO] - train epoch 738 loss 0.3550 accuracy 87.50%
[2026-06-20 08:21:12,165][src.modRNN.training.training_loop][INFO] - 	 Starting Epoch: 739
[2026-06-20 08:21:12,905][src.modRNN.training.training_loop][INFO] - train epoch 739 loss 0.2973 accuracy 93.75%
[2026-06-20 08:21:12,907][src.modRNN.training.training_loop][INFO] - 	 Starting Epoch: 740
[2026-06-20 08:21:13,646][src.modRNN.training.training_loop][INFO] - train epoch 740 loss 0.2938 accuracy 93.75%
[2026-06-20 08:21:13,648][src.modRNN.training.training_loop][INFO] - 	 Starting Epoch: 741
[2026-06-20 08:21:14,390][src.modRNN.training.training_loop][INFO] - train epoch 741 loss 0.3110 accuracy 92.19%
[2026-06-20 08:21:14,392][src.modRNN.training.training_loop][INFO] - 	 Starting Epoch: 742
[2026-06-20 08:21:15,131][src.modRNN.training.training_loop][INFO] - train epoch 742 loss 0.3159 accuracy 93.75%
[2026-06-20 08:21:15,133][src.modRNN.training.training_loop][INFO] - 	 Starting Epoch: 743
[2026-06-20 08:21:15,871][src.modRNN.training.training_loop][INFO] - train epoch 743 loss 0.2626 accuracy 90.62%
[2026-06-20 08:21:15,873][src.modRNN.training.training_loop][INFO] - 	 Starting Epoch: 744
[2026-06-20 08:21:16,612][src.modRNN.training.training_loop][INFO] - train epoch 744 loss 0.3541 accuracy 93.75%
[2026-06-20 08:21:16,614][src.modRNN.training.training_loop][INFO] - 	 Starting Epoch: 745
[2026-06-20 08:21:17,355][src.modRNN.training.training_loop][INFO] - train epoch 745 loss 0.3472 accuracy 92.19%
[2026-06-20 08:21:17,357][src.modRNN.training.training_loop][INFO] - 	 Starting Epoch: 746
[2026-06-20 08:21:18,094][src.modRNN.training.training_loop][INFO] - train epoch 746 loss 0.2891 accuracy 95.31%
[2026-06-20 08:21:18,096][src.modRNN.training.training_loop][INFO] - 	 Starting Epoch: 747
[2026-06-20 08:21:18,833][src.modRNN.training.training_loop][INFO] - train epoch 747 loss 0.2350 accuracy 98.44%
[2026-06-20 08:21:18,835][src.modRNN.training.training_loop][INFO] - 	 Starting Epoch: 748
[2026-06-20 08:21:19,577][src.modRNN.training.training_loop][INFO] - train epoch 748 loss 0.2620 accuracy 100.00%
[2026-06-20 08:21:19,579][src.modRNN.training.training_loop][INFO] - 	 Starting Epoch: 749
[2026-06-20 08:21:20,317][src.modRNN.training.training_loop][INFO] - train epoch 749 loss 0.2978 accuracy 100.00%
[2026-06-20 08:21:20,319][src.modRNN.training.training_loop][INFO] - 	 Starting Epoch: 750
[2026-06-20 08:21:21,059][src.modRNN.training.training_loop][INFO] - train epoch 750 loss 0.2121 accuracy 98.44%
[2026-06-20 08:21:21,061][src.modRNN.training.training_loop][INFO] - 	 Starting Epoch: 751
[2026-06-20 08:21:21,802][src.modRNN.training.training_loop][INFO] - train epoch 751 loss 0.2495 accuracy 95.31%
[2026-06-20 08:21:23,001][src.modRNN.training.training_loop][INFO] - eval  epoch 751 loss 0.2543 accuracy 97.85%
[2026-06-20 08:21:23,003][src.modRNN.training.training_loop][INFO] - 	 Starting Epoch: 752
[2026-06-20 08:21:23,742][src.modRNN.training.training_loop][INFO] - train epoch 752 loss 0.2432 accuracy 98.44%
[2026-06-20 08:21:23,744][src.modRNN.training.training_loop][INFO] - 	 Starting Epoch: 753
[2026-06-20 08:21:24,482][src.modRNN.training.training_loop][INFO] - train epoch 753 loss 0.2358 accuracy 98.44%
[2026-06-20 08:21:24,484][src.modRNN.training.training_loop][INFO] - 	 Starting Epoch: 754
[2026-06-20 08:21:25,223][src.modRNN.training.training_loop][INFO] - train epoch 754 loss 0.2552 accuracy 98.44%
[2026-06-20 08:21:25,225][src.modRNN.training.training_loop][INFO] - 	 Starting Epoch: 755
[2026-06-20 08:21:25,964][src.modRNN.training.training_loop][INFO] - train epoch 755 loss 0.2707 accuracy 95.31%
[2026-06-20 08:21:25,966][src.modRNN.training.training_loop][INFO] - 	 Starting Epoch: 756
[2026-06-20 08:21:26,704][src.modRNN.training.training_loop][INFO] - train epoch 756 loss 0.2320 accuracy 98.44%
[2026-06-20 08:21:26,706][src.modRNN.training.training_loop][INFO] - 	 Starting Epoch: 757
[2026-06-20 08:21:27,444][src.modRNN.training.training_loop][INFO] - train epoch 757 loss 0.2207 accuracy 100.00%
[2026-06-20 08:21:27,446][src.modRNN.training.training_loop][INFO] - 	 Starting Epoch: 758
[2026-06-20 08:21:28,184][src.modRNN.training.training_loop][INFO] - train epoch 758 loss 0.2156 accuracy 98.44%
[2026-06-20 08:21:28,186][src.modRNN.training.training_loop][INFO] - 	 Starting Epoch: 759
[2026-06-20 08:21:28,924][src.modRNN.training.training_loop][INFO] - train epoch 759 loss 0.2534 accuracy 96.88%
[2026-06-20 08:21:28,926][src.modRNN.training.training_loop][INFO] - 	 Starting Epoch: 760
[2026-06-20 08:21:29,664][src.modRNN.training.training_loop][INFO] - train epoch 760 loss 0.2476 accuracy 95.31%
[2026-06-20 08:21:29,666][src.modRNN.training.training_loop][INFO] - 	 Starting Epoch: 761
[2026-06-20 08:21:30,405][src.modRNN.training.training_loop][INFO] - train epoch 761 loss 0.2250 accuracy 100.00%
[2026-06-20 08:21:30,407][src.modRNN.training.training_loop][INFO] - 	 Starting Epoch: 762
[2026-06-20 08:21:31,146][src.modRNN.training.training_loop][INFO] - train epoch 762 loss 0.2324 accuracy 98.44%
[2026-06-20 08:21:31,148][src.modRNN.training.training_loop][INFO] - 	 Starting Epoch: 763
[2026-06-20 08:21:31,882][src.modRNN.training.training_loop][INFO] - train epoch 763 loss 0.2405 accuracy 96.88%
[2026-06-20 08:21:31,883][src.modRNN.training.training_loop][INFO] - 	 Starting Epoch: 764
[2026-06-20 08:21:32,621][src.modRNN.training.training_loop][INFO] - train epoch 764 loss 0.3095 accuracy 93.75%
[2026-06-20 08:21:32,622][src.modRNN.training.training_loop][INFO] - 	 Starting Epoch: 765
[2026-06-20 08:21:33,356][src.modRNN.training.training_loop][INFO] - train epoch 765 loss 0.2712 accuracy 96.88%
[2026-06-20 08:21:33,358][src.modRNN.training.training_loop][INFO] - 	 Starting Epoch: 766
[2026-06-20 08:21:34,091][src.modRNN.training.training_loop][INFO] - train epoch 766 loss 0.3208 accuracy 95.31%
[2026-06-20 08:21:34,094][src.modRNN.training.training_loop][INFO] - 	 Starting Epoch: 767
[2026-06-20 08:21:34,827][src.modRNN.training.training_loop][INFO] - train epoch 767 loss 0.2359 accuracy 98.44%
[2026-06-20 08:21:34,829][src.modRNN.training.training_loop][INFO] - 	 Starting Epoch: 768
[2026-06-20 08:21:35,561][src.modRNN.training.training_loop][INFO] - train epoch 768 loss 0.4182 accuracy 90.62%
[2026-06-20 08:21:35,563][src.modRNN.training.training_loop][INFO] - 	 Starting Epoch: 769
[2026-06-20 08:21:36,296][src.modRNN.training.training_loop][INFO] - train epoch 769 loss 0.3082 accuracy 95.31%
[2026-06-20 08:21:36,298][src.modRNN.training.training_loop][INFO] - 	 Starting Epoch: 770
[2026-06-20 08:21:37,031][src.modRNN.training.training_loop][INFO] - train epoch 770 loss 0.2115 accuracy 98.44%
[2026-06-20 08:21:37,033][src.modRNN.training.training_loop][INFO] - 	 Starting Epoch: 771
[2026-06-20 08:21:37,769][src.modRNN.training.training_loop][INFO] - train epoch 771 loss 0.2257 accuracy 98.44%
[2026-06-20 08:21:37,771][src.modRNN.training.training_loop][INFO] - 	 Starting Epoch: 772
[2026-06-20 08:21:38,507][src.modRNN.training.training_loop][INFO] - train epoch 772 loss 0.2003 accuracy 100.00%
[2026-06-20 08:21:38,510][src.modRNN.training.training_loop][INFO] - 	 Starting Epoch: 773
[2026-06-20 08:21:39,246][src.modRNN.training.training_loop][INFO] - train epoch 773 loss 0.1895 accuracy 100.00%
[2026-06-20 08:21:39,248][src.modRNN.training.training_loop][INFO] - 	 Starting Epoch: 774
[2026-06-20 08:21:39,981][src.modRNN.training.training_loop][INFO] - train epoch 774 loss 0.2099 accuracy 100.00%
[2026-06-20 08:21:39,983][src.modRNN.training.training_loop][INFO] - 	 Starting Epoch: 775
[2026-06-20 08:21:40,717][src.modRNN.training.training_loop][INFO] - train epoch 775 loss 0.1922 accuracy 100.00%
[2026-06-20 08:21:40,718][src.modRNN.training.training_loop][INFO] - 	 Starting Epoch: 776
[2026-06-20 08:21:41,453][src.modRNN.training.training_loop][INFO] - train epoch 776 loss 0.2286 accuracy 100.00%
[2026-06-20 08:21:42,653][src.modRNN.training.training_loop][INFO] - eval  epoch 776 loss 0.2086 accuracy 99.41%
[2026-06-20 08:21:42,654][src.modRNN.training.training_loop][INFO] - 	 Starting Epoch: 777
[2026-06-20 08:21:43,388][src.modRNN.training.training_loop][INFO] - train epoch 777 loss 0.2090 accuracy 100.00%
[2026-06-20 08:21:43,390][src.modRNN.training.training_loop][INFO] - 	 Starting Epoch: 778
[2026-06-20 08:21:44,124][src.modRNN.training.training_loop][INFO] - train epoch 778 loss 0.1744 accuracy 100.00%
[2026-06-20 08:21:44,126][src.modRNN.training.training_loop][INFO] - 	 Starting Epoch: 779
[2026-06-20 08:21:44,860][src.modRNN.training.training_loop][INFO] - train epoch 779 loss 0.2232 accuracy 100.00%
[2026-06-20 08:21:44,862][src.modRNN.training.training_loop][INFO] - 	 Starting Epoch: 780
[2026-06-20 08:21:45,597][src.modRNN.training.training_loop][INFO] - train epoch 780 loss 0.1904 accuracy 100.00%
[2026-06-20 08:21:45,599][src.modRNN.training.training_loop][INFO] - 	 Starting Epoch: 781
[2026-06-20 08:21:46,336][src.modRNN.training.training_loop][INFO] - train epoch 781 loss 0.1983 accuracy 100.00%
[2026-06-20 08:21:46,338][src.modRNN.training.training_loop][INFO] - 	 Starting Epoch: 782
[2026-06-20 08:21:47,073][src.modRNN.training.training_loop][INFO] - train epoch 782 loss 0.2119 accuracy 100.00%
[2026-06-20 08:21:47,075][src.modRNN.training.training_loop][INFO] - 	 Starting Epoch: 783
[2026-06-20 08:21:47,810][src.modRNN.training.training_loop][INFO] - train epoch 783 loss 0.2118 accuracy 100.00%
[2026-06-20 08:21:47,812][src.modRNN.training.training_loop][INFO] - 	 Starting Epoch: 784
[2026-06-20 08:21:48,546][src.modRNN.training.training_loop][INFO] - train epoch 784 loss 0.2363 accuracy 100.00%
[2026-06-20 08:21:48,548][src.modRNN.training.training_loop][INFO] - 	 Starting Epoch: 785
[2026-06-20 08:21:49,282][src.modRNN.training.training_loop][INFO] - train epoch 785 loss 0.2061 accuracy 98.44%
[2026-06-20 08:21:49,284][src.modRNN.training.training_loop][INFO] - 	 Starting Epoch: 786
[2026-06-20 08:21:50,018][src.modRNN.training.training_loop][INFO] - train epoch 786 loss 0.2023 accuracy 100.00%
[2026-06-20 08:21:50,019][src.modRNN.training.training_loop][INFO] - 	 Starting Epoch: 787
[2026-06-20 08:21:50,755][src.modRNN.training.training_loop][INFO] - train epoch 787 loss 0.1676 accuracy 100.00%
[2026-06-20 08:21:50,757][src.modRNN.training.training_loop][INFO] - 	 Starting Epoch: 788
[2026-06-20 08:21:51,489][src.modRNN.training.training_loop][INFO] - train epoch 788 loss 0.2391 accuracy 100.00%
[2026-06-20 08:21:51,491][src.modRNN.training.training_loop][INFO] - 	 Starting Epoch: 789
[2026-06-20 08:21:52,225][src.modRNN.training.training_loop][INFO] - train epoch 789 loss 0.2088 accuracy 100.00%
[2026-06-20 08:21:52,227][src.modRNN.training.training_loop][INFO] - 	 Starting Epoch: 790
[2026-06-20 08:21:52,961][src.modRNN.training.training_loop][INFO] - train epoch 790 loss 0.2241 accuracy 100.00%
[2026-06-20 08:21:52,963][src.modRNN.training.training_loop][INFO] - 	 Starting Epoch: 791
[2026-06-20 08:21:53,698][src.modRNN.training.training_loop][INFO] - train epoch 791 loss 0.2024 accuracy 100.00%
[2026-06-20 08:21:53,700][src.modRNN.training.training_loop][INFO] - 	 Starting Epoch: 792
[2026-06-20 08:21:54,436][src.modRNN.training.training_loop][INFO] - train epoch 792 loss 0.2001 accuracy 100.00%
[2026-06-20 08:21:54,437][src.modRNN.training.training_loop][INFO] - 	 Starting Epoch: 793
[2026-06-20 08:21:55,174][src.modRNN.training.training_loop][INFO] - train epoch 793 loss 0.2243 accuracy 100.00%
[2026-06-20 08:21:55,176][src.modRNN.training.training_loop][INFO] - 	 Starting Epoch: 794
[2026-06-20 08:21:55,912][src.modRNN.training.training_loop][INFO] - train epoch 794 loss 0.2027 accuracy 100.00%
[2026-06-20 08:21:55,914][src.modRNN.training.training_loop][INFO] - 	 Starting Epoch: 795
[2026-06-20 08:21:56,652][src.modRNN.training.training_loop][INFO] - train epoch 795 loss 0.1714 accuracy 100.00%
[2026-06-20 08:21:56,654][src.modRNN.training.training_loop][INFO] - 	 Starting Epoch: 796
[2026-06-20 08:21:57,387][src.modRNN.training.training_loop][INFO] - train epoch 796 loss 0.2021 accuracy 100.00%
[2026-06-20 08:21:57,389][src.modRNN.training.training_loop][INFO] - 	 Starting Epoch: 797
[2026-06-20 08:21:58,128][src.modRNN.training.training_loop][INFO] - train epoch 797 loss 0.2036 accuracy 100.00%
[2026-06-20 08:21:58,130][src.modRNN.training.training_loop][INFO] - 	 Starting Epoch: 798
[2026-06-20 08:21:58,869][src.modRNN.training.training_loop][INFO] - train epoch 798 loss 0.2139 accuracy 100.00%
[2026-06-20 08:21:58,871][src.modRNN.training.training_loop][INFO] - 	 Starting Epoch: 799
[2026-06-20 08:21:59,612][src.modRNN.training.training_loop][INFO] - train epoch 799 loss 0.1914 accuracy 100.00%
[2026-06-20 08:21:59,614][src.modRNN.training.training_loop][INFO] - 	 Starting Epoch: 800
[2026-06-20 08:22:00,353][src.modRNN.training.training_loop][INFO] - train epoch 800 loss 0.1664 accuracy 100.00%
[2026-06-20 08:22:00,355][src.modRNN.training.training_loop][INFO] - 	 Starting Epoch: 801
[2026-06-20 08:22:01,092][src.modRNN.training.training_loop][INFO] - train epoch 801 loss 0.2208 accuracy 100.00%
[2026-06-20 08:22:02,295][src.modRNN.training.training_loop][INFO] - eval  epoch 801 loss 0.1879 accuracy 100.00%
[2026-06-20 08:22:02,296][src.modRNN.training.training_loop][INFO] - 	 Starting Epoch: 802
[2026-06-20 08:22:03,039][src.modRNN.training.training_loop][INFO] - train epoch 802 loss 0.1858 accuracy 100.00%
[2026-06-20 08:22:03,041][src.modRNN.training.training_loop][INFO] - 	 Starting Epoch: 803
[2026-06-20 08:22:03,784][src.modRNN.training.training_loop][INFO] - train epoch 803 loss 0.1942 accuracy 98.44%
[2026-06-20 08:22:03,785][src.modRNN.training.training_loop][INFO] - 	 Starting Epoch: 804
[2026-06-20 08:22:04,529][src.modRNN.training.training_loop][INFO] - train epoch 804 loss 0.1971 accuracy 100.00%
[2026-06-20 08:22:04,531][src.modRNN.training.training_loop][INFO] - 	 Starting Epoch: 805
[2026-06-20 08:22:05,274][src.modRNN.training.training_loop][INFO] - train epoch 805 loss 0.1700 accuracy 100.00%
[2026-06-20 08:22:05,276][src.modRNN.training.training_loop][INFO] - 	 Starting Epoch: 806
[2026-06-20 08:22:06,019][src.modRNN.training.training_loop][INFO] - train epoch 806 loss 0.2031 accuracy 100.00%
[2026-06-20 08:22:06,021][src.modRNN.training.training_loop][INFO] - 	 Starting Epoch: 807
[2026-06-20 08:22:06,765][src.modRNN.training.training_loop][INFO] - train epoch 807 loss 0.1689 accuracy 100.00%
[2026-06-20 08:22:06,766][src.modRNN.training.training_loop][INFO] - 	 Starting Epoch: 808
[2026-06-20 08:22:07,515][src.modRNN.training.training_loop][INFO] - train epoch 808 loss 0.2002 accuracy 100.00%
[2026-06-20 08:22:07,517][src.modRNN.training.training_loop][INFO] - 	 Starting Epoch: 809
[2026-06-20 08:22:08,260][src.modRNN.training.training_loop][INFO] - train epoch 809 loss 0.1899 accuracy 100.00%
[2026-06-20 08:22:08,262][src.modRNN.training.training_loop][INFO] - 	 Starting Epoch: 810
[2026-06-20 08:22:09,005][src.modRNN.training.training_loop][INFO] - train epoch 810 loss 0.1758 accuracy 100.00%
[2026-06-20 08:22:09,007][src.modRNN.training.training_loop][INFO] - 	 Starting Epoch: 811
[2026-06-20 08:22:09,751][src.modRNN.training.training_loop][INFO] - train epoch 811 loss 0.1569 accuracy 100.00%
[2026-06-20 08:22:09,753][src.modRNN.training.training_loop][INFO] - 	 Starting Epoch: 812
[2026-06-20 08:22:10,496][src.modRNN.training.training_loop][INFO] - train epoch 812 loss 0.1868 accuracy 100.00%
[2026-06-20 08:22:10,497][src.modRNN.training.training_loop][INFO] - 	 Starting Epoch: 813
[2026-06-20 08:22:11,240][src.modRNN.training.training_loop][INFO] - train epoch 813 loss 0.1864 accuracy 100.00%
[2026-06-20 08:22:11,242][src.modRNN.training.training_loop][INFO] - 	 Starting Epoch: 814
[2026-06-20 08:22:11,985][src.modRNN.training.training_loop][INFO] - train epoch 814 loss 0.1857 accuracy 100.00%
[2026-06-20 08:22:11,987][src.modRNN.training.training_loop][INFO] - 	 Starting Epoch: 815
[2026-06-20 08:22:12,729][src.modRNN.training.training_loop][INFO] - train epoch 815 loss 0.1539 accuracy 100.00%
[2026-06-20 08:22:12,731][src.modRNN.training.training_loop][INFO] - 	 Starting Epoch: 816
[2026-06-20 08:22:13,473][src.modRNN.training.training_loop][INFO] - train epoch 816 loss 0.1324 accuracy 100.00%
[2026-06-20 08:22:13,475][src.modRNN.training.training_loop][INFO] - 	 Starting Epoch: 817
[2026-06-20 08:22:14,219][src.modRNN.training.training_loop][INFO] - train epoch 817 loss 0.1535 accuracy 100.00%
[2026-06-20 08:22:14,220][src.modRNN.training.training_loop][INFO] - 	 Starting Epoch: 818
[2026-06-20 08:22:14,963][src.modRNN.training.training_loop][INFO] - train epoch 818 loss 0.1944 accuracy 100.00%
[2026-06-20 08:22:14,965][src.modRNN.training.training_loop][INFO] - 	 Starting Epoch: 819
[2026-06-20 08:22:15,706][src.modRNN.training.training_loop][INFO] - train epoch 819 loss 0.1743 accuracy 100.00%
[2026-06-20 08:22:15,708][src.modRNN.training.training_loop][INFO] - 	 Starting Epoch: 820
[2026-06-20 08:22:16,451][src.modRNN.training.training_loop][INFO] - train epoch 820 loss 0.1899 accuracy 100.00%
[2026-06-20 08:22:16,453][src.modRNN.training.training_loop][INFO] - 	 Starting Epoch: 821
[2026-06-20 08:22:17,197][src.modRNN.training.training_loop][INFO] - train epoch 821 loss 0.1762 accuracy 100.00%
[2026-06-20 08:22:17,198][src.modRNN.training.training_loop][INFO] - 	 Starting Epoch: 822
[2026-06-20 08:22:17,941][src.modRNN.training.training_loop][INFO] - train epoch 822 loss 0.2044 accuracy 100.00%
[2026-06-20 08:22:17,943][src.modRNN.training.training_loop][INFO] - 	 Starting Epoch: 823
[2026-06-20 08:22:18,687][src.modRNN.training.training_loop][INFO] - train epoch 823 loss 0.1771 accuracy 100.00%
[2026-06-20 08:22:18,689][src.modRNN.training.training_loop][INFO] - 	 Starting Epoch: 824
[2026-06-20 08:22:19,431][src.modRNN.training.training_loop][INFO] - train epoch 824 loss 0.1752 accuracy 100.00%
[2026-06-20 08:22:19,433][src.modRNN.training.training_loop][INFO] - 	 Starting Epoch: 825
[2026-06-20 08:22:20,175][src.modRNN.training.training_loop][INFO] - train epoch 825 loss 0.1620 accuracy 100.00%
[2026-06-20 08:22:20,177][src.modRNN.training.training_loop][INFO] - 	 Starting Epoch: 826
[2026-06-20 08:22:20,921][src.modRNN.training.training_loop][INFO] - train epoch 826 loss 0.1688 accuracy 100.00%
[2026-06-20 08:22:22,131][src.modRNN.training.training_loop][INFO] - eval  epoch 826 loss 0.1686 accuracy 99.80%
[2026-06-20 08:22:22,133][src.modRNN.training.training_loop][INFO] - 	 Starting Epoch: 827
[2026-06-20 08:22:22,878][src.modRNN.training.training_loop][INFO] - train epoch 827 loss 0.1431 accuracy 100.00%
[2026-06-20 08:22:22,880][src.modRNN.training.training_loop][INFO] - 	 Starting Epoch: 828
[2026-06-20 08:22:23,623][src.modRNN.training.training_loop][INFO] - train epoch 828 loss 0.1604 accuracy 100.00%
[2026-06-20 08:22:23,625][src.modRNN.training.training_loop][INFO] - 	 Starting Epoch: 829
[2026-06-20 08:22:24,367][src.modRNN.training.training_loop][INFO] - train epoch 829 loss 0.1737 accuracy 100.00%
[2026-06-20 08:22:24,369][src.modRNN.training.training_loop][INFO] - 	 Starting Epoch: 830
[2026-06-20 08:22:25,113][src.modRNN.training.training_loop][INFO] - train epoch 830 loss 0.1850 accuracy 100.00%
[2026-06-20 08:22:25,115][src.modRNN.training.training_loop][INFO] - 	 Starting Epoch: 831
[2026-06-20 08:22:25,858][src.modRNN.training.training_loop][INFO] - train epoch 831 loss 0.1899 accuracy 100.00%
[2026-06-20 08:22:25,860][src.modRNN.training.training_loop][INFO] - 	 Starting Epoch: 832
[2026-06-20 08:22:26,604][src.modRNN.training.training_loop][INFO] - train epoch 832 loss 0.1907 accuracy 100.00%
[2026-06-20 08:22:26,605][src.modRNN.training.training_loop][INFO] - 	 Starting Epoch: 833
[2026-06-20 08:22:27,349][src.modRNN.training.training_loop][INFO] - train epoch 833 loss 0.1578 accuracy 100.00%
[2026-06-20 08:22:27,350][src.modRNN.training.training_loop][INFO] - 	 Starting Epoch: 834
[2026-06-20 08:22:28,098][src.modRNN.training.training_loop][INFO] - train epoch 834 loss 0.1458 accuracy 100.00%
[2026-06-20 08:22:28,100][src.modRNN.training.training_loop][INFO] - 	 Starting Epoch: 835
[2026-06-20 08:22:28,845][src.modRNN.training.training_loop][INFO] - train epoch 835 loss 0.1769 accuracy 100.00%
[2026-06-20 08:22:28,847][src.modRNN.training.training_loop][INFO] - 	 Starting Epoch: 836
[2026-06-20 08:22:29,591][src.modRNN.training.training_loop][INFO] - train epoch 836 loss 0.1727 accuracy 100.00%
[2026-06-20 08:22:29,592][src.modRNN.training.training_loop][INFO] - 	 Starting Epoch: 837
[2026-06-20 08:22:30,335][src.modRNN.training.training_loop][INFO] - train epoch 837 loss 0.1366 accuracy 100.00%
[2026-06-20 08:22:30,337][src.modRNN.training.training_loop][INFO] - 	 Starting Epoch: 838
[2026-06-20 08:22:31,081][src.modRNN.training.training_loop][INFO] - train epoch 838 loss 0.1724 accuracy 100.00%
[2026-06-20 08:22:31,083][src.modRNN.training.training_loop][INFO] - 	 Starting Epoch: 839
[2026-06-20 08:22:31,824][src.modRNN.training.training_loop][INFO] - train epoch 839 loss 0.1714 accuracy 100.00%
[2026-06-20 08:22:31,826][src.modRNN.training.training_loop][INFO] - 	 Starting Epoch: 840
[2026-06-20 08:22:32,565][src.modRNN.training.training_loop][INFO] - train epoch 840 loss 0.1772 accuracy 100.00%
[2026-06-20 08:22:32,567][src.modRNN.training.training_loop][INFO] - 	 Starting Epoch: 841
[2026-06-20 08:22:33,307][src.modRNN.training.training_loop][INFO] - train epoch 841 loss 0.1692 accuracy 100.00%
[2026-06-20 08:22:33,309][src.modRNN.training.training_loop][INFO] - 	 Starting Epoch: 842
[2026-06-20 08:22:34,049][src.modRNN.training.training_loop][INFO] - train epoch 842 loss 0.1702 accuracy 100.00%
[2026-06-20 08:22:34,050][src.modRNN.training.training_loop][INFO] - 	 Starting Epoch: 843
[2026-06-20 08:22:34,789][src.modRNN.training.training_loop][INFO] - train epoch 843 loss 0.1497 accuracy 100.00%
[2026-06-20 08:22:34,790][src.modRNN.training.training_loop][INFO] - 	 Starting Epoch: 844
[2026-06-20 08:22:35,531][src.modRNN.training.training_loop][INFO] - train epoch 844 loss 0.1810 accuracy 100.00%
[2026-06-20 08:22:35,533][src.modRNN.training.training_loop][INFO] - 	 Starting Epoch: 845
[2026-06-20 08:22:36,273][src.modRNN.training.training_loop][INFO] - train epoch 845 loss 0.1421 accuracy 100.00%
[2026-06-20 08:22:36,275][src.modRNN.training.training_loop][INFO] - 	 Starting Epoch: 846
[2026-06-20 08:22:37,015][src.modRNN.training.training_loop][INFO] - train epoch 846 loss 0.1598 accuracy 98.44%
[2026-06-20 08:22:37,017][src.modRNN.training.training_loop][INFO] - 	 Starting Epoch: 847
[2026-06-20 08:22:37,756][src.modRNN.training.training_loop][INFO] - train epoch 847 loss 0.1593 accuracy 100.00%
[2026-06-20 08:22:37,758][src.modRNN.training.training_loop][INFO] - 	 Starting Epoch: 848
[2026-06-20 08:22:38,496][src.modRNN.training.training_loop][INFO] - train epoch 848 loss 0.1629 accuracy 100.00%
[2026-06-20 08:22:38,498][src.modRNN.training.training_loop][INFO] - 	 Starting Epoch: 849
[2026-06-20 08:22:39,238][src.modRNN.training.training_loop][INFO] - train epoch 849 loss 0.2320 accuracy 98.44%
[2026-06-20 08:22:39,240][src.modRNN.training.training_loop][INFO] - 	 Starting Epoch: 850
[2026-06-20 08:22:39,982][src.modRNN.training.training_loop][INFO] - train epoch 850 loss 0.2225 accuracy 98.44%
[2026-06-20 08:22:39,983][src.modRNN.training.training_loop][INFO] - 	 Starting Epoch: 851
[2026-06-20 08:22:40,722][src.modRNN.training.training_loop][INFO] - train epoch 851 loss 0.1892 accuracy 98.44%
[2026-06-20 08:22:41,930][src.modRNN.training.training_loop][INFO] - eval  epoch 851 loss 0.1803 accuracy 98.83%
[2026-06-20 08:22:41,932][src.modRNN.training.training_loop][INFO] - 	 Starting Epoch: 852
[2026-06-20 08:22:42,673][src.modRNN.training.training_loop][INFO] - train epoch 852 loss 0.1475 accuracy 100.00%
[2026-06-20 08:22:42,675][src.modRNN.training.training_loop][INFO] - 	 Starting Epoch: 853
[2026-06-20 08:22:43,418][src.modRNN.training.training_loop][INFO] - train epoch 853 loss 0.2850 accuracy 96.88%
[2026-06-20 08:22:43,420][src.modRNN.training.training_loop][INFO] - 	 Starting Epoch: 854
[2026-06-20 08:22:44,159][src.modRNN.training.training_loop][INFO] - train epoch 854 loss 0.2085 accuracy 98.44%
[2026-06-20 08:22:44,161][src.modRNN.training.training_loop][INFO] - 	 Starting Epoch: 855
[2026-06-20 08:22:44,902][src.modRNN.training.training_loop][INFO] - train epoch 855 loss 0.1797 accuracy 98.44%
[2026-06-20 08:22:44,904][src.modRNN.training.training_loop][INFO] - 	 Starting Epoch: 856
[2026-06-20 08:22:45,645][src.modRNN.training.training_loop][INFO] - train epoch 856 loss 0.1503 accuracy 100.00%
[2026-06-20 08:22:45,646][src.modRNN.training.training_loop][INFO] - 	 Starting Epoch: 857
[2026-06-20 08:22:46,386][src.modRNN.training.training_loop][INFO] - train epoch 857 loss 0.1243 accuracy 100.00%
[2026-06-20 08:22:46,388][src.modRNN.training.training_loop][INFO] - 	 Starting Epoch: 858
[2026-06-20 08:22:47,127][src.modRNN.training.training_loop][INFO] - train epoch 858 loss 0.1951 accuracy 98.44%
[2026-06-20 08:22:47,129][src.modRNN.training.training_loop][INFO] - 	 Starting Epoch: 859
[2026-06-20 08:22:47,871][src.modRNN.training.training_loop][INFO] - train epoch 859 loss 0.1578 accuracy 100.00%
[2026-06-20 08:22:47,873][src.modRNN.training.training_loop][INFO] - 	 Starting Epoch: 860
[2026-06-20 08:22:48,615][src.modRNN.training.training_loop][INFO] - train epoch 860 loss 0.2818 accuracy 95.31%
[2026-06-20 08:22:48,617][src.modRNN.training.training_loop][INFO] - 	 Starting Epoch: 861
[2026-06-20 08:22:49,358][src.modRNN.training.training_loop][INFO] - train epoch 861 loss 0.1381 accuracy 100.00%
[2026-06-20 08:22:49,359][src.modRNN.training.training_loop][INFO] - 	 Starting Epoch: 862
[2026-06-20 08:22:50,099][src.modRNN.training.training_loop][INFO] - train epoch 862 loss 0.2450 accuracy 96.88%
[2026-06-20 08:22:50,100][src.modRNN.training.training_loop][INFO] - 	 Starting Epoch: 863
[2026-06-20 08:22:50,840][src.modRNN.training.training_loop][INFO] - train epoch 863 loss 0.2759 accuracy 95.31%
[2026-06-20 08:22:50,842][src.modRNN.training.training_loop][INFO] - 	 Starting Epoch: 864
[2026-06-20 08:22:51,580][src.modRNN.training.training_loop][INFO] - train epoch 864 loss 0.1855 accuracy 96.88%
[2026-06-20 08:22:51,582][src.modRNN.training.training_loop][INFO] - 	 Starting Epoch: 865
[2026-06-20 08:22:52,322][src.modRNN.training.training_loop][INFO] - train epoch 865 loss 0.2999 accuracy 95.31%
[2026-06-20 08:22:52,323][src.modRNN.training.training_loop][INFO] - 	 Starting Epoch: 866
[2026-06-20 08:22:53,063][src.modRNN.training.training_loop][INFO] - train epoch 866 loss 0.1873 accuracy 96.88%
[2026-06-20 08:22:53,065][src.modRNN.training.training_loop][INFO] - 	 Starting Epoch: 867
[2026-06-20 08:22:53,804][src.modRNN.training.training_loop][INFO] - train epoch 867 loss 0.2376 accuracy 96.88%
[2026-06-20 08:22:53,806][src.modRNN.training.training_loop][INFO] - 	 Starting Epoch: 868
[2026-06-20 08:22:54,547][src.modRNN.training.training_loop][INFO] - train epoch 868 loss 0.2166 accuracy 95.31%
[2026-06-20 08:22:54,549][src.modRNN.training.training_loop][INFO] - 	 Starting Epoch: 869
[2026-06-20 08:22:55,288][src.modRNN.training.training_loop][INFO] - train epoch 869 loss 0.1508 accuracy 100.00%
[2026-06-20 08:22:55,290][src.modRNN.training.training_loop][INFO] - 	 Starting Epoch: 870
[2026-06-20 08:22:56,031][src.modRNN.training.training_loop][INFO] - train epoch 870 loss 0.2139 accuracy 95.31%
[2026-06-20 08:22:56,032][src.modRNN.training.training_loop][INFO] - 	 Starting Epoch: 871
[2026-06-20 08:22:56,771][src.modRNN.training.training_loop][INFO] - train epoch 871 loss 0.1820 accuracy 96.88%
[2026-06-20 08:22:56,773][src.modRNN.training.training_loop][INFO] - 	 Starting Epoch: 872
[2026-06-20 08:22:57,512][src.modRNN.training.training_loop][INFO] - train epoch 872 loss 0.2882 accuracy 90.62%
[2026-06-20 08:22:57,514][src.modRNN.training.training_loop][INFO] - 	 Starting Epoch: 873
[2026-06-20 08:22:58,256][src.modRNN.training.training_loop][INFO] - train epoch 873 loss 0.1394 accuracy 100.00%
[2026-06-20 08:22:58,257][src.modRNN.training.training_loop][INFO] - 	 Starting Epoch: 874
[2026-06-20 08:22:58,997][src.modRNN.training.training_loop][INFO] - train epoch 874 loss 0.2043 accuracy 95.31%
[2026-06-20 08:22:58,998][src.modRNN.training.training_loop][INFO] - 	 Starting Epoch: 875
[2026-06-20 08:22:59,738][src.modRNN.training.training_loop][INFO] - train epoch 875 loss 0.1627 accuracy 98.44%
[2026-06-20 08:22:59,740][src.modRNN.training.training_loop][INFO] - 	 Starting Epoch: 876
[2026-06-20 08:23:00,480][src.modRNN.training.training_loop][INFO] - train epoch 876 loss 0.1537 accuracy 100.00%
[2026-06-20 08:23:01,694][src.modRNN.training.training_loop][INFO] - eval  epoch 876 loss 0.1789 accuracy 98.24%
[2026-06-20 08:23:01,697][src.modRNN.training.training_loop][INFO] - 	 Starting Epoch: 877
[2026-06-20 08:23:02,448][src.modRNN.training.training_loop][INFO] - train epoch 877 loss 0.1428 accuracy 100.00%
[2026-06-20 08:23:02,450][src.modRNN.training.training_loop][INFO] - 	 Starting Epoch: 878
[2026-06-20 08:23:03,191][src.modRNN.training.training_loop][INFO] - train epoch 878 loss 0.2139 accuracy 98.44%
[2026-06-20 08:23:03,193][src.modRNN.training.training_loop][INFO] - 	 Starting Epoch: 879
[2026-06-20 08:23:03,936][src.modRNN.training.training_loop][INFO] - train epoch 879 loss 0.1317 accuracy 100.00%
[2026-06-20 08:23:03,938][src.modRNN.training.training_loop][INFO] - 	 Starting Epoch: 880
[2026-06-20 08:23:04,682][src.modRNN.training.training_loop][INFO] - train epoch 880 loss 0.1502 accuracy 100.00%
[2026-06-20 08:23:04,684][src.modRNN.training.training_loop][INFO] - 	 Starting Epoch: 881
[2026-06-20 08:23:05,427][src.modRNN.training.training_loop][INFO] - train epoch 881 loss 0.1259 accuracy 100.00%
[2026-06-20 08:23:05,429][src.modRNN.training.training_loop][INFO] - 	 Starting Epoch: 882
[2026-06-20 08:23:06,173][src.modRNN.training.training_loop][INFO] - train epoch 882 loss 0.1439 accuracy 100.00%
[2026-06-20 08:23:06,176][src.modRNN.training.training_loop][INFO] - 	 Starting Epoch: 883
[2026-06-20 08:23:06,918][src.modRNN.training.training_loop][INFO] - train epoch 883 loss 0.1364 accuracy 100.00%
[2026-06-20 08:23:06,920][src.modRNN.training.training_loop][INFO] - 	 Starting Epoch: 884
[2026-06-20 08:23:07,662][src.modRNN.training.training_loop][INFO] - train epoch 884 loss 0.1272 accuracy 100.00%
[2026-06-20 08:23:07,664][src.modRNN.training.training_loop][INFO] - 	 Starting Epoch: 885
[2026-06-20 08:23:08,407][src.modRNN.training.training_loop][INFO] - train epoch 885 loss 0.1248 accuracy 100.00%
[2026-06-20 08:23:08,409][src.modRNN.training.training_loop][INFO] - 	 Starting Epoch: 886
[2026-06-20 08:23:09,154][src.modRNN.training.training_loop][INFO] - train epoch 886 loss 0.2051 accuracy 96.88%
[2026-06-20 08:23:09,156][src.modRNN.training.training_loop][INFO] - 	 Starting Epoch: 887
[2026-06-20 08:23:09,902][src.modRNN.training.training_loop][INFO] - train epoch 887 loss 0.1457 accuracy 98.44%
[2026-06-20 08:23:09,904][src.modRNN.training.training_loop][INFO] - 	 Starting Epoch: 888
[2026-06-20 08:23:10,649][src.modRNN.training.training_loop][INFO] - train epoch 888 loss 0.1154 accuracy 98.44%
[2026-06-20 08:23:10,651][src.modRNN.training.training_loop][INFO] - 	 Starting Epoch: 889
[2026-06-20 08:23:11,395][src.modRNN.training.training_loop][INFO] - train epoch 889 loss 0.1531 accuracy 100.00%
[2026-06-20 08:23:11,397][src.modRNN.training.training_loop][INFO] - 	 Starting Epoch: 890
[2026-06-20 08:23:12,138][src.modRNN.training.training_loop][INFO] - train epoch 890 loss 0.1261 accuracy 100.00%
[2026-06-20 08:23:12,140][src.modRNN.training.training_loop][INFO] - 	 Starting Epoch: 891
[2026-06-20 08:23:12,884][src.modRNN.training.training_loop][INFO] - train epoch 891 loss 0.1377 accuracy 98.44%
[2026-06-20 08:23:12,886][src.modRNN.training.training_loop][INFO] - 	 Starting Epoch: 892
[2026-06-20 08:23:13,629][src.modRNN.training.training_loop][INFO] - train epoch 892 loss 0.1478 accuracy 100.00%
[2026-06-20 08:23:13,631][src.modRNN.training.training_loop][INFO] - 	 Starting Epoch: 893
[2026-06-20 08:23:14,373][src.modRNN.training.training_loop][INFO] - train epoch 893 loss 0.1406 accuracy 100.00%
[2026-06-20 08:23:14,375][src.modRNN.training.training_loop][INFO] - 	 Starting Epoch: 894
[2026-06-20 08:23:15,118][src.modRNN.training.training_loop][INFO] - train epoch 894 loss 0.1465 accuracy 100.00%
[2026-06-20 08:23:15,120][src.modRNN.training.training_loop][INFO] - 	 Starting Epoch: 895
[2026-06-20 08:23:15,863][src.modRNN.training.training_loop][INFO] - train epoch 895 loss 0.1586 accuracy 100.00%
[2026-06-20 08:23:15,865][src.modRNN.training.training_loop][INFO] - 	 Starting Epoch: 896
[2026-06-20 08:23:16,607][src.modRNN.training.training_loop][INFO] - train epoch 896 loss 0.1460 accuracy 100.00%
[2026-06-20 08:23:16,609][src.modRNN.training.training_loop][INFO] - 	 Starting Epoch: 897
[2026-06-20 08:23:17,353][src.modRNN.training.training_loop][INFO] - train epoch 897 loss 0.1055 accuracy 100.00%
[2026-06-20 08:23:17,355][src.modRNN.training.training_loop][INFO] - 	 Starting Epoch: 898
[2026-06-20 08:23:18,097][src.modRNN.training.training_loop][INFO] - train epoch 898 loss 0.1272 accuracy 100.00%
[2026-06-20 08:23:18,099][src.modRNN.training.training_loop][INFO] - 	 Starting Epoch: 899
[2026-06-20 08:23:18,842][src.modRNN.training.training_loop][INFO] - train epoch 899 loss 0.1961 accuracy 96.88%
[2026-06-20 08:23:18,844][src.modRNN.training.training_loop][INFO] - 	 Starting Epoch: 900
[2026-06-20 08:23:19,586][src.modRNN.training.training_loop][INFO] - train epoch 900 loss 0.1462 accuracy 98.44%
[2026-06-20 08:23:19,588][src.modRNN.training.training_loop][INFO] - 	 Starting Epoch: 901
[2026-06-20 08:23:20,331][src.modRNN.training.training_loop][INFO] - train epoch 901 loss 0.1403 accuracy 98.44%
[2026-06-20 08:23:21,540][src.modRNN.training.training_loop][INFO] - eval  epoch 901 loss 0.1616 accuracy 98.24%
[2026-06-20 08:23:21,542][src.modRNN.training.training_loop][INFO] - 	 Starting Epoch: 902
[2026-06-20 08:23:22,286][src.modRNN.training.training_loop][INFO] - train epoch 902 loss 0.1435 accuracy 100.00%
[2026-06-20 08:23:22,288][src.modRNN.training.training_loop][INFO] - 	 Starting Epoch: 903
[2026-06-20 08:23:23,030][src.modRNN.training.training_loop][INFO] - train epoch 903 loss 0.1476 accuracy 100.00%
[2026-06-20 08:23:23,032][src.modRNN.training.training_loop][INFO] - 	 Starting Epoch: 904
[2026-06-20 08:23:23,778][src.modRNN.training.training_loop][INFO] - train epoch 904 loss 0.1634 accuracy 98.44%
[2026-06-20 08:23:23,780][src.modRNN.training.training_loop][INFO] - 	 Starting Epoch: 905
[2026-06-20 08:23:24,522][src.modRNN.training.training_loop][INFO] - train epoch 905 loss 0.1899 accuracy 93.75%
[2026-06-20 08:23:24,523][src.modRNN.training.training_loop][INFO] - 	 Starting Epoch: 906
[2026-06-20 08:23:25,268][src.modRNN.training.training_loop][INFO] - train epoch 906 loss 0.1259 accuracy 100.00%
[2026-06-20 08:23:25,270][src.modRNN.training.training_loop][INFO] - 	 Starting Epoch: 907
[2026-06-20 08:23:26,014][src.modRNN.training.training_loop][INFO] - train epoch 907 loss 0.1247 accuracy 98.44%
[2026-06-20 08:23:26,015][src.modRNN.training.training_loop][INFO] - 	 Starting Epoch: 908
[2026-06-20 08:23:26,764][src.modRNN.training.training_loop][INFO] - train epoch 908 loss 0.1923 accuracy 95.31%
[2026-06-20 08:23:26,766][src.modRNN.training.training_loop][INFO] - 	 Starting Epoch: 909
[2026-06-20 08:23:27,510][src.modRNN.training.training_loop][INFO] - train epoch 909 loss 0.1516 accuracy 96.88%
[2026-06-20 08:23:27,512][src.modRNN.training.training_loop][INFO] - 	 Starting Epoch: 910
[2026-06-20 08:23:28,257][src.modRNN.training.training_loop][INFO] - train epoch 910 loss 0.1250 accuracy 96.88%
[2026-06-20 08:23:28,259][src.modRNN.training.training_loop][INFO] - 	 Starting Epoch: 911
[2026-06-20 08:23:29,002][src.modRNN.training.training_loop][INFO] - train epoch 911 loss 0.1921 accuracy 96.88%
[2026-06-20 08:23:29,004][src.modRNN.training.training_loop][INFO] - 	 Starting Epoch: 912
[2026-06-20 08:23:29,746][src.modRNN.training.training_loop][INFO] - train epoch 912 loss 0.1728 accuracy 98.44%
[2026-06-20 08:23:29,748][src.modRNN.training.training_loop][INFO] - 	 Starting Epoch: 913
[2026-06-20 08:23:30,491][src.modRNN.training.training_loop][INFO] - train epoch 913 loss 0.1350 accuracy 100.00%
[2026-06-20 08:23:30,493][src.modRNN.training.training_loop][INFO] - 	 Starting Epoch: 914
[2026-06-20 08:23:31,235][src.modRNN.training.training_loop][INFO] - train epoch 914 loss 0.1624 accuracy 98.44%
[2026-06-20 08:23:31,237][src.modRNN.training.training_loop][INFO] - 	 Starting Epoch: 915
[2026-06-20 08:23:31,978][src.modRNN.training.training_loop][INFO] - train epoch 915 loss 0.1354 accuracy 100.00%
[2026-06-20 08:23:31,980][src.modRNN.training.training_loop][INFO] - 	 Starting Epoch: 916
[2026-06-20 08:23:32,719][src.modRNN.training.training_loop][INFO] - train epoch 916 loss 0.1516 accuracy 100.00%
[2026-06-20 08:23:32,720][src.modRNN.training.training_loop][INFO] - 	 Starting Epoch: 917
[2026-06-20 08:23:33,460][src.modRNN.training.training_loop][INFO] - train epoch 917 loss 0.1682 accuracy 100.00%
[2026-06-20 08:23:33,462][src.modRNN.training.training_loop][INFO] - 	 Starting Epoch: 918
[2026-06-20 08:23:34,204][src.modRNN.training.training_loop][INFO] - train epoch 918 loss 0.1234 accuracy 100.00%
[2026-06-20 08:23:34,206][src.modRNN.training.training_loop][INFO] - 	 Starting Epoch: 919
[2026-06-20 08:23:34,945][src.modRNN.training.training_loop][INFO] - train epoch 919 loss 0.1635 accuracy 98.44%
[2026-06-20 08:23:34,947][src.modRNN.training.training_loop][INFO] - 	 Starting Epoch: 920
[2026-06-20 08:23:35,689][src.modRNN.training.training_loop][INFO] - train epoch 920 loss 0.1801 accuracy 96.88%
[2026-06-20 08:23:35,691][src.modRNN.training.training_loop][INFO] - 	 Starting Epoch: 921
[2026-06-20 08:23:36,431][src.modRNN.training.training_loop][INFO] - train epoch 921 loss 0.2067 accuracy 96.88%
[2026-06-20 08:23:36,433][src.modRNN.training.training_loop][INFO] - 	 Starting Epoch: 922
[2026-06-20 08:23:37,172][src.modRNN.training.training_loop][INFO] - train epoch 922 loss 0.1420 accuracy 100.00%
[2026-06-20 08:23:37,173][src.modRNN.training.training_loop][INFO] - 	 Starting Epoch: 923
[2026-06-20 08:23:37,912][src.modRNN.training.training_loop][INFO] - train epoch 923 loss 0.1024 accuracy 100.00%
[2026-06-20 08:23:37,914][src.modRNN.training.training_loop][INFO] - 	 Starting Epoch: 924
[2026-06-20 08:23:38,653][src.modRNN.training.training_loop][INFO] - train epoch 924 loss 0.1601 accuracy 96.88%
[2026-06-20 08:23:38,655][src.modRNN.training.training_loop][INFO] - 	 Starting Epoch: 925
[2026-06-20 08:23:39,394][src.modRNN.training.training_loop][INFO] - train epoch 925 loss 0.1335 accuracy 98.44%
[2026-06-20 08:23:39,395][src.modRNN.training.training_loop][INFO] - 	 Starting Epoch: 926
[2026-06-20 08:23:40,135][src.modRNN.training.training_loop][INFO] - train epoch 926 loss 0.1335 accuracy 100.00%
[2026-06-20 08:23:41,340][src.modRNN.training.training_loop][INFO] - eval  epoch 926 loss 0.1433 accuracy 98.63%
[2026-06-20 08:23:41,342][src.modRNN.training.training_loop][INFO] - 	 Starting Epoch: 927
[2026-06-20 08:23:42,080][src.modRNN.training.training_loop][INFO] - train epoch 927 loss 0.1822 accuracy 98.44%
[2026-06-20 08:23:42,082][src.modRNN.training.training_loop][INFO] - 	 Starting Epoch: 928
[2026-06-20 08:23:42,821][src.modRNN.training.training_loop][INFO] - train epoch 928 loss 0.1212 accuracy 100.00%
[2026-06-20 08:23:42,823][src.modRNN.training.training_loop][INFO] - 	 Starting Epoch: 929
[2026-06-20 08:23:43,560][src.modRNN.training.training_loop][INFO] - train epoch 929 loss 0.1323 accuracy 98.44%
[2026-06-20 08:23:43,562][src.modRNN.training.training_loop][INFO] - 	 Starting Epoch: 930
[2026-06-20 08:23:44,301][src.modRNN.training.training_loop][INFO] - train epoch 930 loss 0.1535 accuracy 98.44%
[2026-06-20 08:23:44,303][src.modRNN.training.training_loop][INFO] - 	 Starting Epoch: 931
[2026-06-20 08:23:45,042][src.modRNN.training.training_loop][INFO] - train epoch 931 loss 0.1282 accuracy 100.00%
[2026-06-20 08:23:45,044][src.modRNN.training.training_loop][INFO] - 	 Starting Epoch: 932
[2026-06-20 08:23:45,782][src.modRNN.training.training_loop][INFO] - train epoch 932 loss 0.1908 accuracy 98.44%
[2026-06-20 08:23:45,784][src.modRNN.training.training_loop][INFO] - 	 Starting Epoch: 933
[2026-06-20 08:23:46,522][src.modRNN.training.training_loop][INFO] - train epoch 933 loss 0.1304 accuracy 98.44%
[2026-06-20 08:23:46,523][src.modRNN.training.training_loop][INFO] - 	 Starting Epoch: 934
[2026-06-20 08:23:47,262][src.modRNN.training.training_loop][INFO] - train epoch 934 loss 0.1352 accuracy 100.00%
[2026-06-20 08:23:47,264][src.modRNN.training.training_loop][INFO] - 	 Starting Epoch: 935
[2026-06-20 08:23:48,002][src.modRNN.training.training_loop][INFO] - train epoch 935 loss 0.0988 accuracy 100.00%
[2026-06-20 08:23:48,004][src.modRNN.training.training_loop][INFO] - 	 Starting Epoch: 936
[2026-06-20 08:23:48,743][src.modRNN.training.training_loop][INFO] - train epoch 936 loss 0.1287 accuracy 100.00%
[2026-06-20 08:23:48,745][src.modRNN.training.training_loop][INFO] - 	 Starting Epoch: 937
[2026-06-20 08:23:49,484][src.modRNN.training.training_loop][INFO] - train epoch 937 loss 0.1395 accuracy 100.00%
[2026-06-20 08:23:49,486][src.modRNN.training.training_loop][INFO] - 	 Starting Epoch: 938
[2026-06-20 08:23:50,225][src.modRNN.training.training_loop][INFO] - train epoch 938 loss 0.0940 accuracy 100.00%
[2026-06-20 08:23:50,226][src.modRNN.training.training_loop][INFO] - 	 Starting Epoch: 939
[2026-06-20 08:23:50,966][src.modRNN.training.training_loop][INFO] - train epoch 939 loss 0.1265 accuracy 100.00%
[2026-06-20 08:23:50,967][src.modRNN.training.training_loop][INFO] - 	 Starting Epoch: 940
[2026-06-20 08:23:51,706][src.modRNN.training.training_loop][INFO] - train epoch 940 loss 0.0933 accuracy 100.00%
[2026-06-20 08:23:51,708][src.modRNN.training.training_loop][INFO] - 	 Starting Epoch: 941
[2026-06-20 08:23:52,446][src.modRNN.training.training_loop][INFO] - train epoch 941 loss 0.0896 accuracy 100.00%
[2026-06-20 08:23:52,448][src.modRNN.training.training_loop][INFO] - 	 Starting Epoch: 942
[2026-06-20 08:23:53,187][src.modRNN.training.training_loop][INFO] - train epoch 942 loss 0.1149 accuracy 100.00%
[2026-06-20 08:23:53,189][src.modRNN.training.training_loop][INFO] - 	 Starting Epoch: 943
[2026-06-20 08:23:53,927][src.modRNN.training.training_loop][INFO] - train epoch 943 loss 0.0910 accuracy 100.00%
[2026-06-20 08:23:53,929][src.modRNN.training.training_loop][INFO] - 	 Starting Epoch: 944
[2026-06-20 08:23:54,668][src.modRNN.training.training_loop][INFO] - train epoch 944 loss 0.1248 accuracy 100.00%
[2026-06-20 08:23:54,670][src.modRNN.training.training_loop][INFO] - 	 Starting Epoch: 945
[2026-06-20 08:23:55,408][src.modRNN.training.training_loop][INFO] - train epoch 945 loss 0.1076 accuracy 100.00%
[2026-06-20 08:23:55,409][src.modRNN.training.training_loop][INFO] - 	 Starting Epoch: 946
[2026-06-20 08:23:56,148][src.modRNN.training.training_loop][INFO] - train epoch 946 loss 0.0927 accuracy 100.00%
[2026-06-20 08:23:56,150][src.modRNN.training.training_loop][INFO] - 	 Starting Epoch: 947
[2026-06-20 08:23:56,889][src.modRNN.training.training_loop][INFO] - train epoch 947 loss 0.1047 accuracy 100.00%
[2026-06-20 08:23:56,891][src.modRNN.training.training_loop][INFO] - 	 Starting Epoch: 948
[2026-06-20 08:23:57,629][src.modRNN.training.training_loop][INFO] - train epoch 948 loss 0.0918 accuracy 100.00%
[2026-06-20 08:23:57,631][src.modRNN.training.training_loop][INFO] - 	 Starting Epoch: 949
[2026-06-20 08:23:58,370][src.modRNN.training.training_loop][INFO] - train epoch 949 loss 0.1026 accuracy 100.00%
[2026-06-20 08:23:58,372][src.modRNN.training.training_loop][INFO] - 	 Starting Epoch: 950
[2026-06-20 08:23:59,112][src.modRNN.training.training_loop][INFO] - train epoch 950 loss 0.1128 accuracy 100.00%
[2026-06-20 08:23:59,113][src.modRNN.training.training_loop][INFO] - 	 Starting Epoch: 951
[2026-06-20 08:23:59,852][src.modRNN.training.training_loop][INFO] - train epoch 951 loss 0.1065 accuracy 100.00%
[2026-06-20 08:24:01,057][src.modRNN.training.training_loop][INFO] - eval  epoch 951 loss 0.1279 accuracy 99.22%
[2026-06-20 08:24:01,059][src.modRNN.training.training_loop][INFO] - 	 Starting Epoch: 952
[2026-06-20 08:24:01,805][src.modRNN.training.training_loop][INFO] - train epoch 952 loss 0.1042 accuracy 100.00%
[2026-06-20 08:24:01,807][src.modRNN.training.training_loop][INFO] - 	 Starting Epoch: 953
[2026-06-20 08:24:02,550][src.modRNN.training.training_loop][INFO] - train epoch 953 loss 0.1307 accuracy 100.00%
[2026-06-20 08:24:02,552][src.modRNN.training.training_loop][INFO] - 	 Starting Epoch: 954
[2026-06-20 08:24:03,297][src.modRNN.training.training_loop][INFO] - train epoch 954 loss 0.1123 accuracy 100.00%
[2026-06-20 08:24:03,299][src.modRNN.training.training_loop][INFO] - 	 Starting Epoch: 955
[2026-06-20 08:24:04,043][src.modRNN.training.training_loop][INFO] - train epoch 955 loss 0.1223 accuracy 98.44%
[2026-06-20 08:24:04,045][src.modRNN.training.training_loop][INFO] - 	 Starting Epoch: 956
[2026-06-20 08:24:04,788][src.modRNN.training.training_loop][INFO] - train epoch 956 loss 0.0934 accuracy 100.00%
[2026-06-20 08:24:04,789][src.modRNN.training.training_loop][INFO] - 	 Starting Epoch: 957
[2026-06-20 08:24:05,532][src.modRNN.training.training_loop][INFO] - train epoch 957 loss 0.1532 accuracy 98.44%
[2026-06-20 08:24:05,534][src.modRNN.training.training_loop][INFO] - 	 Starting Epoch: 958
[2026-06-20 08:24:06,279][src.modRNN.training.training_loop][INFO] - train epoch 958 loss 0.1018 accuracy 100.00%
[2026-06-20 08:24:06,280][src.modRNN.training.training_loop][INFO] - 	 Starting Epoch: 959
[2026-06-20 08:24:07,024][src.modRNN.training.training_loop][INFO] - train epoch 959 loss 0.0944 accuracy 100.00%
[2026-06-20 08:24:07,026][src.modRNN.training.training_loop][INFO] - 	 Starting Epoch: 960
[2026-06-20 08:24:07,773][src.modRNN.training.training_loop][INFO] - train epoch 960 loss 0.0987 accuracy 100.00%
[2026-06-20 08:24:07,775][src.modRNN.training.training_loop][INFO] - 	 Starting Epoch: 961
[2026-06-20 08:24:08,518][src.modRNN.training.training_loop][INFO] - train epoch 961 loss 0.0927 accuracy 100.00%
[2026-06-20 08:24:08,520][src.modRNN.training.training_loop][INFO] - 	 Starting Epoch: 962
[2026-06-20 08:24:09,263][src.modRNN.training.training_loop][INFO] - train epoch 962 loss 0.1075 accuracy 100.00%
[2026-06-20 08:24:09,265][src.modRNN.training.training_loop][INFO] - 	 Starting Epoch: 963
[2026-06-20 08:24:10,009][src.modRNN.training.training_loop][INFO] - train epoch 963 loss 0.0884 accuracy 100.00%
[2026-06-20 08:24:10,010][src.modRNN.training.training_loop][INFO] - 	 Starting Epoch: 964
[2026-06-20 08:24:10,753][src.modRNN.training.training_loop][INFO] - train epoch 964 loss 0.0986 accuracy 100.00%
[2026-06-20 08:24:10,755][src.modRNN.training.training_loop][INFO] - 	 Starting Epoch: 965
[2026-06-20 08:24:11,498][src.modRNN.training.training_loop][INFO] - train epoch 965 loss 0.1213 accuracy 98.44%
[2026-06-20 08:24:11,500][src.modRNN.training.training_loop][INFO] - 	 Starting Epoch: 966
[2026-06-20 08:24:12,245][src.modRNN.training.training_loop][INFO] - train epoch 966 loss 0.1103 accuracy 100.00%
[2026-06-20 08:24:12,247][src.modRNN.training.training_loop][INFO] - 	 Starting Epoch: 967
[2026-06-20 08:24:12,993][src.modRNN.training.training_loop][INFO] - train epoch 967 loss 0.1290 accuracy 98.44%
[2026-06-20 08:24:12,994][src.modRNN.training.training_loop][INFO] - 	 Starting Epoch: 968
[2026-06-20 08:24:13,739][src.modRNN.training.training_loop][INFO] - train epoch 968 loss 0.1145 accuracy 98.44%
[2026-06-20 08:24:13,741][src.modRNN.training.training_loop][INFO] - 	 Starting Epoch: 969
[2026-06-20 08:24:14,485][src.modRNN.training.training_loop][INFO] - train epoch 969 loss 0.1025 accuracy 100.00%
[2026-06-20 08:24:14,486][src.modRNN.training.training_loop][INFO] - 	 Starting Epoch: 970
[2026-06-20 08:24:15,230][src.modRNN.training.training_loop][INFO] - train epoch 970 loss 0.1034 accuracy 98.44%
[2026-06-20 08:24:15,232][src.modRNN.training.training_loop][INFO] - 	 Starting Epoch: 971
[2026-06-20 08:24:15,975][src.modRNN.training.training_loop][INFO] - train epoch 971 loss 0.0904 accuracy 100.00%
[2026-06-20 08:24:15,977][src.modRNN.training.training_loop][INFO] - 	 Starting Epoch: 972
[2026-06-20 08:24:16,720][src.modRNN.training.training_loop][INFO] - train epoch 972 loss 0.0742 accuracy 100.00%
[2026-06-20 08:24:16,722][src.modRNN.training.training_loop][INFO] - 	 Starting Epoch: 973
[2026-06-20 08:24:17,465][src.modRNN.training.training_loop][INFO] - train epoch 973 loss 0.0991 accuracy 98.44%
[2026-06-20 08:24:17,467][src.modRNN.training.training_loop][INFO] - 	 Starting Epoch: 974
[2026-06-20 08:24:18,211][src.modRNN.training.training_loop][INFO] - train epoch 974 loss 0.0976 accuracy 98.44%
[2026-06-20 08:24:18,213][src.modRNN.training.training_loop][INFO] - 	 Starting Epoch: 975
[2026-06-20 08:24:18,955][src.modRNN.training.training_loop][INFO] - train epoch 975 loss 0.0905 accuracy 100.00%
[2026-06-20 08:24:18,957][src.modRNN.training.training_loop][INFO] - 	 Starting Epoch: 976
[2026-06-20 08:24:19,701][src.modRNN.training.training_loop][INFO] - train epoch 976 loss 0.0941 accuracy 100.00%
[2026-06-20 08:24:20,908][src.modRNN.training.training_loop][INFO] - eval  epoch 976 loss 0.0949 accuracy 99.41%
[2026-06-20 08:24:20,910][src.modRNN.training.training_loop][INFO] - 	 Starting Epoch: 977
[2026-06-20 08:24:21,655][src.modRNN.training.training_loop][INFO] - train epoch 977 loss 0.0850 accuracy 100.00%
[2026-06-20 08:24:21,657][src.modRNN.training.training_loop][INFO] - 	 Starting Epoch: 978
[2026-06-20 08:24:22,402][src.modRNN.training.training_loop][INFO] - train epoch 978 loss 0.0791 accuracy 100.00%
[2026-06-20 08:24:22,404][src.modRNN.training.training_loop][INFO] - 	 Starting Epoch: 979
[2026-06-20 08:24:23,147][src.modRNN.training.training_loop][INFO] - train epoch 979 loss 0.0825 accuracy 100.00%
[2026-06-20 08:24:23,149][src.modRNN.training.training_loop][INFO] - 	 Starting Epoch: 980
[2026-06-20 08:24:23,891][src.modRNN.training.training_loop][INFO] - train epoch 980 loss 0.0887 accuracy 100.00%
[2026-06-20 08:24:23,893][src.modRNN.training.training_loop][INFO] - 	 Starting Epoch: 981
[2026-06-20 08:24:24,638][src.modRNN.training.training_loop][INFO] - train epoch 981 loss 0.1198 accuracy 98.44%
[2026-06-20 08:24:24,639][src.modRNN.training.training_loop][INFO] - 	 Starting Epoch: 982
[2026-06-20 08:24:25,384][src.modRNN.training.training_loop][INFO] - train epoch 982 loss 0.0705 accuracy 100.00%
[2026-06-20 08:24:25,386][src.modRNN.training.training_loop][INFO] - 	 Starting Epoch: 983
[2026-06-20 08:24:26,131][src.modRNN.training.training_loop][INFO] - train epoch 983 loss 0.0776 accuracy 100.00%
[2026-06-20 08:24:26,133][src.modRNN.training.training_loop][INFO] - 	 Starting Epoch: 984
[2026-06-20 08:24:26,876][src.modRNN.training.training_loop][INFO] - train epoch 984 loss 0.0798 accuracy 100.00%
[2026-06-20 08:24:26,878][src.modRNN.training.training_loop][INFO] - 	 Starting Epoch: 985
[2026-06-20 08:24:27,622][src.modRNN.training.training_loop][INFO] - train epoch 985 loss 0.0691 accuracy 100.00%
[2026-06-20 08:24:27,623][src.modRNN.training.training_loop][INFO] - 	 Starting Epoch: 986
[2026-06-20 08:24:28,365][src.modRNN.training.training_loop][INFO] - train epoch 986 loss 0.0742 accuracy 100.00%
[2026-06-20 08:24:28,367][src.modRNN.training.training_loop][INFO] - 	 Starting Epoch: 987
[2026-06-20 08:24:29,109][src.modRNN.training.training_loop][INFO] - train epoch 987 loss 0.0685 accuracy 100.00%
[2026-06-20 08:24:29,111][src.modRNN.training.training_loop][INFO] - 	 Starting Epoch: 988
[2026-06-20 08:24:29,854][src.modRNN.training.training_loop][INFO] - train epoch 988 loss 0.0621 accuracy 100.00%
[2026-06-20 08:24:29,856][src.modRNN.training.training_loop][INFO] - 	 Starting Epoch: 989
[2026-06-20 08:24:30,598][src.modRNN.training.training_loop][INFO] - train epoch 989 loss 0.1372 accuracy 98.44%
[2026-06-20 08:24:30,600][src.modRNN.training.training_loop][INFO] - 	 Starting Epoch: 990
[2026-06-20 08:24:31,343][src.modRNN.training.training_loop][INFO] - train epoch 990 loss 0.0946 accuracy 100.00%
[2026-06-20 08:24:31,345][src.modRNN.training.training_loop][INFO] - 	 Starting Epoch: 991
[2026-06-20 08:24:32,085][src.modRNN.training.training_loop][INFO] - train epoch 991 loss 0.0725 accuracy 100.00%
[2026-06-20 08:24:32,087][src.modRNN.training.training_loop][INFO] - 	 Starting Epoch: 992
[2026-06-20 08:24:32,826][src.modRNN.training.training_loop][INFO] - train epoch 992 loss 0.0793 accuracy 100.00%
[2026-06-20 08:24:32,829][src.modRNN.training.training_loop][INFO] - 	 Starting Epoch: 993
[2026-06-20 08:24:33,568][src.modRNN.training.training_loop][INFO] - train epoch 993 loss 0.0806 accuracy 100.00%
[2026-06-20 08:24:33,569][src.modRNN.training.training_loop][INFO] - 	 Starting Epoch: 994
[2026-06-20 08:24:34,306][src.modRNN.training.training_loop][INFO] - train epoch 994 loss 0.0999 accuracy 100.00%
[2026-06-20 08:24:34,308][src.modRNN.training.training_loop][INFO] - 	 Starting Epoch: 995
[2026-06-20 08:24:35,047][src.modRNN.training.training_loop][INFO] - train epoch 995 loss 0.0793 accuracy 100.00%
[2026-06-20 08:24:35,049][src.modRNN.training.training_loop][INFO] - 	 Starting Epoch: 996
[2026-06-20 08:24:35,788][src.modRNN.training.training_loop][INFO] - train epoch 996 loss 0.0941 accuracy 100.00%
[2026-06-20 08:24:35,790][src.modRNN.training.training_loop][INFO] - 	 Starting Epoch: 997
[2026-06-20 08:24:36,529][src.modRNN.training.training_loop][INFO] - train epoch 997 loss 0.0801 accuracy 100.00%
[2026-06-20 08:24:36,531][src.modRNN.training.training_loop][INFO] - 	 Starting Epoch: 998
[2026-06-20 08:24:37,269][src.modRNN.training.training_loop][INFO] - train epoch 998 loss 0.0798 accuracy 100.00%
[2026-06-20 08:24:37,271][src.modRNN.training.training_loop][INFO] - 	 Starting Epoch: 999
[2026-06-20 08:24:38,011][src.modRNN.training.training_loop][INFO] - train epoch 999 loss 0.0767 accuracy 100.00%
[2026-06-20 08:24:38,013][src.modRNN.training.training_loop][INFO] - 	 Starting Epoch: 1000
[2026-06-20 08:24:38,751][src.modRNN.training.training_loop][INFO] - train epoch 1000 loss 0.0947 accuracy 98.44%
[2026-06-20 08:24:38,753][src.modRNN.training.training_loop][INFO] - 	 Starting Epoch: 1001
[2026-06-20 08:24:39,492][src.modRNN.training.training_loop][INFO] - train epoch 1001 loss 0.0597 accuracy 100.00%
[2026-06-20 08:24:40,700][src.modRNN.training.training_loop][INFO] - eval  epoch 1001 loss 0.0778 accuracy 99.61%
[2026-06-20 08:24:40,701][src.modRNN.training.training_loop][INFO] - 	 Starting Epoch: 1002
[2026-06-20 08:24:41,447][src.modRNN.training.training_loop][INFO] - train epoch 1002 loss 0.0713 accuracy 100.00%
[2026-06-20 08:24:41,449][src.modRNN.training.training_loop][INFO] - 	 Starting Epoch: 1003
[2026-06-20 08:24:42,189][src.modRNN.training.training_loop][INFO] - train epoch 1003 loss 0.0708 accuracy 100.00%
[2026-06-20 08:24:42,191][src.modRNN.training.training_loop][INFO] - 	 Starting Epoch: 1004
[2026-06-20 08:24:42,931][src.modRNN.training.training_loop][INFO] - train epoch 1004 loss 0.0782 accuracy 100.00%
[2026-06-20 08:24:42,933][src.modRNN.training.training_loop][INFO] - 	 Starting Epoch: 1005
[2026-06-20 08:24:43,671][src.modRNN.training.training_loop][INFO] - train epoch 1005 loss 0.0818 accuracy 100.00%
[2026-06-20 08:24:43,673][src.modRNN.training.training_loop][INFO] - 	 Starting Epoch: 1006
[2026-06-20 08:24:44,413][src.modRNN.training.training_loop][INFO] - train epoch 1006 loss 0.0895 accuracy 98.44%
[2026-06-20 08:24:44,415][src.modRNN.training.training_loop][INFO] - 	 Starting Epoch: 1007
[2026-06-20 08:24:45,154][src.modRNN.training.training_loop][INFO] - train epoch 1007 loss 0.0613 accuracy 100.00%
[2026-06-20 08:24:45,156][src.modRNN.training.training_loop][INFO] - 	 Starting Epoch: 1008
[2026-06-20 08:24:45,895][src.modRNN.training.training_loop][INFO] - train epoch 1008 loss 0.0584 accuracy 100.00%
[2026-06-20 08:24:45,897][src.modRNN.training.training_loop][INFO] - 	 Starting Epoch: 1009
[2026-06-20 08:24:46,637][src.modRNN.training.training_loop][INFO] - train epoch 1009 loss 0.0665 accuracy 100.00%
[2026-06-20 08:24:46,639][src.modRNN.training.training_loop][INFO] - 	 Starting Epoch: 1010
[2026-06-20 08:24:47,380][src.modRNN.training.training_loop][INFO] - train epoch 1010 loss 0.0631 accuracy 100.00%
[2026-06-20 08:24:47,381][src.modRNN.training.training_loop][INFO] - 	 Starting Epoch: 1011
[2026-06-20 08:24:48,120][src.modRNN.training.training_loop][INFO] - train epoch 1011 loss 0.0912 accuracy 98.44%
[2026-06-20 08:24:48,122][src.modRNN.training.training_loop][INFO] - 	 Starting Epoch: 1012
[2026-06-20 08:24:48,861][src.modRNN.training.training_loop][INFO] - train epoch 1012 loss 0.0672 accuracy 100.00%
[2026-06-20 08:24:48,863][src.modRNN.training.training_loop][INFO] - 	 Starting Epoch: 1013
[2026-06-20 08:24:49,602][src.modRNN.training.training_loop][INFO] - train epoch 1013 loss 0.0753 accuracy 100.00%
[2026-06-20 08:24:49,603][src.modRNN.training.training_loop][INFO] - 	 Starting Epoch: 1014
[2026-06-20 08:24:50,344][src.modRNN.training.training_loop][INFO] - train epoch 1014 loss 0.0686 accuracy 100.00%
[2026-06-20 08:24:50,346][src.modRNN.training.training_loop][INFO] - 	 Starting Epoch: 1015
[2026-06-20 08:24:51,090][src.modRNN.training.training_loop][INFO] - train epoch 1015 loss 0.0628 accuracy 100.00%
[2026-06-20 08:24:51,092][src.modRNN.training.training_loop][INFO] - 	 Starting Epoch: 1016
[2026-06-20 08:24:51,832][src.modRNN.training.training_loop][INFO] - train epoch 1016 loss 0.0785 accuracy 100.00%
[2026-06-20 08:24:51,834][src.modRNN.training.training_loop][INFO] - 	 Starting Epoch: 1017
[2026-06-20 08:24:52,573][src.modRNN.training.training_loop][INFO] - train epoch 1017 loss 0.0684 accuracy 100.00%
[2026-06-20 08:24:52,575][src.modRNN.training.training_loop][INFO] - 	 Starting Epoch: 1018
[2026-06-20 08:24:53,315][src.modRNN.training.training_loop][INFO] - train epoch 1018 loss 0.0633 accuracy 100.00%
[2026-06-20 08:24:53,317][src.modRNN.training.training_loop][INFO] - 	 Starting Epoch: 1019
[2026-06-20 08:24:54,055][src.modRNN.training.training_loop][INFO] - train epoch 1019 loss 0.0705 accuracy 100.00%
[2026-06-20 08:24:54,057][src.modRNN.training.training_loop][INFO] - 	 Starting Epoch: 1020
[2026-06-20 08:24:54,799][src.modRNN.training.training_loop][INFO] - train epoch 1020 loss 0.0645 accuracy 100.00%
[2026-06-20 08:24:54,801][src.modRNN.training.training_loop][INFO] - 	 Starting Epoch: 1021
[2026-06-20 08:24:55,540][src.modRNN.training.training_loop][INFO] - train epoch 1021 loss 0.0797 accuracy 100.00%
[2026-06-20 08:24:55,542][src.modRNN.training.training_loop][INFO] - 	 Starting Epoch: 1022
[2026-06-20 08:24:56,282][src.modRNN.training.training_loop][INFO] - train epoch 1022 loss 0.0609 accuracy 100.00%
[2026-06-20 08:24:56,284][src.modRNN.training.training_loop][INFO] - 	 Starting Epoch: 1023
[2026-06-20 08:24:57,022][src.modRNN.training.training_loop][INFO] - train epoch 1023 loss 0.0724 accuracy 100.00%
[2026-06-20 08:24:57,024][src.modRNN.training.training_loop][INFO] - 	 Starting Epoch: 1024
[2026-06-20 08:24:57,763][src.modRNN.training.training_loop][INFO] - train epoch 1024 loss 0.0618 accuracy 100.00%
[2026-06-20 08:24:57,764][src.modRNN.training.training_loop][INFO] - 	 Starting Epoch: 1025
[2026-06-20 08:24:58,503][src.modRNN.training.training_loop][INFO] - train epoch 1025 loss 0.0623 accuracy 100.00%
[2026-06-20 08:24:58,505][src.modRNN.training.training_loop][INFO] - 	 Starting Epoch: 1026
[2026-06-20 08:24:59,245][src.modRNN.training.training_loop][INFO] - train epoch 1026 loss 0.0554 accuracy 100.00%
[2026-06-20 08:25:00,452][src.modRNN.training.training_loop][INFO] - eval  epoch 1026 loss 0.0732 accuracy 99.61%
[2026-06-20 08:25:00,454][src.modRNN.training.training_loop][INFO] - 	 Starting Epoch: 1027
[2026-06-20 08:25:01,191][src.modRNN.training.training_loop][INFO] - train epoch 1027 loss 0.0597 accuracy 100.00%
[2026-06-20 08:25:01,193][src.modRNN.training.training_loop][INFO] - 	 Starting Epoch: 1028
[2026-06-20 08:25:01,934][src.modRNN.training.training_loop][INFO] - train epoch 1028 loss 0.0965 accuracy 98.44%
[2026-06-20 08:25:01,935][src.modRNN.training.training_loop][INFO] - 	 Starting Epoch: 1029
[2026-06-20 08:25:02,685][src.modRNN.training.training_loop][INFO] - train epoch 1029 loss 0.0721 accuracy 100.00%
[2026-06-20 08:25:02,687][src.modRNN.training.training_loop][INFO] - 	 Starting Epoch: 1030
[2026-06-20 08:25:03,431][src.modRNN.training.training_loop][INFO] - train epoch 1030 loss 0.1140 accuracy 98.44%
[2026-06-20 08:25:03,433][src.modRNN.training.training_loop][INFO] - 	 Starting Epoch: 1031
[2026-06-20 08:25:04,177][src.modRNN.training.training_loop][INFO] - train epoch 1031 loss 0.0641 accuracy 100.00%
[2026-06-20 08:25:04,179][src.modRNN.training.training_loop][INFO] - 	 Starting Epoch: 1032
[2026-06-20 08:25:04,922][src.modRNN.training.training_loop][INFO] - train epoch 1032 loss 0.0709 accuracy 100.00%
[2026-06-20 08:25:04,924][src.modRNN.training.training_loop][INFO] - 	 Starting Epoch: 1033
[2026-06-20 08:25:05,667][src.modRNN.training.training_loop][INFO] - train epoch 1033 loss 0.0630 accuracy 100.00%
[2026-06-20 08:25:05,668][src.modRNN.training.training_loop][INFO] - 	 Starting Epoch: 1034
[2026-06-20 08:25:06,411][src.modRNN.training.training_loop][INFO] - train epoch 1034 loss 0.0676 accuracy 100.00%
[2026-06-20 08:25:06,412][src.modRNN.training.training_loop][INFO] - 	 Starting Epoch: 1035
[2026-06-20 08:25:07,155][src.modRNN.training.training_loop][INFO] - train epoch 1035 loss 0.1030 accuracy 98.44%
[2026-06-20 08:25:07,157][src.modRNN.training.training_loop][INFO] - 	 Starting Epoch: 1036
[2026-06-20 08:25:07,900][src.modRNN.training.training_loop][INFO] - train epoch 1036 loss 0.0569 accuracy 100.00%
[2026-06-20 08:25:07,901][src.modRNN.training.training_loop][INFO] - 	 Starting Epoch: 1037
[2026-06-20 08:25:08,644][src.modRNN.training.training_loop][INFO] - train epoch 1037 loss 0.0643 accuracy 100.00%
[2026-06-20 08:25:08,646][src.modRNN.training.training_loop][INFO] - 	 Starting Epoch: 1038
[2026-06-20 08:25:09,388][src.modRNN.training.training_loop][INFO] - train epoch 1038 loss 0.0608 accuracy 100.00%
[2026-06-20 08:25:09,390][src.modRNN.training.training_loop][INFO] - 	 Starting Epoch: 1039
[2026-06-20 08:25:10,133][src.modRNN.training.training_loop][INFO] - train epoch 1039 loss 0.0630 accuracy 100.00%
[2026-06-20 08:25:10,135][src.modRNN.training.training_loop][INFO] - 	 Starting Epoch: 1040
[2026-06-20 08:25:10,877][src.modRNN.training.training_loop][INFO] - train epoch 1040 loss 0.0886 accuracy 98.44%
[2026-06-20 08:25:10,879][src.modRNN.training.training_loop][INFO] - 	 Starting Epoch: 1041
[2026-06-20 08:25:11,622][src.modRNN.training.training_loop][INFO] - train epoch 1041 loss 0.0720 accuracy 100.00%
[2026-06-20 08:25:11,624][src.modRNN.training.training_loop][INFO] - 	 Starting Epoch: 1042
[2026-06-20 08:25:12,367][src.modRNN.training.training_loop][INFO] - train epoch 1042 loss 0.0622 accuracy 100.00%
[2026-06-20 08:25:12,369][src.modRNN.training.training_loop][INFO] - 	 Starting Epoch: 1043
[2026-06-20 08:25:13,112][src.modRNN.training.training_loop][INFO] - train epoch 1043 loss 0.0637 accuracy 100.00%
[2026-06-20 08:25:13,113][src.modRNN.training.training_loop][INFO] - 	 Starting Epoch: 1044
[2026-06-20 08:25:13,855][src.modRNN.training.training_loop][INFO] - train epoch 1044 loss 0.0434 accuracy 100.00%
[2026-06-20 08:25:13,857][src.modRNN.training.training_loop][INFO] - 	 Starting Epoch: 1045
[2026-06-20 08:25:14,601][src.modRNN.training.training_loop][INFO] - train epoch 1045 loss 0.0593 accuracy 100.00%
[2026-06-20 08:25:14,603][src.modRNN.training.training_loop][INFO] - 	 Starting Epoch: 1046
[2026-06-20 08:25:15,346][src.modRNN.training.training_loop][INFO] - train epoch 1046 loss 0.0593 accuracy 100.00%
[2026-06-20 08:25:15,348][src.modRNN.training.training_loop][INFO] - 	 Starting Epoch: 1047
[2026-06-20 08:25:16,093][src.modRNN.training.training_loop][INFO] - train epoch 1047 loss 0.0682 accuracy 100.00%
[2026-06-20 08:25:16,095][src.modRNN.training.training_loop][INFO] - 	 Starting Epoch: 1048
[2026-06-20 08:25:16,839][src.modRNN.training.training_loop][INFO] - train epoch 1048 loss 0.0952 accuracy 98.44%
[2026-06-20 08:25:16,841][src.modRNN.training.training_loop][INFO] - 	 Starting Epoch: 1049
[2026-06-20 08:25:17,584][src.modRNN.training.training_loop][INFO] - train epoch 1049 loss 0.0995 accuracy 98.44%
[2026-06-20 08:25:17,586][src.modRNN.training.training_loop][INFO] - 	 Starting Epoch: 1050
[2026-06-20 08:25:18,330][src.modRNN.training.training_loop][INFO] - train epoch 1050 loss 0.0578 accuracy 100.00%
[2026-06-20 08:25:18,332][src.modRNN.training.training_loop][INFO] - 	 Starting Epoch: 1051
[2026-06-20 08:25:19,076][src.modRNN.training.training_loop][INFO] - train epoch 1051 loss 0.0667 accuracy 100.00%
[2026-06-20 08:25:20,283][src.modRNN.training.training_loop][INFO] - eval  epoch 1051 loss 0.0644 accuracy 99.61%
[2026-06-20 08:25:20,284][src.modRNN.training.training_loop][INFO] - 	 Starting Epoch: 1052
[2026-06-20 08:25:21,030][src.modRNN.training.training_loop][INFO] - train epoch 1052 loss 0.0554 accuracy 100.00%
[2026-06-20 08:25:21,032][src.modRNN.training.training_loop][INFO] - 	 Starting Epoch: 1053
[2026-06-20 08:25:21,780][src.modRNN.training.training_loop][INFO] - train epoch 1053 loss 0.0892 accuracy 98.44%
[2026-06-20 08:25:21,782][src.modRNN.training.training_loop][INFO] - 	 Starting Epoch: 1054
[2026-06-20 08:25:22,527][src.modRNN.training.training_loop][INFO] - train epoch 1054 loss 0.0619 accuracy 100.00%
[2026-06-20 08:25:22,529][src.modRNN.training.training_loop][INFO] - 	 Starting Epoch: 1055
[2026-06-20 08:25:23,272][src.modRNN.training.training_loop][INFO] - train epoch 1055 loss 0.0622 accuracy 100.00%
[2026-06-20 08:25:23,274][src.modRNN.training.training_loop][INFO] - 	 Starting Epoch: 1056
[2026-06-20 08:25:24,018][src.modRNN.training.training_loop][INFO] - train epoch 1056 loss 0.0719 accuracy 98.44%
[2026-06-20 08:25:24,020][src.modRNN.training.training_loop][INFO] - 	 Starting Epoch: 1057
[2026-06-20 08:25:24,766][src.modRNN.training.training_loop][INFO] - train epoch 1057 loss 0.0684 accuracy 100.00%
[2026-06-20 08:25:24,767][src.modRNN.training.training_loop][INFO] - 	 Starting Epoch: 1058
[2026-06-20 08:25:25,511][src.modRNN.training.training_loop][INFO] - train epoch 1058 loss 0.1126 accuracy 98.44%
[2026-06-20 08:25:25,513][src.modRNN.training.training_loop][INFO] - 	 Starting Epoch: 1059
[2026-06-20 08:25:26,257][src.modRNN.training.training_loop][INFO] - train epoch 1059 loss 0.0603 accuracy 100.00%
[2026-06-20 08:25:26,259][src.modRNN.training.training_loop][INFO] - 	 Starting Epoch: 1060
[2026-06-20 08:25:27,003][src.modRNN.training.training_loop][INFO] - train epoch 1060 loss 0.0695 accuracy 100.00%
[2026-06-20 08:25:27,005][src.modRNN.training.training_loop][INFO] - 	 Starting Epoch: 1061
[2026-06-20 08:25:27,749][src.modRNN.training.training_loop][INFO] - train epoch 1061 loss 0.0538 accuracy 100.00%
[2026-06-20 08:25:27,751][src.modRNN.training.training_loop][INFO] - 	 Starting Epoch: 1062
[2026-06-20 08:25:28,494][src.modRNN.training.training_loop][INFO] - train epoch 1062 loss 0.0653 accuracy 100.00%
[2026-06-20 08:25:28,496][src.modRNN.training.training_loop][INFO] - 	 Starting Epoch: 1063
[2026-06-20 08:25:29,240][src.modRNN.training.training_loop][INFO] - train epoch 1063 loss 0.0935 accuracy 98.44%
[2026-06-20 08:25:29,241][src.modRNN.training.training_loop][INFO] - 	 Starting Epoch: 1064
[2026-06-20 08:25:29,988][src.modRNN.training.training_loop][INFO] - train epoch 1064 loss 0.0756 accuracy 98.44%
[2026-06-20 08:25:29,989][src.modRNN.training.training_loop][INFO] - 	 Starting Epoch: 1065
[2026-06-20 08:25:30,733][src.modRNN.training.training_loop][INFO] - train epoch 1065 loss 0.0495 accuracy 100.00%
[2026-06-20 08:25:30,735][src.modRNN.training.training_loop][INFO] - 	 Starting Epoch: 1066
[2026-06-20 08:25:31,478][src.modRNN.training.training_loop][INFO] - train epoch 1066 loss 0.1032 accuracy 98.44%
[2026-06-20 08:25:31,479][src.modRNN.training.training_loop][INFO] - 	 Starting Epoch: 1067
[2026-06-20 08:25:32,218][src.modRNN.training.training_loop][INFO] - train epoch 1067 loss 0.1518 accuracy 96.88%
[2026-06-20 08:25:32,220][src.modRNN.training.training_loop][INFO] - 	 Starting Epoch: 1068
[2026-06-20 08:25:32,961][src.modRNN.training.training_loop][INFO] - train epoch 1068 loss 0.1574 accuracy 95.31%
[2026-06-20 08:25:32,963][src.modRNN.training.training_loop][INFO] - 	 Starting Epoch: 1069
[2026-06-20 08:25:33,704][src.modRNN.training.training_loop][INFO] - train epoch 1069 loss 0.1262 accuracy 95.31%
[2026-06-20 08:25:33,706][src.modRNN.training.training_loop][INFO] - 	 Starting Epoch: 1070
[2026-06-20 08:25:34,445][src.modRNN.training.training_loop][INFO] - train epoch 1070 loss 0.1823 accuracy 93.75%
[2026-06-20 08:25:34,447][src.modRNN.training.training_loop][INFO] - 	 Starting Epoch: 1071
[2026-06-20 08:25:35,189][src.modRNN.training.training_loop][INFO] - train epoch 1071 loss 0.0741 accuracy 98.44%
[2026-06-20 08:25:35,191][src.modRNN.training.training_loop][INFO] - 	 Starting Epoch: 1072
[2026-06-20 08:25:35,932][src.modRNN.training.training_loop][INFO] - train epoch 1072 loss 0.0835 accuracy 98.44%
[2026-06-20 08:25:35,934][src.modRNN.training.training_loop][INFO] - 	 Starting Epoch: 1073
[2026-06-20 08:25:36,674][src.modRNN.training.training_loop][INFO] - train epoch 1073 loss 0.1278 accuracy 93.75%
[2026-06-20 08:25:36,676][src.modRNN.training.training_loop][INFO] - 	 Starting Epoch: 1074
[2026-06-20 08:25:37,415][src.modRNN.training.training_loop][INFO] - train epoch 1074 loss 0.1857 accuracy 93.75%
[2026-06-20 08:25:37,417][src.modRNN.training.training_loop][INFO] - 	 Starting Epoch: 1075
[2026-06-20 08:25:38,158][src.modRNN.training.training_loop][INFO] - train epoch 1075 loss 0.1746 accuracy 95.31%
[2026-06-20 08:25:38,159][src.modRNN.training.training_loop][INFO] - 	 Starting Epoch: 1076
[2026-06-20 08:25:38,900][src.modRNN.training.training_loop][INFO] - train epoch 1076 loss 0.2078 accuracy 93.75%
[2026-06-20 08:25:40,109][src.modRNN.training.training_loop][INFO] - eval  epoch 1076 loss 0.1717 accuracy 93.95%
[2026-06-20 08:25:40,110][src.modRNN.training.training_loop][INFO] - 	 Starting Epoch: 1077
[2026-06-20 08:25:40,851][src.modRNN.training.training_loop][INFO] - train epoch 1077 loss 0.1889 accuracy 93.75%
[2026-06-20 08:25:40,853][src.modRNN.training.training_loop][INFO] - 	 Starting Epoch: 1078
[2026-06-20 08:25:41,593][src.modRNN.training.training_loop][INFO] - train epoch 1078 loss 0.1719 accuracy 93.75%
[2026-06-20 08:25:41,595][src.modRNN.training.training_loop][INFO] - 	 Starting Epoch: 1079
[2026-06-20 08:25:42,334][src.modRNN.training.training_loop][INFO] - train epoch 1079 loss 0.2164 accuracy 93.75%
[2026-06-20 08:25:42,336][src.modRNN.training.training_loop][INFO] - 	 Starting Epoch: 1080
[2026-06-20 08:25:43,074][src.modRNN.training.training_loop][INFO] - train epoch 1080 loss 0.3778 accuracy 85.94%
[2026-06-20 08:25:43,075][src.modRNN.training.training_loop][INFO] - 	 Starting Epoch: 1081
[2026-06-20 08:25:43,814][src.modRNN.training.training_loop][INFO] - train epoch 1081 loss 0.2616 accuracy 90.62%
[2026-06-20 08:25:43,815][src.modRNN.training.training_loop][INFO] - 	 Starting Epoch: 1082
[2026-06-20 08:25:44,553][src.modRNN.training.training_loop][INFO] - train epoch 1082 loss 0.2019 accuracy 92.19%
[2026-06-20 08:25:44,554][src.modRNN.training.training_loop][INFO] - 	 Starting Epoch: 1083
[2026-06-20 08:25:45,293][src.modRNN.training.training_loop][INFO] - train epoch 1083 loss 0.1896 accuracy 92.19%
[2026-06-20 08:25:45,294][src.modRNN.training.training_loop][INFO] - 	 Starting Epoch: 1084
[2026-06-20 08:25:46,032][src.modRNN.training.training_loop][INFO] - train epoch 1084 loss 0.2547 accuracy 92.19%
[2026-06-20 08:25:46,034][src.modRNN.training.training_loop][INFO] - 	 Starting Epoch: 1085
[2026-06-20 08:25:46,772][src.modRNN.training.training_loop][INFO] - train epoch 1085 loss 0.2068 accuracy 92.19%
[2026-06-20 08:25:46,774][src.modRNN.training.training_loop][INFO] - 	 Starting Epoch: 1086
[2026-06-20 08:25:47,513][src.modRNN.training.training_loop][INFO] - train epoch 1086 loss 0.1538 accuracy 95.31%
[2026-06-20 08:25:47,515][src.modRNN.training.training_loop][INFO] - 	 Starting Epoch: 1087
[2026-06-20 08:25:48,255][src.modRNN.training.training_loop][INFO] - train epoch 1087 loss 0.1185 accuracy 95.31%
[2026-06-20 08:25:48,257][src.modRNN.training.training_loop][INFO] - 	 Starting Epoch: 1088
[2026-06-20 08:25:48,997][src.modRNN.training.training_loop][INFO] - train epoch 1088 loss 0.4098 accuracy 79.69%
[2026-06-20 08:25:48,999][src.modRNN.training.training_loop][INFO] - 	 Starting Epoch: 1089
[2026-06-20 08:25:49,739][src.modRNN.training.training_loop][INFO] - train epoch 1089 loss 0.1390 accuracy 93.75%
[2026-06-20 08:25:49,740][src.modRNN.training.training_loop][INFO] - 	 Starting Epoch: 1090
[2026-06-20 08:25:50,479][src.modRNN.training.training_loop][INFO] - train epoch 1090 loss 0.2957 accuracy 87.50%
[2026-06-20 08:25:50,481][src.modRNN.training.training_loop][INFO] - 	 Starting Epoch: 1091
[2026-06-20 08:25:51,219][src.modRNN.training.training_loop][INFO] - train epoch 1091 loss 0.3411 accuracy 81.25%
[2026-06-20 08:25:51,221][src.modRNN.training.training_loop][INFO] - 	 Starting Epoch: 1092
[2026-06-20 08:25:51,960][src.modRNN.training.training_loop][INFO] - train epoch 1092 loss 0.2422 accuracy 87.50%
[2026-06-20 08:25:51,962][src.modRNN.training.training_loop][INFO] - 	 Starting Epoch: 1093
[2026-06-20 08:25:52,702][src.modRNN.training.training_loop][INFO] - train epoch 1093 loss 0.2687 accuracy 81.25%
[2026-06-20 08:25:52,704][src.modRNN.training.training_loop][INFO] - 	 Starting Epoch: 1094
[2026-06-20 08:25:53,443][src.modRNN.training.training_loop][INFO] - train epoch 1094 loss 0.2268 accuracy 85.94%
[2026-06-20 08:25:53,445][src.modRNN.training.training_loop][INFO] - 	 Starting Epoch: 1095
[2026-06-20 08:25:54,186][src.modRNN.training.training_loop][INFO] - train epoch 1095 loss 0.1858 accuracy 92.19%
[2026-06-20 08:25:54,188][src.modRNN.training.training_loop][INFO] - 	 Starting Epoch: 1096
[2026-06-20 08:25:54,928][src.modRNN.training.training_loop][INFO] - train epoch 1096 loss 0.1598 accuracy 96.88%
[2026-06-20 08:25:54,930][src.modRNN.training.training_loop][INFO] - 	 Starting Epoch: 1097
[2026-06-20 08:25:55,668][src.modRNN.training.training_loop][INFO] - train epoch 1097 loss 0.1626 accuracy 100.00%
[2026-06-20 08:25:55,670][src.modRNN.training.training_loop][INFO] - 	 Starting Epoch: 1098
[2026-06-20 08:25:56,410][src.modRNN.training.training_loop][INFO] - train epoch 1098 loss 0.1739 accuracy 96.88%
[2026-06-20 08:25:56,412][src.modRNN.training.training_loop][INFO] - 	 Starting Epoch: 1099
[2026-06-20 08:25:57,152][src.modRNN.training.training_loop][INFO] - train epoch 1099 loss 0.1423 accuracy 100.00%
[2026-06-20 08:25:57,154][src.modRNN.training.training_loop][INFO] - 	 Starting Epoch: 1100
[2026-06-20 08:25:57,893][src.modRNN.training.training_loop][INFO] - train epoch 1100 loss 0.0996 accuracy 100.00%
[2026-06-20 08:25:57,895][src.modRNN.training.training_loop][INFO] - 	 Starting Epoch: 1101
[2026-06-20 08:25:58,633][src.modRNN.training.training_loop][INFO] - train epoch 1101 loss 0.1216 accuracy 100.00%
[2026-06-20 08:25:59,837][src.modRNN.training.training_loop][INFO] - eval  epoch 1101 loss 0.1106 accuracy 99.80%
[2026-06-20 08:25:59,838][src.modRNN.training.training_loop][INFO] - 	 Starting Epoch: 1102
[2026-06-20 08:26:00,578][src.modRNN.training.training_loop][INFO] - train epoch 1102 loss 0.1006 accuracy 100.00%
[2026-06-20 08:26:00,580][src.modRNN.training.training_loop][INFO] - 	 Starting Epoch: 1103
[2026-06-20 08:26:01,320][src.modRNN.training.training_loop][INFO] - train epoch 1103 loss 0.0895 accuracy 100.00%
[2026-06-20 08:26:01,322][src.modRNN.training.training_loop][INFO] - 	 Starting Epoch: 1104
[2026-06-20 08:26:02,074][src.modRNN.training.training_loop][INFO] - train epoch 1104 loss 0.1120 accuracy 100.00%
[2026-06-20 08:26:02,076][src.modRNN.training.training_loop][INFO] - 	 Starting Epoch: 1105
[2026-06-20 08:26:02,821][src.modRNN.training.training_loop][INFO] - train epoch 1105 loss 0.0937 accuracy 100.00%
[2026-06-20 08:26:02,823][src.modRNN.training.training_loop][INFO] - 	 Starting Epoch: 1106
[2026-06-20 08:26:03,568][src.modRNN.training.training_loop][INFO] - train epoch 1106 loss 0.1116 accuracy 100.00%
[2026-06-20 08:26:03,570][src.modRNN.training.training_loop][INFO] - 	 Starting Epoch: 1107
[2026-06-20 08:26:04,314][src.modRNN.training.training_loop][INFO] - train epoch 1107 loss 0.1013 accuracy 100.00%
[2026-06-20 08:26:04,316][src.modRNN.training.training_loop][INFO] - 	 Starting Epoch: 1108
[2026-06-20 08:26:05,061][src.modRNN.training.training_loop][INFO] - train epoch 1108 loss 0.1068 accuracy 100.00%
[2026-06-20 08:26:05,063][src.modRNN.training.training_loop][INFO] - 	 Starting Epoch: 1109
[2026-06-20 08:26:05,809][src.modRNN.training.training_loop][INFO] - train epoch 1109 loss 0.1040 accuracy 100.00%
[2026-06-20 08:26:05,811][src.modRNN.training.training_loop][INFO] - 	 Starting Epoch: 1110
[2026-06-20 08:26:06,559][src.modRNN.training.training_loop][INFO] - train epoch 1110 loss 0.1025 accuracy 100.00%
[2026-06-20 08:26:06,561][src.modRNN.training.training_loop][INFO] - 	 Starting Epoch: 1111
[2026-06-20 08:26:07,305][src.modRNN.training.training_loop][INFO] - train epoch 1111 loss 0.1257 accuracy 98.44%
[2026-06-20 08:26:07,307][src.modRNN.training.training_loop][INFO] - 	 Starting Epoch: 1112
[2026-06-20 08:26:08,050][src.modRNN.training.training_loop][INFO] - train epoch 1112 loss 0.1223 accuracy 98.44%
[2026-06-20 08:26:08,052][src.modRNN.training.training_loop][INFO] - 	 Starting Epoch: 1113
[2026-06-20 08:26:08,797][src.modRNN.training.training_loop][INFO] - train epoch 1113 loss 0.0869 accuracy 100.00%
[2026-06-20 08:26:08,799][src.modRNN.training.training_loop][INFO] - 	 Starting Epoch: 1114
[2026-06-20 08:26:09,541][src.modRNN.training.training_loop][INFO] - train epoch 1114 loss 0.1226 accuracy 98.44%
[2026-06-20 08:26:09,544][src.modRNN.training.training_loop][INFO] - 	 Starting Epoch: 1115
[2026-06-20 08:26:10,289][src.modRNN.training.training_loop][INFO] - train epoch 1115 loss 0.1102 accuracy 98.44%
[2026-06-20 08:26:10,291][src.modRNN.training.training_loop][INFO] - 	 Starting Epoch: 1116
[2026-06-20 08:26:11,035][src.modRNN.training.training_loop][INFO] - train epoch 1116 loss 0.0942 accuracy 100.00%
[2026-06-20 08:26:11,037][src.modRNN.training.training_loop][INFO] - 	 Starting Epoch: 1117
[2026-06-20 08:26:11,780][src.modRNN.training.training_loop][INFO] - train epoch 1117 loss 0.1171 accuracy 100.00%
[2026-06-20 08:26:11,782][src.modRNN.training.training_loop][INFO] - 	 Starting Epoch: 1118
[2026-06-20 08:26:12,526][src.modRNN.training.training_loop][INFO] - train epoch 1118 loss 0.1113 accuracy 98.44%
[2026-06-20 08:26:12,527][src.modRNN.training.training_loop][INFO] - 	 Starting Epoch: 1119
[2026-06-20 08:26:13,273][src.modRNN.training.training_loop][INFO] - train epoch 1119 loss 0.1131 accuracy 98.44%
[2026-06-20 08:26:13,275][src.modRNN.training.training_loop][INFO] - 	 Starting Epoch: 1120
[2026-06-20 08:26:14,019][src.modRNN.training.training_loop][INFO] - train epoch 1120 loss 0.1322 accuracy 98.44%
[2026-06-20 08:26:14,021][src.modRNN.training.training_loop][INFO] - 	 Starting Epoch: 1121
[2026-06-20 08:26:14,766][src.modRNN.training.training_loop][INFO] - train epoch 1121 loss 0.0940 accuracy 100.00%
[2026-06-20 08:26:14,768][src.modRNN.training.training_loop][INFO] - 	 Starting Epoch: 1122
[2026-06-20 08:26:15,511][src.modRNN.training.training_loop][INFO] - train epoch 1122 loss 0.1026 accuracy 100.00%
[2026-06-20 08:26:15,513][src.modRNN.training.training_loop][INFO] - 	 Starting Epoch: 1123
[2026-06-20 08:26:16,255][src.modRNN.training.training_loop][INFO] - train epoch 1123 loss 0.1115 accuracy 100.00%
[2026-06-20 08:26:16,257][src.modRNN.training.training_loop][INFO] - 	 Starting Epoch: 1124
[2026-06-20 08:26:17,000][src.modRNN.training.training_loop][INFO] - train epoch 1124 loss 0.0881 accuracy 100.00%
[2026-06-20 08:26:17,002][src.modRNN.training.training_loop][INFO] - 	 Starting Epoch: 1125
[2026-06-20 08:26:17,745][src.modRNN.training.training_loop][INFO] - train epoch 1125 loss 0.0988 accuracy 100.00%
[2026-06-20 08:26:17,747][src.modRNN.training.training_loop][INFO] - 	 Starting Epoch: 1126
[2026-06-20 08:26:18,493][src.modRNN.training.training_loop][INFO] - train epoch 1126 loss 0.0640 accuracy 100.00%
[2026-06-20 08:26:19,698][src.modRNN.training.training_loop][INFO] - eval  epoch 1126 loss 0.0857 accuracy 99.41%
[2026-06-20 08:26:19,700][src.modRNN.training.training_loop][INFO] - 	 Starting Epoch: 1127
[2026-06-20 08:26:20,442][src.modRNN.training.training_loop][INFO] - train epoch 1127 loss 0.0858 accuracy 100.00%
[2026-06-20 08:26:20,444][src.modRNN.training.training_loop][INFO] - 	 Starting Epoch: 1128
[2026-06-20 08:26:21,189][src.modRNN.training.training_loop][INFO] - train epoch 1128 loss 0.0789 accuracy 100.00%
[2026-06-20 08:26:21,191][src.modRNN.training.training_loop][INFO] - 	 Starting Epoch: 1129
[2026-06-20 08:26:21,936][src.modRNN.training.training_loop][INFO] - train epoch 1129 loss 0.0945 accuracy 100.00%
[2026-06-20 08:26:21,938][src.modRNN.training.training_loop][INFO] - 	 Starting Epoch: 1130
[2026-06-20 08:26:22,679][src.modRNN.training.training_loop][INFO] - train epoch 1130 loss 0.0574 accuracy 100.00%
[2026-06-20 08:26:22,681][src.modRNN.training.training_loop][INFO] - 	 Starting Epoch: 1131
[2026-06-20 08:26:23,425][src.modRNN.training.training_loop][INFO] - train epoch 1131 loss 0.0917 accuracy 100.00%
[2026-06-20 08:26:23,427][src.modRNN.training.training_loop][INFO] - 	 Starting Epoch: 1132
[2026-06-20 08:26:24,171][src.modRNN.training.training_loop][INFO] - train epoch 1132 loss 0.1423 accuracy 98.44%
[2026-06-20 08:26:24,173][src.modRNN.training.training_loop][INFO] - 	 Starting Epoch: 1133
[2026-06-20 08:26:24,916][src.modRNN.training.training_loop][INFO] - train epoch 1133 loss 0.0717 accuracy 100.00%
[2026-06-20 08:26:24,918][src.modRNN.training.training_loop][INFO] - 	 Starting Epoch: 1134
[2026-06-20 08:26:25,662][src.modRNN.training.training_loop][INFO] - train epoch 1134 loss 0.0835 accuracy 100.00%
[2026-06-20 08:26:25,663][src.modRNN.training.training_loop][INFO] - 	 Starting Epoch: 1135
[2026-06-20 08:26:26,406][src.modRNN.training.training_loop][INFO] - train epoch 1135 loss 0.0963 accuracy 100.00%
[2026-06-20 08:26:26,408][src.modRNN.training.training_loop][INFO] - 	 Starting Epoch: 1136
[2026-06-20 08:26:27,151][src.modRNN.training.training_loop][INFO] - train epoch 1136 loss 0.1442 accuracy 98.44%
[2026-06-20 08:26:27,153][src.modRNN.training.training_loop][INFO] - 	 Starting Epoch: 1137
[2026-06-20 08:26:27,897][src.modRNN.training.training_loop][INFO] - train epoch 1137 loss 0.0821 accuracy 100.00%
[2026-06-20 08:26:27,899][src.modRNN.training.training_loop][INFO] - 	 Starting Epoch: 1138
[2026-06-20 08:26:28,644][src.modRNN.training.training_loop][INFO] - train epoch 1138 loss 0.0753 accuracy 100.00%
[2026-06-20 08:26:28,646][src.modRNN.training.training_loop][INFO] - 	 Starting Epoch: 1139
[2026-06-20 08:26:29,391][src.modRNN.training.training_loop][INFO] - train epoch 1139 loss 0.0781 accuracy 100.00%
[2026-06-20 08:26:29,393][src.modRNN.training.training_loop][INFO] - 	 Starting Epoch: 1140
[2026-06-20 08:26:30,134][src.modRNN.training.training_loop][INFO] - train epoch 1140 loss 0.0683 accuracy 100.00%
[2026-06-20 08:26:30,136][src.modRNN.training.training_loop][INFO] - 	 Starting Epoch: 1141
[2026-06-20 08:26:30,880][src.modRNN.training.training_loop][INFO] - train epoch 1141 loss 0.0920 accuracy 100.00%
[2026-06-20 08:26:30,882][src.modRNN.training.training_loop][INFO] - 	 Starting Epoch: 1142
[2026-06-20 08:26:31,623][src.modRNN.training.training_loop][INFO] - train epoch 1142 loss 0.1094 accuracy 98.44%
[2026-06-20 08:26:31,625][src.modRNN.training.training_loop][INFO] - 	 Starting Epoch: 1143
[2026-06-20 08:26:32,366][src.modRNN.training.training_loop][INFO] - train epoch 1143 loss 0.0683 accuracy 100.00%
[2026-06-20 08:26:32,368][src.modRNN.training.training_loop][INFO] - 	 Starting Epoch: 1144
[2026-06-20 08:26:33,108][src.modRNN.training.training_loop][INFO] - train epoch 1144 loss 0.0714 accuracy 100.00%
[2026-06-20 08:26:33,110][src.modRNN.training.training_loop][INFO] - 	 Starting Epoch: 1145
[2026-06-20 08:26:33,848][src.modRNN.training.training_loop][INFO] - train epoch 1145 loss 0.0599 accuracy 100.00%
[2026-06-20 08:26:33,850][src.modRNN.training.training_loop][INFO] - 	 Starting Epoch: 1146
[2026-06-20 08:26:34,588][src.modRNN.training.training_loop][INFO] - train epoch 1146 loss 0.0707 accuracy 100.00%
[2026-06-20 08:26:34,589][src.modRNN.training.training_loop][INFO] - 	 Starting Epoch: 1147
[2026-06-20 08:26:35,329][src.modRNN.training.training_loop][INFO] - train epoch 1147 loss 0.0839 accuracy 100.00%
[2026-06-20 08:26:35,330][src.modRNN.training.training_loop][INFO] - 	 Starting Epoch: 1148
[2026-06-20 08:26:36,070][src.modRNN.training.training_loop][INFO] - train epoch 1148 loss 0.0676 accuracy 100.00%
[2026-06-20 08:26:36,071][src.modRNN.training.training_loop][INFO] - 	 Starting Epoch: 1149
[2026-06-20 08:26:36,811][src.modRNN.training.training_loop][INFO] - train epoch 1149 loss 0.0696 accuracy 100.00%
[2026-06-20 08:26:36,812][src.modRNN.training.training_loop][INFO] - 	 Starting Epoch: 1150
[2026-06-20 08:26:37,551][src.modRNN.training.training_loop][INFO] - train epoch 1150 loss 0.0657 accuracy 100.00%
[2026-06-20 08:26:37,553][src.modRNN.training.training_loop][INFO] - 	 Starting Epoch: 1151
[2026-06-20 08:26:38,292][src.modRNN.training.training_loop][INFO] - train epoch 1151 loss 0.0716 accuracy 100.00%
[2026-06-20 08:26:39,497][src.modRNN.training.training_loop][INFO] - eval  epoch 1151 loss 0.0641 accuracy 99.80%
[2026-06-20 08:26:39,498][src.modRNN.training.training_loop][INFO] - 	 Starting Epoch: 1152
[2026-06-20 08:26:40,237][src.modRNN.training.training_loop][INFO] - train epoch 1152 loss 0.0682 accuracy 100.00%
[2026-06-20 08:26:40,239][src.modRNN.training.training_loop][INFO] - 	 Starting Epoch: 1153
[2026-06-20 08:26:40,980][src.modRNN.training.training_loop][INFO] - train epoch 1153 loss 0.0712 accuracy 100.00%
[2026-06-20 08:26:40,982][src.modRNN.training.training_loop][INFO] - 	 Starting Epoch: 1154
[2026-06-20 08:26:41,723][src.modRNN.training.training_loop][INFO] - train epoch 1154 loss 0.0885 accuracy 98.44%
[2026-06-20 08:26:41,725][src.modRNN.training.training_loop][INFO] - 	 Starting Epoch: 1155
[2026-06-20 08:26:42,467][src.modRNN.training.training_loop][INFO] - train epoch 1155 loss 0.0588 accuracy 100.00%
[2026-06-20 08:26:42,469][src.modRNN.training.training_loop][INFO] - 	 Starting Epoch: 1156
[2026-06-20 08:26:43,207][src.modRNN.training.training_loop][INFO] - train epoch 1156 loss 0.0972 accuracy 100.00%
[2026-06-20 08:26:43,209][src.modRNN.training.training_loop][INFO] - 	 Starting Epoch: 1157
[2026-06-20 08:26:43,950][src.modRNN.training.training_loop][INFO] - train epoch 1157 loss 0.0550 accuracy 100.00%
[2026-06-20 08:26:43,952][src.modRNN.training.training_loop][INFO] - 	 Starting Epoch: 1158
[2026-06-20 08:26:44,695][src.modRNN.training.training_loop][INFO] - train epoch 1158 loss 0.0552 accuracy 100.00%
[2026-06-20 08:26:44,697][src.modRNN.training.training_loop][INFO] - 	 Starting Epoch: 1159
[2026-06-20 08:26:45,437][src.modRNN.training.training_loop][INFO] - train epoch 1159 loss 0.0544 accuracy 100.00%
[2026-06-20 08:26:45,438][src.modRNN.training.training_loop][INFO] - 	 Starting Epoch: 1160
[2026-06-20 08:26:46,180][src.modRNN.training.training_loop][INFO] - train epoch 1160 loss 0.0699 accuracy 98.44%
[2026-06-20 08:26:46,181][src.modRNN.training.training_loop][INFO] - 	 Starting Epoch: 1161
[2026-06-20 08:26:46,921][src.modRNN.training.training_loop][INFO] - train epoch 1161 loss 0.0481 accuracy 100.00%
[2026-06-20 08:26:46,923][src.modRNN.training.training_loop][INFO] - 	 Starting Epoch: 1162
[2026-06-20 08:26:47,662][src.modRNN.training.training_loop][INFO] - train epoch 1162 loss 0.0640 accuracy 100.00%
[2026-06-20 08:26:47,664][src.modRNN.training.training_loop][INFO] - 	 Starting Epoch: 1163
[2026-06-20 08:26:48,403][src.modRNN.training.training_loop][INFO] - train epoch 1163 loss 0.0609 accuracy 100.00%
[2026-06-20 08:26:48,405][src.modRNN.training.training_loop][INFO] - 	 Starting Epoch: 1164
[2026-06-20 08:26:49,144][src.modRNN.training.training_loop][INFO] - train epoch 1164 loss 0.0547 accuracy 100.00%
[2026-06-20 08:26:49,146][src.modRNN.training.training_loop][INFO] - 	 Starting Epoch: 1165
[2026-06-20 08:26:49,887][src.modRNN.training.training_loop][INFO] - train epoch 1165 loss 0.0760 accuracy 100.00%
[2026-06-20 08:26:49,888][src.modRNN.training.training_loop][INFO] - 	 Starting Epoch: 1166
[2026-06-20 08:26:50,627][src.modRNN.training.training_loop][INFO] - train epoch 1166 loss 0.0615 accuracy 100.00%
[2026-06-20 08:26:50,629][src.modRNN.training.training_loop][INFO] - 	 Starting Epoch: 1167
[2026-06-20 08:26:51,368][src.modRNN.training.training_loop][INFO] - train epoch 1167 loss 0.0481 accuracy 100.00%
[2026-06-20 08:26:51,370][src.modRNN.training.training_loop][INFO] - 	 Starting Epoch: 1168
[2026-06-20 08:26:52,109][src.modRNN.training.training_loop][INFO] - train epoch 1168 loss 0.0808 accuracy 100.00%
[2026-06-20 08:26:52,110][src.modRNN.training.training_loop][INFO] - 	 Starting Epoch: 1169
[2026-06-20 08:26:52,852][src.modRNN.training.training_loop][INFO] - train epoch 1169 loss 0.0670 accuracy 100.00%
[2026-06-20 08:26:52,854][src.modRNN.training.training_loop][INFO] - 	 Starting Epoch: 1170
[2026-06-20 08:26:53,600][src.modRNN.training.training_loop][INFO] - train epoch 1170 loss 0.0477 accuracy 100.00%
[2026-06-20 08:26:53,602][src.modRNN.training.training_loop][INFO] - 	 Starting Epoch: 1171
[2026-06-20 08:26:54,343][src.modRNN.training.training_loop][INFO] - train epoch 1171 loss 0.0679 accuracy 100.00%
[2026-06-20 08:26:54,345][src.modRNN.training.training_loop][INFO] - 	 Starting Epoch: 1172
[2026-06-20 08:26:55,087][src.modRNN.training.training_loop][INFO] - train epoch 1172 loss 0.0675 accuracy 100.00%
[2026-06-20 08:26:55,089][src.modRNN.training.training_loop][INFO] - 	 Starting Epoch: 1173
[2026-06-20 08:26:55,828][src.modRNN.training.training_loop][INFO] - train epoch 1173 loss 0.0594 accuracy 100.00%
[2026-06-20 08:26:55,829][src.modRNN.training.training_loop][INFO] - 	 Starting Epoch: 1174
[2026-06-20 08:26:56,571][src.modRNN.training.training_loop][INFO] - train epoch 1174 loss 0.0659 accuracy 98.44%
[2026-06-20 08:26:56,573][src.modRNN.training.training_loop][INFO] - 	 Starting Epoch: 1175
[2026-06-20 08:26:57,311][src.modRNN.training.training_loop][INFO] - train epoch 1175 loss 0.0601 accuracy 100.00%
[2026-06-20 08:26:57,313][src.modRNN.training.training_loop][INFO] - 	 Starting Epoch: 1176
[2026-06-20 08:26:58,053][src.modRNN.training.training_loop][INFO] - train epoch 1176 loss 0.0429 accuracy 100.00%
[2026-06-20 08:26:59,259][src.modRNN.training.training_loop][INFO] - eval  epoch 1176 loss 0.0621 accuracy 99.80%
[2026-06-20 08:26:59,261][src.modRNN.training.training_loop][INFO] - 	 Starting Epoch: 1177
[2026-06-20 08:26:59,999][src.modRNN.training.training_loop][INFO] - train epoch 1177 loss 0.0591 accuracy 100.00%
[2026-06-20 08:27:00,000][src.modRNN.training.training_loop][INFO] - 	 Starting Epoch: 1178
[2026-06-20 08:27:00,740][src.modRNN.training.training_loop][INFO] - train epoch 1178 loss 0.0519 accuracy 100.00%
[2026-06-20 08:27:00,742][src.modRNN.training.training_loop][INFO] - 	 Starting Epoch: 1179
[2026-06-20 08:27:01,482][src.modRNN.training.training_loop][INFO] - train epoch 1179 loss 0.0643 accuracy 100.00%
[2026-06-20 08:27:01,483][src.modRNN.training.training_loop][INFO] - 	 Starting Epoch: 1180
[2026-06-20 08:27:02,257][src.modRNN.training.training_loop][INFO] - train epoch 1180 loss 0.0581 accuracy 100.00%
[2026-06-20 08:27:02,259][src.modRNN.training.training_loop][INFO] - 	 Starting Epoch: 1181
[2026-06-20 08:27:03,003][src.modRNN.training.training_loop][INFO] - train epoch 1181 loss 0.0596 accuracy 100.00%
[2026-06-20 08:27:03,005][src.modRNN.training.training_loop][INFO] - 	 Starting Epoch: 1182
[2026-06-20 08:27:03,748][src.modRNN.training.training_loop][INFO] - train epoch 1182 loss 0.0642 accuracy 100.00%
[2026-06-20 08:27:03,750][src.modRNN.training.training_loop][INFO] - 	 Starting Epoch: 1183
[2026-06-20 08:27:04,493][src.modRNN.training.training_loop][INFO] - train epoch 1183 loss 0.0649 accuracy 100.00%
[2026-06-20 08:27:04,495][src.modRNN.training.training_loop][INFO] - 	 Starting Epoch: 1184
[2026-06-20 08:27:05,239][src.modRNN.training.training_loop][INFO] - train epoch 1184 loss 0.0489 accuracy 100.00%
[2026-06-20 08:27:05,240][src.modRNN.training.training_loop][INFO] - 	 Starting Epoch: 1185
[2026-06-20 08:27:05,985][src.modRNN.training.training_loop][INFO] - train epoch 1185 loss 0.0427 accuracy 100.00%
[2026-06-20 08:27:05,987][src.modRNN.training.training_loop][INFO] - 	 Starting Epoch: 1186
[2026-06-20 08:27:06,731][src.modRNN.training.training_loop][INFO] - train epoch 1186 loss 0.0421 accuracy 100.00%
[2026-06-20 08:27:06,733][src.modRNN.training.training_loop][INFO] - 	 Starting Epoch: 1187
[2026-06-20 08:27:07,478][src.modRNN.training.training_loop][INFO] - train epoch 1187 loss 0.0494 accuracy 100.00%
[2026-06-20 08:27:07,480][src.modRNN.training.training_loop][INFO] - 	 Starting Epoch: 1188
[2026-06-20 08:27:08,224][src.modRNN.training.training_loop][INFO] - train epoch 1188 loss 0.0594 accuracy 100.00%
[2026-06-20 08:27:08,225][src.modRNN.training.training_loop][INFO] - 	 Starting Epoch: 1189
[2026-06-20 08:27:08,972][src.modRNN.training.training_loop][INFO] - train epoch 1189 loss 0.0687 accuracy 100.00%
[2026-06-20 08:27:08,973][src.modRNN.training.training_loop][INFO] - 	 Starting Epoch: 1190
[2026-06-20 08:27:09,718][src.modRNN.training.training_loop][INFO] - train epoch 1190 loss 0.0579 accuracy 100.00%
[2026-06-20 08:27:09,720][src.modRNN.training.training_loop][INFO] - 	 Starting Epoch: 1191
[2026-06-20 08:27:10,464][src.modRNN.training.training_loop][INFO] - train epoch 1191 loss 0.0501 accuracy 100.00%
[2026-06-20 08:27:10,466][src.modRNN.training.training_loop][INFO] - 	 Starting Epoch: 1192
[2026-06-20 08:27:11,210][src.modRNN.training.training_loop][INFO] - train epoch 1192 loss 0.0389 accuracy 100.00%
[2026-06-20 08:27:11,211][src.modRNN.training.training_loop][INFO] - 	 Starting Epoch: 1193
[2026-06-20 08:27:11,956][src.modRNN.training.training_loop][INFO] - train epoch 1193 loss 0.0964 accuracy 98.44%
[2026-06-20 08:27:11,958][src.modRNN.training.training_loop][INFO] - 	 Starting Epoch: 1194
[2026-06-20 08:27:12,703][src.modRNN.training.training_loop][INFO] - train epoch 1194 loss 0.0495 accuracy 100.00%
[2026-06-20 08:27:12,704][src.modRNN.training.training_loop][INFO] - 	 Starting Epoch: 1195
[2026-06-20 08:27:13,450][src.modRNN.training.training_loop][INFO] - train epoch 1195 loss 0.0424 accuracy 100.00%
[2026-06-20 08:27:13,452][src.modRNN.training.training_loop][INFO] - 	 Starting Epoch: 1196
[2026-06-20 08:27:14,197][src.modRNN.training.training_loop][INFO] - train epoch 1196 loss 0.0420 accuracy 100.00%
[2026-06-20 08:27:14,199][src.modRNN.training.training_loop][INFO] - 	 Starting Epoch: 1197
[2026-06-20 08:27:14,943][src.modRNN.training.training_loop][INFO] - train epoch 1197 loss 0.0502 accuracy 100.00%
[2026-06-20 08:27:14,945][src.modRNN.training.training_loop][INFO] - 	 Starting Epoch: 1198
[2026-06-20 08:27:15,688][src.modRNN.training.training_loop][INFO] - train epoch 1198 loss 0.0674 accuracy 100.00%
[2026-06-20 08:27:15,690][src.modRNN.training.training_loop][INFO] - 	 Starting Epoch: 1199
[2026-06-20 08:27:16,434][src.modRNN.training.training_loop][INFO] - train epoch 1199 loss 0.0555 accuracy 100.00%
[2026-06-20 08:27:16,436][src.modRNN.training.training_loop][INFO] - 	 Starting Epoch: 1200
[2026-06-20 08:27:17,180][src.modRNN.training.training_loop][INFO] - train epoch 1200 loss 0.1335 accuracy 98.44%
[2026-06-20 08:27:17,182][src.modRNN.training.training_loop][INFO] - 	 Starting Epoch: 1201
[2026-06-20 08:27:17,925][src.modRNN.training.training_loop][INFO] - train epoch 1201 loss 0.0642 accuracy 98.44%
[2026-06-20 08:27:19,129][src.modRNN.training.training_loop][INFO] - eval  epoch 1201 loss 0.0610 accuracy 99.61%
[2026-06-20 08:27:19,131][src.modRNN.training.training_loop][INFO] - 	 Starting Epoch: 1202
[2026-06-20 08:27:19,875][src.modRNN.training.training_loop][INFO] - train epoch 1202 loss 0.0756 accuracy 98.44%
[2026-06-20 08:27:19,877][src.modRNN.training.training_loop][INFO] - 	 Starting Epoch: 1203
[2026-06-20 08:27:20,620][src.modRNN.training.training_loop][INFO] - train epoch 1203 loss 0.0874 accuracy 100.00%
[2026-06-20 08:27:20,622][src.modRNN.training.training_loop][INFO] - 	 Starting Epoch: 1204
[2026-06-20 08:27:21,365][src.modRNN.training.training_loop][INFO] - train epoch 1204 loss 0.0787 accuracy 98.44%
[2026-06-20 08:27:21,367][src.modRNN.training.training_loop][INFO] - 	 Starting Epoch: 1205
[2026-06-20 08:27:22,111][src.modRNN.training.training_loop][INFO] - train epoch 1205 loss 0.0588 accuracy 98.44%
[2026-06-20 08:27:22,113][src.modRNN.training.training_loop][INFO] - 	 Starting Epoch: 1206
[2026-06-20 08:27:22,859][src.modRNN.training.training_loop][INFO] - train epoch 1206 loss 0.0454 accuracy 100.00%
[2026-06-20 08:27:22,861][src.modRNN.training.training_loop][INFO] - 	 Starting Epoch: 1207
[2026-06-20 08:27:23,604][src.modRNN.training.training_loop][INFO] - train epoch 1207 loss 0.0608 accuracy 100.00%
[2026-06-20 08:27:23,605][src.modRNN.training.training_loop][INFO] - 	 Starting Epoch: 1208
[2026-06-20 08:27:24,349][src.modRNN.training.training_loop][INFO] - train epoch 1208 loss 0.0539 accuracy 100.00%
[2026-06-20 08:27:24,351][src.modRNN.training.training_loop][INFO] - 	 Starting Epoch: 1209
[2026-06-20 08:27:25,094][src.modRNN.training.training_loop][INFO] - train epoch 1209 loss 0.0524 accuracy 100.00%
[2026-06-20 08:27:25,096][src.modRNN.training.training_loop][INFO] - 	 Starting Epoch: 1210
[2026-06-20 08:27:25,838][src.modRNN.training.training_loop][INFO] - train epoch 1210 loss 0.0659 accuracy 98.44%
[2026-06-20 08:27:25,840][src.modRNN.training.training_loop][INFO] - 	 Starting Epoch: 1211
[2026-06-20 08:27:26,583][src.modRNN.training.training_loop][INFO] - train epoch 1211 loss 0.0391 accuracy 100.00%
[2026-06-20 08:27:26,584][src.modRNN.training.training_loop][INFO] - 	 Starting Epoch: 1212
[2026-06-20 08:27:27,326][src.modRNN.training.training_loop][INFO] - train epoch 1212 loss 0.0481 accuracy 100.00%
[2026-06-20 08:27:27,328][src.modRNN.training.training_loop][INFO] - 	 Starting Epoch: 1213
[2026-06-20 08:27:28,073][src.modRNN.training.training_loop][INFO] - train epoch 1213 loss 0.0659 accuracy 100.00%
[2026-06-20 08:27:28,075][src.modRNN.training.training_loop][INFO] - 	 Starting Epoch: 1214
[2026-06-20 08:27:28,818][src.modRNN.training.training_loop][INFO] - train epoch 1214 loss 0.0469 accuracy 100.00%
[2026-06-20 08:27:28,820][src.modRNN.training.training_loop][INFO] - 	 Starting Epoch: 1215
[2026-06-20 08:27:29,563][src.modRNN.training.training_loop][INFO] - train epoch 1215 loss 0.0474 accuracy 100.00%
[2026-06-20 08:27:29,565][src.modRNN.training.training_loop][INFO] - 	 Starting Epoch: 1216
[2026-06-20 08:27:30,307][src.modRNN.training.training_loop][INFO] - train epoch 1216 loss 0.0518 accuracy 100.00%
[2026-06-20 08:27:30,309][src.modRNN.training.training_loop][INFO] - 	 Starting Epoch: 1217
[2026-06-20 08:27:31,056][src.modRNN.training.training_loop][INFO] - train epoch 1217 loss 0.0422 accuracy 100.00%
[2026-06-20 08:27:31,058][src.modRNN.training.training_loop][INFO] - 	 Starting Epoch: 1218
[2026-06-20 08:27:31,797][src.modRNN.training.training_loop][INFO] - train epoch 1218 loss 0.0579 accuracy 100.00%
[2026-06-20 08:27:31,799][src.modRNN.training.training_loop][INFO] - 	 Starting Epoch: 1219
[2026-06-20 08:27:32,541][src.modRNN.training.training_loop][INFO] - train epoch 1219 loss 0.0425 accuracy 100.00%
[2026-06-20 08:27:32,543][src.modRNN.training.training_loop][INFO] - 	 Starting Epoch: 1220
[2026-06-20 08:27:33,281][src.modRNN.training.training_loop][INFO] - train epoch 1220 loss 0.0554 accuracy 100.00%
[2026-06-20 08:27:33,283][src.modRNN.training.training_loop][INFO] - 	 Starting Epoch: 1221
[2026-06-20 08:27:34,022][src.modRNN.training.training_loop][INFO] - train epoch 1221 loss 0.0430 accuracy 100.00%
[2026-06-20 08:27:34,024][src.modRNN.training.training_loop][INFO] - 	 Starting Epoch: 1222
[2026-06-20 08:27:34,763][src.modRNN.training.training_loop][INFO] - train epoch 1222 loss 0.0408 accuracy 100.00%
[2026-06-20 08:27:34,764][src.modRNN.training.training_loop][INFO] - 	 Starting Epoch: 1223
[2026-06-20 08:27:35,502][src.modRNN.training.training_loop][INFO] - train epoch 1223 loss 0.0446 accuracy 100.00%
[2026-06-20 08:27:35,504][src.modRNN.training.training_loop][INFO] - 	 Starting Epoch: 1224
[2026-06-20 08:27:36,243][src.modRNN.training.training_loop][INFO] - train epoch 1224 loss 0.0458 accuracy 100.00%
[2026-06-20 08:27:36,244][src.modRNN.training.training_loop][INFO] - 	 Starting Epoch: 1225
[2026-06-20 08:27:36,984][src.modRNN.training.training_loop][INFO] - train epoch 1225 loss 0.0623 accuracy 100.00%
[2026-06-20 08:27:36,986][src.modRNN.training.training_loop][INFO] - 	 Starting Epoch: 1226
[2026-06-20 08:27:37,726][src.modRNN.training.training_loop][INFO] - train epoch 1226 loss 0.0476 accuracy 100.00%
[2026-06-20 08:27:38,935][src.modRNN.training.training_loop][INFO] - eval  epoch 1226 loss 0.0547 accuracy 99.61%
[2026-06-20 08:27:38,937][src.modRNN.training.training_loop][INFO] - 	 Starting Epoch: 1227
[2026-06-20 08:27:39,674][src.modRNN.training.training_loop][INFO] - train epoch 1227 loss 0.1096 accuracy 98.44%
[2026-06-20 08:27:39,676][src.modRNN.training.training_loop][INFO] - 	 Starting Epoch: 1228
[2026-06-20 08:27:40,417][src.modRNN.training.training_loop][INFO] - train epoch 1228 loss 0.0542 accuracy 100.00%
[2026-06-20 08:27:40,419][src.modRNN.training.training_loop][INFO] - 	 Starting Epoch: 1229
[2026-06-20 08:27:41,164][src.modRNN.training.training_loop][INFO] - train epoch 1229 loss 0.0711 accuracy 98.44%
[2026-06-20 08:27:41,166][src.modRNN.training.training_loop][INFO] - 	 Starting Epoch: 1230
[2026-06-20 08:27:41,908][src.modRNN.training.training_loop][INFO] - train epoch 1230 loss 0.0543 accuracy 100.00%
[2026-06-20 08:27:41,909][src.modRNN.training.training_loop][INFO] - 	 Starting Epoch: 1231
[2026-06-20 08:27:42,652][src.modRNN.training.training_loop][INFO] - train epoch 1231 loss 0.1146 accuracy 98.44%
[2026-06-20 08:27:42,654][src.modRNN.training.training_loop][INFO] - 	 Starting Epoch: 1232
[2026-06-20 08:27:43,395][src.modRNN.training.training_loop][INFO] - train epoch 1232 loss 0.0375 accuracy 100.00%
[2026-06-20 08:27:43,397][src.modRNN.training.training_loop][INFO] - 	 Starting Epoch: 1233
[2026-06-20 08:27:44,135][src.modRNN.training.training_loop][INFO] - train epoch 1233 loss 0.0483 accuracy 100.00%
[2026-06-20 08:27:44,137][src.modRNN.training.training_loop][INFO] - 	 Starting Epoch: 1234
[2026-06-20 08:27:44,875][src.modRNN.training.training_loop][INFO] - train epoch 1234 loss 0.0437 accuracy 100.00%
[2026-06-20 08:27:44,877][src.modRNN.training.training_loop][INFO] - 	 Starting Epoch: 1235
[2026-06-20 08:27:45,616][src.modRNN.training.training_loop][INFO] - train epoch 1235 loss 0.0373 accuracy 100.00%
[2026-06-20 08:27:45,618][src.modRNN.training.training_loop][INFO] - 	 Starting Epoch: 1236
[2026-06-20 08:27:46,358][src.modRNN.training.training_loop][INFO] - train epoch 1236 loss 0.0393 accuracy 100.00%
[2026-06-20 08:27:46,360][src.modRNN.training.training_loop][INFO] - 	 Starting Epoch: 1237
[2026-06-20 08:27:47,098][src.modRNN.training.training_loop][INFO] - train epoch 1237 loss 0.0569 accuracy 100.00%
[2026-06-20 08:27:47,100][src.modRNN.training.training_loop][INFO] - 	 Starting Epoch: 1238
[2026-06-20 08:27:47,839][src.modRNN.training.training_loop][INFO] - train epoch 1238 loss 0.0486 accuracy 100.00%
[2026-06-20 08:27:47,841][src.modRNN.training.training_loop][INFO] - 	 Starting Epoch: 1239
[2026-06-20 08:27:48,581][src.modRNN.training.training_loop][INFO] - train epoch 1239 loss 0.0495 accuracy 100.00%
[2026-06-20 08:27:48,583][src.modRNN.training.training_loop][INFO] - 	 Starting Epoch: 1240
[2026-06-20 08:27:49,323][src.modRNN.training.training_loop][INFO] - train epoch 1240 loss 0.0552 accuracy 100.00%
[2026-06-20 08:27:49,325][src.modRNN.training.training_loop][INFO] - 	 Starting Epoch: 1241
[2026-06-20 08:27:50,064][src.modRNN.training.training_loop][INFO] - train epoch 1241 loss 0.0522 accuracy 100.00%
[2026-06-20 08:27:50,066][src.modRNN.training.training_loop][INFO] - 	 Starting Epoch: 1242
[2026-06-20 08:27:50,805][src.modRNN.training.training_loop][INFO] - train epoch 1242 loss 0.0396 accuracy 100.00%
[2026-06-20 08:27:50,807][src.modRNN.training.training_loop][INFO] - 	 Starting Epoch: 1243
[2026-06-20 08:27:51,546][src.modRNN.training.training_loop][INFO] - train epoch 1243 loss 0.0720 accuracy 100.00%
[2026-06-20 08:27:51,548][src.modRNN.training.training_loop][INFO] - 	 Starting Epoch: 1244
[2026-06-20 08:27:52,286][src.modRNN.training.training_loop][INFO] - train epoch 1244 loss 0.0494 accuracy 100.00%
[2026-06-20 08:27:52,288][src.modRNN.training.training_loop][INFO] - 	 Starting Epoch: 1245
[2026-06-20 08:27:53,028][src.modRNN.training.training_loop][INFO] - train epoch 1245 loss 0.0412 accuracy 100.00%
[2026-06-20 08:27:53,030][src.modRNN.training.training_loop][INFO] - 	 Starting Epoch: 1246
[2026-06-20 08:27:53,772][src.modRNN.training.training_loop][INFO] - train epoch 1246 loss 0.0683 accuracy 98.44%
[2026-06-20 08:27:53,774][src.modRNN.training.training_loop][INFO] - 	 Starting Epoch: 1247
[2026-06-20 08:27:54,514][src.modRNN.training.training_loop][INFO] - train epoch 1247 loss 0.0444 accuracy 100.00%
[2026-06-20 08:27:54,516][src.modRNN.training.training_loop][INFO] - 	 Starting Epoch: 1248
[2026-06-20 08:27:55,255][src.modRNN.training.training_loop][INFO] - train epoch 1248 loss 0.0424 accuracy 100.00%
[2026-06-20 08:27:55,257][src.modRNN.training.training_loop][INFO] - 	 Starting Epoch: 1249
[2026-06-20 08:27:55,996][src.modRNN.training.training_loop][INFO] - train epoch 1249 loss 0.0665 accuracy 98.44%
[2026-06-20 08:27:55,998][src.modRNN.training.training_loop][INFO] - 	 Starting Epoch: 1250
[2026-06-20 08:27:56,737][src.modRNN.training.training_loop][INFO] - train epoch 1250 loss 0.0392 accuracy 100.00%
[2026-06-20 08:27:56,739][src.modRNN.training.training_loop][INFO] - 	 Starting Epoch: 1251
[2026-06-20 08:27:57,479][src.modRNN.training.training_loop][INFO] - train epoch 1251 loss 0.0700 accuracy 100.00%
[2026-06-20 08:27:58,689][src.modRNN.training.training_loop][INFO] - eval  epoch 1251 loss 0.0452 accuracy 100.00%
[2026-06-20 08:27:58,690][src.modRNN.training.training_loop][INFO] - 	 Starting Epoch: 1252
[2026-06-20 08:27:59,429][src.modRNN.training.training_loop][INFO] - train epoch 1252 loss 0.0381 accuracy 100.00%
[2026-06-20 08:27:59,431][src.modRNN.training.training_loop][INFO] - 	 Starting Epoch: 1253
[2026-06-20 08:28:00,169][src.modRNN.training.training_loop][INFO] - train epoch 1253 loss 0.0958 accuracy 98.44%
[2026-06-20 08:28:00,171][src.modRNN.training.training_loop][INFO] - 	 Starting Epoch: 1254
[2026-06-20 08:28:00,908][src.modRNN.training.training_loop][INFO] - train epoch 1254 loss 0.0409 accuracy 100.00%
[2026-06-20 08:28:00,910][src.modRNN.training.training_loop][INFO] - 	 Starting Epoch: 1255
[2026-06-20 08:28:01,650][src.modRNN.training.training_loop][INFO] - train epoch 1255 loss 0.0342 accuracy 100.00%
[2026-06-20 08:28:01,652][src.modRNN.training.training_loop][INFO] - 	 Starting Epoch: 1256
[2026-06-20 08:28:02,400][src.modRNN.training.training_loop][INFO] - train epoch 1256 loss 0.0877 accuracy 98.44%
[2026-06-20 08:28:02,402][src.modRNN.training.training_loop][INFO] - 	 Starting Epoch: 1257
[2026-06-20 08:28:03,150][src.modRNN.training.training_loop][INFO] - train epoch 1257 loss 0.0468 accuracy 100.00%
[2026-06-20 08:28:03,152][src.modRNN.training.training_loop][INFO] - 	 Starting Epoch: 1258
[2026-06-20 08:28:03,895][src.modRNN.training.training_loop][INFO] - train epoch 1258 loss 0.0585 accuracy 100.00%
[2026-06-20 08:28:03,896][src.modRNN.training.training_loop][INFO] - 	 Starting Epoch: 1259
[2026-06-20 08:28:04,638][src.modRNN.training.training_loop][INFO] - train epoch 1259 loss 0.0421 accuracy 100.00%
[2026-06-20 08:28:04,640][src.modRNN.training.training_loop][INFO] - 	 Starting Epoch: 1260
[2026-06-20 08:28:05,383][src.modRNN.training.training_loop][INFO] - train epoch 1260 loss 0.0438 accuracy 100.00%
[2026-06-20 08:28:05,385][src.modRNN.training.training_loop][INFO] - 	 Starting Epoch: 1261
[2026-06-20 08:28:06,128][src.modRNN.training.training_loop][INFO] - train epoch 1261 loss 0.0450 accuracy 100.00%
[2026-06-20 08:28:06,130][src.modRNN.training.training_loop][INFO] - 	 Starting Epoch: 1262
[2026-06-20 08:28:06,876][src.modRNN.training.training_loop][INFO] - train epoch 1262 loss 0.0527 accuracy 100.00%
[2026-06-20 08:28:06,878][src.modRNN.training.training_loop][INFO] - 	 Starting Epoch: 1263
[2026-06-20 08:28:07,627][src.modRNN.training.training_loop][INFO] - train epoch 1263 loss 0.0397 accuracy 100.00%
[2026-06-20 08:28:07,628][src.modRNN.training.training_loop][INFO] - 	 Starting Epoch: 1264
[2026-06-20 08:28:08,376][src.modRNN.training.training_loop][INFO] - train epoch 1264 loss 0.0620 accuracy 98.44%
[2026-06-20 08:28:08,378][src.modRNN.training.training_loop][INFO] - 	 Starting Epoch: 1265
[2026-06-20 08:28:09,122][src.modRNN.training.training_loop][INFO] - train epoch 1265 loss 0.0357 accuracy 100.00%
[2026-06-20 08:28:09,124][src.modRNN.training.training_loop][INFO] - 	 Starting Epoch: 1266
[2026-06-20 08:28:09,867][src.modRNN.training.training_loop][INFO] - train epoch 1266 loss 0.0458 accuracy 100.00%
[2026-06-20 08:28:09,869][src.modRNN.training.training_loop][INFO] - 	 Starting Epoch: 1267
[2026-06-20 08:28:10,611][src.modRNN.training.training_loop][INFO] - train epoch 1267 loss 0.1011 accuracy 96.88%
[2026-06-20 08:28:10,613][src.modRNN.training.training_loop][INFO] - 	 Starting Epoch: 1268
[2026-06-20 08:28:11,356][src.modRNN.training.training_loop][INFO] - train epoch 1268 loss 0.0583 accuracy 100.00%
[2026-06-20 08:28:11,358][src.modRNN.training.training_loop][INFO] - 	 Starting Epoch: 1269
[2026-06-20 08:28:12,100][src.modRNN.training.training_loop][INFO] - train epoch 1269 loss 0.0484 accuracy 100.00%
[2026-06-20 08:28:12,102][src.modRNN.training.training_loop][INFO] - 	 Starting Epoch: 1270
[2026-06-20 08:28:12,846][src.modRNN.training.training_loop][INFO] - train epoch 1270 loss 0.1556 accuracy 96.88%
[2026-06-20 08:28:12,848][src.modRNN.training.training_loop][INFO] - 	 Starting Epoch: 1271
[2026-06-20 08:28:13,594][src.modRNN.training.training_loop][INFO] - train epoch 1271 loss 0.0472 accuracy 100.00%
[2026-06-20 08:28:13,597][src.modRNN.training.training_loop][INFO] - 	 Starting Epoch: 1272
[2026-06-20 08:28:14,345][src.modRNN.training.training_loop][INFO] - train epoch 1272 loss 0.0555 accuracy 98.44%
[2026-06-20 08:28:14,346][src.modRNN.training.training_loop][INFO] - 	 Starting Epoch: 1273
[2026-06-20 08:28:15,089][src.modRNN.training.training_loop][INFO] - train epoch 1273 loss 0.0677 accuracy 100.00%
[2026-06-20 08:28:15,091][src.modRNN.training.training_loop][INFO] - 	 Starting Epoch: 1274
[2026-06-20 08:28:15,833][src.modRNN.training.training_loop][INFO] - train epoch 1274 loss 0.0479 accuracy 100.00%
[2026-06-20 08:28:15,835][src.modRNN.training.training_loop][INFO] - 	 Starting Epoch: 1275
[2026-06-20 08:28:16,577][src.modRNN.training.training_loop][INFO] - train epoch 1275 loss 0.0410 accuracy 100.00%
[2026-06-20 08:28:16,578][src.modRNN.training.training_loop][INFO] - 	 Starting Epoch: 1276
[2026-06-20 08:28:17,321][src.modRNN.training.training_loop][INFO] - train epoch 1276 loss 0.1106 accuracy 98.44%
[2026-06-20 08:28:18,529][src.modRNN.training.training_loop][INFO] - eval  epoch 1276 loss 0.0793 accuracy 99.02%
[2026-06-20 08:28:18,531][src.modRNN.training.training_loop][INFO] - 	 Starting Epoch: 1277
[2026-06-20 08:28:19,280][src.modRNN.training.training_loop][INFO] - train epoch 1277 loss 0.0402 accuracy 100.00%
[2026-06-20 08:28:19,282][src.modRNN.training.training_loop][INFO] - 	 Starting Epoch: 1278
[2026-06-20 08:28:20,026][src.modRNN.training.training_loop][INFO] - train epoch 1278 loss 0.0421 accuracy 100.00%
[2026-06-20 08:28:20,028][src.modRNN.training.training_loop][INFO] - 	 Starting Epoch: 1279
[2026-06-20 08:28:20,777][src.modRNN.training.training_loop][INFO] - train epoch 1279 loss 0.0352 accuracy 100.00%
[2026-06-20 08:28:20,779][src.modRNN.training.training_loop][INFO] - 	 Starting Epoch: 1280
[2026-06-20 08:28:21,524][src.modRNN.training.training_loop][INFO] - train epoch 1280 loss 0.0576 accuracy 98.44%
[2026-06-20 08:28:21,526][src.modRNN.training.training_loop][INFO] - 	 Starting Epoch: 1281
[2026-06-20 08:28:22,270][src.modRNN.training.training_loop][INFO] - train epoch 1281 loss 0.0713 accuracy 98.44%
[2026-06-20 08:28:22,272][src.modRNN.training.training_loop][INFO] - 	 Starting Epoch: 1282
[2026-06-20 08:28:23,015][src.modRNN.training.training_loop][INFO] - train epoch 1282 loss 0.1422 accuracy 95.31%
[2026-06-20 08:28:23,017][src.modRNN.training.training_loop][INFO] - 	 Starting Epoch: 1283
[2026-06-20 08:28:23,760][src.modRNN.training.training_loop][INFO] - train epoch 1283 loss 0.0391 accuracy 100.00%
[2026-06-20 08:28:23,762][src.modRNN.training.training_loop][INFO] - 	 Starting Epoch: 1284
[2026-06-20 08:28:24,505][src.modRNN.training.training_loop][INFO] - train epoch 1284 loss 0.1124 accuracy 98.44%
[2026-06-20 08:28:24,507][src.modRNN.training.training_loop][INFO] - 	 Starting Epoch: 1285
[2026-06-20 08:28:25,251][src.modRNN.training.training_loop][INFO] - train epoch 1285 loss 0.1135 accuracy 96.88%
[2026-06-20 08:28:25,253][src.modRNN.training.training_loop][INFO] - 	 Starting Epoch: 1286
[2026-06-20 08:28:25,996][src.modRNN.training.training_loop][INFO] - train epoch 1286 loss 0.0423 accuracy 100.00%
[2026-06-20 08:28:25,997][src.modRNN.training.training_loop][INFO] - 	 Starting Epoch: 1287
[2026-06-20 08:28:26,741][src.modRNN.training.training_loop][INFO] - train epoch 1287 loss 0.0467 accuracy 100.00%
[2026-06-20 08:28:26,743][src.modRNN.training.training_loop][INFO] - 	 Starting Epoch: 1288
[2026-06-20 08:28:27,487][src.modRNN.training.training_loop][INFO] - train epoch 1288 loss 0.0451 accuracy 100.00%
[2026-06-20 08:28:27,489][src.modRNN.training.training_loop][INFO] - 	 Starting Epoch: 1289
[2026-06-20 08:28:28,231][src.modRNN.training.training_loop][INFO] - train epoch 1289 loss 0.0576 accuracy 100.00%
[2026-06-20 08:28:28,233][src.modRNN.training.training_loop][INFO] - 	 Starting Epoch: 1290
[2026-06-20 08:28:28,976][src.modRNN.training.training_loop][INFO] - train epoch 1290 loss 0.0714 accuracy 98.44%
[2026-06-20 08:28:28,978][src.modRNN.training.training_loop][INFO] - 	 Starting Epoch: 1291
[2026-06-20 08:28:29,725][src.modRNN.training.training_loop][INFO] - train epoch 1291 loss 0.0560 accuracy 100.00%
[2026-06-20 08:28:29,726][src.modRNN.training.training_loop][INFO] - 	 Starting Epoch: 1292
[2026-06-20 08:28:30,471][src.modRNN.training.training_loop][INFO] - train epoch 1292 loss 0.0806 accuracy 96.88%
[2026-06-20 08:28:30,472][src.modRNN.training.training_loop][INFO] - 	 Starting Epoch: 1293
[2026-06-20 08:28:31,215][src.modRNN.training.training_loop][INFO] - train epoch 1293 loss 0.0445 accuracy 100.00%
[2026-06-20 08:28:31,217][src.modRNN.training.training_loop][INFO] - 	 Starting Epoch: 1294
[2026-06-20 08:28:31,958][src.modRNN.training.training_loop][INFO] - train epoch 1294 loss 0.0423 accuracy 100.00%
[2026-06-20 08:28:31,959][src.modRNN.training.training_loop][INFO] - 	 Starting Epoch: 1295
[2026-06-20 08:28:32,698][src.modRNN.training.training_loop][INFO] - train epoch 1295 loss 0.0504 accuracy 100.00%
[2026-06-20 08:28:32,700][src.modRNN.training.training_loop][INFO] - 	 Starting Epoch: 1296
[2026-06-20 08:28:33,440][src.modRNN.training.training_loop][INFO] - train epoch 1296 loss 0.1273 accuracy 98.44%
[2026-06-20 08:28:33,442][src.modRNN.training.training_loop][INFO] - 	 Starting Epoch: 1297
[2026-06-20 08:28:34,182][src.modRNN.training.training_loop][INFO] - train epoch 1297 loss 0.1099 accuracy 98.44%
[2026-06-20 08:28:34,183][src.modRNN.training.training_loop][INFO] - 	 Starting Epoch: 1298
[2026-06-20 08:28:34,922][src.modRNN.training.training_loop][INFO] - train epoch 1298 loss 0.0816 accuracy 98.44%
[2026-06-20 08:28:34,924][src.modRNN.training.training_loop][INFO] - 	 Starting Epoch: 1299
[2026-06-20 08:28:35,665][src.modRNN.training.training_loop][INFO] - train epoch 1299 loss 0.0981 accuracy 98.44%
[2026-06-20 08:28:35,667][src.modRNN.training.training_loop][INFO] - 	 Starting Epoch: 1300
[2026-06-20 08:28:36,406][src.modRNN.training.training_loop][INFO] - train epoch 1300 loss 0.1109 accuracy 98.44%
[2026-06-20 08:28:36,408][src.modRNN.training.training_loop][INFO] - 	 Starting Epoch: 1301
[2026-06-20 08:28:37,147][src.modRNN.training.training_loop][INFO] - train epoch 1301 loss 0.0387 accuracy 100.00%
[2026-06-20 08:28:38,355][src.modRNN.training.training_loop][INFO] - eval  epoch 1301 loss 0.0861 accuracy 98.83%
[2026-06-20 08:28:38,356][src.modRNN.training.training_loop][INFO] - 	 Starting Epoch: 1302
[2026-06-20 08:28:39,094][src.modRNN.training.training_loop][INFO] - train epoch 1302 loss 0.0618 accuracy 98.44%
[2026-06-20 08:28:39,095][src.modRNN.training.training_loop][INFO] - 	 Starting Epoch: 1303
[2026-06-20 08:28:39,834][src.modRNN.training.training_loop][INFO] - train epoch 1303 loss 0.0768 accuracy 98.44%
[2026-06-20 08:28:39,836][src.modRNN.training.training_loop][INFO] - 	 Starting Epoch: 1304
[2026-06-20 08:28:40,577][src.modRNN.training.training_loop][INFO] - train epoch 1304 loss 0.0999 accuracy 98.44%
[2026-06-20 08:28:40,579][src.modRNN.training.training_loop][INFO] - 	 Starting Epoch: 1305
[2026-06-20 08:28:41,317][src.modRNN.training.training_loop][INFO] - train epoch 1305 loss 0.0768 accuracy 98.44%
[2026-06-20 08:28:41,319][src.modRNN.training.training_loop][INFO] - 	 Starting Epoch: 1306
[2026-06-20 08:28:42,060][src.modRNN.training.training_loop][INFO] - train epoch 1306 loss 0.0719 accuracy 98.44%
[2026-06-20 08:28:42,062][src.modRNN.training.training_loop][INFO] - 	 Starting Epoch: 1307
[2026-06-20 08:28:42,800][src.modRNN.training.training_loop][INFO] - train epoch 1307 loss 0.0736 accuracy 98.44%
[2026-06-20 08:28:42,802][src.modRNN.training.training_loop][INFO] - 	 Starting Epoch: 1308
[2026-06-20 08:28:43,540][src.modRNN.training.training_loop][INFO] - train epoch 1308 loss 0.1096 accuracy 98.44%
[2026-06-20 08:28:43,542][src.modRNN.training.training_loop][INFO] - 	 Starting Epoch: 1309
[2026-06-20 08:28:44,280][src.modRNN.training.training_loop][INFO] - train epoch 1309 loss 0.0439 accuracy 100.00%
[2026-06-20 08:28:44,282][src.modRNN.training.training_loop][INFO] - 	 Starting Epoch: 1310
[2026-06-20 08:28:45,021][src.modRNN.training.training_loop][INFO] - train epoch 1310 loss 0.0457 accuracy 100.00%
[2026-06-20 08:28:45,022][src.modRNN.training.training_loop][INFO] - 	 Starting Epoch: 1311
[2026-06-20 08:28:45,761][src.modRNN.training.training_loop][INFO] - train epoch 1311 loss 0.0453 accuracy 100.00%
[2026-06-20 08:28:45,763][src.modRNN.training.training_loop][INFO] - 	 Starting Epoch: 1312
[2026-06-20 08:28:46,502][src.modRNN.training.training_loop][INFO] - train epoch 1312 loss 0.0476 accuracy 100.00%
[2026-06-20 08:28:46,504][src.modRNN.training.training_loop][INFO] - 	 Starting Epoch: 1313
[2026-06-20 08:28:47,244][src.modRNN.training.training_loop][INFO] - train epoch 1313 loss 0.2011 accuracy 95.31%
[2026-06-20 08:28:47,245][src.modRNN.training.training_loop][INFO] - 	 Starting Epoch: 1314
[2026-06-20 08:28:47,985][src.modRNN.training.training_loop][INFO] - train epoch 1314 loss 0.1485 accuracy 96.88%
[2026-06-20 08:28:47,987][src.modRNN.training.training_loop][INFO] - 	 Starting Epoch: 1315
[2026-06-20 08:28:48,727][src.modRNN.training.training_loop][INFO] - train epoch 1315 loss 0.0812 accuracy 98.44%
[2026-06-20 08:28:48,729][src.modRNN.training.training_loop][INFO] - 	 Starting Epoch: 1316
[2026-06-20 08:28:49,468][src.modRNN.training.training_loop][INFO] - train epoch 1316 loss 0.0795 accuracy 98.44%
[2026-06-20 08:28:49,470][src.modRNN.training.training_loop][INFO] - 	 Starting Epoch: 1317
[2026-06-20 08:28:50,208][src.modRNN.training.training_loop][INFO] - train epoch 1317 loss 0.0909 accuracy 98.44%
[2026-06-20 08:28:50,210][src.modRNN.training.training_loop][INFO] - 	 Starting Epoch: 1318
[2026-06-20 08:28:50,949][src.modRNN.training.training_loop][INFO] - train epoch 1318 loss 0.0627 accuracy 98.44%
[2026-06-20 08:28:50,950][src.modRNN.training.training_loop][INFO] - 	 Starting Epoch: 1319
[2026-06-20 08:28:51,689][src.modRNN.training.training_loop][INFO] - train epoch 1319 loss 0.0700 accuracy 98.44%
[2026-06-20 08:28:51,691][src.modRNN.training.training_loop][INFO] - 	 Starting Epoch: 1320
[2026-06-20 08:28:52,429][src.modRNN.training.training_loop][INFO] - train epoch 1320 loss 0.0611 accuracy 100.00%
[2026-06-20 08:28:52,431][src.modRNN.training.training_loop][INFO] - 	 Starting Epoch: 1321
[2026-06-20 08:28:53,170][src.modRNN.training.training_loop][INFO] - train epoch 1321 loss 0.0445 accuracy 100.00%
[2026-06-20 08:28:53,172][src.modRNN.training.training_loop][INFO] - 	 Starting Epoch: 1322
[2026-06-20 08:28:53,914][src.modRNN.training.training_loop][INFO] - train epoch 1322 loss 0.0549 accuracy 100.00%
[2026-06-20 08:28:53,916][src.modRNN.training.training_loop][INFO] - 	 Starting Epoch: 1323
[2026-06-20 08:28:54,657][src.modRNN.training.training_loop][INFO] - train epoch 1323 loss 0.0468 accuracy 100.00%
[2026-06-20 08:28:54,659][src.modRNN.training.training_loop][INFO] - 	 Starting Epoch: 1324
[2026-06-20 08:28:55,397][src.modRNN.training.training_loop][INFO] - train epoch 1324 loss 0.0467 accuracy 100.00%
[2026-06-20 08:28:55,399][src.modRNN.training.training_loop][INFO] - 	 Starting Epoch: 1325
[2026-06-20 08:28:56,139][src.modRNN.training.training_loop][INFO] - train epoch 1325 loss 0.0620 accuracy 100.00%
[2026-06-20 08:28:56,141][src.modRNN.training.training_loop][INFO] - 	 Starting Epoch: 1326
[2026-06-20 08:28:56,880][src.modRNN.training.training_loop][INFO] - train epoch 1326 loss 0.0680 accuracy 98.44%
[2026-06-20 08:28:58,087][src.modRNN.training.training_loop][INFO] - eval  epoch 1326 loss 0.0719 accuracy 98.83%
[2026-06-20 08:28:58,089][src.modRNN.training.training_loop][INFO] - 	 Starting Epoch: 1327
[2026-06-20 08:28:58,827][src.modRNN.training.training_loop][INFO] - train epoch 1327 loss 0.0545 accuracy 98.44%
[2026-06-20 08:28:58,829][src.modRNN.training.training_loop][INFO] - 	 Starting Epoch: 1328
[2026-06-20 08:28:59,569][src.modRNN.training.training_loop][INFO] - train epoch 1328 loss 0.1028 accuracy 98.44%
[2026-06-20 08:28:59,571][src.modRNN.training.training_loop][INFO] - 	 Starting Epoch: 1329
[2026-06-20 08:29:00,311][src.modRNN.training.training_loop][INFO] - train epoch 1329 loss 0.0717 accuracy 98.44%
[2026-06-20 08:29:00,312][src.modRNN.training.training_loop][INFO] - 	 Starting Epoch: 1330
[2026-06-20 08:29:01,052][src.modRNN.training.training_loop][INFO] - train epoch 1330 loss 0.0548 accuracy 100.00%
[2026-06-20 08:29:01,054][src.modRNN.training.training_loop][INFO] - 	 Starting Epoch: 1331
[2026-06-20 08:29:01,795][src.modRNN.training.training_loop][INFO] - train epoch 1331 loss 0.0974 accuracy 98.44%
[2026-06-20 08:29:01,797][src.modRNN.training.training_loop][INFO] - 	 Starting Epoch: 1332
[2026-06-20 08:29:02,545][src.modRNN.training.training_loop][INFO] - train epoch 1332 loss 0.1337 accuracy 96.88%
[2026-06-20 08:29:02,547][src.modRNN.training.training_loop][INFO] - 	 Starting Epoch: 1333
[2026-06-20 08:29:03,291][src.modRNN.training.training_loop][INFO] - train epoch 1333 loss 0.0604 accuracy 100.00%
[2026-06-20 08:29:03,293][src.modRNN.training.training_loop][INFO] - 	 Starting Epoch: 1334
[2026-06-20 08:29:04,035][src.modRNN.training.training_loop][INFO] - train epoch 1334 loss 0.0300 accuracy 100.00%
[2026-06-20 08:29:04,037][src.modRNN.training.training_loop][INFO] - 	 Starting Epoch: 1335
[2026-06-20 08:29:04,782][src.modRNN.training.training_loop][INFO] - train epoch 1335 loss 0.0416 accuracy 100.00%
[2026-06-20 08:29:04,783][src.modRNN.training.training_loop][INFO] - 	 Starting Epoch: 1336
[2026-06-20 08:29:05,530][src.modRNN.training.training_loop][INFO] - train epoch 1336 loss 0.0463 accuracy 100.00%
[2026-06-20 08:29:05,532][src.modRNN.training.training_loop][INFO] - 	 Starting Epoch: 1337
[2026-06-20 08:29:06,276][src.modRNN.training.training_loop][INFO] - train epoch 1337 loss 0.0489 accuracy 100.00%
[2026-06-20 08:29:06,278][src.modRNN.training.training_loop][INFO] - 	 Starting Epoch: 1338
[2026-06-20 08:29:07,022][src.modRNN.training.training_loop][INFO] - train epoch 1338 loss 0.0596 accuracy 100.00%
[2026-06-20 08:29:07,024][src.modRNN.training.training_loop][INFO] - 	 Starting Epoch: 1339
[2026-06-20 08:29:07,768][src.modRNN.training.training_loop][INFO] - train epoch 1339 loss 0.0749 accuracy 98.44%
[2026-06-20 08:29:07,770][src.modRNN.training.training_loop][INFO] - 	 Starting Epoch: 1340
[2026-06-20 08:29:08,514][src.modRNN.training.training_loop][INFO] - train epoch 1340 loss 0.0492 accuracy 100.00%
[2026-06-20 08:29:08,516][src.modRNN.training.training_loop][INFO] - 	 Starting Epoch: 1341
[2026-06-20 08:29:09,260][src.modRNN.training.training_loop][INFO] - train epoch 1341 loss 0.0667 accuracy 98.44%
[2026-06-20 08:29:09,262][src.modRNN.training.training_loop][INFO] - 	 Starting Epoch: 1342
[2026-06-20 08:29:10,007][src.modRNN.training.training_loop][INFO] - train epoch 1342 loss 0.0444 accuracy 100.00%
[2026-06-20 08:29:10,009][src.modRNN.training.training_loop][INFO] - 	 Starting Epoch: 1343
[2026-06-20 08:29:10,755][src.modRNN.training.training_loop][INFO] - train epoch 1343 loss 0.0487 accuracy 100.00%
[2026-06-20 08:29:10,757][src.modRNN.training.training_loop][INFO] - 	 Starting Epoch: 1344
[2026-06-20 08:29:11,502][src.modRNN.training.training_loop][INFO] - train epoch 1344 loss 0.0420 accuracy 100.00%
[2026-06-20 08:29:11,504][src.modRNN.training.training_loop][INFO] - 	 Starting Epoch: 1345
[2026-06-20 08:29:12,248][src.modRNN.training.training_loop][INFO] - train epoch 1345 loss 0.0326 accuracy 100.00%
[2026-06-20 08:29:12,249][src.modRNN.training.training_loop][INFO] - 	 Starting Epoch: 1346
[2026-06-20 08:29:13,000][src.modRNN.training.training_loop][INFO] - train epoch 1346 loss 0.0370 accuracy 100.00%
[2026-06-20 08:29:13,002][src.modRNN.training.training_loop][INFO] - 	 Starting Epoch: 1347
[2026-06-20 08:29:13,750][src.modRNN.training.training_loop][INFO] - train epoch 1347 loss 0.0516 accuracy 100.00%
[2026-06-20 08:29:13,751][src.modRNN.training.training_loop][INFO] - 	 Starting Epoch: 1348
[2026-06-20 08:29:14,495][src.modRNN.training.training_loop][INFO] - train epoch 1348 loss 0.0468 accuracy 100.00%
[2026-06-20 08:29:14,497][src.modRNN.training.training_loop][INFO] - 	 Starting Epoch: 1349
[2026-06-20 08:29:15,243][src.modRNN.training.training_loop][INFO] - train epoch 1349 loss 0.0534 accuracy 98.44%
[2026-06-20 08:29:15,245][src.modRNN.training.training_loop][INFO] - 	 Starting Epoch: 1350
[2026-06-20 08:29:15,988][src.modRNN.training.training_loop][INFO] - train epoch 1350 loss 0.0398 accuracy 100.00%
[2026-06-20 08:29:15,990][src.modRNN.training.training_loop][INFO] - 	 Starting Epoch: 1351
[2026-06-20 08:29:16,734][src.modRNN.training.training_loop][INFO] - train epoch 1351 loss 0.0393 accuracy 100.00%
[2026-06-20 08:29:17,938][src.modRNN.training.training_loop][INFO] - eval  epoch 1351 loss 0.0740 accuracy 99.02%
[2026-06-20 08:29:17,940][src.modRNN.training.training_loop][INFO] - 	 Starting Epoch: 1352
[2026-06-20 08:29:18,681][src.modRNN.training.training_loop][INFO] - train epoch 1352 loss 0.0645 accuracy 98.44%
[2026-06-20 08:29:18,683][src.modRNN.training.training_loop][INFO] - 	 Starting Epoch: 1353
[2026-06-20 08:29:19,426][src.modRNN.training.training_loop][INFO] - train epoch 1353 loss 0.0449 accuracy 100.00%
[2026-06-20 08:29:19,428][src.modRNN.training.training_loop][INFO] - 	 Starting Epoch: 1354
[2026-06-20 08:29:20,174][src.modRNN.training.training_loop][INFO] - train epoch 1354 loss 0.0413 accuracy 100.00%
[2026-06-20 08:29:20,175][src.modRNN.training.training_loop][INFO] - 	 Starting Epoch: 1355
[2026-06-20 08:29:20,921][src.modRNN.training.training_loop][INFO] - train epoch 1355 loss 0.1122 accuracy 98.44%
[2026-06-20 08:29:20,923][src.modRNN.training.training_loop][INFO] - 	 Starting Epoch: 1356
[2026-06-20 08:29:21,668][src.modRNN.training.training_loop][INFO] - train epoch 1356 loss 0.0488 accuracy 98.44%
[2026-06-20 08:29:21,670][src.modRNN.training.training_loop][INFO] - 	 Starting Epoch: 1357
[2026-06-20 08:29:22,412][src.modRNN.training.training_loop][INFO] - train epoch 1357 loss 0.0500 accuracy 100.00%
[2026-06-20 08:29:22,414][src.modRNN.training.training_loop][INFO] - 	 Starting Epoch: 1358
[2026-06-20 08:29:23,156][src.modRNN.training.training_loop][INFO] - train epoch 1358 loss 0.0401 accuracy 100.00%
[2026-06-20 08:29:23,158][src.modRNN.training.training_loop][INFO] - 	 Starting Epoch: 1359
[2026-06-20 08:29:23,901][src.modRNN.training.training_loop][INFO] - train epoch 1359 loss 0.0349 accuracy 100.00%
[2026-06-20 08:29:23,902][src.modRNN.training.training_loop][INFO] - 	 Starting Epoch: 1360
[2026-06-20 08:29:24,644][src.modRNN.training.training_loop][INFO] - train epoch 1360 loss 0.0426 accuracy 100.00%
[2026-06-20 08:29:24,646][src.modRNN.training.training_loop][INFO] - 	 Starting Epoch: 1361
[2026-06-20 08:29:25,388][src.modRNN.training.training_loop][INFO] - train epoch 1361 loss 0.0472 accuracy 100.00%
[2026-06-20 08:29:25,390][src.modRNN.training.training_loop][INFO] - 	 Starting Epoch: 1362
[2026-06-20 08:29:26,134][src.modRNN.training.training_loop][INFO] - train epoch 1362 loss 0.0383 accuracy 100.00%
[2026-06-20 08:29:26,135][src.modRNN.training.training_loop][INFO] - 	 Starting Epoch: 1363
[2026-06-20 08:29:26,878][src.modRNN.training.training_loop][INFO] - train epoch 1363 loss 0.0376 accuracy 100.00%
[2026-06-20 08:29:26,880][src.modRNN.training.training_loop][INFO] - 	 Starting Epoch: 1364
[2026-06-20 08:29:27,623][src.modRNN.training.training_loop][INFO] - train epoch 1364 loss 0.0466 accuracy 100.00%
[2026-06-20 08:29:27,625][src.modRNN.training.training_loop][INFO] - 	 Starting Epoch: 1365
[2026-06-20 08:29:28,368][src.modRNN.training.training_loop][INFO] - train epoch 1365 loss 0.0344 accuracy 100.00%
[2026-06-20 08:29:28,370][src.modRNN.training.training_loop][INFO] - 	 Starting Epoch: 1366
[2026-06-20 08:29:29,113][src.modRNN.training.training_loop][INFO] - train epoch 1366 loss 0.0533 accuracy 100.00%
[2026-06-20 08:29:29,115][src.modRNN.training.training_loop][INFO] - 	 Starting Epoch: 1367
[2026-06-20 08:29:29,859][src.modRNN.training.training_loop][INFO] - train epoch 1367 loss 0.0476 accuracy 100.00%
[2026-06-20 08:29:29,861][src.modRNN.training.training_loop][INFO] - 	 Starting Epoch: 1368
[2026-06-20 08:29:30,604][src.modRNN.training.training_loop][INFO] - train epoch 1368 loss 0.0386 accuracy 100.00%
[2026-06-20 08:29:30,605][src.modRNN.training.training_loop][INFO] - 	 Starting Epoch: 1369
[2026-06-20 08:29:31,347][src.modRNN.training.training_loop][INFO] - train epoch 1369 loss 0.0851 accuracy 98.44%
[2026-06-20 08:29:31,349][src.modRNN.training.training_loop][INFO] - 	 Starting Epoch: 1370
[2026-06-20 08:29:32,090][src.modRNN.training.training_loop][INFO] - train epoch 1370 loss 0.0296 accuracy 100.00%
[2026-06-20 08:29:32,092][src.modRNN.training.training_loop][INFO] - 	 Starting Epoch: 1371
[2026-06-20 08:29:32,833][src.modRNN.training.training_loop][INFO] - train epoch 1371 loss 0.0710 accuracy 98.44%
[2026-06-20 08:29:32,835][src.modRNN.training.training_loop][INFO] - 	 Starting Epoch: 1372
[2026-06-20 08:29:33,572][src.modRNN.training.training_loop][INFO] - train epoch 1372 loss 0.0304 accuracy 100.00%
[2026-06-20 08:29:33,574][src.modRNN.training.training_loop][INFO] - 	 Starting Epoch: 1373
[2026-06-20 08:29:34,312][src.modRNN.training.training_loop][INFO] - train epoch 1373 loss 0.0380 accuracy 100.00%
[2026-06-20 08:29:34,314][src.modRNN.training.training_loop][INFO] - 	 Starting Epoch: 1374
[2026-06-20 08:29:35,054][src.modRNN.training.training_loop][INFO] - train epoch 1374 loss 0.0477 accuracy 100.00%
[2026-06-20 08:29:35,056][src.modRNN.training.training_loop][INFO] - 	 Starting Epoch: 1375
[2026-06-20 08:29:35,797][src.modRNN.training.training_loop][INFO] - train epoch 1375 loss 0.0615 accuracy 98.44%
[2026-06-20 08:29:35,799][src.modRNN.training.training_loop][INFO] - 	 Starting Epoch: 1376
[2026-06-20 08:29:36,540][src.modRNN.training.training_loop][INFO] - train epoch 1376 loss 0.0486 accuracy 100.00%
[2026-06-20 08:29:37,751][src.modRNN.training.training_loop][INFO] - eval  epoch 1376 loss 0.0650 accuracy 99.41%
[2026-06-20 08:29:37,752][src.modRNN.training.training_loop][INFO] - 	 Starting Epoch: 1377
[2026-06-20 08:29:38,491][src.modRNN.training.training_loop][INFO] - train epoch 1377 loss 0.0393 accuracy 100.00%
[2026-06-20 08:29:38,493][src.modRNN.training.training_loop][INFO] - 	 Starting Epoch: 1378
[2026-06-20 08:29:39,234][src.modRNN.training.training_loop][INFO] - train epoch 1378 loss 0.0408 accuracy 100.00%
[2026-06-20 08:29:39,236][src.modRNN.training.training_loop][INFO] - 	 Starting Epoch: 1379
[2026-06-20 08:29:39,977][src.modRNN.training.training_loop][INFO] - train epoch 1379 loss 0.0952 accuracy 98.44%
[2026-06-20 08:29:39,978][src.modRNN.training.training_loop][INFO] - 	 Starting Epoch: 1380
[2026-06-20 08:29:40,716][src.modRNN.training.training_loop][INFO] - train epoch 1380 loss 0.0368 accuracy 100.00%
[2026-06-20 08:29:40,718][src.modRNN.training.training_loop][INFO] - 	 Starting Epoch: 1381
[2026-06-20 08:29:41,458][src.modRNN.training.training_loop][INFO] - train epoch 1381 loss 0.0519 accuracy 100.00%
[2026-06-20 08:29:41,460][src.modRNN.training.training_loop][INFO] - 	 Starting Epoch: 1382
[2026-06-20 08:29:42,199][src.modRNN.training.training_loop][INFO] - train epoch 1382 loss 0.0447 accuracy 100.00%
[2026-06-20 08:29:42,201][src.modRNN.training.training_loop][INFO] - 	 Starting Epoch: 1383
[2026-06-20 08:29:42,941][src.modRNN.training.training_loop][INFO] - train epoch 1383 loss 0.0749 accuracy 98.44%
[2026-06-20 08:29:42,943][src.modRNN.training.training_loop][INFO] - 	 Starting Epoch: 1384
[2026-06-20 08:29:43,684][src.modRNN.training.training_loop][INFO] - train epoch 1384 loss 0.0351 accuracy 100.00%
[2026-06-20 08:29:43,686][src.modRNN.training.training_loop][INFO] - 	 Starting Epoch: 1385
[2026-06-20 08:29:44,426][src.modRNN.training.training_loop][INFO] - train epoch 1385 loss 0.0326 accuracy 100.00%
[2026-06-20 08:29:44,428][src.modRNN.training.training_loop][INFO] - 	 Starting Epoch: 1386
[2026-06-20 08:29:45,169][src.modRNN.training.training_loop][INFO] - train epoch 1386 loss 0.0529 accuracy 100.00%
[2026-06-20 08:29:45,171][src.modRNN.training.training_loop][INFO] - 	 Starting Epoch: 1387
[2026-06-20 08:29:45,911][src.modRNN.training.training_loop][INFO] - train epoch 1387 loss 0.0976 accuracy 98.44%
[2026-06-20 08:29:45,913][src.modRNN.training.training_loop][INFO] - 	 Starting Epoch: 1388
[2026-06-20 08:29:46,654][src.modRNN.training.training_loop][INFO] - train epoch 1388 loss 0.0567 accuracy 98.44%
[2026-06-20 08:29:46,656][src.modRNN.training.training_loop][INFO] - 	 Starting Epoch: 1389
[2026-06-20 08:29:47,394][src.modRNN.training.training_loop][INFO] - train epoch 1389 loss 0.0664 accuracy 98.44%
[2026-06-20 08:29:47,395][src.modRNN.training.training_loop][INFO] - 	 Starting Epoch: 1390
[2026-06-20 08:29:48,135][src.modRNN.training.training_loop][INFO] - train epoch 1390 loss 0.0461 accuracy 100.00%
[2026-06-20 08:29:48,137][src.modRNN.training.training_loop][INFO] - 	 Starting Epoch: 1391
[2026-06-20 08:29:48,880][src.modRNN.training.training_loop][INFO] - train epoch 1391 loss 0.0392 accuracy 100.00%
[2026-06-20 08:29:48,882][src.modRNN.training.training_loop][INFO] - 	 Starting Epoch: 1392
[2026-06-20 08:29:49,620][src.modRNN.training.training_loop][INFO] - train epoch 1392 loss 0.0568 accuracy 98.44%
[2026-06-20 08:29:49,621][src.modRNN.training.training_loop][INFO] - 	 Starting Epoch: 1393
[2026-06-20 08:29:50,362][src.modRNN.training.training_loop][INFO] - train epoch 1393 loss 0.0323 accuracy 100.00%
[2026-06-20 08:29:50,363][src.modRNN.training.training_loop][INFO] - 	 Starting Epoch: 1394
[2026-06-20 08:29:51,102][src.modRNN.training.training_loop][INFO] - train epoch 1394 loss 0.0451 accuracy 100.00%
[2026-06-20 08:29:51,104][src.modRNN.training.training_loop][INFO] - 	 Starting Epoch: 1395
[2026-06-20 08:29:51,844][src.modRNN.training.training_loop][INFO] - train epoch 1395 loss 0.0389 accuracy 100.00%
[2026-06-20 08:29:51,846][src.modRNN.training.training_loop][INFO] - 	 Starting Epoch: 1396
[2026-06-20 08:29:52,588][src.modRNN.training.training_loop][INFO] - train epoch 1396 loss 0.0912 accuracy 98.44%
[2026-06-20 08:29:52,590][src.modRNN.training.training_loop][INFO] - 	 Starting Epoch: 1397
[2026-06-20 08:29:53,330][src.modRNN.training.training_loop][INFO] - train epoch 1397 loss 0.0383 accuracy 100.00%
[2026-06-20 08:29:53,332][src.modRNN.training.training_loop][INFO] - 	 Starting Epoch: 1398
[2026-06-20 08:29:54,072][src.modRNN.training.training_loop][INFO] - train epoch 1398 loss 0.0388 accuracy 100.00%
[2026-06-20 08:29:54,074][src.modRNN.training.training_loop][INFO] - 	 Starting Epoch: 1399
[2026-06-20 08:29:54,815][src.modRNN.training.training_loop][INFO] - train epoch 1399 loss 0.0523 accuracy 100.00%
[2026-06-20 08:29:54,816][src.modRNN.training.training_loop][INFO] - 	 Starting Epoch: 1400
[2026-06-20 08:29:55,556][src.modRNN.training.training_loop][INFO] - train epoch 1400 loss 0.0401 accuracy 100.00%
[2026-06-20 08:29:55,558][src.modRNN.training.training_loop][INFO] - 	 Starting Epoch: 1401
[2026-06-20 08:29:56,296][src.modRNN.training.training_loop][INFO] - train epoch 1401 loss 0.0456 accuracy 100.00%
[2026-06-20 08:29:57,504][src.modRNN.training.training_loop][INFO] - eval  epoch 1401 loss 0.0514 accuracy 99.61%
[2026-06-20 08:29:57,506][src.modRNN.training.training_loop][INFO] - 	 Starting Epoch: 1402
[2026-06-20 08:29:58,246][src.modRNN.training.training_loop][INFO] - train epoch 1402 loss 0.0385 accuracy 100.00%
[2026-06-20 08:29:58,248][src.modRNN.training.training_loop][INFO] - 	 Starting Epoch: 1403
[2026-06-20 08:29:58,986][src.modRNN.training.training_loop][INFO] - train epoch 1403 loss 0.0981 accuracy 98.44%
[2026-06-20 08:29:58,988][src.modRNN.training.training_loop][INFO] - 	 Starting Epoch: 1404
[2026-06-20 08:29:59,726][src.modRNN.training.training_loop][INFO] - train epoch 1404 loss 0.0420 accuracy 100.00%
[2026-06-20 08:29:59,727][src.modRNN.training.training_loop][INFO] - 	 Starting Epoch: 1405
[2026-06-20 08:30:00,469][src.modRNN.training.training_loop][INFO] - train epoch 1405 loss 0.1800 accuracy 96.88%
[2026-06-20 08:30:00,470][src.modRNN.training.training_loop][INFO] - 	 Starting Epoch: 1406
[2026-06-20 08:30:01,209][src.modRNN.training.training_loop][INFO] - train epoch 1406 loss 0.0363 accuracy 100.00%
[2026-06-20 08:30:01,211][src.modRNN.training.training_loop][INFO] - 	 Starting Epoch: 1407
[2026-06-20 08:30:01,956][src.modRNN.training.training_loop][INFO] - train epoch 1407 loss 0.0362 accuracy 100.00%
[2026-06-20 08:30:01,958][src.modRNN.training.training_loop][INFO] - 	 Starting Epoch: 1408
[2026-06-20 08:30:02,700][src.modRNN.training.training_loop][INFO] - train epoch 1408 loss 0.0276 accuracy 100.00%
[2026-06-20 08:30:02,702][src.modRNN.training.training_loop][INFO] - 	 Starting Epoch: 1409
[2026-06-20 08:30:03,443][src.modRNN.training.training_loop][INFO] - train epoch 1409 loss 0.0454 accuracy 100.00%
[2026-06-20 08:30:03,445][src.modRNN.training.training_loop][INFO] - 	 Starting Epoch: 1410
[2026-06-20 08:30:04,187][src.modRNN.training.training_loop][INFO] - train epoch 1410 loss 0.0553 accuracy 100.00%
[2026-06-20 08:30:04,189][src.modRNN.training.training_loop][INFO] - 	 Starting Epoch: 1411
[2026-06-20 08:30:04,932][src.modRNN.training.training_loop][INFO] - train epoch 1411 loss 0.0529 accuracy 100.00%
[2026-06-20 08:30:04,933][src.modRNN.training.training_loop][INFO] - 	 Starting Epoch: 1412
[2026-06-20 08:30:05,675][src.modRNN.training.training_loop][INFO] - train epoch 1412 loss 0.0451 accuracy 100.00%
[2026-06-20 08:30:05,677][src.modRNN.training.training_loop][INFO] - 	 Starting Epoch: 1413
[2026-06-20 08:30:06,420][src.modRNN.training.training_loop][INFO] - train epoch 1413 loss 0.1040 accuracy 98.44%
[2026-06-20 08:30:06,422][src.modRNN.training.training_loop][INFO] - 	 Starting Epoch: 1414
[2026-06-20 08:30:07,166][src.modRNN.training.training_loop][INFO] - train epoch 1414 loss 0.0383 accuracy 100.00%
[2026-06-20 08:30:07,168][src.modRNN.training.training_loop][INFO] - 	 Starting Epoch: 1415
[2026-06-20 08:30:07,911][src.modRNN.training.training_loop][INFO] - train epoch 1415 loss 0.0461 accuracy 100.00%
[2026-06-20 08:30:07,913][src.modRNN.training.training_loop][INFO] - 	 Starting Epoch: 1416
[2026-06-20 08:30:08,654][src.modRNN.training.training_loop][INFO] - train epoch 1416 loss 0.1202 accuracy 98.44%
[2026-06-20 08:30:08,656][src.modRNN.training.training_loop][INFO] - 	 Starting Epoch: 1417
[2026-06-20 08:30:09,397][src.modRNN.training.training_loop][INFO] - train epoch 1417 loss 0.0424 accuracy 100.00%
[2026-06-20 08:30:09,399][src.modRNN.training.training_loop][INFO] - 	 Starting Epoch: 1418
[2026-06-20 08:30:10,142][src.modRNN.training.training_loop][INFO] - train epoch 1418 loss 0.0382 accuracy 100.00%
[2026-06-20 08:30:10,144][src.modRNN.training.training_loop][INFO] - 	 Starting Epoch: 1419
[2026-06-20 08:30:10,890][src.modRNN.training.training_loop][INFO] - train epoch 1419 loss 0.0951 accuracy 98.44%
[2026-06-20 08:30:10,891][src.modRNN.training.training_loop][INFO] - 	 Starting Epoch: 1420
[2026-06-20 08:30:11,634][src.modRNN.training.training_loop][INFO] - train epoch 1420 loss 0.0413 accuracy 100.00%
[2026-06-20 08:30:11,635][src.modRNN.training.training_loop][INFO] - 	 Starting Epoch: 1421
[2026-06-20 08:30:12,378][src.modRNN.training.training_loop][INFO] - train epoch 1421 loss 0.0604 accuracy 98.44%
[2026-06-20 08:30:12,380][src.modRNN.training.training_loop][INFO] - 	 Starting Epoch: 1422
[2026-06-20 08:30:13,124][src.modRNN.training.training_loop][INFO] - train epoch 1422 loss 0.1112 accuracy 98.44%
[2026-06-20 08:30:13,126][src.modRNN.training.training_loop][INFO] - 	 Starting Epoch: 1423
[2026-06-20 08:30:13,871][src.modRNN.training.training_loop][INFO] - train epoch 1423 loss 0.1921 accuracy 96.88%
[2026-06-20 08:30:13,873][src.modRNN.training.training_loop][INFO] - 	 Starting Epoch: 1424
[2026-06-20 08:30:14,615][src.modRNN.training.training_loop][INFO] - train epoch 1424 loss 0.0605 accuracy 100.00%
[2026-06-20 08:30:14,617][src.modRNN.training.training_loop][INFO] - 	 Starting Epoch: 1425
[2026-06-20 08:30:15,360][src.modRNN.training.training_loop][INFO] - train epoch 1425 loss 0.0417 accuracy 100.00%
[2026-06-20 08:30:15,362][src.modRNN.training.training_loop][INFO] - 	 Starting Epoch: 1426
[2026-06-20 08:30:16,110][src.modRNN.training.training_loop][INFO] - train epoch 1426 loss 0.0918 accuracy 98.44%
[2026-06-20 08:30:17,317][src.modRNN.training.training_loop][INFO] - eval  epoch 1426 loss 0.0721 accuracy 99.02%
[2026-06-20 08:30:17,319][src.modRNN.training.training_loop][INFO] - 	 Starting Epoch: 1427
[2026-06-20 08:30:18,062][src.modRNN.training.training_loop][INFO] - train epoch 1427 loss 0.1187 accuracy 98.44%
[2026-06-20 08:30:18,064][src.modRNN.training.training_loop][INFO] - 	 Starting Epoch: 1428
[2026-06-20 08:30:18,807][src.modRNN.training.training_loop][INFO] - train epoch 1428 loss 0.0502 accuracy 100.00%
[2026-06-20 08:30:18,809][src.modRNN.training.training_loop][INFO] - 	 Starting Epoch: 1429
[2026-06-20 08:30:19,552][src.modRNN.training.training_loop][INFO] - train epoch 1429 loss 0.2374 accuracy 95.31%
[2026-06-20 08:30:19,554][src.modRNN.training.training_loop][INFO] - 	 Starting Epoch: 1430
[2026-06-20 08:30:20,297][src.modRNN.training.training_loop][INFO] - train epoch 1430 loss 0.0888 accuracy 98.44%
[2026-06-20 08:30:20,298][src.modRNN.training.training_loop][INFO] - 	 Starting Epoch: 1431
[2026-06-20 08:30:21,041][src.modRNN.training.training_loop][INFO] - train epoch 1431 loss 0.0830 accuracy 96.88%
[2026-06-20 08:30:21,043][src.modRNN.training.training_loop][INFO] - 	 Starting Epoch: 1432
[2026-06-20 08:30:21,787][src.modRNN.training.training_loop][INFO] - train epoch 1432 loss 0.0365 accuracy 100.00%
[2026-06-20 08:30:21,789][src.modRNN.training.training_loop][INFO] - 	 Starting Epoch: 1433
[2026-06-20 08:30:22,532][src.modRNN.training.training_loop][INFO] - train epoch 1433 loss 0.0839 accuracy 98.44%
[2026-06-20 08:30:22,534][src.modRNN.training.training_loop][INFO] - 	 Starting Epoch: 1434
[2026-06-20 08:30:23,277][src.modRNN.training.training_loop][INFO] - train epoch 1434 loss 0.0859 accuracy 98.44%
[2026-06-20 08:30:23,279][src.modRNN.training.training_loop][INFO] - 	 Starting Epoch: 1435
[2026-06-20 08:30:24,024][src.modRNN.training.training_loop][INFO] - train epoch 1435 loss 0.1236 accuracy 96.88%
[2026-06-20 08:30:24,026][src.modRNN.training.training_loop][INFO] - 	 Starting Epoch: 1436
[2026-06-20 08:30:24,769][src.modRNN.training.training_loop][INFO] - train epoch 1436 loss 0.1094 accuracy 98.44%
[2026-06-20 08:30:24,771][src.modRNN.training.training_loop][INFO] - 	 Starting Epoch: 1437
[2026-06-20 08:30:25,514][src.modRNN.training.training_loop][INFO] - train epoch 1437 loss 0.1197 accuracy 96.88%
[2026-06-20 08:30:25,516][src.modRNN.training.training_loop][INFO] - 	 Starting Epoch: 1438
[2026-06-20 08:30:26,260][src.modRNN.training.training_loop][INFO] - train epoch 1438 loss 0.0458 accuracy 100.00%
[2026-06-20 08:30:26,262][src.modRNN.training.training_loop][INFO] - 	 Starting Epoch: 1439
[2026-06-20 08:30:27,006][src.modRNN.training.training_loop][INFO] - train epoch 1439 loss 0.0337 accuracy 100.00%
[2026-06-20 08:30:27,008][src.modRNN.training.training_loop][INFO] - 	 Starting Epoch: 1440
[2026-06-20 08:30:27,754][src.modRNN.training.training_loop][INFO] - train epoch 1440 loss 0.0744 accuracy 98.44%
[2026-06-20 08:30:27,756][src.modRNN.training.training_loop][INFO] - 	 Starting Epoch: 1441
[2026-06-20 08:30:28,502][src.modRNN.training.training_loop][INFO] - train epoch 1441 loss 0.1007 accuracy 98.44%
[2026-06-20 08:30:28,504][src.modRNN.training.training_loop][INFO] - 	 Starting Epoch: 1442
[2026-06-20 08:30:29,246][src.modRNN.training.training_loop][INFO] - train epoch 1442 loss 0.0401 accuracy 100.00%
[2026-06-20 08:30:29,248][src.modRNN.training.training_loop][INFO] - 	 Starting Epoch: 1443
[2026-06-20 08:30:29,991][src.modRNN.training.training_loop][INFO] - train epoch 1443 loss 0.1309 accuracy 96.88%
[2026-06-20 08:30:29,993][src.modRNN.training.training_loop][INFO] - 	 Starting Epoch: 1444
[2026-06-20 08:30:30,736][src.modRNN.training.training_loop][INFO] - train epoch 1444 loss 0.1180 accuracy 96.88%
[2026-06-20 08:30:30,738][src.modRNN.training.training_loop][INFO] - 	 Starting Epoch: 1445
[2026-06-20 08:30:31,481][src.modRNN.training.training_loop][INFO] - train epoch 1445 loss 0.1380 accuracy 95.31%
[2026-06-20 08:30:31,483][src.modRNN.training.training_loop][INFO] - 	 Starting Epoch: 1446
[2026-06-20 08:30:32,232][src.modRNN.training.training_loop][INFO] - train epoch 1446 loss 0.0411 accuracy 100.00%
[2026-06-20 08:30:32,234][src.modRNN.training.training_loop][INFO] - 	 Starting Epoch: 1447
[2026-06-20 08:30:32,975][src.modRNN.training.training_loop][INFO] - train epoch 1447 loss 0.1574 accuracy 96.88%
[2026-06-20 08:30:32,977][src.modRNN.training.training_loop][INFO] - 	 Starting Epoch: 1448
[2026-06-20 08:30:33,715][src.modRNN.training.training_loop][INFO] - train epoch 1448 loss 0.0596 accuracy 100.00%
[2026-06-20 08:30:33,717][src.modRNN.training.training_loop][INFO] - 	 Starting Epoch: 1449
[2026-06-20 08:30:34,456][src.modRNN.training.training_loop][INFO] - train epoch 1449 loss 0.1300 accuracy 98.44%
[2026-06-20 08:30:34,458][src.modRNN.training.training_loop][INFO] - 	 Starting Epoch: 1450
[2026-06-20 08:30:35,197][src.modRNN.training.training_loop][INFO] - train epoch 1450 loss 0.0606 accuracy 100.00%
[2026-06-20 08:30:35,199][src.modRNN.training.training_loop][INFO] - 	 Starting Epoch: 1451
[2026-06-20 08:30:35,938][src.modRNN.training.training_loop][INFO] - train epoch 1451 loss 0.0979 accuracy 96.88%
[2026-06-20 08:30:37,148][src.modRNN.training.training_loop][INFO] - eval  epoch 1451 loss 0.0750 accuracy 99.22%
[2026-06-20 08:30:37,149][src.modRNN.training.training_loop][INFO] - 	 Starting Epoch: 1452
[2026-06-20 08:30:37,889][src.modRNN.training.training_loop][INFO] - train epoch 1452 loss 0.0584 accuracy 100.00%
[2026-06-20 08:30:37,891][src.modRNN.training.training_loop][INFO] - 	 Starting Epoch: 1453
[2026-06-20 08:30:38,631][src.modRNN.training.training_loop][INFO] - train epoch 1453 loss 0.0601 accuracy 100.00%
[2026-06-20 08:30:38,633][src.modRNN.training.training_loop][INFO] - 	 Starting Epoch: 1454
[2026-06-20 08:30:39,372][src.modRNN.training.training_loop][INFO] - train epoch 1454 loss 0.0345 accuracy 100.00%
[2026-06-20 08:30:39,374][src.modRNN.training.training_loop][INFO] - 	 Starting Epoch: 1455
[2026-06-20 08:30:40,113][src.modRNN.training.training_loop][INFO] - train epoch 1455 loss 0.0498 accuracy 100.00%
[2026-06-20 08:30:40,115][src.modRNN.training.training_loop][INFO] - 	 Starting Epoch: 1456
[2026-06-20 08:30:40,857][src.modRNN.training.training_loop][INFO] - train epoch 1456 loss 0.1666 accuracy 96.88%
[2026-06-20 08:30:40,858][src.modRNN.training.training_loop][INFO] - 	 Starting Epoch: 1457
[2026-06-20 08:30:41,598][src.modRNN.training.training_loop][INFO] - train epoch 1457 loss 0.0436 accuracy 100.00%
[2026-06-20 08:30:41,599][src.modRNN.training.training_loop][INFO] - 	 Starting Epoch: 1458
[2026-06-20 08:30:42,339][src.modRNN.training.training_loop][INFO] - train epoch 1458 loss 0.1103 accuracy 98.44%
[2026-06-20 08:30:42,341][src.modRNN.training.training_loop][INFO] - 	 Starting Epoch: 1459
[2026-06-20 08:30:43,079][src.modRNN.training.training_loop][INFO] - train epoch 1459 loss 0.0757 accuracy 98.44%
[2026-06-20 08:30:43,081][src.modRNN.training.training_loop][INFO] - 	 Starting Epoch: 1460
[2026-06-20 08:30:43,820][src.modRNN.training.training_loop][INFO] - train epoch 1460 loss 0.0417 accuracy 100.00%
[2026-06-20 08:30:43,822][src.modRNN.training.training_loop][INFO] - 	 Starting Epoch: 1461
[2026-06-20 08:30:44,561][src.modRNN.training.training_loop][INFO] - train epoch 1461 loss 0.1136 accuracy 98.44%
[2026-06-20 08:30:44,563][src.modRNN.training.training_loop][INFO] - 	 Starting Epoch: 1462
[2026-06-20 08:30:45,303][src.modRNN.training.training_loop][INFO] - train epoch 1462 loss 0.1078 accuracy 98.44%
[2026-06-20 08:30:45,305][src.modRNN.training.training_loop][INFO] - 	 Starting Epoch: 1463
[2026-06-20 08:30:46,044][src.modRNN.training.training_loop][INFO] - train epoch 1463 loss 0.0425 accuracy 100.00%
[2026-06-20 08:30:46,045][src.modRNN.training.training_loop][INFO] - 	 Starting Epoch: 1464
[2026-06-20 08:30:46,784][src.modRNN.training.training_loop][INFO] - train epoch 1464 loss 0.0870 accuracy 98.44%
[2026-06-20 08:30:46,786][src.modRNN.training.training_loop][INFO] - 	 Starting Epoch: 1465
[2026-06-20 08:30:47,525][src.modRNN.training.training_loop][INFO] - train epoch 1465 loss 0.0835 accuracy 98.44%
[2026-06-20 08:30:47,527][src.modRNN.training.training_loop][INFO] - 	 Starting Epoch: 1466
[2026-06-20 08:30:48,266][src.modRNN.training.training_loop][INFO] - train epoch 1466 loss 0.0700 accuracy 98.44%
[2026-06-20 08:30:48,267][src.modRNN.training.training_loop][INFO] - 	 Starting Epoch: 1467
[2026-06-20 08:30:49,008][src.modRNN.training.training_loop][INFO] - train epoch 1467 loss 0.0457 accuracy 100.00%
[2026-06-20 08:30:49,009][src.modRNN.training.training_loop][INFO] - 	 Starting Epoch: 1468
[2026-06-20 08:30:49,748][src.modRNN.training.training_loop][INFO] - train epoch 1468 loss 0.1098 accuracy 98.44%
[2026-06-20 08:30:49,750][src.modRNN.training.training_loop][INFO] - 	 Starting Epoch: 1469
[2026-06-20 08:30:50,489][src.modRNN.training.training_loop][INFO] - train epoch 1469 loss 0.0380 accuracy 100.00%
[2026-06-20 08:30:50,490][src.modRNN.training.training_loop][INFO] - 	 Starting Epoch: 1470
[2026-06-20 08:30:51,230][src.modRNN.training.training_loop][INFO] - train epoch 1470 loss 0.0845 accuracy 98.44%
[2026-06-20 08:30:51,231][src.modRNN.training.training_loop][INFO] - 	 Starting Epoch: 1471
[2026-06-20 08:30:51,971][src.modRNN.training.training_loop][INFO] - train epoch 1471 loss 0.0311 accuracy 100.00%
[2026-06-20 08:30:51,972][src.modRNN.training.training_loop][INFO] - 	 Starting Epoch: 1472
[2026-06-20 08:30:52,712][src.modRNN.training.training_loop][INFO] - train epoch 1472 loss 0.0788 accuracy 98.44%
[2026-06-20 08:30:52,713][src.modRNN.training.training_loop][INFO] - 	 Starting Epoch: 1473
[2026-06-20 08:30:53,455][src.modRNN.training.training_loop][INFO] - train epoch 1473 loss 0.0333 accuracy 100.00%
[2026-06-20 08:30:53,457][src.modRNN.training.training_loop][INFO] - 	 Starting Epoch: 1474
[2026-06-20 08:30:54,198][src.modRNN.training.training_loop][INFO] - train epoch 1474 loss 0.0557 accuracy 98.44%
[2026-06-20 08:30:54,200][src.modRNN.training.training_loop][INFO] - 	 Starting Epoch: 1475
[2026-06-20 08:30:54,941][src.modRNN.training.training_loop][INFO] - train epoch 1475 loss 0.0839 accuracy 98.44%
[2026-06-20 08:30:54,943][src.modRNN.training.training_loop][INFO] - 	 Starting Epoch: 1476
[2026-06-20 08:30:55,685][src.modRNN.training.training_loop][INFO] - train epoch 1476 loss 0.0435 accuracy 100.00%
[2026-06-20 08:30:56,894][src.modRNN.training.training_loop][INFO] - eval  epoch 1476 loss 0.0973 accuracy 98.24%
[2026-06-20 08:30:56,895][src.modRNN.training.training_loop][INFO] - 	 Starting Epoch: 1477
[2026-06-20 08:30:57,634][src.modRNN.training.training_loop][INFO] - train epoch 1477 loss 0.1763 accuracy 95.31%
[2026-06-20 08:30:57,636][src.modRNN.training.training_loop][INFO] - 	 Starting Epoch: 1478
[2026-06-20 08:30:58,375][src.modRNN.training.training_loop][INFO] - train epoch 1478 loss 0.1348 accuracy 96.88%
[2026-06-20 08:30:58,376][src.modRNN.training.training_loop][INFO] - 	 Starting Epoch: 1479
[2026-06-20 08:30:59,118][src.modRNN.training.training_loop][INFO] - train epoch 1479 loss 0.0822 accuracy 98.44%
[2026-06-20 08:30:59,119][src.modRNN.training.training_loop][INFO] - 	 Starting Epoch: 1480
[2026-06-20 08:30:59,858][src.modRNN.training.training_loop][INFO] - train epoch 1480 loss 0.0768 accuracy 98.44%
[2026-06-20 08:30:59,860][src.modRNN.training.training_loop][INFO] - 	 Starting Epoch: 1481
[2026-06-20 08:31:00,600][src.modRNN.training.training_loop][INFO] - train epoch 1481 loss 0.1031 accuracy 96.88%
[2026-06-20 08:31:00,602][src.modRNN.training.training_loop][INFO] - 	 Starting Epoch: 1482
[2026-06-20 08:31:01,351][src.modRNN.training.training_loop][INFO] - train epoch 1482 loss 0.0473 accuracy 100.00%
[2026-06-20 08:31:01,352][src.modRNN.training.training_loop][INFO] - 	 Starting Epoch: 1483
[2026-06-20 08:31:02,096][src.modRNN.training.training_loop][INFO] - train epoch 1483 loss 0.0908 accuracy 98.44%
[2026-06-20 08:31:02,098][src.modRNN.training.training_loop][INFO] - 	 Starting Epoch: 1484
[2026-06-20 08:31:02,841][src.modRNN.training.training_loop][INFO] - train epoch 1484 loss 0.2136 accuracy 95.31%
[2026-06-20 08:31:02,843][src.modRNN.training.training_loop][INFO] - 	 Starting Epoch: 1485
[2026-06-20 08:31:03,587][src.modRNN.training.training_loop][INFO] - train epoch 1485 loss 0.0968 accuracy 98.44%
[2026-06-20 08:31:03,589][src.modRNN.training.training_loop][INFO] - 	 Starting Epoch: 1486
[2026-06-20 08:31:04,332][src.modRNN.training.training_loop][INFO] - train epoch 1486 loss 0.1423 accuracy 96.88%
[2026-06-20 08:31:04,334][src.modRNN.training.training_loop][INFO] - 	 Starting Epoch: 1487
[2026-06-20 08:31:05,078][src.modRNN.training.training_loop][INFO] - train epoch 1487 loss 0.2584 accuracy 93.75%
[2026-06-20 08:31:05,080][src.modRNN.training.training_loop][INFO] - 	 Starting Epoch: 1488
[2026-06-20 08:31:05,824][src.modRNN.training.training_loop][INFO] - train epoch 1488 loss 0.1562 accuracy 96.88%
[2026-06-20 08:31:05,826][src.modRNN.training.training_loop][INFO] - 	 Starting Epoch: 1489
[2026-06-20 08:31:06,570][src.modRNN.training.training_loop][INFO] - train epoch 1489 loss 0.2065 accuracy 95.31%
[2026-06-20 08:31:06,572][src.modRNN.training.training_loop][INFO] - 	 Starting Epoch: 1490
[2026-06-20 08:31:07,315][src.modRNN.training.training_loop][INFO] - train epoch 1490 loss 0.2218 accuracy 93.75%
[2026-06-20 08:31:07,317][src.modRNN.training.training_loop][INFO] - 	 Starting Epoch: 1491
[2026-06-20 08:31:08,060][src.modRNN.training.training_loop][INFO] - train epoch 1491 loss 0.3112 accuracy 92.19%
[2026-06-20 08:31:08,062][src.modRNN.training.training_loop][INFO] - 	 Starting Epoch: 1492
[2026-06-20 08:31:08,806][src.modRNN.training.training_loop][INFO] - train epoch 1492 loss 0.3456 accuracy 90.62%
[2026-06-20 08:31:08,807][src.modRNN.training.training_loop][INFO] - 	 Starting Epoch: 1493
[2026-06-20 08:31:09,551][src.modRNN.training.training_loop][INFO] - train epoch 1493 loss 0.3481 accuracy 89.06%
[2026-06-20 08:31:09,553][src.modRNN.training.training_loop][INFO] - 	 Starting Epoch: 1494
[2026-06-20 08:31:10,296][src.modRNN.training.training_loop][INFO] - train epoch 1494 loss 0.7811 accuracy 71.88%
[2026-06-20 08:31:10,298][src.modRNN.training.training_loop][INFO] - 	 Starting Epoch: 1495
[2026-06-20 08:31:11,041][src.modRNN.training.training_loop][INFO] - train epoch 1495 loss 0.5850 accuracy 79.69%
[2026-06-20 08:31:11,043][src.modRNN.training.training_loop][INFO] - 	 Starting Epoch: 1496
[2026-06-20 08:31:11,786][src.modRNN.training.training_loop][INFO] - train epoch 1496 loss 0.4090 accuracy 84.38%
[2026-06-20 08:31:11,788][src.modRNN.training.training_loop][INFO] - 	 Starting Epoch: 1497
[2026-06-20 08:31:12,531][src.modRNN.training.training_loop][INFO] - train epoch 1497 loss 0.4431 accuracy 85.94%
[2026-06-20 08:31:12,533][src.modRNN.training.training_loop][INFO] - 	 Starting Epoch: 1498
[2026-06-20 08:31:13,280][src.modRNN.training.training_loop][INFO] - train epoch 1498 loss 0.3352 accuracy 87.50%
[2026-06-20 08:31:13,282][src.modRNN.training.training_loop][INFO] - 	 Starting Epoch: 1499
[2026-06-20 08:31:14,027][src.modRNN.training.training_loop][INFO] - train epoch 1499 loss 0.6143 accuracy 75.00%
[2026-06-20 08:31:14,029][src.modRNN.training.training_loop][INFO] - 	 Starting Epoch: 1500
[2026-06-20 08:31:14,772][src.modRNN.training.training_loop][INFO] - train epoch 1500 loss 0.5492 accuracy 67.19%
[2026-06-20 08:31:14,774][src.modRNN.training.training_loop][INFO] - 	 Starting Epoch: 1501
[2026-06-20 08:31:15,521][src.modRNN.training.training_loop][INFO] - train epoch 1501 loss 0.3225 accuracy 81.25%
[2026-06-20 08:31:16,725][src.modRNN.training.training_loop][INFO] - eval  epoch 1501 loss 0.5554 accuracy 75.78%
[2026-06-20 08:31:16,727][src.modRNN.training.training_loop][INFO] - 	 Starting Epoch: 1502
[2026-06-20 08:31:17,469][src.modRNN.training.training_loop][INFO] - train epoch 1502 loss 0.5018 accuracy 75.00%
[2026-06-20 08:31:17,471][src.modRNN.training.training_loop][INFO] - 	 Starting Epoch: 1503
[2026-06-20 08:31:18,213][src.modRNN.training.training_loop][INFO] - train epoch 1503 loss 0.4826 accuracy 82.81%
[2026-06-20 08:31:18,215][src.modRNN.training.training_loop][INFO] - 	 Starting Epoch: 1504
[2026-06-20 08:31:18,958][src.modRNN.training.training_loop][INFO] - train epoch 1504 loss 0.3970 accuracy 87.50%
[2026-06-20 08:31:18,960][src.modRNN.training.training_loop][INFO] - 	 Starting Epoch: 1505
[2026-06-20 08:31:19,705][src.modRNN.training.training_loop][INFO] - train epoch 1505 loss 0.4963 accuracy 76.56%
[2026-06-20 08:31:19,706][src.modRNN.training.training_loop][INFO] - 	 Starting Epoch: 1506
[2026-06-20 08:31:20,450][src.modRNN.training.training_loop][INFO] - train epoch 1506 loss 0.5394 accuracy 71.88%
[2026-06-20 08:31:20,452][src.modRNN.training.training_loop][INFO] - 	 Starting Epoch: 1507
[2026-06-20 08:31:21,194][src.modRNN.training.training_loop][INFO] - train epoch 1507 loss 0.4457 accuracy 76.56%
[2026-06-20 08:31:21,196][src.modRNN.training.training_loop][INFO] - 	 Starting Epoch: 1508
[2026-06-20 08:31:21,940][src.modRNN.training.training_loop][INFO] - train epoch 1508 loss 0.4069 accuracy 79.69%
[2026-06-20 08:31:21,941][src.modRNN.training.training_loop][INFO] - 	 Starting Epoch: 1509
[2026-06-20 08:31:22,686][src.modRNN.training.training_loop][INFO] - train epoch 1509 loss 0.5541 accuracy 73.44%
[2026-06-20 08:31:22,688][src.modRNN.training.training_loop][INFO] - 	 Starting Epoch: 1510
[2026-06-20 08:31:23,432][src.modRNN.training.training_loop][INFO] - train epoch 1510 loss 0.5500 accuracy 73.44%
[2026-06-20 08:31:23,434][src.modRNN.training.training_loop][INFO] - 	 Starting Epoch: 1511
[2026-06-20 08:31:24,178][src.modRNN.training.training_loop][INFO] - train epoch 1511 loss 0.6814 accuracy 68.75%
[2026-06-20 08:31:24,180][src.modRNN.training.training_loop][INFO] - 	 Starting Epoch: 1512
[2026-06-20 08:31:24,923][src.modRNN.training.training_loop][INFO] - train epoch 1512 loss 0.5881 accuracy 70.31%
[2026-06-20 08:31:24,925][src.modRNN.training.training_loop][INFO] - 	 Starting Epoch: 1513
[2026-06-20 08:31:25,669][src.modRNN.training.training_loop][INFO] - train epoch 1513 loss 0.5089 accuracy 76.56%
[2026-06-20 08:31:25,670][src.modRNN.training.training_loop][INFO] - 	 Starting Epoch: 1514
[2026-06-20 08:31:26,413][src.modRNN.training.training_loop][INFO] - train epoch 1514 loss 0.4249 accuracy 84.38%
[2026-06-20 08:31:26,415][src.modRNN.training.training_loop][INFO] - 	 Starting Epoch: 1515
[2026-06-20 08:31:27,163][src.modRNN.training.training_loop][INFO] - train epoch 1515 loss 0.5673 accuracy 75.00%
[2026-06-20 08:31:27,165][src.modRNN.training.training_loop][INFO] - 	 Starting Epoch: 1516
[2026-06-20 08:31:27,908][src.modRNN.training.training_loop][INFO] - train epoch 1516 loss 0.4883 accuracy 73.44%
[2026-06-20 08:31:27,910][src.modRNN.training.training_loop][INFO] - 	 Starting Epoch: 1517
[2026-06-20 08:31:28,652][src.modRNN.training.training_loop][INFO] - train epoch 1517 loss 0.5793 accuracy 68.75%
[2026-06-20 08:31:28,654][src.modRNN.training.training_loop][INFO] - 	 Starting Epoch: 1518
[2026-06-20 08:31:29,397][src.modRNN.training.training_loop][INFO] - train epoch 1518 loss 0.4666 accuracy 68.75%
[2026-06-20 08:31:29,399][src.modRNN.training.training_loop][INFO] - 	 Starting Epoch: 1519
[2026-06-20 08:31:30,143][src.modRNN.training.training_loop][INFO] - train epoch 1519 loss 0.5892 accuracy 70.31%
[2026-06-20 08:31:30,145][src.modRNN.training.training_loop][INFO] - 	 Starting Epoch: 1520
[2026-06-20 08:31:30,888][src.modRNN.training.training_loop][INFO] - train epoch 1520 loss 0.4402 accuracy 84.38%
[2026-06-20 08:31:30,890][src.modRNN.training.training_loop][INFO] - 	 Starting Epoch: 1521
[2026-06-20 08:31:31,633][src.modRNN.training.training_loop][INFO] - train epoch 1521 loss 0.4936 accuracy 70.31%
[2026-06-20 08:31:31,635][src.modRNN.training.training_loop][INFO] - 	 Starting Epoch: 1522
[2026-06-20 08:31:32,375][src.modRNN.training.training_loop][INFO] - train epoch 1522 loss 0.5460 accuracy 65.62%
[2026-06-20 08:31:32,377][src.modRNN.training.training_loop][INFO] - 	 Starting Epoch: 1523
[2026-06-20 08:31:33,116][src.modRNN.training.training_loop][INFO] - train epoch 1523 loss 0.4623 accuracy 76.56%
[2026-06-20 08:31:33,118][src.modRNN.training.training_loop][INFO] - 	 Starting Epoch: 1524
[2026-06-20 08:31:33,856][src.modRNN.training.training_loop][INFO] - train epoch 1524 loss 0.4595 accuracy 76.56%
[2026-06-20 08:31:33,858][src.modRNN.training.training_loop][INFO] - 	 Starting Epoch: 1525
[2026-06-20 08:31:34,597][src.modRNN.training.training_loop][INFO] - train epoch 1525 loss 0.4743 accuracy 70.31%
[2026-06-20 08:31:34,598][src.modRNN.training.training_loop][INFO] - 	 Starting Epoch: 1526
[2026-06-20 08:31:35,338][src.modRNN.training.training_loop][INFO] - train epoch 1526 loss 0.4833 accuracy 76.56%
[2026-06-20 08:31:36,546][src.modRNN.training.training_loop][INFO] - eval  epoch 1526 loss 0.4558 accuracy 77.34%
[2026-06-20 08:31:36,547][src.modRNN.training.training_loop][INFO] - 	 Starting Epoch: 1527
[2026-06-20 08:31:37,285][src.modRNN.training.training_loop][INFO] - train epoch 1527 loss 0.4522 accuracy 75.00%
[2026-06-20 08:31:37,287][src.modRNN.training.training_loop][INFO] - 	 Starting Epoch: 1528
[2026-06-20 08:31:38,026][src.modRNN.training.training_loop][INFO] - train epoch 1528 loss 0.4525 accuracy 76.56%
[2026-06-20 08:31:38,027][src.modRNN.training.training_loop][INFO] - 	 Starting Epoch: 1529
[2026-06-20 08:31:38,767][src.modRNN.training.training_loop][INFO] - train epoch 1529 loss 0.4702 accuracy 76.56%
[2026-06-20 08:31:38,769][src.modRNN.training.training_loop][INFO] - 	 Starting Epoch: 1530
[2026-06-20 08:31:39,510][src.modRNN.training.training_loop][INFO] - train epoch 1530 loss 0.4297 accuracy 78.12%
[2026-06-20 08:31:39,512][src.modRNN.training.training_loop][INFO] - 	 Starting Epoch: 1531
[2026-06-20 08:31:40,250][src.modRNN.training.training_loop][INFO] - train epoch 1531 loss 0.4714 accuracy 79.69%
[2026-06-20 08:31:40,252][src.modRNN.training.training_loop][INFO] - 	 Starting Epoch: 1532
[2026-06-20 08:31:40,990][src.modRNN.training.training_loop][INFO] - train epoch 1532 loss 0.4571 accuracy 73.44%
[2026-06-20 08:31:40,992][src.modRNN.training.training_loop][INFO] - 	 Starting Epoch: 1533
[2026-06-20 08:31:41,732][src.modRNN.training.training_loop][INFO] - train epoch 1533 loss 0.3799 accuracy 79.69%
[2026-06-20 08:31:41,733][src.modRNN.training.training_loop][INFO] - 	 Starting Epoch: 1534
[2026-06-20 08:31:42,474][src.modRNN.training.training_loop][INFO] - train epoch 1534 loss 0.3646 accuracy 82.81%
[2026-06-20 08:31:42,476][src.modRNN.training.training_loop][INFO] - 	 Starting Epoch: 1535
[2026-06-20 08:31:43,216][src.modRNN.training.training_loop][INFO] - train epoch 1535 loss 0.4099 accuracy 78.12%
[2026-06-20 08:31:43,218][src.modRNN.training.training_loop][INFO] - 	 Starting Epoch: 1536
[2026-06-20 08:31:43,956][src.modRNN.training.training_loop][INFO] - train epoch 1536 loss 0.3750 accuracy 85.94%
[2026-06-20 08:31:43,958][src.modRNN.training.training_loop][INFO] - 	 Starting Epoch: 1537
[2026-06-20 08:31:44,699][src.modRNN.training.training_loop][INFO] - train epoch 1537 loss 0.4132 accuracy 76.56%
[2026-06-20 08:31:44,700][src.modRNN.training.training_loop][INFO] - 	 Starting Epoch: 1538
[2026-06-20 08:31:45,439][src.modRNN.training.training_loop][INFO] - train epoch 1538 loss 0.9259 accuracy 57.81%
[2026-06-20 08:31:45,441][src.modRNN.training.training_loop][INFO] - 	 Starting Epoch: 1539
[2026-06-20 08:31:46,180][src.modRNN.training.training_loop][INFO] - train epoch 1539 loss 0.6827 accuracy 65.62%
[2026-06-20 08:31:46,182][src.modRNN.training.training_loop][INFO] - 	 Starting Epoch: 1540
[2026-06-20 08:31:46,920][src.modRNN.training.training_loop][INFO] - train epoch 1540 loss 0.6592 accuracy 67.19%
[2026-06-20 08:31:46,921][src.modRNN.training.training_loop][INFO] - 	 Starting Epoch: 1541
[2026-06-20 08:31:47,662][src.modRNN.training.training_loop][INFO] - train epoch 1541 loss 0.4970 accuracy 78.12%
[2026-06-20 08:31:47,664][src.modRNN.training.training_loop][INFO] - 	 Starting Epoch: 1542
[2026-06-20 08:31:48,404][src.modRNN.training.training_loop][INFO] - train epoch 1542 loss 0.3454 accuracy 85.94%
[2026-06-20 08:31:48,406][src.modRNN.training.training_loop][INFO] - 	 Starting Epoch: 1543
[2026-06-20 08:31:49,144][src.modRNN.training.training_loop][INFO] - train epoch 1543 loss 0.4483 accuracy 76.56%
[2026-06-20 08:31:49,146][src.modRNN.training.training_loop][INFO] - 	 Starting Epoch: 1544
[2026-06-20 08:31:49,887][src.modRNN.training.training_loop][INFO] - train epoch 1544 loss 0.3635 accuracy 85.94%
[2026-06-20 08:31:49,889][src.modRNN.training.training_loop][INFO] - 	 Starting Epoch: 1545
[2026-06-20 08:31:50,631][src.modRNN.training.training_loop][INFO] - train epoch 1545 loss 0.3442 accuracy 79.69%
[2026-06-20 08:31:50,633][src.modRNN.training.training_loop][INFO] - 	 Starting Epoch: 1546
[2026-06-20 08:31:51,377][src.modRNN.training.training_loop][INFO] - train epoch 1546 loss 0.3729 accuracy 82.81%
[2026-06-20 08:31:51,379][src.modRNN.training.training_loop][INFO] - 	 Starting Epoch: 1547
[2026-06-20 08:31:52,119][src.modRNN.training.training_loop][INFO] - train epoch 1547 loss 0.4582 accuracy 78.12%
[2026-06-20 08:31:52,120][src.modRNN.training.training_loop][INFO] - 	 Starting Epoch: 1548
[2026-06-20 08:31:52,862][src.modRNN.training.training_loop][INFO] - train epoch 1548 loss 0.3918 accuracy 82.81%
[2026-06-20 08:31:52,863][src.modRNN.training.training_loop][INFO] - 	 Starting Epoch: 1549
[2026-06-20 08:31:53,605][src.modRNN.training.training_loop][INFO] - train epoch 1549 loss 0.3921 accuracy 81.25%
[2026-06-20 08:31:53,606][src.modRNN.training.training_loop][INFO] - 	 Starting Epoch: 1550
[2026-06-20 08:31:54,347][src.modRNN.training.training_loop][INFO] - train epoch 1550 loss 0.4097 accuracy 82.81%
[2026-06-20 08:31:54,349][src.modRNN.training.training_loop][INFO] - 	 Starting Epoch: 1551
[2026-06-20 08:31:55,089][src.modRNN.training.training_loop][INFO] - train epoch 1551 loss 0.3934 accuracy 84.38%
[2026-06-20 08:31:56,294][src.modRNN.training.training_loop][INFO] - eval  epoch 1551 loss 0.3957 accuracy 81.05%
[2026-06-20 08:31:56,295][src.modRNN.training.training_loop][INFO] - 	 Starting Epoch: 1552
[2026-06-20 08:31:57,034][src.modRNN.training.training_loop][INFO] - train epoch 1552 loss 0.4024 accuracy 87.50%
[2026-06-20 08:31:57,036][src.modRNN.training.training_loop][INFO] - 	 Starting Epoch: 1553
[2026-06-20 08:31:57,774][src.modRNN.training.training_loop][INFO] - train epoch 1553 loss 0.3635 accuracy 90.62%
[2026-06-20 08:31:57,776][src.modRNN.training.training_loop][INFO] - 	 Starting Epoch: 1554
[2026-06-20 08:31:58,514][src.modRNN.training.training_loop][INFO] - train epoch 1554 loss 0.3926 accuracy 81.25%
[2026-06-20 08:31:58,516][src.modRNN.training.training_loop][INFO] - 	 Starting Epoch: 1555
[2026-06-20 08:31:59,259][src.modRNN.training.training_loop][INFO] - train epoch 1555 loss 0.4102 accuracy 73.44%
[2026-06-20 08:31:59,260][src.modRNN.training.training_loop][INFO] - 	 Starting Epoch: 1556
[2026-06-20 08:32:00,003][src.modRNN.training.training_loop][INFO] - train epoch 1556 loss 0.3682 accuracy 89.06%
[2026-06-20 08:32:00,005][src.modRNN.training.training_loop][INFO] - 	 Starting Epoch: 1557
[2026-06-20 08:32:00,744][src.modRNN.training.training_loop][INFO] - train epoch 1557 loss 0.4232 accuracy 81.25%
[2026-06-20 08:32:00,746][src.modRNN.training.training_loop][INFO] - 	 Starting Epoch: 1558
[2026-06-20 08:32:01,490][src.modRNN.training.training_loop][INFO] - train epoch 1558 loss 0.4010 accuracy 81.25%
[2026-06-20 08:32:01,492][src.modRNN.training.training_loop][INFO] - 	 Starting Epoch: 1559
[2026-06-20 08:32:02,238][src.modRNN.training.training_loop][INFO] - train epoch 1559 loss 0.4035 accuracy 82.81%
[2026-06-20 08:32:02,239][src.modRNN.training.training_loop][INFO] - 	 Starting Epoch: 1560
[2026-06-20 08:32:02,982][src.modRNN.training.training_loop][INFO] - train epoch 1560 loss 0.2943 accuracy 92.19%
[2026-06-20 08:32:02,984][src.modRNN.training.training_loop][INFO] - 	 Starting Epoch: 1561
[2026-06-20 08:32:03,728][src.modRNN.training.training_loop][INFO] - train epoch 1561 loss 0.5403 accuracy 70.31%
[2026-06-20 08:32:03,730][src.modRNN.training.training_loop][INFO] - 	 Starting Epoch: 1562
[2026-06-20 08:32:04,472][src.modRNN.training.training_loop][INFO] - train epoch 1562 loss 0.4055 accuracy 81.25%
[2026-06-20 08:32:04,474][src.modRNN.training.training_loop][INFO] - 	 Starting Epoch: 1563
[2026-06-20 08:32:05,217][src.modRNN.training.training_loop][INFO] - train epoch 1563 loss 0.5144 accuracy 70.31%
[2026-06-20 08:32:05,219][src.modRNN.training.training_loop][INFO] - 	 Starting Epoch: 1564
[2026-06-20 08:32:05,963][src.modRNN.training.training_loop][INFO] - train epoch 1564 loss 0.3946 accuracy 87.50%
[2026-06-20 08:32:05,965][src.modRNN.training.training_loop][INFO] - 	 Starting Epoch: 1565
[2026-06-20 08:32:06,707][src.modRNN.training.training_loop][INFO] - train epoch 1565 loss 0.3908 accuracy 82.81%
[2026-06-20 08:32:06,709][src.modRNN.training.training_loop][INFO] - 	 Starting Epoch: 1566
[2026-06-20 08:32:07,453][src.modRNN.training.training_loop][INFO] - train epoch 1566 loss 0.3283 accuracy 93.75%
[2026-06-20 08:32:07,455][src.modRNN.training.training_loop][INFO] - 	 Starting Epoch: 1567
[2026-06-20 08:32:08,203][src.modRNN.training.training_loop][INFO] - train epoch 1567 loss 0.3040 accuracy 90.62%
[2026-06-20 08:32:08,205][src.modRNN.training.training_loop][INFO] - 	 Starting Epoch: 1568
[2026-06-20 08:32:08,949][src.modRNN.training.training_loop][INFO] - train epoch 1568 loss 0.3573 accuracy 90.62%
[2026-06-20 08:32:08,951][src.modRNN.training.training_loop][INFO] - 	 Starting Epoch: 1569
[2026-06-20 08:32:09,694][src.modRNN.training.training_loop][INFO] - train epoch 1569 loss 0.3622 accuracy 89.06%
[2026-06-20 08:32:09,696][src.modRNN.training.training_loop][INFO] - 	 Starting Epoch: 1570
[2026-06-20 08:32:10,440][src.modRNN.training.training_loop][INFO] - train epoch 1570 loss 0.3681 accuracy 87.50%
[2026-06-20 08:32:10,442][src.modRNN.training.training_loop][INFO] - 	 Starting Epoch: 1571
[2026-06-20 08:32:11,185][src.modRNN.training.training_loop][INFO] - train epoch 1571 loss 0.2879 accuracy 90.62%
[2026-06-20 08:32:11,187][src.modRNN.training.training_loop][INFO] - 	 Starting Epoch: 1572
[2026-06-20 08:32:11,930][src.modRNN.training.training_loop][INFO] - train epoch 1572 loss 0.4143 accuracy 81.25%
[2026-06-20 08:32:11,932][src.modRNN.training.training_loop][INFO] - 	 Starting Epoch: 1573
[2026-06-20 08:32:12,675][src.modRNN.training.training_loop][INFO] - train epoch 1573 loss 0.3062 accuracy 87.50%
[2026-06-20 08:32:12,676][src.modRNN.training.training_loop][INFO] - 	 Starting Epoch: 1574
[2026-06-20 08:32:13,424][src.modRNN.training.training_loop][INFO] - train epoch 1574 loss 0.3465 accuracy 90.62%
[2026-06-20 08:32:13,426][src.modRNN.training.training_loop][INFO] - 	 Starting Epoch: 1575
[2026-06-20 08:32:14,169][src.modRNN.training.training_loop][INFO] - train epoch 1575 loss 0.3789 accuracy 82.81%
[2026-06-20 08:32:14,171][src.modRNN.training.training_loop][INFO] - 	 Starting Epoch: 1576
[2026-06-20 08:32:14,916][src.modRNN.training.training_loop][INFO] - train epoch 1576 loss 0.3968 accuracy 81.25%
[2026-06-20 08:32:16,123][src.modRNN.training.training_loop][INFO] - eval  epoch 1576 loss 0.3539 accuracy 84.18%
[2026-06-20 08:32:16,125][src.modRNN.training.training_loop][INFO] - 	 Starting Epoch: 1577
[2026-06-20 08:32:16,868][src.modRNN.training.training_loop][INFO] - train epoch 1577 loss 0.2997 accuracy 92.19%
[2026-06-20 08:32:16,869][src.modRNN.training.training_loop][INFO] - 	 Starting Epoch: 1578
[2026-06-20 08:32:17,616][src.modRNN.training.training_loop][INFO] - train epoch 1578 loss 0.2883 accuracy 84.38%
[2026-06-20 08:32:17,618][src.modRNN.training.training_loop][INFO] - 	 Starting Epoch: 1579
[2026-06-20 08:32:18,365][src.modRNN.training.training_loop][INFO] - train epoch 1579 loss 0.2860 accuracy 90.62%
[2026-06-20 08:32:18,367][src.modRNN.training.training_loop][INFO] - 	 Starting Epoch: 1580
[2026-06-20 08:32:19,111][src.modRNN.training.training_loop][INFO] - train epoch 1580 loss 0.3289 accuracy 84.38%
[2026-06-20 08:32:19,113][src.modRNN.training.training_loop][INFO] - 	 Starting Epoch: 1581
[2026-06-20 08:32:19,859][src.modRNN.training.training_loop][INFO] - train epoch 1581 loss 0.4154 accuracy 81.25%
[2026-06-20 08:32:19,861][src.modRNN.training.training_loop][INFO] - 	 Starting Epoch: 1582
[2026-06-20 08:32:20,604][src.modRNN.training.training_loop][INFO] - train epoch 1582 loss 0.3972 accuracy 79.69%
[2026-06-20 08:32:20,606][src.modRNN.training.training_loop][INFO] - 	 Starting Epoch: 1583
[2026-06-20 08:32:21,350][src.modRNN.training.training_loop][INFO] - train epoch 1583 loss 0.2654 accuracy 85.94%
[2026-06-20 08:32:21,351][src.modRNN.training.training_loop][INFO] - 	 Starting Epoch: 1584
[2026-06-20 08:32:22,095][src.modRNN.training.training_loop][INFO] - train epoch 1584 loss 0.3574 accuracy 82.81%
[2026-06-20 08:32:22,097][src.modRNN.training.training_loop][INFO] - 	 Starting Epoch: 1585
[2026-06-20 08:32:22,841][src.modRNN.training.training_loop][INFO] - train epoch 1585 loss 0.3817 accuracy 79.69%
[2026-06-20 08:32:22,843][src.modRNN.training.training_loop][INFO] - 	 Starting Epoch: 1586
[2026-06-20 08:32:23,585][src.modRNN.training.training_loop][INFO] - train epoch 1586 loss 0.3444 accuracy 85.94%
[2026-06-20 08:32:23,587][src.modRNN.training.training_loop][INFO] - 	 Starting Epoch: 1587
[2026-06-20 08:32:24,331][src.modRNN.training.training_loop][INFO] - train epoch 1587 loss 0.3580 accuracy 73.44%
[2026-06-20 08:32:24,333][src.modRNN.training.training_loop][INFO] - 	 Starting Epoch: 1588
[2026-06-20 08:32:25,077][src.modRNN.training.training_loop][INFO] - train epoch 1588 loss 0.3203 accuracy 81.25%
[2026-06-20 08:32:25,079][src.modRNN.training.training_loop][INFO] - 	 Starting Epoch: 1589
[2026-06-20 08:32:25,823][src.modRNN.training.training_loop][INFO] - train epoch 1589 loss 0.4243 accuracy 79.69%
[2026-06-20 08:32:25,824][src.modRNN.training.training_loop][INFO] - 	 Starting Epoch: 1590
[2026-06-20 08:32:26,571][src.modRNN.training.training_loop][INFO] - train epoch 1590 loss 0.3279 accuracy 82.81%
[2026-06-20 08:32:26,572][src.modRNN.training.training_loop][INFO] - 	 Starting Epoch: 1591
[2026-06-20 08:32:27,316][src.modRNN.training.training_loop][INFO] - train epoch 1591 loss 0.3343 accuracy 82.81%
[2026-06-20 08:32:27,317][src.modRNN.training.training_loop][INFO] - 	 Starting Epoch: 1592
[2026-06-20 08:32:28,060][src.modRNN.training.training_loop][INFO] - train epoch 1592 loss 0.3660 accuracy 79.69%
[2026-06-20 08:32:28,062][src.modRNN.training.training_loop][INFO] - 	 Starting Epoch: 1593
[2026-06-20 08:32:28,805][src.modRNN.training.training_loop][INFO] - train epoch 1593 loss 0.3738 accuracy 79.69%
[2026-06-20 08:32:28,807][src.modRNN.training.training_loop][INFO] - 	 Starting Epoch: 1594
[2026-06-20 08:32:29,551][src.modRNN.training.training_loop][INFO] - train epoch 1594 loss 0.3818 accuracy 84.38%
[2026-06-20 08:32:29,553][src.modRNN.training.training_loop][INFO] - 	 Starting Epoch: 1595
[2026-06-20 08:32:30,297][src.modRNN.training.training_loop][INFO] - train epoch 1595 loss 0.4021 accuracy 76.56%
[2026-06-20 08:32:30,298][src.modRNN.training.training_loop][INFO] - 	 Starting Epoch: 1596
[2026-06-20 08:32:31,043][src.modRNN.training.training_loop][INFO] - train epoch 1596 loss 0.2869 accuracy 89.06%
[2026-06-20 08:32:31,045][src.modRNN.training.training_loop][INFO] - 	 Starting Epoch: 1597
[2026-06-20 08:32:31,789][src.modRNN.training.training_loop][INFO] - train epoch 1597 loss 0.3463 accuracy 84.38%
[2026-06-20 08:32:31,791][src.modRNN.training.training_loop][INFO] - 	 Starting Epoch: 1598
[2026-06-20 08:32:32,531][src.modRNN.training.training_loop][INFO] - train epoch 1598 loss 0.3438 accuracy 87.50%
[2026-06-20 08:32:32,533][src.modRNN.training.training_loop][INFO] - 	 Starting Epoch: 1599
[2026-06-20 08:32:33,272][src.modRNN.training.training_loop][INFO] - train epoch 1599 loss 0.3580 accuracy 79.69%
[2026-06-20 08:32:33,275][src.modRNN.training.training_loop][INFO] - 	 Starting Epoch: 1600
[2026-06-20 08:32:34,013][src.modRNN.training.training_loop][INFO] - train epoch 1600 loss 0.3612 accuracy 89.06%
[2026-06-20 08:32:34,015][src.modRNN.training.training_loop][INFO] - 	 Starting Epoch: 1601
[2026-06-20 08:32:34,755][src.modRNN.training.training_loop][INFO] - train epoch 1601 loss 0.3443 accuracy 87.50%
[2026-06-20 08:32:35,960][src.modRNN.training.training_loop][INFO] - eval  epoch 1601 loss 0.3438 accuracy 85.16%
[2026-06-20 08:32:35,962][src.modRNN.training.training_loop][INFO] - 	 Starting Epoch: 1602
[2026-06-20 08:32:36,700][src.modRNN.training.training_loop][INFO] - train epoch 1602 loss 0.3629 accuracy 82.81%
[2026-06-20 08:32:36,701][src.modRNN.training.training_loop][INFO] - 	 Starting Epoch: 1603
[2026-06-20 08:32:37,440][src.modRNN.training.training_loop][INFO] - train epoch 1603 loss 0.3209 accuracy 82.81%
[2026-06-20 08:32:37,442][src.modRNN.training.training_loop][INFO] - 	 Starting Epoch: 1604
[2026-06-20 08:32:38,181][src.modRNN.training.training_loop][INFO] - train epoch 1604 loss 0.3558 accuracy 85.94%
[2026-06-20 08:32:38,183][src.modRNN.training.training_loop][INFO] - 	 Starting Epoch: 1605
[2026-06-20 08:32:38,921][src.modRNN.training.training_loop][INFO] - train epoch 1605 loss 0.2630 accuracy 92.19%
[2026-06-20 08:32:38,923][src.modRNN.training.training_loop][INFO] - 	 Starting Epoch: 1606
[2026-06-20 08:32:39,660][src.modRNN.training.training_loop][INFO] - train epoch 1606 loss 0.3267 accuracy 89.06%
[2026-06-20 08:32:39,662][src.modRNN.training.training_loop][INFO] - 	 Starting Epoch: 1607
[2026-06-20 08:32:40,400][src.modRNN.training.training_loop][INFO] - train epoch 1607 loss 0.3418 accuracy 90.62%
[2026-06-20 08:32:40,401][src.modRNN.training.training_loop][INFO] - 	 Starting Epoch: 1608
[2026-06-20 08:32:41,140][src.modRNN.training.training_loop][INFO] - train epoch 1608 loss 0.3630 accuracy 78.12%
[2026-06-20 08:32:41,142][src.modRNN.training.training_loop][INFO] - 	 Starting Epoch: 1609
[2026-06-20 08:32:41,880][src.modRNN.training.training_loop][INFO] - train epoch 1609 loss 0.2852 accuracy 90.62%
[2026-06-20 08:32:41,882][src.modRNN.training.training_loop][INFO] - 	 Starting Epoch: 1610
[2026-06-20 08:32:42,620][src.modRNN.training.training_loop][INFO] - train epoch 1610 loss 0.4130 accuracy 79.69%
[2026-06-20 08:32:42,622][src.modRNN.training.training_loop][INFO] - 	 Starting Epoch: 1611
[2026-06-20 08:32:43,362][src.modRNN.training.training_loop][INFO] - train epoch 1611 loss 0.3043 accuracy 87.50%
[2026-06-20 08:32:43,363][src.modRNN.training.training_loop][INFO] - 	 Starting Epoch: 1612
[2026-06-20 08:32:44,102][src.modRNN.training.training_loop][INFO] - train epoch 1612 loss 0.3010 accuracy 84.38%
[2026-06-20 08:32:44,103][src.modRNN.training.training_loop][INFO] - 	 Starting Epoch: 1613
[2026-06-20 08:32:44,842][src.modRNN.training.training_loop][INFO] - train epoch 1613 loss 0.3430 accuracy 82.81%
[2026-06-20 08:32:44,844][src.modRNN.training.training_loop][INFO] - 	 Starting Epoch: 1614
[2026-06-20 08:32:45,581][src.modRNN.training.training_loop][INFO] - train epoch 1614 loss 0.3835 accuracy 78.12%
[2026-06-20 08:32:45,582][src.modRNN.training.training_loop][INFO] - 	 Starting Epoch: 1615
[2026-06-20 08:32:46,321][src.modRNN.training.training_loop][INFO] - train epoch 1615 loss 0.3611 accuracy 84.38%
[2026-06-20 08:32:46,323][src.modRNN.training.training_loop][INFO] - 	 Starting Epoch: 1616
[2026-06-20 08:32:47,061][src.modRNN.training.training_loop][INFO] - train epoch 1616 loss 0.2892 accuracy 89.06%
[2026-06-20 08:32:47,062][src.modRNN.training.training_loop][INFO] - 	 Starting Epoch: 1617
[2026-06-20 08:32:47,801][src.modRNN.training.training_loop][INFO] - train epoch 1617 loss 0.2713 accuracy 92.19%
[2026-06-20 08:32:47,803][src.modRNN.training.training_loop][INFO] - 	 Starting Epoch: 1618
[2026-06-20 08:32:48,541][src.modRNN.training.training_loop][INFO] - train epoch 1618 loss 0.3663 accuracy 82.81%
[2026-06-20 08:32:48,543][src.modRNN.training.training_loop][INFO] - 	 Starting Epoch: 1619
[2026-06-20 08:32:49,281][src.modRNN.training.training_loop][INFO] - train epoch 1619 loss 0.3431 accuracy 87.50%
[2026-06-20 08:32:49,282][src.modRNN.training.training_loop][INFO] - 	 Starting Epoch: 1620
[2026-06-20 08:32:50,020][src.modRNN.training.training_loop][INFO] - train epoch 1620 loss 0.2651 accuracy 92.19%
[2026-06-20 08:32:50,022][src.modRNN.training.training_loop][INFO] - 	 Starting Epoch: 1621
[2026-06-20 08:32:50,761][src.modRNN.training.training_loop][INFO] - train epoch 1621 loss 0.2521 accuracy 92.19%
[2026-06-20 08:32:50,763][src.modRNN.training.training_loop][INFO] - 	 Starting Epoch: 1622
[2026-06-20 08:32:51,503][src.modRNN.training.training_loop][INFO] - train epoch 1622 loss 0.2635 accuracy 93.75%
[2026-06-20 08:32:51,504][src.modRNN.training.training_loop][INFO] - 	 Starting Epoch: 1623
[2026-06-20 08:32:52,244][src.modRNN.training.training_loop][INFO] - train epoch 1623 loss 0.3252 accuracy 92.19%
[2026-06-20 08:32:52,245][src.modRNN.training.training_loop][INFO] - 	 Starting Epoch: 1624
[2026-06-20 08:32:52,985][src.modRNN.training.training_loop][INFO] - train epoch 1624 loss 0.2414 accuracy 90.62%
[2026-06-20 08:32:52,986][src.modRNN.training.training_loop][INFO] - 	 Starting Epoch: 1625
[2026-06-20 08:32:53,726][src.modRNN.training.training_loop][INFO] - train epoch 1625 loss 0.2938 accuracy 89.06%
[2026-06-20 08:32:53,727][src.modRNN.training.training_loop][INFO] - 	 Starting Epoch: 1626
[2026-06-20 08:32:54,467][src.modRNN.training.training_loop][INFO] - train epoch 1626 loss 0.3021 accuracy 90.62%
[2026-06-20 08:32:55,673][src.modRNN.training.training_loop][INFO] - eval  epoch 1626 loss 0.2751 accuracy 92.19%
[2026-06-20 08:32:55,674][src.modRNN.training.training_loop][INFO] - 	 Starting Epoch: 1627
[2026-06-20 08:32:56,413][src.modRNN.training.training_loop][INFO] - train epoch 1627 loss 0.3538 accuracy 82.81%
[2026-06-20 08:32:56,415][src.modRNN.training.training_loop][INFO] - 	 Starting Epoch: 1628
[2026-06-20 08:32:57,154][src.modRNN.training.training_loop][INFO] - train epoch 1628 loss 0.2029 accuracy 98.44%
[2026-06-20 08:32:57,156][src.modRNN.training.training_loop][INFO] - 	 Starting Epoch: 1629
[2026-06-20 08:32:57,898][src.modRNN.training.training_loop][INFO] - train epoch 1629 loss 0.2620 accuracy 90.62%
[2026-06-20 08:32:57,900][src.modRNN.training.training_loop][INFO] - 	 Starting Epoch: 1630
[2026-06-20 08:32:58,639][src.modRNN.training.training_loop][INFO] - train epoch 1630 loss 0.2739 accuracy 95.31%
[2026-06-20 08:32:58,641][src.modRNN.training.training_loop][INFO] - 	 Starting Epoch: 1631
[2026-06-20 08:32:59,381][src.modRNN.training.training_loop][INFO] - train epoch 1631 loss 0.2606 accuracy 93.75%
[2026-06-20 08:32:59,383][src.modRNN.training.training_loop][INFO] - 	 Starting Epoch: 1632
[2026-06-20 08:33:00,123][src.modRNN.training.training_loop][INFO] - train epoch 1632 loss 0.2882 accuracy 89.06%
[2026-06-20 08:33:00,124][src.modRNN.training.training_loop][INFO] - 	 Starting Epoch: 1633
[2026-06-20 08:33:00,864][src.modRNN.training.training_loop][INFO] - train epoch 1633 loss 0.2568 accuracy 92.19%
[2026-06-20 08:33:00,866][src.modRNN.training.training_loop][INFO] - 	 Starting Epoch: 1634
[2026-06-20 08:33:01,607][src.modRNN.training.training_loop][INFO] - train epoch 1634 loss 0.3133 accuracy 89.06%
[2026-06-20 08:33:01,609][src.modRNN.training.training_loop][INFO] - 	 Starting Epoch: 1635
[2026-06-20 08:33:02,355][src.modRNN.training.training_loop][INFO] - train epoch 1635 loss 0.2591 accuracy 92.19%
[2026-06-20 08:33:02,357][src.modRNN.training.training_loop][INFO] - 	 Starting Epoch: 1636
[2026-06-20 08:33:03,100][src.modRNN.training.training_loop][INFO] - train epoch 1636 loss 0.3028 accuracy 92.19%
[2026-06-20 08:33:03,102][src.modRNN.training.training_loop][INFO] - 	 Starting Epoch: 1637
[2026-06-20 08:33:03,847][src.modRNN.training.training_loop][INFO] - train epoch 1637 loss 0.2590 accuracy 90.62%
[2026-06-20 08:33:03,848][src.modRNN.training.training_loop][INFO] - 	 Starting Epoch: 1638
[2026-06-20 08:33:04,591][src.modRNN.training.training_loop][INFO] - train epoch 1638 loss 0.2999 accuracy 85.94%
[2026-06-20 08:33:04,593][src.modRNN.training.training_loop][INFO] - 	 Starting Epoch: 1639
[2026-06-20 08:33:05,337][src.modRNN.training.training_loop][INFO] - train epoch 1639 loss 0.3235 accuracy 87.50%
[2026-06-20 08:33:05,339][src.modRNN.training.training_loop][INFO] - 	 Starting Epoch: 1640
[2026-06-20 08:33:06,082][src.modRNN.training.training_loop][INFO] - train epoch 1640 loss 0.2958 accuracy 90.62%
[2026-06-20 08:33:06,084][src.modRNN.training.training_loop][INFO] - 	 Starting Epoch: 1641
[2026-06-20 08:33:06,826][src.modRNN.training.training_loop][INFO] - train epoch 1641 loss 0.2877 accuracy 89.06%
[2026-06-20 08:33:06,828][src.modRNN.training.training_loop][INFO] - 	 Starting Epoch: 1642
[2026-06-20 08:33:07,572][src.modRNN.training.training_loop][INFO] - train epoch 1642 loss 0.2673 accuracy 93.75%
[2026-06-20 08:33:07,574][src.modRNN.training.training_loop][INFO] - 	 Starting Epoch: 1643
[2026-06-20 08:33:08,317][src.modRNN.training.training_loop][INFO] - train epoch 1643 loss 0.2864 accuracy 92.19%
[2026-06-20 08:33:08,319][src.modRNN.training.training_loop][INFO] - 	 Starting Epoch: 1644
[2026-06-20 08:33:09,063][src.modRNN.training.training_loop][INFO] - train epoch 1644 loss 0.2131 accuracy 95.31%
[2026-06-20 08:33:09,065][src.modRNN.training.training_loop][INFO] - 	 Starting Epoch: 1645
[2026-06-20 08:33:09,808][src.modRNN.training.training_loop][INFO] - train epoch 1645 loss 0.2679 accuracy 89.06%
[2026-06-20 08:33:09,810][src.modRNN.training.training_loop][INFO] - 	 Starting Epoch: 1646
[2026-06-20 08:33:10,554][src.modRNN.training.training_loop][INFO] - train epoch 1646 loss 0.2429 accuracy 89.06%
[2026-06-20 08:33:10,556][src.modRNN.training.training_loop][INFO] - 	 Starting Epoch: 1647
[2026-06-20 08:33:11,299][src.modRNN.training.training_loop][INFO] - train epoch 1647 loss 0.2327 accuracy 98.44%
[2026-06-20 08:33:11,300][src.modRNN.training.training_loop][INFO] - 	 Starting Epoch: 1648
[2026-06-20 08:33:12,043][src.modRNN.training.training_loop][INFO] - train epoch 1648 loss 0.1954 accuracy 95.31%
[2026-06-20 08:33:12,045][src.modRNN.training.training_loop][INFO] - 	 Starting Epoch: 1649
[2026-06-20 08:33:12,790][src.modRNN.training.training_loop][INFO] - train epoch 1649 loss 0.2720 accuracy 85.94%
[2026-06-20 08:33:12,791][src.modRNN.training.training_loop][INFO] - 	 Starting Epoch: 1650
[2026-06-20 08:33:13,535][src.modRNN.training.training_loop][INFO] - train epoch 1650 loss 0.3339 accuracy 85.94%
[2026-06-20 08:33:13,537][src.modRNN.training.training_loop][INFO] - 	 Starting Epoch: 1651
[2026-06-20 08:33:14,281][src.modRNN.training.training_loop][INFO] - train epoch 1651 loss 0.2543 accuracy 93.75%
[2026-06-20 08:33:15,488][src.modRNN.training.training_loop][INFO] - eval  epoch 1651 loss 0.2560 accuracy 91.60%
[2026-06-20 08:33:15,490][src.modRNN.training.training_loop][INFO] - 	 Starting Epoch: 1652
[2026-06-20 08:33:16,233][src.modRNN.training.training_loop][INFO] - train epoch 1652 loss 0.2719 accuracy 93.75%
[2026-06-20 08:33:16,235][src.modRNN.training.training_loop][INFO] - 	 Starting Epoch: 1653
[2026-06-20 08:33:16,978][src.modRNN.training.training_loop][INFO] - train epoch 1653 loss 0.3802 accuracy 82.81%
[2026-06-20 08:33:16,980][src.modRNN.training.training_loop][INFO] - 	 Starting Epoch: 1654
[2026-06-20 08:33:17,722][src.modRNN.training.training_loop][INFO] - train epoch 1654 loss 0.2600 accuracy 92.19%
[2026-06-20 08:33:17,724][src.modRNN.training.training_loop][INFO] - 	 Starting Epoch: 1655
[2026-06-20 08:33:18,467][src.modRNN.training.training_loop][INFO] - train epoch 1655 loss 0.2556 accuracy 93.75%
[2026-06-20 08:33:18,469][src.modRNN.training.training_loop][INFO] - 	 Starting Epoch: 1656
[2026-06-20 08:33:19,210][src.modRNN.training.training_loop][INFO] - train epoch 1656 loss 0.2938 accuracy 87.50%
[2026-06-20 08:33:19,212][src.modRNN.training.training_loop][INFO] - 	 Starting Epoch: 1657
[2026-06-20 08:33:19,956][src.modRNN.training.training_loop][INFO] - train epoch 1657 loss 0.2854 accuracy 87.50%
[2026-06-20 08:33:19,957][src.modRNN.training.training_loop][INFO] - 	 Starting Epoch: 1658
[2026-06-20 08:33:20,699][src.modRNN.training.training_loop][INFO] - train epoch 1658 loss 0.2613 accuracy 95.31%
[2026-06-20 08:33:20,701][src.modRNN.training.training_loop][INFO] - 	 Starting Epoch: 1659
[2026-06-20 08:33:21,445][src.modRNN.training.training_loop][INFO] - train epoch 1659 loss 0.3079 accuracy 89.06%
[2026-06-20 08:33:21,447][src.modRNN.training.training_loop][INFO] - 	 Starting Epoch: 1660
[2026-06-20 08:33:22,190][src.modRNN.training.training_loop][INFO] - train epoch 1660 loss 0.2759 accuracy 93.75%
[2026-06-20 08:33:22,191][src.modRNN.training.training_loop][INFO] - 	 Starting Epoch: 1661
[2026-06-20 08:33:22,937][src.modRNN.training.training_loop][INFO] - train epoch 1661 loss 0.2814 accuracy 93.75%
[2026-06-20 08:33:22,938][src.modRNN.training.training_loop][INFO] - 	 Starting Epoch: 1662
[2026-06-20 08:33:23,685][src.modRNN.training.training_loop][INFO] - train epoch 1662 loss 0.3101 accuracy 90.62%
[2026-06-20 08:33:23,687][src.modRNN.training.training_loop][INFO] - 	 Starting Epoch: 1663
[2026-06-20 08:33:24,431][src.modRNN.training.training_loop][INFO] - train epoch 1663 loss 0.2852 accuracy 95.31%
[2026-06-20 08:33:24,433][src.modRNN.training.training_loop][INFO] - 	 Starting Epoch: 1664
[2026-06-20 08:33:25,176][src.modRNN.training.training_loop][INFO] - train epoch 1664 loss 0.2736 accuracy 90.62%
[2026-06-20 08:33:25,178][src.modRNN.training.training_loop][INFO] - 	 Starting Epoch: 1665
[2026-06-20 08:33:25,921][src.modRNN.training.training_loop][INFO] - train epoch 1665 loss 0.3086 accuracy 84.38%
[2026-06-20 08:33:25,923][src.modRNN.training.training_loop][INFO] - 	 Starting Epoch: 1666
[2026-06-20 08:33:26,667][src.modRNN.training.training_loop][INFO] - train epoch 1666 loss 0.2722 accuracy 89.06%
[2026-06-20 08:33:26,669][src.modRNN.training.training_loop][INFO] - 	 Starting Epoch: 1667
[2026-06-20 08:33:27,413][src.modRNN.training.training_loop][INFO] - train epoch 1667 loss 0.2422 accuracy 93.75%
[2026-06-20 08:33:27,414][src.modRNN.training.training_loop][INFO] - 	 Starting Epoch: 1668
[2026-06-20 08:33:28,157][src.modRNN.training.training_loop][INFO] - train epoch 1668 loss 0.3317 accuracy 89.06%
[2026-06-20 08:33:28,159][src.modRNN.training.training_loop][INFO] - 	 Starting Epoch: 1669
[2026-06-20 08:33:28,902][src.modRNN.training.training_loop][INFO] - train epoch 1669 loss 0.3559 accuracy 81.25%
[2026-06-20 08:33:28,904][src.modRNN.training.training_loop][INFO] - 	 Starting Epoch: 1670
[2026-06-20 08:33:29,648][src.modRNN.training.training_loop][INFO] - train epoch 1670 loss 0.2864 accuracy 90.62%
[2026-06-20 08:33:29,650][src.modRNN.training.training_loop][INFO] - 	 Starting Epoch: 1671
[2026-06-20 08:33:30,392][src.modRNN.training.training_loop][INFO] - train epoch 1671 loss 0.2722 accuracy 90.62%
[2026-06-20 08:33:30,394][src.modRNN.training.training_loop][INFO] - 	 Starting Epoch: 1672
[2026-06-20 08:33:31,136][src.modRNN.training.training_loop][INFO] - train epoch 1672 loss 0.2671 accuracy 92.19%
[2026-06-20 08:33:31,137][src.modRNN.training.training_loop][INFO] - 	 Starting Epoch: 1673
[2026-06-20 08:33:31,876][src.modRNN.training.training_loop][INFO] - train epoch 1673 loss 0.2293 accuracy 90.62%
[2026-06-20 08:33:31,878][src.modRNN.training.training_loop][INFO] - 	 Starting Epoch: 1674
[2026-06-20 08:33:32,618][src.modRNN.training.training_loop][INFO] - train epoch 1674 loss 0.3872 accuracy 81.25%
[2026-06-20 08:33:32,620][src.modRNN.training.training_loop][INFO] - 	 Starting Epoch: 1675
[2026-06-20 08:33:33,358][src.modRNN.training.training_loop][INFO] - train epoch 1675 loss 0.3549 accuracy 87.50%
[2026-06-20 08:33:33,360][src.modRNN.training.training_loop][INFO] - 	 Starting Epoch: 1676
[2026-06-20 08:33:34,099][src.modRNN.training.training_loop][INFO] - train epoch 1676 loss 0.2834 accuracy 87.50%
[2026-06-20 08:33:35,306][src.modRNN.training.training_loop][INFO] - eval  epoch 1676 loss 0.2788 accuracy 91.41%
[2026-06-20 08:33:35,307][src.modRNN.training.training_loop][INFO] - 	 Starting Epoch: 1677
[2026-06-20 08:33:36,048][src.modRNN.training.training_loop][INFO] - train epoch 1677 loss 0.2164 accuracy 90.62%
[2026-06-20 08:33:36,050][src.modRNN.training.training_loop][INFO] - 	 Starting Epoch: 1678
[2026-06-20 08:33:36,789][src.modRNN.training.training_loop][INFO] - train epoch 1678 loss 0.3670 accuracy 85.94%
[2026-06-20 08:33:36,791][src.modRNN.training.training_loop][INFO] - 	 Starting Epoch: 1679
[2026-06-20 08:33:37,530][src.modRNN.training.training_loop][INFO] - train epoch 1679 loss 0.2954 accuracy 90.62%
[2026-06-20 08:33:37,532][src.modRNN.training.training_loop][INFO] - 	 Starting Epoch: 1680
[2026-06-20 08:33:38,273][src.modRNN.training.training_loop][INFO] - train epoch 1680 loss 0.2678 accuracy 90.62%
[2026-06-20 08:33:38,275][src.modRNN.training.training_loop][INFO] - 	 Starting Epoch: 1681
[2026-06-20 08:33:39,014][src.modRNN.training.training_loop][INFO] - train epoch 1681 loss 0.3362 accuracy 92.19%
[2026-06-20 08:33:39,016][src.modRNN.training.training_loop][INFO] - 	 Starting Epoch: 1682
[2026-06-20 08:33:39,755][src.modRNN.training.training_loop][INFO] - train epoch 1682 loss 0.3174 accuracy 90.62%
[2026-06-20 08:33:39,757][src.modRNN.training.training_loop][INFO] - 	 Starting Epoch: 1683
[2026-06-20 08:33:40,496][src.modRNN.training.training_loop][INFO] - train epoch 1683 loss 0.2546 accuracy 96.88%
[2026-06-20 08:33:40,497][src.modRNN.training.training_loop][INFO] - 	 Starting Epoch: 1684
[2026-06-20 08:33:41,238][src.modRNN.training.training_loop][INFO] - train epoch 1684 loss 0.1957 accuracy 95.31%
[2026-06-20 08:33:41,239][src.modRNN.training.training_loop][INFO] - 	 Starting Epoch: 1685
[2026-06-20 08:33:41,979][src.modRNN.training.training_loop][INFO] - train epoch 1685 loss 0.2078 accuracy 98.44%
[2026-06-20 08:33:41,981][src.modRNN.training.training_loop][INFO] - 	 Starting Epoch: 1686
[2026-06-20 08:33:42,721][src.modRNN.training.training_loop][INFO] - train epoch 1686 loss 0.1778 accuracy 100.00%
[2026-06-20 08:33:42,723][src.modRNN.training.training_loop][INFO] - 	 Starting Epoch: 1687
[2026-06-20 08:33:43,461][src.modRNN.training.training_loop][INFO] - train epoch 1687 loss 0.2291 accuracy 95.31%
[2026-06-20 08:33:43,462][src.modRNN.training.training_loop][INFO] - 	 Starting Epoch: 1688
[2026-06-20 08:33:44,202][src.modRNN.training.training_loop][INFO] - train epoch 1688 loss 0.2845 accuracy 95.31%
[2026-06-20 08:33:44,204][src.modRNN.training.training_loop][INFO] - 	 Starting Epoch: 1689
[2026-06-20 08:33:44,945][src.modRNN.training.training_loop][INFO] - train epoch 1689 loss 0.3138 accuracy 92.19%
[2026-06-20 08:33:44,947][src.modRNN.training.training_loop][INFO] - 	 Starting Epoch: 1690
[2026-06-20 08:33:45,687][src.modRNN.training.training_loop][INFO] - train epoch 1690 loss 0.3232 accuracy 92.19%
[2026-06-20 08:33:45,688][src.modRNN.training.training_loop][INFO] - 	 Starting Epoch: 1691
[2026-06-20 08:33:46,429][src.modRNN.training.training_loop][INFO] - train epoch 1691 loss 0.4139 accuracy 90.62%
[2026-06-20 08:33:46,430][src.modRNN.training.training_loop][INFO] - 	 Starting Epoch: 1692
[2026-06-20 08:33:47,172][src.modRNN.training.training_loop][INFO] - train epoch 1692 loss 0.2651 accuracy 95.31%
[2026-06-20 08:33:47,174][src.modRNN.training.training_loop][INFO] - 	 Starting Epoch: 1693
[2026-06-20 08:33:47,913][src.modRNN.training.training_loop][INFO] - train epoch 1693 loss 0.2558 accuracy 90.62%
[2026-06-20 08:33:47,915][src.modRNN.training.training_loop][INFO] - 	 Starting Epoch: 1694
[2026-06-20 08:33:48,656][src.modRNN.training.training_loop][INFO] - train epoch 1694 loss 0.2460 accuracy 96.88%
[2026-06-20 08:33:48,658][src.modRNN.training.training_loop][INFO] - 	 Starting Epoch: 1695
[2026-06-20 08:33:49,401][src.modRNN.training.training_loop][INFO] - train epoch 1695 loss 0.2292 accuracy 89.06%
[2026-06-20 08:33:49,403][src.modRNN.training.training_loop][INFO] - 	 Starting Epoch: 1696
[2026-06-20 08:33:50,144][src.modRNN.training.training_loop][INFO] - train epoch 1696 loss 0.1554 accuracy 98.44%
[2026-06-20 08:33:50,146][src.modRNN.training.training_loop][INFO] - 	 Starting Epoch: 1697
[2026-06-20 08:33:50,886][src.modRNN.training.training_loop][INFO] - train epoch 1697 loss 0.2693 accuracy 93.75%
[2026-06-20 08:33:50,888][src.modRNN.training.training_loop][INFO] - 	 Starting Epoch: 1698
[2026-06-20 08:33:51,629][src.modRNN.training.training_loop][INFO] - train epoch 1698 loss 0.4176 accuracy 89.06%
[2026-06-20 08:33:51,630][src.modRNN.training.training_loop][INFO] - 	 Starting Epoch: 1699
[2026-06-20 08:33:52,371][src.modRNN.training.training_loop][INFO] - train epoch 1699 loss 0.2114 accuracy 95.31%
[2026-06-20 08:33:52,373][src.modRNN.training.training_loop][INFO] - 	 Starting Epoch: 1700
[2026-06-20 08:33:53,114][src.modRNN.training.training_loop][INFO] - train epoch 1700 loss 0.2056 accuracy 95.31%
[2026-06-20 08:33:53,116][src.modRNN.training.training_loop][INFO] - 	 Starting Epoch: 1701
[2026-06-20 08:33:53,857][src.modRNN.training.training_loop][INFO] - train epoch 1701 loss 0.2896 accuracy 96.88%
[2026-06-20 08:33:55,064][src.modRNN.training.training_loop][INFO] - eval  epoch 1701 loss 0.2892 accuracy 93.16%
[2026-06-20 08:33:55,065][src.modRNN.training.training_loop][INFO] - 	 Starting Epoch: 1702
[2026-06-20 08:33:55,805][src.modRNN.training.training_loop][INFO] - train epoch 1702 loss 0.2432 accuracy 95.31%
[2026-06-20 08:33:55,806][src.modRNN.training.training_loop][INFO] - 	 Starting Epoch: 1703
[2026-06-20 08:33:56,545][src.modRNN.training.training_loop][INFO] - train epoch 1703 loss 0.2882 accuracy 92.19%
[2026-06-20 08:33:56,547][src.modRNN.training.training_loop][INFO] - 	 Starting Epoch: 1704
[2026-06-20 08:33:57,286][src.modRNN.training.training_loop][INFO] - train epoch 1704 loss 0.2933 accuracy 92.19%
[2026-06-20 08:33:57,288][src.modRNN.training.training_loop][INFO] - 	 Starting Epoch: 1705
[2026-06-20 08:33:58,028][src.modRNN.training.training_loop][INFO] - train epoch 1705 loss 0.2736 accuracy 90.62%
[2026-06-20 08:33:58,030][src.modRNN.training.training_loop][INFO] - 	 Starting Epoch: 1706
[2026-06-20 08:33:58,768][src.modRNN.training.training_loop][INFO] - train epoch 1706 loss 0.2678 accuracy 96.88%
[2026-06-20 08:33:58,770][src.modRNN.training.training_loop][INFO] - 	 Starting Epoch: 1707
[2026-06-20 08:33:59,508][src.modRNN.training.training_loop][INFO] - train epoch 1707 loss 0.3499 accuracy 90.62%
[2026-06-20 08:33:59,510][src.modRNN.training.training_loop][INFO] - 	 Starting Epoch: 1708
[2026-06-20 08:34:00,251][src.modRNN.training.training_loop][INFO] - train epoch 1708 loss 0.2394 accuracy 95.31%
[2026-06-20 08:34:00,252][src.modRNN.training.training_loop][INFO] - 	 Starting Epoch: 1709
[2026-06-20 08:34:00,990][src.modRNN.training.training_loop][INFO] - train epoch 1709 loss 0.4519 accuracy 84.38%
[2026-06-20 08:34:00,992][src.modRNN.training.training_loop][INFO] - 	 Starting Epoch: 1710
[2026-06-20 08:34:01,742][src.modRNN.training.training_loop][INFO] - train epoch 1710 loss 0.2834 accuracy 93.75%
[2026-06-20 08:34:01,744][src.modRNN.training.training_loop][INFO] - 	 Starting Epoch: 1711
[2026-06-20 08:34:02,485][src.modRNN.training.training_loop][INFO] - train epoch 1711 loss 0.2076 accuracy 90.62%
[2026-06-20 08:34:02,487][src.modRNN.training.training_loop][INFO] - 	 Starting Epoch: 1712
[2026-06-20 08:34:03,229][src.modRNN.training.training_loop][INFO] - train epoch 1712 loss 0.3406 accuracy 89.06%
[2026-06-20 08:34:03,231][src.modRNN.training.training_loop][INFO] - 	 Starting Epoch: 1713
[2026-06-20 08:34:03,974][src.modRNN.training.training_loop][INFO] - train epoch 1713 loss 0.4367 accuracy 82.81%
[2026-06-20 08:34:03,976][src.modRNN.training.training_loop][INFO] - 	 Starting Epoch: 1714
[2026-06-20 08:34:04,719][src.modRNN.training.training_loop][INFO] - train epoch 1714 loss 0.3245 accuracy 89.06%
[2026-06-20 08:34:04,721][src.modRNN.training.training_loop][INFO] - 	 Starting Epoch: 1715
[2026-06-20 08:34:05,462][src.modRNN.training.training_loop][INFO] - train epoch 1715 loss 0.4197 accuracy 79.69%
[2026-06-20 08:34:05,464][src.modRNN.training.training_loop][INFO] - 	 Starting Epoch: 1716
[2026-06-20 08:34:06,207][src.modRNN.training.training_loop][INFO] - train epoch 1716 loss 0.4550 accuracy 81.25%
[2026-06-20 08:34:06,209][src.modRNN.training.training_loop][INFO] - 	 Starting Epoch: 1717
[2026-06-20 08:34:06,950][src.modRNN.training.training_loop][INFO] - train epoch 1717 loss 0.4209 accuracy 85.94%
[2026-06-20 08:34:06,952][src.modRNN.training.training_loop][INFO] - 	 Starting Epoch: 1718
[2026-06-20 08:34:07,695][src.modRNN.training.training_loop][INFO] - train epoch 1718 loss 0.4872 accuracy 81.25%
[2026-06-20 08:34:07,696][src.modRNN.training.training_loop][INFO] - 	 Starting Epoch: 1719
[2026-06-20 08:34:08,439][src.modRNN.training.training_loop][INFO] - train epoch 1719 loss 0.4738 accuracy 82.81%
[2026-06-20 08:34:08,441][src.modRNN.training.training_loop][INFO] - 	 Starting Epoch: 1720
[2026-06-20 08:34:09,183][src.modRNN.training.training_loop][INFO] - train epoch 1720 loss 0.5076 accuracy 78.12%
[2026-06-20 08:34:09,185][src.modRNN.training.training_loop][INFO] - 	 Starting Epoch: 1721
[2026-06-20 08:34:09,928][src.modRNN.training.training_loop][INFO] - train epoch 1721 loss 0.4307 accuracy 81.25%
[2026-06-20 08:34:09,930][src.modRNN.training.training_loop][INFO] - 	 Starting Epoch: 1722
[2026-06-20 08:34:10,675][src.modRNN.training.training_loop][INFO] - train epoch 1722 loss 0.5432 accuracy 76.56%
[2026-06-20 08:34:10,677][src.modRNN.training.training_loop][INFO] - 	 Starting Epoch: 1723
[2026-06-20 08:34:11,420][src.modRNN.training.training_loop][INFO] - train epoch 1723 loss 0.4794 accuracy 84.38%
[2026-06-20 08:34:11,421][src.modRNN.training.training_loop][INFO] - 	 Starting Epoch: 1724
[2026-06-20 08:34:12,163][src.modRNN.training.training_loop][INFO] - train epoch 1724 loss 0.3442 accuracy 92.19%
[2026-06-20 08:34:12,165][src.modRNN.training.training_loop][INFO] - 	 Starting Epoch: 1725
[2026-06-20 08:34:12,908][src.modRNN.training.training_loop][INFO] - train epoch 1725 loss 0.3441 accuracy 90.62%
[2026-06-20 08:34:12,909][src.modRNN.training.training_loop][INFO] - 	 Starting Epoch: 1726
[2026-06-20 08:34:13,652][src.modRNN.training.training_loop][INFO] - train epoch 1726 loss 0.4956 accuracy 85.94%
[2026-06-20 08:34:14,860][src.modRNN.training.training_loop][INFO] - eval  epoch 1726 loss 0.4353 accuracy 88.28%
[2026-06-20 08:34:14,861][src.modRNN.training.training_loop][INFO] - 	 Starting Epoch: 1727
[2026-06-20 08:34:15,605][src.modRNN.training.training_loop][INFO] - train epoch 1727 loss 0.4613 accuracy 85.94%
[2026-06-20 08:34:15,607][src.modRNN.training.training_loop][INFO] - 	 Starting Epoch: 1728
[2026-06-20 08:34:16,351][src.modRNN.training.training_loop][INFO] - train epoch 1728 loss 0.4947 accuracy 85.94%
[2026-06-20 08:34:16,353][src.modRNN.training.training_loop][INFO] - 	 Starting Epoch: 1729
[2026-06-20 08:34:17,096][src.modRNN.training.training_loop][INFO] - train epoch 1729 loss 0.3361 accuracy 93.75%
[2026-06-20 08:34:17,098][src.modRNN.training.training_loop][INFO] - 	 Starting Epoch: 1730
[2026-06-20 08:34:17,843][src.modRNN.training.training_loop][INFO] - train epoch 1730 loss 0.3910 accuracy 89.06%
[2026-06-20 08:34:17,845][src.modRNN.training.training_loop][INFO] - 	 Starting Epoch: 1731
[2026-06-20 08:34:18,588][src.modRNN.training.training_loop][INFO] - train epoch 1731 loss 0.3976 accuracy 90.62%
[2026-06-20 08:34:18,590][src.modRNN.training.training_loop][INFO] - 	 Starting Epoch: 1732
[2026-06-20 08:34:19,335][src.modRNN.training.training_loop][INFO] - train epoch 1732 loss 0.4135 accuracy 84.38%
[2026-06-20 08:34:19,337][src.modRNN.training.training_loop][INFO] - 	 Starting Epoch: 1733
[2026-06-20 08:34:20,080][src.modRNN.training.training_loop][INFO] - train epoch 1733 loss 0.4862 accuracy 79.69%
[2026-06-20 08:34:20,082][src.modRNN.training.training_loop][INFO] - 	 Starting Epoch: 1734
[2026-06-20 08:34:20,825][src.modRNN.training.training_loop][INFO] - train epoch 1734 loss 0.3845 accuracy 85.94%
[2026-06-20 08:34:20,827][src.modRNN.training.training_loop][INFO] - 	 Starting Epoch: 1735
[2026-06-20 08:34:21,569][src.modRNN.training.training_loop][INFO] - train epoch 1735 loss 0.3303 accuracy 93.75%
[2026-06-20 08:34:21,571][src.modRNN.training.training_loop][INFO] - 	 Starting Epoch: 1736
[2026-06-20 08:34:22,317][src.modRNN.training.training_loop][INFO] - train epoch 1736 loss 0.4287 accuracy 84.38%
[2026-06-20 08:34:22,319][src.modRNN.training.training_loop][INFO] - 	 Starting Epoch: 1737
[2026-06-20 08:34:23,067][src.modRNN.training.training_loop][INFO] - train epoch 1737 loss 0.5414 accuracy 76.56%
[2026-06-20 08:34:23,069][src.modRNN.training.training_loop][INFO] - 	 Starting Epoch: 1738
[2026-06-20 08:34:23,813][src.modRNN.training.training_loop][INFO] - train epoch 1738 loss 0.3002 accuracy 90.62%
[2026-06-20 08:34:23,814][src.modRNN.training.training_loop][INFO] - 	 Starting Epoch: 1739
[2026-06-20 08:34:24,560][src.modRNN.training.training_loop][INFO] - train epoch 1739 loss 0.3832 accuracy 84.38%
[2026-06-20 08:34:24,562][src.modRNN.training.training_loop][INFO] - 	 Starting Epoch: 1740
[2026-06-20 08:34:25,306][src.modRNN.training.training_loop][INFO] - train epoch 1740 loss 0.3575 accuracy 85.94%
[2026-06-20 08:34:25,308][src.modRNN.training.training_loop][INFO] - 	 Starting Epoch: 1741
[2026-06-20 08:34:26,052][src.modRNN.training.training_loop][INFO] - train epoch 1741 loss 0.3832 accuracy 82.81%
[2026-06-20 08:34:26,054][src.modRNN.training.training_loop][INFO] - 	 Starting Epoch: 1742
[2026-06-20 08:34:26,802][src.modRNN.training.training_loop][INFO] - train epoch 1742 loss 0.3279 accuracy 89.06%
[2026-06-20 08:34:26,803][src.modRNN.training.training_loop][INFO] - 	 Starting Epoch: 1743
[2026-06-20 08:34:27,548][src.modRNN.training.training_loop][INFO] - train epoch 1743 loss 0.3003 accuracy 92.19%
[2026-06-20 08:34:27,550][src.modRNN.training.training_loop][INFO] - 	 Starting Epoch: 1744
[2026-06-20 08:34:28,293][src.modRNN.training.training_loop][INFO] - train epoch 1744 loss 0.3123 accuracy 93.75%
[2026-06-20 08:34:28,295][src.modRNN.training.training_loop][INFO] - 	 Starting Epoch: 1745
[2026-06-20 08:34:29,040][src.modRNN.training.training_loop][INFO] - train epoch 1745 loss 0.2583 accuracy 95.31%
[2026-06-20 08:34:29,042][src.modRNN.training.training_loop][INFO] - 	 Starting Epoch: 1746
[2026-06-20 08:34:29,788][src.modRNN.training.training_loop][INFO] - train epoch 1746 loss 0.3356 accuracy 90.62%
[2026-06-20 08:34:29,789][src.modRNN.training.training_loop][INFO] - 	 Starting Epoch: 1747
[2026-06-20 08:34:30,535][src.modRNN.training.training_loop][INFO] - train epoch 1747 loss 0.3088 accuracy 90.62%
[2026-06-20 08:34:30,536][src.modRNN.training.training_loop][INFO] - 	 Starting Epoch: 1748
[2026-06-20 08:34:31,278][src.modRNN.training.training_loop][INFO] - train epoch 1748 loss 0.4774 accuracy 85.94%
[2026-06-20 08:34:31,280][src.modRNN.training.training_loop][INFO] - 	 Starting Epoch: 1749
[2026-06-20 08:34:32,019][src.modRNN.training.training_loop][INFO] - train epoch 1749 loss 0.3124 accuracy 92.19%
[2026-06-20 08:34:32,021][src.modRNN.training.training_loop][INFO] - 	 Starting Epoch: 1750
[2026-06-20 08:34:32,760][src.modRNN.training.training_loop][INFO] - train epoch 1750 loss 0.3243 accuracy 93.75%
[2026-06-20 08:34:32,762][src.modRNN.training.training_loop][INFO] - 	 Starting Epoch: 1751
[2026-06-20 08:34:33,503][src.modRNN.training.training_loop][INFO] - train epoch 1751 loss 0.3057 accuracy 93.75%
[2026-06-20 08:34:34,711][src.modRNN.training.training_loop][INFO] - eval  epoch 1751 loss 0.2623 accuracy 94.34%
[2026-06-20 08:34:34,712][src.modRNN.training.training_loop][INFO] - 	 Starting Epoch: 1752
[2026-06-20 08:34:35,451][src.modRNN.training.training_loop][INFO] - train epoch 1752 loss 0.2686 accuracy 92.19%
[2026-06-20 08:34:35,453][src.modRNN.training.training_loop][INFO] - 	 Starting Epoch: 1753
[2026-06-20 08:34:36,192][src.modRNN.training.training_loop][INFO] - train epoch 1753 loss 0.2568 accuracy 100.00%
[2026-06-20 08:34:36,194][src.modRNN.training.training_loop][INFO] - 	 Starting Epoch: 1754
[2026-06-20 08:34:36,932][src.modRNN.training.training_loop][INFO] - train epoch 1754 loss 0.2684 accuracy 98.44%
[2026-06-20 08:34:36,934][src.modRNN.training.training_loop][INFO] - 	 Starting Epoch: 1755
[2026-06-20 08:34:37,674][src.modRNN.training.training_loop][INFO] - train epoch 1755 loss 0.3011 accuracy 95.31%
[2026-06-20 08:34:37,676][src.modRNN.training.training_loop][INFO] - 	 Starting Epoch: 1756
[2026-06-20 08:34:38,418][src.modRNN.training.training_loop][INFO] - train epoch 1756 loss 0.2879 accuracy 93.75%
[2026-06-20 08:34:38,420][src.modRNN.training.training_loop][INFO] - 	 Starting Epoch: 1757
[2026-06-20 08:34:39,161][src.modRNN.training.training_loop][INFO] - train epoch 1757 loss 0.2406 accuracy 96.88%
[2026-06-20 08:34:39,162][src.modRNN.training.training_loop][INFO] - 	 Starting Epoch: 1758
[2026-06-20 08:34:39,902][src.modRNN.training.training_loop][INFO] - train epoch 1758 loss 0.2160 accuracy 98.44%
[2026-06-20 08:34:39,904][src.modRNN.training.training_loop][INFO] - 	 Starting Epoch: 1759
[2026-06-20 08:34:40,643][src.modRNN.training.training_loop][INFO] - train epoch 1759 loss 0.2380 accuracy 92.19%
[2026-06-20 08:34:40,645][src.modRNN.training.training_loop][INFO] - 	 Starting Epoch: 1760
[2026-06-20 08:34:41,384][src.modRNN.training.training_loop][INFO] - train epoch 1760 loss 0.2254 accuracy 98.44%
[2026-06-20 08:34:41,386][src.modRNN.training.training_loop][INFO] - 	 Starting Epoch: 1761
[2026-06-20 08:34:42,125][src.modRNN.training.training_loop][INFO] - train epoch 1761 loss 0.2392 accuracy 96.88%
[2026-06-20 08:34:42,127][src.modRNN.training.training_loop][INFO] - 	 Starting Epoch: 1762
[2026-06-20 08:34:42,866][src.modRNN.training.training_loop][INFO] - train epoch 1762 loss 0.2614 accuracy 93.75%
[2026-06-20 08:34:42,868][src.modRNN.training.training_loop][INFO] - 	 Starting Epoch: 1763
[2026-06-20 08:34:43,606][src.modRNN.training.training_loop][INFO] - train epoch 1763 loss 0.2165 accuracy 96.88%
[2026-06-20 08:34:43,608][src.modRNN.training.training_loop][INFO] - 	 Starting Epoch: 1764
[2026-06-20 08:34:44,347][src.modRNN.training.training_loop][INFO] - train epoch 1764 loss 0.2851 accuracy 93.75%
[2026-06-20 08:34:44,349][src.modRNN.training.training_loop][INFO] - 	 Starting Epoch: 1765
[2026-06-20 08:34:45,088][src.modRNN.training.training_loop][INFO] - train epoch 1765 loss 0.2637 accuracy 95.31%
[2026-06-20 08:34:45,089][src.modRNN.training.training_loop][INFO] - 	 Starting Epoch: 1766
[2026-06-20 08:34:45,828][src.modRNN.training.training_loop][INFO] - train epoch 1766 loss 0.2695 accuracy 95.31%
[2026-06-20 08:34:45,830][src.modRNN.training.training_loop][INFO] - 	 Starting Epoch: 1767
[2026-06-20 08:34:46,569][src.modRNN.training.training_loop][INFO] - train epoch 1767 loss 0.2069 accuracy 95.31%
[2026-06-20 08:34:46,571][src.modRNN.training.training_loop][INFO] - 	 Starting Epoch: 1768
[2026-06-20 08:34:47,308][src.modRNN.training.training_loop][INFO] - train epoch 1768 loss 0.2750 accuracy 87.50%
[2026-06-20 08:34:47,310][src.modRNN.training.training_loop][INFO] - 	 Starting Epoch: 1769
[2026-06-20 08:34:48,048][src.modRNN.training.training_loop][INFO] - train epoch 1769 loss 0.3122 accuracy 89.06%
[2026-06-20 08:34:48,050][src.modRNN.training.training_loop][INFO] - 	 Starting Epoch: 1770
[2026-06-20 08:34:48,789][src.modRNN.training.training_loop][INFO] - train epoch 1770 loss 0.2924 accuracy 92.19%
[2026-06-20 08:34:48,791][src.modRNN.training.training_loop][INFO] - 	 Starting Epoch: 1771
[2026-06-20 08:34:49,530][src.modRNN.training.training_loop][INFO] - train epoch 1771 loss 0.2993 accuracy 89.06%
[2026-06-20 08:34:49,532][src.modRNN.training.training_loop][INFO] - 	 Starting Epoch: 1772
[2026-06-20 08:34:50,269][src.modRNN.training.training_loop][INFO] - train epoch 1772 loss 0.3279 accuracy 84.38%
[2026-06-20 08:34:50,271][src.modRNN.training.training_loop][INFO] - 	 Starting Epoch: 1773
[2026-06-20 08:34:51,008][src.modRNN.training.training_loop][INFO] - train epoch 1773 loss 0.2435 accuracy 92.19%
[2026-06-20 08:34:51,010][src.modRNN.training.training_loop][INFO] - 	 Starting Epoch: 1774
[2026-06-20 08:34:51,748][src.modRNN.training.training_loop][INFO] - train epoch 1774 loss 0.4440 accuracy 78.12%
[2026-06-20 08:34:51,749][src.modRNN.training.training_loop][INFO] - 	 Starting Epoch: 1775
[2026-06-20 08:34:52,489][src.modRNN.training.training_loop][INFO] - train epoch 1775 loss 0.2839 accuracy 89.06%
[2026-06-20 08:34:52,490][src.modRNN.training.training_loop][INFO] - 	 Starting Epoch: 1776
[2026-06-20 08:34:53,229][src.modRNN.training.training_loop][INFO] - train epoch 1776 loss 0.3699 accuracy 81.25%
[2026-06-20 08:34:54,439][src.modRNN.training.training_loop][INFO] - eval  epoch 1776 loss 0.3372 accuracy 83.20%
[2026-06-20 08:34:54,440][src.modRNN.training.training_loop][INFO] - 	 Starting Epoch: 1777
[2026-06-20 08:34:55,186][src.modRNN.training.training_loop][INFO] - train epoch 1777 loss 0.3031 accuracy 84.38%
[2026-06-20 08:34:55,188][src.modRNN.training.training_loop][INFO] - 	 Starting Epoch: 1778
[2026-06-20 08:34:55,929][src.modRNN.training.training_loop][INFO] - train epoch 1778 loss 0.2518 accuracy 89.06%
[2026-06-20 08:34:55,931][src.modRNN.training.training_loop][INFO] - 	 Starting Epoch: 1779
[2026-06-20 08:34:56,674][src.modRNN.training.training_loop][INFO] - train epoch 1779 loss 0.3035 accuracy 85.94%
[2026-06-20 08:34:56,676][src.modRNN.training.training_loop][INFO] - 	 Starting Epoch: 1780
[2026-06-20 08:34:57,415][src.modRNN.training.training_loop][INFO] - train epoch 1780 loss 0.3222 accuracy 85.94%
[2026-06-20 08:34:57,417][src.modRNN.training.training_loop][INFO] - 	 Starting Epoch: 1781
[2026-06-20 08:34:58,156][src.modRNN.training.training_loop][INFO] - train epoch 1781 loss 0.3017 accuracy 85.94%
[2026-06-20 08:34:58,158][src.modRNN.training.training_loop][INFO] - 	 Starting Epoch: 1782
[2026-06-20 08:34:58,896][src.modRNN.training.training_loop][INFO] - train epoch 1782 loss 0.4468 accuracy 75.00%
[2026-06-20 08:34:58,898][src.modRNN.training.training_loop][INFO] - 	 Starting Epoch: 1783
[2026-06-20 08:34:59,639][src.modRNN.training.training_loop][INFO] - train epoch 1783 loss 0.3244 accuracy 81.25%
[2026-06-20 08:34:59,641][src.modRNN.training.training_loop][INFO] - 	 Starting Epoch: 1784
[2026-06-20 08:35:00,381][src.modRNN.training.training_loop][INFO] - train epoch 1784 loss 0.3636 accuracy 82.81%
[2026-06-20 08:35:00,383][src.modRNN.training.training_loop][INFO] - 	 Starting Epoch: 1785
[2026-06-20 08:35:01,122][src.modRNN.training.training_loop][INFO] - train epoch 1785 loss 0.2229 accuracy 90.62%
[2026-06-20 08:35:01,124][src.modRNN.training.training_loop][INFO] - 	 Starting Epoch: 1786
[2026-06-20 08:35:01,870][src.modRNN.training.training_loop][INFO] - train epoch 1786 loss 0.2314 accuracy 89.06%
[2026-06-20 08:35:01,872][src.modRNN.training.training_loop][INFO] - 	 Starting Epoch: 1787
[2026-06-20 08:35:02,616][src.modRNN.training.training_loop][INFO] - train epoch 1787 loss 0.3140 accuracy 90.62%
[2026-06-20 08:35:02,618][src.modRNN.training.training_loop][INFO] - 	 Starting Epoch: 1788
[2026-06-20 08:35:03,362][src.modRNN.training.training_loop][INFO] - train epoch 1788 loss 0.2113 accuracy 93.75%
[2026-06-20 08:35:03,364][src.modRNN.training.training_loop][INFO] - 	 Starting Epoch: 1789
[2026-06-20 08:35:04,109][src.modRNN.training.training_loop][INFO] - train epoch 1789 loss 0.1937 accuracy 96.88%
[2026-06-20 08:35:04,111][src.modRNN.training.training_loop][INFO] - 	 Starting Epoch: 1790
[2026-06-20 08:35:04,856][src.modRNN.training.training_loop][INFO] - train epoch 1790 loss 0.2489 accuracy 92.19%
[2026-06-20 08:35:04,858][src.modRNN.training.training_loop][INFO] - 	 Starting Epoch: 1791
[2026-06-20 08:35:05,604][src.modRNN.training.training_loop][INFO] - train epoch 1791 loss 0.2333 accuracy 92.19%
[2026-06-20 08:35:05,606][src.modRNN.training.training_loop][INFO] - 	 Starting Epoch: 1792
[2026-06-20 08:35:06,352][src.modRNN.training.training_loop][INFO] - train epoch 1792 loss 0.2464 accuracy 92.19%
[2026-06-20 08:35:06,354][src.modRNN.training.training_loop][INFO] - 	 Starting Epoch: 1793
[2026-06-20 08:35:07,099][src.modRNN.training.training_loop][INFO] - train epoch 1793 loss 0.2656 accuracy 92.19%
[2026-06-20 08:35:07,101][src.modRNN.training.training_loop][INFO] - 	 Starting Epoch: 1794
[2026-06-20 08:35:07,844][src.modRNN.training.training_loop][INFO] - train epoch 1794 loss 0.2349 accuracy 93.75%
[2026-06-20 08:35:07,846][src.modRNN.training.training_loop][INFO] - 	 Starting Epoch: 1795
[2026-06-20 08:35:08,590][src.modRNN.training.training_loop][INFO] - train epoch 1795 loss 0.1686 accuracy 100.00%
[2026-06-20 08:35:08,592][src.modRNN.training.training_loop][INFO] - 	 Starting Epoch: 1796
[2026-06-20 08:35:09,336][src.modRNN.training.training_loop][INFO] - train epoch 1796 loss 0.1870 accuracy 96.88%
[2026-06-20 08:35:09,338][src.modRNN.training.training_loop][INFO] - 	 Starting Epoch: 1797
[2026-06-20 08:35:10,081][src.modRNN.training.training_loop][INFO] - train epoch 1797 loss 0.2200 accuracy 93.75%
[2026-06-20 08:35:10,083][src.modRNN.training.training_loop][INFO] - 	 Starting Epoch: 1798
[2026-06-20 08:35:10,827][src.modRNN.training.training_loop][INFO] - train epoch 1798 loss 0.1947 accuracy 95.31%
[2026-06-20 08:35:10,829][src.modRNN.training.training_loop][INFO] - 	 Starting Epoch: 1799
[2026-06-20 08:35:11,573][src.modRNN.training.training_loop][INFO] - train epoch 1799 loss 0.1946 accuracy 96.88%
[2026-06-20 08:35:11,574][src.modRNN.training.training_loop][INFO] - 	 Starting Epoch: 1800
[2026-06-20 08:35:12,317][src.modRNN.training.training_loop][INFO] - train epoch 1800 loss 0.2029 accuracy 96.88%
[2026-06-20 08:35:12,319][src.modRNN.training.training_loop][INFO] - 	 Starting Epoch: 1801
[2026-06-20 08:35:13,062][src.modRNN.training.training_loop][INFO] - train epoch 1801 loss 0.1891 accuracy 96.88%
[2026-06-20 08:35:14,268][src.modRNN.training.training_loop][INFO] - eval  epoch 1801 loss 0.1840 accuracy 97.46%
[2026-06-20 08:35:14,270][src.modRNN.training.training_loop][INFO] - 	 Starting Epoch: 1802
[2026-06-20 08:35:15,014][src.modRNN.training.training_loop][INFO] - train epoch 1802 loss 0.2344 accuracy 96.88%
[2026-06-20 08:35:15,016][src.modRNN.training.training_loop][INFO] - 	 Starting Epoch: 1803
[2026-06-20 08:35:15,761][src.modRNN.training.training_loop][INFO] - train epoch 1803 loss 0.1794 accuracy 98.44%
[2026-06-20 08:35:15,762][src.modRNN.training.training_loop][INFO] - 	 Starting Epoch: 1804
[2026-06-20 08:35:16,507][src.modRNN.training.training_loop][INFO] - train epoch 1804 loss 0.1440 accuracy 98.44%
[2026-06-20 08:35:16,509][src.modRNN.training.training_loop][INFO] - 	 Starting Epoch: 1805
[2026-06-20 08:35:17,252][src.modRNN.training.training_loop][INFO] - train epoch 1805 loss 0.2139 accuracy 92.19%
[2026-06-20 08:35:17,254][src.modRNN.training.training_loop][INFO] - 	 Starting Epoch: 1806
[2026-06-20 08:35:17,997][src.modRNN.training.training_loop][INFO] - train epoch 1806 loss 0.1854 accuracy 98.44%
[2026-06-20 08:35:17,999][src.modRNN.training.training_loop][INFO] - 	 Starting Epoch: 1807
[2026-06-20 08:35:18,741][src.modRNN.training.training_loop][INFO] - train epoch 1807 loss 0.1630 accuracy 98.44%
[2026-06-20 08:35:18,743][src.modRNN.training.training_loop][INFO] - 	 Starting Epoch: 1808
[2026-06-20 08:35:19,487][src.modRNN.training.training_loop][INFO] - train epoch 1808 loss 0.1964 accuracy 95.31%
[2026-06-20 08:35:19,488][src.modRNN.training.training_loop][INFO] - 	 Starting Epoch: 1809
[2026-06-20 08:35:20,231][src.modRNN.training.training_loop][INFO] - train epoch 1809 loss 0.1358 accuracy 95.31%
[2026-06-20 08:35:20,232][src.modRNN.training.training_loop][INFO] - 	 Starting Epoch: 1810
[2026-06-20 08:35:20,975][src.modRNN.training.training_loop][INFO] - train epoch 1810 loss 0.2388 accuracy 93.75%
[2026-06-20 08:35:20,977][src.modRNN.training.training_loop][INFO] - 	 Starting Epoch: 1811
[2026-06-20 08:35:21,721][src.modRNN.training.training_loop][INFO] - train epoch 1811 loss 0.1862 accuracy 96.88%
[2026-06-20 08:35:21,723][src.modRNN.training.training_loop][INFO] - 	 Starting Epoch: 1812
[2026-06-20 08:35:22,465][src.modRNN.training.training_loop][INFO] - train epoch 1812 loss 0.1338 accuracy 98.44%
[2026-06-20 08:35:22,466][src.modRNN.training.training_loop][INFO] - 	 Starting Epoch: 1813
[2026-06-20 08:35:23,210][src.modRNN.training.training_loop][INFO] - train epoch 1813 loss 0.2232 accuracy 92.19%
[2026-06-20 08:35:23,212][src.modRNN.training.training_loop][INFO] - 	 Starting Epoch: 1814
[2026-06-20 08:35:23,955][src.modRNN.training.training_loop][INFO] - train epoch 1814 loss 0.1720 accuracy 100.00%
[2026-06-20 08:35:23,956][src.modRNN.training.training_loop][INFO] - 	 Starting Epoch: 1815
[2026-06-20 08:35:24,699][src.modRNN.training.training_loop][INFO] - train epoch 1815 loss 0.2177 accuracy 96.88%
[2026-06-20 08:35:24,701][src.modRNN.training.training_loop][INFO] - 	 Starting Epoch: 1816
[2026-06-20 08:35:25,447][src.modRNN.training.training_loop][INFO] - train epoch 1816 loss 0.1802 accuracy 95.31%
[2026-06-20 08:35:25,449][src.modRNN.training.training_loop][INFO] - 	 Starting Epoch: 1817
[2026-06-20 08:35:26,196][src.modRNN.training.training_loop][INFO] - train epoch 1817 loss 0.1589 accuracy 95.31%
[2026-06-20 08:35:26,198][src.modRNN.training.training_loop][INFO] - 	 Starting Epoch: 1818
[2026-06-20 08:35:26,942][src.modRNN.training.training_loop][INFO] - train epoch 1818 loss 0.1589 accuracy 98.44%
[2026-06-20 08:35:26,943][src.modRNN.training.training_loop][INFO] - 	 Starting Epoch: 1819
[2026-06-20 08:35:27,686][src.modRNN.training.training_loop][INFO] - train epoch 1819 loss 0.1752 accuracy 96.88%
[2026-06-20 08:35:27,687][src.modRNN.training.training_loop][INFO] - 	 Starting Epoch: 1820
[2026-06-20 08:35:28,432][src.modRNN.training.training_loop][INFO] - train epoch 1820 loss 0.1570 accuracy 95.31%
[2026-06-20 08:35:28,435][src.modRNN.training.training_loop][INFO] - 	 Starting Epoch: 1821
[2026-06-20 08:35:29,178][src.modRNN.training.training_loop][INFO] - train epoch 1821 loss 0.1865 accuracy 95.31%
[2026-06-20 08:35:29,180][src.modRNN.training.training_loop][INFO] - 	 Starting Epoch: 1822
[2026-06-20 08:35:29,924][src.modRNN.training.training_loop][INFO] - train epoch 1822 loss 0.1409 accuracy 98.44%
[2026-06-20 08:35:29,926][src.modRNN.training.training_loop][INFO] - 	 Starting Epoch: 1823
[2026-06-20 08:35:30,669][src.modRNN.training.training_loop][INFO] - train epoch 1823 loss 0.1437 accuracy 100.00%
[2026-06-20 08:35:30,671][src.modRNN.training.training_loop][INFO] - 	 Starting Epoch: 1824
[2026-06-20 08:35:31,413][src.modRNN.training.training_loop][INFO] - train epoch 1824 loss 0.1617 accuracy 98.44%
[2026-06-20 08:35:31,415][src.modRNN.training.training_loop][INFO] - 	 Starting Epoch: 1825
[2026-06-20 08:35:32,154][src.modRNN.training.training_loop][INFO] - train epoch 1825 loss 0.1628 accuracy 98.44%
[2026-06-20 08:35:32,156][src.modRNN.training.training_loop][INFO] - 	 Starting Epoch: 1826
[2026-06-20 08:35:32,894][src.modRNN.training.training_loop][INFO] - train epoch 1826 loss 0.1467 accuracy 96.88%
[2026-06-20 08:35:34,100][src.modRNN.training.training_loop][INFO] - eval  epoch 1826 loss 0.1516 accuracy 96.88%
[2026-06-20 08:35:34,102][src.modRNN.training.training_loop][INFO] - 	 Starting Epoch: 1827
[2026-06-20 08:35:34,842][src.modRNN.training.training_loop][INFO] - train epoch 1827 loss 0.1204 accuracy 98.44%
[2026-06-20 08:35:34,844][src.modRNN.training.training_loop][INFO] - 	 Starting Epoch: 1828
[2026-06-20 08:35:35,583][src.modRNN.training.training_loop][INFO] - train epoch 1828 loss 0.1902 accuracy 95.31%
[2026-06-20 08:35:35,585][src.modRNN.training.training_loop][INFO] - 	 Starting Epoch: 1829
[2026-06-20 08:35:36,325][src.modRNN.training.training_loop][INFO] - train epoch 1829 loss 0.2972 accuracy 90.62%
[2026-06-20 08:35:36,327][src.modRNN.training.training_loop][INFO] - 	 Starting Epoch: 1830
[2026-06-20 08:35:37,067][src.modRNN.training.training_loop][INFO] - train epoch 1830 loss 0.2733 accuracy 89.06%
[2026-06-20 08:35:37,069][src.modRNN.training.training_loop][INFO] - 	 Starting Epoch: 1831
[2026-06-20 08:35:37,811][src.modRNN.training.training_loop][INFO] - train epoch 1831 loss 0.1428 accuracy 96.88%
[2026-06-20 08:35:37,812][src.modRNN.training.training_loop][INFO] - 	 Starting Epoch: 1832
[2026-06-20 08:35:38,552][src.modRNN.training.training_loop][INFO] - train epoch 1832 loss 0.6461 accuracy 68.75%
[2026-06-20 08:35:38,554][src.modRNN.training.training_loop][INFO] - 	 Starting Epoch: 1833
[2026-06-20 08:35:39,294][src.modRNN.training.training_loop][INFO] - train epoch 1833 loss 0.3839 accuracy 81.25%
[2026-06-20 08:35:39,296][src.modRNN.training.training_loop][INFO] - 	 Starting Epoch: 1834
[2026-06-20 08:35:40,037][src.modRNN.training.training_loop][INFO] - train epoch 1834 loss 0.4964 accuracy 75.00%
[2026-06-20 08:35:40,039][src.modRNN.training.training_loop][INFO] - 	 Starting Epoch: 1835
[2026-06-20 08:35:40,781][src.modRNN.training.training_loop][INFO] - train epoch 1835 loss 0.5069 accuracy 70.31%
[2026-06-20 08:35:40,782][src.modRNN.training.training_loop][INFO] - 	 Starting Epoch: 1836
[2026-06-20 08:35:41,522][src.modRNN.training.training_loop][INFO] - train epoch 1836 loss 0.5339 accuracy 68.75%
[2026-06-20 08:35:41,524][src.modRNN.training.training_loop][INFO] - 	 Starting Epoch: 1837
[2026-06-20 08:35:42,264][src.modRNN.training.training_loop][INFO] - train epoch 1837 loss 0.3975 accuracy 75.00%
[2026-06-20 08:35:42,266][src.modRNN.training.training_loop][INFO] - 	 Starting Epoch: 1838
[2026-06-20 08:35:43,005][src.modRNN.training.training_loop][INFO] - train epoch 1838 loss 0.3662 accuracy 78.12%
[2026-06-20 08:35:43,007][src.modRNN.training.training_loop][INFO] - 	 Starting Epoch: 1839
[2026-06-20 08:35:43,747][src.modRNN.training.training_loop][INFO] - train epoch 1839 loss 0.3693 accuracy 78.12%
[2026-06-20 08:35:43,748][src.modRNN.training.training_loop][INFO] - 	 Starting Epoch: 1840
[2026-06-20 08:35:44,489][src.modRNN.training.training_loop][INFO] - train epoch 1840 loss 0.4131 accuracy 78.12%
[2026-06-20 08:35:44,490][src.modRNN.training.training_loop][INFO] - 	 Starting Epoch: 1841
[2026-06-20 08:35:45,229][src.modRNN.training.training_loop][INFO] - train epoch 1841 loss 0.3704 accuracy 81.25%
[2026-06-20 08:35:45,231][src.modRNN.training.training_loop][INFO] - 	 Starting Epoch: 1842
[2026-06-20 08:35:45,971][src.modRNN.training.training_loop][INFO] - train epoch 1842 loss 0.3510 accuracy 78.12%
[2026-06-20 08:35:45,973][src.modRNN.training.training_loop][INFO] - 	 Starting Epoch: 1843
[2026-06-20 08:35:46,716][src.modRNN.training.training_loop][INFO] - train epoch 1843 loss 0.3307 accuracy 85.94%
[2026-06-20 08:35:46,718][src.modRNN.training.training_loop][INFO] - 	 Starting Epoch: 1844
[2026-06-20 08:35:47,457][src.modRNN.training.training_loop][INFO] - train epoch 1844 loss 0.2504 accuracy 84.38%
[2026-06-20 08:35:47,459][src.modRNN.training.training_loop][INFO] - 	 Starting Epoch: 1845
[2026-06-20 08:35:48,199][src.modRNN.training.training_loop][INFO] - train epoch 1845 loss 0.2964 accuracy 89.06%
[2026-06-20 08:35:48,201][src.modRNN.training.training_loop][INFO] - 	 Starting Epoch: 1846
[2026-06-20 08:35:48,940][src.modRNN.training.training_loop][INFO] - train epoch 1846 loss 0.3299 accuracy 84.38%
[2026-06-20 08:35:48,942][src.modRNN.training.training_loop][INFO] - 	 Starting Epoch: 1847
[2026-06-20 08:35:49,682][src.modRNN.training.training_loop][INFO] - train epoch 1847 loss 0.3632 accuracy 79.69%
[2026-06-20 08:35:49,684][src.modRNN.training.training_loop][INFO] - 	 Starting Epoch: 1848
[2026-06-20 08:35:50,421][src.modRNN.training.training_loop][INFO] - train epoch 1848 loss 0.3018 accuracy 90.62%
[2026-06-20 08:35:50,423][src.modRNN.training.training_loop][INFO] - 	 Starting Epoch: 1849
[2026-06-20 08:35:51,163][src.modRNN.training.training_loop][INFO] - train epoch 1849 loss 0.2980 accuracy 90.62%
[2026-06-20 08:35:51,165][src.modRNN.training.training_loop][INFO] - 	 Starting Epoch: 1850
[2026-06-20 08:35:51,904][src.modRNN.training.training_loop][INFO] - train epoch 1850 loss 0.3259 accuracy 84.38%
[2026-06-20 08:35:51,906][src.modRNN.training.training_loop][INFO] - 	 Starting Epoch: 1851
[2026-06-20 08:35:52,645][src.modRNN.training.training_loop][INFO] - train epoch 1851 loss 0.3203 accuracy 95.31%
[2026-06-20 08:35:53,852][src.modRNN.training.training_loop][INFO] - eval  epoch 1851 loss 0.2717 accuracy 91.99%
[2026-06-20 08:35:53,854][src.modRNN.training.training_loop][INFO] - 	 Starting Epoch: 1852
[2026-06-20 08:35:54,595][src.modRNN.training.training_loop][INFO] - train epoch 1852 loss 0.2174 accuracy 95.31%
[2026-06-20 08:35:54,598][src.modRNN.training.training_loop][INFO] - 	 Starting Epoch: 1853
[2026-06-20 08:35:55,338][src.modRNN.training.training_loop][INFO] - train epoch 1853 loss 0.3526 accuracy 89.06%
[2026-06-20 08:35:55,340][src.modRNN.training.training_loop][INFO] - 	 Starting Epoch: 1854
[2026-06-20 08:35:56,077][src.modRNN.training.training_loop][INFO] - train epoch 1854 loss 0.3496 accuracy 90.62%
[2026-06-20 08:35:56,079][src.modRNN.training.training_loop][INFO] - 	 Starting Epoch: 1855
[2026-06-20 08:35:56,817][src.modRNN.training.training_loop][INFO] - train epoch 1855 loss 0.2423 accuracy 95.31%
[2026-06-20 08:35:56,819][src.modRNN.training.training_loop][INFO] - 	 Starting Epoch: 1856
[2026-06-20 08:35:57,558][src.modRNN.training.training_loop][INFO] - train epoch 1856 loss 0.3228 accuracy 90.62%
[2026-06-20 08:35:57,560][src.modRNN.training.training_loop][INFO] - 	 Starting Epoch: 1857
[2026-06-20 08:35:58,300][src.modRNN.training.training_loop][INFO] - train epoch 1857 loss 0.2857 accuracy 89.06%
[2026-06-20 08:35:58,302][src.modRNN.training.training_loop][INFO] - 	 Starting Epoch: 1858
[2026-06-20 08:35:59,041][src.modRNN.training.training_loop][INFO] - train epoch 1858 loss 0.3840 accuracy 82.81%
[2026-06-20 08:35:59,043][src.modRNN.training.training_loop][INFO] - 	 Starting Epoch: 1859
[2026-06-20 08:35:59,783][src.modRNN.training.training_loop][INFO] - train epoch 1859 loss 0.3193 accuracy 95.31%
[2026-06-20 08:35:59,784][src.modRNN.training.training_loop][INFO] - 	 Starting Epoch: 1860
[2026-06-20 08:36:00,522][src.modRNN.training.training_loop][INFO] - train epoch 1860 loss 0.2291 accuracy 92.19%
[2026-06-20 08:36:00,524][src.modRNN.training.training_loop][INFO] - 	 Starting Epoch: 1861
[2026-06-20 08:36:01,263][src.modRNN.training.training_loop][INFO] - train epoch 1861 loss 0.2961 accuracy 93.75%
[2026-06-20 08:36:01,264][src.modRNN.training.training_loop][INFO] - 	 Starting Epoch: 1862
[2026-06-20 08:36:02,027][src.modRNN.training.training_loop][INFO] - train epoch 1862 loss 0.2502 accuracy 92.19%
[2026-06-20 08:36:02,030][src.modRNN.training.training_loop][INFO] - 	 Starting Epoch: 1863
[2026-06-20 08:36:02,784][src.modRNN.training.training_loop][INFO] - train epoch 1863 loss 0.2589 accuracy 93.75%
[2026-06-20 08:36:02,786][src.modRNN.training.training_loop][INFO] - 	 Starting Epoch: 1864
[2026-06-20 08:36:03,530][src.modRNN.training.training_loop][INFO] - train epoch 1864 loss 0.3188 accuracy 90.62%
[2026-06-20 08:36:03,531][src.modRNN.training.training_loop][INFO] - 	 Starting Epoch: 1865
[2026-06-20 08:36:04,276][src.modRNN.training.training_loop][INFO] - train epoch 1865 loss 0.3346 accuracy 90.62%
[2026-06-20 08:36:04,277][src.modRNN.training.training_loop][INFO] - 	 Starting Epoch: 1866
[2026-06-20 08:36:05,022][src.modRNN.training.training_loop][INFO] - train epoch 1866 loss 0.3118 accuracy 90.62%
[2026-06-20 08:36:05,024][src.modRNN.training.training_loop][INFO] - 	 Starting Epoch: 1867
[2026-06-20 08:36:05,769][src.modRNN.training.training_loop][INFO] - train epoch 1867 loss 0.4233 accuracy 87.50%
[2026-06-20 08:36:05,771][src.modRNN.training.training_loop][INFO] - 	 Starting Epoch: 1868
[2026-06-20 08:36:06,518][src.modRNN.training.training_loop][INFO] - train epoch 1868 loss 0.3441 accuracy 89.06%
[2026-06-20 08:36:06,520][src.modRNN.training.training_loop][INFO] - 	 Starting Epoch: 1869
[2026-06-20 08:36:07,265][src.modRNN.training.training_loop][INFO] - train epoch 1869 loss 0.5506 accuracy 84.38%
[2026-06-20 08:36:07,267][src.modRNN.training.training_loop][INFO] - 	 Starting Epoch: 1870
[2026-06-20 08:36:08,011][src.modRNN.training.training_loop][INFO] - train epoch 1870 loss 0.5180 accuracy 79.69%
[2026-06-20 08:36:08,013][src.modRNN.training.training_loop][INFO] - 	 Starting Epoch: 1871
[2026-06-20 08:36:08,758][src.modRNN.training.training_loop][INFO] - train epoch 1871 loss 0.5067 accuracy 90.62%
[2026-06-20 08:36:08,759][src.modRNN.training.training_loop][INFO] - 	 Starting Epoch: 1872
[2026-06-20 08:36:09,503][src.modRNN.training.training_loop][INFO] - train epoch 1872 loss 0.4430 accuracy 84.38%
[2026-06-20 08:36:09,505][src.modRNN.training.training_loop][INFO] - 	 Starting Epoch: 1873
[2026-06-20 08:36:10,248][src.modRNN.training.training_loop][INFO] - train epoch 1873 loss 0.5408 accuracy 81.25%
[2026-06-20 08:36:10,250][src.modRNN.training.training_loop][INFO] - 	 Starting Epoch: 1874
[2026-06-20 08:36:10,994][src.modRNN.training.training_loop][INFO] - train epoch 1874 loss 0.4867 accuracy 87.50%
[2026-06-20 08:36:10,996][src.modRNN.training.training_loop][INFO] - 	 Starting Epoch: 1875
[2026-06-20 08:36:11,739][src.modRNN.training.training_loop][INFO] - train epoch 1875 loss 0.5786 accuracy 85.94%
[2026-06-20 08:36:11,741][src.modRNN.training.training_loop][INFO] - 	 Starting Epoch: 1876
[2026-06-20 08:36:12,487][src.modRNN.training.training_loop][INFO] - train epoch 1876 loss 0.4169 accuracy 87.50%
[2026-06-20 08:36:13,695][src.modRNN.training.training_loop][INFO] - eval  epoch 1876 loss 0.4753 accuracy 88.09%
[2026-06-20 08:36:13,697][src.modRNN.training.training_loop][INFO] - 	 Starting Epoch: 1877
[2026-06-20 08:36:14,440][src.modRNN.training.training_loop][INFO] - train epoch 1877 loss 0.5105 accuracy 84.38%
[2026-06-20 08:36:14,442][src.modRNN.training.training_loop][INFO] - 	 Starting Epoch: 1878
[2026-06-20 08:36:15,185][src.modRNN.training.training_loop][INFO] - train epoch 1878 loss 0.3686 accuracy 92.19%
[2026-06-20 08:36:15,187][src.modRNN.training.training_loop][INFO] - 	 Starting Epoch: 1879
[2026-06-20 08:36:15,932][src.modRNN.training.training_loop][INFO] - train epoch 1879 loss 0.5125 accuracy 82.81%
[2026-06-20 08:36:15,934][src.modRNN.training.training_loop][INFO] - 	 Starting Epoch: 1880
[2026-06-20 08:36:16,679][src.modRNN.training.training_loop][INFO] - train epoch 1880 loss 0.4570 accuracy 89.06%
[2026-06-20 08:36:16,681][src.modRNN.training.training_loop][INFO] - 	 Starting Epoch: 1881
[2026-06-20 08:36:17,430][src.modRNN.training.training_loop][INFO] - train epoch 1881 loss 0.3507 accuracy 90.62%
[2026-06-20 08:36:17,432][src.modRNN.training.training_loop][INFO] - 	 Starting Epoch: 1882
[2026-06-20 08:36:18,177][src.modRNN.training.training_loop][INFO] - train epoch 1882 loss 0.4490 accuracy 93.75%
[2026-06-20 08:36:18,179][src.modRNN.training.training_loop][INFO] - 	 Starting Epoch: 1883
[2026-06-20 08:36:18,921][src.modRNN.training.training_loop][INFO] - train epoch 1883 loss 0.5692 accuracy 79.69%
[2026-06-20 08:36:18,923][src.modRNN.training.training_loop][INFO] - 	 Starting Epoch: 1884
[2026-06-20 08:36:19,670][src.modRNN.training.training_loop][INFO] - train epoch 1884 loss 0.4637 accuracy 87.50%
[2026-06-20 08:36:19,672][src.modRNN.training.training_loop][INFO] - 	 Starting Epoch: 1885
[2026-06-20 08:36:20,415][src.modRNN.training.training_loop][INFO] - train epoch 1885 loss 0.4319 accuracy 90.62%
[2026-06-20 08:36:20,417][src.modRNN.training.training_loop][INFO] - 	 Starting Epoch: 1886
[2026-06-20 08:36:21,163][src.modRNN.training.training_loop][INFO] - train epoch 1886 loss 0.3949 accuracy 87.50%
[2026-06-20 08:36:21,165][src.modRNN.training.training_loop][INFO] - 	 Starting Epoch: 1887
[2026-06-20 08:36:21,914][src.modRNN.training.training_loop][INFO] - train epoch 1887 loss 0.4113 accuracy 87.50%
[2026-06-20 08:36:21,916][src.modRNN.training.training_loop][INFO] - 	 Starting Epoch: 1888
[2026-06-20 08:36:22,660][src.modRNN.training.training_loop][INFO] - train epoch 1888 loss 0.4086 accuracy 87.50%
[2026-06-20 08:36:22,662][src.modRNN.training.training_loop][INFO] - 	 Starting Epoch: 1889
[2026-06-20 08:36:23,406][src.modRNN.training.training_loop][INFO] - train epoch 1889 loss 0.4257 accuracy 82.81%
[2026-06-20 08:36:23,408][src.modRNN.training.training_loop][INFO] - 	 Starting Epoch: 1890
[2026-06-20 08:36:24,159][src.modRNN.training.training_loop][INFO] - train epoch 1890 loss 0.3850 accuracy 89.06%
[2026-06-20 08:36:24,161][src.modRNN.training.training_loop][INFO] - 	 Starting Epoch: 1891
[2026-06-20 08:36:24,906][src.modRNN.training.training_loop][INFO] - train epoch 1891 loss 0.2844 accuracy 96.88%
[2026-06-20 08:36:24,908][src.modRNN.training.training_loop][INFO] - 	 Starting Epoch: 1892
[2026-06-20 08:36:25,657][src.modRNN.training.training_loop][INFO] - train epoch 1892 loss 0.3520 accuracy 93.75%
[2026-06-20 08:36:25,659][src.modRNN.training.training_loop][INFO] - 	 Starting Epoch: 1893
[2026-06-20 08:36:26,402][src.modRNN.training.training_loop][INFO] - train epoch 1893 loss 0.2582 accuracy 95.31%
[2026-06-20 08:36:26,404][src.modRNN.training.training_loop][INFO] - 	 Starting Epoch: 1894
[2026-06-20 08:36:27,153][src.modRNN.training.training_loop][INFO] - train epoch 1894 loss 0.2946 accuracy 95.31%
[2026-06-20 08:36:27,155][src.modRNN.training.training_loop][INFO] - 	 Starting Epoch: 1895
[2026-06-20 08:36:27,898][src.modRNN.training.training_loop][INFO] - train epoch 1895 loss 0.3287 accuracy 89.06%
[2026-06-20 08:36:27,900][src.modRNN.training.training_loop][INFO] - 	 Starting Epoch: 1896
[2026-06-20 08:36:28,642][src.modRNN.training.training_loop][INFO] - train epoch 1896 loss 0.3001 accuracy 93.75%
[2026-06-20 08:36:28,644][src.modRNN.training.training_loop][INFO] - 	 Starting Epoch: 1897
[2026-06-20 08:36:29,388][src.modRNN.training.training_loop][INFO] - train epoch 1897 loss 0.3084 accuracy 90.62%
[2026-06-20 08:36:29,390][src.modRNN.training.training_loop][INFO] - 	 Starting Epoch: 1898
[2026-06-20 08:36:30,135][src.modRNN.training.training_loop][INFO] - train epoch 1898 loss 0.2649 accuracy 92.19%
[2026-06-20 08:36:30,137][src.modRNN.training.training_loop][INFO] - 	 Starting Epoch: 1899
[2026-06-20 08:36:30,882][src.modRNN.training.training_loop][INFO] - train epoch 1899 loss 0.2735 accuracy 95.31%
[2026-06-20 08:36:30,884][src.modRNN.training.training_loop][INFO] - 	 Starting Epoch: 1900
[2026-06-20 08:36:31,629][src.modRNN.training.training_loop][INFO] - train epoch 1900 loss 0.2482 accuracy 90.62%
[2026-06-20 08:36:31,631][src.modRNN.training.training_loop][INFO] - 	 Starting Epoch: 1901
[2026-06-20 08:36:32,373][src.modRNN.training.training_loop][INFO] - train epoch 1901 loss 0.1904 accuracy 96.88%
[2026-06-20 08:36:33,576][src.modRNN.training.training_loop][INFO] - eval  epoch 1901 loss 0.2455 accuracy 95.31%
[2026-06-20 08:36:33,578][src.modRNN.training.training_loop][INFO] - 	 Starting Epoch: 1902
[2026-06-20 08:36:34,317][src.modRNN.training.training_loop][INFO] - train epoch 1902 loss 0.2228 accuracy 96.88%
[2026-06-20 08:36:34,319][src.modRNN.training.training_loop][INFO] - 	 Starting Epoch: 1903
[2026-06-20 08:36:35,058][src.modRNN.training.training_loop][INFO] - train epoch 1903 loss 0.2881 accuracy 92.19%
[2026-06-20 08:36:35,059][src.modRNN.training.training_loop][INFO] - 	 Starting Epoch: 1904
[2026-06-20 08:36:35,801][src.modRNN.training.training_loop][INFO] - train epoch 1904 loss 0.2759 accuracy 93.75%
[2026-06-20 08:36:35,802][src.modRNN.training.training_loop][INFO] - 	 Starting Epoch: 1905
[2026-06-20 08:36:36,543][src.modRNN.training.training_loop][INFO] - train epoch 1905 loss 0.1903 accuracy 96.88%
[2026-06-20 08:36:36,545][src.modRNN.training.training_loop][INFO] - 	 Starting Epoch: 1906
[2026-06-20 08:36:37,286][src.modRNN.training.training_loop][INFO] - train epoch 1906 loss 0.2284 accuracy 89.06%
[2026-06-20 08:36:37,288][src.modRNN.training.training_loop][INFO] - 	 Starting Epoch: 1907
[2026-06-20 08:36:38,028][src.modRNN.training.training_loop][INFO] - train epoch 1907 loss 0.2410 accuracy 95.31%
[2026-06-20 08:36:38,030][src.modRNN.training.training_loop][INFO] - 	 Starting Epoch: 1908
[2026-06-20 08:36:38,771][src.modRNN.training.training_loop][INFO] - train epoch 1908 loss 0.2239 accuracy 98.44%
[2026-06-20 08:36:38,773][src.modRNN.training.training_loop][INFO] - 	 Starting Epoch: 1909
[2026-06-20 08:36:39,514][src.modRNN.training.training_loop][INFO] - train epoch 1909 loss 0.2564 accuracy 93.75%
[2026-06-20 08:36:39,516][src.modRNN.training.training_loop][INFO] - 	 Starting Epoch: 1910
[2026-06-20 08:36:40,257][src.modRNN.training.training_loop][INFO] - train epoch 1910 loss 0.2766 accuracy 87.50%
[2026-06-20 08:36:40,258][src.modRNN.training.training_loop][INFO] - 	 Starting Epoch: 1911
[2026-06-20 08:36:41,001][src.modRNN.training.training_loop][INFO] - train epoch 1911 loss 0.2571 accuracy 93.75%
[2026-06-20 08:36:41,002][src.modRNN.training.training_loop][INFO] - 	 Starting Epoch: 1912
[2026-06-20 08:36:41,744][src.modRNN.training.training_loop][INFO] - train epoch 1912 loss 0.3488 accuracy 89.06%
[2026-06-20 08:36:41,746][src.modRNN.training.training_loop][INFO] - 	 Starting Epoch: 1913
[2026-06-20 08:36:42,487][src.modRNN.training.training_loop][INFO] - train epoch 1913 loss 0.3254 accuracy 85.94%
[2026-06-20 08:36:42,489][src.modRNN.training.training_loop][INFO] - 	 Starting Epoch: 1914
[2026-06-20 08:36:43,233][src.modRNN.training.training_loop][INFO] - train epoch 1914 loss 0.2568 accuracy 89.06%
[2026-06-20 08:36:43,234][src.modRNN.training.training_loop][INFO] - 	 Starting Epoch: 1915
[2026-06-20 08:36:43,977][src.modRNN.training.training_loop][INFO] - train epoch 1915 loss 0.2590 accuracy 90.62%
[2026-06-20 08:36:43,979][src.modRNN.training.training_loop][INFO] - 	 Starting Epoch: 1916
[2026-06-20 08:36:44,721][src.modRNN.training.training_loop][INFO] - train epoch 1916 loss 0.2597 accuracy 92.19%
[2026-06-20 08:36:44,723][src.modRNN.training.training_loop][INFO] - 	 Starting Epoch: 1917
[2026-06-20 08:36:45,463][src.modRNN.training.training_loop][INFO] - train epoch 1917 loss 0.2347 accuracy 92.19%
[2026-06-20 08:36:45,465][src.modRNN.training.training_loop][INFO] - 	 Starting Epoch: 1918
[2026-06-20 08:36:46,206][src.modRNN.training.training_loop][INFO] - train epoch 1918 loss 0.2910 accuracy 84.38%
[2026-06-20 08:36:46,207][src.modRNN.training.training_loop][INFO] - 	 Starting Epoch: 1919
[2026-06-20 08:36:46,950][src.modRNN.training.training_loop][INFO] - train epoch 1919 loss 0.2701 accuracy 92.19%
[2026-06-20 08:36:46,952][src.modRNN.training.training_loop][INFO] - 	 Starting Epoch: 1920
[2026-06-20 08:36:47,691][src.modRNN.training.training_loop][INFO] - train epoch 1920 loss 0.2341 accuracy 93.75%
[2026-06-20 08:36:47,693][src.modRNN.training.training_loop][INFO] - 	 Starting Epoch: 1921
[2026-06-20 08:36:48,436][src.modRNN.training.training_loop][INFO] - train epoch 1921 loss 0.2426 accuracy 96.88%
[2026-06-20 08:36:48,438][src.modRNN.training.training_loop][INFO] - 	 Starting Epoch: 1922
[2026-06-20 08:36:49,178][src.modRNN.training.training_loop][INFO] - train epoch 1922 loss 0.3147 accuracy 87.50%
[2026-06-20 08:36:49,180][src.modRNN.training.training_loop][INFO] - 	 Starting Epoch: 1923
[2026-06-20 08:36:49,919][src.modRNN.training.training_loop][INFO] - train epoch 1923 loss 0.2979 accuracy 89.06%
[2026-06-20 08:36:49,920][src.modRNN.training.training_loop][INFO] - 	 Starting Epoch: 1924
[2026-06-20 08:36:50,662][src.modRNN.training.training_loop][INFO] - train epoch 1924 loss 0.3326 accuracy 85.94%
[2026-06-20 08:36:50,663][src.modRNN.training.training_loop][INFO] - 	 Starting Epoch: 1925
[2026-06-20 08:36:51,407][src.modRNN.training.training_loop][INFO] - train epoch 1925 loss 0.2372 accuracy 92.19%
[2026-06-20 08:36:51,409][src.modRNN.training.training_loop][INFO] - 	 Starting Epoch: 1926
[2026-06-20 08:36:52,148][src.modRNN.training.training_loop][INFO] - train epoch 1926 loss 0.2067 accuracy 98.44%
[2026-06-20 08:36:53,354][src.modRNN.training.training_loop][INFO] - eval  epoch 1926 loss 0.2417 accuracy 92.19%
[2026-06-20 08:36:53,356][src.modRNN.training.training_loop][INFO] - 	 Starting Epoch: 1927
[2026-06-20 08:36:54,095][src.modRNN.training.training_loop][INFO] - train epoch 1927 loss 0.2246 accuracy 96.88%
[2026-06-20 08:36:54,097][src.modRNN.training.training_loop][INFO] - 	 Starting Epoch: 1928
[2026-06-20 08:36:54,836][src.modRNN.training.training_loop][INFO] - train epoch 1928 loss 0.2457 accuracy 92.19%
[2026-06-20 08:36:54,837][src.modRNN.training.training_loop][INFO] - 	 Starting Epoch: 1929
[2026-06-20 08:36:55,577][src.modRNN.training.training_loop][INFO] - train epoch 1929 loss 0.2427 accuracy 92.19%
[2026-06-20 08:36:55,580][src.modRNN.training.training_loop][INFO] - 	 Starting Epoch: 1930
[2026-06-20 08:36:56,319][src.modRNN.training.training_loop][INFO] - train epoch 1930 loss 0.2190 accuracy 96.88%
[2026-06-20 08:36:56,321][src.modRNN.training.training_loop][INFO] - 	 Starting Epoch: 1931
[2026-06-20 08:36:57,060][src.modRNN.training.training_loop][INFO] - train epoch 1931 loss 0.2413 accuracy 92.19%
[2026-06-20 08:36:57,061][src.modRNN.training.training_loop][INFO] - 	 Starting Epoch: 1932
[2026-06-20 08:36:57,802][src.modRNN.training.training_loop][INFO] - train epoch 1932 loss 0.2531 accuracy 93.75%
[2026-06-20 08:36:57,803][src.modRNN.training.training_loop][INFO] - 	 Starting Epoch: 1933
[2026-06-20 08:36:58,543][src.modRNN.training.training_loop][INFO] - train epoch 1933 loss 0.2133 accuracy 96.88%
[2026-06-20 08:36:58,545][src.modRNN.training.training_loop][INFO] - 	 Starting Epoch: 1934
[2026-06-20 08:36:59,283][src.modRNN.training.training_loop][INFO] - train epoch 1934 loss 0.1807 accuracy 95.31%
[2026-06-20 08:36:59,285][src.modRNN.training.training_loop][INFO] - 	 Starting Epoch: 1935
[2026-06-20 08:37:00,024][src.modRNN.training.training_loop][INFO] - train epoch 1935 loss 0.2721 accuracy 90.62%
[2026-06-20 08:37:00,025][src.modRNN.training.training_loop][INFO] - 	 Starting Epoch: 1936
[2026-06-20 08:37:00,767][src.modRNN.training.training_loop][INFO] - train epoch 1936 loss 0.2264 accuracy 95.31%
[2026-06-20 08:37:00,768][src.modRNN.training.training_loop][INFO] - 	 Starting Epoch: 1937
[2026-06-20 08:37:01,509][src.modRNN.training.training_loop][INFO] - train epoch 1937 loss 0.2862 accuracy 89.06%
[2026-06-20 08:37:01,511][src.modRNN.training.training_loop][INFO] - 	 Starting Epoch: 1938
[2026-06-20 08:37:02,258][src.modRNN.training.training_loop][INFO] - train epoch 1938 loss 0.3113 accuracy 87.50%
[2026-06-20 08:37:02,260][src.modRNN.training.training_loop][INFO] - 	 Starting Epoch: 1939
[2026-06-20 08:37:03,005][src.modRNN.training.training_loop][INFO] - train epoch 1939 loss 0.2781 accuracy 90.62%
[2026-06-20 08:37:03,007][src.modRNN.training.training_loop][INFO] - 	 Starting Epoch: 1940
[2026-06-20 08:37:03,750][src.modRNN.training.training_loop][INFO] - train epoch 1940 loss 0.2640 accuracy 92.19%
[2026-06-20 08:37:03,752][src.modRNN.training.training_loop][INFO] - 	 Starting Epoch: 1941
[2026-06-20 08:37:04,495][src.modRNN.training.training_loop][INFO] - train epoch 1941 loss 0.2408 accuracy 95.31%
[2026-06-20 08:37:04,497][src.modRNN.training.training_loop][INFO] - 	 Starting Epoch: 1942
[2026-06-20 08:37:05,241][src.modRNN.training.training_loop][INFO] - train epoch 1942 loss 0.2353 accuracy 89.06%
[2026-06-20 08:37:05,243][src.modRNN.training.training_loop][INFO] - 	 Starting Epoch: 1943
[2026-06-20 08:37:05,987][src.modRNN.training.training_loop][INFO] - train epoch 1943 loss 0.2559 accuracy 89.06%
[2026-06-20 08:37:05,989][src.modRNN.training.training_loop][INFO] - 	 Starting Epoch: 1944
[2026-06-20 08:37:06,738][src.modRNN.training.training_loop][INFO] - train epoch 1944 loss 0.1472 accuracy 100.00%
[2026-06-20 08:37:06,739][src.modRNN.training.training_loop][INFO] - 	 Starting Epoch: 1945
[2026-06-20 08:37:07,483][src.modRNN.training.training_loop][INFO] - train epoch 1945 loss 0.1963 accuracy 93.75%
[2026-06-20 08:37:07,485][src.modRNN.training.training_loop][INFO] - 	 Starting Epoch: 1946
[2026-06-20 08:37:08,229][src.modRNN.training.training_loop][INFO] - train epoch 1946 loss 0.1947 accuracy 95.31%
[2026-06-20 08:37:08,231][src.modRNN.training.training_loop][INFO] - 	 Starting Epoch: 1947
[2026-06-20 08:37:08,974][src.modRNN.training.training_loop][INFO] - train epoch 1947 loss 0.2131 accuracy 95.31%
[2026-06-20 08:37:08,976][src.modRNN.training.training_loop][INFO] - 	 Starting Epoch: 1948
[2026-06-20 08:37:09,728][src.modRNN.training.training_loop][INFO] - train epoch 1948 loss 0.2726 accuracy 90.62%
[2026-06-20 08:37:09,729][src.modRNN.training.training_loop][INFO] - 	 Starting Epoch: 1949
[2026-06-20 08:37:10,474][src.modRNN.training.training_loop][INFO] - train epoch 1949 loss 0.2025 accuracy 95.31%
[2026-06-20 08:37:10,476][src.modRNN.training.training_loop][INFO] - 	 Starting Epoch: 1950
[2026-06-20 08:37:11,221][src.modRNN.training.training_loop][INFO] - train epoch 1950 loss 0.2486 accuracy 90.62%
[2026-06-20 08:37:11,224][src.modRNN.training.training_loop][INFO] - 	 Starting Epoch: 1951
[2026-06-20 08:37:11,975][src.modRNN.training.training_loop][INFO] - train epoch 1951 loss 0.1882 accuracy 96.88%
[2026-06-20 08:37:13,182][src.modRNN.training.training_loop][INFO] - eval  epoch 1951 loss 0.2124 accuracy 94.92%
[2026-06-20 08:37:13,183][src.modRNN.training.training_loop][INFO] - 	 Starting Epoch: 1952
[2026-06-20 08:37:13,929][src.modRNN.training.training_loop][INFO] - train epoch 1952 loss 0.2305 accuracy 95.31%
[2026-06-20 08:37:13,931][src.modRNN.training.training_loop][INFO] - 	 Starting Epoch: 1953
[2026-06-20 08:37:14,674][src.modRNN.training.training_loop][INFO] - train epoch 1953 loss 0.2411 accuracy 89.06%
[2026-06-20 08:37:14,675][src.modRNN.training.training_loop][INFO] - 	 Starting Epoch: 1954
[2026-06-20 08:37:15,426][src.modRNN.training.training_loop][INFO] - train epoch 1954 loss 0.2469 accuracy 93.75%
[2026-06-20 08:37:15,428][src.modRNN.training.training_loop][INFO] - 	 Starting Epoch: 1955
[2026-06-20 08:37:16,173][src.modRNN.training.training_loop][INFO] - train epoch 1955 loss 0.2334 accuracy 96.88%
[2026-06-20 08:37:16,175][src.modRNN.training.training_loop][INFO] - 	 Starting Epoch: 1956
[2026-06-20 08:37:16,923][src.modRNN.training.training_loop][INFO] - train epoch 1956 loss 0.1767 accuracy 96.88%
[2026-06-20 08:37:16,925][src.modRNN.training.training_loop][INFO] - 	 Starting Epoch: 1957
[2026-06-20 08:37:17,667][src.modRNN.training.training_loop][INFO] - train epoch 1957 loss 0.2150 accuracy 98.44%
[2026-06-20 08:37:17,669][src.modRNN.training.training_loop][INFO] - 	 Starting Epoch: 1958
[2026-06-20 08:37:18,418][src.modRNN.training.training_loop][INFO] - train epoch 1958 loss 0.2103 accuracy 96.88%
[2026-06-20 08:37:18,420][src.modRNN.training.training_loop][INFO] - 	 Starting Epoch: 1959
[2026-06-20 08:37:19,163][src.modRNN.training.training_loop][INFO] - train epoch 1959 loss 0.2190 accuracy 96.88%
[2026-06-20 08:37:19,164][src.modRNN.training.training_loop][INFO] - 	 Starting Epoch: 1960
[2026-06-20 08:37:19,908][src.modRNN.training.training_loop][INFO] - train epoch 1960 loss 0.2211 accuracy 93.75%
[2026-06-20 08:37:19,910][src.modRNN.training.training_loop][INFO] - 	 Starting Epoch: 1961
[2026-06-20 08:37:20,654][src.modRNN.training.training_loop][INFO] - train epoch 1961 loss 0.2311 accuracy 95.31%
[2026-06-20 08:37:20,655][src.modRNN.training.training_loop][INFO] - 	 Starting Epoch: 1962
[2026-06-20 08:37:21,399][src.modRNN.training.training_loop][INFO] - train epoch 1962 loss 0.2557 accuracy 87.50%
[2026-06-20 08:37:21,401][src.modRNN.training.training_loop][INFO] - 	 Starting Epoch: 1963
[2026-06-20 08:37:22,147][src.modRNN.training.training_loop][INFO] - train epoch 1963 loss 0.2270 accuracy 93.75%
[2026-06-20 08:37:22,149][src.modRNN.training.training_loop][INFO] - 	 Starting Epoch: 1964
[2026-06-20 08:37:22,890][src.modRNN.training.training_loop][INFO] - train epoch 1964 loss 0.2183 accuracy 95.31%
[2026-06-20 08:37:22,892][src.modRNN.training.training_loop][INFO] - 	 Starting Epoch: 1965
[2026-06-20 08:37:23,640][src.modRNN.training.training_loop][INFO] - train epoch 1965 loss 0.2170 accuracy 93.75%
[2026-06-20 08:37:23,641][src.modRNN.training.training_loop][INFO] - 	 Starting Epoch: 1966
[2026-06-20 08:37:24,384][src.modRNN.training.training_loop][INFO] - train epoch 1966 loss 0.2976 accuracy 87.50%
[2026-06-20 08:37:24,386][src.modRNN.training.training_loop][INFO] - 	 Starting Epoch: 1967
[2026-06-20 08:37:25,129][src.modRNN.training.training_loop][INFO] - train epoch 1967 loss 0.2024 accuracy 92.19%
[2026-06-20 08:37:25,131][src.modRNN.training.training_loop][INFO] - 	 Starting Epoch: 1968
[2026-06-20 08:37:25,875][src.modRNN.training.training_loop][INFO] - train epoch 1968 loss 0.2099 accuracy 93.75%
[2026-06-20 08:37:25,877][src.modRNN.training.training_loop][INFO] - 	 Starting Epoch: 1969
[2026-06-20 08:37:26,628][src.modRNN.training.training_loop][INFO] - train epoch 1969 loss 0.3070 accuracy 85.94%
[2026-06-20 08:37:26,630][src.modRNN.training.training_loop][INFO] - 	 Starting Epoch: 1970
[2026-06-20 08:37:27,374][src.modRNN.training.training_loop][INFO] - train epoch 1970 loss 0.2321 accuracy 93.75%
[2026-06-20 08:37:27,376][src.modRNN.training.training_loop][INFO] - 	 Starting Epoch: 1971
[2026-06-20 08:37:28,119][src.modRNN.training.training_loop][INFO] - train epoch 1971 loss 0.2051 accuracy 93.75%
[2026-06-20 08:37:28,121][src.modRNN.training.training_loop][INFO] - 	 Starting Epoch: 1972
[2026-06-20 08:37:28,869][src.modRNN.training.training_loop][INFO] - train epoch 1972 loss 0.2412 accuracy 93.75%
[2026-06-20 08:37:28,871][src.modRNN.training.training_loop][INFO] - 	 Starting Epoch: 1973
[2026-06-20 08:37:29,615][src.modRNN.training.training_loop][INFO] - train epoch 1973 loss 0.2670 accuracy 90.62%
[2026-06-20 08:37:29,617][src.modRNN.training.training_loop][INFO] - 	 Starting Epoch: 1974
[2026-06-20 08:37:30,364][src.modRNN.training.training_loop][INFO] - train epoch 1974 loss 0.2926 accuracy 92.19%
[2026-06-20 08:37:30,366][src.modRNN.training.training_loop][INFO] - 	 Starting Epoch: 1975
[2026-06-20 08:37:31,109][src.modRNN.training.training_loop][INFO] - train epoch 1975 loss 0.2879 accuracy 92.19%
[2026-06-20 08:37:31,110][src.modRNN.training.training_loop][INFO] - 	 Starting Epoch: 1976
[2026-06-20 08:37:31,850][src.modRNN.training.training_loop][INFO] - train epoch 1976 loss 0.2805 accuracy 90.62%
[2026-06-20 08:37:33,056][src.modRNN.training.training_loop][INFO] - eval  epoch 1976 loss 0.2156 accuracy 93.95%
[2026-06-20 08:37:33,057][src.modRNN.training.training_loop][INFO] - 	 Starting Epoch: 1977
[2026-06-20 08:37:33,797][src.modRNN.training.training_loop][INFO] - train epoch 1977 loss 0.1764 accuracy 98.44%
[2026-06-20 08:37:33,798][src.modRNN.training.training_loop][INFO] - 	 Starting Epoch: 1978
[2026-06-20 08:37:34,539][src.modRNN.training.training_loop][INFO] - train epoch 1978 loss 0.2143 accuracy 93.75%
[2026-06-20 08:37:34,542][src.modRNN.training.training_loop][INFO] - 	 Starting Epoch: 1979
[2026-06-20 08:37:35,286][src.modRNN.training.training_loop][INFO] - train epoch 1979 loss 0.2042 accuracy 93.75%
[2026-06-20 08:37:35,288][src.modRNN.training.training_loop][INFO] - 	 Starting Epoch: 1980
[2026-06-20 08:37:36,029][src.modRNN.training.training_loop][INFO] - train epoch 1980 loss 0.2368 accuracy 90.62%
[2026-06-20 08:37:36,030][src.modRNN.training.training_loop][INFO] - 	 Starting Epoch: 1981
[2026-06-20 08:37:36,770][src.modRNN.training.training_loop][INFO] - train epoch 1981 loss 0.1592 accuracy 96.88%
[2026-06-20 08:37:36,773][src.modRNN.training.training_loop][INFO] - 	 Starting Epoch: 1982
[2026-06-20 08:37:37,513][src.modRNN.training.training_loop][INFO] - train epoch 1982 loss 0.2244 accuracy 93.75%
[2026-06-20 08:37:37,515][src.modRNN.training.training_loop][INFO] - 	 Starting Epoch: 1983
[2026-06-20 08:37:38,256][src.modRNN.training.training_loop][INFO] - train epoch 1983 loss 0.1817 accuracy 93.75%
[2026-06-20 08:37:38,257][src.modRNN.training.training_loop][INFO] - 	 Starting Epoch: 1984
[2026-06-20 08:37:39,089][src.modRNN.training.training_loop][INFO] - train epoch 1984 loss 0.2182 accuracy 95.31%
[2026-06-20 08:37:39,099][src.modRNN.training.training_loop][INFO] - 	 Starting Epoch: 1985
[2026-06-20 08:37:40,140][src.modRNN.training.training_loop][INFO] - train epoch 1985 loss 0.1586 accuracy 98.44%
[2026-06-20 08:37:40,158][src.modRNN.training.training_loop][INFO] - 	 Starting Epoch: 1986
[2026-06-20 08:37:40,913][src.modRNN.training.training_loop][INFO] - train epoch 1986 loss 0.1938 accuracy 96.88%
[2026-06-20 08:37:40,915][src.modRNN.training.training_loop][INFO] - 	 Starting Epoch: 1987
[2026-06-20 08:37:41,827][src.modRNN.training.training_loop][INFO] - train epoch 1987 loss 0.1709 accuracy 96.88%
[2026-06-20 08:37:41,851][src.modRNN.training.training_loop][INFO] - 	 Starting Epoch: 1988
[2026-06-20 08:37:42,774][src.modRNN.training.training_loop][INFO] - train epoch 1988 loss 0.2286 accuracy 96.88%
[2026-06-20 08:37:42,783][src.modRNN.training.training_loop][INFO] - 	 Starting Epoch: 1989
[2026-06-20 08:37:43,744][src.modRNN.training.training_loop][INFO] - train epoch 1989 loss 0.1576 accuracy 98.44%
[2026-06-20 08:37:43,751][src.modRNN.training.training_loop][INFO] - 	 Starting Epoch: 1990
[2026-06-20 08:37:44,616][src.modRNN.training.training_loop][INFO] - train epoch 1990 loss 0.1989 accuracy 92.19%
[2026-06-20 08:37:44,620][src.modRNN.training.training_loop][INFO] - 	 Starting Epoch: 1991
[2026-06-20 08:37:45,361][src.modRNN.training.training_loop][INFO] - train epoch 1991 loss 0.2596 accuracy 90.62%
[2026-06-20 08:37:45,363][src.modRNN.training.training_loop][INFO] - 	 Starting Epoch: 1992
[2026-06-20 08:37:46,108][src.modRNN.training.training_loop][INFO] - train epoch 1992 loss 0.1989 accuracy 90.62%
[2026-06-20 08:37:46,109][src.modRNN.training.training_loop][INFO] - 	 Starting Epoch: 1993
[2026-06-20 08:37:46,854][src.modRNN.training.training_loop][INFO] - train epoch 1993 loss 0.2291 accuracy 93.75%
[2026-06-20 08:37:46,861][src.modRNN.training.training_loop][INFO] - 	 Starting Epoch: 1994
[2026-06-20 08:37:47,725][src.modRNN.training.training_loop][INFO] - train epoch 1994 loss 0.2515 accuracy 89.06%
[2026-06-20 08:37:47,732][src.modRNN.training.training_loop][INFO] - 	 Starting Epoch: 1995
[2026-06-20 08:37:48,646][src.modRNN.training.training_loop][INFO] - train epoch 1995 loss 0.1896 accuracy 95.31%
[2026-06-20 08:37:48,652][src.modRNN.training.training_loop][INFO] - 	 Starting Epoch: 1996
[2026-06-20 08:37:49,497][src.modRNN.training.training_loop][INFO] - train epoch 1996 loss 0.1695 accuracy 95.31%
[2026-06-20 08:37:49,503][src.modRNN.training.training_loop][INFO] - 	 Starting Epoch: 1997
[2026-06-20 08:37:50,260][src.modRNN.training.training_loop][INFO] - train epoch 1997 loss 0.1545 accuracy 96.88%
[2026-06-20 08:37:50,262][src.modRNN.training.training_loop][INFO] - 	 Starting Epoch: 1998
[2026-06-20 08:37:51,006][src.modRNN.training.training_loop][INFO] - train epoch 1998 loss 0.1967 accuracy 95.31%
[2026-06-20 08:37:51,007][src.modRNN.training.training_loop][INFO] - 	 Starting Epoch: 1999
[2026-06-20 08:37:51,748][src.modRNN.training.training_loop][INFO] - train epoch 1999 loss 0.1983 accuracy 95.31%
[2026-06-20 08:37:51,750][src.modRNN.training.training_loop][INFO] - 	 Starting Epoch: 2000
[2026-06-20 08:37:52,491][src.modRNN.training.training_loop][INFO] - train epoch 2000 loss 0.1548 accuracy 96.88%
[2026-06-20 08:37:53,703][src.modRNN.training.training_loop][INFO] - eval  epoch 2000 loss 0.2168 accuracy 92.97%
[2026-06-20 08:38:00,753][src.modRNN.training.training_loop][INFO] - firing rate eval set  average 16.2 max 111.8 min 0.0
[2026-06-20 08:38:03,911][src.modRNN.training.training_loop][INFO] - Training completed all 2000 iterations.
