[2026-05-04 18:51:26,498][jax._src.xla_bridge][INFO] - Unable to initialize backend 'rocm': module 'jaxlib.xla_extension' has no attribute 'GpuAllocatorConfig'
[2026-05-04 18:51:26,500][jax._src.xla_bridge][INFO] - Unable to initialize backend 'tpu': INTERNAL: Failed to open libtpu.so: libtpu.so: cannot open shared object file: No such file or directory
[2026-05-04 18:51:37,149][src.modRNN.training.training_loop][INFO] - Starting training...
[2026-05-04 18:51:38,004][src.modRNN.training.training_loop][INFO] - 	 Starting Epoch: 1
[2026-05-04 18:51:42,993][src.modRNN.training.training_loop][INFO] - train epoch 001 loss 0.6931 accuracy 48.44%
[2026-05-04 18:51:45,343][src.modRNN.training.training_loop][INFO] - eval  epoch 001 loss 0.6932 accuracy 50.78%
[2026-05-04 18:51:45,345][src.modRNN.training.training_loop][INFO] - 	 Starting Epoch: 2
[2026-05-04 18:51:46,647][src.modRNN.training.training_loop][INFO] - train epoch 002 loss 0.6932 accuracy 43.75%
[2026-05-04 18:51:46,649][src.modRNN.training.training_loop][INFO] - 	 Starting Epoch: 3
[2026-05-04 18:51:47,952][src.modRNN.training.training_loop][INFO] - train epoch 003 loss 0.6933 accuracy 39.06%
[2026-05-04 18:51:47,953][src.modRNN.training.training_loop][INFO] - 	 Starting Epoch: 4
[2026-05-04 18:51:49,255][src.modRNN.training.training_loop][INFO] - train epoch 004 loss 0.6931 accuracy 57.81%
[2026-05-04 18:51:49,256][src.modRNN.training.training_loop][INFO] - 	 Starting Epoch: 5
[2026-05-04 18:51:50,558][src.modRNN.training.training_loop][INFO] - train epoch 005 loss 0.6932 accuracy 48.44%
[2026-05-04 18:51:50,559][src.modRNN.training.training_loop][INFO] - 	 Starting Epoch: 6
[2026-05-04 18:51:51,865][src.modRNN.training.training_loop][INFO] - train epoch 006 loss 0.6931 accuracy 62.50%
[2026-05-04 18:51:51,866][src.modRNN.training.training_loop][INFO] - 	 Starting Epoch: 7
[2026-05-04 18:51:53,176][src.modRNN.training.training_loop][INFO] - train epoch 007 loss 0.6931 accuracy 51.56%
[2026-05-04 18:51:53,178][src.modRNN.training.training_loop][INFO] - 	 Starting Epoch: 8
[2026-05-04 18:51:54,484][src.modRNN.training.training_loop][INFO] - train epoch 008 loss 0.6930 accuracy 59.38%
[2026-05-04 18:51:54,486][src.modRNN.training.training_loop][INFO] - 	 Starting Epoch: 9
[2026-05-04 18:51:55,792][src.modRNN.training.training_loop][INFO] - train epoch 009 loss 0.6932 accuracy 48.44%
[2026-05-04 18:51:55,794][src.modRNN.training.training_loop][INFO] - 	 Starting Epoch: 10
[2026-05-04 18:51:57,100][src.modRNN.training.training_loop][INFO] - train epoch 010 loss 0.6932 accuracy 59.38%
[2026-05-04 18:51:57,101][src.modRNN.training.training_loop][INFO] - 	 Starting Epoch: 11
[2026-05-04 18:51:58,407][src.modRNN.training.training_loop][INFO] - train epoch 011 loss 0.6932 accuracy 40.62%
[2026-05-04 18:51:58,409][src.modRNN.training.training_loop][INFO] - 	 Starting Epoch: 12
[2026-05-04 18:51:59,717][src.modRNN.training.training_loop][INFO] - train epoch 012 loss 0.6931 accuracy 53.12%
[2026-05-04 18:51:59,718][src.modRNN.training.training_loop][INFO] - 	 Starting Epoch: 13
[2026-05-04 18:52:01,025][src.modRNN.training.training_loop][INFO] - train epoch 013 loss 0.6931 accuracy 56.25%
[2026-05-04 18:52:01,027][src.modRNN.training.training_loop][INFO] - 	 Starting Epoch: 14
[2026-05-04 18:52:02,344][src.modRNN.training.training_loop][INFO] - train epoch 014 loss 0.6932 accuracy 56.25%
[2026-05-04 18:52:02,346][src.modRNN.training.training_loop][INFO] - 	 Starting Epoch: 15
[2026-05-04 18:52:03,663][src.modRNN.training.training_loop][INFO] - train epoch 015 loss 0.6931 accuracy 53.12%
[2026-05-04 18:52:03,665][src.modRNN.training.training_loop][INFO] - 	 Starting Epoch: 16
[2026-05-04 18:52:04,982][src.modRNN.training.training_loop][INFO] - train epoch 016 loss 0.6931 accuracy 57.81%
[2026-05-04 18:52:04,983][src.modRNN.training.training_loop][INFO] - 	 Starting Epoch: 17
[2026-05-04 18:52:06,302][src.modRNN.training.training_loop][INFO] - train epoch 017 loss 0.6932 accuracy 54.69%
[2026-05-04 18:52:06,304][src.modRNN.training.training_loop][INFO] - 	 Starting Epoch: 18
[2026-05-04 18:52:07,621][src.modRNN.training.training_loop][INFO] - train epoch 018 loss 0.6932 accuracy 46.88%
[2026-05-04 18:52:07,623][src.modRNN.training.training_loop][INFO] - 	 Starting Epoch: 19
[2026-05-04 18:52:08,941][src.modRNN.training.training_loop][INFO] - train epoch 019 loss 0.6931 accuracy 50.00%
[2026-05-04 18:52:08,943][src.modRNN.training.training_loop][INFO] - 	 Starting Epoch: 20
[2026-05-04 18:52:10,261][src.modRNN.training.training_loop][INFO] - train epoch 020 loss 0.6931 accuracy 53.12%
[2026-05-04 18:52:10,263][src.modRNN.training.training_loop][INFO] - 	 Starting Epoch: 21
[2026-05-04 18:52:11,581][src.modRNN.training.training_loop][INFO] - train epoch 021 loss 0.6932 accuracy 43.75%
[2026-05-04 18:52:11,583][src.modRNN.training.training_loop][INFO] - 	 Starting Epoch: 22
[2026-05-04 18:52:12,899][src.modRNN.training.training_loop][INFO] - train epoch 022 loss 0.6932 accuracy 48.44%
[2026-05-04 18:52:12,900][src.modRNN.training.training_loop][INFO] - 	 Starting Epoch: 23
[2026-05-04 18:52:14,217][src.modRNN.training.training_loop][INFO] - train epoch 023 loss 0.6932 accuracy 46.88%
[2026-05-04 18:52:14,219][src.modRNN.training.training_loop][INFO] - 	 Starting Epoch: 24
[2026-05-04 18:52:15,538][src.modRNN.training.training_loop][INFO] - train epoch 024 loss 0.6931 accuracy 50.00%
[2026-05-04 18:52:15,539][src.modRNN.training.training_loop][INFO] - 	 Starting Epoch: 25
[2026-05-04 18:52:16,857][src.modRNN.training.training_loop][INFO] - train epoch 025 loss 0.6931 accuracy 48.44%
[2026-05-04 18:52:16,859][src.modRNN.training.training_loop][INFO] - 	 Starting Epoch: 26
[2026-05-04 18:52:18,172][src.modRNN.training.training_loop][INFO] - train epoch 026 loss 0.6932 accuracy 51.56%
[2026-05-04 18:52:20,293][src.modRNN.training.training_loop][INFO] - eval  epoch 026 loss 0.6931 accuracy 52.73%
[2026-05-04 18:52:20,295][src.modRNN.training.training_loop][INFO] - 	 Starting Epoch: 27
[2026-05-04 18:52:21,618][src.modRNN.training.training_loop][INFO] - train epoch 027 loss 0.6931 accuracy 62.50%
[2026-05-04 18:52:21,619][src.modRNN.training.training_loop][INFO] - 	 Starting Epoch: 28
[2026-05-04 18:52:22,944][src.modRNN.training.training_loop][INFO] - train epoch 028 loss 0.6932 accuracy 50.00%
[2026-05-04 18:52:22,945][src.modRNN.training.training_loop][INFO] - 	 Starting Epoch: 29
[2026-05-04 18:52:24,291][src.modRNN.training.training_loop][INFO] - train epoch 029 loss 0.6932 accuracy 40.62%
[2026-05-04 18:52:24,295][src.modRNN.training.training_loop][INFO] - 	 Starting Epoch: 30
[2026-05-04 18:52:25,668][src.modRNN.training.training_loop][INFO] - train epoch 030 loss 0.6930 accuracy 56.25%
[2026-05-04 18:52:25,669][src.modRNN.training.training_loop][INFO] - 	 Starting Epoch: 31
[2026-05-04 18:52:26,993][src.modRNN.training.training_loop][INFO] - train epoch 031 loss 0.6931 accuracy 57.81%
[2026-05-04 18:52:26,994][src.modRNN.training.training_loop][INFO] - 	 Starting Epoch: 32
[2026-05-04 18:52:28,321][src.modRNN.training.training_loop][INFO] - train epoch 032 loss 0.6932 accuracy 46.88%
[2026-05-04 18:52:28,323][src.modRNN.training.training_loop][INFO] - 	 Starting Epoch: 33
[2026-05-04 18:52:29,648][src.modRNN.training.training_loop][INFO] - train epoch 033 loss 0.6932 accuracy 48.44%
[2026-05-04 18:52:29,649][src.modRNN.training.training_loop][INFO] - 	 Starting Epoch: 34
[2026-05-04 18:52:30,973][src.modRNN.training.training_loop][INFO] - train epoch 034 loss 0.6931 accuracy 65.62%
[2026-05-04 18:52:30,974][src.modRNN.training.training_loop][INFO] - 	 Starting Epoch: 35
[2026-05-04 18:52:32,291][src.modRNN.training.training_loop][INFO] - train epoch 035 loss 0.6931 accuracy 57.81%
[2026-05-04 18:52:32,293][src.modRNN.training.training_loop][INFO] - 	 Starting Epoch: 36
[2026-05-04 18:52:33,608][src.modRNN.training.training_loop][INFO] - train epoch 036 loss 0.6930 accuracy 54.69%
[2026-05-04 18:52:33,610][src.modRNN.training.training_loop][INFO] - 	 Starting Epoch: 37
[2026-05-04 18:52:34,925][src.modRNN.training.training_loop][INFO] - train epoch 037 loss 0.6930 accuracy 64.06%
[2026-05-04 18:52:34,927][src.modRNN.training.training_loop][INFO] - 	 Starting Epoch: 38
[2026-05-04 18:52:36,245][src.modRNN.training.training_loop][INFO] - train epoch 038 loss 0.6929 accuracy 54.69%
[2026-05-04 18:52:36,247][src.modRNN.training.training_loop][INFO] - 	 Starting Epoch: 39
[2026-05-04 18:52:37,560][src.modRNN.training.training_loop][INFO] - train epoch 039 loss 0.6931 accuracy 54.69%
[2026-05-04 18:52:37,561][src.modRNN.training.training_loop][INFO] - 	 Starting Epoch: 40
[2026-05-04 18:52:38,874][src.modRNN.training.training_loop][INFO] - train epoch 040 loss 0.6930 accuracy 56.25%
[2026-05-04 18:52:38,876][src.modRNN.training.training_loop][INFO] - 	 Starting Epoch: 41
[2026-05-04 18:52:40,189][src.modRNN.training.training_loop][INFO] - train epoch 041 loss 0.6931 accuracy 45.31%
[2026-05-04 18:52:40,190][src.modRNN.training.training_loop][INFO] - 	 Starting Epoch: 42
[2026-05-04 18:52:41,505][src.modRNN.training.training_loop][INFO] - train epoch 042 loss 0.6933 accuracy 42.19%
[2026-05-04 18:52:41,507][src.modRNN.training.training_loop][INFO] - 	 Starting Epoch: 43
[2026-05-04 18:52:42,822][src.modRNN.training.training_loop][INFO] - train epoch 043 loss 0.6931 accuracy 51.56%
[2026-05-04 18:52:42,824][src.modRNN.training.training_loop][INFO] - 	 Starting Epoch: 44
[2026-05-04 18:52:44,139][src.modRNN.training.training_loop][INFO] - train epoch 044 loss 0.6930 accuracy 51.56%
[2026-05-04 18:52:44,141][src.modRNN.training.training_loop][INFO] - 	 Starting Epoch: 45
[2026-05-04 18:52:45,455][src.modRNN.training.training_loop][INFO] - train epoch 045 loss 0.6931 accuracy 53.12%
[2026-05-04 18:52:45,456][src.modRNN.training.training_loop][INFO] - 	 Starting Epoch: 46
[2026-05-04 18:52:46,775][src.modRNN.training.training_loop][INFO] - train epoch 046 loss 0.6930 accuracy 51.56%
[2026-05-04 18:52:46,776][src.modRNN.training.training_loop][INFO] - 	 Starting Epoch: 47
[2026-05-04 18:52:48,103][src.modRNN.training.training_loop][INFO] - train epoch 047 loss 0.6930 accuracy 51.56%
[2026-05-04 18:52:48,104][src.modRNN.training.training_loop][INFO] - 	 Starting Epoch: 48
[2026-05-04 18:52:49,433][src.modRNN.training.training_loop][INFO] - train epoch 048 loss 0.6931 accuracy 48.44%
[2026-05-04 18:52:49,434][src.modRNN.training.training_loop][INFO] - 	 Starting Epoch: 49
[2026-05-04 18:52:50,764][src.modRNN.training.training_loop][INFO] - train epoch 049 loss 0.6931 accuracy 53.12%
[2026-05-04 18:52:50,765][src.modRNN.training.training_loop][INFO] - 	 Starting Epoch: 50
[2026-05-04 18:52:52,094][src.modRNN.training.training_loop][INFO] - train epoch 050 loss 0.6929 accuracy 51.56%
[2026-05-04 18:52:52,096][src.modRNN.training.training_loop][INFO] - 	 Starting Epoch: 51
[2026-05-04 18:52:53,420][src.modRNN.training.training_loop][INFO] - train epoch 051 loss 0.6931 accuracy 48.44%
[2026-05-04 18:52:55,560][src.modRNN.training.training_loop][INFO] - eval  epoch 051 loss 0.6930 accuracy 52.15%
[2026-05-04 18:52:55,561][src.modRNN.training.training_loop][INFO] - 	 Starting Epoch: 52
[2026-05-04 18:52:56,888][src.modRNN.training.training_loop][INFO] - train epoch 052 loss 0.6928 accuracy 60.94%
[2026-05-04 18:52:56,889][src.modRNN.training.training_loop][INFO] - 	 Starting Epoch: 53
[2026-05-04 18:52:58,220][src.modRNN.training.training_loop][INFO] - train epoch 053 loss 0.6933 accuracy 42.19%
[2026-05-04 18:52:58,222][src.modRNN.training.training_loop][INFO] - 	 Starting Epoch: 54
[2026-05-04 18:52:59,548][src.modRNN.training.training_loop][INFO] - train epoch 054 loss 0.6927 accuracy 64.06%
[2026-05-04 18:52:59,549][src.modRNN.training.training_loop][INFO] - 	 Starting Epoch: 55
[2026-05-04 18:53:00,875][src.modRNN.training.training_loop][INFO] - train epoch 055 loss 0.6932 accuracy 46.88%
[2026-05-04 18:53:00,876][src.modRNN.training.training_loop][INFO] - 	 Starting Epoch: 56
[2026-05-04 18:53:02,215][src.modRNN.training.training_loop][INFO] - train epoch 056 loss 0.6931 accuracy 39.06%
[2026-05-04 18:53:02,216][src.modRNN.training.training_loop][INFO] - 	 Starting Epoch: 57
[2026-05-04 18:53:03,546][src.modRNN.training.training_loop][INFO] - train epoch 057 loss 0.6928 accuracy 64.06%
[2026-05-04 18:53:03,548][src.modRNN.training.training_loop][INFO] - 	 Starting Epoch: 58
[2026-05-04 18:53:04,871][src.modRNN.training.training_loop][INFO] - train epoch 058 loss 0.6931 accuracy 39.06%
[2026-05-04 18:53:04,873][src.modRNN.training.training_loop][INFO] - 	 Starting Epoch: 59
[2026-05-04 18:53:06,200][src.modRNN.training.training_loop][INFO] - train epoch 059 loss 0.6929 accuracy 48.44%
[2026-05-04 18:53:06,201][src.modRNN.training.training_loop][INFO] - 	 Starting Epoch: 60
[2026-05-04 18:53:07,525][src.modRNN.training.training_loop][INFO] - train epoch 060 loss 0.6929 accuracy 51.56%
[2026-05-04 18:53:07,527][src.modRNN.training.training_loop][INFO] - 	 Starting Epoch: 61
[2026-05-04 18:53:08,852][src.modRNN.training.training_loop][INFO] - train epoch 061 loss 0.6931 accuracy 45.31%
[2026-05-04 18:53:08,853][src.modRNN.training.training_loop][INFO] - 	 Starting Epoch: 62
[2026-05-04 18:53:10,180][src.modRNN.training.training_loop][INFO] - train epoch 062 loss 0.6929 accuracy 53.12%
[2026-05-04 18:53:10,182][src.modRNN.training.training_loop][INFO] - 	 Starting Epoch: 63
[2026-05-04 18:53:11,509][src.modRNN.training.training_loop][INFO] - train epoch 063 loss 0.6927 accuracy 53.12%
[2026-05-04 18:53:11,511][src.modRNN.training.training_loop][INFO] - 	 Starting Epoch: 64
[2026-05-04 18:53:12,833][src.modRNN.training.training_loop][INFO] - train epoch 064 loss 0.6930 accuracy 46.88%
[2026-05-04 18:53:12,835][src.modRNN.training.training_loop][INFO] - 	 Starting Epoch: 65
[2026-05-04 18:53:14,159][src.modRNN.training.training_loop][INFO] - train epoch 065 loss 0.6930 accuracy 53.12%
[2026-05-04 18:53:14,161][src.modRNN.training.training_loop][INFO] - 	 Starting Epoch: 66
[2026-05-04 18:53:15,487][src.modRNN.training.training_loop][INFO] - train epoch 066 loss 0.6925 accuracy 67.19%
[2026-05-04 18:53:15,488][src.modRNN.training.training_loop][INFO] - 	 Starting Epoch: 67
[2026-05-04 18:53:16,814][src.modRNN.training.training_loop][INFO] - train epoch 067 loss 0.6928 accuracy 65.62%
[2026-05-04 18:53:16,815][src.modRNN.training.training_loop][INFO] - 	 Starting Epoch: 68
[2026-05-04 18:53:18,143][src.modRNN.training.training_loop][INFO] - train epoch 068 loss 0.6928 accuracy 65.62%
[2026-05-04 18:53:18,144][src.modRNN.training.training_loop][INFO] - 	 Starting Epoch: 69
[2026-05-04 18:53:19,472][src.modRNN.training.training_loop][INFO] - train epoch 069 loss 0.6928 accuracy 48.44%
[2026-05-04 18:53:19,473][src.modRNN.training.training_loop][INFO] - 	 Starting Epoch: 70
[2026-05-04 18:53:20,798][src.modRNN.training.training_loop][INFO] - train epoch 070 loss 0.6921 accuracy 51.56%
[2026-05-04 18:53:20,800][src.modRNN.training.training_loop][INFO] - 	 Starting Epoch: 71
[2026-05-04 18:53:22,125][src.modRNN.training.training_loop][INFO] - train epoch 071 loss 0.6925 accuracy 50.00%
[2026-05-04 18:53:22,127][src.modRNN.training.training_loop][INFO] - 	 Starting Epoch: 72
[2026-05-04 18:53:23,453][src.modRNN.training.training_loop][INFO] - train epoch 072 loss 0.6922 accuracy 60.94%
[2026-05-04 18:53:23,454][src.modRNN.training.training_loop][INFO] - 	 Starting Epoch: 73
[2026-05-04 18:53:24,824][src.modRNN.training.training_loop][INFO] - train epoch 073 loss 0.6928 accuracy 57.81%
[2026-05-04 18:53:24,826][src.modRNN.training.training_loop][INFO] - 	 Starting Epoch: 74
[2026-05-04 18:53:26,152][src.modRNN.training.training_loop][INFO] - train epoch 074 loss 0.6928 accuracy 50.00%
[2026-05-04 18:53:26,153][src.modRNN.training.training_loop][INFO] - 	 Starting Epoch: 75
[2026-05-04 18:53:27,483][src.modRNN.training.training_loop][INFO] - train epoch 075 loss 0.6920 accuracy 57.81%
[2026-05-04 18:53:27,485][src.modRNN.training.training_loop][INFO] - 	 Starting Epoch: 76
[2026-05-04 18:53:28,810][src.modRNN.training.training_loop][INFO] - train epoch 076 loss 0.6908 accuracy 59.38%
[2026-05-04 18:53:30,947][src.modRNN.training.training_loop][INFO] - eval  epoch 076 loss 0.6917 accuracy 53.91%
[2026-05-04 18:53:30,949][src.modRNN.training.training_loop][INFO] - 	 Starting Epoch: 77
[2026-05-04 18:53:32,269][src.modRNN.training.training_loop][INFO] - train epoch 077 loss 0.6910 accuracy 62.50%
[2026-05-04 18:53:32,270][src.modRNN.training.training_loop][INFO] - 	 Starting Epoch: 78
[2026-05-04 18:53:33,589][src.modRNN.training.training_loop][INFO] - train epoch 078 loss 0.6906 accuracy 57.81%
[2026-05-04 18:53:33,590][src.modRNN.training.training_loop][INFO] - 	 Starting Epoch: 79
[2026-05-04 18:53:34,907][src.modRNN.training.training_loop][INFO] - train epoch 079 loss 0.6915 accuracy 43.75%
[2026-05-04 18:53:34,908][src.modRNN.training.training_loop][INFO] - 	 Starting Epoch: 80
[2026-05-04 18:53:36,226][src.modRNN.training.training_loop][INFO] - train epoch 080 loss 0.6889 accuracy 60.94%
[2026-05-04 18:53:36,227][src.modRNN.training.training_loop][INFO] - 	 Starting Epoch: 81
[2026-05-04 18:53:37,546][src.modRNN.training.training_loop][INFO] - train epoch 081 loss 0.6880 accuracy 57.81%
[2026-05-04 18:53:37,547][src.modRNN.training.training_loop][INFO] - 	 Starting Epoch: 82
[2026-05-04 18:53:38,865][src.modRNN.training.training_loop][INFO] - train epoch 082 loss 0.6897 accuracy 42.19%
[2026-05-04 18:53:38,867][src.modRNN.training.training_loop][INFO] - 	 Starting Epoch: 83
[2026-05-04 18:53:40,182][src.modRNN.training.training_loop][INFO] - train epoch 083 loss 0.6786 accuracy 56.25%
[2026-05-04 18:53:40,183][src.modRNN.training.training_loop][INFO] - 	 Starting Epoch: 84
[2026-05-04 18:53:41,499][src.modRNN.training.training_loop][INFO] - train epoch 084 loss 0.6867 accuracy 56.25%
[2026-05-04 18:53:41,501][src.modRNN.training.training_loop][INFO] - 	 Starting Epoch: 85
[2026-05-04 18:53:42,818][src.modRNN.training.training_loop][INFO] - train epoch 085 loss 0.6889 accuracy 42.19%
[2026-05-04 18:53:42,819][src.modRNN.training.training_loop][INFO] - 	 Starting Epoch: 86
[2026-05-04 18:53:44,137][src.modRNN.training.training_loop][INFO] - train epoch 086 loss 0.6819 accuracy 68.75%
[2026-05-04 18:53:44,138][src.modRNN.training.training_loop][INFO] - 	 Starting Epoch: 87
[2026-05-04 18:53:45,456][src.modRNN.training.training_loop][INFO] - train epoch 087 loss 0.6933 accuracy 40.62%
[2026-05-04 18:53:45,458][src.modRNN.training.training_loop][INFO] - 	 Starting Epoch: 88
[2026-05-04 18:53:46,775][src.modRNN.training.training_loop][INFO] - train epoch 088 loss 0.6739 accuracy 48.44%
[2026-05-04 18:53:46,776][src.modRNN.training.training_loop][INFO] - 	 Starting Epoch: 89
[2026-05-04 18:53:48,092][src.modRNN.training.training_loop][INFO] - train epoch 089 loss 0.6835 accuracy 53.12%
[2026-05-04 18:53:48,094][src.modRNN.training.training_loop][INFO] - 	 Starting Epoch: 90
[2026-05-04 18:53:49,408][src.modRNN.training.training_loop][INFO] - train epoch 090 loss 0.6892 accuracy 59.38%
[2026-05-04 18:53:49,409][src.modRNN.training.training_loop][INFO] - 	 Starting Epoch: 91
[2026-05-04 18:53:50,725][src.modRNN.training.training_loop][INFO] - train epoch 091 loss 0.6923 accuracy 64.06%
[2026-05-04 18:53:50,726][src.modRNN.training.training_loop][INFO] - 	 Starting Epoch: 92
[2026-05-04 18:53:52,043][src.modRNN.training.training_loop][INFO] - train epoch 092 loss 0.6908 accuracy 65.62%
[2026-05-04 18:53:52,044][src.modRNN.training.training_loop][INFO] - 	 Starting Epoch: 93
[2026-05-04 18:53:53,362][src.modRNN.training.training_loop][INFO] - train epoch 093 loss 0.6936 accuracy 57.81%
[2026-05-04 18:53:53,363][src.modRNN.training.training_loop][INFO] - 	 Starting Epoch: 94
[2026-05-04 18:53:54,683][src.modRNN.training.training_loop][INFO] - train epoch 094 loss 0.6963 accuracy 59.38%
[2026-05-04 18:53:54,685][src.modRNN.training.training_loop][INFO] - 	 Starting Epoch: 95
[2026-05-04 18:53:56,003][src.modRNN.training.training_loop][INFO] - train epoch 095 loss 0.6786 accuracy 64.06%
[2026-05-04 18:53:56,005][src.modRNN.training.training_loop][INFO] - 	 Starting Epoch: 96
[2026-05-04 18:53:57,321][src.modRNN.training.training_loop][INFO] - train epoch 096 loss 0.6808 accuracy 54.69%
[2026-05-04 18:53:57,322][src.modRNN.training.training_loop][INFO] - 	 Starting Epoch: 97
[2026-05-04 18:53:58,639][src.modRNN.training.training_loop][INFO] - train epoch 097 loss 0.6873 accuracy 56.25%
[2026-05-04 18:53:58,641][src.modRNN.training.training_loop][INFO] - 	 Starting Epoch: 98
[2026-05-04 18:53:59,957][src.modRNN.training.training_loop][INFO] - train epoch 098 loss 0.7075 accuracy 48.44%
[2026-05-04 18:53:59,958][src.modRNN.training.training_loop][INFO] - 	 Starting Epoch: 99
[2026-05-04 18:54:01,276][src.modRNN.training.training_loop][INFO] - train epoch 099 loss 0.6905 accuracy 54.69%
[2026-05-04 18:54:01,277][src.modRNN.training.training_loop][INFO] - 	 Starting Epoch: 100
[2026-05-04 18:54:02,604][src.modRNN.training.training_loop][INFO] - train epoch 100 loss 0.6905 accuracy 62.50%
[2026-05-04 18:54:02,606][src.modRNN.training.training_loop][INFO] - 	 Starting Epoch: 101
[2026-05-04 18:54:03,930][src.modRNN.training.training_loop][INFO] - train epoch 101 loss 0.6912 accuracy 59.38%
[2026-05-04 18:54:06,065][src.modRNN.training.training_loop][INFO] - eval  epoch 101 loss 0.6914 accuracy 51.56%
[2026-05-04 18:54:06,067][src.modRNN.training.training_loop][INFO] - 	 Starting Epoch: 102
[2026-05-04 18:54:07,393][src.modRNN.training.training_loop][INFO] - train epoch 102 loss 0.6881 accuracy 57.81%
[2026-05-04 18:54:07,394][src.modRNN.training.training_loop][INFO] - 	 Starting Epoch: 103
[2026-05-04 18:54:08,719][src.modRNN.training.training_loop][INFO] - train epoch 103 loss 0.6882 accuracy 48.44%
[2026-05-04 18:54:08,720][src.modRNN.training.training_loop][INFO] - 	 Starting Epoch: 104
[2026-05-04 18:54:10,045][src.modRNN.training.training_loop][INFO] - train epoch 104 loss 0.6891 accuracy 59.38%
[2026-05-04 18:54:10,046][src.modRNN.training.training_loop][INFO] - 	 Starting Epoch: 105
[2026-05-04 18:54:11,371][src.modRNN.training.training_loop][INFO] - train epoch 105 loss 0.6914 accuracy 43.75%
[2026-05-04 18:54:11,373][src.modRNN.training.training_loop][INFO] - 	 Starting Epoch: 106
[2026-05-04 18:54:12,698][src.modRNN.training.training_loop][INFO] - train epoch 106 loss 0.6949 accuracy 60.94%
[2026-05-04 18:54:12,699][src.modRNN.training.training_loop][INFO] - 	 Starting Epoch: 107
[2026-05-04 18:54:14,026][src.modRNN.training.training_loop][INFO] - train epoch 107 loss 0.6933 accuracy 57.81%
[2026-05-04 18:54:14,027][src.modRNN.training.training_loop][INFO] - 	 Starting Epoch: 108
[2026-05-04 18:54:15,354][src.modRNN.training.training_loop][INFO] - train epoch 108 loss 0.6870 accuracy 59.38%
[2026-05-04 18:54:15,356][src.modRNN.training.training_loop][INFO] - 	 Starting Epoch: 109
[2026-05-04 18:54:16,679][src.modRNN.training.training_loop][INFO] - train epoch 109 loss 0.6919 accuracy 53.12%
[2026-05-04 18:54:16,681][src.modRNN.training.training_loop][INFO] - 	 Starting Epoch: 110
[2026-05-04 18:54:18,006][src.modRNN.training.training_loop][INFO] - train epoch 110 loss 0.6804 accuracy 57.81%
[2026-05-04 18:54:18,008][src.modRNN.training.training_loop][INFO] - 	 Starting Epoch: 111
[2026-05-04 18:54:19,334][src.modRNN.training.training_loop][INFO] - train epoch 111 loss 0.6959 accuracy 59.38%
[2026-05-04 18:54:19,335][src.modRNN.training.training_loop][INFO] - 	 Starting Epoch: 112
[2026-05-04 18:54:20,660][src.modRNN.training.training_loop][INFO] - train epoch 112 loss 0.6896 accuracy 65.62%
[2026-05-04 18:54:20,662][src.modRNN.training.training_loop][INFO] - 	 Starting Epoch: 113
[2026-05-04 18:54:21,990][src.modRNN.training.training_loop][INFO] - train epoch 113 loss 0.6917 accuracy 43.75%
[2026-05-04 18:54:21,992][src.modRNN.training.training_loop][INFO] - 	 Starting Epoch: 114
[2026-05-04 18:54:23,315][src.modRNN.training.training_loop][INFO] - train epoch 114 loss 0.6842 accuracy 53.12%
[2026-05-04 18:54:23,316][src.modRNN.training.training_loop][INFO] - 	 Starting Epoch: 115
[2026-05-04 18:54:24,672][src.modRNN.training.training_loop][INFO] - train epoch 115 loss 0.6830 accuracy 56.25%
[2026-05-04 18:54:24,674][src.modRNN.training.training_loop][INFO] - 	 Starting Epoch: 116
[2026-05-04 18:54:26,005][src.modRNN.training.training_loop][INFO] - train epoch 116 loss 0.6972 accuracy 53.12%
[2026-05-04 18:54:26,006][src.modRNN.training.training_loop][INFO] - 	 Starting Epoch: 117
[2026-05-04 18:54:27,330][src.modRNN.training.training_loop][INFO] - train epoch 117 loss 0.7087 accuracy 43.75%
[2026-05-04 18:54:27,332][src.modRNN.training.training_loop][INFO] - 	 Starting Epoch: 118
[2026-05-04 18:54:28,657][src.modRNN.training.training_loop][INFO] - train epoch 118 loss 0.6835 accuracy 64.06%
[2026-05-04 18:54:28,659][src.modRNN.training.training_loop][INFO] - 	 Starting Epoch: 119
[2026-05-04 18:54:29,987][src.modRNN.training.training_loop][INFO] - train epoch 119 loss 0.6995 accuracy 46.88%
[2026-05-04 18:54:29,989][src.modRNN.training.training_loop][INFO] - 	 Starting Epoch: 120
[2026-05-04 18:54:31,313][src.modRNN.training.training_loop][INFO] - train epoch 120 loss 0.6887 accuracy 50.00%
[2026-05-04 18:54:31,315][src.modRNN.training.training_loop][INFO] - 	 Starting Epoch: 121
[2026-05-04 18:54:32,633][src.modRNN.training.training_loop][INFO] - train epoch 121 loss 0.6964 accuracy 46.88%
[2026-05-04 18:54:32,634][src.modRNN.training.training_loop][INFO] - 	 Starting Epoch: 122
[2026-05-04 18:54:33,951][src.modRNN.training.training_loop][INFO] - train epoch 122 loss 0.7008 accuracy 43.75%
[2026-05-04 18:54:33,952][src.modRNN.training.training_loop][INFO] - 	 Starting Epoch: 123
[2026-05-04 18:54:35,268][src.modRNN.training.training_loop][INFO] - train epoch 123 loss 0.6941 accuracy 57.81%
[2026-05-04 18:54:35,269][src.modRNN.training.training_loop][INFO] - 	 Starting Epoch: 124
[2026-05-04 18:54:36,587][src.modRNN.training.training_loop][INFO] - train epoch 124 loss 0.6897 accuracy 60.94%
[2026-05-04 18:54:36,589][src.modRNN.training.training_loop][INFO] - 	 Starting Epoch: 125
[2026-05-04 18:54:37,906][src.modRNN.training.training_loop][INFO] - train epoch 125 loss 0.6880 accuracy 53.12%
[2026-05-04 18:54:37,908][src.modRNN.training.training_loop][INFO] - 	 Starting Epoch: 126
[2026-05-04 18:54:39,222][src.modRNN.training.training_loop][INFO] - train epoch 126 loss 0.6977 accuracy 51.56%
[2026-05-04 18:54:41,358][src.modRNN.training.training_loop][INFO] - eval  epoch 126 loss 0.6919 accuracy 52.54%
[2026-05-04 18:54:41,360][src.modRNN.training.training_loop][INFO] - 	 Starting Epoch: 127
[2026-05-04 18:54:42,676][src.modRNN.training.training_loop][INFO] - train epoch 127 loss 0.6922 accuracy 51.56%
[2026-05-04 18:54:42,677][src.modRNN.training.training_loop][INFO] - 	 Starting Epoch: 128
[2026-05-04 18:54:43,992][src.modRNN.training.training_loop][INFO] - train epoch 128 loss 0.6863 accuracy 56.25%
[2026-05-04 18:54:43,994][src.modRNN.training.training_loop][INFO] - 	 Starting Epoch: 129
[2026-05-04 18:54:45,309][src.modRNN.training.training_loop][INFO] - train epoch 129 loss 0.6835 accuracy 57.81%
[2026-05-04 18:54:45,310][src.modRNN.training.training_loop][INFO] - 	 Starting Epoch: 130
[2026-05-04 18:54:46,627][src.modRNN.training.training_loop][INFO] - train epoch 130 loss 0.6896 accuracy 45.31%
[2026-05-04 18:54:46,629][src.modRNN.training.training_loop][INFO] - 	 Starting Epoch: 131
[2026-05-04 18:54:47,946][src.modRNN.training.training_loop][INFO] - train epoch 131 loss 0.6961 accuracy 48.44%
[2026-05-04 18:54:47,948][src.modRNN.training.training_loop][INFO] - 	 Starting Epoch: 132
[2026-05-04 18:54:49,266][src.modRNN.training.training_loop][INFO] - train epoch 132 loss 0.6687 accuracy 59.38%
[2026-05-04 18:54:49,268][src.modRNN.training.training_loop][INFO] - 	 Starting Epoch: 133
[2026-05-04 18:54:50,583][src.modRNN.training.training_loop][INFO] - train epoch 133 loss 0.6769 accuracy 50.00%
[2026-05-04 18:54:50,584][src.modRNN.training.training_loop][INFO] - 	 Starting Epoch: 134
[2026-05-04 18:54:51,903][src.modRNN.training.training_loop][INFO] - train epoch 134 loss 0.6796 accuracy 53.12%
[2026-05-04 18:54:51,904][src.modRNN.training.training_loop][INFO] - 	 Starting Epoch: 135
[2026-05-04 18:54:53,220][src.modRNN.training.training_loop][INFO] - train epoch 135 loss 0.6771 accuracy 57.81%
[2026-05-04 18:54:53,221][src.modRNN.training.training_loop][INFO] - 	 Starting Epoch: 136
[2026-05-04 18:54:54,537][src.modRNN.training.training_loop][INFO] - train epoch 136 loss 0.6812 accuracy 54.69%
[2026-05-04 18:54:54,538][src.modRNN.training.training_loop][INFO] - 	 Starting Epoch: 137
[2026-05-04 18:54:55,854][src.modRNN.training.training_loop][INFO] - train epoch 137 loss 0.6863 accuracy 48.44%
[2026-05-04 18:54:55,856][src.modRNN.training.training_loop][INFO] - 	 Starting Epoch: 138
[2026-05-04 18:54:57,171][src.modRNN.training.training_loop][INFO] - train epoch 138 loss 0.6837 accuracy 53.12%
[2026-05-04 18:54:57,173][src.modRNN.training.training_loop][INFO] - 	 Starting Epoch: 139
[2026-05-04 18:54:58,489][src.modRNN.training.training_loop][INFO] - train epoch 139 loss 0.6837 accuracy 50.00%
[2026-05-04 18:54:58,491][src.modRNN.training.training_loop][INFO] - 	 Starting Epoch: 140
[2026-05-04 18:54:59,807][src.modRNN.training.training_loop][INFO] - train epoch 140 loss 0.6560 accuracy 70.31%
[2026-05-04 18:54:59,808][src.modRNN.training.training_loop][INFO] - 	 Starting Epoch: 141
[2026-05-04 18:55:01,124][src.modRNN.training.training_loop][INFO] - train epoch 141 loss 0.6907 accuracy 50.00%
[2026-05-04 18:55:01,126][src.modRNN.training.training_loop][INFO] - 	 Starting Epoch: 142
[2026-05-04 18:55:02,453][src.modRNN.training.training_loop][INFO] - train epoch 142 loss 0.6641 accuracy 71.88%
[2026-05-04 18:55:02,455][src.modRNN.training.training_loop][INFO] - 	 Starting Epoch: 143
[2026-05-04 18:55:03,782][src.modRNN.training.training_loop][INFO] - train epoch 143 loss 0.6845 accuracy 50.00%
[2026-05-04 18:55:03,784][src.modRNN.training.training_loop][INFO] - 	 Starting Epoch: 144
[2026-05-04 18:55:05,112][src.modRNN.training.training_loop][INFO] - train epoch 144 loss 0.6810 accuracy 48.44%
[2026-05-04 18:55:05,113][src.modRNN.training.training_loop][INFO] - 	 Starting Epoch: 145
[2026-05-04 18:55:06,438][src.modRNN.training.training_loop][INFO] - train epoch 145 loss 0.6988 accuracy 54.69%
[2026-05-04 18:55:06,440][src.modRNN.training.training_loop][INFO] - 	 Starting Epoch: 146
[2026-05-04 18:55:07,764][src.modRNN.training.training_loop][INFO] - train epoch 146 loss 0.6914 accuracy 54.69%
[2026-05-04 18:55:07,765][src.modRNN.training.training_loop][INFO] - 	 Starting Epoch: 147
[2026-05-04 18:55:09,090][src.modRNN.training.training_loop][INFO] - train epoch 147 loss 0.6833 accuracy 57.81%
[2026-05-04 18:55:09,091][src.modRNN.training.training_loop][INFO] - 	 Starting Epoch: 148
[2026-05-04 18:55:10,419][src.modRNN.training.training_loop][INFO] - train epoch 148 loss 0.6685 accuracy 57.81%
[2026-05-04 18:55:10,420][src.modRNN.training.training_loop][INFO] - 	 Starting Epoch: 149
[2026-05-04 18:55:11,748][src.modRNN.training.training_loop][INFO] - train epoch 149 loss 0.6750 accuracy 60.94%
[2026-05-04 18:55:11,750][src.modRNN.training.training_loop][INFO] - 	 Starting Epoch: 150
[2026-05-04 18:55:13,084][src.modRNN.training.training_loop][INFO] - train epoch 150 loss 0.6895 accuracy 54.69%
[2026-05-04 18:55:13,086][src.modRNN.training.training_loop][INFO] - 	 Starting Epoch: 151
[2026-05-04 18:55:14,409][src.modRNN.training.training_loop][INFO] - train epoch 151 loss 0.6883 accuracy 59.38%
[2026-05-04 18:55:16,541][src.modRNN.training.training_loop][INFO] - eval  epoch 151 loss 0.6875 accuracy 56.25%
[2026-05-04 18:55:16,542][src.modRNN.training.training_loop][INFO] - 	 Starting Epoch: 152
[2026-05-04 18:55:17,866][src.modRNN.training.training_loop][INFO] - train epoch 152 loss 0.6613 accuracy 68.75%
[2026-05-04 18:55:17,867][src.modRNN.training.training_loop][INFO] - 	 Starting Epoch: 153
[2026-05-04 18:55:19,192][src.modRNN.training.training_loop][INFO] - train epoch 153 loss 0.6726 accuracy 62.50%
[2026-05-04 18:55:19,193][src.modRNN.training.training_loop][INFO] - 	 Starting Epoch: 154
[2026-05-04 18:55:20,519][src.modRNN.training.training_loop][INFO] - train epoch 154 loss 0.6703 accuracy 59.38%
[2026-05-04 18:55:20,521][src.modRNN.training.training_loop][INFO] - 	 Starting Epoch: 155
[2026-05-04 18:55:21,847][src.modRNN.training.training_loop][INFO] - train epoch 155 loss 0.6759 accuracy 60.94%
[2026-05-04 18:55:21,848][src.modRNN.training.training_loop][INFO] - 	 Starting Epoch: 156
[2026-05-04 18:55:23,173][src.modRNN.training.training_loop][INFO] - train epoch 156 loss 0.6627 accuracy 65.62%
[2026-05-04 18:55:23,174][src.modRNN.training.training_loop][INFO] - 	 Starting Epoch: 157
[2026-05-04 18:55:24,529][src.modRNN.training.training_loop][INFO] - train epoch 157 loss 0.6520 accuracy 68.75%
[2026-05-04 18:55:24,533][src.modRNN.training.training_loop][INFO] - 	 Starting Epoch: 158
[2026-05-04 18:55:25,884][src.modRNN.training.training_loop][INFO] - train epoch 158 loss 0.6615 accuracy 62.50%
[2026-05-04 18:55:25,886][src.modRNN.training.training_loop][INFO] - 	 Starting Epoch: 159
[2026-05-04 18:55:27,209][src.modRNN.training.training_loop][INFO] - train epoch 159 loss 0.6724 accuracy 67.19%
[2026-05-04 18:55:27,210][src.modRNN.training.training_loop][INFO] - 	 Starting Epoch: 160
[2026-05-04 18:55:28,535][src.modRNN.training.training_loop][INFO] - train epoch 160 loss 0.6670 accuracy 65.62%
[2026-05-04 18:55:28,536][src.modRNN.training.training_loop][INFO] - 	 Starting Epoch: 161
[2026-05-04 18:55:29,862][src.modRNN.training.training_loop][INFO] - train epoch 161 loss 0.6683 accuracy 62.50%
[2026-05-04 18:55:29,864][src.modRNN.training.training_loop][INFO] - 	 Starting Epoch: 162
[2026-05-04 18:55:31,189][src.modRNN.training.training_loop][INFO] - train epoch 162 loss 0.6612 accuracy 60.94%
[2026-05-04 18:55:31,191][src.modRNN.training.training_loop][INFO] - 	 Starting Epoch: 163
[2026-05-04 18:55:32,510][src.modRNN.training.training_loop][INFO] - train epoch 163 loss 0.6585 accuracy 65.62%
[2026-05-04 18:55:32,512][src.modRNN.training.training_loop][INFO] - 	 Starting Epoch: 164
[2026-05-04 18:55:33,824][src.modRNN.training.training_loop][INFO] - train epoch 164 loss 0.6517 accuracy 68.75%
[2026-05-04 18:55:33,826][src.modRNN.training.training_loop][INFO] - 	 Starting Epoch: 165
[2026-05-04 18:55:35,142][src.modRNN.training.training_loop][INFO] - train epoch 165 loss 0.6762 accuracy 59.38%
[2026-05-04 18:55:35,143][src.modRNN.training.training_loop][INFO] - 	 Starting Epoch: 166
[2026-05-04 18:55:36,458][src.modRNN.training.training_loop][INFO] - train epoch 166 loss 0.6566 accuracy 60.94%
[2026-05-04 18:55:36,459][src.modRNN.training.training_loop][INFO] - 	 Starting Epoch: 167
[2026-05-04 18:55:37,775][src.modRNN.training.training_loop][INFO] - train epoch 167 loss 0.6592 accuracy 75.00%
[2026-05-04 18:55:37,777][src.modRNN.training.training_loop][INFO] - 	 Starting Epoch: 168
[2026-05-04 18:55:39,095][src.modRNN.training.training_loop][INFO] - train epoch 168 loss 0.6688 accuracy 64.06%
[2026-05-04 18:55:39,096][src.modRNN.training.training_loop][INFO] - 	 Starting Epoch: 169
[2026-05-04 18:55:40,417][src.modRNN.training.training_loop][INFO] - train epoch 169 loss 0.6681 accuracy 65.62%
[2026-05-04 18:55:40,419][src.modRNN.training.training_loop][INFO] - 	 Starting Epoch: 170
[2026-05-04 18:55:41,738][src.modRNN.training.training_loop][INFO] - train epoch 170 loss 0.6810 accuracy 64.06%
[2026-05-04 18:55:41,739][src.modRNN.training.training_loop][INFO] - 	 Starting Epoch: 171
[2026-05-04 18:55:43,057][src.modRNN.training.training_loop][INFO] - train epoch 171 loss 0.6726 accuracy 59.38%
[2026-05-04 18:55:43,058][src.modRNN.training.training_loop][INFO] - 	 Starting Epoch: 172
[2026-05-04 18:55:44,374][src.modRNN.training.training_loop][INFO] - train epoch 172 loss 0.7040 accuracy 46.88%
[2026-05-04 18:55:44,376][src.modRNN.training.training_loop][INFO] - 	 Starting Epoch: 173
[2026-05-04 18:55:45,692][src.modRNN.training.training_loop][INFO] - train epoch 173 loss 0.6701 accuracy 54.69%
[2026-05-04 18:55:45,694][src.modRNN.training.training_loop][INFO] - 	 Starting Epoch: 174
[2026-05-04 18:55:47,011][src.modRNN.training.training_loop][INFO] - train epoch 174 loss 0.6969 accuracy 56.25%
[2026-05-04 18:55:47,013][src.modRNN.training.training_loop][INFO] - 	 Starting Epoch: 175
[2026-05-04 18:55:48,329][src.modRNN.training.training_loop][INFO] - train epoch 175 loss 0.6915 accuracy 50.00%
[2026-05-04 18:55:48,330][src.modRNN.training.training_loop][INFO] - 	 Starting Epoch: 176
[2026-05-04 18:55:49,644][src.modRNN.training.training_loop][INFO] - train epoch 176 loss 0.6873 accuracy 48.44%
[2026-05-04 18:55:51,780][src.modRNN.training.training_loop][INFO] - eval  epoch 176 loss 0.6690 accuracy 59.57%
[2026-05-04 18:55:51,781][src.modRNN.training.training_loop][INFO] - 	 Starting Epoch: 177
[2026-05-04 18:55:53,099][src.modRNN.training.training_loop][INFO] - train epoch 177 loss 0.6516 accuracy 65.62%
[2026-05-04 18:55:53,100][src.modRNN.training.training_loop][INFO] - 	 Starting Epoch: 178
[2026-05-04 18:55:54,418][src.modRNN.training.training_loop][INFO] - train epoch 178 loss 0.6572 accuracy 59.38%
[2026-05-04 18:55:54,419][src.modRNN.training.training_loop][INFO] - 	 Starting Epoch: 179
[2026-05-04 18:55:55,735][src.modRNN.training.training_loop][INFO] - train epoch 179 loss 0.6505 accuracy 70.31%
[2026-05-04 18:55:55,737][src.modRNN.training.training_loop][INFO] - 	 Starting Epoch: 180
[2026-05-04 18:55:57,054][src.modRNN.training.training_loop][INFO] - train epoch 180 loss 0.6532 accuracy 56.25%
[2026-05-04 18:55:57,055][src.modRNN.training.training_loop][INFO] - 	 Starting Epoch: 181
[2026-05-04 18:55:58,376][src.modRNN.training.training_loop][INFO] - train epoch 181 loss 0.6575 accuracy 59.38%
[2026-05-04 18:55:58,378][src.modRNN.training.training_loop][INFO] - 	 Starting Epoch: 182
[2026-05-04 18:55:59,697][src.modRNN.training.training_loop][INFO] - train epoch 182 loss 0.6710 accuracy 54.69%
[2026-05-04 18:55:59,698][src.modRNN.training.training_loop][INFO] - 	 Starting Epoch: 183
[2026-05-04 18:56:01,014][src.modRNN.training.training_loop][INFO] - train epoch 183 loss 0.6670 accuracy 57.81%
[2026-05-04 18:56:01,015][src.modRNN.training.training_loop][INFO] - 	 Starting Epoch: 184
[2026-05-04 18:56:02,341][src.modRNN.training.training_loop][INFO] - train epoch 184 loss 0.6550 accuracy 57.81%
[2026-05-04 18:56:02,343][src.modRNN.training.training_loop][INFO] - 	 Starting Epoch: 185
[2026-05-04 18:56:03,668][src.modRNN.training.training_loop][INFO] - train epoch 185 loss 0.6736 accuracy 56.25%
[2026-05-04 18:56:03,669][src.modRNN.training.training_loop][INFO] - 	 Starting Epoch: 186
[2026-05-04 18:56:04,995][src.modRNN.training.training_loop][INFO] - train epoch 186 loss 0.6643 accuracy 56.25%
[2026-05-04 18:56:04,996][src.modRNN.training.training_loop][INFO] - 	 Starting Epoch: 187
[2026-05-04 18:56:06,320][src.modRNN.training.training_loop][INFO] - train epoch 187 loss 0.6271 accuracy 68.75%
[2026-05-04 18:56:06,322][src.modRNN.training.training_loop][INFO] - 	 Starting Epoch: 188
[2026-05-04 18:56:07,649][src.modRNN.training.training_loop][INFO] - train epoch 188 loss 0.6446 accuracy 67.19%
[2026-05-04 18:56:07,651][src.modRNN.training.training_loop][INFO] - 	 Starting Epoch: 189
[2026-05-04 18:56:08,974][src.modRNN.training.training_loop][INFO] - train epoch 189 loss 0.6807 accuracy 56.25%
[2026-05-04 18:56:08,975][src.modRNN.training.training_loop][INFO] - 	 Starting Epoch: 190
[2026-05-04 18:56:10,301][src.modRNN.training.training_loop][INFO] - train epoch 190 loss 0.6749 accuracy 56.25%
[2026-05-04 18:56:10,302][src.modRNN.training.training_loop][INFO] - 	 Starting Epoch: 191
[2026-05-04 18:56:11,628][src.modRNN.training.training_loop][INFO] - train epoch 191 loss 0.6788 accuracy 56.25%
[2026-05-04 18:56:11,629][src.modRNN.training.training_loop][INFO] - 	 Starting Epoch: 192
[2026-05-04 18:56:12,956][src.modRNN.training.training_loop][INFO] - train epoch 192 loss 0.6616 accuracy 64.06%
[2026-05-04 18:56:12,957][src.modRNN.training.training_loop][INFO] - 	 Starting Epoch: 193
[2026-05-04 18:56:14,281][src.modRNN.training.training_loop][INFO] - train epoch 193 loss 0.6816 accuracy 59.38%
[2026-05-04 18:56:14,283][src.modRNN.training.training_loop][INFO] - 	 Starting Epoch: 194
[2026-05-04 18:56:15,607][src.modRNN.training.training_loop][INFO] - train epoch 194 loss 0.6776 accuracy 57.81%
[2026-05-04 18:56:15,609][src.modRNN.training.training_loop][INFO] - 	 Starting Epoch: 195
[2026-05-04 18:56:16,933][src.modRNN.training.training_loop][INFO] - train epoch 195 loss 0.6861 accuracy 56.25%
[2026-05-04 18:56:16,935][src.modRNN.training.training_loop][INFO] - 	 Starting Epoch: 196
[2026-05-04 18:56:18,261][src.modRNN.training.training_loop][INFO] - train epoch 196 loss 0.6641 accuracy 48.44%
[2026-05-04 18:56:18,263][src.modRNN.training.training_loop][INFO] - 	 Starting Epoch: 197
[2026-05-04 18:56:19,589][src.modRNN.training.training_loop][INFO] - train epoch 197 loss 0.6103 accuracy 75.00%
[2026-05-04 18:56:19,590][src.modRNN.training.training_loop][INFO] - 	 Starting Epoch: 198
[2026-05-04 18:56:20,916][src.modRNN.training.training_loop][INFO] - train epoch 198 loss 0.6414 accuracy 67.19%
[2026-05-04 18:56:20,918][src.modRNN.training.training_loop][INFO] - 	 Starting Epoch: 199
[2026-05-04 18:56:22,244][src.modRNN.training.training_loop][INFO] - train epoch 199 loss 0.6425 accuracy 57.81%
[2026-05-04 18:56:22,245][src.modRNN.training.training_loop][INFO] - 	 Starting Epoch: 200
[2026-05-04 18:56:23,571][src.modRNN.training.training_loop][INFO] - train epoch 200 loss 0.6863 accuracy 54.69%
[2026-05-04 18:56:23,572][src.modRNN.training.training_loop][INFO] - 	 Starting Epoch: 201
[2026-05-04 18:56:24,936][src.modRNN.training.training_loop][INFO] - train epoch 201 loss 0.6192 accuracy 71.88%
[2026-05-04 18:56:27,067][src.modRNN.training.training_loop][INFO] - eval  epoch 201 loss 0.6492 accuracy 65.04%
[2026-05-04 18:56:27,069][src.modRNN.training.training_loop][INFO] - 	 Starting Epoch: 202
[2026-05-04 18:56:28,394][src.modRNN.training.training_loop][INFO] - train epoch 202 loss 0.6681 accuracy 54.69%
[2026-05-04 18:56:28,396][src.modRNN.training.training_loop][INFO] - 	 Starting Epoch: 203
[2026-05-04 18:56:29,724][src.modRNN.training.training_loop][INFO] - train epoch 203 loss 0.6459 accuracy 68.75%
[2026-05-04 18:56:29,725][src.modRNN.training.training_loop][INFO] - 	 Starting Epoch: 204
[2026-05-04 18:56:31,053][src.modRNN.training.training_loop][INFO] - train epoch 204 loss 0.6445 accuracy 64.06%
[2026-05-04 18:56:31,054][src.modRNN.training.training_loop][INFO] - 	 Starting Epoch: 205
[2026-05-04 18:56:32,374][src.modRNN.training.training_loop][INFO] - train epoch 205 loss 0.6844 accuracy 59.38%
[2026-05-04 18:56:32,375][src.modRNN.training.training_loop][INFO] - 	 Starting Epoch: 206
[2026-05-04 18:56:33,692][src.modRNN.training.training_loop][INFO] - train epoch 206 loss 0.6554 accuracy 67.19%
[2026-05-04 18:56:33,693][src.modRNN.training.training_loop][INFO] - 	 Starting Epoch: 207
[2026-05-04 18:56:35,011][src.modRNN.training.training_loop][INFO] - train epoch 207 loss 0.6108 accuracy 70.31%
[2026-05-04 18:56:35,013][src.modRNN.training.training_loop][INFO] - 	 Starting Epoch: 208
[2026-05-04 18:56:36,330][src.modRNN.training.training_loop][INFO] - train epoch 208 loss 0.6138 accuracy 70.31%
[2026-05-04 18:56:36,331][src.modRNN.training.training_loop][INFO] - 	 Starting Epoch: 209
[2026-05-04 18:56:37,647][src.modRNN.training.training_loop][INFO] - train epoch 209 loss 0.6343 accuracy 67.19%
[2026-05-04 18:56:37,648][src.modRNN.training.training_loop][INFO] - 	 Starting Epoch: 210
[2026-05-04 18:56:38,966][src.modRNN.training.training_loop][INFO] - train epoch 210 loss 0.6412 accuracy 64.06%
[2026-05-04 18:56:38,967][src.modRNN.training.training_loop][INFO] - 	 Starting Epoch: 211
[2026-05-04 18:56:40,286][src.modRNN.training.training_loop][INFO] - train epoch 211 loss 0.6388 accuracy 67.19%
[2026-05-04 18:56:40,287][src.modRNN.training.training_loop][INFO] - 	 Starting Epoch: 212
[2026-05-04 18:56:41,606][src.modRNN.training.training_loop][INFO] - train epoch 212 loss 0.6043 accuracy 71.88%
[2026-05-04 18:56:41,608][src.modRNN.training.training_loop][INFO] - 	 Starting Epoch: 213
[2026-05-04 18:56:42,926][src.modRNN.training.training_loop][INFO] - train epoch 213 loss 0.6588 accuracy 64.06%
[2026-05-04 18:56:42,928][src.modRNN.training.training_loop][INFO] - 	 Starting Epoch: 214
[2026-05-04 18:56:44,244][src.modRNN.training.training_loop][INFO] - train epoch 214 loss 0.6273 accuracy 68.75%
[2026-05-04 18:56:44,245][src.modRNN.training.training_loop][INFO] - 	 Starting Epoch: 215
[2026-05-04 18:56:45,563][src.modRNN.training.training_loop][INFO] - train epoch 215 loss 0.6498 accuracy 73.44%
[2026-05-04 18:56:45,564][src.modRNN.training.training_loop][INFO] - 	 Starting Epoch: 216
[2026-05-04 18:56:46,881][src.modRNN.training.training_loop][INFO] - train epoch 216 loss 0.6496 accuracy 71.88%
[2026-05-04 18:56:46,882][src.modRNN.training.training_loop][INFO] - 	 Starting Epoch: 217
[2026-05-04 18:56:48,198][src.modRNN.training.training_loop][INFO] - train epoch 217 loss 0.6334 accuracy 70.31%
[2026-05-04 18:56:48,200][src.modRNN.training.training_loop][INFO] - 	 Starting Epoch: 218
[2026-05-04 18:56:49,516][src.modRNN.training.training_loop][INFO] - train epoch 218 loss 0.5983 accuracy 75.00%
[2026-05-04 18:56:49,518][src.modRNN.training.training_loop][INFO] - 	 Starting Epoch: 219
[2026-05-04 18:56:50,835][src.modRNN.training.training_loop][INFO] - train epoch 219 loss 0.6487 accuracy 67.19%
[2026-05-04 18:56:50,836][src.modRNN.training.training_loop][INFO] - 	 Starting Epoch: 220
[2026-05-04 18:56:52,155][src.modRNN.training.training_loop][INFO] - train epoch 220 loss 0.6180 accuracy 76.56%
[2026-05-04 18:56:52,157][src.modRNN.training.training_loop][INFO] - 	 Starting Epoch: 221
[2026-05-04 18:56:53,473][src.modRNN.training.training_loop][INFO] - train epoch 221 loss 0.6189 accuracy 76.56%
[2026-05-04 18:56:53,474][src.modRNN.training.training_loop][INFO] - 	 Starting Epoch: 222
[2026-05-04 18:56:54,788][src.modRNN.training.training_loop][INFO] - train epoch 222 loss 0.5998 accuracy 73.44%
[2026-05-04 18:56:54,789][src.modRNN.training.training_loop][INFO] - 	 Starting Epoch: 223
[2026-05-04 18:56:56,106][src.modRNN.training.training_loop][INFO] - train epoch 223 loss 0.6336 accuracy 70.31%
[2026-05-04 18:56:56,107][src.modRNN.training.training_loop][INFO] - 	 Starting Epoch: 224
[2026-05-04 18:56:57,425][src.modRNN.training.training_loop][INFO] - train epoch 224 loss 0.5715 accuracy 79.69%
[2026-05-04 18:56:57,426][src.modRNN.training.training_loop][INFO] - 	 Starting Epoch: 225
[2026-05-04 18:56:58,742][src.modRNN.training.training_loop][INFO] - train epoch 225 loss 0.7173 accuracy 56.25%
[2026-05-04 18:56:58,744][src.modRNN.training.training_loop][INFO] - 	 Starting Epoch: 226
[2026-05-04 18:57:00,058][src.modRNN.training.training_loop][INFO] - train epoch 226 loss 0.6156 accuracy 75.00%
[2026-05-04 18:57:02,197][src.modRNN.training.training_loop][INFO] - eval  epoch 226 loss 0.6490 accuracy 66.41%
[2026-05-04 18:57:02,199][src.modRNN.training.training_loop][INFO] - 	 Starting Epoch: 227
[2026-05-04 18:57:03,525][src.modRNN.training.training_loop][INFO] - train epoch 227 loss 0.6442 accuracy 70.31%
[2026-05-04 18:57:03,527][src.modRNN.training.training_loop][INFO] - 	 Starting Epoch: 228
[2026-05-04 18:57:04,852][src.modRNN.training.training_loop][INFO] - train epoch 228 loss 0.6294 accuracy 71.88%
[2026-05-04 18:57:04,854][src.modRNN.training.training_loop][INFO] - 	 Starting Epoch: 229
[2026-05-04 18:57:06,179][src.modRNN.training.training_loop][INFO] - train epoch 229 loss 0.6050 accuracy 75.00%
[2026-05-04 18:57:06,180][src.modRNN.training.training_loop][INFO] - 	 Starting Epoch: 230
[2026-05-04 18:57:07,505][src.modRNN.training.training_loop][INFO] - train epoch 230 loss 0.6088 accuracy 71.88%
[2026-05-04 18:57:07,506][src.modRNN.training.training_loop][INFO] - 	 Starting Epoch: 231
[2026-05-04 18:57:08,832][src.modRNN.training.training_loop][INFO] - train epoch 231 loss 0.6257 accuracy 67.19%
[2026-05-04 18:57:08,834][src.modRNN.training.training_loop][INFO] - 	 Starting Epoch: 232
[2026-05-04 18:57:10,159][src.modRNN.training.training_loop][INFO] - train epoch 232 loss 0.6826 accuracy 60.94%
[2026-05-04 18:57:10,161][src.modRNN.training.training_loop][INFO] - 	 Starting Epoch: 233
[2026-05-04 18:57:11,483][src.modRNN.training.training_loop][INFO] - train epoch 233 loss 0.6043 accuracy 73.44%
[2026-05-04 18:57:11,484][src.modRNN.training.training_loop][INFO] - 	 Starting Epoch: 234
[2026-05-04 18:57:12,810][src.modRNN.training.training_loop][INFO] - train epoch 234 loss 0.6238 accuracy 75.00%
[2026-05-04 18:57:12,812][src.modRNN.training.training_loop][INFO] - 	 Starting Epoch: 235
[2026-05-04 18:57:14,137][src.modRNN.training.training_loop][INFO] - train epoch 235 loss 0.6388 accuracy 68.75%
[2026-05-04 18:57:14,138][src.modRNN.training.training_loop][INFO] - 	 Starting Epoch: 236
[2026-05-04 18:57:15,464][src.modRNN.training.training_loop][INFO] - train epoch 236 loss 0.6302 accuracy 78.12%
[2026-05-04 18:57:15,465][src.modRNN.training.training_loop][INFO] - 	 Starting Epoch: 237
[2026-05-04 18:57:16,790][src.modRNN.training.training_loop][INFO] - train epoch 237 loss 0.6098 accuracy 73.44%
[2026-05-04 18:57:16,791][src.modRNN.training.training_loop][INFO] - 	 Starting Epoch: 238
[2026-05-04 18:57:18,118][src.modRNN.training.training_loop][INFO] - train epoch 238 loss 0.6172 accuracy 71.88%
[2026-05-04 18:57:18,119][src.modRNN.training.training_loop][INFO] - 	 Starting Epoch: 239
[2026-05-04 18:57:19,442][src.modRNN.training.training_loop][INFO] - train epoch 239 loss 0.6335 accuracy 73.44%
[2026-05-04 18:57:19,444][src.modRNN.training.training_loop][INFO] - 	 Starting Epoch: 240
[2026-05-04 18:57:20,770][src.modRNN.training.training_loop][INFO] - train epoch 240 loss 0.6548 accuracy 65.62%
[2026-05-04 18:57:20,771][src.modRNN.training.training_loop][INFO] - 	 Starting Epoch: 241
[2026-05-04 18:57:22,093][src.modRNN.training.training_loop][INFO] - train epoch 241 loss 0.6357 accuracy 67.19%
[2026-05-04 18:57:22,095][src.modRNN.training.training_loop][INFO] - 	 Starting Epoch: 242
[2026-05-04 18:57:23,421][src.modRNN.training.training_loop][INFO] - train epoch 242 loss 0.5917 accuracy 78.12%
[2026-05-04 18:57:23,423][src.modRNN.training.training_loop][INFO] - 	 Starting Epoch: 243
[2026-05-04 18:57:24,789][src.modRNN.training.training_loop][INFO] - train epoch 243 loss 0.6056 accuracy 73.44%
[2026-05-04 18:57:24,790][src.modRNN.training.training_loop][INFO] - 	 Starting Epoch: 244
[2026-05-04 18:57:26,120][src.modRNN.training.training_loop][INFO] - train epoch 244 loss 0.6137 accuracy 71.88%
[2026-05-04 18:57:26,121][src.modRNN.training.training_loop][INFO] - 	 Starting Epoch: 245
[2026-05-04 18:57:27,442][src.modRNN.training.training_loop][INFO] - train epoch 245 loss 0.6451 accuracy 68.75%
[2026-05-04 18:57:27,444][src.modRNN.training.training_loop][INFO] - 	 Starting Epoch: 246
[2026-05-04 18:57:28,770][src.modRNN.training.training_loop][INFO] - train epoch 246 loss 0.6085 accuracy 73.44%
[2026-05-04 18:57:28,772][src.modRNN.training.training_loop][INFO] - 	 Starting Epoch: 247
[2026-05-04 18:57:30,097][src.modRNN.training.training_loop][INFO] - train epoch 247 loss 0.6545 accuracy 70.31%
[2026-05-04 18:57:30,099][src.modRNN.training.training_loop][INFO] - 	 Starting Epoch: 248
[2026-05-04 18:57:31,426][src.modRNN.training.training_loop][INFO] - train epoch 248 loss 0.6116 accuracy 71.88%
[2026-05-04 18:57:31,428][src.modRNN.training.training_loop][INFO] - 	 Starting Epoch: 249
[2026-05-04 18:57:32,744][src.modRNN.training.training_loop][INFO] - train epoch 249 loss 0.6156 accuracy 73.44%
[2026-05-04 18:57:32,746][src.modRNN.training.training_loop][INFO] - 	 Starting Epoch: 250
[2026-05-04 18:57:34,064][src.modRNN.training.training_loop][INFO] - train epoch 250 loss 0.5795 accuracy 73.44%
[2026-05-04 18:57:34,065][src.modRNN.training.training_loop][INFO] - 	 Starting Epoch: 251
[2026-05-04 18:57:35,381][src.modRNN.training.training_loop][INFO] - train epoch 251 loss 0.6449 accuracy 67.19%
[2026-05-04 18:57:37,514][src.modRNN.training.training_loop][INFO] - eval  epoch 251 loss 0.6153 accuracy 72.66%
[2026-05-04 18:57:37,516][src.modRNN.training.training_loop][INFO] - 	 Starting Epoch: 252
[2026-05-04 18:57:38,831][src.modRNN.training.training_loop][INFO] - train epoch 252 loss 0.6092 accuracy 70.31%
[2026-05-04 18:57:38,833][src.modRNN.training.training_loop][INFO] - 	 Starting Epoch: 253
[2026-05-04 18:57:40,148][src.modRNN.training.training_loop][INFO] - train epoch 253 loss 0.6383 accuracy 67.19%
[2026-05-04 18:57:40,150][src.modRNN.training.training_loop][INFO] - 	 Starting Epoch: 254
[2026-05-04 18:57:41,466][src.modRNN.training.training_loop][INFO] - train epoch 254 loss 0.5716 accuracy 81.25%
[2026-05-04 18:57:41,467][src.modRNN.training.training_loop][INFO] - 	 Starting Epoch: 255
[2026-05-04 18:57:42,784][src.modRNN.training.training_loop][INFO] - train epoch 255 loss 0.6142 accuracy 68.75%
[2026-05-04 18:57:42,785][src.modRNN.training.training_loop][INFO] - 	 Starting Epoch: 256
[2026-05-04 18:57:44,103][src.modRNN.training.training_loop][INFO] - train epoch 256 loss 0.5847 accuracy 76.56%
[2026-05-04 18:57:44,104][src.modRNN.training.training_loop][INFO] - 	 Starting Epoch: 257
[2026-05-04 18:57:45,422][src.modRNN.training.training_loop][INFO] - train epoch 257 loss 0.5755 accuracy 78.12%
[2026-05-04 18:57:45,424][src.modRNN.training.training_loop][INFO] - 	 Starting Epoch: 258
[2026-05-04 18:57:46,739][src.modRNN.training.training_loop][INFO] - train epoch 258 loss 0.6386 accuracy 71.88%
[2026-05-04 18:57:46,740][src.modRNN.training.training_loop][INFO] - 	 Starting Epoch: 259
[2026-05-04 18:57:48,060][src.modRNN.training.training_loop][INFO] - train epoch 259 loss 0.5699 accuracy 82.81%
[2026-05-04 18:57:48,061][src.modRNN.training.training_loop][INFO] - 	 Starting Epoch: 260
[2026-05-04 18:57:49,378][src.modRNN.training.training_loop][INFO] - train epoch 260 loss 0.5669 accuracy 78.12%
[2026-05-04 18:57:49,379][src.modRNN.training.training_loop][INFO] - 	 Starting Epoch: 261
[2026-05-04 18:57:50,698][src.modRNN.training.training_loop][INFO] - train epoch 261 loss 0.5513 accuracy 81.25%
[2026-05-04 18:57:50,699][src.modRNN.training.training_loop][INFO] - 	 Starting Epoch: 262
[2026-05-04 18:57:52,017][src.modRNN.training.training_loop][INFO] - train epoch 262 loss 0.5806 accuracy 71.88%
[2026-05-04 18:57:52,018][src.modRNN.training.training_loop][INFO] - 	 Starting Epoch: 263
[2026-05-04 18:57:53,336][src.modRNN.training.training_loop][INFO] - train epoch 263 loss 0.5652 accuracy 79.69%
[2026-05-04 18:57:53,338][src.modRNN.training.training_loop][INFO] - 	 Starting Epoch: 264
[2026-05-04 18:57:54,655][src.modRNN.training.training_loop][INFO] - train epoch 264 loss 0.5884 accuracy 76.56%
[2026-05-04 18:57:54,657][src.modRNN.training.training_loop][INFO] - 	 Starting Epoch: 265
[2026-05-04 18:57:55,973][src.modRNN.training.training_loop][INFO] - train epoch 265 loss 0.6334 accuracy 62.50%
[2026-05-04 18:57:55,974][src.modRNN.training.training_loop][INFO] - 	 Starting Epoch: 266
[2026-05-04 18:57:57,290][src.modRNN.training.training_loop][INFO] - train epoch 266 loss 0.5923 accuracy 76.56%
[2026-05-04 18:57:57,291][src.modRNN.training.training_loop][INFO] - 	 Starting Epoch: 267
[2026-05-04 18:57:58,608][src.modRNN.training.training_loop][INFO] - train epoch 267 loss 0.5625 accuracy 76.56%
[2026-05-04 18:57:58,610][src.modRNN.training.training_loop][INFO] - 	 Starting Epoch: 268
[2026-05-04 18:57:59,927][src.modRNN.training.training_loop][INFO] - train epoch 268 loss 0.5634 accuracy 76.56%
[2026-05-04 18:57:59,928][src.modRNN.training.training_loop][INFO] - 	 Starting Epoch: 269
[2026-05-04 18:58:01,247][src.modRNN.training.training_loop][INFO] - train epoch 269 loss 0.6079 accuracy 71.88%
[2026-05-04 18:58:01,249][src.modRNN.training.training_loop][INFO] - 	 Starting Epoch: 270
[2026-05-04 18:58:02,570][src.modRNN.training.training_loop][INFO] - train epoch 270 loss 0.6758 accuracy 65.62%
[2026-05-04 18:58:02,572][src.modRNN.training.training_loop][INFO] - 	 Starting Epoch: 271
[2026-05-04 18:58:03,895][src.modRNN.training.training_loop][INFO] - train epoch 271 loss 0.6052 accuracy 75.00%
[2026-05-04 18:58:03,896][src.modRNN.training.training_loop][INFO] - 	 Starting Epoch: 272
[2026-05-04 18:58:05,221][src.modRNN.training.training_loop][INFO] - train epoch 272 loss 0.6091 accuracy 68.75%
[2026-05-04 18:58:05,222][src.modRNN.training.training_loop][INFO] - 	 Starting Epoch: 273
[2026-05-04 18:58:06,548][src.modRNN.training.training_loop][INFO] - train epoch 273 loss 0.5925 accuracy 75.00%
[2026-05-04 18:58:06,549][src.modRNN.training.training_loop][INFO] - 	 Starting Epoch: 274
[2026-05-04 18:58:07,875][src.modRNN.training.training_loop][INFO] - train epoch 274 loss 0.6210 accuracy 68.75%
[2026-05-04 18:58:07,876][src.modRNN.training.training_loop][INFO] - 	 Starting Epoch: 275
[2026-05-04 18:58:09,202][src.modRNN.training.training_loop][INFO] - train epoch 275 loss 0.5351 accuracy 87.50%
[2026-05-04 18:58:09,204][src.modRNN.training.training_loop][INFO] - 	 Starting Epoch: 276
[2026-05-04 18:58:10,533][src.modRNN.training.training_loop][INFO] - train epoch 276 loss 0.5365 accuracy 84.38%
[2026-05-04 18:58:12,668][src.modRNN.training.training_loop][INFO] - eval  epoch 276 loss 0.5917 accuracy 76.56%
[2026-05-04 18:58:12,670][src.modRNN.training.training_loop][INFO] - 	 Starting Epoch: 277
[2026-05-04 18:58:13,995][src.modRNN.training.training_loop][INFO] - train epoch 277 loss 0.5801 accuracy 75.00%
[2026-05-04 18:58:13,997][src.modRNN.training.training_loop][INFO] - 	 Starting Epoch: 278
[2026-05-04 18:58:15,321][src.modRNN.training.training_loop][INFO] - train epoch 278 loss 0.6267 accuracy 67.19%
[2026-05-04 18:58:15,322][src.modRNN.training.training_loop][INFO] - 	 Starting Epoch: 279
[2026-05-04 18:58:16,645][src.modRNN.training.training_loop][INFO] - train epoch 279 loss 0.6221 accuracy 68.75%
[2026-05-04 18:58:16,647][src.modRNN.training.training_loop][INFO] - 	 Starting Epoch: 280
[2026-05-04 18:58:17,972][src.modRNN.training.training_loop][INFO] - train epoch 280 loss 0.5583 accuracy 78.12%
[2026-05-04 18:58:17,974][src.modRNN.training.training_loop][INFO] - 	 Starting Epoch: 281
[2026-05-04 18:58:19,300][src.modRNN.training.training_loop][INFO] - train epoch 281 loss 0.5218 accuracy 81.25%
[2026-05-04 18:58:19,301][src.modRNN.training.training_loop][INFO] - 	 Starting Epoch: 282
[2026-05-04 18:58:20,626][src.modRNN.training.training_loop][INFO] - train epoch 282 loss 0.6286 accuracy 71.88%
[2026-05-04 18:58:20,628][src.modRNN.training.training_loop][INFO] - 	 Starting Epoch: 283
[2026-05-04 18:58:21,951][src.modRNN.training.training_loop][INFO] - train epoch 283 loss 0.6014 accuracy 71.88%
[2026-05-04 18:58:21,953][src.modRNN.training.training_loop][INFO] - 	 Starting Epoch: 284
[2026-05-04 18:58:23,279][src.modRNN.training.training_loop][INFO] - train epoch 284 loss 0.5951 accuracy 79.69%
[2026-05-04 18:58:23,280][src.modRNN.training.training_loop][INFO] - 	 Starting Epoch: 285
[2026-05-04 18:58:24,649][src.modRNN.training.training_loop][INFO] - train epoch 285 loss 0.5727 accuracy 73.44%
[2026-05-04 18:58:24,652][src.modRNN.training.training_loop][INFO] - 	 Starting Epoch: 286
[2026-05-04 18:58:25,991][src.modRNN.training.training_loop][INFO] - train epoch 286 loss 0.5613 accuracy 87.50%
[2026-05-04 18:58:25,992][src.modRNN.training.training_loop][INFO] - 	 Starting Epoch: 287
[2026-05-04 18:58:27,318][src.modRNN.training.training_loop][INFO] - train epoch 287 loss 0.5741 accuracy 79.69%
[2026-05-04 18:58:27,319][src.modRNN.training.training_loop][INFO] - 	 Starting Epoch: 288
[2026-05-04 18:58:28,644][src.modRNN.training.training_loop][INFO] - train epoch 288 loss 0.6394 accuracy 67.19%
[2026-05-04 18:58:28,646][src.modRNN.training.training_loop][INFO] - 	 Starting Epoch: 289
[2026-05-04 18:58:29,967][src.modRNN.training.training_loop][INFO] - train epoch 289 loss 0.5960 accuracy 70.31%
[2026-05-04 18:58:29,969][src.modRNN.training.training_loop][INFO] - 	 Starting Epoch: 290
[2026-05-04 18:58:31,293][src.modRNN.training.training_loop][INFO] - train epoch 290 loss 0.6212 accuracy 67.19%
[2026-05-04 18:58:31,295][src.modRNN.training.training_loop][INFO] - 	 Starting Epoch: 291
[2026-05-04 18:58:32,611][src.modRNN.training.training_loop][INFO] - train epoch 291 loss 0.5747 accuracy 76.56%
[2026-05-04 18:58:32,612][src.modRNN.training.training_loop][INFO] - 	 Starting Epoch: 292
[2026-05-04 18:58:33,930][src.modRNN.training.training_loop][INFO] - train epoch 292 loss 0.5805 accuracy 76.56%
[2026-05-04 18:58:33,931][src.modRNN.training.training_loop][INFO] - 	 Starting Epoch: 293
[2026-05-04 18:58:35,247][src.modRNN.training.training_loop][INFO] - train epoch 293 loss 0.5698 accuracy 79.69%
[2026-05-04 18:58:35,249][src.modRNN.training.training_loop][INFO] - 	 Starting Epoch: 294
[2026-05-04 18:58:36,567][src.modRNN.training.training_loop][INFO] - train epoch 294 loss 0.5263 accuracy 78.12%
[2026-05-04 18:58:36,569][src.modRNN.training.training_loop][INFO] - 	 Starting Epoch: 295
[2026-05-04 18:58:37,885][src.modRNN.training.training_loop][INFO] - train epoch 295 loss 0.5911 accuracy 75.00%
[2026-05-04 18:58:37,886][src.modRNN.training.training_loop][INFO] - 	 Starting Epoch: 296
[2026-05-04 18:58:39,204][src.modRNN.training.training_loop][INFO] - train epoch 296 loss 0.5813 accuracy 81.25%
[2026-05-04 18:58:39,206][src.modRNN.training.training_loop][INFO] - 	 Starting Epoch: 297
[2026-05-04 18:58:40,522][src.modRNN.training.training_loop][INFO] - train epoch 297 loss 0.5287 accuracy 81.25%
[2026-05-04 18:58:40,524][src.modRNN.training.training_loop][INFO] - 	 Starting Epoch: 298
[2026-05-04 18:58:41,841][src.modRNN.training.training_loop][INFO] - train epoch 298 loss 0.5204 accuracy 79.69%
[2026-05-04 18:58:41,842][src.modRNN.training.training_loop][INFO] - 	 Starting Epoch: 299
[2026-05-04 18:58:43,160][src.modRNN.training.training_loop][INFO] - train epoch 299 loss 0.5708 accuracy 76.56%
[2026-05-04 18:58:43,161][src.modRNN.training.training_loop][INFO] - 	 Starting Epoch: 300
[2026-05-04 18:58:44,478][src.modRNN.training.training_loop][INFO] - train epoch 300 loss 0.5373 accuracy 79.69%
[2026-05-04 18:58:44,480][src.modRNN.training.training_loop][INFO] - 	 Starting Epoch: 301
[2026-05-04 18:58:45,795][src.modRNN.training.training_loop][INFO] - train epoch 301 loss 0.5524 accuracy 76.56%
[2026-05-04 18:58:47,933][src.modRNN.training.training_loop][INFO] - eval  epoch 301 loss 0.5717 accuracy 75.20%
[2026-05-04 18:58:47,934][src.modRNN.training.training_loop][INFO] - 	 Starting Epoch: 302
[2026-05-04 18:58:49,250][src.modRNN.training.training_loop][INFO] - train epoch 302 loss 0.5697 accuracy 75.00%
[2026-05-04 18:58:49,251][src.modRNN.training.training_loop][INFO] - 	 Starting Epoch: 303
[2026-05-04 18:58:50,566][src.modRNN.training.training_loop][INFO] - train epoch 303 loss 0.4953 accuracy 93.75%
[2026-05-04 18:58:50,568][src.modRNN.training.training_loop][INFO] - 	 Starting Epoch: 304
[2026-05-04 18:58:51,886][src.modRNN.training.training_loop][INFO] - train epoch 304 loss 0.5989 accuracy 71.88%
[2026-05-04 18:58:51,887][src.modRNN.training.training_loop][INFO] - 	 Starting Epoch: 305
[2026-05-04 18:58:53,206][src.modRNN.training.training_loop][INFO] - train epoch 305 loss 0.5489 accuracy 78.12%
[2026-05-04 18:58:53,207][src.modRNN.training.training_loop][INFO] - 	 Starting Epoch: 306
[2026-05-04 18:58:54,526][src.modRNN.training.training_loop][INFO] - train epoch 306 loss 0.5788 accuracy 75.00%
[2026-05-04 18:58:54,527][src.modRNN.training.training_loop][INFO] - 	 Starting Epoch: 307
[2026-05-04 18:58:55,847][src.modRNN.training.training_loop][INFO] - train epoch 307 loss 0.5249 accuracy 78.12%
[2026-05-04 18:58:55,849][src.modRNN.training.training_loop][INFO] - 	 Starting Epoch: 308
[2026-05-04 18:58:57,164][src.modRNN.training.training_loop][INFO] - train epoch 308 loss 0.5550 accuracy 76.56%
[2026-05-04 18:58:57,166][src.modRNN.training.training_loop][INFO] - 	 Starting Epoch: 309
[2026-05-04 18:58:58,480][src.modRNN.training.training_loop][INFO] - train epoch 309 loss 0.5375 accuracy 79.69%
[2026-05-04 18:58:58,481][src.modRNN.training.training_loop][INFO] - 	 Starting Epoch: 310
[2026-05-04 18:58:59,796][src.modRNN.training.training_loop][INFO] - train epoch 310 loss 0.5517 accuracy 75.00%
[2026-05-04 18:58:59,798][src.modRNN.training.training_loop][INFO] - 	 Starting Epoch: 311
[2026-05-04 18:59:01,112][src.modRNN.training.training_loop][INFO] - train epoch 311 loss 0.5627 accuracy 75.00%
[2026-05-04 18:59:01,114][src.modRNN.training.training_loop][INFO] - 	 Starting Epoch: 312
[2026-05-04 18:59:02,439][src.modRNN.training.training_loop][INFO] - train epoch 312 loss 0.5829 accuracy 71.88%
[2026-05-04 18:59:02,441][src.modRNN.training.training_loop][INFO] - 	 Starting Epoch: 313
[2026-05-04 18:59:03,769][src.modRNN.training.training_loop][INFO] - train epoch 313 loss 0.5636 accuracy 76.56%
[2026-05-04 18:59:03,771][src.modRNN.training.training_loop][INFO] - 	 Starting Epoch: 314
[2026-05-04 18:59:05,093][src.modRNN.training.training_loop][INFO] - train epoch 314 loss 0.5108 accuracy 87.50%
[2026-05-04 18:59:05,095][src.modRNN.training.training_loop][INFO] - 	 Starting Epoch: 315
[2026-05-04 18:59:06,419][src.modRNN.training.training_loop][INFO] - train epoch 315 loss 0.5709 accuracy 73.44%
[2026-05-04 18:59:06,421][src.modRNN.training.training_loop][INFO] - 	 Starting Epoch: 316
[2026-05-04 18:59:07,742][src.modRNN.training.training_loop][INFO] - train epoch 316 loss 0.5231 accuracy 82.81%
[2026-05-04 18:59:07,744][src.modRNN.training.training_loop][INFO] - 	 Starting Epoch: 317
[2026-05-04 18:59:09,069][src.modRNN.training.training_loop][INFO] - train epoch 317 loss 0.5361 accuracy 76.56%
[2026-05-04 18:59:09,070][src.modRNN.training.training_loop][INFO] - 	 Starting Epoch: 318
[2026-05-04 18:59:10,395][src.modRNN.training.training_loop][INFO] - train epoch 318 loss 0.5410 accuracy 78.12%
[2026-05-04 18:59:10,397][src.modRNN.training.training_loop][INFO] - 	 Starting Epoch: 319
[2026-05-04 18:59:11,723][src.modRNN.training.training_loop][INFO] - train epoch 319 loss 0.5458 accuracy 81.25%
[2026-05-04 18:59:11,725][src.modRNN.training.training_loop][INFO] - 	 Starting Epoch: 320
[2026-05-04 18:59:13,048][src.modRNN.training.training_loop][INFO] - train epoch 320 loss 0.5753 accuracy 75.00%
[2026-05-04 18:59:13,049][src.modRNN.training.training_loop][INFO] - 	 Starting Epoch: 321
[2026-05-04 18:59:14,373][src.modRNN.training.training_loop][INFO] - train epoch 321 loss 0.5438 accuracy 78.12%
[2026-05-04 18:59:14,375][src.modRNN.training.training_loop][INFO] - 	 Starting Epoch: 322
[2026-05-04 18:59:15,700][src.modRNN.training.training_loop][INFO] - train epoch 322 loss 0.5995 accuracy 67.19%
[2026-05-04 18:59:15,701][src.modRNN.training.training_loop][INFO] - 	 Starting Epoch: 323
[2026-05-04 18:59:17,026][src.modRNN.training.training_loop][INFO] - train epoch 323 loss 0.5667 accuracy 76.56%
[2026-05-04 18:59:17,027][src.modRNN.training.training_loop][INFO] - 	 Starting Epoch: 324
[2026-05-04 18:59:18,351][src.modRNN.training.training_loop][INFO] - train epoch 324 loss 0.5506 accuracy 75.00%
[2026-05-04 18:59:18,353][src.modRNN.training.training_loop][INFO] - 	 Starting Epoch: 325
[2026-05-04 18:59:19,678][src.modRNN.training.training_loop][INFO] - train epoch 325 loss 0.4778 accuracy 85.94%
[2026-05-04 18:59:19,679][src.modRNN.training.training_loop][INFO] - 	 Starting Epoch: 326
[2026-05-04 18:59:21,002][src.modRNN.training.training_loop][INFO] - train epoch 326 loss 0.6037 accuracy 75.00%
[2026-05-04 18:59:23,134][src.modRNN.training.training_loop][INFO] - eval  epoch 326 loss 0.5410 accuracy 79.10%
[2026-05-04 18:59:23,136][src.modRNN.training.training_loop][INFO] - 	 Starting Epoch: 327
[2026-05-04 18:59:24,482][src.modRNN.training.training_loop][INFO] - train epoch 327 loss 0.5717 accuracy 79.69%
[2026-05-04 18:59:24,485][src.modRNN.training.training_loop][INFO] - 	 Starting Epoch: 328
[2026-05-04 18:59:25,838][src.modRNN.training.training_loop][INFO] - train epoch 328 loss 0.5866 accuracy 75.00%
[2026-05-04 18:59:25,839][src.modRNN.training.training_loop][INFO] - 	 Starting Epoch: 329
[2026-05-04 18:59:27,165][src.modRNN.training.training_loop][INFO] - train epoch 329 loss 0.5783 accuracy 75.00%
[2026-05-04 18:59:27,166][src.modRNN.training.training_loop][INFO] - 	 Starting Epoch: 330
[2026-05-04 18:59:28,493][src.modRNN.training.training_loop][INFO] - train epoch 330 loss 0.5264 accuracy 78.12%
[2026-05-04 18:59:28,494][src.modRNN.training.training_loop][INFO] - 	 Starting Epoch: 331
[2026-05-04 18:59:29,822][src.modRNN.training.training_loop][INFO] - train epoch 331 loss 0.5589 accuracy 73.44%
[2026-05-04 18:59:29,824][src.modRNN.training.training_loop][INFO] - 	 Starting Epoch: 332
[2026-05-04 18:59:31,149][src.modRNN.training.training_loop][INFO] - train epoch 332 loss 0.5205 accuracy 81.25%
[2026-05-04 18:59:31,151][src.modRNN.training.training_loop][INFO] - 	 Starting Epoch: 333
[2026-05-04 18:59:32,464][src.modRNN.training.training_loop][INFO] - train epoch 333 loss 0.5764 accuracy 76.56%
[2026-05-04 18:59:32,465][src.modRNN.training.training_loop][INFO] - 	 Starting Epoch: 334
[2026-05-04 18:59:33,783][src.modRNN.training.training_loop][INFO] - train epoch 334 loss 0.5637 accuracy 75.00%
[2026-05-04 18:59:33,784][src.modRNN.training.training_loop][INFO] - 	 Starting Epoch: 335
[2026-05-04 18:59:35,100][src.modRNN.training.training_loop][INFO] - train epoch 335 loss 0.4979 accuracy 84.38%
[2026-05-04 18:59:35,101][src.modRNN.training.training_loop][INFO] - 	 Starting Epoch: 336
[2026-05-04 18:59:36,420][src.modRNN.training.training_loop][INFO] - train epoch 336 loss 0.5975 accuracy 70.31%
[2026-05-04 18:59:36,421][src.modRNN.training.training_loop][INFO] - 	 Starting Epoch: 337
[2026-05-04 18:59:37,739][src.modRNN.training.training_loop][INFO] - train epoch 337 loss 0.5427 accuracy 76.56%
[2026-05-04 18:59:37,740][src.modRNN.training.training_loop][INFO] - 	 Starting Epoch: 338
[2026-05-04 18:59:39,057][src.modRNN.training.training_loop][INFO] - train epoch 338 loss 0.5752 accuracy 75.00%
[2026-05-04 18:59:39,059][src.modRNN.training.training_loop][INFO] - 	 Starting Epoch: 339
[2026-05-04 18:59:40,374][src.modRNN.training.training_loop][INFO] - train epoch 339 loss 0.5276 accuracy 81.25%
[2026-05-04 18:59:40,375][src.modRNN.training.training_loop][INFO] - 	 Starting Epoch: 340
[2026-05-04 18:59:41,693][src.modRNN.training.training_loop][INFO] - train epoch 340 loss 0.5364 accuracy 81.25%
[2026-05-04 18:59:41,694][src.modRNN.training.training_loop][INFO] - 	 Starting Epoch: 341
[2026-05-04 18:59:43,009][src.modRNN.training.training_loop][INFO] - train epoch 341 loss 0.5895 accuracy 75.00%
[2026-05-04 18:59:43,011][src.modRNN.training.training_loop][INFO] - 	 Starting Epoch: 342
[2026-05-04 18:59:44,329][src.modRNN.training.training_loop][INFO] - train epoch 342 loss 0.5010 accuracy 84.38%
[2026-05-04 18:59:44,330][src.modRNN.training.training_loop][INFO] - 	 Starting Epoch: 343
[2026-05-04 18:59:45,650][src.modRNN.training.training_loop][INFO] - train epoch 343 loss 0.5419 accuracy 76.56%
[2026-05-04 18:59:45,651][src.modRNN.training.training_loop][INFO] - 	 Starting Epoch: 344
[2026-05-04 18:59:46,970][src.modRNN.training.training_loop][INFO] - train epoch 344 loss 0.5259 accuracy 78.12%
[2026-05-04 18:59:46,972][src.modRNN.training.training_loop][INFO] - 	 Starting Epoch: 345
[2026-05-04 18:59:48,287][src.modRNN.training.training_loop][INFO] - train epoch 345 loss 0.6445 accuracy 62.50%
[2026-05-04 18:59:48,288][src.modRNN.training.training_loop][INFO] - 	 Starting Epoch: 346
[2026-05-04 18:59:49,607][src.modRNN.training.training_loop][INFO] - train epoch 346 loss 0.5250 accuracy 78.12%
[2026-05-04 18:59:49,608][src.modRNN.training.training_loop][INFO] - 	 Starting Epoch: 347
[2026-05-04 18:59:50,925][src.modRNN.training.training_loop][INFO] - train epoch 347 loss 0.4693 accuracy 84.38%
[2026-05-04 18:59:50,927][src.modRNN.training.training_loop][INFO] - 	 Starting Epoch: 348
[2026-05-04 18:59:52,245][src.modRNN.training.training_loop][INFO] - train epoch 348 loss 0.4773 accuracy 82.81%
[2026-05-04 18:59:52,246][src.modRNN.training.training_loop][INFO] - 	 Starting Epoch: 349
[2026-05-04 18:59:53,565][src.modRNN.training.training_loop][INFO] - train epoch 349 loss 0.4781 accuracy 81.25%
[2026-05-04 18:59:53,567][src.modRNN.training.training_loop][INFO] - 	 Starting Epoch: 350
[2026-05-04 18:59:54,886][src.modRNN.training.training_loop][INFO] - train epoch 350 loss 0.4869 accuracy 87.50%
[2026-05-04 18:59:54,887][src.modRNN.training.training_loop][INFO] - 	 Starting Epoch: 351
[2026-05-04 18:59:56,204][src.modRNN.training.training_loop][INFO] - train epoch 351 loss 0.4999 accuracy 79.69%
[2026-05-04 18:59:58,336][src.modRNN.training.training_loop][INFO] - eval  epoch 351 loss 0.5575 accuracy 76.76%
[2026-05-04 18:59:58,337][src.modRNN.training.training_loop][INFO] - 	 Starting Epoch: 352
[2026-05-04 18:59:59,653][src.modRNN.training.training_loop][INFO] - train epoch 352 loss 0.5736 accuracy 71.88%
[2026-05-04 18:59:59,654][src.modRNN.training.training_loop][INFO] - 	 Starting Epoch: 353
[2026-05-04 19:00:00,971][src.modRNN.training.training_loop][INFO] - train epoch 353 loss 0.5428 accuracy 76.56%
[2026-05-04 19:00:00,972][src.modRNN.training.training_loop][INFO] - 	 Starting Epoch: 354
[2026-05-04 19:00:02,298][src.modRNN.training.training_loop][INFO] - train epoch 354 loss 0.5153 accuracy 76.56%
[2026-05-04 19:00:02,299][src.modRNN.training.training_loop][INFO] - 	 Starting Epoch: 355
[2026-05-04 19:00:03,623][src.modRNN.training.training_loop][INFO] - train epoch 355 loss 0.5494 accuracy 76.56%
[2026-05-04 19:00:03,625][src.modRNN.training.training_loop][INFO] - 	 Starting Epoch: 356
[2026-05-04 19:00:04,952][src.modRNN.training.training_loop][INFO] - train epoch 356 loss 0.5391 accuracy 76.56%
[2026-05-04 19:00:04,953][src.modRNN.training.training_loop][INFO] - 	 Starting Epoch: 357
[2026-05-04 19:00:06,283][src.modRNN.training.training_loop][INFO] - train epoch 357 loss 0.5025 accuracy 76.56%
[2026-05-04 19:00:06,284][src.modRNN.training.training_loop][INFO] - 	 Starting Epoch: 358
[2026-05-04 19:00:07,606][src.modRNN.training.training_loop][INFO] - train epoch 358 loss 0.6147 accuracy 65.62%
[2026-05-04 19:00:07,608][src.modRNN.training.training_loop][INFO] - 	 Starting Epoch: 359
[2026-05-04 19:00:08,932][src.modRNN.training.training_loop][INFO] - train epoch 359 loss 0.5180 accuracy 78.12%
[2026-05-04 19:00:08,933][src.modRNN.training.training_loop][INFO] - 	 Starting Epoch: 360
[2026-05-04 19:00:10,256][src.modRNN.training.training_loop][INFO] - train epoch 360 loss 0.5677 accuracy 76.56%
[2026-05-04 19:00:10,258][src.modRNN.training.training_loop][INFO] - 	 Starting Epoch: 361
[2026-05-04 19:00:11,581][src.modRNN.training.training_loop][INFO] - train epoch 361 loss 0.5831 accuracy 73.44%
[2026-05-04 19:00:11,583][src.modRNN.training.training_loop][INFO] - 	 Starting Epoch: 362
[2026-05-04 19:00:12,907][src.modRNN.training.training_loop][INFO] - train epoch 362 loss 0.6086 accuracy 71.88%
[2026-05-04 19:00:12,908][src.modRNN.training.training_loop][INFO] - 	 Starting Epoch: 363
[2026-05-04 19:00:14,236][src.modRNN.training.training_loop][INFO] - train epoch 363 loss 0.5817 accuracy 76.56%
[2026-05-04 19:00:14,238][src.modRNN.training.training_loop][INFO] - 	 Starting Epoch: 364
[2026-05-04 19:00:15,560][src.modRNN.training.training_loop][INFO] - train epoch 364 loss 0.6429 accuracy 71.88%
[2026-05-04 19:00:15,562][src.modRNN.training.training_loop][INFO] - 	 Starting Epoch: 365
[2026-05-04 19:00:16,888][src.modRNN.training.training_loop][INFO] - train epoch 365 loss 0.6430 accuracy 67.19%
[2026-05-04 19:00:16,889][src.modRNN.training.training_loop][INFO] - 	 Starting Epoch: 366
[2026-05-04 19:00:18,214][src.modRNN.training.training_loop][INFO] - train epoch 366 loss 0.5493 accuracy 76.56%
[2026-05-04 19:00:18,216][src.modRNN.training.training_loop][INFO] - 	 Starting Epoch: 367
[2026-05-04 19:00:19,543][src.modRNN.training.training_loop][INFO] - train epoch 367 loss 0.5499 accuracy 76.56%
[2026-05-04 19:00:19,545][src.modRNN.training.training_loop][INFO] - 	 Starting Epoch: 368
[2026-05-04 19:00:20,871][src.modRNN.training.training_loop][INFO] - train epoch 368 loss 0.5212 accuracy 79.69%
[2026-05-04 19:00:20,873][src.modRNN.training.training_loop][INFO] - 	 Starting Epoch: 369
[2026-05-04 19:00:22,200][src.modRNN.training.training_loop][INFO] - train epoch 369 loss 0.5770 accuracy 71.88%
[2026-05-04 19:00:22,202][src.modRNN.training.training_loop][INFO] - 	 Starting Epoch: 370
[2026-05-04 19:00:23,525][src.modRNN.training.training_loop][INFO] - train epoch 370 loss 0.5147 accuracy 81.25%
[2026-05-04 19:00:23,527][src.modRNN.training.training_loop][INFO] - 	 Starting Epoch: 371
[2026-05-04 19:00:24,880][src.modRNN.training.training_loop][INFO] - train epoch 371 loss 0.5091 accuracy 79.69%
[2026-05-04 19:00:24,881][src.modRNN.training.training_loop][INFO] - 	 Starting Epoch: 372
[2026-05-04 19:00:26,204][src.modRNN.training.training_loop][INFO] - train epoch 372 loss 0.5753 accuracy 75.00%
[2026-05-04 19:00:26,205][src.modRNN.training.training_loop][INFO] - 	 Starting Epoch: 373
[2026-05-04 19:00:27,530][src.modRNN.training.training_loop][INFO] - train epoch 373 loss 0.5535 accuracy 75.00%
[2026-05-04 19:00:27,531][src.modRNN.training.training_loop][INFO] - 	 Starting Epoch: 374
[2026-05-04 19:00:28,858][src.modRNN.training.training_loop][INFO] - train epoch 374 loss 0.5966 accuracy 70.31%
[2026-05-04 19:00:28,860][src.modRNN.training.training_loop][INFO] - 	 Starting Epoch: 375
[2026-05-04 19:00:30,185][src.modRNN.training.training_loop][INFO] - train epoch 375 loss 0.4741 accuracy 85.94%
[2026-05-04 19:00:30,187][src.modRNN.training.training_loop][INFO] - 	 Starting Epoch: 376
[2026-05-04 19:00:31,510][src.modRNN.training.training_loop][INFO] - train epoch 376 loss 0.4864 accuracy 84.38%
[2026-05-04 19:00:33,649][src.modRNN.training.training_loop][INFO] - eval  epoch 376 loss 0.4938 accuracy 81.45%
[2026-05-04 19:00:33,650][src.modRNN.training.training_loop][INFO] - 	 Starting Epoch: 377
[2026-05-04 19:00:34,969][src.modRNN.training.training_loop][INFO] - train epoch 377 loss 0.5135 accuracy 76.56%
[2026-05-04 19:00:34,970][src.modRNN.training.training_loop][INFO] - 	 Starting Epoch: 378
[2026-05-04 19:00:36,290][src.modRNN.training.training_loop][INFO] - train epoch 378 loss 0.4642 accuracy 84.38%
[2026-05-04 19:00:36,291][src.modRNN.training.training_loop][INFO] - 	 Starting Epoch: 379
[2026-05-04 19:00:37,610][src.modRNN.training.training_loop][INFO] - train epoch 379 loss 0.5002 accuracy 84.38%
[2026-05-04 19:00:37,611][src.modRNN.training.training_loop][INFO] - 	 Starting Epoch: 380
[2026-05-04 19:00:38,929][src.modRNN.training.training_loop][INFO] - train epoch 380 loss 0.4651 accuracy 84.38%
[2026-05-04 19:00:38,930][src.modRNN.training.training_loop][INFO] - 	 Starting Epoch: 381
[2026-05-04 19:00:40,247][src.modRNN.training.training_loop][INFO] - train epoch 381 loss 0.4863 accuracy 82.81%
[2026-05-04 19:00:40,249][src.modRNN.training.training_loop][INFO] - 	 Starting Epoch: 382
[2026-05-04 19:00:41,569][src.modRNN.training.training_loop][INFO] - train epoch 382 loss 0.6342 accuracy 67.19%
[2026-05-04 19:00:41,571][src.modRNN.training.training_loop][INFO] - 	 Starting Epoch: 383
[2026-05-04 19:00:42,886][src.modRNN.training.training_loop][INFO] - train epoch 383 loss 0.5864 accuracy 73.44%
[2026-05-04 19:00:42,887][src.modRNN.training.training_loop][INFO] - 	 Starting Epoch: 384
[2026-05-04 19:00:44,203][src.modRNN.training.training_loop][INFO] - train epoch 384 loss 0.5574 accuracy 81.25%
[2026-05-04 19:00:44,204][src.modRNN.training.training_loop][INFO] - 	 Starting Epoch: 385
[2026-05-04 19:00:45,522][src.modRNN.training.training_loop][INFO] - train epoch 385 loss 0.4953 accuracy 82.81%
[2026-05-04 19:00:45,524][src.modRNN.training.training_loop][INFO] - 	 Starting Epoch: 386
[2026-05-04 19:00:46,840][src.modRNN.training.training_loop][INFO] - train epoch 386 loss 0.6583 accuracy 67.19%
[2026-05-04 19:00:46,841][src.modRNN.training.training_loop][INFO] - 	 Starting Epoch: 387
[2026-05-04 19:00:48,159][src.modRNN.training.training_loop][INFO] - train epoch 387 loss 0.5824 accuracy 67.19%
[2026-05-04 19:00:48,161][src.modRNN.training.training_loop][INFO] - 	 Starting Epoch: 388
[2026-05-04 19:00:49,479][src.modRNN.training.training_loop][INFO] - train epoch 388 loss 0.5173 accuracy 79.69%
[2026-05-04 19:00:49,480][src.modRNN.training.training_loop][INFO] - 	 Starting Epoch: 389
[2026-05-04 19:00:50,797][src.modRNN.training.training_loop][INFO] - train epoch 389 loss 0.4846 accuracy 81.25%
[2026-05-04 19:00:50,798][src.modRNN.training.training_loop][INFO] - 	 Starting Epoch: 390
[2026-05-04 19:00:52,116][src.modRNN.training.training_loop][INFO] - train epoch 390 loss 0.4952 accuracy 81.25%
[2026-05-04 19:00:52,117][src.modRNN.training.training_loop][INFO] - 	 Starting Epoch: 391
[2026-05-04 19:00:53,433][src.modRNN.training.training_loop][INFO] - train epoch 391 loss 0.4805 accuracy 84.38%
[2026-05-04 19:00:53,434][src.modRNN.training.training_loop][INFO] - 	 Starting Epoch: 392
[2026-05-04 19:00:54,752][src.modRNN.training.training_loop][INFO] - train epoch 392 loss 0.4288 accuracy 87.50%
[2026-05-04 19:00:54,753][src.modRNN.training.training_loop][INFO] - 	 Starting Epoch: 393
[2026-05-04 19:00:56,070][src.modRNN.training.training_loop][INFO] - train epoch 393 loss 0.4722 accuracy 85.94%
[2026-05-04 19:00:56,071][src.modRNN.training.training_loop][INFO] - 	 Starting Epoch: 394
[2026-05-04 19:00:57,389][src.modRNN.training.training_loop][INFO] - train epoch 394 loss 0.5173 accuracy 79.69%
[2026-05-04 19:00:57,391][src.modRNN.training.training_loop][INFO] - 	 Starting Epoch: 395
[2026-05-04 19:00:58,708][src.modRNN.training.training_loop][INFO] - train epoch 395 loss 0.4822 accuracy 82.81%
[2026-05-04 19:00:58,710][src.modRNN.training.training_loop][INFO] - 	 Starting Epoch: 396
[2026-05-04 19:01:00,026][src.modRNN.training.training_loop][INFO] - train epoch 396 loss 0.5844 accuracy 73.44%
[2026-05-04 19:01:00,028][src.modRNN.training.training_loop][INFO] - 	 Starting Epoch: 397
[2026-05-04 19:01:01,343][src.modRNN.training.training_loop][INFO] - train epoch 397 loss 0.5573 accuracy 75.00%
[2026-05-04 19:01:01,344][src.modRNN.training.training_loop][INFO] - 	 Starting Epoch: 398
[2026-05-04 19:01:02,675][src.modRNN.training.training_loop][INFO] - train epoch 398 loss 0.5368 accuracy 78.12%
[2026-05-04 19:01:02,677][src.modRNN.training.training_loop][INFO] - 	 Starting Epoch: 399
[2026-05-04 19:01:04,004][src.modRNN.training.training_loop][INFO] - train epoch 399 loss 0.5621 accuracy 73.44%
[2026-05-04 19:01:04,005][src.modRNN.training.training_loop][INFO] - 	 Starting Epoch: 400
[2026-05-04 19:01:05,330][src.modRNN.training.training_loop][INFO] - train epoch 400 loss 0.5413 accuracy 76.56%
[2026-05-04 19:01:05,332][src.modRNN.training.training_loop][INFO] - 	 Starting Epoch: 401
[2026-05-04 19:01:06,654][src.modRNN.training.training_loop][INFO] - train epoch 401 loss 0.6313 accuracy 70.31%
[2026-05-04 19:01:08,788][src.modRNN.training.training_loop][INFO] - eval  epoch 401 loss 0.5494 accuracy 77.54%
[2026-05-04 19:01:08,790][src.modRNN.training.training_loop][INFO] - 	 Starting Epoch: 402
[2026-05-04 19:01:10,114][src.modRNN.training.training_loop][INFO] - train epoch 402 loss 0.5494 accuracy 76.56%
[2026-05-04 19:01:10,115][src.modRNN.training.training_loop][INFO] - 	 Starting Epoch: 403
[2026-05-04 19:01:11,440][src.modRNN.training.training_loop][INFO] - train epoch 403 loss 0.4715 accuracy 85.94%
[2026-05-04 19:01:11,442][src.modRNN.training.training_loop][INFO] - 	 Starting Epoch: 404
[2026-05-04 19:01:12,766][src.modRNN.training.training_loop][INFO] - train epoch 404 loss 0.5803 accuracy 73.44%
[2026-05-04 19:01:12,767][src.modRNN.training.training_loop][INFO] - 	 Starting Epoch: 405
[2026-05-04 19:01:14,092][src.modRNN.training.training_loop][INFO] - train epoch 405 loss 0.4758 accuracy 85.94%
[2026-05-04 19:01:14,094][src.modRNN.training.training_loop][INFO] - 	 Starting Epoch: 406
[2026-05-04 19:01:15,419][src.modRNN.training.training_loop][INFO] - train epoch 406 loss 0.5192 accuracy 84.38%
[2026-05-04 19:01:15,421][src.modRNN.training.training_loop][INFO] - 	 Starting Epoch: 407
[2026-05-04 19:01:16,747][src.modRNN.training.training_loop][INFO] - train epoch 407 loss 0.5218 accuracy 82.81%
[2026-05-04 19:01:16,749][src.modRNN.training.training_loop][INFO] - 	 Starting Epoch: 408
[2026-05-04 19:01:18,072][src.modRNN.training.training_loop][INFO] - train epoch 408 loss 0.6355 accuracy 68.75%
[2026-05-04 19:01:18,073][src.modRNN.training.training_loop][INFO] - 	 Starting Epoch: 409
[2026-05-04 19:01:19,399][src.modRNN.training.training_loop][INFO] - train epoch 409 loss 0.6250 accuracy 70.31%
[2026-05-04 19:01:19,400][src.modRNN.training.training_loop][INFO] - 	 Starting Epoch: 410
[2026-05-04 19:01:20,724][src.modRNN.training.training_loop][INFO] - train epoch 410 loss 0.6743 accuracy 62.50%
[2026-05-04 19:01:20,726][src.modRNN.training.training_loop][INFO] - 	 Starting Epoch: 411
[2026-05-04 19:01:22,050][src.modRNN.training.training_loop][INFO] - train epoch 411 loss 0.6068 accuracy 71.88%
[2026-05-04 19:01:22,052][src.modRNN.training.training_loop][INFO] - 	 Starting Epoch: 412
[2026-05-04 19:01:23,377][src.modRNN.training.training_loop][INFO] - train epoch 412 loss 0.5902 accuracy 68.75%
[2026-05-04 19:01:23,379][src.modRNN.training.training_loop][INFO] - 	 Starting Epoch: 413
[2026-05-04 19:01:24,739][src.modRNN.training.training_loop][INFO] - train epoch 413 loss 0.6173 accuracy 70.31%
[2026-05-04 19:01:24,741][src.modRNN.training.training_loop][INFO] - 	 Starting Epoch: 414
[2026-05-04 19:01:26,066][src.modRNN.training.training_loop][INFO] - train epoch 414 loss 0.5429 accuracy 78.12%
[2026-05-04 19:01:26,067][src.modRNN.training.training_loop][INFO] - 	 Starting Epoch: 415
[2026-05-04 19:01:27,392][src.modRNN.training.training_loop][INFO] - train epoch 415 loss 0.5723 accuracy 70.31%
[2026-05-04 19:01:27,394][src.modRNN.training.training_loop][INFO] - 	 Starting Epoch: 416
[2026-05-04 19:01:28,718][src.modRNN.training.training_loop][INFO] - train epoch 416 loss 0.5873 accuracy 68.75%
[2026-05-04 19:01:28,719][src.modRNN.training.training_loop][INFO] - 	 Starting Epoch: 417
[2026-05-04 19:01:30,044][src.modRNN.training.training_loop][INFO] - train epoch 417 loss 0.5912 accuracy 70.31%
[2026-05-04 19:01:30,045][src.modRNN.training.training_loop][INFO] - 	 Starting Epoch: 418
[2026-05-04 19:01:31,370][src.modRNN.training.training_loop][INFO] - train epoch 418 loss 0.5778 accuracy 71.88%
[2026-05-04 19:01:31,371][src.modRNN.training.training_loop][INFO] - 	 Starting Epoch: 419
[2026-05-04 19:01:32,691][src.modRNN.training.training_loop][INFO] - train epoch 419 loss 0.5629 accuracy 75.00%
[2026-05-04 19:01:32,692][src.modRNN.training.training_loop][INFO] - 	 Starting Epoch: 420
[2026-05-04 19:01:34,008][src.modRNN.training.training_loop][INFO] - train epoch 420 loss 0.5507 accuracy 76.56%
[2026-05-04 19:01:34,009][src.modRNN.training.training_loop][INFO] - 	 Starting Epoch: 421
[2026-05-04 19:01:35,326][src.modRNN.training.training_loop][INFO] - train epoch 421 loss 0.5399 accuracy 79.69%
[2026-05-04 19:01:35,327][src.modRNN.training.training_loop][INFO] - 	 Starting Epoch: 422
[2026-05-04 19:01:36,644][src.modRNN.training.training_loop][INFO] - train epoch 422 loss 0.5486 accuracy 73.44%
[2026-05-04 19:01:36,645][src.modRNN.training.training_loop][INFO] - 	 Starting Epoch: 423
[2026-05-04 19:01:37,963][src.modRNN.training.training_loop][INFO] - train epoch 423 loss 0.5795 accuracy 75.00%
[2026-05-04 19:01:37,964][src.modRNN.training.training_loop][INFO] - 	 Starting Epoch: 424
[2026-05-04 19:01:39,280][src.modRNN.training.training_loop][INFO] - train epoch 424 loss 0.5537 accuracy 68.75%
[2026-05-04 19:01:39,281][src.modRNN.training.training_loop][INFO] - 	 Starting Epoch: 425
[2026-05-04 19:01:40,601][src.modRNN.training.training_loop][INFO] - train epoch 425 loss 0.5637 accuracy 73.44%
[2026-05-04 19:01:40,603][src.modRNN.training.training_loop][INFO] - 	 Starting Epoch: 426
[2026-05-04 19:01:41,919][src.modRNN.training.training_loop][INFO] - train epoch 426 loss 0.5095 accuracy 82.81%
[2026-05-04 19:01:44,055][src.modRNN.training.training_loop][INFO] - eval  epoch 426 loss 0.5356 accuracy 75.00%
[2026-05-04 19:01:44,056][src.modRNN.training.training_loop][INFO] - 	 Starting Epoch: 427
[2026-05-04 19:01:45,376][src.modRNN.training.training_loop][INFO] - train epoch 427 loss 0.5232 accuracy 78.12%
[2026-05-04 19:01:45,377][src.modRNN.training.training_loop][INFO] - 	 Starting Epoch: 428
[2026-05-04 19:01:46,694][src.modRNN.training.training_loop][INFO] - train epoch 428 loss 0.5208 accuracy 78.12%
[2026-05-04 19:01:46,695][src.modRNN.training.training_loop][INFO] - 	 Starting Epoch: 429
[2026-05-04 19:01:48,011][src.modRNN.training.training_loop][INFO] - train epoch 429 loss 0.5078 accuracy 79.69%
[2026-05-04 19:01:48,012][src.modRNN.training.training_loop][INFO] - 	 Starting Epoch: 430
[2026-05-04 19:01:49,332][src.modRNN.training.training_loop][INFO] - train epoch 430 loss 0.5720 accuracy 62.50%
[2026-05-04 19:01:49,333][src.modRNN.training.training_loop][INFO] - 	 Starting Epoch: 431
[2026-05-04 19:01:50,651][src.modRNN.training.training_loop][INFO] - train epoch 431 loss 0.5087 accuracy 82.81%
[2026-05-04 19:01:50,653][src.modRNN.training.training_loop][INFO] - 	 Starting Epoch: 432
[2026-05-04 19:01:51,971][src.modRNN.training.training_loop][INFO] - train epoch 432 loss 0.5456 accuracy 75.00%
[2026-05-04 19:01:51,973][src.modRNN.training.training_loop][INFO] - 	 Starting Epoch: 433
[2026-05-04 19:01:53,287][src.modRNN.training.training_loop][INFO] - train epoch 433 loss 0.5264 accuracy 73.44%
[2026-05-04 19:01:53,288][src.modRNN.training.training_loop][INFO] - 	 Starting Epoch: 434
[2026-05-04 19:01:54,606][src.modRNN.training.training_loop][INFO] - train epoch 434 loss 0.5592 accuracy 71.88%
[2026-05-04 19:01:54,608][src.modRNN.training.training_loop][INFO] - 	 Starting Epoch: 435
[2026-05-04 19:01:55,925][src.modRNN.training.training_loop][INFO] - train epoch 435 loss 0.5388 accuracy 71.88%
[2026-05-04 19:01:55,926][src.modRNN.training.training_loop][INFO] - 	 Starting Epoch: 436
[2026-05-04 19:01:57,245][src.modRNN.training.training_loop][INFO] - train epoch 436 loss 0.5026 accuracy 78.12%
[2026-05-04 19:01:57,247][src.modRNN.training.training_loop][INFO] - 	 Starting Epoch: 437
[2026-05-04 19:01:58,564][src.modRNN.training.training_loop][INFO] - train epoch 437 loss 0.5488 accuracy 78.12%
[2026-05-04 19:01:58,566][src.modRNN.training.training_loop][INFO] - 	 Starting Epoch: 438
[2026-05-04 19:01:59,883][src.modRNN.training.training_loop][INFO] - train epoch 438 loss 0.4524 accuracy 87.50%
[2026-05-04 19:01:59,885][src.modRNN.training.training_loop][INFO] - 	 Starting Epoch: 439
[2026-05-04 19:02:01,202][src.modRNN.training.training_loop][INFO] - train epoch 439 loss 0.5479 accuracy 76.56%
[2026-05-04 19:02:01,204][src.modRNN.training.training_loop][INFO] - 	 Starting Epoch: 440
[2026-05-04 19:02:02,529][src.modRNN.training.training_loop][INFO] - train epoch 440 loss 0.5305 accuracy 78.12%
[2026-05-04 19:02:02,531][src.modRNN.training.training_loop][INFO] - 	 Starting Epoch: 441
[2026-05-04 19:02:03,861][src.modRNN.training.training_loop][INFO] - train epoch 441 loss 0.4423 accuracy 82.81%
[2026-05-04 19:02:03,862][src.modRNN.training.training_loop][INFO] - 	 Starting Epoch: 442
[2026-05-04 19:02:05,193][src.modRNN.training.training_loop][INFO] - train epoch 442 loss 0.5700 accuracy 78.12%
[2026-05-04 19:02:05,194][src.modRNN.training.training_loop][INFO] - 	 Starting Epoch: 443
[2026-05-04 19:02:06,521][src.modRNN.training.training_loop][INFO] - train epoch 443 loss 0.4884 accuracy 78.12%
[2026-05-04 19:02:06,522][src.modRNN.training.training_loop][INFO] - 	 Starting Epoch: 444
[2026-05-04 19:02:07,848][src.modRNN.training.training_loop][INFO] - train epoch 444 loss 0.6027 accuracy 75.00%
[2026-05-04 19:02:07,849][src.modRNN.training.training_loop][INFO] - 	 Starting Epoch: 445
[2026-05-04 19:02:09,182][src.modRNN.training.training_loop][INFO] - train epoch 445 loss 0.5946 accuracy 71.88%
[2026-05-04 19:02:09,184][src.modRNN.training.training_loop][INFO] - 	 Starting Epoch: 446
[2026-05-04 19:02:10,509][src.modRNN.training.training_loop][INFO] - train epoch 446 loss 0.5227 accuracy 78.12%
[2026-05-04 19:02:10,510][src.modRNN.training.training_loop][INFO] - 	 Starting Epoch: 447
[2026-05-04 19:02:11,836][src.modRNN.training.training_loop][INFO] - train epoch 447 loss 0.5055 accuracy 78.12%
[2026-05-04 19:02:11,837][src.modRNN.training.training_loop][INFO] - 	 Starting Epoch: 448
[2026-05-04 19:02:13,162][src.modRNN.training.training_loop][INFO] - train epoch 448 loss 0.6093 accuracy 73.44%
[2026-05-04 19:02:13,163][src.modRNN.training.training_loop][INFO] - 	 Starting Epoch: 449
[2026-05-04 19:02:14,488][src.modRNN.training.training_loop][INFO] - train epoch 449 loss 0.5741 accuracy 73.44%
[2026-05-04 19:02:14,490][src.modRNN.training.training_loop][INFO] - 	 Starting Epoch: 450
[2026-05-04 19:02:15,816][src.modRNN.training.training_loop][INFO] - train epoch 450 loss 0.4627 accuracy 89.06%
[2026-05-04 19:02:15,818][src.modRNN.training.training_loop][INFO] - 	 Starting Epoch: 451
[2026-05-04 19:02:17,142][src.modRNN.training.training_loop][INFO] - train epoch 451 loss 0.5642 accuracy 71.88%
[2026-05-04 19:02:19,283][src.modRNN.training.training_loop][INFO] - eval  epoch 451 loss 0.5906 accuracy 73.24%
[2026-05-04 19:02:19,285][src.modRNN.training.training_loop][INFO] - 	 Starting Epoch: 452
[2026-05-04 19:02:20,612][src.modRNN.training.training_loop][INFO] - train epoch 452 loss 0.5229 accuracy 79.69%
[2026-05-04 19:02:20,613][src.modRNN.training.training_loop][INFO] - 	 Starting Epoch: 453
[2026-05-04 19:02:21,938][src.modRNN.training.training_loop][INFO] - train epoch 453 loss 0.5762 accuracy 78.12%
[2026-05-04 19:02:21,940][src.modRNN.training.training_loop][INFO] - 	 Starting Epoch: 454
[2026-05-04 19:02:23,264][src.modRNN.training.training_loop][INFO] - train epoch 454 loss 0.5219 accuracy 79.69%
[2026-05-04 19:02:23,265][src.modRNN.training.training_loop][INFO] - 	 Starting Epoch: 455
[2026-05-04 19:02:24,626][src.modRNN.training.training_loop][INFO] - train epoch 455 loss 0.5745 accuracy 75.00%
[2026-05-04 19:02:24,629][src.modRNN.training.training_loop][INFO] - 	 Starting Epoch: 456
[2026-05-04 19:02:25,976][src.modRNN.training.training_loop][INFO] - train epoch 456 loss 0.6562 accuracy 67.19%
[2026-05-04 19:02:25,978][src.modRNN.training.training_loop][INFO] - 	 Starting Epoch: 457
[2026-05-04 19:02:27,303][src.modRNN.training.training_loop][INFO] - train epoch 457 loss 0.5925 accuracy 73.44%
[2026-05-04 19:02:27,304][src.modRNN.training.training_loop][INFO] - 	 Starting Epoch: 458
[2026-05-04 19:02:28,626][src.modRNN.training.training_loop][INFO] - train epoch 458 loss 0.6231 accuracy 62.50%
[2026-05-04 19:02:28,628][src.modRNN.training.training_loop][INFO] - 	 Starting Epoch: 459
[2026-05-04 19:02:29,950][src.modRNN.training.training_loop][INFO] - train epoch 459 loss 0.4827 accuracy 79.69%
[2026-05-04 19:02:29,952][src.modRNN.training.training_loop][INFO] - 	 Starting Epoch: 460
[2026-05-04 19:02:31,272][src.modRNN.training.training_loop][INFO] - train epoch 460 loss 0.5763 accuracy 70.31%
[2026-05-04 19:02:31,273][src.modRNN.training.training_loop][INFO] - 	 Starting Epoch: 461
[2026-05-04 19:02:32,590][src.modRNN.training.training_loop][INFO] - train epoch 461 loss 0.5520 accuracy 68.75%
[2026-05-04 19:02:32,591][src.modRNN.training.training_loop][INFO] - 	 Starting Epoch: 462
[2026-05-04 19:02:33,909][src.modRNN.training.training_loop][INFO] - train epoch 462 loss 0.5423 accuracy 70.31%
[2026-05-04 19:02:33,910][src.modRNN.training.training_loop][INFO] - 	 Starting Epoch: 463
[2026-05-04 19:02:35,229][src.modRNN.training.training_loop][INFO] - train epoch 463 loss 0.5071 accuracy 79.69%
[2026-05-04 19:02:35,230][src.modRNN.training.training_loop][INFO] - 	 Starting Epoch: 464
[2026-05-04 19:02:36,546][src.modRNN.training.training_loop][INFO] - train epoch 464 loss 0.5124 accuracy 78.12%
[2026-05-04 19:02:36,548][src.modRNN.training.training_loop][INFO] - 	 Starting Epoch: 465
[2026-05-04 19:02:37,864][src.modRNN.training.training_loop][INFO] - train epoch 465 loss 0.5210 accuracy 78.12%
[2026-05-04 19:02:37,866][src.modRNN.training.training_loop][INFO] - 	 Starting Epoch: 466
[2026-05-04 19:02:39,184][src.modRNN.training.training_loop][INFO] - train epoch 466 loss 0.5395 accuracy 70.31%
[2026-05-04 19:02:39,185][src.modRNN.training.training_loop][INFO] - 	 Starting Epoch: 467
[2026-05-04 19:02:40,501][src.modRNN.training.training_loop][INFO] - train epoch 467 loss 0.4974 accuracy 79.69%
[2026-05-04 19:02:40,503][src.modRNN.training.training_loop][INFO] - 	 Starting Epoch: 468
[2026-05-04 19:02:41,820][src.modRNN.training.training_loop][INFO] - train epoch 468 loss 0.4389 accuracy 92.19%
[2026-05-04 19:02:41,821][src.modRNN.training.training_loop][INFO] - 	 Starting Epoch: 469
[2026-05-04 19:02:43,139][src.modRNN.training.training_loop][INFO] - train epoch 469 loss 0.5563 accuracy 78.12%
[2026-05-04 19:02:43,141][src.modRNN.training.training_loop][INFO] - 	 Starting Epoch: 470
[2026-05-04 19:02:44,455][src.modRNN.training.training_loop][INFO] - train epoch 470 loss 0.4086 accuracy 95.31%
[2026-05-04 19:02:44,456][src.modRNN.training.training_loop][INFO] - 	 Starting Epoch: 471
[2026-05-04 19:02:45,772][src.modRNN.training.training_loop][INFO] - train epoch 471 loss 0.4813 accuracy 81.25%
[2026-05-04 19:02:45,773][src.modRNN.training.training_loop][INFO] - 	 Starting Epoch: 472
[2026-05-04 19:02:47,089][src.modRNN.training.training_loop][INFO] - train epoch 472 loss 0.4428 accuracy 84.38%
[2026-05-04 19:02:47,091][src.modRNN.training.training_loop][INFO] - 	 Starting Epoch: 473
[2026-05-04 19:02:48,406][src.modRNN.training.training_loop][INFO] - train epoch 473 loss 0.5128 accuracy 79.69%
[2026-05-04 19:02:48,408][src.modRNN.training.training_loop][INFO] - 	 Starting Epoch: 474
[2026-05-04 19:02:49,724][src.modRNN.training.training_loop][INFO] - train epoch 474 loss 0.4596 accuracy 87.50%
[2026-05-04 19:02:49,725][src.modRNN.training.training_loop][INFO] - 	 Starting Epoch: 475
[2026-05-04 19:02:51,046][src.modRNN.training.training_loop][INFO] - train epoch 475 loss 0.4920 accuracy 78.12%
[2026-05-04 19:02:51,048][src.modRNN.training.training_loop][INFO] - 	 Starting Epoch: 476
[2026-05-04 19:02:52,366][src.modRNN.training.training_loop][INFO] - train epoch 476 loss 0.5858 accuracy 75.00%
[2026-05-04 19:02:54,497][src.modRNN.training.training_loop][INFO] - eval  epoch 476 loss 0.4694 accuracy 83.01%
[2026-05-04 19:02:54,499][src.modRNN.training.training_loop][INFO] - 	 Starting Epoch: 477
[2026-05-04 19:02:55,815][src.modRNN.training.training_loop][INFO] - train epoch 477 loss 0.5084 accuracy 79.69%
[2026-05-04 19:02:55,817][src.modRNN.training.training_loop][INFO] - 	 Starting Epoch: 478
[2026-05-04 19:02:57,134][src.modRNN.training.training_loop][INFO] - train epoch 478 loss 0.4646 accuracy 81.25%
[2026-05-04 19:02:57,135][src.modRNN.training.training_loop][INFO] - 	 Starting Epoch: 479
[2026-05-04 19:02:58,460][src.modRNN.training.training_loop][INFO] - train epoch 479 loss 0.5617 accuracy 73.44%
[2026-05-04 19:02:58,462][src.modRNN.training.training_loop][INFO] - 	 Starting Epoch: 480
[2026-05-04 19:02:59,778][src.modRNN.training.training_loop][INFO] - train epoch 480 loss 0.5539 accuracy 76.56%
[2026-05-04 19:02:59,779][src.modRNN.training.training_loop][INFO] - 	 Starting Epoch: 481
[2026-05-04 19:03:01,095][src.modRNN.training.training_loop][INFO] - train epoch 481 loss 0.4670 accuracy 84.38%
[2026-05-04 19:03:01,096][src.modRNN.training.training_loop][INFO] - 	 Starting Epoch: 482
[2026-05-04 19:03:02,426][src.modRNN.training.training_loop][INFO] - train epoch 482 loss 0.5562 accuracy 73.44%
[2026-05-04 19:03:02,427][src.modRNN.training.training_loop][INFO] - 	 Starting Epoch: 483
[2026-05-04 19:03:03,751][src.modRNN.training.training_loop][INFO] - train epoch 483 loss 0.5394 accuracy 76.56%
[2026-05-04 19:03:03,753][src.modRNN.training.training_loop][INFO] - 	 Starting Epoch: 484
[2026-05-04 19:03:05,076][src.modRNN.training.training_loop][INFO] - train epoch 484 loss 0.4555 accuracy 79.69%
[2026-05-04 19:03:05,077][src.modRNN.training.training_loop][INFO] - 	 Starting Epoch: 485
[2026-05-04 19:03:06,409][src.modRNN.training.training_loop][INFO] - train epoch 485 loss 0.4864 accuracy 82.81%
[2026-05-04 19:03:06,410][src.modRNN.training.training_loop][INFO] - 	 Starting Epoch: 486
[2026-05-04 19:03:07,735][src.modRNN.training.training_loop][INFO] - train epoch 486 loss 0.5424 accuracy 71.88%
[2026-05-04 19:03:07,737][src.modRNN.training.training_loop][INFO] - 	 Starting Epoch: 487
[2026-05-04 19:03:09,062][src.modRNN.training.training_loop][INFO] - train epoch 487 loss 0.5709 accuracy 76.56%
[2026-05-04 19:03:09,063][src.modRNN.training.training_loop][INFO] - 	 Starting Epoch: 488
[2026-05-04 19:03:10,388][src.modRNN.training.training_loop][INFO] - train epoch 488 loss 0.5937 accuracy 71.88%
[2026-05-04 19:03:10,390][src.modRNN.training.training_loop][INFO] - 	 Starting Epoch: 489
[2026-05-04 19:03:11,713][src.modRNN.training.training_loop][INFO] - train epoch 489 loss 0.5194 accuracy 76.56%
[2026-05-04 19:03:11,715][src.modRNN.training.training_loop][INFO] - 	 Starting Epoch: 490
[2026-05-04 19:03:13,038][src.modRNN.training.training_loop][INFO] - train epoch 490 loss 0.4149 accuracy 85.94%
[2026-05-04 19:03:13,039][src.modRNN.training.training_loop][INFO] - 	 Starting Epoch: 491
[2026-05-04 19:03:14,362][src.modRNN.training.training_loop][INFO] - train epoch 491 loss 0.5543 accuracy 73.44%
[2026-05-04 19:03:14,363][src.modRNN.training.training_loop][INFO] - 	 Starting Epoch: 492
[2026-05-04 19:03:15,687][src.modRNN.training.training_loop][INFO] - train epoch 492 loss 0.5092 accuracy 76.56%
[2026-05-04 19:03:15,688][src.modRNN.training.training_loop][INFO] - 	 Starting Epoch: 493
[2026-05-04 19:03:17,013][src.modRNN.training.training_loop][INFO] - train epoch 493 loss 0.5388 accuracy 79.69%
[2026-05-04 19:03:17,014][src.modRNN.training.training_loop][INFO] - 	 Starting Epoch: 494
[2026-05-04 19:03:18,340][src.modRNN.training.training_loop][INFO] - train epoch 494 loss 0.4647 accuracy 82.81%
[2026-05-04 19:03:18,341][src.modRNN.training.training_loop][INFO] - 	 Starting Epoch: 495
[2026-05-04 19:03:19,665][src.modRNN.training.training_loop][INFO] - train epoch 495 loss 0.4985 accuracy 78.12%
[2026-05-04 19:03:19,667][src.modRNN.training.training_loop][INFO] - 	 Starting Epoch: 496
[2026-05-04 19:03:20,991][src.modRNN.training.training_loop][INFO] - train epoch 496 loss 0.4887 accuracy 84.38%
[2026-05-04 19:03:20,992][src.modRNN.training.training_loop][INFO] - 	 Starting Epoch: 497
[2026-05-04 19:03:22,315][src.modRNN.training.training_loop][INFO] - train epoch 497 loss 0.4985 accuracy 84.38%
[2026-05-04 19:03:22,316][src.modRNN.training.training_loop][INFO] - 	 Starting Epoch: 498
[2026-05-04 19:03:23,642][src.modRNN.training.training_loop][INFO] - train epoch 498 loss 0.4863 accuracy 82.81%
[2026-05-04 19:03:23,643][src.modRNN.training.training_loop][INFO] - 	 Starting Epoch: 499
[2026-05-04 19:03:25,003][src.modRNN.training.training_loop][INFO] - train epoch 499 loss 0.4474 accuracy 92.19%
[2026-05-04 19:03:25,005][src.modRNN.training.training_loop][INFO] - 	 Starting Epoch: 500
[2026-05-04 19:03:26,331][src.modRNN.training.training_loop][INFO] - train epoch 500 loss 0.5198 accuracy 82.81%
[2026-05-04 19:03:26,333][src.modRNN.training.training_loop][INFO] - 	 Starting Epoch: 501
[2026-05-04 19:03:27,657][src.modRNN.training.training_loop][INFO] - train epoch 501 loss 0.5772 accuracy 78.12%
[2026-05-04 19:03:29,797][src.modRNN.training.training_loop][INFO] - eval  epoch 501 loss 0.4930 accuracy 82.03%
[2026-05-04 19:03:29,799][src.modRNN.training.training_loop][INFO] - 	 Starting Epoch: 502
[2026-05-04 19:03:31,124][src.modRNN.training.training_loop][INFO] - train epoch 502 loss 0.5026 accuracy 85.94%
[2026-05-04 19:03:31,125][src.modRNN.training.training_loop][INFO] - 	 Starting Epoch: 503
[2026-05-04 19:03:32,440][src.modRNN.training.training_loop][INFO] - train epoch 503 loss 0.5702 accuracy 73.44%
[2026-05-04 19:03:32,442][src.modRNN.training.training_loop][INFO] - 	 Starting Epoch: 504
[2026-05-04 19:03:33,756][src.modRNN.training.training_loop][INFO] - train epoch 504 loss 0.5039 accuracy 84.38%
[2026-05-04 19:03:33,758][src.modRNN.training.training_loop][INFO] - 	 Starting Epoch: 505
[2026-05-04 19:03:35,073][src.modRNN.training.training_loop][INFO] - train epoch 505 loss 0.4789 accuracy 78.12%
[2026-05-04 19:03:35,075][src.modRNN.training.training_loop][INFO] - 	 Starting Epoch: 506
[2026-05-04 19:03:36,389][src.modRNN.training.training_loop][INFO] - train epoch 506 loss 0.4653 accuracy 79.69%
[2026-05-04 19:03:36,390][src.modRNN.training.training_loop][INFO] - 	 Starting Epoch: 507
[2026-05-04 19:03:37,707][src.modRNN.training.training_loop][INFO] - train epoch 507 loss 0.5782 accuracy 71.88%
[2026-05-04 19:03:37,709][src.modRNN.training.training_loop][INFO] - 	 Starting Epoch: 508
[2026-05-04 19:03:39,023][src.modRNN.training.training_loop][INFO] - train epoch 508 loss 0.5455 accuracy 76.56%
[2026-05-04 19:03:39,024][src.modRNN.training.training_loop][INFO] - 	 Starting Epoch: 509
[2026-05-04 19:03:40,340][src.modRNN.training.training_loop][INFO] - train epoch 509 loss 0.4333 accuracy 84.38%
[2026-05-04 19:03:40,342][src.modRNN.training.training_loop][INFO] - 	 Starting Epoch: 510
[2026-05-04 19:03:41,665][src.modRNN.training.training_loop][INFO] - train epoch 510 loss 0.5626 accuracy 78.12%
[2026-05-04 19:03:41,667][src.modRNN.training.training_loop][INFO] - 	 Starting Epoch: 511
[2026-05-04 19:03:42,989][src.modRNN.training.training_loop][INFO] - train epoch 511 loss 0.4776 accuracy 84.38%
[2026-05-04 19:03:42,990][src.modRNN.training.training_loop][INFO] - 	 Starting Epoch: 512
[2026-05-04 19:03:44,314][src.modRNN.training.training_loop][INFO] - train epoch 512 loss 0.5939 accuracy 71.88%
[2026-05-04 19:03:44,316][src.modRNN.training.training_loop][INFO] - 	 Starting Epoch: 513
[2026-05-04 19:03:45,641][src.modRNN.training.training_loop][INFO] - train epoch 513 loss 0.6039 accuracy 75.00%
[2026-05-04 19:03:45,643][src.modRNN.training.training_loop][INFO] - 	 Starting Epoch: 514
[2026-05-04 19:03:46,965][src.modRNN.training.training_loop][INFO] - train epoch 514 loss 0.6638 accuracy 67.19%
[2026-05-04 19:03:46,967][src.modRNN.training.training_loop][INFO] - 	 Starting Epoch: 515
[2026-05-04 19:03:48,289][src.modRNN.training.training_loop][INFO] - train epoch 515 loss 0.5019 accuracy 78.12%
[2026-05-04 19:03:48,290][src.modRNN.training.training_loop][INFO] - 	 Starting Epoch: 516
[2026-05-04 19:03:49,613][src.modRNN.training.training_loop][INFO] - train epoch 516 loss 0.5777 accuracy 76.56%
[2026-05-04 19:03:49,615][src.modRNN.training.training_loop][INFO] - 	 Starting Epoch: 517
[2026-05-04 19:03:50,939][src.modRNN.training.training_loop][INFO] - train epoch 517 loss 0.5748 accuracy 76.56%
[2026-05-04 19:03:50,941][src.modRNN.training.training_loop][INFO] - 	 Starting Epoch: 518
[2026-05-04 19:03:52,268][src.modRNN.training.training_loop][INFO] - train epoch 518 loss 0.4924 accuracy 76.56%
[2026-05-04 19:03:52,269][src.modRNN.training.training_loop][INFO] - 	 Starting Epoch: 519
[2026-05-04 19:03:53,593][src.modRNN.training.training_loop][INFO] - train epoch 519 loss 0.5000 accuracy 76.56%
[2026-05-04 19:03:53,595][src.modRNN.training.training_loop][INFO] - 	 Starting Epoch: 520
[2026-05-04 19:03:54,918][src.modRNN.training.training_loop][INFO] - train epoch 520 loss 0.5850 accuracy 73.44%
[2026-05-04 19:03:54,920][src.modRNN.training.training_loop][INFO] - 	 Starting Epoch: 521
[2026-05-04 19:03:56,246][src.modRNN.training.training_loop][INFO] - train epoch 521 loss 0.4874 accuracy 82.81%
[2026-05-04 19:03:56,247][src.modRNN.training.training_loop][INFO] - 	 Starting Epoch: 522
[2026-05-04 19:03:57,572][src.modRNN.training.training_loop][INFO] - train epoch 522 loss 0.5124 accuracy 75.00%
[2026-05-04 19:03:57,574][src.modRNN.training.training_loop][INFO] - 	 Starting Epoch: 523
[2026-05-04 19:03:58,899][src.modRNN.training.training_loop][INFO] - train epoch 523 loss 0.4746 accuracy 82.81%
[2026-05-04 19:03:58,900][src.modRNN.training.training_loop][INFO] - 	 Starting Epoch: 524
[2026-05-04 19:04:00,227][src.modRNN.training.training_loop][INFO] - train epoch 524 loss 0.5011 accuracy 76.56%
[2026-05-04 19:04:00,228][src.modRNN.training.training_loop][INFO] - 	 Starting Epoch: 525
[2026-05-04 19:04:01,553][src.modRNN.training.training_loop][INFO] - train epoch 525 loss 0.4898 accuracy 81.25%
[2026-05-04 19:04:01,555][src.modRNN.training.training_loop][INFO] - 	 Starting Epoch: 526
[2026-05-04 19:04:02,883][src.modRNN.training.training_loop][INFO] - train epoch 526 loss 0.4897 accuracy 78.12%
[2026-05-04 19:04:05,038][src.modRNN.training.training_loop][INFO] - eval  epoch 526 loss 0.5069 accuracy 78.91%
[2026-05-04 19:04:05,039][src.modRNN.training.training_loop][INFO] - 	 Starting Epoch: 527
[2026-05-04 19:04:06,373][src.modRNN.training.training_loop][INFO] - train epoch 527 loss 0.4306 accuracy 82.81%
[2026-05-04 19:04:06,374][src.modRNN.training.training_loop][INFO] - 	 Starting Epoch: 528
[2026-05-04 19:04:07,708][src.modRNN.training.training_loop][INFO] - train epoch 528 loss 0.4267 accuracy 89.06%
[2026-05-04 19:04:07,710][src.modRNN.training.training_loop][INFO] - 	 Starting Epoch: 529
[2026-05-04 19:04:09,043][src.modRNN.training.training_loop][INFO] - train epoch 529 loss 0.5463 accuracy 76.56%
[2026-05-04 19:04:09,044][src.modRNN.training.training_loop][INFO] - 	 Starting Epoch: 530
[2026-05-04 19:04:10,379][src.modRNN.training.training_loop][INFO] - train epoch 530 loss 0.5358 accuracy 76.56%
[2026-05-04 19:04:10,380][src.modRNN.training.training_loop][INFO] - 	 Starting Epoch: 531
[2026-05-04 19:04:11,717][src.modRNN.training.training_loop][INFO] - train epoch 531 loss 0.4382 accuracy 84.38%
[2026-05-04 19:04:11,718][src.modRNN.training.training_loop][INFO] - 	 Starting Epoch: 532
[2026-05-04 19:04:13,054][src.modRNN.training.training_loop][INFO] - train epoch 532 loss 0.4355 accuracy 84.38%
[2026-05-04 19:04:13,056][src.modRNN.training.training_loop][INFO] - 	 Starting Epoch: 533
[2026-05-04 19:04:14,389][src.modRNN.training.training_loop][INFO] - train epoch 533 loss 0.5164 accuracy 79.69%
[2026-05-04 19:04:14,391][src.modRNN.training.training_loop][INFO] - 	 Starting Epoch: 534
[2026-05-04 19:04:15,723][src.modRNN.training.training_loop][INFO] - train epoch 534 loss 0.5353 accuracy 75.00%
[2026-05-04 19:04:15,725][src.modRNN.training.training_loop][INFO] - 	 Starting Epoch: 535
[2026-05-04 19:04:17,058][src.modRNN.training.training_loop][INFO] - train epoch 535 loss 0.5094 accuracy 76.56%
[2026-05-04 19:04:17,060][src.modRNN.training.training_loop][INFO] - 	 Starting Epoch: 536
[2026-05-04 19:04:18,395][src.modRNN.training.training_loop][INFO] - train epoch 536 loss 0.4236 accuracy 84.38%
[2026-05-04 19:04:18,396][src.modRNN.training.training_loop][INFO] - 	 Starting Epoch: 537
[2026-05-04 19:04:19,730][src.modRNN.training.training_loop][INFO] - train epoch 537 loss 0.4926 accuracy 79.69%
[2026-05-04 19:04:19,731][src.modRNN.training.training_loop][INFO] - 	 Starting Epoch: 538
[2026-05-04 19:04:21,065][src.modRNN.training.training_loop][INFO] - train epoch 538 loss 0.5023 accuracy 78.12%
[2026-05-04 19:04:21,067][src.modRNN.training.training_loop][INFO] - 	 Starting Epoch: 539
[2026-05-04 19:04:22,402][src.modRNN.training.training_loop][INFO] - train epoch 539 loss 0.4760 accuracy 87.50%
[2026-05-04 19:04:22,403][src.modRNN.training.training_loop][INFO] - 	 Starting Epoch: 540
[2026-05-04 19:04:23,737][src.modRNN.training.training_loop][INFO] - train epoch 540 loss 0.4472 accuracy 87.50%
[2026-05-04 19:04:23,739][src.modRNN.training.training_loop][INFO] - 	 Starting Epoch: 541
[2026-05-04 19:04:25,131][src.modRNN.training.training_loop][INFO] - train epoch 541 loss 0.4393 accuracy 87.50%
[2026-05-04 19:04:25,132][src.modRNN.training.training_loop][INFO] - 	 Starting Epoch: 542
[2026-05-04 19:04:26,468][src.modRNN.training.training_loop][INFO] - train epoch 542 loss 0.4853 accuracy 79.69%
[2026-05-04 19:04:26,470][src.modRNN.training.training_loop][INFO] - 	 Starting Epoch: 543
[2026-05-04 19:04:27,805][src.modRNN.training.training_loop][INFO] - train epoch 543 loss 0.4233 accuracy 90.62%
[2026-05-04 19:04:27,807][src.modRNN.training.training_loop][INFO] - 	 Starting Epoch: 544
[2026-05-04 19:04:29,141][src.modRNN.training.training_loop][INFO] - train epoch 544 loss 0.5563 accuracy 75.00%
[2026-05-04 19:04:29,143][src.modRNN.training.training_loop][INFO] - 	 Starting Epoch: 545
[2026-05-04 19:04:30,475][src.modRNN.training.training_loop][INFO] - train epoch 545 loss 0.4462 accuracy 85.94%
[2026-05-04 19:04:30,477][src.modRNN.training.training_loop][INFO] - 	 Starting Epoch: 546
[2026-05-04 19:04:31,806][src.modRNN.training.training_loop][INFO] - train epoch 546 loss 0.4284 accuracy 87.50%
[2026-05-04 19:04:31,807][src.modRNN.training.training_loop][INFO] - 	 Starting Epoch: 547
[2026-05-04 19:04:33,134][src.modRNN.training.training_loop][INFO] - train epoch 547 loss 0.5499 accuracy 76.56%
[2026-05-04 19:04:33,135][src.modRNN.training.training_loop][INFO] - 	 Starting Epoch: 548
[2026-05-04 19:04:34,460][src.modRNN.training.training_loop][INFO] - train epoch 548 loss 0.4274 accuracy 90.62%
[2026-05-04 19:04:34,462][src.modRNN.training.training_loop][INFO] - 	 Starting Epoch: 549
[2026-05-04 19:04:35,787][src.modRNN.training.training_loop][INFO] - train epoch 549 loss 0.5683 accuracy 73.44%
[2026-05-04 19:04:35,789][src.modRNN.training.training_loop][INFO] - 	 Starting Epoch: 550
[2026-05-04 19:04:37,115][src.modRNN.training.training_loop][INFO] - train epoch 550 loss 0.5919 accuracy 67.19%
[2026-05-04 19:04:37,117][src.modRNN.training.training_loop][INFO] - 	 Starting Epoch: 551
[2026-05-04 19:04:38,440][src.modRNN.training.training_loop][INFO] - train epoch 551 loss 0.6673 accuracy 67.19%
[2026-05-04 19:04:40,595][src.modRNN.training.training_loop][INFO] - eval  epoch 551 loss 0.6499 accuracy 66.21%
[2026-05-04 19:04:40,596][src.modRNN.training.training_loop][INFO] - 	 Starting Epoch: 552
[2026-05-04 19:04:41,919][src.modRNN.training.training_loop][INFO] - train epoch 552 loss 0.6503 accuracy 68.75%
[2026-05-04 19:04:41,921][src.modRNN.training.training_loop][INFO] - 	 Starting Epoch: 553
[2026-05-04 19:04:43,243][src.modRNN.training.training_loop][INFO] - train epoch 553 loss 0.6399 accuracy 71.88%
[2026-05-04 19:04:43,245][src.modRNN.training.training_loop][INFO] - 	 Starting Epoch: 554
[2026-05-04 19:04:44,567][src.modRNN.training.training_loop][INFO] - train epoch 554 loss 0.5557 accuracy 73.44%
[2026-05-04 19:04:44,568][src.modRNN.training.training_loop][INFO] - 	 Starting Epoch: 555
[2026-05-04 19:04:45,895][src.modRNN.training.training_loop][INFO] - train epoch 555 loss 0.6814 accuracy 62.50%
[2026-05-04 19:04:45,896][src.modRNN.training.training_loop][INFO] - 	 Starting Epoch: 556
[2026-05-04 19:04:47,222][src.modRNN.training.training_loop][INFO] - train epoch 556 loss 0.6709 accuracy 62.50%
[2026-05-04 19:04:47,224][src.modRNN.training.training_loop][INFO] - 	 Starting Epoch: 557
[2026-05-04 19:04:48,548][src.modRNN.training.training_loop][INFO] - train epoch 557 loss 0.6021 accuracy 68.75%
[2026-05-04 19:04:48,550][src.modRNN.training.training_loop][INFO] - 	 Starting Epoch: 558
[2026-05-04 19:04:49,874][src.modRNN.training.training_loop][INFO] - train epoch 558 loss 0.6947 accuracy 62.50%
[2026-05-04 19:04:49,875][src.modRNN.training.training_loop][INFO] - 	 Starting Epoch: 559
[2026-05-04 19:04:51,199][src.modRNN.training.training_loop][INFO] - train epoch 559 loss 0.5860 accuracy 75.00%
[2026-05-04 19:04:51,200][src.modRNN.training.training_loop][INFO] - 	 Starting Epoch: 560
[2026-05-04 19:04:52,523][src.modRNN.training.training_loop][INFO] - train epoch 560 loss 0.5612 accuracy 73.44%
[2026-05-04 19:04:52,524][src.modRNN.training.training_loop][INFO] - 	 Starting Epoch: 561
[2026-05-04 19:04:53,848][src.modRNN.training.training_loop][INFO] - train epoch 561 loss 0.6073 accuracy 68.75%
[2026-05-04 19:04:53,850][src.modRNN.training.training_loop][INFO] - 	 Starting Epoch: 562
[2026-05-04 19:04:55,176][src.modRNN.training.training_loop][INFO] - train epoch 562 loss 0.6556 accuracy 67.19%
[2026-05-04 19:04:55,177][src.modRNN.training.training_loop][INFO] - 	 Starting Epoch: 563
[2026-05-04 19:04:56,502][src.modRNN.training.training_loop][INFO] - train epoch 563 loss 0.4693 accuracy 79.69%
[2026-05-04 19:04:56,504][src.modRNN.training.training_loop][INFO] - 	 Starting Epoch: 564
[2026-05-04 19:04:57,831][src.modRNN.training.training_loop][INFO] - train epoch 564 loss 0.5541 accuracy 76.56%
[2026-05-04 19:04:57,833][src.modRNN.training.training_loop][INFO] - 	 Starting Epoch: 565
[2026-05-04 19:04:59,158][src.modRNN.training.training_loop][INFO] - train epoch 565 loss 0.5531 accuracy 67.19%
[2026-05-04 19:04:59,159][src.modRNN.training.training_loop][INFO] - 	 Starting Epoch: 566
[2026-05-04 19:05:00,485][src.modRNN.training.training_loop][INFO] - train epoch 566 loss 0.4743 accuracy 82.81%
[2026-05-04 19:05:00,487][src.modRNN.training.training_loop][INFO] - 	 Starting Epoch: 567
[2026-05-04 19:05:01,815][src.modRNN.training.training_loop][INFO] - train epoch 567 loss 0.5715 accuracy 68.75%
[2026-05-04 19:05:01,817][src.modRNN.training.training_loop][INFO] - 	 Starting Epoch: 568
[2026-05-04 19:05:03,153][src.modRNN.training.training_loop][INFO] - train epoch 568 loss 0.4695 accuracy 82.81%
[2026-05-04 19:05:03,155][src.modRNN.training.training_loop][INFO] - 	 Starting Epoch: 569
[2026-05-04 19:05:04,491][src.modRNN.training.training_loop][INFO] - train epoch 569 loss 0.5068 accuracy 79.69%
[2026-05-04 19:05:04,493][src.modRNN.training.training_loop][INFO] - 	 Starting Epoch: 570
[2026-05-04 19:05:05,825][src.modRNN.training.training_loop][INFO] - train epoch 570 loss 0.4575 accuracy 90.62%
[2026-05-04 19:05:05,827][src.modRNN.training.training_loop][INFO] - 	 Starting Epoch: 571
[2026-05-04 19:05:07,162][src.modRNN.training.training_loop][INFO] - train epoch 571 loss 0.4995 accuracy 79.69%
[2026-05-04 19:05:07,163][src.modRNN.training.training_loop][INFO] - 	 Starting Epoch: 572
[2026-05-04 19:05:08,498][src.modRNN.training.training_loop][INFO] - train epoch 572 loss 0.4605 accuracy 85.94%
[2026-05-04 19:05:08,499][src.modRNN.training.training_loop][INFO] - 	 Starting Epoch: 573
[2026-05-04 19:05:09,833][src.modRNN.training.training_loop][INFO] - train epoch 573 loss 0.5116 accuracy 82.81%
[2026-05-04 19:05:09,834][src.modRNN.training.training_loop][INFO] - 	 Starting Epoch: 574
[2026-05-04 19:05:11,170][src.modRNN.training.training_loop][INFO] - train epoch 574 loss 0.4957 accuracy 82.81%
[2026-05-04 19:05:11,171][src.modRNN.training.training_loop][INFO] - 	 Starting Epoch: 575
[2026-05-04 19:05:12,505][src.modRNN.training.training_loop][INFO] - train epoch 575 loss 0.4934 accuracy 82.81%
[2026-05-04 19:05:12,507][src.modRNN.training.training_loop][INFO] - 	 Starting Epoch: 576
[2026-05-04 19:05:13,838][src.modRNN.training.training_loop][INFO] - train epoch 576 loss 0.4608 accuracy 84.38%
[2026-05-04 19:05:15,990][src.modRNN.training.training_loop][INFO] - eval  epoch 576 loss 0.4820 accuracy 81.45%
[2026-05-04 19:05:15,992][src.modRNN.training.training_loop][INFO] - 	 Starting Epoch: 577
[2026-05-04 19:05:17,328][src.modRNN.training.training_loop][INFO] - train epoch 577 loss 0.4256 accuracy 90.62%
[2026-05-04 19:05:17,330][src.modRNN.training.training_loop][INFO] - 	 Starting Epoch: 578
[2026-05-04 19:05:18,663][src.modRNN.training.training_loop][INFO] - train epoch 578 loss 0.4182 accuracy 87.50%
[2026-05-04 19:05:18,664][src.modRNN.training.training_loop][INFO] - 	 Starting Epoch: 579
[2026-05-04 19:05:19,997][src.modRNN.training.training_loop][INFO] - train epoch 579 loss 0.4923 accuracy 81.25%
[2026-05-04 19:05:19,998][src.modRNN.training.training_loop][INFO] - 	 Starting Epoch: 580
[2026-05-04 19:05:21,333][src.modRNN.training.training_loop][INFO] - train epoch 580 loss 0.4194 accuracy 84.38%
[2026-05-04 19:05:21,335][src.modRNN.training.training_loop][INFO] - 	 Starting Epoch: 581
[2026-05-04 19:05:22,674][src.modRNN.training.training_loop][INFO] - train epoch 581 loss 0.4304 accuracy 84.38%
[2026-05-04 19:05:22,675][src.modRNN.training.training_loop][INFO] - 	 Starting Epoch: 582
[2026-05-04 19:05:24,014][src.modRNN.training.training_loop][INFO] - train epoch 582 loss 0.4394 accuracy 84.38%
[2026-05-04 19:05:24,016][src.modRNN.training.training_loop][INFO] - 	 Starting Epoch: 583
[2026-05-04 19:05:25,399][src.modRNN.training.training_loop][INFO] - train epoch 583 loss 0.3965 accuracy 89.06%
[2026-05-04 19:05:25,401][src.modRNN.training.training_loop][INFO] - 	 Starting Epoch: 584
[2026-05-04 19:05:26,734][src.modRNN.training.training_loop][INFO] - train epoch 584 loss 0.5230 accuracy 75.00%
[2026-05-04 19:05:26,736][src.modRNN.training.training_loop][INFO] - 	 Starting Epoch: 585
[2026-05-04 19:05:28,070][src.modRNN.training.training_loop][INFO] - train epoch 585 loss 0.4634 accuracy 84.38%
[2026-05-04 19:05:28,072][src.modRNN.training.training_loop][INFO] - 	 Starting Epoch: 586
[2026-05-04 19:05:29,407][src.modRNN.training.training_loop][INFO] - train epoch 586 loss 0.5251 accuracy 78.12%
[2026-05-04 19:05:29,409][src.modRNN.training.training_loop][INFO] - 	 Starting Epoch: 587
[2026-05-04 19:05:30,754][src.modRNN.training.training_loop][INFO] - train epoch 587 loss 0.5379 accuracy 76.56%
[2026-05-04 19:05:30,756][src.modRNN.training.training_loop][INFO] - 	 Starting Epoch: 588
[2026-05-04 19:05:32,087][src.modRNN.training.training_loop][INFO] - train epoch 588 loss 0.5677 accuracy 75.00%
[2026-05-04 19:05:32,089][src.modRNN.training.training_loop][INFO] - 	 Starting Epoch: 589
[2026-05-04 19:05:33,412][src.modRNN.training.training_loop][INFO] - train epoch 589 loss 0.6514 accuracy 68.75%
[2026-05-04 19:05:33,414][src.modRNN.training.training_loop][INFO] - 	 Starting Epoch: 590
[2026-05-04 19:05:34,740][src.modRNN.training.training_loop][INFO] - train epoch 590 loss 0.6656 accuracy 64.06%
[2026-05-04 19:05:34,741][src.modRNN.training.training_loop][INFO] - 	 Starting Epoch: 591
[2026-05-04 19:05:36,066][src.modRNN.training.training_loop][INFO] - train epoch 591 loss 0.6603 accuracy 70.31%
[2026-05-04 19:05:36,068][src.modRNN.training.training_loop][INFO] - 	 Starting Epoch: 592
[2026-05-04 19:05:37,396][src.modRNN.training.training_loop][INFO] - train epoch 592 loss 0.5643 accuracy 71.88%
[2026-05-04 19:05:37,397][src.modRNN.training.training_loop][INFO] - 	 Starting Epoch: 593
[2026-05-04 19:05:38,724][src.modRNN.training.training_loop][INFO] - train epoch 593 loss 0.7454 accuracy 64.06%
[2026-05-04 19:05:38,725][src.modRNN.training.training_loop][INFO] - 	 Starting Epoch: 594
[2026-05-04 19:05:40,051][src.modRNN.training.training_loop][INFO] - train epoch 594 loss 0.5585 accuracy 71.88%
[2026-05-04 19:05:40,053][src.modRNN.training.training_loop][INFO] - 	 Starting Epoch: 595
[2026-05-04 19:05:41,376][src.modRNN.training.training_loop][INFO] - train epoch 595 loss 0.7078 accuracy 60.94%
[2026-05-04 19:05:41,378][src.modRNN.training.training_loop][INFO] - 	 Starting Epoch: 596
[2026-05-04 19:05:42,702][src.modRNN.training.training_loop][INFO] - train epoch 596 loss 0.5302 accuracy 79.69%
[2026-05-04 19:05:42,704][src.modRNN.training.training_loop][INFO] - 	 Starting Epoch: 597
[2026-05-04 19:05:44,029][src.modRNN.training.training_loop][INFO] - train epoch 597 loss 0.5524 accuracy 73.44%
[2026-05-04 19:05:44,030][src.modRNN.training.training_loop][INFO] - 	 Starting Epoch: 598
[2026-05-04 19:05:45,359][src.modRNN.training.training_loop][INFO] - train epoch 598 loss 0.5365 accuracy 75.00%
[2026-05-04 19:05:45,361][src.modRNN.training.training_loop][INFO] - 	 Starting Epoch: 599
[2026-05-04 19:05:46,686][src.modRNN.training.training_loop][INFO] - train epoch 599 loss 0.6190 accuracy 70.31%
[2026-05-04 19:05:46,688][src.modRNN.training.training_loop][INFO] - 	 Starting Epoch: 600
[2026-05-04 19:05:48,012][src.modRNN.training.training_loop][INFO] - train epoch 600 loss 0.5008 accuracy 78.12%
[2026-05-04 19:05:48,014][src.modRNN.training.training_loop][INFO] - 	 Starting Epoch: 601
[2026-05-04 19:05:49,338][src.modRNN.training.training_loop][INFO] - train epoch 601 loss 0.6549 accuracy 64.06%
[2026-05-04 19:05:51,489][src.modRNN.training.training_loop][INFO] - eval  epoch 601 loss 0.5334 accuracy 75.00%
[2026-05-04 19:05:51,490][src.modRNN.training.training_loop][INFO] - 	 Starting Epoch: 602
[2026-05-04 19:05:52,816][src.modRNN.training.training_loop][INFO] - train epoch 602 loss 0.5722 accuracy 68.75%
[2026-05-04 19:05:52,818][src.modRNN.training.training_loop][INFO] - 	 Starting Epoch: 603
[2026-05-04 19:05:54,144][src.modRNN.training.training_loop][INFO] - train epoch 603 loss 0.5937 accuracy 71.88%
[2026-05-04 19:05:54,145][src.modRNN.training.training_loop][INFO] - 	 Starting Epoch: 604
[2026-05-04 19:05:55,469][src.modRNN.training.training_loop][INFO] - train epoch 604 loss 0.4527 accuracy 81.25%
[2026-05-04 19:05:55,470][src.modRNN.training.training_loop][INFO] - 	 Starting Epoch: 605
[2026-05-04 19:05:56,796][src.modRNN.training.training_loop][INFO] - train epoch 605 loss 0.5086 accuracy 75.00%
[2026-05-04 19:05:56,797][src.modRNN.training.training_loop][INFO] - 	 Starting Epoch: 606
[2026-05-04 19:05:58,126][src.modRNN.training.training_loop][INFO] - train epoch 606 loss 0.5180 accuracy 75.00%
[2026-05-04 19:05:58,127][src.modRNN.training.training_loop][INFO] - 	 Starting Epoch: 607
[2026-05-04 19:05:59,456][src.modRNN.training.training_loop][INFO] - train epoch 607 loss 0.5336 accuracy 75.00%
[2026-05-04 19:05:59,458][src.modRNN.training.training_loop][INFO] - 	 Starting Epoch: 608
[2026-05-04 19:06:00,784][src.modRNN.training.training_loop][INFO] - train epoch 608 loss 0.5799 accuracy 67.19%
[2026-05-04 19:06:00,785][src.modRNN.training.training_loop][INFO] - 	 Starting Epoch: 609
[2026-05-04 19:06:02,122][src.modRNN.training.training_loop][INFO] - train epoch 609 loss 0.5202 accuracy 79.69%
[2026-05-04 19:06:02,124][src.modRNN.training.training_loop][INFO] - 	 Starting Epoch: 610
[2026-05-04 19:06:03,460][src.modRNN.training.training_loop][INFO] - train epoch 610 loss 0.5344 accuracy 75.00%
[2026-05-04 19:06:03,462][src.modRNN.training.training_loop][INFO] - 	 Starting Epoch: 611
[2026-05-04 19:06:04,798][src.modRNN.training.training_loop][INFO] - train epoch 611 loss 0.6121 accuracy 67.19%
[2026-05-04 19:06:04,799][src.modRNN.training.training_loop][INFO] - 	 Starting Epoch: 612
[2026-05-04 19:06:06,135][src.modRNN.training.training_loop][INFO] - train epoch 612 loss 0.5730 accuracy 71.88%
[2026-05-04 19:06:06,137][src.modRNN.training.training_loop][INFO] - 	 Starting Epoch: 613
[2026-05-04 19:06:07,471][src.modRNN.training.training_loop][INFO] - train epoch 613 loss 0.5539 accuracy 75.00%
[2026-05-04 19:06:07,473][src.modRNN.training.training_loop][INFO] - 	 Starting Epoch: 614
[2026-05-04 19:06:08,807][src.modRNN.training.training_loop][INFO] - train epoch 614 loss 0.5534 accuracy 78.12%
[2026-05-04 19:06:08,808][src.modRNN.training.training_loop][INFO] - 	 Starting Epoch: 615
[2026-05-04 19:06:10,142][src.modRNN.training.training_loop][INFO] - train epoch 615 loss 0.4687 accuracy 84.38%
[2026-05-04 19:06:10,144][src.modRNN.training.training_loop][INFO] - 	 Starting Epoch: 616
[2026-05-04 19:06:11,477][src.modRNN.training.training_loop][INFO] - train epoch 616 loss 0.5542 accuracy 73.44%
[2026-05-04 19:06:11,478][src.modRNN.training.training_loop][INFO] - 	 Starting Epoch: 617
[2026-05-04 19:06:12,814][src.modRNN.training.training_loop][INFO] - train epoch 617 loss 0.4590 accuracy 87.50%
[2026-05-04 19:06:12,815][src.modRNN.training.training_loop][INFO] - 	 Starting Epoch: 618
[2026-05-04 19:06:14,153][src.modRNN.training.training_loop][INFO] - train epoch 618 loss 0.4711 accuracy 84.38%
[2026-05-04 19:06:14,154][src.modRNN.training.training_loop][INFO] - 	 Starting Epoch: 619
[2026-05-04 19:06:15,491][src.modRNN.training.training_loop][INFO] - train epoch 619 loss 0.4862 accuracy 81.25%
[2026-05-04 19:06:15,493][src.modRNN.training.training_loop][INFO] - 	 Starting Epoch: 620
[2026-05-04 19:06:16,826][src.modRNN.training.training_loop][INFO] - train epoch 620 loss 0.4600 accuracy 84.38%
[2026-05-04 19:06:16,828][src.modRNN.training.training_loop][INFO] - 	 Starting Epoch: 621
[2026-05-04 19:06:18,162][src.modRNN.training.training_loop][INFO] - train epoch 621 loss 0.5115 accuracy 79.69%
[2026-05-04 19:06:18,163][src.modRNN.training.training_loop][INFO] - 	 Starting Epoch: 622
[2026-05-04 19:06:19,497][src.modRNN.training.training_loop][INFO] - train epoch 622 loss 0.5115 accuracy 84.38%
[2026-05-04 19:06:19,499][src.modRNN.training.training_loop][INFO] - 	 Starting Epoch: 623
[2026-05-04 19:06:20,832][src.modRNN.training.training_loop][INFO] - train epoch 623 loss 0.5606 accuracy 73.44%
[2026-05-04 19:06:20,833][src.modRNN.training.training_loop][INFO] - 	 Starting Epoch: 624
[2026-05-04 19:06:22,171][src.modRNN.training.training_loop][INFO] - train epoch 624 loss 0.5405 accuracy 78.12%
[2026-05-04 19:06:22,173][src.modRNN.training.training_loop][INFO] - 	 Starting Epoch: 625
[2026-05-04 19:06:23,508][src.modRNN.training.training_loop][INFO] - train epoch 625 loss 0.5801 accuracy 70.31%
[2026-05-04 19:06:23,509][src.modRNN.training.training_loop][INFO] - 	 Starting Epoch: 626
[2026-05-04 19:06:24,872][src.modRNN.training.training_loop][INFO] - train epoch 626 loss 0.5623 accuracy 75.00%
[2026-05-04 19:06:27,028][src.modRNN.training.training_loop][INFO] - eval  epoch 626 loss 0.5823 accuracy 73.24%
[2026-05-04 19:06:27,030][src.modRNN.training.training_loop][INFO] - 	 Starting Epoch: 627
[2026-05-04 19:06:28,363][src.modRNN.training.training_loop][INFO] - train epoch 627 loss 0.5023 accuracy 76.56%
[2026-05-04 19:06:28,364][src.modRNN.training.training_loop][INFO] - 	 Starting Epoch: 628
[2026-05-04 19:06:29,708][src.modRNN.training.training_loop][INFO] - train epoch 628 loss 0.6087 accuracy 68.75%
[2026-05-04 19:06:29,710][src.modRNN.training.training_loop][INFO] - 	 Starting Epoch: 629
[2026-05-04 19:06:31,044][src.modRNN.training.training_loop][INFO] - train epoch 629 loss 0.5663 accuracy 73.44%
[2026-05-04 19:06:31,046][src.modRNN.training.training_loop][INFO] - 	 Starting Epoch: 630
[2026-05-04 19:06:32,374][src.modRNN.training.training_loop][INFO] - train epoch 630 loss 0.4910 accuracy 81.25%
[2026-05-04 19:06:32,375][src.modRNN.training.training_loop][INFO] - 	 Starting Epoch: 631
[2026-05-04 19:06:33,703][src.modRNN.training.training_loop][INFO] - train epoch 631 loss 0.5036 accuracy 78.12%
[2026-05-04 19:06:33,705][src.modRNN.training.training_loop][INFO] - 	 Starting Epoch: 632
[2026-05-04 19:06:35,030][src.modRNN.training.training_loop][INFO] - train epoch 632 loss 0.6671 accuracy 65.62%
[2026-05-04 19:06:35,031][src.modRNN.training.training_loop][INFO] - 	 Starting Epoch: 633
[2026-05-04 19:06:36,355][src.modRNN.training.training_loop][INFO] - train epoch 633 loss 0.5517 accuracy 75.00%
[2026-05-04 19:06:36,357][src.modRNN.training.training_loop][INFO] - 	 Starting Epoch: 634
[2026-05-04 19:06:37,683][src.modRNN.training.training_loop][INFO] - train epoch 634 loss 0.5309 accuracy 75.00%
[2026-05-04 19:06:37,684][src.modRNN.training.training_loop][INFO] - 	 Starting Epoch: 635
[2026-05-04 19:06:39,012][src.modRNN.training.training_loop][INFO] - train epoch 635 loss 0.5565 accuracy 75.00%
[2026-05-04 19:06:39,013][src.modRNN.training.training_loop][INFO] - 	 Starting Epoch: 636
[2026-05-04 19:06:40,341][src.modRNN.training.training_loop][INFO] - train epoch 636 loss 0.5612 accuracy 71.88%
[2026-05-04 19:06:40,342][src.modRNN.training.training_loop][INFO] - 	 Starting Epoch: 637
[2026-05-04 19:06:41,668][src.modRNN.training.training_loop][INFO] - train epoch 637 loss 0.5455 accuracy 73.44%
[2026-05-04 19:06:41,669][src.modRNN.training.training_loop][INFO] - 	 Starting Epoch: 638
[2026-05-04 19:06:42,996][src.modRNN.training.training_loop][INFO] - train epoch 638 loss 0.5485 accuracy 75.00%
[2026-05-04 19:06:42,997][src.modRNN.training.training_loop][INFO] - 	 Starting Epoch: 639
[2026-05-04 19:06:44,321][src.modRNN.training.training_loop][INFO] - train epoch 639 loss 0.5353 accuracy 73.44%
[2026-05-04 19:06:44,322][src.modRNN.training.training_loop][INFO] - 	 Starting Epoch: 640
[2026-05-04 19:06:45,647][src.modRNN.training.training_loop][INFO] - train epoch 640 loss 0.5645 accuracy 71.88%
[2026-05-04 19:06:45,649][src.modRNN.training.training_loop][INFO] - 	 Starting Epoch: 641
[2026-05-04 19:06:46,975][src.modRNN.training.training_loop][INFO] - train epoch 641 loss 0.5284 accuracy 71.88%
[2026-05-04 19:06:46,976][src.modRNN.training.training_loop][INFO] - 	 Starting Epoch: 642
[2026-05-04 19:06:48,302][src.modRNN.training.training_loop][INFO] - train epoch 642 loss 0.5838 accuracy 67.19%
[2026-05-04 19:06:48,303][src.modRNN.training.training_loop][INFO] - 	 Starting Epoch: 643
[2026-05-04 19:06:49,628][src.modRNN.training.training_loop][INFO] - train epoch 643 loss 0.6586 accuracy 60.94%
[2026-05-04 19:06:49,630][src.modRNN.training.training_loop][INFO] - 	 Starting Epoch: 644
[2026-05-04 19:06:50,959][src.modRNN.training.training_loop][INFO] - train epoch 644 loss 0.5938 accuracy 64.06%
[2026-05-04 19:06:50,961][src.modRNN.training.training_loop][INFO] - 	 Starting Epoch: 645
[2026-05-04 19:06:52,286][src.modRNN.training.training_loop][INFO] - train epoch 645 loss 0.5904 accuracy 60.94%
[2026-05-04 19:06:52,287][src.modRNN.training.training_loop][INFO] - 	 Starting Epoch: 646
[2026-05-04 19:06:53,613][src.modRNN.training.training_loop][INFO] - train epoch 646 loss 0.5828 accuracy 65.62%
[2026-05-04 19:06:53,614][src.modRNN.training.training_loop][INFO] - 	 Starting Epoch: 647
[2026-05-04 19:06:54,940][src.modRNN.training.training_loop][INFO] - train epoch 647 loss 0.4733 accuracy 76.56%
[2026-05-04 19:06:54,941][src.modRNN.training.training_loop][INFO] - 	 Starting Epoch: 648
[2026-05-04 19:06:56,271][src.modRNN.training.training_loop][INFO] - train epoch 648 loss 0.5336 accuracy 71.88%
[2026-05-04 19:06:56,273][src.modRNN.training.training_loop][INFO] - 	 Starting Epoch: 649
[2026-05-04 19:06:57,601][src.modRNN.training.training_loop][INFO] - train epoch 649 loss 0.4739 accuracy 75.00%
[2026-05-04 19:06:57,602][src.modRNN.training.training_loop][INFO] - 	 Starting Epoch: 650
[2026-05-04 19:06:58,926][src.modRNN.training.training_loop][INFO] - train epoch 650 loss 0.5370 accuracy 78.12%
[2026-05-04 19:06:58,928][src.modRNN.training.training_loop][INFO] - 	 Starting Epoch: 651
[2026-05-04 19:07:00,259][src.modRNN.training.training_loop][INFO] - train epoch 651 loss 0.4730 accuracy 84.38%
[2026-05-04 19:07:02,411][src.modRNN.training.training_loop][INFO] - eval  epoch 651 loss 0.4997 accuracy 81.84%
[2026-05-04 19:07:02,413][src.modRNN.training.training_loop][INFO] - 	 Starting Epoch: 652
[2026-05-04 19:07:03,746][src.modRNN.training.training_loop][INFO] - train epoch 652 loss 0.5062 accuracy 87.50%
[2026-05-04 19:07:03,748][src.modRNN.training.training_loop][INFO] - 	 Starting Epoch: 653
[2026-05-04 19:07:05,082][src.modRNN.training.training_loop][INFO] - train epoch 653 loss 0.4955 accuracy 82.81%
[2026-05-04 19:07:05,084][src.modRNN.training.training_loop][INFO] - 	 Starting Epoch: 654
[2026-05-04 19:07:06,419][src.modRNN.training.training_loop][INFO] - train epoch 654 loss 0.4640 accuracy 89.06%
[2026-05-04 19:07:06,421][src.modRNN.training.training_loop][INFO] - 	 Starting Epoch: 655
[2026-05-04 19:07:07,756][src.modRNN.training.training_loop][INFO] - train epoch 655 loss 0.4187 accuracy 89.06%
[2026-05-04 19:07:07,758][src.modRNN.training.training_loop][INFO] - 	 Starting Epoch: 656
[2026-05-04 19:07:09,091][src.modRNN.training.training_loop][INFO] - train epoch 656 loss 0.5121 accuracy 79.69%
[2026-05-04 19:07:09,093][src.modRNN.training.training_loop][INFO] - 	 Starting Epoch: 657
[2026-05-04 19:07:10,429][src.modRNN.training.training_loop][INFO] - train epoch 657 loss 0.4402 accuracy 85.94%
[2026-05-04 19:07:10,431][src.modRNN.training.training_loop][INFO] - 	 Starting Epoch: 658
[2026-05-04 19:07:11,766][src.modRNN.training.training_loop][INFO] - train epoch 658 loss 0.4486 accuracy 85.94%
[2026-05-04 19:07:11,768][src.modRNN.training.training_loop][INFO] - 	 Starting Epoch: 659
[2026-05-04 19:07:13,104][src.modRNN.training.training_loop][INFO] - train epoch 659 loss 0.4394 accuracy 84.38%
[2026-05-04 19:07:13,105][src.modRNN.training.training_loop][INFO] - 	 Starting Epoch: 660
[2026-05-04 19:07:14,440][src.modRNN.training.training_loop][INFO] - train epoch 660 loss 0.4246 accuracy 85.94%
[2026-05-04 19:07:14,441][src.modRNN.training.training_loop][INFO] - 	 Starting Epoch: 661
[2026-05-04 19:07:15,777][src.modRNN.training.training_loop][INFO] - train epoch 661 loss 0.4176 accuracy 82.81%
[2026-05-04 19:07:15,778][src.modRNN.training.training_loop][INFO] - 	 Starting Epoch: 662
[2026-05-04 19:07:17,113][src.modRNN.training.training_loop][INFO] - train epoch 662 loss 0.4613 accuracy 81.25%
[2026-05-04 19:07:17,115][src.modRNN.training.training_loop][INFO] - 	 Starting Epoch: 663
[2026-05-04 19:07:18,450][src.modRNN.training.training_loop][INFO] - train epoch 663 loss 0.4316 accuracy 85.94%
[2026-05-04 19:07:18,452][src.modRNN.training.training_loop][INFO] - 	 Starting Epoch: 664
[2026-05-04 19:07:19,786][src.modRNN.training.training_loop][INFO] - train epoch 664 loss 0.4835 accuracy 79.69%
[2026-05-04 19:07:19,788][src.modRNN.training.training_loop][INFO] - 	 Starting Epoch: 665
[2026-05-04 19:07:21,123][src.modRNN.training.training_loop][INFO] - train epoch 665 loss 0.5254 accuracy 76.56%
[2026-05-04 19:07:21,124][src.modRNN.training.training_loop][INFO] - 	 Starting Epoch: 666
[2026-05-04 19:07:22,459][src.modRNN.training.training_loop][INFO] - train epoch 666 loss 0.5048 accuracy 76.56%
[2026-05-04 19:07:22,460][src.modRNN.training.training_loop][INFO] - 	 Starting Epoch: 667
[2026-05-04 19:07:23,798][src.modRNN.training.training_loop][INFO] - train epoch 667 loss 0.4913 accuracy 85.94%
[2026-05-04 19:07:23,799][src.modRNN.training.training_loop][INFO] - 	 Starting Epoch: 668
[2026-05-04 19:07:25,169][src.modRNN.training.training_loop][INFO] - train epoch 668 loss 0.4965 accuracy 78.12%
[2026-05-04 19:07:25,170][src.modRNN.training.training_loop][INFO] - 	 Starting Epoch: 669
[2026-05-04 19:07:26,508][src.modRNN.training.training_loop][INFO] - train epoch 669 loss 0.5303 accuracy 76.56%
[2026-05-04 19:07:26,510][src.modRNN.training.training_loop][INFO] - 	 Starting Epoch: 670
[2026-05-04 19:07:27,843][src.modRNN.training.training_loop][INFO] - train epoch 670 loss 0.4990 accuracy 84.38%
[2026-05-04 19:07:27,845][src.modRNN.training.training_loop][INFO] - 	 Starting Epoch: 671
[2026-05-04 19:07:29,178][src.modRNN.training.training_loop][INFO] - train epoch 671 loss 0.5615 accuracy 71.88%
[2026-05-04 19:07:29,179][src.modRNN.training.training_loop][INFO] - 	 Starting Epoch: 672
[2026-05-04 19:07:30,512][src.modRNN.training.training_loop][INFO] - train epoch 672 loss 0.5079 accuracy 81.25%
[2026-05-04 19:07:30,514][src.modRNN.training.training_loop][INFO] - 	 Starting Epoch: 673
[2026-05-04 19:07:31,844][src.modRNN.training.training_loop][INFO] - train epoch 673 loss 0.3909 accuracy 89.06%
[2026-05-04 19:07:31,846][src.modRNN.training.training_loop][INFO] - 	 Starting Epoch: 674
[2026-05-04 19:07:33,174][src.modRNN.training.training_loop][INFO] - train epoch 674 loss 0.4009 accuracy 84.38%
[2026-05-04 19:07:33,175][src.modRNN.training.training_loop][INFO] - 	 Starting Epoch: 675
[2026-05-04 19:07:34,501][src.modRNN.training.training_loop][INFO] - train epoch 675 loss 0.5743 accuracy 78.12%
[2026-05-04 19:07:34,503][src.modRNN.training.training_loop][INFO] - 	 Starting Epoch: 676
[2026-05-04 19:07:35,827][src.modRNN.training.training_loop][INFO] - train epoch 676 loss 0.4937 accuracy 79.69%
[2026-05-04 19:07:37,977][src.modRNN.training.training_loop][INFO] - eval  epoch 676 loss 0.4765 accuracy 81.45%
[2026-05-04 19:07:37,978][src.modRNN.training.training_loop][INFO] - 	 Starting Epoch: 677
[2026-05-04 19:07:39,305][src.modRNN.training.training_loop][INFO] - train epoch 677 loss 0.4860 accuracy 82.81%
[2026-05-04 19:07:39,306][src.modRNN.training.training_loop][INFO] - 	 Starting Epoch: 678
[2026-05-04 19:07:40,634][src.modRNN.training.training_loop][INFO] - train epoch 678 loss 0.4936 accuracy 73.44%
[2026-05-04 19:07:40,635][src.modRNN.training.training_loop][INFO] - 	 Starting Epoch: 679
[2026-05-04 19:07:41,959][src.modRNN.training.training_loop][INFO] - train epoch 679 loss 0.4073 accuracy 87.50%
[2026-05-04 19:07:41,960][src.modRNN.training.training_loop][INFO] - 	 Starting Epoch: 680
[2026-05-04 19:07:43,286][src.modRNN.training.training_loop][INFO] - train epoch 680 loss 0.4987 accuracy 78.12%
[2026-05-04 19:07:43,288][src.modRNN.training.training_loop][INFO] - 	 Starting Epoch: 681
[2026-05-04 19:07:44,614][src.modRNN.training.training_loop][INFO] - train epoch 681 loss 0.3978 accuracy 85.94%
[2026-05-04 19:07:44,615][src.modRNN.training.training_loop][INFO] - 	 Starting Epoch: 682
[2026-05-04 19:07:45,943][src.modRNN.training.training_loop][INFO] - train epoch 682 loss 0.4707 accuracy 81.25%
[2026-05-04 19:07:45,944][src.modRNN.training.training_loop][INFO] - 	 Starting Epoch: 683
[2026-05-04 19:07:47,269][src.modRNN.training.training_loop][INFO] - train epoch 683 loss 0.4013 accuracy 89.06%
[2026-05-04 19:07:47,271][src.modRNN.training.training_loop][INFO] - 	 Starting Epoch: 684
[2026-05-04 19:07:48,596][src.modRNN.training.training_loop][INFO] - train epoch 684 loss 0.4737 accuracy 76.56%
[2026-05-04 19:07:48,597][src.modRNN.training.training_loop][INFO] - 	 Starting Epoch: 685
[2026-05-04 19:07:49,921][src.modRNN.training.training_loop][INFO] - train epoch 685 loss 0.4968 accuracy 78.12%
[2026-05-04 19:07:49,923][src.modRNN.training.training_loop][INFO] - 	 Starting Epoch: 686
[2026-05-04 19:07:51,249][src.modRNN.training.training_loop][INFO] - train epoch 686 loss 0.4300 accuracy 85.94%
[2026-05-04 19:07:51,250][src.modRNN.training.training_loop][INFO] - 	 Starting Epoch: 687
[2026-05-04 19:07:52,575][src.modRNN.training.training_loop][INFO] - train epoch 687 loss 0.4889 accuracy 78.12%
[2026-05-04 19:07:52,576][src.modRNN.training.training_loop][INFO] - 	 Starting Epoch: 688
[2026-05-04 19:07:53,904][src.modRNN.training.training_loop][INFO] - train epoch 688 loss 0.4492 accuracy 85.94%
[2026-05-04 19:07:53,906][src.modRNN.training.training_loop][INFO] - 	 Starting Epoch: 689
[2026-05-04 19:07:55,229][src.modRNN.training.training_loop][INFO] - train epoch 689 loss 0.4566 accuracy 84.38%
[2026-05-04 19:07:55,230][src.modRNN.training.training_loop][INFO] - 	 Starting Epoch: 690
[2026-05-04 19:07:56,555][src.modRNN.training.training_loop][INFO] - train epoch 690 loss 0.5132 accuracy 82.81%
[2026-05-04 19:07:56,556][src.modRNN.training.training_loop][INFO] - 	 Starting Epoch: 691
[2026-05-04 19:07:57,880][src.modRNN.training.training_loop][INFO] - train epoch 691 loss 0.3679 accuracy 89.06%
[2026-05-04 19:07:57,882][src.modRNN.training.training_loop][INFO] - 	 Starting Epoch: 692
[2026-05-04 19:07:59,207][src.modRNN.training.training_loop][INFO] - train epoch 692 loss 0.3698 accuracy 90.62%
[2026-05-04 19:07:59,209][src.modRNN.training.training_loop][INFO] - 	 Starting Epoch: 693
[2026-05-04 19:08:00,540][src.modRNN.training.training_loop][INFO] - train epoch 693 loss 0.4026 accuracy 84.38%
[2026-05-04 19:08:00,542][src.modRNN.training.training_loop][INFO] - 	 Starting Epoch: 694
[2026-05-04 19:08:01,872][src.modRNN.training.training_loop][INFO] - train epoch 694 loss 0.3795 accuracy 89.06%
[2026-05-04 19:08:01,875][src.modRNN.training.training_loop][INFO] - 	 Starting Epoch: 695
[2026-05-04 19:08:03,209][src.modRNN.training.training_loop][INFO] - train epoch 695 loss 0.4423 accuracy 79.69%
[2026-05-04 19:08:03,210][src.modRNN.training.training_loop][INFO] - 	 Starting Epoch: 696
[2026-05-04 19:08:04,544][src.modRNN.training.training_loop][INFO] - train epoch 696 loss 0.4820 accuracy 76.56%
[2026-05-04 19:08:04,545][src.modRNN.training.training_loop][INFO] - 	 Starting Epoch: 697
[2026-05-04 19:08:05,879][src.modRNN.training.training_loop][INFO] - train epoch 697 loss 0.4631 accuracy 82.81%
[2026-05-04 19:08:05,880][src.modRNN.training.training_loop][INFO] - 	 Starting Epoch: 698
[2026-05-04 19:08:07,215][src.modRNN.training.training_loop][INFO] - train epoch 698 loss 0.3828 accuracy 87.50%
[2026-05-04 19:08:07,217][src.modRNN.training.training_loop][INFO] - 	 Starting Epoch: 699
[2026-05-04 19:08:08,553][src.modRNN.training.training_loop][INFO] - train epoch 699 loss 0.4606 accuracy 81.25%
[2026-05-04 19:08:08,554][src.modRNN.training.training_loop][INFO] - 	 Starting Epoch: 700
[2026-05-04 19:08:09,889][src.modRNN.training.training_loop][INFO] - train epoch 700 loss 0.3997 accuracy 87.50%
[2026-05-04 19:08:09,891][src.modRNN.training.training_loop][INFO] - 	 Starting Epoch: 701
[2026-05-04 19:08:11,222][src.modRNN.training.training_loop][INFO] - train epoch 701 loss 0.4872 accuracy 79.69%
[2026-05-04 19:08:13,374][src.modRNN.training.training_loop][INFO] - eval  epoch 701 loss 0.4278 accuracy 84.18%
[2026-05-04 19:08:13,376][src.modRNN.training.training_loop][INFO] - 	 Starting Epoch: 702
[2026-05-04 19:08:14,710][src.modRNN.training.training_loop][INFO] - train epoch 702 loss 0.4982 accuracy 78.12%
[2026-05-04 19:08:14,711][src.modRNN.training.training_loop][INFO] - 	 Starting Epoch: 703
[2026-05-04 19:08:16,044][src.modRNN.training.training_loop][INFO] - train epoch 703 loss 0.4357 accuracy 87.50%
[2026-05-04 19:08:16,046][src.modRNN.training.training_loop][INFO] - 	 Starting Epoch: 704
[2026-05-04 19:08:17,379][src.modRNN.training.training_loop][INFO] - train epoch 704 loss 0.4252 accuracy 84.38%
[2026-05-04 19:08:17,380][src.modRNN.training.training_loop][INFO] - 	 Starting Epoch: 705
[2026-05-04 19:08:18,716][src.modRNN.training.training_loop][INFO] - train epoch 705 loss 0.4479 accuracy 81.25%
[2026-05-04 19:08:18,718][src.modRNN.training.training_loop][INFO] - 	 Starting Epoch: 706
[2026-05-04 19:08:20,054][src.modRNN.training.training_loop][INFO] - train epoch 706 loss 0.3684 accuracy 89.06%
[2026-05-04 19:08:20,056][src.modRNN.training.training_loop][INFO] - 	 Starting Epoch: 707
[2026-05-04 19:08:21,390][src.modRNN.training.training_loop][INFO] - train epoch 707 loss 0.3312 accuracy 95.31%
[2026-05-04 19:08:21,392][src.modRNN.training.training_loop][INFO] - 	 Starting Epoch: 708
[2026-05-04 19:08:22,724][src.modRNN.training.training_loop][INFO] - train epoch 708 loss 0.3466 accuracy 90.62%
[2026-05-04 19:08:22,726][src.modRNN.training.training_loop][INFO] - 	 Starting Epoch: 709
[2026-05-04 19:08:24,066][src.modRNN.training.training_loop][INFO] - train epoch 709 loss 0.4600 accuracy 79.69%
[2026-05-04 19:08:24,073][src.modRNN.training.training_loop][INFO] - 	 Starting Epoch: 710
[2026-05-04 19:08:25,478][src.modRNN.training.training_loop][INFO] - train epoch 710 loss 0.3937 accuracy 84.38%
[2026-05-04 19:08:25,479][src.modRNN.training.training_loop][INFO] - 	 Starting Epoch: 711
[2026-05-04 19:08:26,814][src.modRNN.training.training_loop][INFO] - train epoch 711 loss 0.4155 accuracy 87.50%
[2026-05-04 19:08:26,815][src.modRNN.training.training_loop][INFO] - 	 Starting Epoch: 712
[2026-05-04 19:08:28,155][src.modRNN.training.training_loop][INFO] - train epoch 712 loss 0.3933 accuracy 85.94%
[2026-05-04 19:08:28,156][src.modRNN.training.training_loop][INFO] - 	 Starting Epoch: 713
[2026-05-04 19:08:29,491][src.modRNN.training.training_loop][INFO] - train epoch 713 loss 0.4390 accuracy 81.25%
[2026-05-04 19:08:29,493][src.modRNN.training.training_loop][INFO] - 	 Starting Epoch: 714
[2026-05-04 19:08:30,826][src.modRNN.training.training_loop][INFO] - train epoch 714 loss 0.4039 accuracy 85.94%
[2026-05-04 19:08:30,828][src.modRNN.training.training_loop][INFO] - 	 Starting Epoch: 715
[2026-05-04 19:08:32,158][src.modRNN.training.training_loop][INFO] - train epoch 715 loss 0.4593 accuracy 82.81%
[2026-05-04 19:08:32,160][src.modRNN.training.training_loop][INFO] - 	 Starting Epoch: 716
[2026-05-04 19:08:33,486][src.modRNN.training.training_loop][INFO] - train epoch 716 loss 0.4924 accuracy 78.12%
[2026-05-04 19:08:33,487][src.modRNN.training.training_loop][INFO] - 	 Starting Epoch: 717
[2026-05-04 19:08:34,816][src.modRNN.training.training_loop][INFO] - train epoch 717 loss 0.4556 accuracy 79.69%
[2026-05-04 19:08:34,817][src.modRNN.training.training_loop][INFO] - 	 Starting Epoch: 718
[2026-05-04 19:08:36,144][src.modRNN.training.training_loop][INFO] - train epoch 718 loss 0.4184 accuracy 85.94%
[2026-05-04 19:08:36,146][src.modRNN.training.training_loop][INFO] - 	 Starting Epoch: 719
[2026-05-04 19:08:37,473][src.modRNN.training.training_loop][INFO] - train epoch 719 loss 0.3602 accuracy 87.50%
[2026-05-04 19:08:37,475][src.modRNN.training.training_loop][INFO] - 	 Starting Epoch: 720
[2026-05-04 19:08:38,802][src.modRNN.training.training_loop][INFO] - train epoch 720 loss 0.3706 accuracy 90.62%
[2026-05-04 19:08:38,804][src.modRNN.training.training_loop][INFO] - 	 Starting Epoch: 721
[2026-05-04 19:08:40,131][src.modRNN.training.training_loop][INFO] - train epoch 721 loss 0.3769 accuracy 90.62%
[2026-05-04 19:08:40,132][src.modRNN.training.training_loop][INFO] - 	 Starting Epoch: 722
[2026-05-04 19:08:41,458][src.modRNN.training.training_loop][INFO] - train epoch 722 loss 0.4276 accuracy 78.12%
[2026-05-04 19:08:41,459][src.modRNN.training.training_loop][INFO] - 	 Starting Epoch: 723
[2026-05-04 19:08:42,787][src.modRNN.training.training_loop][INFO] - train epoch 723 loss 0.4244 accuracy 81.25%
[2026-05-04 19:08:42,788][src.modRNN.training.training_loop][INFO] - 	 Starting Epoch: 724
[2026-05-04 19:08:44,114][src.modRNN.training.training_loop][INFO] - train epoch 724 loss 0.3906 accuracy 84.38%
[2026-05-04 19:08:44,116][src.modRNN.training.training_loop][INFO] - 	 Starting Epoch: 725
[2026-05-04 19:08:45,442][src.modRNN.training.training_loop][INFO] - train epoch 725 loss 0.3523 accuracy 92.19%
[2026-05-04 19:08:45,444][src.modRNN.training.training_loop][INFO] - 	 Starting Epoch: 726
[2026-05-04 19:08:46,771][src.modRNN.training.training_loop][INFO] - train epoch 726 loss 0.4462 accuracy 82.81%
[2026-05-04 19:08:48,926][src.modRNN.training.training_loop][INFO] - eval  epoch 726 loss 0.4192 accuracy 85.55%
[2026-05-04 19:08:48,928][src.modRNN.training.training_loop][INFO] - 	 Starting Epoch: 727
[2026-05-04 19:08:50,252][src.modRNN.training.training_loop][INFO] - train epoch 727 loss 0.2623 accuracy 96.88%
[2026-05-04 19:08:50,254][src.modRNN.training.training_loop][INFO] - 	 Starting Epoch: 728
[2026-05-04 19:08:51,579][src.modRNN.training.training_loop][INFO] - train epoch 728 loss 0.4279 accuracy 85.94%
[2026-05-04 19:08:51,580][src.modRNN.training.training_loop][INFO] - 	 Starting Epoch: 729
[2026-05-04 19:08:52,905][src.modRNN.training.training_loop][INFO] - train epoch 729 loss 0.4440 accuracy 82.81%
[2026-05-04 19:08:52,906][src.modRNN.training.training_loop][INFO] - 	 Starting Epoch: 730
[2026-05-04 19:08:54,232][src.modRNN.training.training_loop][INFO] - train epoch 730 loss 0.4238 accuracy 84.38%
[2026-05-04 19:08:54,233][src.modRNN.training.training_loop][INFO] - 	 Starting Epoch: 731
[2026-05-04 19:08:55,559][src.modRNN.training.training_loop][INFO] - train epoch 731 loss 0.4146 accuracy 90.62%
[2026-05-04 19:08:55,560][src.modRNN.training.training_loop][INFO] - 	 Starting Epoch: 732
[2026-05-04 19:08:56,887][src.modRNN.training.training_loop][INFO] - train epoch 732 loss 0.4710 accuracy 81.25%
[2026-05-04 19:08:56,888][src.modRNN.training.training_loop][INFO] - 	 Starting Epoch: 733
[2026-05-04 19:08:58,212][src.modRNN.training.training_loop][INFO] - train epoch 733 loss 0.4659 accuracy 78.12%
[2026-05-04 19:08:58,213][src.modRNN.training.training_loop][INFO] - 	 Starting Epoch: 734
[2026-05-04 19:08:59,538][src.modRNN.training.training_loop][INFO] - train epoch 734 loss 0.3650 accuracy 89.06%
[2026-05-04 19:08:59,539][src.modRNN.training.training_loop][INFO] - 	 Starting Epoch: 735
[2026-05-04 19:09:00,864][src.modRNN.training.training_loop][INFO] - train epoch 735 loss 0.3967 accuracy 84.38%
[2026-05-04 19:09:00,865][src.modRNN.training.training_loop][INFO] - 	 Starting Epoch: 736
[2026-05-04 19:09:02,199][src.modRNN.training.training_loop][INFO] - train epoch 736 loss 0.3660 accuracy 90.62%
[2026-05-04 19:09:02,201][src.modRNN.training.training_loop][INFO] - 	 Starting Epoch: 737
[2026-05-04 19:09:03,542][src.modRNN.training.training_loop][INFO] - train epoch 737 loss 0.3562 accuracy 92.19%
[2026-05-04 19:09:03,544][src.modRNN.training.training_loop][INFO] - 	 Starting Epoch: 738
[2026-05-04 19:09:04,879][src.modRNN.training.training_loop][INFO] - train epoch 738 loss 0.3391 accuracy 89.06%
[2026-05-04 19:09:04,881][src.modRNN.training.training_loop][INFO] - 	 Starting Epoch: 739
[2026-05-04 19:09:06,212][src.modRNN.training.training_loop][INFO] - train epoch 739 loss 0.3418 accuracy 89.06%
[2026-05-04 19:09:06,213][src.modRNN.training.training_loop][INFO] - 	 Starting Epoch: 740
[2026-05-04 19:09:07,548][src.modRNN.training.training_loop][INFO] - train epoch 740 loss 0.3909 accuracy 85.94%
[2026-05-04 19:09:07,550][src.modRNN.training.training_loop][INFO] - 	 Starting Epoch: 741
[2026-05-04 19:09:08,883][src.modRNN.training.training_loop][INFO] - train epoch 741 loss 0.3346 accuracy 90.62%
[2026-05-04 19:09:08,884][src.modRNN.training.training_loop][INFO] - 	 Starting Epoch: 742
[2026-05-04 19:09:10,219][src.modRNN.training.training_loop][INFO] - train epoch 742 loss 0.3510 accuracy 87.50%
[2026-05-04 19:09:10,220][src.modRNN.training.training_loop][INFO] - 	 Starting Epoch: 743
[2026-05-04 19:09:11,554][src.modRNN.training.training_loop][INFO] - train epoch 743 loss 0.4657 accuracy 78.12%
[2026-05-04 19:09:11,555][src.modRNN.training.training_loop][INFO] - 	 Starting Epoch: 744
[2026-05-04 19:09:12,891][src.modRNN.training.training_loop][INFO] - train epoch 744 loss 0.4645 accuracy 78.12%
[2026-05-04 19:09:12,893][src.modRNN.training.training_loop][INFO] - 	 Starting Epoch: 745
[2026-05-04 19:09:14,226][src.modRNN.training.training_loop][INFO] - train epoch 745 loss 0.4329 accuracy 82.81%
[2026-05-04 19:09:14,228][src.modRNN.training.training_loop][INFO] - 	 Starting Epoch: 746
[2026-05-04 19:09:15,563][src.modRNN.training.training_loop][INFO] - train epoch 746 loss 0.4621 accuracy 84.38%
[2026-05-04 19:09:15,564][src.modRNN.training.training_loop][INFO] - 	 Starting Epoch: 747
[2026-05-04 19:09:16,899][src.modRNN.training.training_loop][INFO] - train epoch 747 loss 0.3293 accuracy 89.06%
[2026-05-04 19:09:16,900][src.modRNN.training.training_loop][INFO] - 	 Starting Epoch: 748
[2026-05-04 19:09:18,235][src.modRNN.training.training_loop][INFO] - train epoch 748 loss 0.3841 accuracy 84.38%
[2026-05-04 19:09:18,237][src.modRNN.training.training_loop][INFO] - 	 Starting Epoch: 749
[2026-05-04 19:09:19,571][src.modRNN.training.training_loop][INFO] - train epoch 749 loss 0.5043 accuracy 81.25%
[2026-05-04 19:09:19,573][src.modRNN.training.training_loop][INFO] - 	 Starting Epoch: 750
[2026-05-04 19:09:20,909][src.modRNN.training.training_loop][INFO] - train epoch 750 loss 0.4134 accuracy 84.38%
[2026-05-04 19:09:20,911][src.modRNN.training.training_loop][INFO] - 	 Starting Epoch: 751
[2026-05-04 19:09:22,244][src.modRNN.training.training_loop][INFO] - train epoch 751 loss 0.4684 accuracy 78.12%
[2026-05-04 19:09:24,405][src.modRNN.training.training_loop][INFO] - eval  epoch 751 loss 0.4599 accuracy 81.45%
[2026-05-04 19:09:24,408][src.modRNN.training.training_loop][INFO] - 	 Starting Epoch: 752
[2026-05-04 19:09:25,785][src.modRNN.training.training_loop][INFO] - train epoch 752 loss 0.4035 accuracy 82.81%
[2026-05-04 19:09:25,786][src.modRNN.training.training_loop][INFO] - 	 Starting Epoch: 753
[2026-05-04 19:09:27,121][src.modRNN.training.training_loop][INFO] - train epoch 753 loss 0.4239 accuracy 81.25%
[2026-05-04 19:09:27,123][src.modRNN.training.training_loop][INFO] - 	 Starting Epoch: 754
[2026-05-04 19:09:28,457][src.modRNN.training.training_loop][INFO] - train epoch 754 loss 0.3582 accuracy 89.06%
[2026-05-04 19:09:28,458][src.modRNN.training.training_loop][INFO] - 	 Starting Epoch: 755
[2026-05-04 19:09:29,792][src.modRNN.training.training_loop][INFO] - train epoch 755 loss 0.4635 accuracy 78.12%
[2026-05-04 19:09:29,794][src.modRNN.training.training_loop][INFO] - 	 Starting Epoch: 756
[2026-05-04 19:09:31,127][src.modRNN.training.training_loop][INFO] - train epoch 756 loss 0.3820 accuracy 85.94%
[2026-05-04 19:09:31,129][src.modRNN.training.training_loop][INFO] - 	 Starting Epoch: 757
[2026-05-04 19:09:32,455][src.modRNN.training.training_loop][INFO] - train epoch 757 loss 0.4395 accuracy 81.25%
[2026-05-04 19:09:32,457][src.modRNN.training.training_loop][INFO] - 	 Starting Epoch: 758
[2026-05-04 19:09:33,780][src.modRNN.training.training_loop][INFO] - train epoch 758 loss 0.4070 accuracy 84.38%
[2026-05-04 19:09:33,781][src.modRNN.training.training_loop][INFO] - 	 Starting Epoch: 759
[2026-05-04 19:09:35,107][src.modRNN.training.training_loop][INFO] - train epoch 759 loss 0.4581 accuracy 79.69%
[2026-05-04 19:09:35,108][src.modRNN.training.training_loop][INFO] - 	 Starting Epoch: 760
[2026-05-04 19:09:36,434][src.modRNN.training.training_loop][INFO] - train epoch 760 loss 0.4215 accuracy 84.38%
[2026-05-04 19:09:36,435][src.modRNN.training.training_loop][INFO] - 	 Starting Epoch: 761
[2026-05-04 19:09:37,762][src.modRNN.training.training_loop][INFO] - train epoch 761 loss 0.4379 accuracy 84.38%
[2026-05-04 19:09:37,763][src.modRNN.training.training_loop][INFO] - 	 Starting Epoch: 762
[2026-05-04 19:09:39,091][src.modRNN.training.training_loop][INFO] - train epoch 762 loss 0.4643 accuracy 82.81%
[2026-05-04 19:09:39,092][src.modRNN.training.training_loop][INFO] - 	 Starting Epoch: 763
[2026-05-04 19:09:40,419][src.modRNN.training.training_loop][INFO] - train epoch 763 loss 0.3713 accuracy 85.94%
[2026-05-04 19:09:40,421][src.modRNN.training.training_loop][INFO] - 	 Starting Epoch: 764
[2026-05-04 19:09:41,745][src.modRNN.training.training_loop][INFO] - train epoch 764 loss 0.3721 accuracy 85.94%
[2026-05-04 19:09:41,746][src.modRNN.training.training_loop][INFO] - 	 Starting Epoch: 765
[2026-05-04 19:09:43,070][src.modRNN.training.training_loop][INFO] - train epoch 765 loss 0.4322 accuracy 85.94%
[2026-05-04 19:09:43,071][src.modRNN.training.training_loop][INFO] - 	 Starting Epoch: 766
[2026-05-04 19:09:44,396][src.modRNN.training.training_loop][INFO] - train epoch 766 loss 0.4014 accuracy 87.50%
[2026-05-04 19:09:44,398][src.modRNN.training.training_loop][INFO] - 	 Starting Epoch: 767
[2026-05-04 19:09:45,726][src.modRNN.training.training_loop][INFO] - train epoch 767 loss 0.3654 accuracy 85.94%
[2026-05-04 19:09:45,727][src.modRNN.training.training_loop][INFO] - 	 Starting Epoch: 768
[2026-05-04 19:09:47,054][src.modRNN.training.training_loop][INFO] - train epoch 768 loss 0.3962 accuracy 87.50%
[2026-05-04 19:09:47,055][src.modRNN.training.training_loop][INFO] - 	 Starting Epoch: 769
[2026-05-04 19:09:48,383][src.modRNN.training.training_loop][INFO] - train epoch 769 loss 0.3981 accuracy 85.94%
[2026-05-04 19:09:48,385][src.modRNN.training.training_loop][INFO] - 	 Starting Epoch: 770
[2026-05-04 19:09:49,710][src.modRNN.training.training_loop][INFO] - train epoch 770 loss 0.4730 accuracy 76.56%
[2026-05-04 19:09:49,712][src.modRNN.training.training_loop][INFO] - 	 Starting Epoch: 771
[2026-05-04 19:09:51,039][src.modRNN.training.training_loop][INFO] - train epoch 771 loss 0.4055 accuracy 81.25%
[2026-05-04 19:09:51,041][src.modRNN.training.training_loop][INFO] - 	 Starting Epoch: 772
[2026-05-04 19:09:52,366][src.modRNN.training.training_loop][INFO] - train epoch 772 loss 0.4230 accuracy 82.81%
[2026-05-04 19:09:52,367][src.modRNN.training.training_loop][INFO] - 	 Starting Epoch: 773
[2026-05-04 19:09:53,695][src.modRNN.training.training_loop][INFO] - train epoch 773 loss 0.4068 accuracy 89.06%
[2026-05-04 19:09:53,696][src.modRNN.training.training_loop][INFO] - 	 Starting Epoch: 774
[2026-05-04 19:09:55,023][src.modRNN.training.training_loop][INFO] - train epoch 774 loss 0.4252 accuracy 82.81%
[2026-05-04 19:09:55,024][src.modRNN.training.training_loop][INFO] - 	 Starting Epoch: 775
[2026-05-04 19:09:56,351][src.modRNN.training.training_loop][INFO] - train epoch 775 loss 0.3434 accuracy 87.50%
[2026-05-04 19:09:56,353][src.modRNN.training.training_loop][INFO] - 	 Starting Epoch: 776
[2026-05-04 19:09:57,679][src.modRNN.training.training_loop][INFO] - train epoch 776 loss 0.3462 accuracy 92.19%
[2026-05-04 19:09:59,831][src.modRNN.training.training_loop][INFO] - eval  epoch 776 loss 0.3795 accuracy 86.91%
[2026-05-04 19:09:59,833][src.modRNN.training.training_loop][INFO] - 	 Starting Epoch: 777
[2026-05-04 19:10:01,160][src.modRNN.training.training_loop][INFO] - train epoch 777 loss 0.4545 accuracy 79.69%
[2026-05-04 19:10:01,162][src.modRNN.training.training_loop][INFO] - 	 Starting Epoch: 778
[2026-05-04 19:10:02,490][src.modRNN.training.training_loop][INFO] - train epoch 778 loss 0.4177 accuracy 85.94%
[2026-05-04 19:10:02,491][src.modRNN.training.training_loop][INFO] - 	 Starting Epoch: 779
[2026-05-04 19:10:03,824][src.modRNN.training.training_loop][INFO] - train epoch 779 loss 0.3599 accuracy 85.94%
[2026-05-04 19:10:03,825][src.modRNN.training.training_loop][INFO] - 	 Starting Epoch: 780
[2026-05-04 19:10:05,169][src.modRNN.training.training_loop][INFO] - train epoch 780 loss 0.3260 accuracy 89.06%
[2026-05-04 19:10:05,171][src.modRNN.training.training_loop][INFO] - 	 Starting Epoch: 781
[2026-05-04 19:10:06,509][src.modRNN.training.training_loop][INFO] - train epoch 781 loss 0.4567 accuracy 81.25%
[2026-05-04 19:10:06,510][src.modRNN.training.training_loop][INFO] - 	 Starting Epoch: 782
[2026-05-04 19:10:07,846][src.modRNN.training.training_loop][INFO] - train epoch 782 loss 0.3066 accuracy 90.62%
[2026-05-04 19:10:07,848][src.modRNN.training.training_loop][INFO] - 	 Starting Epoch: 783
[2026-05-04 19:10:09,179][src.modRNN.training.training_loop][INFO] - train epoch 783 loss 0.3663 accuracy 89.06%
[2026-05-04 19:10:09,181][src.modRNN.training.training_loop][INFO] - 	 Starting Epoch: 784
[2026-05-04 19:10:10,516][src.modRNN.training.training_loop][INFO] - train epoch 784 loss 0.4376 accuracy 79.69%
[2026-05-04 19:10:10,517][src.modRNN.training.training_loop][INFO] - 	 Starting Epoch: 785
[2026-05-04 19:10:11,853][src.modRNN.training.training_loop][INFO] - train epoch 785 loss 0.4437 accuracy 82.81%
[2026-05-04 19:10:11,854][src.modRNN.training.training_loop][INFO] - 	 Starting Epoch: 786
[2026-05-04 19:10:13,188][src.modRNN.training.training_loop][INFO] - train epoch 786 loss 0.3482 accuracy 92.19%
[2026-05-04 19:10:13,189][src.modRNN.training.training_loop][INFO] - 	 Starting Epoch: 787
[2026-05-04 19:10:14,524][src.modRNN.training.training_loop][INFO] - train epoch 787 loss 0.3671 accuracy 85.94%
[2026-05-04 19:10:14,525][src.modRNN.training.training_loop][INFO] - 	 Starting Epoch: 788
[2026-05-04 19:10:15,868][src.modRNN.training.training_loop][INFO] - train epoch 788 loss 0.3862 accuracy 87.50%
[2026-05-04 19:10:15,870][src.modRNN.training.training_loop][INFO] - 	 Starting Epoch: 789
[2026-05-04 19:10:17,211][src.modRNN.training.training_loop][INFO] - train epoch 789 loss 0.2912 accuracy 92.19%
[2026-05-04 19:10:17,212][src.modRNN.training.training_loop][INFO] - 	 Starting Epoch: 790
[2026-05-04 19:10:18,546][src.modRNN.training.training_loop][INFO] - train epoch 790 loss 0.3790 accuracy 85.94%
[2026-05-04 19:10:18,547][src.modRNN.training.training_loop][INFO] - 	 Starting Epoch: 791
[2026-05-04 19:10:19,883][src.modRNN.training.training_loop][INFO] - train epoch 791 loss 0.3402 accuracy 89.06%
[2026-05-04 19:10:19,885][src.modRNN.training.training_loop][INFO] - 	 Starting Epoch: 792
[2026-05-04 19:10:21,219][src.modRNN.training.training_loop][INFO] - train epoch 792 loss 0.3559 accuracy 89.06%
[2026-05-04 19:10:21,221][src.modRNN.training.training_loop][INFO] - 	 Starting Epoch: 793
[2026-05-04 19:10:22,554][src.modRNN.training.training_loop][INFO] - train epoch 793 loss 0.4539 accuracy 76.56%
[2026-05-04 19:10:22,556][src.modRNN.training.training_loop][INFO] - 	 Starting Epoch: 794
[2026-05-04 19:10:23,892][src.modRNN.training.training_loop][INFO] - train epoch 794 loss 0.3713 accuracy 85.94%
[2026-05-04 19:10:23,895][src.modRNN.training.training_loop][INFO] - 	 Starting Epoch: 795
[2026-05-04 19:10:25,278][src.modRNN.training.training_loop][INFO] - train epoch 795 loss 0.3504 accuracy 85.94%
[2026-05-04 19:10:25,280][src.modRNN.training.training_loop][INFO] - 	 Starting Epoch: 796
[2026-05-04 19:10:26,621][src.modRNN.training.training_loop][INFO] - train epoch 796 loss 0.4348 accuracy 84.38%
[2026-05-04 19:10:26,622][src.modRNN.training.training_loop][INFO] - 	 Starting Epoch: 797
[2026-05-04 19:10:27,962][src.modRNN.training.training_loop][INFO] - train epoch 797 loss 0.4193 accuracy 82.81%
[2026-05-04 19:10:27,963][src.modRNN.training.training_loop][INFO] - 	 Starting Epoch: 798
[2026-05-04 19:10:29,304][src.modRNN.training.training_loop][INFO] - train epoch 798 loss 0.3590 accuracy 87.50%
[2026-05-04 19:10:29,305][src.modRNN.training.training_loop][INFO] - 	 Starting Epoch: 799
[2026-05-04 19:10:30,639][src.modRNN.training.training_loop][INFO] - train epoch 799 loss 0.3437 accuracy 89.06%
[2026-05-04 19:10:30,640][src.modRNN.training.training_loop][INFO] - 	 Starting Epoch: 800
[2026-05-04 19:10:31,971][src.modRNN.training.training_loop][INFO] - train epoch 800 loss 0.4610 accuracy 82.81%
[2026-05-04 19:10:31,972][src.modRNN.training.training_loop][INFO] - 	 Starting Epoch: 801
[2026-05-04 19:10:33,297][src.modRNN.training.training_loop][INFO] - train epoch 801 loss 0.3958 accuracy 87.50%
[2026-05-04 19:10:35,448][src.modRNN.training.training_loop][INFO] - eval  epoch 801 loss 0.4226 accuracy 84.77%
[2026-05-04 19:10:35,450][src.modRNN.training.training_loop][INFO] - 	 Starting Epoch: 802
[2026-05-04 19:10:36,773][src.modRNN.training.training_loop][INFO] - train epoch 802 loss 0.3639 accuracy 87.50%
[2026-05-04 19:10:36,775][src.modRNN.training.training_loop][INFO] - 	 Starting Epoch: 803
[2026-05-04 19:10:38,099][src.modRNN.training.training_loop][INFO] - train epoch 803 loss 0.3311 accuracy 89.06%
[2026-05-04 19:10:38,101][src.modRNN.training.training_loop][INFO] - 	 Starting Epoch: 804
[2026-05-04 19:10:39,426][src.modRNN.training.training_loop][INFO] - train epoch 804 loss 0.3434 accuracy 87.50%
[2026-05-04 19:10:39,427][src.modRNN.training.training_loop][INFO] - 	 Starting Epoch: 805
[2026-05-04 19:10:40,755][src.modRNN.training.training_loop][INFO] - train epoch 805 loss 0.4933 accuracy 76.56%
[2026-05-04 19:10:40,757][src.modRNN.training.training_loop][INFO] - 	 Starting Epoch: 806
[2026-05-04 19:10:42,085][src.modRNN.training.training_loop][INFO] - train epoch 806 loss 0.4069 accuracy 81.25%
[2026-05-04 19:10:42,086][src.modRNN.training.training_loop][INFO] - 	 Starting Epoch: 807
[2026-05-04 19:10:43,413][src.modRNN.training.training_loop][INFO] - train epoch 807 loss 0.4234 accuracy 84.38%
[2026-05-04 19:10:43,415][src.modRNN.training.training_loop][INFO] - 	 Starting Epoch: 808
[2026-05-04 19:10:44,736][src.modRNN.training.training_loop][INFO] - train epoch 808 loss 0.4236 accuracy 84.38%
[2026-05-04 19:10:44,738][src.modRNN.training.training_loop][INFO] - 	 Starting Epoch: 809
[2026-05-04 19:10:46,062][src.modRNN.training.training_loop][INFO] - train epoch 809 loss 0.3540 accuracy 87.50%
[2026-05-04 19:10:46,064][src.modRNN.training.training_loop][INFO] - 	 Starting Epoch: 810
[2026-05-04 19:10:47,389][src.modRNN.training.training_loop][INFO] - train epoch 810 loss 0.4468 accuracy 82.81%
[2026-05-04 19:10:47,390][src.modRNN.training.training_loop][INFO] - 	 Starting Epoch: 811
[2026-05-04 19:10:48,714][src.modRNN.training.training_loop][INFO] - train epoch 811 loss 0.4344 accuracy 84.38%
[2026-05-04 19:10:48,716][src.modRNN.training.training_loop][INFO] - 	 Starting Epoch: 812
[2026-05-04 19:10:50,040][src.modRNN.training.training_loop][INFO] - train epoch 812 loss 0.3941 accuracy 84.38%
[2026-05-04 19:10:50,042][src.modRNN.training.training_loop][INFO] - 	 Starting Epoch: 813
[2026-05-04 19:10:51,368][src.modRNN.training.training_loop][INFO] - train epoch 813 loss 0.3996 accuracy 89.06%
[2026-05-04 19:10:51,370][src.modRNN.training.training_loop][INFO] - 	 Starting Epoch: 814
[2026-05-04 19:10:52,693][src.modRNN.training.training_loop][INFO] - train epoch 814 loss 0.5045 accuracy 76.56%
[2026-05-04 19:10:52,695][src.modRNN.training.training_loop][INFO] - 	 Starting Epoch: 815
[2026-05-04 19:10:54,032][src.modRNN.training.training_loop][INFO] - train epoch 815 loss 0.3531 accuracy 89.06%
[2026-05-04 19:10:54,033][src.modRNN.training.training_loop][INFO] - 	 Starting Epoch: 816
[2026-05-04 19:10:55,369][src.modRNN.training.training_loop][INFO] - train epoch 816 loss 0.5095 accuracy 76.56%
[2026-05-04 19:10:55,370][src.modRNN.training.training_loop][INFO] - 	 Starting Epoch: 817
[2026-05-04 19:10:56,707][src.modRNN.training.training_loop][INFO] - train epoch 817 loss 0.3748 accuracy 84.38%
[2026-05-04 19:10:56,708][src.modRNN.training.training_loop][INFO] - 	 Starting Epoch: 818
[2026-05-04 19:10:58,046][src.modRNN.training.training_loop][INFO] - train epoch 818 loss 0.4721 accuracy 76.56%
[2026-05-04 19:10:58,047][src.modRNN.training.training_loop][INFO] - 	 Starting Epoch: 819
[2026-05-04 19:10:59,374][src.modRNN.training.training_loop][INFO] - train epoch 819 loss 0.3745 accuracy 81.25%
[2026-05-04 19:10:59,376][src.modRNN.training.training_loop][INFO] - 	 Starting Epoch: 820
[2026-05-04 19:11:00,701][src.modRNN.training.training_loop][INFO] - train epoch 820 loss 0.4337 accuracy 82.81%
[2026-05-04 19:11:00,703][src.modRNN.training.training_loop][INFO] - 	 Starting Epoch: 821
[2026-05-04 19:11:02,034][src.modRNN.training.training_loop][INFO] - train epoch 821 loss 0.4454 accuracy 81.25%
[2026-05-04 19:11:02,036][src.modRNN.training.training_loop][INFO] - 	 Starting Epoch: 822
[2026-05-04 19:11:03,373][src.modRNN.training.training_loop][INFO] - train epoch 822 loss 0.3474 accuracy 90.62%
[2026-05-04 19:11:03,374][src.modRNN.training.training_loop][INFO] - 	 Starting Epoch: 823
[2026-05-04 19:11:04,713][src.modRNN.training.training_loop][INFO] - train epoch 823 loss 0.3561 accuracy 89.06%
[2026-05-04 19:11:04,714][src.modRNN.training.training_loop][INFO] - 	 Starting Epoch: 824
[2026-05-04 19:11:06,052][src.modRNN.training.training_loop][INFO] - train epoch 824 loss 0.3351 accuracy 87.50%
[2026-05-04 19:11:06,053][src.modRNN.training.training_loop][INFO] - 	 Starting Epoch: 825
[2026-05-04 19:11:07,388][src.modRNN.training.training_loop][INFO] - train epoch 825 loss 0.2871 accuracy 98.44%
[2026-05-04 19:11:07,390][src.modRNN.training.training_loop][INFO] - 	 Starting Epoch: 826
[2026-05-04 19:11:08,722][src.modRNN.training.training_loop][INFO] - train epoch 826 loss 0.3734 accuracy 87.50%
[2026-05-04 19:11:10,875][src.modRNN.training.training_loop][INFO] - eval  epoch 826 loss 0.3495 accuracy 89.45%
[2026-05-04 19:11:10,876][src.modRNN.training.training_loop][INFO] - 	 Starting Epoch: 827
[2026-05-04 19:11:12,208][src.modRNN.training.training_loop][INFO] - train epoch 827 loss 0.3958 accuracy 87.50%
[2026-05-04 19:11:12,210][src.modRNN.training.training_loop][INFO] - 	 Starting Epoch: 828
[2026-05-04 19:11:13,543][src.modRNN.training.training_loop][INFO] - train epoch 828 loss 0.3680 accuracy 85.94%
[2026-05-04 19:11:13,545][src.modRNN.training.training_loop][INFO] - 	 Starting Epoch: 829
[2026-05-04 19:11:14,878][src.modRNN.training.training_loop][INFO] - train epoch 829 loss 0.3640 accuracy 89.06%
[2026-05-04 19:11:14,879][src.modRNN.training.training_loop][INFO] - 	 Starting Epoch: 830
[2026-05-04 19:11:16,213][src.modRNN.training.training_loop][INFO] - train epoch 830 loss 0.4060 accuracy 82.81%
[2026-05-04 19:11:16,214][src.modRNN.training.training_loop][INFO] - 	 Starting Epoch: 831
[2026-05-04 19:11:17,549][src.modRNN.training.training_loop][INFO] - train epoch 831 loss 0.3109 accuracy 90.62%
[2026-05-04 19:11:17,550][src.modRNN.training.training_loop][INFO] - 	 Starting Epoch: 832
[2026-05-04 19:11:18,886][src.modRNN.training.training_loop][INFO] - train epoch 832 loss 0.3024 accuracy 93.75%
[2026-05-04 19:11:18,887][src.modRNN.training.training_loop][INFO] - 	 Starting Epoch: 833
[2026-05-04 19:11:20,221][src.modRNN.training.training_loop][INFO] - train epoch 833 loss 0.3682 accuracy 87.50%
[2026-05-04 19:11:20,223][src.modRNN.training.training_loop][INFO] - 	 Starting Epoch: 834
[2026-05-04 19:11:21,558][src.modRNN.training.training_loop][INFO] - train epoch 834 loss 0.4007 accuracy 84.38%
[2026-05-04 19:11:21,560][src.modRNN.training.training_loop][INFO] - 	 Starting Epoch: 835
[2026-05-04 19:11:22,891][src.modRNN.training.training_loop][INFO] - train epoch 835 loss 0.4914 accuracy 78.12%
[2026-05-04 19:11:22,893][src.modRNN.training.training_loop][INFO] - 	 Starting Epoch: 836
[2026-05-04 19:11:24,240][src.modRNN.training.training_loop][INFO] - train epoch 836 loss 0.3415 accuracy 92.19%
[2026-05-04 19:11:24,243][src.modRNN.training.training_loop][INFO] - 	 Starting Epoch: 837
[2026-05-04 19:11:25,623][src.modRNN.training.training_loop][INFO] - train epoch 837 loss 0.3713 accuracy 87.50%
[2026-05-04 19:11:25,624][src.modRNN.training.training_loop][INFO] - 	 Starting Epoch: 838
[2026-05-04 19:11:26,961][src.modRNN.training.training_loop][INFO] - train epoch 838 loss 0.3196 accuracy 87.50%
[2026-05-04 19:11:26,963][src.modRNN.training.training_loop][INFO] - 	 Starting Epoch: 839
[2026-05-04 19:11:28,299][src.modRNN.training.training_loop][INFO] - train epoch 839 loss 0.3311 accuracy 90.62%
[2026-05-04 19:11:28,300][src.modRNN.training.training_loop][INFO] - 	 Starting Epoch: 840
[2026-05-04 19:11:29,634][src.modRNN.training.training_loop][INFO] - train epoch 840 loss 0.3378 accuracy 92.19%
[2026-05-04 19:11:29,635][src.modRNN.training.training_loop][INFO] - 	 Starting Epoch: 841
[2026-05-04 19:11:30,968][src.modRNN.training.training_loop][INFO] - train epoch 841 loss 0.3933 accuracy 84.38%
[2026-05-04 19:11:30,969][src.modRNN.training.training_loop][INFO] - 	 Starting Epoch: 842
[2026-05-04 19:11:32,298][src.modRNN.training.training_loop][INFO] - train epoch 842 loss 0.3225 accuracy 89.06%
[2026-05-04 19:11:32,300][src.modRNN.training.training_loop][INFO] - 	 Starting Epoch: 843
[2026-05-04 19:11:33,626][src.modRNN.training.training_loop][INFO] - train epoch 843 loss 0.3981 accuracy 84.38%
[2026-05-04 19:11:33,628][src.modRNN.training.training_loop][INFO] - 	 Starting Epoch: 844
[2026-05-04 19:11:34,957][src.modRNN.training.training_loop][INFO] - train epoch 844 loss 0.2898 accuracy 89.06%
[2026-05-04 19:11:34,958][src.modRNN.training.training_loop][INFO] - 	 Starting Epoch: 845
[2026-05-04 19:11:36,282][src.modRNN.training.training_loop][INFO] - train epoch 845 loss 0.4027 accuracy 87.50%
[2026-05-04 19:11:36,284][src.modRNN.training.training_loop][INFO] - 	 Starting Epoch: 846
[2026-05-04 19:11:37,612][src.modRNN.training.training_loop][INFO] - train epoch 846 loss 0.4588 accuracy 79.69%
[2026-05-04 19:11:37,614][src.modRNN.training.training_loop][INFO] - 	 Starting Epoch: 847
[2026-05-04 19:11:38,937][src.modRNN.training.training_loop][INFO] - train epoch 847 loss 0.3272 accuracy 87.50%
[2026-05-04 19:11:38,938][src.modRNN.training.training_loop][INFO] - 	 Starting Epoch: 848
[2026-05-04 19:11:40,262][src.modRNN.training.training_loop][INFO] - train epoch 848 loss 0.3578 accuracy 89.06%
[2026-05-04 19:11:40,263][src.modRNN.training.training_loop][INFO] - 	 Starting Epoch: 849
[2026-05-04 19:11:41,587][src.modRNN.training.training_loop][INFO] - train epoch 849 loss 0.4553 accuracy 85.94%
[2026-05-04 19:11:41,589][src.modRNN.training.training_loop][INFO] - 	 Starting Epoch: 850
[2026-05-04 19:11:42,915][src.modRNN.training.training_loop][INFO] - train epoch 850 loss 0.4234 accuracy 82.81%
[2026-05-04 19:11:42,917][src.modRNN.training.training_loop][INFO] - 	 Starting Epoch: 851
[2026-05-04 19:11:44,244][src.modRNN.training.training_loop][INFO] - train epoch 851 loss 0.2876 accuracy 89.06%
[2026-05-04 19:11:46,393][src.modRNN.training.training_loop][INFO] - eval  epoch 851 loss 0.3697 accuracy 87.70%
[2026-05-04 19:11:46,394][src.modRNN.training.training_loop][INFO] - 	 Starting Epoch: 852
[2026-05-04 19:11:47,719][src.modRNN.training.training_loop][INFO] - train epoch 852 loss 0.3079 accuracy 92.19%
[2026-05-04 19:11:47,721][src.modRNN.training.training_loop][INFO] - 	 Starting Epoch: 853
[2026-05-04 19:11:49,045][src.modRNN.training.training_loop][INFO] - train epoch 853 loss 0.3828 accuracy 85.94%
[2026-05-04 19:11:49,046][src.modRNN.training.training_loop][INFO] - 	 Starting Epoch: 854
[2026-05-04 19:11:50,372][src.modRNN.training.training_loop][INFO] - train epoch 854 loss 0.3109 accuracy 90.62%
[2026-05-04 19:11:50,373][src.modRNN.training.training_loop][INFO] - 	 Starting Epoch: 855
[2026-05-04 19:11:51,699][src.modRNN.training.training_loop][INFO] - train epoch 855 loss 0.3149 accuracy 90.62%
[2026-05-04 19:11:51,700][src.modRNN.training.training_loop][INFO] - 	 Starting Epoch: 856
[2026-05-04 19:11:53,025][src.modRNN.training.training_loop][INFO] - train epoch 856 loss 0.2912 accuracy 92.19%
[2026-05-04 19:11:53,027][src.modRNN.training.training_loop][INFO] - 	 Starting Epoch: 857
[2026-05-04 19:11:54,352][src.modRNN.training.training_loop][INFO] - train epoch 857 loss 0.3360 accuracy 87.50%
[2026-05-04 19:11:54,354][src.modRNN.training.training_loop][INFO] - 	 Starting Epoch: 858
[2026-05-04 19:11:55,677][src.modRNN.training.training_loop][INFO] - train epoch 858 loss 0.3824 accuracy 89.06%
[2026-05-04 19:11:55,678][src.modRNN.training.training_loop][INFO] - 	 Starting Epoch: 859
[2026-05-04 19:11:57,004][src.modRNN.training.training_loop][INFO] - train epoch 859 loss 0.3263 accuracy 89.06%
[2026-05-04 19:11:57,006][src.modRNN.training.training_loop][INFO] - 	 Starting Epoch: 860
[2026-05-04 19:11:58,330][src.modRNN.training.training_loop][INFO] - train epoch 860 loss 0.4187 accuracy 84.38%
[2026-05-04 19:11:58,331][src.modRNN.training.training_loop][INFO] - 	 Starting Epoch: 861
[2026-05-04 19:11:59,659][src.modRNN.training.training_loop][INFO] - train epoch 861 loss 0.4762 accuracy 78.12%
[2026-05-04 19:11:59,660][src.modRNN.training.training_loop][INFO] - 	 Starting Epoch: 862
[2026-05-04 19:12:00,988][src.modRNN.training.training_loop][INFO] - train epoch 862 loss 0.3271 accuracy 87.50%
[2026-05-04 19:12:00,989][src.modRNN.training.training_loop][INFO] - 	 Starting Epoch: 863
[2026-05-04 19:12:02,321][src.modRNN.training.training_loop][INFO] - train epoch 863 loss 0.3216 accuracy 87.50%
[2026-05-04 19:12:02,323][src.modRNN.training.training_loop][INFO] - 	 Starting Epoch: 864
[2026-05-04 19:12:03,655][src.modRNN.training.training_loop][INFO] - train epoch 864 loss 0.4773 accuracy 81.25%
[2026-05-04 19:12:03,656][src.modRNN.training.training_loop][INFO] - 	 Starting Epoch: 865
[2026-05-04 19:12:04,991][src.modRNN.training.training_loop][INFO] - train epoch 865 loss 0.3222 accuracy 90.62%
[2026-05-04 19:12:04,992][src.modRNN.training.training_loop][INFO] - 	 Starting Epoch: 866
[2026-05-04 19:12:06,324][src.modRNN.training.training_loop][INFO] - train epoch 866 loss 0.3335 accuracy 89.06%
[2026-05-04 19:12:06,326][src.modRNN.training.training_loop][INFO] - 	 Starting Epoch: 867
[2026-05-04 19:12:07,661][src.modRNN.training.training_loop][INFO] - train epoch 867 loss 0.4204 accuracy 82.81%
[2026-05-04 19:12:07,663][src.modRNN.training.training_loop][INFO] - 	 Starting Epoch: 868
[2026-05-04 19:12:08,998][src.modRNN.training.training_loop][INFO] - train epoch 868 loss 0.3399 accuracy 87.50%
[2026-05-04 19:12:09,000][src.modRNN.training.training_loop][INFO] - 	 Starting Epoch: 869
[2026-05-04 19:12:10,337][src.modRNN.training.training_loop][INFO] - train epoch 869 loss 0.3084 accuracy 89.06%
[2026-05-04 19:12:10,339][src.modRNN.training.training_loop][INFO] - 	 Starting Epoch: 870
[2026-05-04 19:12:11,672][src.modRNN.training.training_loop][INFO] - train epoch 870 loss 0.4081 accuracy 82.81%
[2026-05-04 19:12:11,674][src.modRNN.training.training_loop][INFO] - 	 Starting Epoch: 871
[2026-05-04 19:12:13,009][src.modRNN.training.training_loop][INFO] - train epoch 871 loss 0.2987 accuracy 92.19%
[2026-05-04 19:12:13,011][src.modRNN.training.training_loop][INFO] - 	 Starting Epoch: 872
[2026-05-04 19:12:14,346][src.modRNN.training.training_loop][INFO] - train epoch 872 loss 0.3483 accuracy 84.38%
[2026-05-04 19:12:14,347][src.modRNN.training.training_loop][INFO] - 	 Starting Epoch: 873
[2026-05-04 19:12:15,681][src.modRNN.training.training_loop][INFO] - train epoch 873 loss 0.3187 accuracy 87.50%
[2026-05-04 19:12:15,683][src.modRNN.training.training_loop][INFO] - 	 Starting Epoch: 874
[2026-05-04 19:12:17,019][src.modRNN.training.training_loop][INFO] - train epoch 874 loss 0.3250 accuracy 87.50%
[2026-05-04 19:12:17,020][src.modRNN.training.training_loop][INFO] - 	 Starting Epoch: 875
[2026-05-04 19:12:18,357][src.modRNN.training.training_loop][INFO] - train epoch 875 loss 0.3162 accuracy 93.75%
[2026-05-04 19:12:18,359][src.modRNN.training.training_loop][INFO] - 	 Starting Epoch: 876
[2026-05-04 19:12:19,694][src.modRNN.training.training_loop][INFO] - train epoch 876 loss 0.3258 accuracy 90.62%
[2026-05-04 19:12:21,843][src.modRNN.training.training_loop][INFO] - eval  epoch 876 loss 0.3418 accuracy 87.50%
[2026-05-04 19:12:21,845][src.modRNN.training.training_loop][INFO] - 	 Starting Epoch: 877
[2026-05-04 19:12:23,177][src.modRNN.training.training_loop][INFO] - train epoch 877 loss 0.3504 accuracy 87.50%
[2026-05-04 19:12:23,179][src.modRNN.training.training_loop][INFO] - 	 Starting Epoch: 878
[2026-05-04 19:12:24,544][src.modRNN.training.training_loop][INFO] - train epoch 878 loss 0.2867 accuracy 95.31%
[2026-05-04 19:12:24,547][src.modRNN.training.training_loop][INFO] - 	 Starting Epoch: 879
[2026-05-04 19:12:25,902][src.modRNN.training.training_loop][INFO] - train epoch 879 loss 0.3375 accuracy 92.19%
[2026-05-04 19:12:25,904][src.modRNN.training.training_loop][INFO] - 	 Starting Epoch: 880
[2026-05-04 19:12:27,238][src.modRNN.training.training_loop][INFO] - train epoch 880 loss 0.2787 accuracy 92.19%
[2026-05-04 19:12:27,240][src.modRNN.training.training_loop][INFO] - 	 Starting Epoch: 881
[2026-05-04 19:12:28,577][src.modRNN.training.training_loop][INFO] - train epoch 881 loss 0.3623 accuracy 85.94%
[2026-05-04 19:12:28,578][src.modRNN.training.training_loop][INFO] - 	 Starting Epoch: 882
[2026-05-04 19:12:29,917][src.modRNN.training.training_loop][INFO] - train epoch 882 loss 0.3170 accuracy 89.06%
[2026-05-04 19:12:29,919][src.modRNN.training.training_loop][INFO] - 	 Starting Epoch: 883
[2026-05-04 19:12:31,252][src.modRNN.training.training_loop][INFO] - train epoch 883 loss 0.3227 accuracy 87.50%
[2026-05-04 19:12:31,254][src.modRNN.training.training_loop][INFO] - 	 Starting Epoch: 884
[2026-05-04 19:12:32,580][src.modRNN.training.training_loop][INFO] - train epoch 884 loss 0.3974 accuracy 84.38%
[2026-05-04 19:12:32,581][src.modRNN.training.training_loop][INFO] - 	 Starting Epoch: 885
[2026-05-04 19:12:33,906][src.modRNN.training.training_loop][INFO] - train epoch 885 loss 0.3955 accuracy 82.81%
[2026-05-04 19:12:33,907][src.modRNN.training.training_loop][INFO] - 	 Starting Epoch: 886
[2026-05-04 19:12:35,235][src.modRNN.training.training_loop][INFO] - train epoch 886 loss 0.3776 accuracy 89.06%
[2026-05-04 19:12:35,236][src.modRNN.training.training_loop][INFO] - 	 Starting Epoch: 887
[2026-05-04 19:12:36,561][src.modRNN.training.training_loop][INFO] - train epoch 887 loss 0.3642 accuracy 85.94%
[2026-05-04 19:12:36,563][src.modRNN.training.training_loop][INFO] - 	 Starting Epoch: 888
[2026-05-04 19:12:37,888][src.modRNN.training.training_loop][INFO] - train epoch 888 loss 0.4206 accuracy 82.81%
[2026-05-04 19:12:37,890][src.modRNN.training.training_loop][INFO] - 	 Starting Epoch: 889
[2026-05-04 19:12:39,215][src.modRNN.training.training_loop][INFO] - train epoch 889 loss 0.3898 accuracy 87.50%
[2026-05-04 19:12:39,217][src.modRNN.training.training_loop][INFO] - 	 Starting Epoch: 890
[2026-05-04 19:12:40,540][src.modRNN.training.training_loop][INFO] - train epoch 890 loss 0.3905 accuracy 87.50%
[2026-05-04 19:12:40,542][src.modRNN.training.training_loop][INFO] - 	 Starting Epoch: 891
[2026-05-04 19:12:41,867][src.modRNN.training.training_loop][INFO] - train epoch 891 loss 0.4538 accuracy 81.25%
[2026-05-04 19:12:41,868][src.modRNN.training.training_loop][INFO] - 	 Starting Epoch: 892
[2026-05-04 19:12:43,194][src.modRNN.training.training_loop][INFO] - train epoch 892 loss 0.3275 accuracy 90.62%
[2026-05-04 19:12:43,195][src.modRNN.training.training_loop][INFO] - 	 Starting Epoch: 893
[2026-05-04 19:12:44,522][src.modRNN.training.training_loop][INFO] - train epoch 893 loss 0.2612 accuracy 93.75%
[2026-05-04 19:12:44,523][src.modRNN.training.training_loop][INFO] - 	 Starting Epoch: 894
[2026-05-04 19:12:45,848][src.modRNN.training.training_loop][INFO] - train epoch 894 loss 0.3433 accuracy 90.62%
[2026-05-04 19:12:45,850][src.modRNN.training.training_loop][INFO] - 	 Starting Epoch: 895
[2026-05-04 19:12:47,177][src.modRNN.training.training_loop][INFO] - train epoch 895 loss 0.3607 accuracy 85.94%
[2026-05-04 19:12:47,179][src.modRNN.training.training_loop][INFO] - 	 Starting Epoch: 896
[2026-05-04 19:12:48,505][src.modRNN.training.training_loop][INFO] - train epoch 896 loss 0.4552 accuracy 81.25%
[2026-05-04 19:12:48,506][src.modRNN.training.training_loop][INFO] - 	 Starting Epoch: 897
[2026-05-04 19:12:49,828][src.modRNN.training.training_loop][INFO] - train epoch 897 loss 0.3352 accuracy 87.50%
[2026-05-04 19:12:49,830][src.modRNN.training.training_loop][INFO] - 	 Starting Epoch: 898
[2026-05-04 19:12:51,155][src.modRNN.training.training_loop][INFO] - train epoch 898 loss 0.4003 accuracy 85.94%
[2026-05-04 19:12:51,157][src.modRNN.training.training_loop][INFO] - 	 Starting Epoch: 899
[2026-05-04 19:12:52,485][src.modRNN.training.training_loop][INFO] - train epoch 899 loss 0.3616 accuracy 87.50%
[2026-05-04 19:12:52,487][src.modRNN.training.training_loop][INFO] - 	 Starting Epoch: 900
[2026-05-04 19:12:53,813][src.modRNN.training.training_loop][INFO] - train epoch 900 loss 0.2860 accuracy 93.75%
[2026-05-04 19:12:53,815][src.modRNN.training.training_loop][INFO] - 	 Starting Epoch: 901
[2026-05-04 19:12:55,139][src.modRNN.training.training_loop][INFO] - train epoch 901 loss 0.3176 accuracy 89.06%
[2026-05-04 19:12:57,291][src.modRNN.training.training_loop][INFO] - eval  epoch 901 loss 0.3547 accuracy 87.11%
[2026-05-04 19:12:57,292][src.modRNN.training.training_loop][INFO] - 	 Starting Epoch: 902
[2026-05-04 19:12:58,619][src.modRNN.training.training_loop][INFO] - train epoch 902 loss 0.3734 accuracy 84.38%
[2026-05-04 19:12:58,620][src.modRNN.training.training_loop][INFO] - 	 Starting Epoch: 903
[2026-05-04 19:12:59,946][src.modRNN.training.training_loop][INFO] - train epoch 903 loss 0.3828 accuracy 85.94%
[2026-05-04 19:12:59,948][src.modRNN.training.training_loop][INFO] - 	 Starting Epoch: 904
[2026-05-04 19:13:01,272][src.modRNN.training.training_loop][INFO] - train epoch 904 loss 0.4562 accuracy 78.12%
[2026-05-04 19:13:01,274][src.modRNN.training.training_loop][INFO] - 	 Starting Epoch: 905
[2026-05-04 19:13:02,611][src.modRNN.training.training_loop][INFO] - train epoch 905 loss 0.2891 accuracy 90.62%
[2026-05-04 19:13:02,612][src.modRNN.training.training_loop][INFO] - 	 Starting Epoch: 906
[2026-05-04 19:13:03,957][src.modRNN.training.training_loop][INFO] - train epoch 906 loss 0.3538 accuracy 89.06%
[2026-05-04 19:13:03,958][src.modRNN.training.training_loop][INFO] - 	 Starting Epoch: 907
[2026-05-04 19:13:05,294][src.modRNN.training.training_loop][INFO] - train epoch 907 loss 0.4164 accuracy 85.94%
[2026-05-04 19:13:05,296][src.modRNN.training.training_loop][INFO] - 	 Starting Epoch: 908
[2026-05-04 19:13:06,630][src.modRNN.training.training_loop][INFO] - train epoch 908 loss 0.4328 accuracy 81.25%
[2026-05-04 19:13:06,631][src.modRNN.training.training_loop][INFO] - 	 Starting Epoch: 909
[2026-05-04 19:13:07,965][src.modRNN.training.training_loop][INFO] - train epoch 909 loss 0.3234 accuracy 90.62%
[2026-05-04 19:13:07,966][src.modRNN.training.training_loop][INFO] - 	 Starting Epoch: 910
[2026-05-04 19:13:09,302][src.modRNN.training.training_loop][INFO] - train epoch 910 loss 0.3778 accuracy 89.06%
[2026-05-04 19:13:09,304][src.modRNN.training.training_loop][INFO] - 	 Starting Epoch: 911
[2026-05-04 19:13:10,638][src.modRNN.training.training_loop][INFO] - train epoch 911 loss 0.2676 accuracy 90.62%
[2026-05-04 19:13:10,639][src.modRNN.training.training_loop][INFO] - 	 Starting Epoch: 912
[2026-05-04 19:13:11,974][src.modRNN.training.training_loop][INFO] - train epoch 912 loss 0.2987 accuracy 90.62%
[2026-05-04 19:13:11,975][src.modRNN.training.training_loop][INFO] - 	 Starting Epoch: 913
[2026-05-04 19:13:13,311][src.modRNN.training.training_loop][INFO] - train epoch 913 loss 0.4192 accuracy 85.94%
[2026-05-04 19:13:13,312][src.modRNN.training.training_loop][INFO] - 	 Starting Epoch: 914
[2026-05-04 19:13:14,644][src.modRNN.training.training_loop][INFO] - train epoch 914 loss 0.3867 accuracy 87.50%
[2026-05-04 19:13:14,646][src.modRNN.training.training_loop][INFO] - 	 Starting Epoch: 915
[2026-05-04 19:13:15,980][src.modRNN.training.training_loop][INFO] - train epoch 915 loss 0.3628 accuracy 84.38%
[2026-05-04 19:13:15,982][src.modRNN.training.training_loop][INFO] - 	 Starting Epoch: 916
[2026-05-04 19:13:17,315][src.modRNN.training.training_loop][INFO] - train epoch 916 loss 0.3409 accuracy 89.06%
[2026-05-04 19:13:17,317][src.modRNN.training.training_loop][INFO] - 	 Starting Epoch: 917
[2026-05-04 19:13:18,650][src.modRNN.training.training_loop][INFO] - train epoch 917 loss 0.3272 accuracy 89.06%
[2026-05-04 19:13:18,652][src.modRNN.training.training_loop][INFO] - 	 Starting Epoch: 918
[2026-05-04 19:13:19,988][src.modRNN.training.training_loop][INFO] - train epoch 918 loss 0.3111 accuracy 92.19%
[2026-05-04 19:13:19,989][src.modRNN.training.training_loop][INFO] - 	 Starting Epoch: 919
[2026-05-04 19:13:21,324][src.modRNN.training.training_loop][INFO] - train epoch 919 loss 0.3397 accuracy 87.50%
[2026-05-04 19:13:21,326][src.modRNN.training.training_loop][INFO] - 	 Starting Epoch: 920
[2026-05-04 19:13:22,658][src.modRNN.training.training_loop][INFO] - train epoch 920 loss 0.4171 accuracy 82.81%
[2026-05-04 19:13:22,659][src.modRNN.training.training_loop][INFO] - 	 Starting Epoch: 921
[2026-05-04 19:13:24,019][src.modRNN.training.training_loop][INFO] - train epoch 921 loss 0.4014 accuracy 84.38%
[2026-05-04 19:13:24,035][src.modRNN.training.training_loop][INFO] - 	 Starting Epoch: 922
[2026-05-04 19:13:25,425][src.modRNN.training.training_loop][INFO] - train epoch 922 loss 0.3703 accuracy 85.94%
[2026-05-04 19:13:25,426][src.modRNN.training.training_loop][INFO] - 	 Starting Epoch: 923
[2026-05-04 19:13:26,767][src.modRNN.training.training_loop][INFO] - train epoch 923 loss 0.2867 accuracy 92.19%
[2026-05-04 19:13:26,769][src.modRNN.training.training_loop][INFO] - 	 Starting Epoch: 924
[2026-05-04 19:13:28,109][src.modRNN.training.training_loop][INFO] - train epoch 924 loss 0.3844 accuracy 84.38%
[2026-05-04 19:13:28,110][src.modRNN.training.training_loop][INFO] - 	 Starting Epoch: 925
[2026-05-04 19:13:29,443][src.modRNN.training.training_loop][INFO] - train epoch 925 loss 0.2959 accuracy 92.19%
[2026-05-04 19:13:29,445][src.modRNN.training.training_loop][INFO] - 	 Starting Epoch: 926
[2026-05-04 19:13:30,778][src.modRNN.training.training_loop][INFO] - train epoch 926 loss 0.4215 accuracy 79.69%
[2026-05-04 19:13:32,927][src.modRNN.training.training_loop][INFO] - eval  epoch 926 loss 0.3609 accuracy 88.48%
[2026-05-04 19:13:32,929][src.modRNN.training.training_loop][INFO] - 	 Starting Epoch: 927
[2026-05-04 19:13:34,253][src.modRNN.training.training_loop][INFO] - train epoch 927 loss 0.3420 accuracy 87.50%
[2026-05-04 19:13:34,255][src.modRNN.training.training_loop][INFO] - 	 Starting Epoch: 928
[2026-05-04 19:13:35,579][src.modRNN.training.training_loop][INFO] - train epoch 928 loss 0.2659 accuracy 95.31%
[2026-05-04 19:13:35,580][src.modRNN.training.training_loop][INFO] - 	 Starting Epoch: 929
[2026-05-04 19:13:36,906][src.modRNN.training.training_loop][INFO] - train epoch 929 loss 0.4037 accuracy 84.38%
[2026-05-04 19:13:36,907][src.modRNN.training.training_loop][INFO] - 	 Starting Epoch: 930
[2026-05-04 19:13:38,234][src.modRNN.training.training_loop][INFO] - train epoch 930 loss 0.2952 accuracy 95.31%
[2026-05-04 19:13:38,235][src.modRNN.training.training_loop][INFO] - 	 Starting Epoch: 931
[2026-05-04 19:13:39,564][src.modRNN.training.training_loop][INFO] - train epoch 931 loss 0.3015 accuracy 92.19%
[2026-05-04 19:13:39,565][src.modRNN.training.training_loop][INFO] - 	 Starting Epoch: 932
[2026-05-04 19:13:40,892][src.modRNN.training.training_loop][INFO] - train epoch 932 loss 0.4447 accuracy 78.12%
[2026-05-04 19:13:40,894][src.modRNN.training.training_loop][INFO] - 	 Starting Epoch: 933
[2026-05-04 19:13:42,217][src.modRNN.training.training_loop][INFO] - train epoch 933 loss 0.2986 accuracy 92.19%
[2026-05-04 19:13:42,219][src.modRNN.training.training_loop][INFO] - 	 Starting Epoch: 934
[2026-05-04 19:13:43,543][src.modRNN.training.training_loop][INFO] - train epoch 934 loss 0.3311 accuracy 89.06%
[2026-05-04 19:13:43,544][src.modRNN.training.training_loop][INFO] - 	 Starting Epoch: 935
[2026-05-04 19:13:44,872][src.modRNN.training.training_loop][INFO] - train epoch 935 loss 0.4207 accuracy 75.00%
[2026-05-04 19:13:44,873][src.modRNN.training.training_loop][INFO] - 	 Starting Epoch: 936
[2026-05-04 19:13:46,200][src.modRNN.training.training_loop][INFO] - train epoch 936 loss 0.3419 accuracy 89.06%
[2026-05-04 19:13:46,202][src.modRNN.training.training_loop][INFO] - 	 Starting Epoch: 937
[2026-05-04 19:13:47,527][src.modRNN.training.training_loop][INFO] - train epoch 937 loss 0.3482 accuracy 85.94%
[2026-05-04 19:13:47,528][src.modRNN.training.training_loop][INFO] - 	 Starting Epoch: 938
[2026-05-04 19:13:48,855][src.modRNN.training.training_loop][INFO] - train epoch 938 loss 0.2990 accuracy 93.75%
[2026-05-04 19:13:48,857][src.modRNN.training.training_loop][INFO] - 	 Starting Epoch: 939
[2026-05-04 19:13:50,182][src.modRNN.training.training_loop][INFO] - train epoch 939 loss 0.3710 accuracy 84.38%
[2026-05-04 19:13:50,183][src.modRNN.training.training_loop][INFO] - 	 Starting Epoch: 940
[2026-05-04 19:13:51,507][src.modRNN.training.training_loop][INFO] - train epoch 940 loss 0.4000 accuracy 82.81%
[2026-05-04 19:13:51,508][src.modRNN.training.training_loop][INFO] - 	 Starting Epoch: 941
[2026-05-04 19:13:52,834][src.modRNN.training.training_loop][INFO] - train epoch 941 loss 0.2702 accuracy 93.75%
[2026-05-04 19:13:52,836][src.modRNN.training.training_loop][INFO] - 	 Starting Epoch: 942
[2026-05-04 19:13:54,165][src.modRNN.training.training_loop][INFO] - train epoch 942 loss 0.2499 accuracy 93.75%
[2026-05-04 19:13:54,166][src.modRNN.training.training_loop][INFO] - 	 Starting Epoch: 943
[2026-05-04 19:13:55,496][src.modRNN.training.training_loop][INFO] - train epoch 943 loss 0.3921 accuracy 82.81%
[2026-05-04 19:13:55,498][src.modRNN.training.training_loop][INFO] - 	 Starting Epoch: 944
[2026-05-04 19:13:56,831][src.modRNN.training.training_loop][INFO] - train epoch 944 loss 0.3831 accuracy 85.94%
[2026-05-04 19:13:56,832][src.modRNN.training.training_loop][INFO] - 	 Starting Epoch: 945
[2026-05-04 19:13:58,156][src.modRNN.training.training_loop][INFO] - train epoch 945 loss 0.3290 accuracy 90.62%
[2026-05-04 19:13:58,158][src.modRNN.training.training_loop][INFO] - 	 Starting Epoch: 946
[2026-05-04 19:13:59,483][src.modRNN.training.training_loop][INFO] - train epoch 946 loss 0.2794 accuracy 89.06%
[2026-05-04 19:13:59,485][src.modRNN.training.training_loop][INFO] - 	 Starting Epoch: 947
[2026-05-04 19:14:00,811][src.modRNN.training.training_loop][INFO] - train epoch 947 loss 0.4157 accuracy 85.94%
[2026-05-04 19:14:00,813][src.modRNN.training.training_loop][INFO] - 	 Starting Epoch: 948
[2026-05-04 19:14:02,147][src.modRNN.training.training_loop][INFO] - train epoch 948 loss 0.2982 accuracy 90.62%
[2026-05-04 19:14:02,149][src.modRNN.training.training_loop][INFO] - 	 Starting Epoch: 949
[2026-05-04 19:14:03,484][src.modRNN.training.training_loop][INFO] - train epoch 949 loss 0.3855 accuracy 84.38%
[2026-05-04 19:14:03,485][src.modRNN.training.training_loop][INFO] - 	 Starting Epoch: 950
[2026-05-04 19:14:04,820][src.modRNN.training.training_loop][INFO] - train epoch 950 loss 0.3331 accuracy 89.06%
[2026-05-04 19:14:04,821][src.modRNN.training.training_loop][INFO] - 	 Starting Epoch: 951
[2026-05-04 19:14:06,154][src.modRNN.training.training_loop][INFO] - train epoch 951 loss 0.4086 accuracy 85.94%
[2026-05-04 19:14:08,307][src.modRNN.training.training_loop][INFO] - eval  epoch 951 loss 0.3509 accuracy 88.48%
[2026-05-04 19:14:08,308][src.modRNN.training.training_loop][INFO] - 	 Starting Epoch: 952
[2026-05-04 19:14:09,642][src.modRNN.training.training_loop][INFO] - train epoch 952 loss 0.3410 accuracy 90.62%
[2026-05-04 19:14:09,644][src.modRNN.training.training_loop][INFO] - 	 Starting Epoch: 953
[2026-05-04 19:14:10,978][src.modRNN.training.training_loop][INFO] - train epoch 953 loss 0.3538 accuracy 85.94%
[2026-05-04 19:14:10,979][src.modRNN.training.training_loop][INFO] - 	 Starting Epoch: 954
[2026-05-04 19:14:12,311][src.modRNN.training.training_loop][INFO] - train epoch 954 loss 0.3467 accuracy 89.06%
[2026-05-04 19:14:12,313][src.modRNN.training.training_loop][INFO] - 	 Starting Epoch: 955
[2026-05-04 19:14:13,647][src.modRNN.training.training_loop][INFO] - train epoch 955 loss 0.2460 accuracy 92.19%
[2026-05-04 19:14:13,649][src.modRNN.training.training_loop][INFO] - 	 Starting Epoch: 956
[2026-05-04 19:14:14,984][src.modRNN.training.training_loop][INFO] - train epoch 956 loss 0.2446 accuracy 95.31%
[2026-05-04 19:14:14,985][src.modRNN.training.training_loop][INFO] - 	 Starting Epoch: 957
[2026-05-04 19:14:16,320][src.modRNN.training.training_loop][INFO] - train epoch 957 loss 0.4674 accuracy 79.69%
[2026-05-04 19:14:16,322][src.modRNN.training.training_loop][INFO] - 	 Starting Epoch: 958
[2026-05-04 19:14:17,656][src.modRNN.training.training_loop][INFO] - train epoch 958 loss 0.3083 accuracy 87.50%
[2026-05-04 19:14:17,658][src.modRNN.training.training_loop][INFO] - 	 Starting Epoch: 959
[2026-05-04 19:14:18,993][src.modRNN.training.training_loop][INFO] - train epoch 959 loss 0.3845 accuracy 87.50%
[2026-05-04 19:14:18,994][src.modRNN.training.training_loop][INFO] - 	 Starting Epoch: 960
[2026-05-04 19:14:20,330][src.modRNN.training.training_loop][INFO] - train epoch 960 loss 0.3753 accuracy 82.81%
[2026-05-04 19:14:20,331][src.modRNN.training.training_loop][INFO] - 	 Starting Epoch: 961
[2026-05-04 19:14:21,664][src.modRNN.training.training_loop][INFO] - train epoch 961 loss 0.1943 accuracy 96.88%
[2026-05-04 19:14:21,666][src.modRNN.training.training_loop][INFO] - 	 Starting Epoch: 962
[2026-05-04 19:14:23,001][src.modRNN.training.training_loop][INFO] - train epoch 962 loss 0.3674 accuracy 82.81%
[2026-05-04 19:14:23,002][src.modRNN.training.training_loop][INFO] - 	 Starting Epoch: 963
[2026-05-04 19:14:24,363][src.modRNN.training.training_loop][INFO] - train epoch 963 loss 0.2681 accuracy 93.75%
[2026-05-04 19:14:24,368][src.modRNN.training.training_loop][INFO] - 	 Starting Epoch: 964
[2026-05-04 19:14:25,744][src.modRNN.training.training_loop][INFO] - train epoch 964 loss 0.4140 accuracy 84.38%
[2026-05-04 19:14:25,745][src.modRNN.training.training_loop][INFO] - 	 Starting Epoch: 965
[2026-05-04 19:14:27,082][src.modRNN.training.training_loop][INFO] - train epoch 965 loss 0.3766 accuracy 85.94%
[2026-05-04 19:14:27,084][src.modRNN.training.training_loop][INFO] - 	 Starting Epoch: 966
[2026-05-04 19:14:28,422][src.modRNN.training.training_loop][INFO] - train epoch 966 loss 0.4049 accuracy 84.38%
[2026-05-04 19:14:28,423][src.modRNN.training.training_loop][INFO] - 	 Starting Epoch: 967
[2026-05-04 19:14:29,761][src.modRNN.training.training_loop][INFO] - train epoch 967 loss 0.3355 accuracy 89.06%
[2026-05-04 19:14:29,762][src.modRNN.training.training_loop][INFO] - 	 Starting Epoch: 968
[2026-05-04 19:14:31,096][src.modRNN.training.training_loop][INFO] - train epoch 968 loss 0.2465 accuracy 92.19%
[2026-05-04 19:14:31,098][src.modRNN.training.training_loop][INFO] - 	 Starting Epoch: 969
[2026-05-04 19:14:32,424][src.modRNN.training.training_loop][INFO] - train epoch 969 loss 0.3272 accuracy 87.50%
[2026-05-04 19:14:32,426][src.modRNN.training.training_loop][INFO] - 	 Starting Epoch: 970
[2026-05-04 19:14:33,750][src.modRNN.training.training_loop][INFO] - train epoch 970 loss 0.2942 accuracy 92.19%
[2026-05-04 19:14:33,752][src.modRNN.training.training_loop][INFO] - 	 Starting Epoch: 971
[2026-05-04 19:14:35,076][src.modRNN.training.training_loop][INFO] - train epoch 971 loss 0.3906 accuracy 82.81%
[2026-05-04 19:14:35,077][src.modRNN.training.training_loop][INFO] - 	 Starting Epoch: 972
[2026-05-04 19:14:36,401][src.modRNN.training.training_loop][INFO] - train epoch 972 loss 0.3405 accuracy 87.50%
[2026-05-04 19:14:36,402][src.modRNN.training.training_loop][INFO] - 	 Starting Epoch: 973
[2026-05-04 19:14:37,728][src.modRNN.training.training_loop][INFO] - train epoch 973 loss 0.3624 accuracy 89.06%
[2026-05-04 19:14:37,729][src.modRNN.training.training_loop][INFO] - 	 Starting Epoch: 974
[2026-05-04 19:14:39,055][src.modRNN.training.training_loop][INFO] - train epoch 974 loss 0.3272 accuracy 89.06%
[2026-05-04 19:14:39,056][src.modRNN.training.training_loop][INFO] - 	 Starting Epoch: 975
[2026-05-04 19:14:40,384][src.modRNN.training.training_loop][INFO] - train epoch 975 loss 0.3441 accuracy 84.38%
[2026-05-04 19:14:40,386][src.modRNN.training.training_loop][INFO] - 	 Starting Epoch: 976
[2026-05-04 19:14:41,709][src.modRNN.training.training_loop][INFO] - train epoch 976 loss 0.4195 accuracy 84.38%
[2026-05-04 19:14:43,864][src.modRNN.training.training_loop][INFO] - eval  epoch 976 loss 0.3719 accuracy 86.91%
[2026-05-04 19:14:43,866][src.modRNN.training.training_loop][INFO] - 	 Starting Epoch: 977
[2026-05-04 19:14:45,192][src.modRNN.training.training_loop][INFO] - train epoch 977 loss 0.3798 accuracy 84.38%
[2026-05-04 19:14:45,194][src.modRNN.training.training_loop][INFO] - 	 Starting Epoch: 978
[2026-05-04 19:14:46,519][src.modRNN.training.training_loop][INFO] - train epoch 978 loss 0.4315 accuracy 85.94%
[2026-05-04 19:14:46,520][src.modRNN.training.training_loop][INFO] - 	 Starting Epoch: 979
[2026-05-04 19:14:47,846][src.modRNN.training.training_loop][INFO] - train epoch 979 loss 0.4131 accuracy 82.81%
[2026-05-04 19:14:47,847][src.modRNN.training.training_loop][INFO] - 	 Starting Epoch: 980
[2026-05-04 19:14:49,174][src.modRNN.training.training_loop][INFO] - train epoch 980 loss 0.3582 accuracy 85.94%
[2026-05-04 19:14:49,176][src.modRNN.training.training_loop][INFO] - 	 Starting Epoch: 981
[2026-05-04 19:14:50,500][src.modRNN.training.training_loop][INFO] - train epoch 981 loss 0.3692 accuracy 82.81%
[2026-05-04 19:14:50,502][src.modRNN.training.training_loop][INFO] - 	 Starting Epoch: 982
[2026-05-04 19:14:51,829][src.modRNN.training.training_loop][INFO] - train epoch 982 loss 0.2469 accuracy 92.19%
[2026-05-04 19:14:51,831][src.modRNN.training.training_loop][INFO] - 	 Starting Epoch: 983
[2026-05-04 19:14:53,154][src.modRNN.training.training_loop][INFO] - train epoch 983 loss 0.3885 accuracy 89.06%
[2026-05-04 19:14:53,155][src.modRNN.training.training_loop][INFO] - 	 Starting Epoch: 984
[2026-05-04 19:14:54,479][src.modRNN.training.training_loop][INFO] - train epoch 984 loss 0.4302 accuracy 79.69%
[2026-05-04 19:14:54,481][src.modRNN.training.training_loop][INFO] - 	 Starting Epoch: 985
[2026-05-04 19:14:55,804][src.modRNN.training.training_loop][INFO] - train epoch 985 loss 0.5046 accuracy 79.69%
[2026-05-04 19:14:55,806][src.modRNN.training.training_loop][INFO] - 	 Starting Epoch: 986
[2026-05-04 19:14:57,134][src.modRNN.training.training_loop][INFO] - train epoch 986 loss 0.3622 accuracy 79.69%
[2026-05-04 19:14:57,135][src.modRNN.training.training_loop][INFO] - 	 Starting Epoch: 987
[2026-05-04 19:14:58,461][src.modRNN.training.training_loop][INFO] - train epoch 987 loss 0.2914 accuracy 87.50%
[2026-05-04 19:14:58,462][src.modRNN.training.training_loop][INFO] - 	 Starting Epoch: 988
[2026-05-04 19:14:59,790][src.modRNN.training.training_loop][INFO] - train epoch 988 loss 0.4355 accuracy 82.81%
[2026-05-04 19:14:59,791][src.modRNN.training.training_loop][INFO] - 	 Starting Epoch: 989
[2026-05-04 19:15:01,115][src.modRNN.training.training_loop][INFO] - train epoch 989 loss 0.3779 accuracy 89.06%
[2026-05-04 19:15:01,117][src.modRNN.training.training_loop][INFO] - 	 Starting Epoch: 990
[2026-05-04 19:15:02,452][src.modRNN.training.training_loop][INFO] - train epoch 990 loss 0.4395 accuracy 81.25%
[2026-05-04 19:15:02,454][src.modRNN.training.training_loop][INFO] - 	 Starting Epoch: 991
[2026-05-04 19:15:03,789][src.modRNN.training.training_loop][INFO] - train epoch 991 loss 0.4169 accuracy 78.12%
[2026-05-04 19:15:03,791][src.modRNN.training.training_loop][INFO] - 	 Starting Epoch: 992
[2026-05-04 19:15:05,129][src.modRNN.training.training_loop][INFO] - train epoch 992 loss 0.4333 accuracy 79.69%
[2026-05-04 19:15:05,130][src.modRNN.training.training_loop][INFO] - 	 Starting Epoch: 993
[2026-05-04 19:15:06,466][src.modRNN.training.training_loop][INFO] - train epoch 993 loss 0.2899 accuracy 90.62%
[2026-05-04 19:15:06,467][src.modRNN.training.training_loop][INFO] - 	 Starting Epoch: 994
[2026-05-04 19:15:07,802][src.modRNN.training.training_loop][INFO] - train epoch 994 loss 0.4069 accuracy 85.94%
[2026-05-04 19:15:07,804][src.modRNN.training.training_loop][INFO] - 	 Starting Epoch: 995
[2026-05-04 19:15:09,145][src.modRNN.training.training_loop][INFO] - train epoch 995 loss 0.3037 accuracy 89.06%
[2026-05-04 19:15:09,146][src.modRNN.training.training_loop][INFO] - 	 Starting Epoch: 996
[2026-05-04 19:15:10,481][src.modRNN.training.training_loop][INFO] - train epoch 996 loss 0.3832 accuracy 85.94%
[2026-05-04 19:15:10,482][src.modRNN.training.training_loop][INFO] - 	 Starting Epoch: 997
[2026-05-04 19:15:11,816][src.modRNN.training.training_loop][INFO] - train epoch 997 loss 0.4805 accuracy 78.12%
[2026-05-04 19:15:11,818][src.modRNN.training.training_loop][INFO] - 	 Starting Epoch: 998
[2026-05-04 19:15:13,151][src.modRNN.training.training_loop][INFO] - train epoch 998 loss 0.3653 accuracy 85.94%
[2026-05-04 19:15:13,153][src.modRNN.training.training_loop][INFO] - 	 Starting Epoch: 999
[2026-05-04 19:15:14,488][src.modRNN.training.training_loop][INFO] - train epoch 999 loss 0.4101 accuracy 84.38%
[2026-05-04 19:15:14,489][src.modRNN.training.training_loop][INFO] - 	 Starting Epoch: 1000
[2026-05-04 19:15:15,825][src.modRNN.training.training_loop][INFO] - train epoch 1000 loss 0.4144 accuracy 85.94%
[2026-05-04 19:15:15,827][src.modRNN.training.training_loop][INFO] - 	 Starting Epoch: 1001
[2026-05-04 19:15:17,165][src.modRNN.training.training_loop][INFO] - train epoch 1001 loss 0.4826 accuracy 79.69%
[2026-05-04 19:15:19,321][src.modRNN.training.training_loop][INFO] - eval  epoch 1001 loss 0.4389 accuracy 81.84%
[2026-05-04 19:15:19,323][src.modRNN.training.training_loop][INFO] - 	 Starting Epoch: 1002
[2026-05-04 19:15:20,664][src.modRNN.training.training_loop][INFO] - train epoch 1002 loss 0.4053 accuracy 85.94%
[2026-05-04 19:15:20,666][src.modRNN.training.training_loop][INFO] - 	 Starting Epoch: 1003
[2026-05-04 19:15:21,999][src.modRNN.training.training_loop][INFO] - train epoch 1003 loss 0.4499 accuracy 81.25%
[2026-05-04 19:15:22,000][src.modRNN.training.training_loop][INFO] - 	 Starting Epoch: 1004
[2026-05-04 19:15:23,332][src.modRNN.training.training_loop][INFO] - train epoch 1004 loss 0.4083 accuracy 82.81%
[2026-05-04 19:15:23,333][src.modRNN.training.training_loop][INFO] - 	 Starting Epoch: 1005
[2026-05-04 19:15:24,701][src.modRNN.training.training_loop][INFO] - train epoch 1005 loss 0.3663 accuracy 87.50%
[2026-05-04 19:15:24,703][src.modRNN.training.training_loop][INFO] - 	 Starting Epoch: 1006
[2026-05-04 19:15:26,042][src.modRNN.training.training_loop][INFO] - train epoch 1006 loss 0.4139 accuracy 79.69%
[2026-05-04 19:15:26,044][src.modRNN.training.training_loop][INFO] - 	 Starting Epoch: 1007
[2026-05-04 19:15:27,382][src.modRNN.training.training_loop][INFO] - train epoch 1007 loss 0.4022 accuracy 87.50%
[2026-05-04 19:15:27,384][src.modRNN.training.training_loop][INFO] - 	 Starting Epoch: 1008
[2026-05-04 19:15:28,720][src.modRNN.training.training_loop][INFO] - train epoch 1008 loss 0.4008 accuracy 87.50%
[2026-05-04 19:15:28,722][src.modRNN.training.training_loop][INFO] - 	 Starting Epoch: 1009
[2026-05-04 19:15:30,060][src.modRNN.training.training_loop][INFO] - train epoch 1009 loss 0.5202 accuracy 79.69%
[2026-05-04 19:15:30,061][src.modRNN.training.training_loop][INFO] - 	 Starting Epoch: 1010
[2026-05-04 19:15:31,397][src.modRNN.training.training_loop][INFO] - train epoch 1010 loss 0.4080 accuracy 85.94%
[2026-05-04 19:15:31,398][src.modRNN.training.training_loop][INFO] - 	 Starting Epoch: 1011
[2026-05-04 19:15:32,724][src.modRNN.training.training_loop][INFO] - train epoch 1011 loss 0.3837 accuracy 89.06%
[2026-05-04 19:15:32,726][src.modRNN.training.training_loop][INFO] - 	 Starting Epoch: 1012
[2026-05-04 19:15:34,055][src.modRNN.training.training_loop][INFO] - train epoch 1012 loss 0.4283 accuracy 84.38%
[2026-05-04 19:15:34,056][src.modRNN.training.training_loop][INFO] - 	 Starting Epoch: 1013
[2026-05-04 19:15:35,392][src.modRNN.training.training_loop][INFO] - train epoch 1013 loss 0.4592 accuracy 81.25%
[2026-05-04 19:15:35,394][src.modRNN.training.training_loop][INFO] - 	 Starting Epoch: 1014
[2026-05-04 19:15:36,719][src.modRNN.training.training_loop][INFO] - train epoch 1014 loss 0.4653 accuracy 81.25%
[2026-05-04 19:15:36,721][src.modRNN.training.training_loop][INFO] - 	 Starting Epoch: 1015
[2026-05-04 19:15:38,048][src.modRNN.training.training_loop][INFO] - train epoch 1015 loss 0.4506 accuracy 79.69%
[2026-05-04 19:15:38,049][src.modRNN.training.training_loop][INFO] - 	 Starting Epoch: 1016
[2026-05-04 19:15:39,376][src.modRNN.training.training_loop][INFO] - train epoch 1016 loss 0.4435 accuracy 84.38%
[2026-05-04 19:15:39,377][src.modRNN.training.training_loop][INFO] - 	 Starting Epoch: 1017
[2026-05-04 19:15:40,702][src.modRNN.training.training_loop][INFO] - train epoch 1017 loss 0.4385 accuracy 82.81%
[2026-05-04 19:15:40,703][src.modRNN.training.training_loop][INFO] - 	 Starting Epoch: 1018
[2026-05-04 19:15:42,028][src.modRNN.training.training_loop][INFO] - train epoch 1018 loss 0.3282 accuracy 84.38%
[2026-05-04 19:15:42,029][src.modRNN.training.training_loop][INFO] - 	 Starting Epoch: 1019
[2026-05-04 19:15:43,356][src.modRNN.training.training_loop][INFO] - train epoch 1019 loss 0.5773 accuracy 75.00%
[2026-05-04 19:15:43,358][src.modRNN.training.training_loop][INFO] - 	 Starting Epoch: 1020
[2026-05-04 19:15:44,683][src.modRNN.training.training_loop][INFO] - train epoch 1020 loss 0.3700 accuracy 84.38%
[2026-05-04 19:15:44,684][src.modRNN.training.training_loop][INFO] - 	 Starting Epoch: 1021
[2026-05-04 19:15:46,009][src.modRNN.training.training_loop][INFO] - train epoch 1021 loss 0.3676 accuracy 84.38%
[2026-05-04 19:15:46,011][src.modRNN.training.training_loop][INFO] - 	 Starting Epoch: 1022
[2026-05-04 19:15:47,337][src.modRNN.training.training_loop][INFO] - train epoch 1022 loss 0.4653 accuracy 82.81%
[2026-05-04 19:15:47,338][src.modRNN.training.training_loop][INFO] - 	 Starting Epoch: 1023
[2026-05-04 19:15:48,664][src.modRNN.training.training_loop][INFO] - train epoch 1023 loss 0.4452 accuracy 81.25%
[2026-05-04 19:15:48,666][src.modRNN.training.training_loop][INFO] - 	 Starting Epoch: 1024
[2026-05-04 19:15:49,993][src.modRNN.training.training_loop][INFO] - train epoch 1024 loss 0.3772 accuracy 84.38%
[2026-05-04 19:15:49,994][src.modRNN.training.training_loop][INFO] - 	 Starting Epoch: 1025
[2026-05-04 19:15:51,323][src.modRNN.training.training_loop][INFO] - train epoch 1025 loss 0.3145 accuracy 87.50%
[2026-05-04 19:15:51,325][src.modRNN.training.training_loop][INFO] - 	 Starting Epoch: 1026
[2026-05-04 19:15:52,652][src.modRNN.training.training_loop][INFO] - train epoch 1026 loss 0.4681 accuracy 81.25%
[2026-05-04 19:15:54,805][src.modRNN.training.training_loop][INFO] - eval  epoch 1026 loss 0.4334 accuracy 81.64%
[2026-05-04 19:15:54,807][src.modRNN.training.training_loop][INFO] - 	 Starting Epoch: 1027
[2026-05-04 19:15:56,131][src.modRNN.training.training_loop][INFO] - train epoch 1027 loss 0.4913 accuracy 75.00%
[2026-05-04 19:15:56,133][src.modRNN.training.training_loop][INFO] - 	 Starting Epoch: 1028
[2026-05-04 19:15:57,459][src.modRNN.training.training_loop][INFO] - train epoch 1028 loss 0.5124 accuracy 78.12%
[2026-05-04 19:15:57,460][src.modRNN.training.training_loop][INFO] - 	 Starting Epoch: 1029
[2026-05-04 19:15:58,788][src.modRNN.training.training_loop][INFO] - train epoch 1029 loss 0.4156 accuracy 82.81%
[2026-05-04 19:15:58,789][src.modRNN.training.training_loop][INFO] - 	 Starting Epoch: 1030
[2026-05-04 19:16:00,115][src.modRNN.training.training_loop][INFO] - train epoch 1030 loss 0.4033 accuracy 79.69%
[2026-05-04 19:16:00,117][src.modRNN.training.training_loop][INFO] - 	 Starting Epoch: 1031
[2026-05-04 19:16:01,444][src.modRNN.training.training_loop][INFO] - train epoch 1031 loss 0.3024 accuracy 90.62%
[2026-05-04 19:16:01,445][src.modRNN.training.training_loop][INFO] - 	 Starting Epoch: 1032
[2026-05-04 19:16:02,777][src.modRNN.training.training_loop][INFO] - train epoch 1032 loss 0.3734 accuracy 84.38%
[2026-05-04 19:16:02,779][src.modRNN.training.training_loop][INFO] - 	 Starting Epoch: 1033
[2026-05-04 19:16:04,111][src.modRNN.training.training_loop][INFO] - train epoch 1033 loss 0.4513 accuracy 84.38%
[2026-05-04 19:16:04,113][src.modRNN.training.training_loop][INFO] - 	 Starting Epoch: 1034
[2026-05-04 19:16:05,445][src.modRNN.training.training_loop][INFO] - train epoch 1034 loss 0.4001 accuracy 84.38%
[2026-05-04 19:16:05,447][src.modRNN.training.training_loop][INFO] - 	 Starting Epoch: 1035
[2026-05-04 19:16:06,782][src.modRNN.training.training_loop][INFO] - train epoch 1035 loss 0.3893 accuracy 89.06%
[2026-05-04 19:16:06,783][src.modRNN.training.training_loop][INFO] - 	 Starting Epoch: 1036
[2026-05-04 19:16:08,120][src.modRNN.training.training_loop][INFO] - train epoch 1036 loss 0.3843 accuracy 82.81%
[2026-05-04 19:16:08,121][src.modRNN.training.training_loop][INFO] - 	 Starting Epoch: 1037
[2026-05-04 19:16:09,459][src.modRNN.training.training_loop][INFO] - train epoch 1037 loss 0.3863 accuracy 87.50%
[2026-05-04 19:16:09,460][src.modRNN.training.training_loop][INFO] - 	 Starting Epoch: 1038
[2026-05-04 19:16:10,795][src.modRNN.training.training_loop][INFO] - train epoch 1038 loss 0.2869 accuracy 92.19%
[2026-05-04 19:16:10,797][src.modRNN.training.training_loop][INFO] - 	 Starting Epoch: 1039
[2026-05-04 19:16:12,129][src.modRNN.training.training_loop][INFO] - train epoch 1039 loss 0.2545 accuracy 98.44%
[2026-05-04 19:16:12,131][src.modRNN.training.training_loop][INFO] - 	 Starting Epoch: 1040
[2026-05-04 19:16:13,465][src.modRNN.training.training_loop][INFO] - train epoch 1040 loss 0.3647 accuracy 89.06%
[2026-05-04 19:16:13,466][src.modRNN.training.training_loop][INFO] - 	 Starting Epoch: 1041
[2026-05-04 19:16:14,799][src.modRNN.training.training_loop][INFO] - train epoch 1041 loss 0.4061 accuracy 84.38%
[2026-05-04 19:16:14,801][src.modRNN.training.training_loop][INFO] - 	 Starting Epoch: 1042
[2026-05-04 19:16:16,135][src.modRNN.training.training_loop][INFO] - train epoch 1042 loss 0.3657 accuracy 90.62%
[2026-05-04 19:16:16,136][src.modRNN.training.training_loop][INFO] - 	 Starting Epoch: 1043
[2026-05-04 19:16:17,469][src.modRNN.training.training_loop][INFO] - train epoch 1043 loss 0.3622 accuracy 87.50%
[2026-05-04 19:16:17,470][src.modRNN.training.training_loop][INFO] - 	 Starting Epoch: 1044
[2026-05-04 19:16:18,806][src.modRNN.training.training_loop][INFO] - train epoch 1044 loss 0.4724 accuracy 78.12%
[2026-05-04 19:16:18,808][src.modRNN.training.training_loop][INFO] - 	 Starting Epoch: 1045
[2026-05-04 19:16:20,140][src.modRNN.training.training_loop][INFO] - train epoch 1045 loss 0.3289 accuracy 90.62%
[2026-05-04 19:16:20,142][src.modRNN.training.training_loop][INFO] - 	 Starting Epoch: 1046
[2026-05-04 19:16:21,477][src.modRNN.training.training_loop][INFO] - train epoch 1046 loss 0.2904 accuracy 87.50%
[2026-05-04 19:16:21,478][src.modRNN.training.training_loop][INFO] - 	 Starting Epoch: 1047
[2026-05-04 19:16:22,811][src.modRNN.training.training_loop][INFO] - train epoch 1047 loss 0.3346 accuracy 90.62%
[2026-05-04 19:16:22,813][src.modRNN.training.training_loop][INFO] - 	 Starting Epoch: 1048
[2026-05-04 19:16:24,156][src.modRNN.training.training_loop][INFO] - train epoch 1048 loss 0.3373 accuracy 87.50%
[2026-05-04 19:16:24,159][src.modRNN.training.training_loop][INFO] - 	 Starting Epoch: 1049
[2026-05-04 19:16:25,551][src.modRNN.training.training_loop][INFO] - train epoch 1049 loss 0.4374 accuracy 82.81%
[2026-05-04 19:16:25,553][src.modRNN.training.training_loop][INFO] - 	 Starting Epoch: 1050
[2026-05-04 19:16:26,888][src.modRNN.training.training_loop][INFO] - train epoch 1050 loss 0.3673 accuracy 85.94%
[2026-05-04 19:16:26,890][src.modRNN.training.training_loop][INFO] - 	 Starting Epoch: 1051
[2026-05-04 19:16:28,223][src.modRNN.training.training_loop][INFO] - train epoch 1051 loss 0.2902 accuracy 87.50%
[2026-05-04 19:16:30,376][src.modRNN.training.training_loop][INFO] - eval  epoch 1051 loss 0.3586 accuracy 86.13%
[2026-05-04 19:16:30,378][src.modRNN.training.training_loop][INFO] - 	 Starting Epoch: 1052
[2026-05-04 19:16:31,710][src.modRNN.training.training_loop][INFO] - train epoch 1052 loss 0.2876 accuracy 89.06%
[2026-05-04 19:16:31,711][src.modRNN.training.training_loop][INFO] - 	 Starting Epoch: 1053
[2026-05-04 19:16:33,041][src.modRNN.training.training_loop][INFO] - train epoch 1053 loss 0.3781 accuracy 85.94%
[2026-05-04 19:16:33,042][src.modRNN.training.training_loop][INFO] - 	 Starting Epoch: 1054
[2026-05-04 19:16:34,368][src.modRNN.training.training_loop][INFO] - train epoch 1054 loss 0.3607 accuracy 85.94%
[2026-05-04 19:16:34,369][src.modRNN.training.training_loop][INFO] - 	 Starting Epoch: 1055
[2026-05-04 19:16:35,695][src.modRNN.training.training_loop][INFO] - train epoch 1055 loss 0.3995 accuracy 82.81%
[2026-05-04 19:16:35,696][src.modRNN.training.training_loop][INFO] - 	 Starting Epoch: 1056
[2026-05-04 19:16:37,022][src.modRNN.training.training_loop][INFO] - train epoch 1056 loss 0.3142 accuracy 89.06%
[2026-05-04 19:16:37,024][src.modRNN.training.training_loop][INFO] - 	 Starting Epoch: 1057
[2026-05-04 19:16:38,350][src.modRNN.training.training_loop][INFO] - train epoch 1057 loss 0.2512 accuracy 95.31%
[2026-05-04 19:16:38,352][src.modRNN.training.training_loop][INFO] - 	 Starting Epoch: 1058
[2026-05-04 19:16:39,675][src.modRNN.training.training_loop][INFO] - train epoch 1058 loss 0.3380 accuracy 87.50%
[2026-05-04 19:16:39,677][src.modRNN.training.training_loop][INFO] - 	 Starting Epoch: 1059
[2026-05-04 19:16:41,002][src.modRNN.training.training_loop][INFO] - train epoch 1059 loss 0.2567 accuracy 90.62%
[2026-05-04 19:16:41,003][src.modRNN.training.training_loop][INFO] - 	 Starting Epoch: 1060
[2026-05-04 19:16:42,330][src.modRNN.training.training_loop][INFO] - train epoch 1060 loss 0.3000 accuracy 92.19%
[2026-05-04 19:16:42,331][src.modRNN.training.training_loop][INFO] - 	 Starting Epoch: 1061
[2026-05-04 19:16:43,659][src.modRNN.training.training_loop][INFO] - train epoch 1061 loss 0.2640 accuracy 89.06%
[2026-05-04 19:16:43,660][src.modRNN.training.training_loop][INFO] - 	 Starting Epoch: 1062
[2026-05-04 19:16:44,989][src.modRNN.training.training_loop][INFO] - train epoch 1062 loss 0.3446 accuracy 87.50%
[2026-05-04 19:16:44,991][src.modRNN.training.training_loop][INFO] - 	 Starting Epoch: 1063
[2026-05-04 19:16:46,319][src.modRNN.training.training_loop][INFO] - train epoch 1063 loss 0.3386 accuracy 82.81%
[2026-05-04 19:16:46,321][src.modRNN.training.training_loop][INFO] - 	 Starting Epoch: 1064
[2026-05-04 19:16:47,643][src.modRNN.training.training_loop][INFO] - train epoch 1064 loss 0.3423 accuracy 89.06%
[2026-05-04 19:16:47,645][src.modRNN.training.training_loop][INFO] - 	 Starting Epoch: 1065
[2026-05-04 19:16:48,970][src.modRNN.training.training_loop][INFO] - train epoch 1065 loss 0.3541 accuracy 85.94%
[2026-05-04 19:16:48,972][src.modRNN.training.training_loop][INFO] - 	 Starting Epoch: 1066
[2026-05-04 19:16:50,297][src.modRNN.training.training_loop][INFO] - train epoch 1066 loss 0.3359 accuracy 90.62%
[2026-05-04 19:16:50,298][src.modRNN.training.training_loop][INFO] - 	 Starting Epoch: 1067
[2026-05-04 19:16:51,624][src.modRNN.training.training_loop][INFO] - train epoch 1067 loss 0.3346 accuracy 89.06%
[2026-05-04 19:16:51,626][src.modRNN.training.training_loop][INFO] - 	 Starting Epoch: 1068
[2026-05-04 19:16:52,956][src.modRNN.training.training_loop][INFO] - train epoch 1068 loss 0.3402 accuracy 89.06%
[2026-05-04 19:16:52,958][src.modRNN.training.training_loop][INFO] - 	 Starting Epoch: 1069
[2026-05-04 19:16:54,284][src.modRNN.training.training_loop][INFO] - train epoch 1069 loss 0.3300 accuracy 90.62%
[2026-05-04 19:16:54,286][src.modRNN.training.training_loop][INFO] - 	 Starting Epoch: 1070
[2026-05-04 19:16:55,614][src.modRNN.training.training_loop][INFO] - train epoch 1070 loss 0.3211 accuracy 90.62%
[2026-05-04 19:16:55,615][src.modRNN.training.training_loop][INFO] - 	 Starting Epoch: 1071
[2026-05-04 19:16:56,942][src.modRNN.training.training_loop][INFO] - train epoch 1071 loss 0.3088 accuracy 89.06%
[2026-05-04 19:16:56,944][src.modRNN.training.training_loop][INFO] - 	 Starting Epoch: 1072
[2026-05-04 19:16:58,271][src.modRNN.training.training_loop][INFO] - train epoch 1072 loss 0.3353 accuracy 89.06%
[2026-05-04 19:16:58,272][src.modRNN.training.training_loop][INFO] - 	 Starting Epoch: 1073
[2026-05-04 19:16:59,600][src.modRNN.training.training_loop][INFO] - train epoch 1073 loss 0.4259 accuracy 84.38%
[2026-05-04 19:16:59,601][src.modRNN.training.training_loop][INFO] - 	 Starting Epoch: 1074
[2026-05-04 19:17:00,928][src.modRNN.training.training_loop][INFO] - train epoch 1074 loss 0.3502 accuracy 87.50%
[2026-05-04 19:17:00,929][src.modRNN.training.training_loop][INFO] - 	 Starting Epoch: 1075
[2026-05-04 19:17:02,267][src.modRNN.training.training_loop][INFO] - train epoch 1075 loss 0.2949 accuracy 87.50%
[2026-05-04 19:17:02,269][src.modRNN.training.training_loop][INFO] - 	 Starting Epoch: 1076
[2026-05-04 19:17:03,605][src.modRNN.training.training_loop][INFO] - train epoch 1076 loss 0.3630 accuracy 92.19%
[2026-05-04 19:17:05,758][src.modRNN.training.training_loop][INFO] - eval  epoch 1076 loss 0.3363 accuracy 89.06%
[2026-05-04 19:17:05,759][src.modRNN.training.training_loop][INFO] - 	 Starting Epoch: 1077
[2026-05-04 19:17:07,092][src.modRNN.training.training_loop][INFO] - train epoch 1077 loss 0.2392 accuracy 93.75%
[2026-05-04 19:17:07,094][src.modRNN.training.training_loop][INFO] - 	 Starting Epoch: 1078
[2026-05-04 19:17:08,426][src.modRNN.training.training_loop][INFO] - train epoch 1078 loss 0.3879 accuracy 87.50%
[2026-05-04 19:17:08,428][src.modRNN.training.training_loop][INFO] - 	 Starting Epoch: 1079
[2026-05-04 19:17:09,762][src.modRNN.training.training_loop][INFO] - train epoch 1079 loss 0.3209 accuracy 89.06%
[2026-05-04 19:17:09,763][src.modRNN.training.training_loop][INFO] - 	 Starting Epoch: 1080
[2026-05-04 19:17:11,096][src.modRNN.training.training_loop][INFO] - train epoch 1080 loss 0.3247 accuracy 90.62%
[2026-05-04 19:17:11,097][src.modRNN.training.training_loop][INFO] - 	 Starting Epoch: 1081
[2026-05-04 19:17:12,435][src.modRNN.training.training_loop][INFO] - train epoch 1081 loss 0.3676 accuracy 84.38%
[2026-05-04 19:17:12,437][src.modRNN.training.training_loop][INFO] - 	 Starting Epoch: 1082
[2026-05-04 19:17:13,772][src.modRNN.training.training_loop][INFO] - train epoch 1082 loss 0.2618 accuracy 93.75%
[2026-05-04 19:17:13,773][src.modRNN.training.training_loop][INFO] - 	 Starting Epoch: 1083
[2026-05-04 19:17:15,116][src.modRNN.training.training_loop][INFO] - train epoch 1083 loss 0.3147 accuracy 90.62%
[2026-05-04 19:17:15,118][src.modRNN.training.training_loop][INFO] - 	 Starting Epoch: 1084
[2026-05-04 19:17:16,459][src.modRNN.training.training_loop][INFO] - train epoch 1084 loss 0.2536 accuracy 93.75%
[2026-05-04 19:17:16,460][src.modRNN.training.training_loop][INFO] - 	 Starting Epoch: 1085
[2026-05-04 19:17:17,801][src.modRNN.training.training_loop][INFO] - train epoch 1085 loss 0.3697 accuracy 87.50%
[2026-05-04 19:17:17,802][src.modRNN.training.training_loop][INFO] - 	 Starting Epoch: 1086
[2026-05-04 19:17:19,142][src.modRNN.training.training_loop][INFO] - train epoch 1086 loss 0.2721 accuracy 89.06%
[2026-05-04 19:17:19,143][src.modRNN.training.training_loop][INFO] - 	 Starting Epoch: 1087
[2026-05-04 19:17:20,479][src.modRNN.training.training_loop][INFO] - train epoch 1087 loss 0.2505 accuracy 93.75%
[2026-05-04 19:17:20,481][src.modRNN.training.training_loop][INFO] - 	 Starting Epoch: 1088
[2026-05-04 19:17:21,816][src.modRNN.training.training_loop][INFO] - train epoch 1088 loss 0.3075 accuracy 85.94%
[2026-05-04 19:17:21,818][src.modRNN.training.training_loop][INFO] - 	 Starting Epoch: 1089
[2026-05-04 19:17:23,151][src.modRNN.training.training_loop][INFO] - train epoch 1089 loss 0.3650 accuracy 82.81%
[2026-05-04 19:17:23,152][src.modRNN.training.training_loop][INFO] - 	 Starting Epoch: 1090
[2026-05-04 19:17:24,515][src.modRNN.training.training_loop][INFO] - train epoch 1090 loss 0.2742 accuracy 90.62%
[2026-05-04 19:17:24,517][src.modRNN.training.training_loop][INFO] - 	 Starting Epoch: 1091
[2026-05-04 19:17:25,883][src.modRNN.training.training_loop][INFO] - train epoch 1091 loss 0.2788 accuracy 90.62%
[2026-05-04 19:17:25,885][src.modRNN.training.training_loop][INFO] - 	 Starting Epoch: 1092
[2026-05-04 19:17:27,221][src.modRNN.training.training_loop][INFO] - train epoch 1092 loss 0.3490 accuracy 84.38%
[2026-05-04 19:17:27,222][src.modRNN.training.training_loop][INFO] - 	 Starting Epoch: 1093
[2026-05-04 19:17:28,557][src.modRNN.training.training_loop][INFO] - train epoch 1093 loss 0.2866 accuracy 93.75%
[2026-05-04 19:17:28,559][src.modRNN.training.training_loop][INFO] - 	 Starting Epoch: 1094
[2026-05-04 19:17:29,893][src.modRNN.training.training_loop][INFO] - train epoch 1094 loss 0.3225 accuracy 85.94%
[2026-05-04 19:17:29,895][src.modRNN.training.training_loop][INFO] - 	 Starting Epoch: 1095
[2026-05-04 19:17:31,227][src.modRNN.training.training_loop][INFO] - train epoch 1095 loss 0.2795 accuracy 92.19%
[2026-05-04 19:17:31,229][src.modRNN.training.training_loop][INFO] - 	 Starting Epoch: 1096
[2026-05-04 19:17:32,558][src.modRNN.training.training_loop][INFO] - train epoch 1096 loss 0.3905 accuracy 87.50%
[2026-05-04 19:17:32,559][src.modRNN.training.training_loop][INFO] - 	 Starting Epoch: 1097
[2026-05-04 19:17:33,886][src.modRNN.training.training_loop][INFO] - train epoch 1097 loss 0.3000 accuracy 89.06%
[2026-05-04 19:17:33,888][src.modRNN.training.training_loop][INFO] - 	 Starting Epoch: 1098
[2026-05-04 19:17:35,215][src.modRNN.training.training_loop][INFO] - train epoch 1098 loss 0.2648 accuracy 93.75%
[2026-05-04 19:17:35,216][src.modRNN.training.training_loop][INFO] - 	 Starting Epoch: 1099
[2026-05-04 19:17:36,543][src.modRNN.training.training_loop][INFO] - train epoch 1099 loss 0.3455 accuracy 87.50%
[2026-05-04 19:17:36,544][src.modRNN.training.training_loop][INFO] - 	 Starting Epoch: 1100
[2026-05-04 19:17:37,870][src.modRNN.training.training_loop][INFO] - train epoch 1100 loss 0.3623 accuracy 84.38%
[2026-05-04 19:17:37,872][src.modRNN.training.training_loop][INFO] - 	 Starting Epoch: 1101
[2026-05-04 19:17:39,204][src.modRNN.training.training_loop][INFO] - train epoch 1101 loss 0.3958 accuracy 82.81%
[2026-05-04 19:17:41,362][src.modRNN.training.training_loop][INFO] - eval  epoch 1101 loss 0.3337 accuracy 88.48%
[2026-05-04 19:17:41,363][src.modRNN.training.training_loop][INFO] - 	 Starting Epoch: 1102
[2026-05-04 19:17:42,686][src.modRNN.training.training_loop][INFO] - train epoch 1102 loss 0.2775 accuracy 89.06%
[2026-05-04 19:17:42,688][src.modRNN.training.training_loop][INFO] - 	 Starting Epoch: 1103
[2026-05-04 19:17:44,014][src.modRNN.training.training_loop][INFO] - train epoch 1103 loss 0.3731 accuracy 82.81%
[2026-05-04 19:17:44,016][src.modRNN.training.training_loop][INFO] - 	 Starting Epoch: 1104
[2026-05-04 19:17:45,343][src.modRNN.training.training_loop][INFO] - train epoch 1104 loss 0.3940 accuracy 85.94%
[2026-05-04 19:17:45,345][src.modRNN.training.training_loop][INFO] - 	 Starting Epoch: 1105
[2026-05-04 19:17:46,672][src.modRNN.training.training_loop][INFO] - train epoch 1105 loss 0.3341 accuracy 87.50%
[2026-05-04 19:17:46,673][src.modRNN.training.training_loop][INFO] - 	 Starting Epoch: 1106
[2026-05-04 19:17:47,999][src.modRNN.training.training_loop][INFO] - train epoch 1106 loss 0.3225 accuracy 87.50%
[2026-05-04 19:17:48,000][src.modRNN.training.training_loop][INFO] - 	 Starting Epoch: 1107
[2026-05-04 19:17:49,328][src.modRNN.training.training_loop][INFO] - train epoch 1107 loss 0.4033 accuracy 87.50%
[2026-05-04 19:17:49,330][src.modRNN.training.training_loop][INFO] - 	 Starting Epoch: 1108
[2026-05-04 19:17:50,653][src.modRNN.training.training_loop][INFO] - train epoch 1108 loss 0.4354 accuracy 82.81%
[2026-05-04 19:17:50,655][src.modRNN.training.training_loop][INFO] - 	 Starting Epoch: 1109
[2026-05-04 19:17:51,979][src.modRNN.training.training_loop][INFO] - train epoch 1109 loss 0.3342 accuracy 87.50%
[2026-05-04 19:17:51,981][src.modRNN.training.training_loop][INFO] - 	 Starting Epoch: 1110
[2026-05-04 19:17:53,306][src.modRNN.training.training_loop][INFO] - train epoch 1110 loss 0.3622 accuracy 84.38%
[2026-05-04 19:17:53,307][src.modRNN.training.training_loop][INFO] - 	 Starting Epoch: 1111
[2026-05-04 19:17:54,643][src.modRNN.training.training_loop][INFO] - train epoch 1111 loss 0.3005 accuracy 90.62%
[2026-05-04 19:17:54,644][src.modRNN.training.training_loop][INFO] - 	 Starting Epoch: 1112
[2026-05-04 19:17:55,970][src.modRNN.training.training_loop][INFO] - train epoch 1112 loss 0.2841 accuracy 89.06%
[2026-05-04 19:17:55,971][src.modRNN.training.training_loop][INFO] - 	 Starting Epoch: 1113
[2026-05-04 19:17:57,298][src.modRNN.training.training_loop][INFO] - train epoch 1113 loss 0.4615 accuracy 78.12%
[2026-05-04 19:17:57,300][src.modRNN.training.training_loop][INFO] - 	 Starting Epoch: 1114
[2026-05-04 19:17:58,627][src.modRNN.training.training_loop][INFO] - train epoch 1114 loss 0.3796 accuracy 87.50%
[2026-05-04 19:17:58,629][src.modRNN.training.training_loop][INFO] - 	 Starting Epoch: 1115
[2026-05-04 19:17:59,953][src.modRNN.training.training_loop][INFO] - train epoch 1115 loss 0.2899 accuracy 90.62%
[2026-05-04 19:17:59,954][src.modRNN.training.training_loop][INFO] - 	 Starting Epoch: 1116
[2026-05-04 19:18:01,280][src.modRNN.training.training_loop][INFO] - train epoch 1116 loss 0.2895 accuracy 90.62%
[2026-05-04 19:18:01,285][src.modRNN.training.training_loop][INFO] - 	 Starting Epoch: 1117
[2026-05-04 19:18:02,629][src.modRNN.training.training_loop][INFO] - train epoch 1117 loss 0.4076 accuracy 84.38%
[2026-05-04 19:18:02,630][src.modRNN.training.training_loop][INFO] - 	 Starting Epoch: 1118
[2026-05-04 19:18:03,968][src.modRNN.training.training_loop][INFO] - train epoch 1118 loss 0.2968 accuracy 92.19%
[2026-05-04 19:18:03,969][src.modRNN.training.training_loop][INFO] - 	 Starting Epoch: 1119
[2026-05-04 19:18:05,305][src.modRNN.training.training_loop][INFO] - train epoch 1119 loss 0.2691 accuracy 92.19%
[2026-05-04 19:18:05,307][src.modRNN.training.training_loop][INFO] - 	 Starting Epoch: 1120
[2026-05-04 19:18:06,639][src.modRNN.training.training_loop][INFO] - train epoch 1120 loss 0.3043 accuracy 93.75%
[2026-05-04 19:18:06,641][src.modRNN.training.training_loop][INFO] - 	 Starting Epoch: 1121
[2026-05-04 19:18:07,975][src.modRNN.training.training_loop][INFO] - train epoch 1121 loss 0.3112 accuracy 87.50%
[2026-05-04 19:18:07,976][src.modRNN.training.training_loop][INFO] - 	 Starting Epoch: 1122
[2026-05-04 19:18:09,311][src.modRNN.training.training_loop][INFO] - train epoch 1122 loss 0.2655 accuracy 90.62%
[2026-05-04 19:18:09,313][src.modRNN.training.training_loop][INFO] - 	 Starting Epoch: 1123
[2026-05-04 19:18:10,647][src.modRNN.training.training_loop][INFO] - train epoch 1123 loss 0.2791 accuracy 89.06%
[2026-05-04 19:18:10,648][src.modRNN.training.training_loop][INFO] - 	 Starting Epoch: 1124
[2026-05-04 19:18:11,982][src.modRNN.training.training_loop][INFO] - train epoch 1124 loss 0.3075 accuracy 92.19%
[2026-05-04 19:18:11,983][src.modRNN.training.training_loop][INFO] - 	 Starting Epoch: 1125
[2026-05-04 19:18:13,317][src.modRNN.training.training_loop][INFO] - train epoch 1125 loss 0.4026 accuracy 84.38%
[2026-05-04 19:18:13,319][src.modRNN.training.training_loop][INFO] - 	 Starting Epoch: 1126
[2026-05-04 19:18:14,652][src.modRNN.training.training_loop][INFO] - train epoch 1126 loss 0.3847 accuracy 85.94%
[2026-05-04 19:18:16,807][src.modRNN.training.training_loop][INFO] - eval  epoch 1126 loss 0.3756 accuracy 87.11%
[2026-05-04 19:18:16,809][src.modRNN.training.training_loop][INFO] - 	 Starting Epoch: 1127
[2026-05-04 19:18:18,142][src.modRNN.training.training_loop][INFO] - train epoch 1127 loss 0.3017 accuracy 90.62%
[2026-05-04 19:18:18,144][src.modRNN.training.training_loop][INFO] - 	 Starting Epoch: 1128
[2026-05-04 19:18:19,478][src.modRNN.training.training_loop][INFO] - train epoch 1128 loss 0.2285 accuracy 95.31%
[2026-05-04 19:18:19,480][src.modRNN.training.training_loop][INFO] - 	 Starting Epoch: 1129
[2026-05-04 19:18:20,815][src.modRNN.training.training_loop][INFO] - train epoch 1129 loss 0.4262 accuracy 81.25%
[2026-05-04 19:18:20,817][src.modRNN.training.training_loop][INFO] - 	 Starting Epoch: 1130
[2026-05-04 19:18:22,153][src.modRNN.training.training_loop][INFO] - train epoch 1130 loss 0.2954 accuracy 89.06%
[2026-05-04 19:18:22,154][src.modRNN.training.training_loop][INFO] - 	 Starting Epoch: 1131
[2026-05-04 19:18:23,491][src.modRNN.training.training_loop][INFO] - train epoch 1131 loss 0.3567 accuracy 87.50%
[2026-05-04 19:18:23,493][src.modRNN.training.training_loop][INFO] - 	 Starting Epoch: 1132
[2026-05-04 19:18:24,858][src.modRNN.training.training_loop][INFO] - train epoch 1132 loss 0.4228 accuracy 84.38%
[2026-05-04 19:18:24,860][src.modRNN.training.training_loop][INFO] - 	 Starting Epoch: 1133
[2026-05-04 19:18:26,192][src.modRNN.training.training_loop][INFO] - train epoch 1133 loss 0.3303 accuracy 90.62%
[2026-05-04 19:18:26,193][src.modRNN.training.training_loop][INFO] - 	 Starting Epoch: 1134
[2026-05-04 19:18:27,527][src.modRNN.training.training_loop][INFO] - train epoch 1134 loss 0.3616 accuracy 87.50%
[2026-05-04 19:18:27,529][src.modRNN.training.training_loop][INFO] - 	 Starting Epoch: 1135
[2026-05-04 19:18:28,863][src.modRNN.training.training_loop][INFO] - train epoch 1135 loss 0.2872 accuracy 92.19%
[2026-05-04 19:18:28,865][src.modRNN.training.training_loop][INFO] - 	 Starting Epoch: 1136
[2026-05-04 19:18:30,202][src.modRNN.training.training_loop][INFO] - train epoch 1136 loss 0.3704 accuracy 82.81%
[2026-05-04 19:18:30,203][src.modRNN.training.training_loop][INFO] - 	 Starting Epoch: 1137
[2026-05-04 19:18:31,538][src.modRNN.training.training_loop][INFO] - train epoch 1137 loss 0.3950 accuracy 82.81%
[2026-05-04 19:18:31,539][src.modRNN.training.training_loop][INFO] - 	 Starting Epoch: 1138
[2026-05-04 19:18:32,868][src.modRNN.training.training_loop][INFO] - train epoch 1138 loss 0.3048 accuracy 89.06%
[2026-05-04 19:18:32,869][src.modRNN.training.training_loop][INFO] - 	 Starting Epoch: 1139
[2026-05-04 19:18:34,193][src.modRNN.training.training_loop][INFO] - train epoch 1139 loss 0.4484 accuracy 81.25%
[2026-05-04 19:18:34,194][src.modRNN.training.training_loop][INFO] - 	 Starting Epoch: 1140
[2026-05-04 19:18:35,519][src.modRNN.training.training_loop][INFO] - train epoch 1140 loss 0.3554 accuracy 85.94%
[2026-05-04 19:18:35,521][src.modRNN.training.training_loop][INFO] - 	 Starting Epoch: 1141
[2026-05-04 19:18:36,845][src.modRNN.training.training_loop][INFO] - train epoch 1141 loss 0.4646 accuracy 73.44%
[2026-05-04 19:18:36,846][src.modRNN.training.training_loop][INFO] - 	 Starting Epoch: 1142
[2026-05-04 19:18:38,171][src.modRNN.training.training_loop][INFO] - train epoch 1142 loss 0.3088 accuracy 89.06%
[2026-05-04 19:18:38,172][src.modRNN.training.training_loop][INFO] - 	 Starting Epoch: 1143
[2026-05-04 19:18:39,497][src.modRNN.training.training_loop][INFO] - train epoch 1143 loss 0.3612 accuracy 89.06%
[2026-05-04 19:18:39,499][src.modRNN.training.training_loop][INFO] - 	 Starting Epoch: 1144
[2026-05-04 19:18:40,826][src.modRNN.training.training_loop][INFO] - train epoch 1144 loss 0.3970 accuracy 84.38%
[2026-05-04 19:18:40,828][src.modRNN.training.training_loop][INFO] - 	 Starting Epoch: 1145
[2026-05-04 19:18:42,152][src.modRNN.training.training_loop][INFO] - train epoch 1145 loss 0.3360 accuracy 87.50%
[2026-05-04 19:18:42,154][src.modRNN.training.training_loop][INFO] - 	 Starting Epoch: 1146
[2026-05-04 19:18:43,479][src.modRNN.training.training_loop][INFO] - train epoch 1146 loss 0.3413 accuracy 89.06%
[2026-05-04 19:18:43,480][src.modRNN.training.training_loop][INFO] - 	 Starting Epoch: 1147
[2026-05-04 19:18:44,809][src.modRNN.training.training_loop][INFO] - train epoch 1147 loss 0.3869 accuracy 89.06%
[2026-05-04 19:18:44,810][src.modRNN.training.training_loop][INFO] - 	 Starting Epoch: 1148
[2026-05-04 19:18:46,135][src.modRNN.training.training_loop][INFO] - train epoch 1148 loss 0.2775 accuracy 93.75%
[2026-05-04 19:18:46,136][src.modRNN.training.training_loop][INFO] - 	 Starting Epoch: 1149
[2026-05-04 19:18:47,463][src.modRNN.training.training_loop][INFO] - train epoch 1149 loss 0.3088 accuracy 89.06%
[2026-05-04 19:18:47,465][src.modRNN.training.training_loop][INFO] - 	 Starting Epoch: 1150
[2026-05-04 19:18:48,790][src.modRNN.training.training_loop][INFO] - train epoch 1150 loss 0.2918 accuracy 87.50%
[2026-05-04 19:18:48,792][src.modRNN.training.training_loop][INFO] - 	 Starting Epoch: 1151
[2026-05-04 19:18:50,115][src.modRNN.training.training_loop][INFO] - train epoch 1151 loss 0.2715 accuracy 93.75%
[2026-05-04 19:18:52,264][src.modRNN.training.training_loop][INFO] - eval  epoch 1151 loss 0.3507 accuracy 88.09%
[2026-05-04 19:18:52,265][src.modRNN.training.training_loop][INFO] - 	 Starting Epoch: 1152
[2026-05-04 19:18:53,591][src.modRNN.training.training_loop][INFO] - train epoch 1152 loss 0.3169 accuracy 89.06%
[2026-05-04 19:18:53,592][src.modRNN.training.training_loop][INFO] - 	 Starting Epoch: 1153
[2026-05-04 19:18:54,919][src.modRNN.training.training_loop][INFO] - train epoch 1153 loss 0.3679 accuracy 89.06%
[2026-05-04 19:18:54,920][src.modRNN.training.training_loop][INFO] - 	 Starting Epoch: 1154
[2026-05-04 19:18:56,248][src.modRNN.training.training_loop][INFO] - train epoch 1154 loss 0.3458 accuracy 85.94%
[2026-05-04 19:18:56,250][src.modRNN.training.training_loop][INFO] - 	 Starting Epoch: 1155
[2026-05-04 19:18:57,575][src.modRNN.training.training_loop][INFO] - train epoch 1155 loss 0.2773 accuracy 90.62%
[2026-05-04 19:18:57,577][src.modRNN.training.training_loop][INFO] - 	 Starting Epoch: 1156
[2026-05-04 19:18:58,905][src.modRNN.training.training_loop][INFO] - train epoch 1156 loss 0.2909 accuracy 85.94%
[2026-05-04 19:18:58,906][src.modRNN.training.training_loop][INFO] - 	 Starting Epoch: 1157
[2026-05-04 19:19:00,234][src.modRNN.training.training_loop][INFO] - train epoch 1157 loss 0.2780 accuracy 90.62%
[2026-05-04 19:19:00,236][src.modRNN.training.training_loop][INFO] - 	 Starting Epoch: 1158
[2026-05-04 19:19:01,562][src.modRNN.training.training_loop][INFO] - train epoch 1158 loss 0.2321 accuracy 93.75%
[2026-05-04 19:19:01,564][src.modRNN.training.training_loop][INFO] - 	 Starting Epoch: 1159
[2026-05-04 19:19:02,891][src.modRNN.training.training_loop][INFO] - train epoch 1159 loss 0.4040 accuracy 84.38%
[2026-05-04 19:19:02,892][src.modRNN.training.training_loop][INFO] - 	 Starting Epoch: 1160
[2026-05-04 19:19:04,226][src.modRNN.training.training_loop][INFO] - train epoch 1160 loss 0.2865 accuracy 89.06%
[2026-05-04 19:19:04,227][src.modRNN.training.training_loop][INFO] - 	 Starting Epoch: 1161
[2026-05-04 19:19:05,565][src.modRNN.training.training_loop][INFO] - train epoch 1161 loss 0.4344 accuracy 82.81%
[2026-05-04 19:19:05,567][src.modRNN.training.training_loop][INFO] - 	 Starting Epoch: 1162
[2026-05-04 19:19:06,907][src.modRNN.training.training_loop][INFO] - train epoch 1162 loss 0.2849 accuracy 92.19%
[2026-05-04 19:19:06,909][src.modRNN.training.training_loop][INFO] - 	 Starting Epoch: 1163
[2026-05-04 19:19:08,243][src.modRNN.training.training_loop][INFO] - train epoch 1163 loss 0.3801 accuracy 87.50%
[2026-05-04 19:19:08,245][src.modRNN.training.training_loop][INFO] - 	 Starting Epoch: 1164
[2026-05-04 19:19:09,579][src.modRNN.training.training_loop][INFO] - train epoch 1164 loss 0.2374 accuracy 89.06%
[2026-05-04 19:19:09,580][src.modRNN.training.training_loop][INFO] - 	 Starting Epoch: 1165
[2026-05-04 19:19:10,912][src.modRNN.training.training_loop][INFO] - train epoch 1165 loss 0.2964 accuracy 90.62%
[2026-05-04 19:19:10,913][src.modRNN.training.training_loop][INFO] - 	 Starting Epoch: 1166
[2026-05-04 19:19:12,246][src.modRNN.training.training_loop][INFO] - train epoch 1166 loss 0.3577 accuracy 87.50%
[2026-05-04 19:19:12,247][src.modRNN.training.training_loop][INFO] - 	 Starting Epoch: 1167
[2026-05-04 19:19:13,581][src.modRNN.training.training_loop][INFO] - train epoch 1167 loss 0.5108 accuracy 78.12%
[2026-05-04 19:19:13,583][src.modRNN.training.training_loop][INFO] - 	 Starting Epoch: 1168
[2026-05-04 19:19:14,917][src.modRNN.training.training_loop][INFO] - train epoch 1168 loss 0.3554 accuracy 82.81%
[2026-05-04 19:19:14,919][src.modRNN.training.training_loop][INFO] - 	 Starting Epoch: 1169
[2026-05-04 19:19:16,254][src.modRNN.training.training_loop][INFO] - train epoch 1169 loss 0.4501 accuracy 82.81%
[2026-05-04 19:19:16,256][src.modRNN.training.training_loop][INFO] - 	 Starting Epoch: 1170
[2026-05-04 19:19:17,587][src.modRNN.training.training_loop][INFO] - train epoch 1170 loss 0.2540 accuracy 90.62%
[2026-05-04 19:19:17,589][src.modRNN.training.training_loop][INFO] - 	 Starting Epoch: 1171
[2026-05-04 19:19:18,922][src.modRNN.training.training_loop][INFO] - train epoch 1171 loss 0.2631 accuracy 90.62%
[2026-05-04 19:19:18,923][src.modRNN.training.training_loop][INFO] - 	 Starting Epoch: 1172
[2026-05-04 19:19:20,256][src.modRNN.training.training_loop][INFO] - train epoch 1172 loss 0.3257 accuracy 87.50%
[2026-05-04 19:19:20,258][src.modRNN.training.training_loop][INFO] - 	 Starting Epoch: 1173
[2026-05-04 19:19:21,592][src.modRNN.training.training_loop][INFO] - train epoch 1173 loss 0.2223 accuracy 93.75%
[2026-05-04 19:19:21,593][src.modRNN.training.training_loop][INFO] - 	 Starting Epoch: 1174
[2026-05-04 19:19:22,929][src.modRNN.training.training_loop][INFO] - train epoch 1174 loss 0.3626 accuracy 85.94%
[2026-05-04 19:19:22,930][src.modRNN.training.training_loop][INFO] - 	 Starting Epoch: 1175
[2026-05-04 19:19:24,285][src.modRNN.training.training_loop][INFO] - train epoch 1175 loss 0.2853 accuracy 89.06%
[2026-05-04 19:19:24,289][src.modRNN.training.training_loop][INFO] - 	 Starting Epoch: 1176
[2026-05-04 19:19:25,664][src.modRNN.training.training_loop][INFO] - train epoch 1176 loss 0.2263 accuracy 95.31%
[2026-05-04 19:19:27,819][src.modRNN.training.training_loop][INFO] - eval  epoch 1176 loss 0.3247 accuracy 88.87%
[2026-05-04 19:19:27,820][src.modRNN.training.training_loop][INFO] - 	 Starting Epoch: 1177
[2026-05-04 19:19:29,151][src.modRNN.training.training_loop][INFO] - train epoch 1177 loss 0.2477 accuracy 92.19%
[2026-05-04 19:19:29,153][src.modRNN.training.training_loop][INFO] - 	 Starting Epoch: 1178
[2026-05-04 19:19:30,488][src.modRNN.training.training_loop][INFO] - train epoch 1178 loss 0.3626 accuracy 84.38%
[2026-05-04 19:19:30,489][src.modRNN.training.training_loop][INFO] - 	 Starting Epoch: 1179
[2026-05-04 19:19:31,819][src.modRNN.training.training_loop][INFO] - train epoch 1179 loss 0.3309 accuracy 87.50%
[2026-05-04 19:19:31,820][src.modRNN.training.training_loop][INFO] - 	 Starting Epoch: 1180
[2026-05-04 19:19:33,150][src.modRNN.training.training_loop][INFO] - train epoch 1180 loss 0.4203 accuracy 81.25%
[2026-05-04 19:19:33,151][src.modRNN.training.training_loop][INFO] - 	 Starting Epoch: 1181
[2026-05-04 19:19:34,479][src.modRNN.training.training_loop][INFO] - train epoch 1181 loss 0.3664 accuracy 87.50%
[2026-05-04 19:19:34,480][src.modRNN.training.training_loop][INFO] - 	 Starting Epoch: 1182
[2026-05-04 19:19:35,807][src.modRNN.training.training_loop][INFO] - train epoch 1182 loss 0.3202 accuracy 89.06%
[2026-05-04 19:19:35,808][src.modRNN.training.training_loop][INFO] - 	 Starting Epoch: 1183
[2026-05-04 19:19:37,133][src.modRNN.training.training_loop][INFO] - train epoch 1183 loss 0.2849 accuracy 90.62%
[2026-05-04 19:19:37,134][src.modRNN.training.training_loop][INFO] - 	 Starting Epoch: 1184
[2026-05-04 19:19:38,456][src.modRNN.training.training_loop][INFO] - train epoch 1184 loss 0.3785 accuracy 82.81%
[2026-05-04 19:19:38,458][src.modRNN.training.training_loop][INFO] - 	 Starting Epoch: 1185
[2026-05-04 19:19:39,782][src.modRNN.training.training_loop][INFO] - train epoch 1185 loss 0.3253 accuracy 84.38%
[2026-05-04 19:19:39,783][src.modRNN.training.training_loop][INFO] - 	 Starting Epoch: 1186
[2026-05-04 19:19:41,109][src.modRNN.training.training_loop][INFO] - train epoch 1186 loss 0.4306 accuracy 79.69%
[2026-05-04 19:19:41,110][src.modRNN.training.training_loop][INFO] - 	 Starting Epoch: 1187
[2026-05-04 19:19:42,438][src.modRNN.training.training_loop][INFO] - train epoch 1187 loss 0.3507 accuracy 89.06%
[2026-05-04 19:19:42,440][src.modRNN.training.training_loop][INFO] - 	 Starting Epoch: 1188
[2026-05-04 19:19:43,767][src.modRNN.training.training_loop][INFO] - train epoch 1188 loss 0.3165 accuracy 89.06%
[2026-05-04 19:19:43,769][src.modRNN.training.training_loop][INFO] - 	 Starting Epoch: 1189
[2026-05-04 19:19:45,091][src.modRNN.training.training_loop][INFO] - train epoch 1189 loss 0.2794 accuracy 89.06%
[2026-05-04 19:19:45,093][src.modRNN.training.training_loop][INFO] - 	 Starting Epoch: 1190
[2026-05-04 19:19:46,418][src.modRNN.training.training_loop][INFO] - train epoch 1190 loss 0.2558 accuracy 90.62%
[2026-05-04 19:19:46,420][src.modRNN.training.training_loop][INFO] - 	 Starting Epoch: 1191
[2026-05-04 19:19:47,745][src.modRNN.training.training_loop][INFO] - train epoch 1191 loss 0.4172 accuracy 82.81%
[2026-05-04 19:19:47,746][src.modRNN.training.training_loop][INFO] - 	 Starting Epoch: 1192
[2026-05-04 19:19:49,071][src.modRNN.training.training_loop][INFO] - train epoch 1192 loss 0.2318 accuracy 93.75%
[2026-05-04 19:19:49,073][src.modRNN.training.training_loop][INFO] - 	 Starting Epoch: 1193
[2026-05-04 19:19:50,397][src.modRNN.training.training_loop][INFO] - train epoch 1193 loss 0.3518 accuracy 78.12%
[2026-05-04 19:19:50,398][src.modRNN.training.training_loop][INFO] - 	 Starting Epoch: 1194
[2026-05-04 19:19:51,725][src.modRNN.training.training_loop][INFO] - train epoch 1194 loss 0.3826 accuracy 84.38%
[2026-05-04 19:19:51,726][src.modRNN.training.training_loop][INFO] - 	 Starting Epoch: 1195
[2026-05-04 19:19:53,052][src.modRNN.training.training_loop][INFO] - train epoch 1195 loss 0.2817 accuracy 92.19%
[2026-05-04 19:19:53,054][src.modRNN.training.training_loop][INFO] - 	 Starting Epoch: 1196
[2026-05-04 19:19:54,379][src.modRNN.training.training_loop][INFO] - train epoch 1196 loss 0.3403 accuracy 81.25%
[2026-05-04 19:19:54,381][src.modRNN.training.training_loop][INFO] - 	 Starting Epoch: 1197
[2026-05-04 19:19:55,707][src.modRNN.training.training_loop][INFO] - train epoch 1197 loss 0.3155 accuracy 87.50%
[2026-05-04 19:19:55,709][src.modRNN.training.training_loop][INFO] - 	 Starting Epoch: 1198
[2026-05-04 19:19:57,034][src.modRNN.training.training_loop][INFO] - train epoch 1198 loss 0.5911 accuracy 71.88%
[2026-05-04 19:19:57,036][src.modRNN.training.training_loop][INFO] - 	 Starting Epoch: 1199
[2026-05-04 19:19:58,363][src.modRNN.training.training_loop][INFO] - train epoch 1199 loss 0.3948 accuracy 81.25%
[2026-05-04 19:19:58,364][src.modRNN.training.training_loop][INFO] - 	 Starting Epoch: 1200
[2026-05-04 19:19:59,698][src.modRNN.training.training_loop][INFO] - train epoch 1200 loss 0.2527 accuracy 92.19%
[2026-05-04 19:19:59,700][src.modRNN.training.training_loop][INFO] - 	 Starting Epoch: 1201
[2026-05-04 19:20:01,028][src.modRNN.training.training_loop][INFO] - train epoch 1201 loss 0.2387 accuracy 95.31%
[2026-05-04 19:20:03,179][src.modRNN.training.training_loop][INFO] - eval  epoch 1201 loss 0.3293 accuracy 88.87%
[2026-05-04 19:20:03,181][src.modRNN.training.training_loop][INFO] - 	 Starting Epoch: 1202
[2026-05-04 19:20:04,515][src.modRNN.training.training_loop][INFO] - train epoch 1202 loss 0.3703 accuracy 85.94%
[2026-05-04 19:20:04,516][src.modRNN.training.training_loop][INFO] - 	 Starting Epoch: 1203
[2026-05-04 19:20:05,850][src.modRNN.training.training_loop][INFO] - train epoch 1203 loss 0.3570 accuracy 85.94%
[2026-05-04 19:20:05,852][src.modRNN.training.training_loop][INFO] - 	 Starting Epoch: 1204
[2026-05-04 19:20:07,187][src.modRNN.training.training_loop][INFO] - train epoch 1204 loss 0.2740 accuracy 92.19%
[2026-05-04 19:20:07,189][src.modRNN.training.training_loop][INFO] - 	 Starting Epoch: 1205
[2026-05-04 19:20:08,524][src.modRNN.training.training_loop][INFO] - train epoch 1205 loss 0.2346 accuracy 95.31%
[2026-05-04 19:20:08,525][src.modRNN.training.training_loop][INFO] - 	 Starting Epoch: 1206
[2026-05-04 19:20:09,862][src.modRNN.training.training_loop][INFO] - train epoch 1206 loss 0.2212 accuracy 95.31%
[2026-05-04 19:20:09,863][src.modRNN.training.training_loop][INFO] - 	 Starting Epoch: 1207
[2026-05-04 19:20:11,199][src.modRNN.training.training_loop][INFO] - train epoch 1207 loss 0.4269 accuracy 81.25%
[2026-05-04 19:20:11,200][src.modRNN.training.training_loop][INFO] - 	 Starting Epoch: 1208
[2026-05-04 19:20:12,535][src.modRNN.training.training_loop][INFO] - train epoch 1208 loss 0.2188 accuracy 93.75%
[2026-05-04 19:20:12,537][src.modRNN.training.training_loop][INFO] - 	 Starting Epoch: 1209
[2026-05-04 19:20:13,869][src.modRNN.training.training_loop][INFO] - train epoch 1209 loss 0.2920 accuracy 92.19%
[2026-05-04 19:20:13,870][src.modRNN.training.training_loop][INFO] - 	 Starting Epoch: 1210
[2026-05-04 19:20:15,203][src.modRNN.training.training_loop][INFO] - train epoch 1210 loss 0.4010 accuracy 81.25%
[2026-05-04 19:20:15,205][src.modRNN.training.training_loop][INFO] - 	 Starting Epoch: 1211
[2026-05-04 19:20:16,541][src.modRNN.training.training_loop][INFO] - train epoch 1211 loss 0.3894 accuracy 78.12%
[2026-05-04 19:20:16,542][src.modRNN.training.training_loop][INFO] - 	 Starting Epoch: 1212
[2026-05-04 19:20:17,881][src.modRNN.training.training_loop][INFO] - train epoch 1212 loss 0.2307 accuracy 90.62%
[2026-05-04 19:20:17,882][src.modRNN.training.training_loop][INFO] - 	 Starting Epoch: 1213
[2026-05-04 19:20:19,220][src.modRNN.training.training_loop][INFO] - train epoch 1213 loss 0.2636 accuracy 93.75%
[2026-05-04 19:20:19,221][src.modRNN.training.training_loop][INFO] - 	 Starting Epoch: 1214
[2026-05-04 19:20:20,555][src.modRNN.training.training_loop][INFO] - train epoch 1214 loss 0.4371 accuracy 81.25%
[2026-05-04 19:20:20,556][src.modRNN.training.training_loop][INFO] - 	 Starting Epoch: 1215
[2026-05-04 19:20:21,889][src.modRNN.training.training_loop][INFO] - train epoch 1215 loss 0.3472 accuracy 85.94%
[2026-05-04 19:20:21,890][src.modRNN.training.training_loop][INFO] - 	 Starting Epoch: 1216
[2026-05-04 19:20:23,225][src.modRNN.training.training_loop][INFO] - train epoch 1216 loss 0.3556 accuracy 85.94%
[2026-05-04 19:20:23,226][src.modRNN.training.training_loop][INFO] - 	 Starting Epoch: 1217
[2026-05-04 19:20:24,595][src.modRNN.training.training_loop][INFO] - train epoch 1217 loss 0.4115 accuracy 85.94%
[2026-05-04 19:20:24,596][src.modRNN.training.training_loop][INFO] - 	 Starting Epoch: 1218
[2026-05-04 19:20:25,944][src.modRNN.training.training_loop][INFO] - train epoch 1218 loss 0.3706 accuracy 82.81%
[2026-05-04 19:20:25,945][src.modRNN.training.training_loop][INFO] - 	 Starting Epoch: 1219
[2026-05-04 19:20:27,282][src.modRNN.training.training_loop][INFO] - train epoch 1219 loss 0.2233 accuracy 92.19%
[2026-05-04 19:20:27,284][src.modRNN.training.training_loop][INFO] - 	 Starting Epoch: 1220
[2026-05-04 19:20:28,617][src.modRNN.training.training_loop][INFO] - train epoch 1220 loss 0.2367 accuracy 96.88%
[2026-05-04 19:20:28,618][src.modRNN.training.training_loop][INFO] - 	 Starting Epoch: 1221
[2026-05-04 19:20:29,954][src.modRNN.training.training_loop][INFO] - train epoch 1221 loss 0.2485 accuracy 95.31%
[2026-05-04 19:20:29,955][src.modRNN.training.training_loop][INFO] - 	 Starting Epoch: 1222
[2026-05-04 19:20:31,291][src.modRNN.training.training_loop][INFO] - train epoch 1222 loss 0.3720 accuracy 85.94%
[2026-05-04 19:20:31,292][src.modRNN.training.training_loop][INFO] - 	 Starting Epoch: 1223
[2026-05-04 19:20:32,622][src.modRNN.training.training_loop][INFO] - train epoch 1223 loss 0.4100 accuracy 79.69%
[2026-05-04 19:20:32,623][src.modRNN.training.training_loop][INFO] - 	 Starting Epoch: 1224
[2026-05-04 19:20:33,952][src.modRNN.training.training_loop][INFO] - train epoch 1224 loss 0.3285 accuracy 89.06%
[2026-05-04 19:20:33,953][src.modRNN.training.training_loop][INFO] - 	 Starting Epoch: 1225
[2026-05-04 19:20:35,281][src.modRNN.training.training_loop][INFO] - train epoch 1225 loss 0.3350 accuracy 87.50%
[2026-05-04 19:20:35,282][src.modRNN.training.training_loop][INFO] - 	 Starting Epoch: 1226
[2026-05-04 19:20:36,616][src.modRNN.training.training_loop][INFO] - train epoch 1226 loss 0.3484 accuracy 87.50%
[2026-05-04 19:20:38,769][src.modRNN.training.training_loop][INFO] - eval  epoch 1226 loss 0.3218 accuracy 90.04%
[2026-05-04 19:20:38,771][src.modRNN.training.training_loop][INFO] - 	 Starting Epoch: 1227
[2026-05-04 19:20:40,097][src.modRNN.training.training_loop][INFO] - train epoch 1227 loss 0.3468 accuracy 82.81%
[2026-05-04 19:20:40,098][src.modRNN.training.training_loop][INFO] - 	 Starting Epoch: 1228
[2026-05-04 19:20:41,425][src.modRNN.training.training_loop][INFO] - train epoch 1228 loss 0.3311 accuracy 87.50%
[2026-05-04 19:20:41,426][src.modRNN.training.training_loop][INFO] - 	 Starting Epoch: 1229
[2026-05-04 19:20:42,754][src.modRNN.training.training_loop][INFO] - train epoch 1229 loss 0.3173 accuracy 87.50%
[2026-05-04 19:20:42,755][src.modRNN.training.training_loop][INFO] - 	 Starting Epoch: 1230
[2026-05-04 19:20:44,080][src.modRNN.training.training_loop][INFO] - train epoch 1230 loss 0.3533 accuracy 87.50%
[2026-05-04 19:20:44,082][src.modRNN.training.training_loop][INFO] - 	 Starting Epoch: 1231
[2026-05-04 19:20:45,411][src.modRNN.training.training_loop][INFO] - train epoch 1231 loss 0.2058 accuracy 95.31%
[2026-05-04 19:20:45,412][src.modRNN.training.training_loop][INFO] - 	 Starting Epoch: 1232
[2026-05-04 19:20:46,739][src.modRNN.training.training_loop][INFO] - train epoch 1232 loss 0.3419 accuracy 82.81%
[2026-05-04 19:20:46,740][src.modRNN.training.training_loop][INFO] - 	 Starting Epoch: 1233
[2026-05-04 19:20:48,063][src.modRNN.training.training_loop][INFO] - train epoch 1233 loss 0.3155 accuracy 92.19%
[2026-05-04 19:20:48,065][src.modRNN.training.training_loop][INFO] - 	 Starting Epoch: 1234
[2026-05-04 19:20:49,391][src.modRNN.training.training_loop][INFO] - train epoch 1234 loss 0.2810 accuracy 89.06%
[2026-05-04 19:20:49,393][src.modRNN.training.training_loop][INFO] - 	 Starting Epoch: 1235
[2026-05-04 19:20:50,718][src.modRNN.training.training_loop][INFO] - train epoch 1235 loss 0.2635 accuracy 92.19%
[2026-05-04 19:20:50,719][src.modRNN.training.training_loop][INFO] - 	 Starting Epoch: 1236
[2026-05-04 19:20:52,047][src.modRNN.training.training_loop][INFO] - train epoch 1236 loss 0.2765 accuracy 93.75%
[2026-05-04 19:20:52,048][src.modRNN.training.training_loop][INFO] - 	 Starting Epoch: 1237
[2026-05-04 19:20:53,379][src.modRNN.training.training_loop][INFO] - train epoch 1237 loss 0.2731 accuracy 90.62%
[2026-05-04 19:20:53,381][src.modRNN.training.training_loop][INFO] - 	 Starting Epoch: 1238
[2026-05-04 19:20:54,709][src.modRNN.training.training_loop][INFO] - train epoch 1238 loss 0.3280 accuracy 87.50%
[2026-05-04 19:20:54,710][src.modRNN.training.training_loop][INFO] - 	 Starting Epoch: 1239
[2026-05-04 19:20:56,036][src.modRNN.training.training_loop][INFO] - train epoch 1239 loss 0.3411 accuracy 84.38%
[2026-05-04 19:20:56,038][src.modRNN.training.training_loop][INFO] - 	 Starting Epoch: 1240
[2026-05-04 19:20:57,367][src.modRNN.training.training_loop][INFO] - train epoch 1240 loss 0.3513 accuracy 87.50%
[2026-05-04 19:20:57,368][src.modRNN.training.training_loop][INFO] - 	 Starting Epoch: 1241
[2026-05-04 19:20:58,695][src.modRNN.training.training_loop][INFO] - train epoch 1241 loss 0.2577 accuracy 93.75%
[2026-05-04 19:20:58,696][src.modRNN.training.training_loop][INFO] - 	 Starting Epoch: 1242
[2026-05-04 19:21:00,022][src.modRNN.training.training_loop][INFO] - train epoch 1242 loss 0.3398 accuracy 89.06%
[2026-05-04 19:21:00,023][src.modRNN.training.training_loop][INFO] - 	 Starting Epoch: 1243
[2026-05-04 19:21:01,351][src.modRNN.training.training_loop][INFO] - train epoch 1243 loss 0.3586 accuracy 84.38%
[2026-05-04 19:21:01,353][src.modRNN.training.training_loop][INFO] - 	 Starting Epoch: 1244
[2026-05-04 19:21:02,688][src.modRNN.training.training_loop][INFO] - train epoch 1244 loss 0.3123 accuracy 90.62%
[2026-05-04 19:21:02,690][src.modRNN.training.training_loop][INFO] - 	 Starting Epoch: 1245
[2026-05-04 19:21:04,023][src.modRNN.training.training_loop][INFO] - train epoch 1245 loss 0.2621 accuracy 92.19%
[2026-05-04 19:21:04,025][src.modRNN.training.training_loop][INFO] - 	 Starting Epoch: 1246
[2026-05-04 19:21:05,357][src.modRNN.training.training_loop][INFO] - train epoch 1246 loss 0.4216 accuracy 87.50%
[2026-05-04 19:21:05,358][src.modRNN.training.training_loop][INFO] - 	 Starting Epoch: 1247
[2026-05-04 19:21:06,693][src.modRNN.training.training_loop][INFO] - train epoch 1247 loss 0.3022 accuracy 85.94%
[2026-05-04 19:21:06,694][src.modRNN.training.training_loop][INFO] - 	 Starting Epoch: 1248
[2026-05-04 19:21:08,029][src.modRNN.training.training_loop][INFO] - train epoch 1248 loss 0.3609 accuracy 85.94%
[2026-05-04 19:21:08,031][src.modRNN.training.training_loop][INFO] - 	 Starting Epoch: 1249
[2026-05-04 19:21:09,374][src.modRNN.training.training_loop][INFO] - train epoch 1249 loss 0.3119 accuracy 87.50%
[2026-05-04 19:21:09,376][src.modRNN.training.training_loop][INFO] - 	 Starting Epoch: 1250
[2026-05-04 19:21:10,710][src.modRNN.training.training_loop][INFO] - train epoch 1250 loss 0.3439 accuracy 87.50%
[2026-05-04 19:21:10,712][src.modRNN.training.training_loop][INFO] - 	 Starting Epoch: 1251
[2026-05-04 19:21:12,046][src.modRNN.training.training_loop][INFO] - train epoch 1251 loss 0.3072 accuracy 85.94%
[2026-05-04 19:21:14,194][src.modRNN.training.training_loop][INFO] - eval  epoch 1251 loss 0.3168 accuracy 88.87%
[2026-05-04 19:21:14,195][src.modRNN.training.training_loop][INFO] - 	 Starting Epoch: 1252
[2026-05-04 19:21:15,530][src.modRNN.training.training_loop][INFO] - train epoch 1252 loss 0.4099 accuracy 84.38%
[2026-05-04 19:21:15,531][src.modRNN.training.training_loop][INFO] - 	 Starting Epoch: 1253
[2026-05-04 19:21:16,867][src.modRNN.training.training_loop][INFO] - train epoch 1253 loss 0.4093 accuracy 82.81%
[2026-05-04 19:21:16,868][src.modRNN.training.training_loop][INFO] - 	 Starting Epoch: 1254
[2026-05-04 19:21:18,202][src.modRNN.training.training_loop][INFO] - train epoch 1254 loss 0.2892 accuracy 90.62%
[2026-05-04 19:21:18,203][src.modRNN.training.training_loop][INFO] - 	 Starting Epoch: 1255
[2026-05-04 19:21:19,540][src.modRNN.training.training_loop][INFO] - train epoch 1255 loss 0.3249 accuracy 89.06%
[2026-05-04 19:21:19,541][src.modRNN.training.training_loop][INFO] - 	 Starting Epoch: 1256
[2026-05-04 19:21:20,877][src.modRNN.training.training_loop][INFO] - train epoch 1256 loss 0.1833 accuracy 95.31%
[2026-05-04 19:21:20,878][src.modRNN.training.training_loop][INFO] - 	 Starting Epoch: 1257
[2026-05-04 19:21:22,212][src.modRNN.training.training_loop][INFO] - train epoch 1257 loss 0.2847 accuracy 92.19%
[2026-05-04 19:21:22,214][src.modRNN.training.training_loop][INFO] - 	 Starting Epoch: 1258
[2026-05-04 19:21:23,545][src.modRNN.training.training_loop][INFO] - train epoch 1258 loss 0.2883 accuracy 93.75%
[2026-05-04 19:21:23,547][src.modRNN.training.training_loop][INFO] - 	 Starting Epoch: 1259
[2026-05-04 19:21:24,926][src.modRNN.training.training_loop][INFO] - train epoch 1259 loss 0.3100 accuracy 89.06%
[2026-05-04 19:21:24,928][src.modRNN.training.training_loop][INFO] - 	 Starting Epoch: 1260
[2026-05-04 19:21:26,261][src.modRNN.training.training_loop][INFO] - train epoch 1260 loss 0.3322 accuracy 85.94%
[2026-05-04 19:21:26,263][src.modRNN.training.training_loop][INFO] - 	 Starting Epoch: 1261
[2026-05-04 19:21:27,597][src.modRNN.training.training_loop][INFO] - train epoch 1261 loss 0.3594 accuracy 90.62%
[2026-05-04 19:21:27,598][src.modRNN.training.training_loop][INFO] - 	 Starting Epoch: 1262
[2026-05-04 19:21:28,934][src.modRNN.training.training_loop][INFO] - train epoch 1262 loss 0.3798 accuracy 79.69%
[2026-05-04 19:21:28,936][src.modRNN.training.training_loop][INFO] - 	 Starting Epoch: 1263
[2026-05-04 19:21:30,271][src.modRNN.training.training_loop][INFO] - train epoch 1263 loss 0.2921 accuracy 90.62%
[2026-05-04 19:21:30,274][src.modRNN.training.training_loop][INFO] - 	 Starting Epoch: 1264
[2026-05-04 19:21:31,604][src.modRNN.training.training_loop][INFO] - train epoch 1264 loss 0.4942 accuracy 81.25%
[2026-05-04 19:21:31,606][src.modRNN.training.training_loop][INFO] - 	 Starting Epoch: 1265
[2026-05-04 19:21:32,932][src.modRNN.training.training_loop][INFO] - train epoch 1265 loss 0.1843 accuracy 98.44%
[2026-05-04 19:21:32,934][src.modRNN.training.training_loop][INFO] - 	 Starting Epoch: 1266
[2026-05-04 19:21:34,260][src.modRNN.training.training_loop][INFO] - train epoch 1266 loss 0.3408 accuracy 87.50%
[2026-05-04 19:21:34,261][src.modRNN.training.training_loop][INFO] - 	 Starting Epoch: 1267
[2026-05-04 19:21:35,587][src.modRNN.training.training_loop][INFO] - train epoch 1267 loss 0.3618 accuracy 89.06%
[2026-05-04 19:21:35,588][src.modRNN.training.training_loop][INFO] - 	 Starting Epoch: 1268
[2026-05-04 19:21:36,914][src.modRNN.training.training_loop][INFO] - train epoch 1268 loss 0.4205 accuracy 84.38%
[2026-05-04 19:21:36,915][src.modRNN.training.training_loop][INFO] - 	 Starting Epoch: 1269
[2026-05-04 19:21:38,242][src.modRNN.training.training_loop][INFO] - train epoch 1269 loss 0.3922 accuracy 82.81%
[2026-05-04 19:21:38,243][src.modRNN.training.training_loop][INFO] - 	 Starting Epoch: 1270
[2026-05-04 19:21:39,568][src.modRNN.training.training_loop][INFO] - train epoch 1270 loss 0.4260 accuracy 89.06%
[2026-05-04 19:21:39,570][src.modRNN.training.training_loop][INFO] - 	 Starting Epoch: 1271
[2026-05-04 19:21:40,894][src.modRNN.training.training_loop][INFO] - train epoch 1271 loss 0.3722 accuracy 84.38%
[2026-05-04 19:21:40,895][src.modRNN.training.training_loop][INFO] - 	 Starting Epoch: 1272
[2026-05-04 19:21:42,220][src.modRNN.training.training_loop][INFO] - train epoch 1272 loss 0.2772 accuracy 85.94%
[2026-05-04 19:21:42,222][src.modRNN.training.training_loop][INFO] - 	 Starting Epoch: 1273
[2026-05-04 19:21:43,547][src.modRNN.training.training_loop][INFO] - train epoch 1273 loss 0.4328 accuracy 82.81%
[2026-05-04 19:21:43,548][src.modRNN.training.training_loop][INFO] - 	 Starting Epoch: 1274
[2026-05-04 19:21:44,874][src.modRNN.training.training_loop][INFO] - train epoch 1274 loss 0.3768 accuracy 85.94%
[2026-05-04 19:21:44,876][src.modRNN.training.training_loop][INFO] - 	 Starting Epoch: 1275
[2026-05-04 19:21:46,203][src.modRNN.training.training_loop][INFO] - train epoch 1275 loss 0.2491 accuracy 93.75%
[2026-05-04 19:21:46,205][src.modRNN.training.training_loop][INFO] - 	 Starting Epoch: 1276
[2026-05-04 19:21:47,528][src.modRNN.training.training_loop][INFO] - train epoch 1276 loss 0.3113 accuracy 90.62%
[2026-05-04 19:21:49,678][src.modRNN.training.training_loop][INFO] - eval  epoch 1276 loss 0.3168 accuracy 89.84%
[2026-05-04 19:21:49,680][src.modRNN.training.training_loop][INFO] - 	 Starting Epoch: 1277
[2026-05-04 19:21:51,005][src.modRNN.training.training_loop][INFO] - train epoch 1277 loss 0.3117 accuracy 87.50%
[2026-05-04 19:21:51,006][src.modRNN.training.training_loop][INFO] - 	 Starting Epoch: 1278
[2026-05-04 19:21:52,333][src.modRNN.training.training_loop][INFO] - train epoch 1278 loss 0.2643 accuracy 90.62%
[2026-05-04 19:21:52,334][src.modRNN.training.training_loop][INFO] - 	 Starting Epoch: 1279
[2026-05-04 19:21:53,660][src.modRNN.training.training_loop][INFO] - train epoch 1279 loss 0.2935 accuracy 84.38%
[2026-05-04 19:21:53,662][src.modRNN.training.training_loop][INFO] - 	 Starting Epoch: 1280
[2026-05-04 19:21:54,988][src.modRNN.training.training_loop][INFO] - train epoch 1280 loss 0.3428 accuracy 84.38%
[2026-05-04 19:21:54,989][src.modRNN.training.training_loop][INFO] - 	 Starting Epoch: 1281
[2026-05-04 19:21:56,317][src.modRNN.training.training_loop][INFO] - train epoch 1281 loss 0.3204 accuracy 85.94%
[2026-05-04 19:21:56,318][src.modRNN.training.training_loop][INFO] - 	 Starting Epoch: 1282
[2026-05-04 19:21:57,646][src.modRNN.training.training_loop][INFO] - train epoch 1282 loss 0.2669 accuracy 87.50%
[2026-05-04 19:21:57,647][src.modRNN.training.training_loop][INFO] - 	 Starting Epoch: 1283
[2026-05-04 19:21:58,974][src.modRNN.training.training_loop][INFO] - train epoch 1283 loss 0.2676 accuracy 93.75%
[2026-05-04 19:21:58,975][src.modRNN.training.training_loop][INFO] - 	 Starting Epoch: 1284
[2026-05-04 19:22:00,299][src.modRNN.training.training_loop][INFO] - train epoch 1284 loss 0.4032 accuracy 82.81%
[2026-05-04 19:22:00,300][src.modRNN.training.training_loop][INFO] - 	 Starting Epoch: 1285
[2026-05-04 19:22:01,627][src.modRNN.training.training_loop][INFO] - train epoch 1285 loss 0.2987 accuracy 87.50%
[2026-05-04 19:22:01,629][src.modRNN.training.training_loop][INFO] - 	 Starting Epoch: 1286
[2026-05-04 19:22:02,967][src.modRNN.training.training_loop][INFO] - train epoch 1286 loss 0.2065 accuracy 95.31%
[2026-05-04 19:22:02,968][src.modRNN.training.training_loop][INFO] - 	 Starting Epoch: 1287
[2026-05-04 19:22:04,315][src.modRNN.training.training_loop][INFO] - train epoch 1287 loss 0.3603 accuracy 89.06%
[2026-05-04 19:22:04,316][src.modRNN.training.training_loop][INFO] - 	 Starting Epoch: 1288
[2026-05-04 19:22:05,653][src.modRNN.training.training_loop][INFO] - train epoch 1288 loss 0.2449 accuracy 92.19%
[2026-05-04 19:22:05,654][src.modRNN.training.training_loop][INFO] - 	 Starting Epoch: 1289
[2026-05-04 19:22:06,988][src.modRNN.training.training_loop][INFO] - train epoch 1289 loss 0.3393 accuracy 90.62%
[2026-05-04 19:22:06,990][src.modRNN.training.training_loop][INFO] - 	 Starting Epoch: 1290
[2026-05-04 19:22:08,324][src.modRNN.training.training_loop][INFO] - train epoch 1290 loss 0.4361 accuracy 82.81%
[2026-05-04 19:22:08,325][src.modRNN.training.training_loop][INFO] - 	 Starting Epoch: 1291
[2026-05-04 19:22:09,660][src.modRNN.training.training_loop][INFO] - train epoch 1291 loss 0.2930 accuracy 92.19%
[2026-05-04 19:22:09,661][src.modRNN.training.training_loop][INFO] - 	 Starting Epoch: 1292
[2026-05-04 19:22:10,996][src.modRNN.training.training_loop][INFO] - train epoch 1292 loss 0.2854 accuracy 92.19%
[2026-05-04 19:22:10,998][src.modRNN.training.training_loop][INFO] - 	 Starting Epoch: 1293
[2026-05-04 19:22:12,335][src.modRNN.training.training_loop][INFO] - train epoch 1293 loss 0.2213 accuracy 93.75%
[2026-05-04 19:22:12,336][src.modRNN.training.training_loop][INFO] - 	 Starting Epoch: 1294
[2026-05-04 19:22:13,670][src.modRNN.training.training_loop][INFO] - train epoch 1294 loss 0.4536 accuracy 81.25%
[2026-05-04 19:22:13,672][src.modRNN.training.training_loop][INFO] - 	 Starting Epoch: 1295
[2026-05-04 19:22:15,005][src.modRNN.training.training_loop][INFO] - train epoch 1295 loss 0.2552 accuracy 93.75%
[2026-05-04 19:22:15,006][src.modRNN.training.training_loop][INFO] - 	 Starting Epoch: 1296
[2026-05-04 19:22:16,342][src.modRNN.training.training_loop][INFO] - train epoch 1296 loss 0.3342 accuracy 87.50%
[2026-05-04 19:22:16,343][src.modRNN.training.training_loop][INFO] - 	 Starting Epoch: 1297
[2026-05-04 19:22:17,679][src.modRNN.training.training_loop][INFO] - train epoch 1297 loss 0.3253 accuracy 89.06%
[2026-05-04 19:22:17,680][src.modRNN.training.training_loop][INFO] - 	 Starting Epoch: 1298
[2026-05-04 19:22:19,015][src.modRNN.training.training_loop][INFO] - train epoch 1298 loss 0.3212 accuracy 90.62%
[2026-05-04 19:22:19,016][src.modRNN.training.training_loop][INFO] - 	 Starting Epoch: 1299
[2026-05-04 19:22:20,351][src.modRNN.training.training_loop][INFO] - train epoch 1299 loss 0.3438 accuracy 89.06%
[2026-05-04 19:22:20,353][src.modRNN.training.training_loop][INFO] - 	 Starting Epoch: 1300
[2026-05-04 19:22:21,689][src.modRNN.training.training_loop][INFO] - train epoch 1300 loss 0.2499 accuracy 92.19%
[2026-05-04 19:22:21,691][src.modRNN.training.training_loop][INFO] - 	 Starting Epoch: 1301
[2026-05-04 19:22:23,025][src.modRNN.training.training_loop][INFO] - train epoch 1301 loss 0.2550 accuracy 93.75%
[2026-05-04 19:22:25,183][src.modRNN.training.training_loop][INFO] - eval  epoch 1301 loss 0.3117 accuracy 89.06%
[2026-05-04 19:22:25,185][src.modRNN.training.training_loop][INFO] - 	 Starting Epoch: 1302
[2026-05-04 19:22:26,523][src.modRNN.training.training_loop][INFO] - train epoch 1302 loss 0.3726 accuracy 84.38%
[2026-05-04 19:22:26,525][src.modRNN.training.training_loop][INFO] - 	 Starting Epoch: 1303
[2026-05-04 19:22:27,859][src.modRNN.training.training_loop][INFO] - train epoch 1303 loss 0.2983 accuracy 85.94%
[2026-05-04 19:22:27,860][src.modRNN.training.training_loop][INFO] - 	 Starting Epoch: 1304
[2026-05-04 19:22:29,196][src.modRNN.training.training_loop][INFO] - train epoch 1304 loss 0.3292 accuracy 90.62%
[2026-05-04 19:22:29,198][src.modRNN.training.training_loop][INFO] - 	 Starting Epoch: 1305
[2026-05-04 19:22:30,534][src.modRNN.training.training_loop][INFO] - train epoch 1305 loss 0.4519 accuracy 78.12%
[2026-05-04 19:22:30,536][src.modRNN.training.training_loop][INFO] - 	 Starting Epoch: 1306
[2026-05-04 19:22:31,870][src.modRNN.training.training_loop][INFO] - train epoch 1306 loss 0.2704 accuracy 90.62%
[2026-05-04 19:22:31,871][src.modRNN.training.training_loop][INFO] - 	 Starting Epoch: 1307
[2026-05-04 19:22:33,200][src.modRNN.training.training_loop][INFO] - train epoch 1307 loss 0.2434 accuracy 95.31%
[2026-05-04 19:22:33,201][src.modRNN.training.training_loop][INFO] - 	 Starting Epoch: 1308
[2026-05-04 19:22:34,529][src.modRNN.training.training_loop][INFO] - train epoch 1308 loss 0.3004 accuracy 87.50%
[2026-05-04 19:22:34,530][src.modRNN.training.training_loop][INFO] - 	 Starting Epoch: 1309
[2026-05-04 19:22:35,855][src.modRNN.training.training_loop][INFO] - train epoch 1309 loss 0.2506 accuracy 90.62%
[2026-05-04 19:22:35,857][src.modRNN.training.training_loop][INFO] - 	 Starting Epoch: 1310
[2026-05-04 19:22:37,183][src.modRNN.training.training_loop][INFO] - train epoch 1310 loss 0.3815 accuracy 81.25%
[2026-05-04 19:22:37,185][src.modRNN.training.training_loop][INFO] - 	 Starting Epoch: 1311
[2026-05-04 19:22:38,511][src.modRNN.training.training_loop][INFO] - train epoch 1311 loss 0.3647 accuracy 85.94%
[2026-05-04 19:22:38,512][src.modRNN.training.training_loop][INFO] - 	 Starting Epoch: 1312
[2026-05-04 19:22:39,847][src.modRNN.training.training_loop][INFO] - train epoch 1312 loss 0.3114 accuracy 85.94%
[2026-05-04 19:22:39,848][src.modRNN.training.training_loop][INFO] - 	 Starting Epoch: 1313
[2026-05-04 19:22:41,175][src.modRNN.training.training_loop][INFO] - train epoch 1313 loss 0.3748 accuracy 82.81%
[2026-05-04 19:22:41,177][src.modRNN.training.training_loop][INFO] - 	 Starting Epoch: 1314
[2026-05-04 19:22:42,502][src.modRNN.training.training_loop][INFO] - train epoch 1314 loss 0.2593 accuracy 90.62%
[2026-05-04 19:22:42,504][src.modRNN.training.training_loop][INFO] - 	 Starting Epoch: 1315
[2026-05-04 19:22:43,830][src.modRNN.training.training_loop][INFO] - train epoch 1315 loss 0.2444 accuracy 93.75%
[2026-05-04 19:22:43,831][src.modRNN.training.training_loop][INFO] - 	 Starting Epoch: 1316
[2026-05-04 19:22:45,158][src.modRNN.training.training_loop][INFO] - train epoch 1316 loss 0.3256 accuracy 89.06%
[2026-05-04 19:22:45,159][src.modRNN.training.training_loop][INFO] - 	 Starting Epoch: 1317
[2026-05-04 19:22:46,485][src.modRNN.training.training_loop][INFO] - train epoch 1317 loss 0.2846 accuracy 90.62%
[2026-05-04 19:22:46,486][src.modRNN.training.training_loop][INFO] - 	 Starting Epoch: 1318
[2026-05-04 19:22:47,813][src.modRNN.training.training_loop][INFO] - train epoch 1318 loss 0.3514 accuracy 85.94%
[2026-05-04 19:22:47,814][src.modRNN.training.training_loop][INFO] - 	 Starting Epoch: 1319
[2026-05-04 19:22:49,141][src.modRNN.training.training_loop][INFO] - train epoch 1319 loss 0.2607 accuracy 92.19%
[2026-05-04 19:22:49,143][src.modRNN.training.training_loop][INFO] - 	 Starting Epoch: 1320
[2026-05-04 19:22:50,469][src.modRNN.training.training_loop][INFO] - train epoch 1320 loss 0.2682 accuracy 90.62%
[2026-05-04 19:22:50,471][src.modRNN.training.training_loop][INFO] - 	 Starting Epoch: 1321
[2026-05-04 19:22:51,797][src.modRNN.training.training_loop][INFO] - train epoch 1321 loss 0.2517 accuracy 90.62%
[2026-05-04 19:22:51,798][src.modRNN.training.training_loop][INFO] - 	 Starting Epoch: 1322
[2026-05-04 19:22:53,125][src.modRNN.training.training_loop][INFO] - train epoch 1322 loss 0.3133 accuracy 87.50%
[2026-05-04 19:22:53,126][src.modRNN.training.training_loop][INFO] - 	 Starting Epoch: 1323
[2026-05-04 19:22:54,452][src.modRNN.training.training_loop][INFO] - train epoch 1323 loss 0.2948 accuracy 92.19%
[2026-05-04 19:22:54,454][src.modRNN.training.training_loop][INFO] - 	 Starting Epoch: 1324
[2026-05-04 19:22:55,781][src.modRNN.training.training_loop][INFO] - train epoch 1324 loss 0.2683 accuracy 89.06%
[2026-05-04 19:22:55,782][src.modRNN.training.training_loop][INFO] - 	 Starting Epoch: 1325
[2026-05-04 19:22:57,110][src.modRNN.training.training_loop][INFO] - train epoch 1325 loss 0.3384 accuracy 84.38%
[2026-05-04 19:22:57,111][src.modRNN.training.training_loop][INFO] - 	 Starting Epoch: 1326
[2026-05-04 19:22:58,438][src.modRNN.training.training_loop][INFO] - train epoch 1326 loss 0.2803 accuracy 90.62%
[2026-05-04 19:23:00,591][src.modRNN.training.training_loop][INFO] - eval  epoch 1326 loss 0.3043 accuracy 89.26%
[2026-05-04 19:23:00,593][src.modRNN.training.training_loop][INFO] - 	 Starting Epoch: 1327
[2026-05-04 19:23:01,918][src.modRNN.training.training_loop][INFO] - train epoch 1327 loss 0.4258 accuracy 81.25%
[2026-05-04 19:23:01,920][src.modRNN.training.training_loop][INFO] - 	 Starting Epoch: 1328
[2026-05-04 19:23:03,253][src.modRNN.training.training_loop][INFO] - train epoch 1328 loss 0.2946 accuracy 90.62%
[2026-05-04 19:23:03,254][src.modRNN.training.training_loop][INFO] - 	 Starting Epoch: 1329
[2026-05-04 19:23:04,588][src.modRNN.training.training_loop][INFO] - train epoch 1329 loss 0.3317 accuracy 89.06%
[2026-05-04 19:23:04,589][src.modRNN.training.training_loop][INFO] - 	 Starting Epoch: 1330
[2026-05-04 19:23:05,924][src.modRNN.training.training_loop][INFO] - train epoch 1330 loss 0.2520 accuracy 92.19%
[2026-05-04 19:23:05,926][src.modRNN.training.training_loop][INFO] - 	 Starting Epoch: 1331
[2026-05-04 19:23:07,261][src.modRNN.training.training_loop][INFO] - train epoch 1331 loss 0.2226 accuracy 92.19%
[2026-05-04 19:23:07,262][src.modRNN.training.training_loop][INFO] - 	 Starting Epoch: 1332
[2026-05-04 19:23:08,598][src.modRNN.training.training_loop][INFO] - train epoch 1332 loss 0.3755 accuracy 84.38%
[2026-05-04 19:23:08,600][src.modRNN.training.training_loop][INFO] - 	 Starting Epoch: 1333
[2026-05-04 19:23:09,933][src.modRNN.training.training_loop][INFO] - train epoch 1333 loss 0.3048 accuracy 90.62%
[2026-05-04 19:23:09,934][src.modRNN.training.training_loop][INFO] - 	 Starting Epoch: 1334
[2026-05-04 19:23:11,267][src.modRNN.training.training_loop][INFO] - train epoch 1334 loss 0.3407 accuracy 85.94%
[2026-05-04 19:23:11,268][src.modRNN.training.training_loop][INFO] - 	 Starting Epoch: 1335
[2026-05-04 19:23:12,601][src.modRNN.training.training_loop][INFO] - train epoch 1335 loss 0.2403 accuracy 93.75%
[2026-05-04 19:23:12,603][src.modRNN.training.training_loop][INFO] - 	 Starting Epoch: 1336
[2026-05-04 19:23:13,938][src.modRNN.training.training_loop][INFO] - train epoch 1336 loss 0.2907 accuracy 87.50%
[2026-05-04 19:23:13,939][src.modRNN.training.training_loop][INFO] - 	 Starting Epoch: 1337
[2026-05-04 19:23:15,274][src.modRNN.training.training_loop][INFO] - train epoch 1337 loss 0.2133 accuracy 93.75%
[2026-05-04 19:23:15,275][src.modRNN.training.training_loop][INFO] - 	 Starting Epoch: 1338
[2026-05-04 19:23:16,612][src.modRNN.training.training_loop][INFO] - train epoch 1338 loss 0.2585 accuracy 92.19%
[2026-05-04 19:23:16,613][src.modRNN.training.training_loop][INFO] - 	 Starting Epoch: 1339
[2026-05-04 19:23:17,944][src.modRNN.training.training_loop][INFO] - train epoch 1339 loss 0.2965 accuracy 87.50%
[2026-05-04 19:23:17,946][src.modRNN.training.training_loop][INFO] - 	 Starting Epoch: 1340
[2026-05-04 19:23:19,278][src.modRNN.training.training_loop][INFO] - train epoch 1340 loss 0.2184 accuracy 93.75%
[2026-05-04 19:23:19,279][src.modRNN.training.training_loop][INFO] - 	 Starting Epoch: 1341
[2026-05-04 19:23:20,612][src.modRNN.training.training_loop][INFO] - train epoch 1341 loss 0.2219 accuracy 93.75%
[2026-05-04 19:23:20,613][src.modRNN.training.training_loop][INFO] - 	 Starting Epoch: 1342
[2026-05-04 19:23:21,948][src.modRNN.training.training_loop][INFO] - train epoch 1342 loss 0.3336 accuracy 84.38%
[2026-05-04 19:23:21,949][src.modRNN.training.training_loop][INFO] - 	 Starting Epoch: 1343
[2026-05-04 19:23:23,292][src.modRNN.training.training_loop][INFO] - train epoch 1343 loss 0.2726 accuracy 89.06%
[2026-05-04 19:23:23,293][src.modRNN.training.training_loop][INFO] - 	 Starting Epoch: 1344
[2026-05-04 19:23:24,694][src.modRNN.training.training_loop][INFO] - train epoch 1344 loss 0.2786 accuracy 90.62%
[2026-05-04 19:23:24,699][src.modRNN.training.training_loop][INFO] - 	 Starting Epoch: 1345
[2026-05-04 19:23:26,033][src.modRNN.training.training_loop][INFO] - train epoch 1345 loss 0.2486 accuracy 92.19%
[2026-05-04 19:23:26,035][src.modRNN.training.training_loop][INFO] - 	 Starting Epoch: 1346
[2026-05-04 19:23:27,367][src.modRNN.training.training_loop][INFO] - train epoch 1346 loss 0.2263 accuracy 92.19%
[2026-05-04 19:23:27,369][src.modRNN.training.training_loop][INFO] - 	 Starting Epoch: 1347
[2026-05-04 19:23:28,702][src.modRNN.training.training_loop][INFO] - train epoch 1347 loss 0.3925 accuracy 84.38%
[2026-05-04 19:23:28,703][src.modRNN.training.training_loop][INFO] - 	 Starting Epoch: 1348
[2026-05-04 19:23:30,037][src.modRNN.training.training_loop][INFO] - train epoch 1348 loss 0.2516 accuracy 90.62%
[2026-05-04 19:23:30,039][src.modRNN.training.training_loop][INFO] - 	 Starting Epoch: 1349
[2026-05-04 19:23:31,376][src.modRNN.training.training_loop][INFO] - train epoch 1349 loss 0.2592 accuracy 95.31%
[2026-05-04 19:23:31,377][src.modRNN.training.training_loop][INFO] - 	 Starting Epoch: 1350
[2026-05-04 19:23:32,707][src.modRNN.training.training_loop][INFO] - train epoch 1350 loss 0.1947 accuracy 95.31%
[2026-05-04 19:23:32,709][src.modRNN.training.training_loop][INFO] - 	 Starting Epoch: 1351
[2026-05-04 19:23:34,035][src.modRNN.training.training_loop][INFO] - train epoch 1351 loss 0.2905 accuracy 90.62%
[2026-05-04 19:23:36,187][src.modRNN.training.training_loop][INFO] - eval  epoch 1351 loss 0.3291 accuracy 87.50%
[2026-05-04 19:23:36,188][src.modRNN.training.training_loop][INFO] - 	 Starting Epoch: 1352
[2026-05-04 19:23:37,512][src.modRNN.training.training_loop][INFO] - train epoch 1352 loss 0.2040 accuracy 93.75%
[2026-05-04 19:23:37,513][src.modRNN.training.training_loop][INFO] - 	 Starting Epoch: 1353
[2026-05-04 19:23:38,840][src.modRNN.training.training_loop][INFO] - train epoch 1353 loss 0.2893 accuracy 92.19%
[2026-05-04 19:23:38,841][src.modRNN.training.training_loop][INFO] - 	 Starting Epoch: 1354
[2026-05-04 19:23:40,169][src.modRNN.training.training_loop][INFO] - train epoch 1354 loss 0.2430 accuracy 93.75%
[2026-05-04 19:23:40,171][src.modRNN.training.training_loop][INFO] - 	 Starting Epoch: 1355
[2026-05-04 19:23:41,497][src.modRNN.training.training_loop][INFO] - train epoch 1355 loss 0.3217 accuracy 87.50%
[2026-05-04 19:23:41,498][src.modRNN.training.training_loop][INFO] - 	 Starting Epoch: 1356
[2026-05-04 19:23:42,825][src.modRNN.training.training_loop][INFO] - train epoch 1356 loss 0.3473 accuracy 84.38%
[2026-05-04 19:23:42,827][src.modRNN.training.training_loop][INFO] - 	 Starting Epoch: 1357
[2026-05-04 19:23:44,153][src.modRNN.training.training_loop][INFO] - train epoch 1357 loss 0.2561 accuracy 92.19%
[2026-05-04 19:23:44,155][src.modRNN.training.training_loop][INFO] - 	 Starting Epoch: 1358
[2026-05-04 19:23:45,480][src.modRNN.training.training_loop][INFO] - train epoch 1358 loss 0.2923 accuracy 90.62%
[2026-05-04 19:23:45,481][src.modRNN.training.training_loop][INFO] - 	 Starting Epoch: 1359
[2026-05-04 19:23:46,809][src.modRNN.training.training_loop][INFO] - train epoch 1359 loss 0.3652 accuracy 82.81%
[2026-05-04 19:23:46,810][src.modRNN.training.training_loop][INFO] - 	 Starting Epoch: 1360
[2026-05-04 19:23:48,138][src.modRNN.training.training_loop][INFO] - train epoch 1360 loss 0.1997 accuracy 92.19%
[2026-05-04 19:23:48,140][src.modRNN.training.training_loop][INFO] - 	 Starting Epoch: 1361
[2026-05-04 19:23:49,464][src.modRNN.training.training_loop][INFO] - train epoch 1361 loss 0.3153 accuracy 90.62%
[2026-05-04 19:23:49,466][src.modRNN.training.training_loop][INFO] - 	 Starting Epoch: 1362
[2026-05-04 19:23:50,798][src.modRNN.training.training_loop][INFO] - train epoch 1362 loss 0.2362 accuracy 92.19%
[2026-05-04 19:23:50,800][src.modRNN.training.training_loop][INFO] - 	 Starting Epoch: 1363
[2026-05-04 19:23:52,129][src.modRNN.training.training_loop][INFO] - train epoch 1363 loss 0.2734 accuracy 90.62%
[2026-05-04 19:23:52,131][src.modRNN.training.training_loop][INFO] - 	 Starting Epoch: 1364
[2026-05-04 19:23:53,455][src.modRNN.training.training_loop][INFO] - train epoch 1364 loss 0.2305 accuracy 95.31%
[2026-05-04 19:23:53,456][src.modRNN.training.training_loop][INFO] - 	 Starting Epoch: 1365
[2026-05-04 19:23:54,781][src.modRNN.training.training_loop][INFO] - train epoch 1365 loss 0.1797 accuracy 93.75%
[2026-05-04 19:23:54,782][src.modRNN.training.training_loop][INFO] - 	 Starting Epoch: 1366
[2026-05-04 19:23:56,109][src.modRNN.training.training_loop][INFO] - train epoch 1366 loss 0.3512 accuracy 89.06%
[2026-05-04 19:23:56,110][src.modRNN.training.training_loop][INFO] - 	 Starting Epoch: 1367
[2026-05-04 19:23:57,438][src.modRNN.training.training_loop][INFO] - train epoch 1367 loss 0.3204 accuracy 82.81%
[2026-05-04 19:23:57,439][src.modRNN.training.training_loop][INFO] - 	 Starting Epoch: 1368
[2026-05-04 19:23:58,765][src.modRNN.training.training_loop][INFO] - train epoch 1368 loss 0.2827 accuracy 89.06%
[2026-05-04 19:23:58,766][src.modRNN.training.training_loop][INFO] - 	 Starting Epoch: 1369
[2026-05-04 19:24:00,094][src.modRNN.training.training_loop][INFO] - train epoch 1369 loss 0.3535 accuracy 87.50%
[2026-05-04 19:24:00,095][src.modRNN.training.training_loop][INFO] - 	 Starting Epoch: 1370
[2026-05-04 19:24:01,427][src.modRNN.training.training_loop][INFO] - train epoch 1370 loss 0.3760 accuracy 85.94%
[2026-05-04 19:24:01,429][src.modRNN.training.training_loop][INFO] - 	 Starting Epoch: 1371
[2026-05-04 19:24:02,761][src.modRNN.training.training_loop][INFO] - train epoch 1371 loss 0.4614 accuracy 81.25%
[2026-05-04 19:24:02,763][src.modRNN.training.training_loop][INFO] - 	 Starting Epoch: 1372
[2026-05-04 19:24:04,099][src.modRNN.training.training_loop][INFO] - train epoch 1372 loss 0.3227 accuracy 90.62%
[2026-05-04 19:24:04,100][src.modRNN.training.training_loop][INFO] - 	 Starting Epoch: 1373
[2026-05-04 19:24:05,437][src.modRNN.training.training_loop][INFO] - train epoch 1373 loss 0.3771 accuracy 85.94%
[2026-05-04 19:24:05,438][src.modRNN.training.training_loop][INFO] - 	 Starting Epoch: 1374
[2026-05-04 19:24:06,774][src.modRNN.training.training_loop][INFO] - train epoch 1374 loss 0.3361 accuracy 87.50%
[2026-05-04 19:24:06,775][src.modRNN.training.training_loop][INFO] - 	 Starting Epoch: 1375
[2026-05-04 19:24:08,109][src.modRNN.training.training_loop][INFO] - train epoch 1375 loss 0.3842 accuracy 82.81%
[2026-05-04 19:24:08,111][src.modRNN.training.training_loop][INFO] - 	 Starting Epoch: 1376
[2026-05-04 19:24:09,447][src.modRNN.training.training_loop][INFO] - train epoch 1376 loss 0.3266 accuracy 85.94%
[2026-05-04 19:24:11,596][src.modRNN.training.training_loop][INFO] - eval  epoch 1376 loss 0.3774 accuracy 84.96%
[2026-05-04 19:24:11,597][src.modRNN.training.training_loop][INFO] - 	 Starting Epoch: 1377
[2026-05-04 19:24:12,934][src.modRNN.training.training_loop][INFO] - train epoch 1377 loss 0.3994 accuracy 84.38%
[2026-05-04 19:24:12,935][src.modRNN.training.training_loop][INFO] - 	 Starting Epoch: 1378
[2026-05-04 19:24:14,269][src.modRNN.training.training_loop][INFO] - train epoch 1378 loss 0.3171 accuracy 93.75%
[2026-05-04 19:24:14,270][src.modRNN.training.training_loop][INFO] - 	 Starting Epoch: 1379
[2026-05-04 19:24:15,603][src.modRNN.training.training_loop][INFO] - train epoch 1379 loss 0.4368 accuracy 79.69%
[2026-05-04 19:24:15,605][src.modRNN.training.training_loop][INFO] - 	 Starting Epoch: 1380
[2026-05-04 19:24:16,939][src.modRNN.training.training_loop][INFO] - train epoch 1380 loss 0.3191 accuracy 87.50%
[2026-05-04 19:24:16,940][src.modRNN.training.training_loop][INFO] - 	 Starting Epoch: 1381
[2026-05-04 19:24:18,276][src.modRNN.training.training_loop][INFO] - train epoch 1381 loss 0.3774 accuracy 85.94%
[2026-05-04 19:24:18,277][src.modRNN.training.training_loop][INFO] - 	 Starting Epoch: 1382
[2026-05-04 19:24:19,612][src.modRNN.training.training_loop][INFO] - train epoch 1382 loss 0.4856 accuracy 79.69%
[2026-05-04 19:24:19,614][src.modRNN.training.training_loop][INFO] - 	 Starting Epoch: 1383
[2026-05-04 19:24:20,945][src.modRNN.training.training_loop][INFO] - train epoch 1383 loss 0.3639 accuracy 89.06%
[2026-05-04 19:24:20,947][src.modRNN.training.training_loop][INFO] - 	 Starting Epoch: 1384
[2026-05-04 19:24:22,281][src.modRNN.training.training_loop][INFO] - train epoch 1384 loss 0.2941 accuracy 85.94%
[2026-05-04 19:24:22,282][src.modRNN.training.training_loop][INFO] - 	 Starting Epoch: 1385
[2026-05-04 19:24:23,617][src.modRNN.training.training_loop][INFO] - train epoch 1385 loss 0.4384 accuracy 82.81%
[2026-05-04 19:24:23,619][src.modRNN.training.training_loop][INFO] - 	 Starting Epoch: 1386
[2026-05-04 19:24:24,989][src.modRNN.training.training_loop][INFO] - train epoch 1386 loss 0.2850 accuracy 87.50%
[2026-05-04 19:24:24,990][src.modRNN.training.training_loop][INFO] - 	 Starting Epoch: 1387
[2026-05-04 19:24:26,329][src.modRNN.training.training_loop][INFO] - train epoch 1387 loss 0.3585 accuracy 84.38%
[2026-05-04 19:24:26,330][src.modRNN.training.training_loop][INFO] - 	 Starting Epoch: 1388
[2026-05-04 19:24:27,666][src.modRNN.training.training_loop][INFO] - train epoch 1388 loss 0.3416 accuracy 85.94%
[2026-05-04 19:24:27,668][src.modRNN.training.training_loop][INFO] - 	 Starting Epoch: 1389
[2026-05-04 19:24:28,999][src.modRNN.training.training_loop][INFO] - train epoch 1389 loss 0.4006 accuracy 79.69%
[2026-05-04 19:24:29,001][src.modRNN.training.training_loop][INFO] - 	 Starting Epoch: 1390
[2026-05-04 19:24:30,333][src.modRNN.training.training_loop][INFO] - train epoch 1390 loss 0.3327 accuracy 85.94%
[2026-05-04 19:24:30,334][src.modRNN.training.training_loop][INFO] - 	 Starting Epoch: 1391
[2026-05-04 19:24:31,665][src.modRNN.training.training_loop][INFO] - train epoch 1391 loss 0.3457 accuracy 89.06%
[2026-05-04 19:24:31,667][src.modRNN.training.training_loop][INFO] - 	 Starting Epoch: 1392
[2026-05-04 19:24:32,993][src.modRNN.training.training_loop][INFO] - train epoch 1392 loss 0.4491 accuracy 81.25%
[2026-05-04 19:24:32,995][src.modRNN.training.training_loop][INFO] - 	 Starting Epoch: 1393
[2026-05-04 19:24:34,322][src.modRNN.training.training_loop][INFO] - train epoch 1393 loss 0.3188 accuracy 93.75%
[2026-05-04 19:24:34,324][src.modRNN.training.training_loop][INFO] - 	 Starting Epoch: 1394
[2026-05-04 19:24:35,650][src.modRNN.training.training_loop][INFO] - train epoch 1394 loss 0.3905 accuracy 85.94%
[2026-05-04 19:24:35,652][src.modRNN.training.training_loop][INFO] - 	 Starting Epoch: 1395
[2026-05-04 19:24:36,975][src.modRNN.training.training_loop][INFO] - train epoch 1395 loss 0.4493 accuracy 84.38%
[2026-05-04 19:24:36,977][src.modRNN.training.training_loop][INFO] - 	 Starting Epoch: 1396
[2026-05-04 19:24:38,300][src.modRNN.training.training_loop][INFO] - train epoch 1396 loss 0.3887 accuracy 89.06%
[2026-05-04 19:24:38,302][src.modRNN.training.training_loop][INFO] - 	 Starting Epoch: 1397
[2026-05-04 19:24:39,628][src.modRNN.training.training_loop][INFO] - train epoch 1397 loss 0.3189 accuracy 93.75%
[2026-05-04 19:24:39,630][src.modRNN.training.training_loop][INFO] - 	 Starting Epoch: 1398
[2026-05-04 19:24:40,959][src.modRNN.training.training_loop][INFO] - train epoch 1398 loss 0.4074 accuracy 81.25%
[2026-05-04 19:24:40,960][src.modRNN.training.training_loop][INFO] - 	 Starting Epoch: 1399
[2026-05-04 19:24:42,290][src.modRNN.training.training_loop][INFO] - train epoch 1399 loss 0.3335 accuracy 87.50%
[2026-05-04 19:24:42,292][src.modRNN.training.training_loop][INFO] - 	 Starting Epoch: 1400
[2026-05-04 19:24:43,621][src.modRNN.training.training_loop][INFO] - train epoch 1400 loss 0.2677 accuracy 90.62%
[2026-05-04 19:24:43,623][src.modRNN.training.training_loop][INFO] - 	 Starting Epoch: 1401
[2026-05-04 19:24:44,948][src.modRNN.training.training_loop][INFO] - train epoch 1401 loss 0.3636 accuracy 85.94%
[2026-05-04 19:24:47,102][src.modRNN.training.training_loop][INFO] - eval  epoch 1401 loss 0.3440 accuracy 88.87%
[2026-05-04 19:24:47,104][src.modRNN.training.training_loop][INFO] - 	 Starting Epoch: 1402
[2026-05-04 19:24:48,440][src.modRNN.training.training_loop][INFO] - train epoch 1402 loss 0.3714 accuracy 81.25%
[2026-05-04 19:24:48,441][src.modRNN.training.training_loop][INFO] - 	 Starting Epoch: 1403
[2026-05-04 19:24:49,767][src.modRNN.training.training_loop][INFO] - train epoch 1403 loss 0.3129 accuracy 90.62%
[2026-05-04 19:24:49,769][src.modRNN.training.training_loop][INFO] - 	 Starting Epoch: 1404
[2026-05-04 19:24:51,096][src.modRNN.training.training_loop][INFO] - train epoch 1404 loss 0.2342 accuracy 92.19%
[2026-05-04 19:24:51,097][src.modRNN.training.training_loop][INFO] - 	 Starting Epoch: 1405
[2026-05-04 19:24:52,425][src.modRNN.training.training_loop][INFO] - train epoch 1405 loss 0.3218 accuracy 92.19%
[2026-05-04 19:24:52,426][src.modRNN.training.training_loop][INFO] - 	 Starting Epoch: 1406
[2026-05-04 19:24:53,753][src.modRNN.training.training_loop][INFO] - train epoch 1406 loss 0.2037 accuracy 98.44%
[2026-05-04 19:24:53,754][src.modRNN.training.training_loop][INFO] - 	 Starting Epoch: 1407
[2026-05-04 19:24:55,080][src.modRNN.training.training_loop][INFO] - train epoch 1407 loss 0.2777 accuracy 90.62%
[2026-05-04 19:24:55,082][src.modRNN.training.training_loop][INFO] - 	 Starting Epoch: 1408
[2026-05-04 19:24:56,407][src.modRNN.training.training_loop][INFO] - train epoch 1408 loss 0.2240 accuracy 90.62%
[2026-05-04 19:24:56,408][src.modRNN.training.training_loop][INFO] - 	 Starting Epoch: 1409
[2026-05-04 19:24:57,733][src.modRNN.training.training_loop][INFO] - train epoch 1409 loss 0.3795 accuracy 84.38%
[2026-05-04 19:24:57,734][src.modRNN.training.training_loop][INFO] - 	 Starting Epoch: 1410
[2026-05-04 19:24:59,058][src.modRNN.training.training_loop][INFO] - train epoch 1410 loss 0.3238 accuracy 90.62%
[2026-05-04 19:24:59,059][src.modRNN.training.training_loop][INFO] - 	 Starting Epoch: 1411
[2026-05-04 19:25:00,384][src.modRNN.training.training_loop][INFO] - train epoch 1411 loss 0.3602 accuracy 87.50%
[2026-05-04 19:25:00,385][src.modRNN.training.training_loop][INFO] - 	 Starting Epoch: 1412
[2026-05-04 19:25:01,714][src.modRNN.training.training_loop][INFO] - train epoch 1412 loss 0.2833 accuracy 85.94%
[2026-05-04 19:25:01,715][src.modRNN.training.training_loop][INFO] - 	 Starting Epoch: 1413
[2026-05-04 19:25:03,056][src.modRNN.training.training_loop][INFO] - train epoch 1413 loss 0.2093 accuracy 93.75%
[2026-05-04 19:25:03,058][src.modRNN.training.training_loop][INFO] - 	 Starting Epoch: 1414
[2026-05-04 19:25:04,391][src.modRNN.training.training_loop][INFO] - train epoch 1414 loss 0.3080 accuracy 89.06%
[2026-05-04 19:25:04,392][src.modRNN.training.training_loop][INFO] - 	 Starting Epoch: 1415
[2026-05-04 19:25:05,727][src.modRNN.training.training_loop][INFO] - train epoch 1415 loss 0.3190 accuracy 84.38%
[2026-05-04 19:25:05,728][src.modRNN.training.training_loop][INFO] - 	 Starting Epoch: 1416
[2026-05-04 19:25:07,063][src.modRNN.training.training_loop][INFO] - train epoch 1416 loss 0.3478 accuracy 81.25%
[2026-05-04 19:25:07,064][src.modRNN.training.training_loop][INFO] - 	 Starting Epoch: 1417
[2026-05-04 19:25:08,399][src.modRNN.training.training_loop][INFO] - train epoch 1417 loss 0.3588 accuracy 85.94%
[2026-05-04 19:25:08,401][src.modRNN.training.training_loop][INFO] - 	 Starting Epoch: 1418
[2026-05-04 19:25:09,737][src.modRNN.training.training_loop][INFO] - train epoch 1418 loss 0.2891 accuracy 89.06%
[2026-05-04 19:25:09,739][src.modRNN.training.training_loop][INFO] - 	 Starting Epoch: 1419
[2026-05-04 19:25:11,072][src.modRNN.training.training_loop][INFO] - train epoch 1419 loss 0.2976 accuracy 90.62%
[2026-05-04 19:25:11,074][src.modRNN.training.training_loop][INFO] - 	 Starting Epoch: 1420
[2026-05-04 19:25:12,406][src.modRNN.training.training_loop][INFO] - train epoch 1420 loss 0.3486 accuracy 85.94%
[2026-05-04 19:25:12,407][src.modRNN.training.training_loop][INFO] - 	 Starting Epoch: 1421
[2026-05-04 19:25:13,740][src.modRNN.training.training_loop][INFO] - train epoch 1421 loss 0.3413 accuracy 87.50%
[2026-05-04 19:25:13,741][src.modRNN.training.training_loop][INFO] - 	 Starting Epoch: 1422
[2026-05-04 19:25:15,074][src.modRNN.training.training_loop][INFO] - train epoch 1422 loss 0.3006 accuracy 85.94%
[2026-05-04 19:25:15,075][src.modRNN.training.training_loop][INFO] - 	 Starting Epoch: 1423
[2026-05-04 19:25:16,409][src.modRNN.training.training_loop][INFO] - train epoch 1423 loss 0.2205 accuracy 96.88%
[2026-05-04 19:25:16,411][src.modRNN.training.training_loop][INFO] - 	 Starting Epoch: 1424
[2026-05-04 19:25:17,745][src.modRNN.training.training_loop][INFO] - train epoch 1424 loss 0.2635 accuracy 93.75%
[2026-05-04 19:25:17,746][src.modRNN.training.training_loop][INFO] - 	 Starting Epoch: 1425
[2026-05-04 19:25:19,082][src.modRNN.training.training_loop][INFO] - train epoch 1425 loss 0.3287 accuracy 85.94%
[2026-05-04 19:25:19,084][src.modRNN.training.training_loop][INFO] - 	 Starting Epoch: 1426
[2026-05-04 19:25:20,415][src.modRNN.training.training_loop][INFO] - train epoch 1426 loss 0.3626 accuracy 82.81%
[2026-05-04 19:25:22,573][src.modRNN.training.training_loop][INFO] - eval  epoch 1426 loss 0.2604 accuracy 92.19%
[2026-05-04 19:25:22,575][src.modRNN.training.training_loop][INFO] - 	 Starting Epoch: 1427
[2026-05-04 19:25:23,914][src.modRNN.training.training_loop][INFO] - train epoch 1427 loss 0.2854 accuracy 90.62%
[2026-05-04 19:25:23,916][src.modRNN.training.training_loop][INFO] - 	 Starting Epoch: 1428
[2026-05-04 19:25:25,299][src.modRNN.training.training_loop][INFO] - train epoch 1428 loss 0.3344 accuracy 84.38%
[2026-05-04 19:25:25,300][src.modRNN.training.training_loop][INFO] - 	 Starting Epoch: 1429
[2026-05-04 19:25:26,637][src.modRNN.training.training_loop][INFO] - train epoch 1429 loss 0.4280 accuracy 84.38%
[2026-05-04 19:25:26,638][src.modRNN.training.training_loop][INFO] - 	 Starting Epoch: 1430
[2026-05-04 19:25:27,975][src.modRNN.training.training_loop][INFO] - train epoch 1430 loss 0.2701 accuracy 92.19%
[2026-05-04 19:25:27,976][src.modRNN.training.training_loop][INFO] - 	 Starting Epoch: 1431
[2026-05-04 19:25:29,322][src.modRNN.training.training_loop][INFO] - train epoch 1431 loss 0.2679 accuracy 92.19%
[2026-05-04 19:25:29,323][src.modRNN.training.training_loop][INFO] - 	 Starting Epoch: 1432
[2026-05-04 19:25:30,660][src.modRNN.training.training_loop][INFO] - train epoch 1432 loss 0.2264 accuracy 92.19%
[2026-05-04 19:25:30,662][src.modRNN.training.training_loop][INFO] - 	 Starting Epoch: 1433
[2026-05-04 19:25:31,989][src.modRNN.training.training_loop][INFO] - train epoch 1433 loss 0.3098 accuracy 92.19%
[2026-05-04 19:25:31,990][src.modRNN.training.training_loop][INFO] - 	 Starting Epoch: 1434
[2026-05-04 19:25:33,317][src.modRNN.training.training_loop][INFO] - train epoch 1434 loss 0.2428 accuracy 92.19%
[2026-05-04 19:25:33,318][src.modRNN.training.training_loop][INFO] - 	 Starting Epoch: 1435
[2026-05-04 19:25:34,642][src.modRNN.training.training_loop][INFO] - train epoch 1435 loss 0.3710 accuracy 84.38%
[2026-05-04 19:25:34,643][src.modRNN.training.training_loop][INFO] - 	 Starting Epoch: 1436
[2026-05-04 19:25:35,970][src.modRNN.training.training_loop][INFO] - train epoch 1436 loss 0.2312 accuracy 93.75%
[2026-05-04 19:25:35,972][src.modRNN.training.training_loop][INFO] - 	 Starting Epoch: 1437
[2026-05-04 19:25:37,300][src.modRNN.training.training_loop][INFO] - train epoch 1437 loss 0.2571 accuracy 92.19%
[2026-05-04 19:25:37,302][src.modRNN.training.training_loop][INFO] - 	 Starting Epoch: 1438
[2026-05-04 19:25:38,628][src.modRNN.training.training_loop][INFO] - train epoch 1438 loss 0.2310 accuracy 93.75%
[2026-05-04 19:25:38,630][src.modRNN.training.training_loop][INFO] - 	 Starting Epoch: 1439
[2026-05-04 19:25:39,954][src.modRNN.training.training_loop][INFO] - train epoch 1439 loss 0.2958 accuracy 89.06%
[2026-05-04 19:25:39,956][src.modRNN.training.training_loop][INFO] - 	 Starting Epoch: 1440
[2026-05-04 19:25:41,288][src.modRNN.training.training_loop][INFO] - train epoch 1440 loss 0.2975 accuracy 92.19%
[2026-05-04 19:25:41,289][src.modRNN.training.training_loop][INFO] - 	 Starting Epoch: 1441
[2026-05-04 19:25:42,614][src.modRNN.training.training_loop][INFO] - train epoch 1441 loss 0.2944 accuracy 92.19%
[2026-05-04 19:25:42,616][src.modRNN.training.training_loop][INFO] - 	 Starting Epoch: 1442
[2026-05-04 19:25:43,942][src.modRNN.training.training_loop][INFO] - train epoch 1442 loss 0.2522 accuracy 90.62%
[2026-05-04 19:25:43,944][src.modRNN.training.training_loop][INFO] - 	 Starting Epoch: 1443
[2026-05-04 19:25:45,270][src.modRNN.training.training_loop][INFO] - train epoch 1443 loss 0.3078 accuracy 89.06%
[2026-05-04 19:25:45,271][src.modRNN.training.training_loop][INFO] - 	 Starting Epoch: 1444
[2026-05-04 19:25:46,597][src.modRNN.training.training_loop][INFO] - train epoch 1444 loss 0.3157 accuracy 87.50%
[2026-05-04 19:25:46,599][src.modRNN.training.training_loop][INFO] - 	 Starting Epoch: 1445
[2026-05-04 19:25:47,924][src.modRNN.training.training_loop][INFO] - train epoch 1445 loss 0.2165 accuracy 92.19%
[2026-05-04 19:25:47,926][src.modRNN.training.training_loop][INFO] - 	 Starting Epoch: 1446
[2026-05-04 19:25:49,254][src.modRNN.training.training_loop][INFO] - train epoch 1446 loss 0.2593 accuracy 90.62%
[2026-05-04 19:25:49,255][src.modRNN.training.training_loop][INFO] - 	 Starting Epoch: 1447
[2026-05-04 19:25:50,584][src.modRNN.training.training_loop][INFO] - train epoch 1447 loss 0.1989 accuracy 95.31%
[2026-05-04 19:25:50,585][src.modRNN.training.training_loop][INFO] - 	 Starting Epoch: 1448
[2026-05-04 19:25:51,915][src.modRNN.training.training_loop][INFO] - train epoch 1448 loss 0.3918 accuracy 85.94%
[2026-05-04 19:25:51,916][src.modRNN.training.training_loop][INFO] - 	 Starting Epoch: 1449
[2026-05-04 19:25:53,246][src.modRNN.training.training_loop][INFO] - train epoch 1449 loss 0.2942 accuracy 92.19%
[2026-05-04 19:25:53,247][src.modRNN.training.training_loop][INFO] - 	 Starting Epoch: 1450
[2026-05-04 19:25:54,575][src.modRNN.training.training_loop][INFO] - train epoch 1450 loss 0.2630 accuracy 93.75%
[2026-05-04 19:25:54,577][src.modRNN.training.training_loop][INFO] - 	 Starting Epoch: 1451
[2026-05-04 19:25:55,901][src.modRNN.training.training_loop][INFO] - train epoch 1451 loss 0.2766 accuracy 89.06%
[2026-05-04 19:25:58,056][src.modRNN.training.training_loop][INFO] - eval  epoch 1451 loss 0.2690 accuracy 92.97%
[2026-05-04 19:25:58,057][src.modRNN.training.training_loop][INFO] - 	 Starting Epoch: 1452
[2026-05-04 19:25:59,382][src.modRNN.training.training_loop][INFO] - train epoch 1452 loss 0.2650 accuracy 93.75%
[2026-05-04 19:25:59,383][src.modRNN.training.training_loop][INFO] - 	 Starting Epoch: 1453
[2026-05-04 19:26:00,711][src.modRNN.training.training_loop][INFO] - train epoch 1453 loss 0.3506 accuracy 85.94%
[2026-05-04 19:26:00,712][src.modRNN.training.training_loop][INFO] - 	 Starting Epoch: 1454
[2026-05-04 19:26:02,048][src.modRNN.training.training_loop][INFO] - train epoch 1454 loss 0.1705 accuracy 98.44%
[2026-05-04 19:26:02,049][src.modRNN.training.training_loop][INFO] - 	 Starting Epoch: 1455
[2026-05-04 19:26:03,386][src.modRNN.training.training_loop][INFO] - train epoch 1455 loss 0.2277 accuracy 89.06%
[2026-05-04 19:26:03,387][src.modRNN.training.training_loop][INFO] - 	 Starting Epoch: 1456
[2026-05-04 19:26:04,726][src.modRNN.training.training_loop][INFO] - train epoch 1456 loss 0.2231 accuracy 93.75%
[2026-05-04 19:26:04,727][src.modRNN.training.training_loop][INFO] - 	 Starting Epoch: 1457
[2026-05-04 19:26:06,063][src.modRNN.training.training_loop][INFO] - train epoch 1457 loss 0.2825 accuracy 92.19%
[2026-05-04 19:26:06,065][src.modRNN.training.training_loop][INFO] - 	 Starting Epoch: 1458
[2026-05-04 19:26:07,399][src.modRNN.training.training_loop][INFO] - train epoch 1458 loss 0.3267 accuracy 87.50%
[2026-05-04 19:26:07,400][src.modRNN.training.training_loop][INFO] - 	 Starting Epoch: 1459
[2026-05-04 19:26:08,733][src.modRNN.training.training_loop][INFO] - train epoch 1459 loss 0.1347 accuracy 98.44%
[2026-05-04 19:26:08,734][src.modRNN.training.training_loop][INFO] - 	 Starting Epoch: 1460
[2026-05-04 19:26:10,067][src.modRNN.training.training_loop][INFO] - train epoch 1460 loss 0.3438 accuracy 87.50%
[2026-05-04 19:26:10,068][src.modRNN.training.training_loop][INFO] - 	 Starting Epoch: 1461
[2026-05-04 19:26:11,403][src.modRNN.training.training_loop][INFO] - train epoch 1461 loss 0.2756 accuracy 92.19%
[2026-05-04 19:26:11,405][src.modRNN.training.training_loop][INFO] - 	 Starting Epoch: 1462
[2026-05-04 19:26:12,744][src.modRNN.training.training_loop][INFO] - train epoch 1462 loss 0.2829 accuracy 89.06%
[2026-05-04 19:26:12,746][src.modRNN.training.training_loop][INFO] - 	 Starting Epoch: 1463
[2026-05-04 19:26:14,083][src.modRNN.training.training_loop][INFO] - train epoch 1463 loss 0.2750 accuracy 87.50%
[2026-05-04 19:26:14,085][src.modRNN.training.training_loop][INFO] - 	 Starting Epoch: 1464
[2026-05-04 19:26:15,427][src.modRNN.training.training_loop][INFO] - train epoch 1464 loss 0.2993 accuracy 89.06%
[2026-05-04 19:26:15,428][src.modRNN.training.training_loop][INFO] - 	 Starting Epoch: 1465
[2026-05-04 19:26:16,762][src.modRNN.training.training_loop][INFO] - train epoch 1465 loss 0.1543 accuracy 98.44%
[2026-05-04 19:26:16,763][src.modRNN.training.training_loop][INFO] - 	 Starting Epoch: 1466
[2026-05-04 19:26:18,097][src.modRNN.training.training_loop][INFO] - train epoch 1466 loss 0.3397 accuracy 87.50%
[2026-05-04 19:26:18,099][src.modRNN.training.training_loop][INFO] - 	 Starting Epoch: 1467
[2026-05-04 19:26:19,433][src.modRNN.training.training_loop][INFO] - train epoch 1467 loss 0.1890 accuracy 96.88%
[2026-05-04 19:26:19,434][src.modRNN.training.training_loop][INFO] - 	 Starting Epoch: 1468
[2026-05-04 19:26:20,769][src.modRNN.training.training_loop][INFO] - train epoch 1468 loss 0.2989 accuracy 89.06%
[2026-05-04 19:26:20,770][src.modRNN.training.training_loop][INFO] - 	 Starting Epoch: 1469
[2026-05-04 19:26:22,105][src.modRNN.training.training_loop][INFO] - train epoch 1469 loss 0.2656 accuracy 93.75%
[2026-05-04 19:26:22,107][src.modRNN.training.training_loop][INFO] - 	 Starting Epoch: 1470
[2026-05-04 19:26:23,441][src.modRNN.training.training_loop][INFO] - train epoch 1470 loss 0.4145 accuracy 85.94%
[2026-05-04 19:26:23,442][src.modRNN.training.training_loop][INFO] - 	 Starting Epoch: 1471
[2026-05-04 19:26:24,809][src.modRNN.training.training_loop][INFO] - train epoch 1471 loss 0.1759 accuracy 96.88%
[2026-05-04 19:26:24,810][src.modRNN.training.training_loop][INFO] - 	 Starting Epoch: 1472
[2026-05-04 19:26:26,147][src.modRNN.training.training_loop][INFO] - train epoch 1472 loss 0.2636 accuracy 90.62%
[2026-05-04 19:26:26,148][src.modRNN.training.training_loop][INFO] - 	 Starting Epoch: 1473
[2026-05-04 19:26:27,483][src.modRNN.training.training_loop][INFO] - train epoch 1473 loss 0.2866 accuracy 93.75%
[2026-05-04 19:26:27,484][src.modRNN.training.training_loop][INFO] - 	 Starting Epoch: 1474
[2026-05-04 19:26:28,819][src.modRNN.training.training_loop][INFO] - train epoch 1474 loss 0.1361 accuracy 98.44%
[2026-05-04 19:26:28,821][src.modRNN.training.training_loop][INFO] - 	 Starting Epoch: 1475
[2026-05-04 19:26:30,155][src.modRNN.training.training_loop][INFO] - train epoch 1475 loss 0.2572 accuracy 93.75%
[2026-05-04 19:26:30,156][src.modRNN.training.training_loop][INFO] - 	 Starting Epoch: 1476
[2026-05-04 19:26:31,485][src.modRNN.training.training_loop][INFO] - train epoch 1476 loss 0.2963 accuracy 92.19%
[2026-05-04 19:26:33,638][src.modRNN.training.training_loop][INFO] - eval  epoch 1476 loss 0.2694 accuracy 92.38%
[2026-05-04 19:26:33,640][src.modRNN.training.training_loop][INFO] - 	 Starting Epoch: 1477
[2026-05-04 19:26:34,964][src.modRNN.training.training_loop][INFO] - train epoch 1477 loss 0.2256 accuracy 95.31%
[2026-05-04 19:26:34,965][src.modRNN.training.training_loop][INFO] - 	 Starting Epoch: 1478
[2026-05-04 19:26:36,294][src.modRNN.training.training_loop][INFO] - train epoch 1478 loss 0.1987 accuracy 95.31%
[2026-05-04 19:26:36,295][src.modRNN.training.training_loop][INFO] - 	 Starting Epoch: 1479
[2026-05-04 19:26:37,626][src.modRNN.training.training_loop][INFO] - train epoch 1479 loss 0.3417 accuracy 89.06%
[2026-05-04 19:26:37,627][src.modRNN.training.training_loop][INFO] - 	 Starting Epoch: 1480
[2026-05-04 19:26:38,954][src.modRNN.training.training_loop][INFO] - train epoch 1480 loss 0.2137 accuracy 93.75%
[2026-05-04 19:26:38,955][src.modRNN.training.training_loop][INFO] - 	 Starting Epoch: 1481
[2026-05-04 19:26:40,280][src.modRNN.training.training_loop][INFO] - train epoch 1481 loss 0.1998 accuracy 92.19%
[2026-05-04 19:26:40,282][src.modRNN.training.training_loop][INFO] - 	 Starting Epoch: 1482
[2026-05-04 19:26:41,608][src.modRNN.training.training_loop][INFO] - train epoch 1482 loss 0.3050 accuracy 87.50%
[2026-05-04 19:26:41,610][src.modRNN.training.training_loop][INFO] - 	 Starting Epoch: 1483
[2026-05-04 19:26:42,933][src.modRNN.training.training_loop][INFO] - train epoch 1483 loss 0.2931 accuracy 90.62%
[2026-05-04 19:26:42,935][src.modRNN.training.training_loop][INFO] - 	 Starting Epoch: 1484
[2026-05-04 19:26:44,259][src.modRNN.training.training_loop][INFO] - train epoch 1484 loss 0.2309 accuracy 90.62%
[2026-05-04 19:26:44,261][src.modRNN.training.training_loop][INFO] - 	 Starting Epoch: 1485
[2026-05-04 19:26:45,588][src.modRNN.training.training_loop][INFO] - train epoch 1485 loss 0.1735 accuracy 95.31%
[2026-05-04 19:26:45,589][src.modRNN.training.training_loop][INFO] - 	 Starting Epoch: 1486
[2026-05-04 19:26:46,915][src.modRNN.training.training_loop][INFO] - train epoch 1486 loss 0.2378 accuracy 92.19%
[2026-05-04 19:26:46,916][src.modRNN.training.training_loop][INFO] - 	 Starting Epoch: 1487
[2026-05-04 19:26:48,241][src.modRNN.training.training_loop][INFO] - train epoch 1487 loss 0.1759 accuracy 95.31%
[2026-05-04 19:26:48,242][src.modRNN.training.training_loop][INFO] - 	 Starting Epoch: 1488
[2026-05-04 19:26:49,569][src.modRNN.training.training_loop][INFO] - train epoch 1488 loss 0.2978 accuracy 87.50%
[2026-05-04 19:26:49,571][src.modRNN.training.training_loop][INFO] - 	 Starting Epoch: 1489
[2026-05-04 19:26:50,895][src.modRNN.training.training_loop][INFO] - train epoch 1489 loss 0.1632 accuracy 95.31%
[2026-05-04 19:26:50,897][src.modRNN.training.training_loop][INFO] - 	 Starting Epoch: 1490
[2026-05-04 19:26:52,222][src.modRNN.training.training_loop][INFO] - train epoch 1490 loss 0.1831 accuracy 95.31%
[2026-05-04 19:26:52,223][src.modRNN.training.training_loop][INFO] - 	 Starting Epoch: 1491
[2026-05-04 19:26:53,547][src.modRNN.training.training_loop][INFO] - train epoch 1491 loss 0.2728 accuracy 92.19%
[2026-05-04 19:26:53,549][src.modRNN.training.training_loop][INFO] - 	 Starting Epoch: 1492
[2026-05-04 19:26:54,874][src.modRNN.training.training_loop][INFO] - train epoch 1492 loss 0.1771 accuracy 95.31%
[2026-05-04 19:26:54,875][src.modRNN.training.training_loop][INFO] - 	 Starting Epoch: 1493
[2026-05-04 19:26:56,201][src.modRNN.training.training_loop][INFO] - train epoch 1493 loss 0.2629 accuracy 93.75%
[2026-05-04 19:26:56,202][src.modRNN.training.training_loop][INFO] - 	 Starting Epoch: 1494
[2026-05-04 19:26:57,527][src.modRNN.training.training_loop][INFO] - train epoch 1494 loss 0.2379 accuracy 92.19%
[2026-05-04 19:26:57,528][src.modRNN.training.training_loop][INFO] - 	 Starting Epoch: 1495
[2026-05-04 19:26:58,852][src.modRNN.training.training_loop][INFO] - train epoch 1495 loss 0.3326 accuracy 85.94%
[2026-05-04 19:26:58,854][src.modRNN.training.training_loop][INFO] - 	 Starting Epoch: 1496
[2026-05-04 19:27:00,184][src.modRNN.training.training_loop][INFO] - train epoch 1496 loss 0.3315 accuracy 84.38%
[2026-05-04 19:27:00,185][src.modRNN.training.training_loop][INFO] - 	 Starting Epoch: 1497
[2026-05-04 19:27:01,515][src.modRNN.training.training_loop][INFO] - train epoch 1497 loss 0.3214 accuracy 90.62%
[2026-05-04 19:27:01,517][src.modRNN.training.training_loop][INFO] - 	 Starting Epoch: 1498
[2026-05-04 19:27:02,855][src.modRNN.training.training_loop][INFO] - train epoch 1498 loss 0.3420 accuracy 87.50%
[2026-05-04 19:27:02,856][src.modRNN.training.training_loop][INFO] - 	 Starting Epoch: 1499
[2026-05-04 19:27:04,196][src.modRNN.training.training_loop][INFO] - train epoch 1499 loss 0.2042 accuracy 93.75%
[2026-05-04 19:27:04,197][src.modRNN.training.training_loop][INFO] - 	 Starting Epoch: 1500
[2026-05-04 19:27:05,534][src.modRNN.training.training_loop][INFO] - train epoch 1500 loss 0.4471 accuracy 81.25%
[2026-05-04 19:27:05,535][src.modRNN.training.training_loop][INFO] - 	 Starting Epoch: 1501
[2026-05-04 19:27:06,869][src.modRNN.training.training_loop][INFO] - train epoch 1501 loss 0.4285 accuracy 82.81%
[2026-05-04 19:27:09,022][src.modRNN.training.training_loop][INFO] - eval  epoch 1501 loss 0.2594 accuracy 90.82%
[2026-05-04 19:27:09,024][src.modRNN.training.training_loop][INFO] - 	 Starting Epoch: 1502
[2026-05-04 19:27:10,357][src.modRNN.training.training_loop][INFO] - train epoch 1502 loss 0.3889 accuracy 82.81%
[2026-05-04 19:27:10,359][src.modRNN.training.training_loop][INFO] - 	 Starting Epoch: 1503
[2026-05-04 19:27:11,693][src.modRNN.training.training_loop][INFO] - train epoch 1503 loss 0.2146 accuracy 90.62%
[2026-05-04 19:27:11,694][src.modRNN.training.training_loop][INFO] - 	 Starting Epoch: 1504
[2026-05-04 19:27:13,029][src.modRNN.training.training_loop][INFO] - train epoch 1504 loss 0.1727 accuracy 96.88%
[2026-05-04 19:27:13,030][src.modRNN.training.training_loop][INFO] - 	 Starting Epoch: 1505
[2026-05-04 19:27:14,365][src.modRNN.training.training_loop][INFO] - train epoch 1505 loss 0.3647 accuracy 84.38%
[2026-05-04 19:27:14,366][src.modRNN.training.training_loop][INFO] - 	 Starting Epoch: 1506
[2026-05-04 19:27:15,701][src.modRNN.training.training_loop][INFO] - train epoch 1506 loss 0.2882 accuracy 89.06%
[2026-05-04 19:27:15,702][src.modRNN.training.training_loop][INFO] - 	 Starting Epoch: 1507
[2026-05-04 19:27:17,037][src.modRNN.training.training_loop][INFO] - train epoch 1507 loss 0.3129 accuracy 89.06%
[2026-05-04 19:27:17,039][src.modRNN.training.training_loop][INFO] - 	 Starting Epoch: 1508
[2026-05-04 19:27:18,370][src.modRNN.training.training_loop][INFO] - train epoch 1508 loss 0.2651 accuracy 90.62%
[2026-05-04 19:27:18,372][src.modRNN.training.training_loop][INFO] - 	 Starting Epoch: 1509
[2026-05-04 19:27:19,705][src.modRNN.training.training_loop][INFO] - train epoch 1509 loss 0.2754 accuracy 90.62%
[2026-05-04 19:27:19,706][src.modRNN.training.training_loop][INFO] - 	 Starting Epoch: 1510
[2026-05-04 19:27:21,038][src.modRNN.training.training_loop][INFO] - train epoch 1510 loss 0.2154 accuracy 95.31%
[2026-05-04 19:27:21,039][src.modRNN.training.training_loop][INFO] - 	 Starting Epoch: 1511
[2026-05-04 19:27:22,377][src.modRNN.training.training_loop][INFO] - train epoch 1511 loss 0.2432 accuracy 92.19%
[2026-05-04 19:27:22,378][src.modRNN.training.training_loop][INFO] - 	 Starting Epoch: 1512
[2026-05-04 19:27:23,717][src.modRNN.training.training_loop][INFO] - train epoch 1512 loss 0.1867 accuracy 93.75%
[2026-05-04 19:27:23,719][src.modRNN.training.training_loop][INFO] - 	 Starting Epoch: 1513
[2026-05-04 19:27:25,111][src.modRNN.training.training_loop][INFO] - train epoch 1513 loss 0.2645 accuracy 90.62%
[2026-05-04 19:27:25,113][src.modRNN.training.training_loop][INFO] - 	 Starting Epoch: 1514
[2026-05-04 19:27:26,454][src.modRNN.training.training_loop][INFO] - train epoch 1514 loss 0.2416 accuracy 87.50%
[2026-05-04 19:27:26,455][src.modRNN.training.training_loop][INFO] - 	 Starting Epoch: 1515
[2026-05-04 19:27:27,793][src.modRNN.training.training_loop][INFO] - train epoch 1515 loss 0.2581 accuracy 90.62%
[2026-05-04 19:27:27,794][src.modRNN.training.training_loop][INFO] - 	 Starting Epoch: 1516
[2026-05-04 19:27:29,128][src.modRNN.training.training_loop][INFO] - train epoch 1516 loss 0.3522 accuracy 81.25%
[2026-05-04 19:27:29,129][src.modRNN.training.training_loop][INFO] - 	 Starting Epoch: 1517
[2026-05-04 19:27:30,463][src.modRNN.training.training_loop][INFO] - train epoch 1517 loss 0.3199 accuracy 85.94%
[2026-05-04 19:27:30,464][src.modRNN.training.training_loop][INFO] - 	 Starting Epoch: 1518
[2026-05-04 19:27:31,798][src.modRNN.training.training_loop][INFO] - train epoch 1518 loss 0.2903 accuracy 93.75%
[2026-05-04 19:27:31,799][src.modRNN.training.training_loop][INFO] - 	 Starting Epoch: 1519
[2026-05-04 19:27:33,125][src.modRNN.training.training_loop][INFO] - train epoch 1519 loss 0.3126 accuracy 89.06%
[2026-05-04 19:27:33,126][src.modRNN.training.training_loop][INFO] - 	 Starting Epoch: 1520
[2026-05-04 19:27:34,450][src.modRNN.training.training_loop][INFO] - train epoch 1520 loss 0.3794 accuracy 89.06%
[2026-05-04 19:27:34,451][src.modRNN.training.training_loop][INFO] - 	 Starting Epoch: 1521
[2026-05-04 19:27:35,780][src.modRNN.training.training_loop][INFO] - train epoch 1521 loss 0.2370 accuracy 93.75%
[2026-05-04 19:27:35,781][src.modRNN.training.training_loop][INFO] - 	 Starting Epoch: 1522
[2026-05-04 19:27:37,107][src.modRNN.training.training_loop][INFO] - train epoch 1522 loss 0.1465 accuracy 98.44%
[2026-05-04 19:27:37,108][src.modRNN.training.training_loop][INFO] - 	 Starting Epoch: 1523
[2026-05-04 19:27:38,436][src.modRNN.training.training_loop][INFO] - train epoch 1523 loss 0.3162 accuracy 87.50%
[2026-05-04 19:27:38,437][src.modRNN.training.training_loop][INFO] - 	 Starting Epoch: 1524
[2026-05-04 19:27:39,764][src.modRNN.training.training_loop][INFO] - train epoch 1524 loss 0.3697 accuracy 85.94%
[2026-05-04 19:27:39,765][src.modRNN.training.training_loop][INFO] - 	 Starting Epoch: 1525
[2026-05-04 19:27:41,093][src.modRNN.training.training_loop][INFO] - train epoch 1525 loss 0.3716 accuracy 82.81%
[2026-05-04 19:27:41,095][src.modRNN.training.training_loop][INFO] - 	 Starting Epoch: 1526
[2026-05-04 19:27:42,417][src.modRNN.training.training_loop][INFO] - train epoch 1526 loss 0.3092 accuracy 89.06%
[2026-05-04 19:27:44,570][src.modRNN.training.training_loop][INFO] - eval  epoch 1526 loss 0.2692 accuracy 90.23%
[2026-05-04 19:27:44,571][src.modRNN.training.training_loop][INFO] - 	 Starting Epoch: 1527
[2026-05-04 19:27:45,895][src.modRNN.training.training_loop][INFO] - train epoch 1527 loss 0.2761 accuracy 90.62%
[2026-05-04 19:27:45,897][src.modRNN.training.training_loop][INFO] - 	 Starting Epoch: 1528
[2026-05-04 19:27:47,223][src.modRNN.training.training_loop][INFO] - train epoch 1528 loss 0.2769 accuracy 89.06%
[2026-05-04 19:27:47,224][src.modRNN.training.training_loop][INFO] - 	 Starting Epoch: 1529
[2026-05-04 19:27:48,552][src.modRNN.training.training_loop][INFO] - train epoch 1529 loss 0.2500 accuracy 93.75%
[2026-05-04 19:27:48,554][src.modRNN.training.training_loop][INFO] - 	 Starting Epoch: 1530
[2026-05-04 19:27:49,881][src.modRNN.training.training_loop][INFO] - train epoch 1530 loss 0.2550 accuracy 90.62%
[2026-05-04 19:27:49,882][src.modRNN.training.training_loop][INFO] - 	 Starting Epoch: 1531
[2026-05-04 19:27:51,211][src.modRNN.training.training_loop][INFO] - train epoch 1531 loss 0.3053 accuracy 90.62%
[2026-05-04 19:27:51,212][src.modRNN.training.training_loop][INFO] - 	 Starting Epoch: 1532
[2026-05-04 19:27:52,538][src.modRNN.training.training_loop][INFO] - train epoch 1532 loss 0.1688 accuracy 93.75%
[2026-05-04 19:27:52,540][src.modRNN.training.training_loop][INFO] - 	 Starting Epoch: 1533
[2026-05-04 19:27:53,863][src.modRNN.training.training_loop][INFO] - train epoch 1533 loss 0.2979 accuracy 92.19%
[2026-05-04 19:27:53,864][src.modRNN.training.training_loop][INFO] - 	 Starting Epoch: 1534
[2026-05-04 19:27:55,188][src.modRNN.training.training_loop][INFO] - train epoch 1534 loss 0.3553 accuracy 90.62%
[2026-05-04 19:27:55,189][src.modRNN.training.training_loop][INFO] - 	 Starting Epoch: 1535
[2026-05-04 19:27:56,513][src.modRNN.training.training_loop][INFO] - train epoch 1535 loss 0.2304 accuracy 93.75%
[2026-05-04 19:27:56,514][src.modRNN.training.training_loop][INFO] - 	 Starting Epoch: 1536
[2026-05-04 19:27:57,842][src.modRNN.training.training_loop][INFO] - train epoch 1536 loss 0.3325 accuracy 89.06%
[2026-05-04 19:27:57,843][src.modRNN.training.training_loop][INFO] - 	 Starting Epoch: 1537
[2026-05-04 19:27:59,178][src.modRNN.training.training_loop][INFO] - train epoch 1537 loss 0.2358 accuracy 93.75%
[2026-05-04 19:27:59,179][src.modRNN.training.training_loop][INFO] - 	 Starting Epoch: 1538
[2026-05-04 19:28:00,503][src.modRNN.training.training_loop][INFO] - train epoch 1538 loss 0.2983 accuracy 89.06%
[2026-05-04 19:28:00,505][src.modRNN.training.training_loop][INFO] - 	 Starting Epoch: 1539
[2026-05-04 19:28:01,830][src.modRNN.training.training_loop][INFO] - train epoch 1539 loss 0.2163 accuracy 93.75%
[2026-05-04 19:28:01,832][src.modRNN.training.training_loop][INFO] - 	 Starting Epoch: 1540
[2026-05-04 19:28:03,181][src.modRNN.training.training_loop][INFO] - train epoch 1540 loss 0.2653 accuracy 93.75%
[2026-05-04 19:28:03,183][src.modRNN.training.training_loop][INFO] - 	 Starting Epoch: 1541
[2026-05-04 19:28:04,518][src.modRNN.training.training_loop][INFO] - train epoch 1541 loss 0.2179 accuracy 93.75%
[2026-05-04 19:28:04,520][src.modRNN.training.training_loop][INFO] - 	 Starting Epoch: 1542
[2026-05-04 19:28:05,854][src.modRNN.training.training_loop][INFO] - train epoch 1542 loss 0.1940 accuracy 95.31%
[2026-05-04 19:28:05,856][src.modRNN.training.training_loop][INFO] - 	 Starting Epoch: 1543
[2026-05-04 19:28:07,191][src.modRNN.training.training_loop][INFO] - train epoch 1543 loss 0.1883 accuracy 95.31%
[2026-05-04 19:28:07,192][src.modRNN.training.training_loop][INFO] - 	 Starting Epoch: 1544
[2026-05-04 19:28:08,527][src.modRNN.training.training_loop][INFO] - train epoch 1544 loss 0.2502 accuracy 90.62%
[2026-05-04 19:28:08,529][src.modRNN.training.training_loop][INFO] - 	 Starting Epoch: 1545
[2026-05-04 19:28:09,861][src.modRNN.training.training_loop][INFO] - train epoch 1545 loss 0.3057 accuracy 84.38%
[2026-05-04 19:28:09,863][src.modRNN.training.training_loop][INFO] - 	 Starting Epoch: 1546
[2026-05-04 19:28:11,196][src.modRNN.training.training_loop][INFO] - train epoch 1546 loss 0.2175 accuracy 92.19%
[2026-05-04 19:28:11,198][src.modRNN.training.training_loop][INFO] - 	 Starting Epoch: 1547
[2026-05-04 19:28:12,531][src.modRNN.training.training_loop][INFO] - train epoch 1547 loss 0.1933 accuracy 93.75%
[2026-05-04 19:28:12,532][src.modRNN.training.training_loop][INFO] - 	 Starting Epoch: 1548
[2026-05-04 19:28:13,869][src.modRNN.training.training_loop][INFO] - train epoch 1548 loss 0.2234 accuracy 90.62%
[2026-05-04 19:28:13,870][src.modRNN.training.training_loop][INFO] - 	 Starting Epoch: 1549
[2026-05-04 19:28:15,209][src.modRNN.training.training_loop][INFO] - train epoch 1549 loss 0.3189 accuracy 89.06%
[2026-05-04 19:28:15,210][src.modRNN.training.training_loop][INFO] - 	 Starting Epoch: 1550
[2026-05-04 19:28:16,550][src.modRNN.training.training_loop][INFO] - train epoch 1550 loss 0.3109 accuracy 84.38%
[2026-05-04 19:28:16,552][src.modRNN.training.training_loop][INFO] - 	 Starting Epoch: 1551
[2026-05-04 19:28:17,886][src.modRNN.training.training_loop][INFO] - train epoch 1551 loss 0.3294 accuracy 87.50%
[2026-05-04 19:28:20,041][src.modRNN.training.training_loop][INFO] - eval  epoch 1551 loss 0.2954 accuracy 90.04%
[2026-05-04 19:28:20,043][src.modRNN.training.training_loop][INFO] - 	 Starting Epoch: 1552
[2026-05-04 19:28:21,378][src.modRNN.training.training_loop][INFO] - train epoch 1552 loss 0.1732 accuracy 96.88%
[2026-05-04 19:28:21,380][src.modRNN.training.training_loop][INFO] - 	 Starting Epoch: 1553
[2026-05-04 19:28:22,714][src.modRNN.training.training_loop][INFO] - train epoch 1553 loss 0.2279 accuracy 93.75%
[2026-05-04 19:28:22,715][src.modRNN.training.training_loop][INFO] - 	 Starting Epoch: 1554
[2026-05-04 19:28:24,056][src.modRNN.training.training_loop][INFO] - train epoch 1554 loss 0.2616 accuracy 92.19%
[2026-05-04 19:28:24,059][src.modRNN.training.training_loop][INFO] - 	 Starting Epoch: 1555
[2026-05-04 19:28:25,445][src.modRNN.training.training_loop][INFO] - train epoch 1555 loss 0.2363 accuracy 92.19%
[2026-05-04 19:28:25,446][src.modRNN.training.training_loop][INFO] - 	 Starting Epoch: 1556
[2026-05-04 19:28:26,782][src.modRNN.training.training_loop][INFO] - train epoch 1556 loss 0.2296 accuracy 92.19%
[2026-05-04 19:28:26,783][src.modRNN.training.training_loop][INFO] - 	 Starting Epoch: 1557
[2026-05-04 19:28:28,118][src.modRNN.training.training_loop][INFO] - train epoch 1557 loss 0.2953 accuracy 87.50%
[2026-05-04 19:28:28,120][src.modRNN.training.training_loop][INFO] - 	 Starting Epoch: 1558
[2026-05-04 19:28:29,451][src.modRNN.training.training_loop][INFO] - train epoch 1558 loss 0.3526 accuracy 87.50%
[2026-05-04 19:28:29,452][src.modRNN.training.training_loop][INFO] - 	 Starting Epoch: 1559
[2026-05-04 19:28:30,786][src.modRNN.training.training_loop][INFO] - train epoch 1559 loss 0.2416 accuracy 93.75%
[2026-05-04 19:28:30,788][src.modRNN.training.training_loop][INFO] - 	 Starting Epoch: 1560
[2026-05-04 19:28:32,117][src.modRNN.training.training_loop][INFO] - train epoch 1560 loss 0.3131 accuracy 87.50%
[2026-05-04 19:28:32,118][src.modRNN.training.training_loop][INFO] - 	 Starting Epoch: 1561
[2026-05-04 19:28:33,446][src.modRNN.training.training_loop][INFO] - train epoch 1561 loss 0.3572 accuracy 84.38%
[2026-05-04 19:28:33,447][src.modRNN.training.training_loop][INFO] - 	 Starting Epoch: 1562
[2026-05-04 19:28:34,776][src.modRNN.training.training_loop][INFO] - train epoch 1562 loss 0.2907 accuracy 92.19%
[2026-05-04 19:28:34,777][src.modRNN.training.training_loop][INFO] - 	 Starting Epoch: 1563
[2026-05-04 19:28:36,105][src.modRNN.training.training_loop][INFO] - train epoch 1563 loss 0.2190 accuracy 93.75%
[2026-05-04 19:28:36,107][src.modRNN.training.training_loop][INFO] - 	 Starting Epoch: 1564
[2026-05-04 19:28:37,432][src.modRNN.training.training_loop][INFO] - train epoch 1564 loss 0.2812 accuracy 90.62%
[2026-05-04 19:28:37,433][src.modRNN.training.training_loop][INFO] - 	 Starting Epoch: 1565
[2026-05-04 19:28:38,763][src.modRNN.training.training_loop][INFO] - train epoch 1565 loss 0.2118 accuracy 95.31%
[2026-05-04 19:28:38,764][src.modRNN.training.training_loop][INFO] - 	 Starting Epoch: 1566
[2026-05-04 19:28:40,092][src.modRNN.training.training_loop][INFO] - train epoch 1566 loss 0.2705 accuracy 89.06%
[2026-05-04 19:28:40,094][src.modRNN.training.training_loop][INFO] - 	 Starting Epoch: 1567
[2026-05-04 19:28:41,423][src.modRNN.training.training_loop][INFO] - train epoch 1567 loss 0.2264 accuracy 90.62%
[2026-05-04 19:28:41,425][src.modRNN.training.training_loop][INFO] - 	 Starting Epoch: 1568
[2026-05-04 19:28:42,758][src.modRNN.training.training_loop][INFO] - train epoch 1568 loss 0.3403 accuracy 84.38%
[2026-05-04 19:28:42,759][src.modRNN.training.training_loop][INFO] - 	 Starting Epoch: 1569
[2026-05-04 19:28:44,087][src.modRNN.training.training_loop][INFO] - train epoch 1569 loss 0.2868 accuracy 92.19%
[2026-05-04 19:28:44,088][src.modRNN.training.training_loop][INFO] - 	 Starting Epoch: 1570
[2026-05-04 19:28:45,414][src.modRNN.training.training_loop][INFO] - train epoch 1570 loss 0.4013 accuracy 82.81%
[2026-05-04 19:28:45,416][src.modRNN.training.training_loop][INFO] - 	 Starting Epoch: 1571
[2026-05-04 19:28:46,743][src.modRNN.training.training_loop][INFO] - train epoch 1571 loss 0.1791 accuracy 93.75%
[2026-05-04 19:28:46,744][src.modRNN.training.training_loop][INFO] - 	 Starting Epoch: 1572
[2026-05-04 19:28:48,070][src.modRNN.training.training_loop][INFO] - train epoch 1572 loss 0.2250 accuracy 93.75%
[2026-05-04 19:28:48,071][src.modRNN.training.training_loop][INFO] - 	 Starting Epoch: 1573
[2026-05-04 19:28:49,396][src.modRNN.training.training_loop][INFO] - train epoch 1573 loss 0.3222 accuracy 90.62%
[2026-05-04 19:28:49,397][src.modRNN.training.training_loop][INFO] - 	 Starting Epoch: 1574
[2026-05-04 19:28:50,726][src.modRNN.training.training_loop][INFO] - train epoch 1574 loss 0.2920 accuracy 87.50%
[2026-05-04 19:28:50,727][src.modRNN.training.training_loop][INFO] - 	 Starting Epoch: 1575
[2026-05-04 19:28:52,057][src.modRNN.training.training_loop][INFO] - train epoch 1575 loss 0.3784 accuracy 85.94%
[2026-05-04 19:28:52,059][src.modRNN.training.training_loop][INFO] - 	 Starting Epoch: 1576
[2026-05-04 19:28:53,383][src.modRNN.training.training_loop][INFO] - train epoch 1576 loss 0.2799 accuracy 85.94%
[2026-05-04 19:28:55,537][src.modRNN.training.training_loop][INFO] - eval  epoch 1576 loss 0.2776 accuracy 91.80%
[2026-05-04 19:28:55,538][src.modRNN.training.training_loop][INFO] - 	 Starting Epoch: 1577
[2026-05-04 19:28:56,865][src.modRNN.training.training_loop][INFO] - train epoch 1577 loss 0.2963 accuracy 92.19%
[2026-05-04 19:28:56,867][src.modRNN.training.training_loop][INFO] - 	 Starting Epoch: 1578
[2026-05-04 19:28:58,192][src.modRNN.training.training_loop][INFO] - train epoch 1578 loss 0.2124 accuracy 92.19%
[2026-05-04 19:28:58,193][src.modRNN.training.training_loop][INFO] - 	 Starting Epoch: 1579
[2026-05-04 19:28:59,519][src.modRNN.training.training_loop][INFO] - train epoch 1579 loss 0.2701 accuracy 92.19%
[2026-05-04 19:28:59,520][src.modRNN.training.training_loop][INFO] - 	 Starting Epoch: 1580
[2026-05-04 19:29:00,845][src.modRNN.training.training_loop][INFO] - train epoch 1580 loss 0.2976 accuracy 90.62%
[2026-05-04 19:29:00,847][src.modRNN.training.training_loop][INFO] - 	 Starting Epoch: 1581
[2026-05-04 19:29:02,183][src.modRNN.training.training_loop][INFO] - train epoch 1581 loss 0.2459 accuracy 89.06%
[2026-05-04 19:29:02,184][src.modRNN.training.training_loop][INFO] - 	 Starting Epoch: 1582
[2026-05-04 19:29:03,521][src.modRNN.training.training_loop][INFO] - train epoch 1582 loss 0.2576 accuracy 92.19%
[2026-05-04 19:29:03,523][src.modRNN.training.training_loop][INFO] - 	 Starting Epoch: 1583
[2026-05-04 19:29:04,857][src.modRNN.training.training_loop][INFO] - train epoch 1583 loss 0.2440 accuracy 92.19%
[2026-05-04 19:29:04,859][src.modRNN.training.training_loop][INFO] - 	 Starting Epoch: 1584
[2026-05-04 19:29:06,191][src.modRNN.training.training_loop][INFO] - train epoch 1584 loss 0.2882 accuracy 87.50%
[2026-05-04 19:29:06,193][src.modRNN.training.training_loop][INFO] - 	 Starting Epoch: 1585
[2026-05-04 19:29:07,529][src.modRNN.training.training_loop][INFO] - train epoch 1585 loss 0.2384 accuracy 95.31%
[2026-05-04 19:29:07,530][src.modRNN.training.training_loop][INFO] - 	 Starting Epoch: 1586
[2026-05-04 19:29:08,863][src.modRNN.training.training_loop][INFO] - train epoch 1586 loss 0.2936 accuracy 92.19%
[2026-05-04 19:29:08,865][src.modRNN.training.training_loop][INFO] - 	 Starting Epoch: 1587
[2026-05-04 19:29:10,199][src.modRNN.training.training_loop][INFO] - train epoch 1587 loss 0.2200 accuracy 93.75%
[2026-05-04 19:29:10,201][src.modRNN.training.training_loop][INFO] - 	 Starting Epoch: 1588
[2026-05-04 19:29:11,537][src.modRNN.training.training_loop][INFO] - train epoch 1588 loss 0.2177 accuracy 95.31%
[2026-05-04 19:29:11,539][src.modRNN.training.training_loop][INFO] - 	 Starting Epoch: 1589
[2026-05-04 19:29:12,871][src.modRNN.training.training_loop][INFO] - train epoch 1589 loss 0.3229 accuracy 89.06%
[2026-05-04 19:29:12,873][src.modRNN.training.training_loop][INFO] - 	 Starting Epoch: 1590
[2026-05-04 19:29:14,206][src.modRNN.training.training_loop][INFO] - train epoch 1590 loss 0.2153 accuracy 90.62%
[2026-05-04 19:29:14,208][src.modRNN.training.training_loop][INFO] - 	 Starting Epoch: 1591
[2026-05-04 19:29:15,540][src.modRNN.training.training_loop][INFO] - train epoch 1591 loss 0.1954 accuracy 95.31%
[2026-05-04 19:29:15,542][src.modRNN.training.training_loop][INFO] - 	 Starting Epoch: 1592
[2026-05-04 19:29:16,875][src.modRNN.training.training_loop][INFO] - train epoch 1592 loss 0.2607 accuracy 92.19%
[2026-05-04 19:29:16,877][src.modRNN.training.training_loop][INFO] - 	 Starting Epoch: 1593
[2026-05-04 19:29:18,211][src.modRNN.training.training_loop][INFO] - train epoch 1593 loss 0.3245 accuracy 87.50%
[2026-05-04 19:29:18,213][src.modRNN.training.training_loop][INFO] - 	 Starting Epoch: 1594
[2026-05-04 19:29:19,547][src.modRNN.training.training_loop][INFO] - train epoch 1594 loss 0.2739 accuracy 90.62%
[2026-05-04 19:29:19,549][src.modRNN.training.training_loop][INFO] - 	 Starting Epoch: 1595
[2026-05-04 19:29:20,881][src.modRNN.training.training_loop][INFO] - train epoch 1595 loss 0.2017 accuracy 95.31%
[2026-05-04 19:29:20,883][src.modRNN.training.training_loop][INFO] - 	 Starting Epoch: 1596
[2026-05-04 19:29:22,216][src.modRNN.training.training_loop][INFO] - train epoch 1596 loss 0.2015 accuracy 92.19%
[2026-05-04 19:29:22,218][src.modRNN.training.training_loop][INFO] - 	 Starting Epoch: 1597
[2026-05-04 19:29:23,551][src.modRNN.training.training_loop][INFO] - train epoch 1597 loss 0.2870 accuracy 90.62%
[2026-05-04 19:29:23,552][src.modRNN.training.training_loop][INFO] - 	 Starting Epoch: 1598
[2026-05-04 19:29:24,927][src.modRNN.training.training_loop][INFO] - train epoch 1598 loss 0.2880 accuracy 90.62%
[2026-05-04 19:29:24,928][src.modRNN.training.training_loop][INFO] - 	 Starting Epoch: 1599
[2026-05-04 19:29:26,263][src.modRNN.training.training_loop][INFO] - train epoch 1599 loss 0.2626 accuracy 89.06%
[2026-05-04 19:29:26,265][src.modRNN.training.training_loop][INFO] - 	 Starting Epoch: 1600
[2026-05-04 19:29:27,600][src.modRNN.training.training_loop][INFO] - train epoch 1600 loss 0.2680 accuracy 92.19%
[2026-05-04 19:29:27,602][src.modRNN.training.training_loop][INFO] - 	 Starting Epoch: 1601
[2026-05-04 19:29:28,944][src.modRNN.training.training_loop][INFO] - train epoch 1601 loss 0.2141 accuracy 92.19%
[2026-05-04 19:29:31,095][src.modRNN.training.training_loop][INFO] - eval  epoch 1601 loss 0.2583 accuracy 91.80%
[2026-05-04 19:29:31,097][src.modRNN.training.training_loop][INFO] - 	 Starting Epoch: 1602
[2026-05-04 19:29:32,424][src.modRNN.training.training_loop][INFO] - train epoch 1602 loss 0.1728 accuracy 96.88%
[2026-05-04 19:29:32,425][src.modRNN.training.training_loop][INFO] - 	 Starting Epoch: 1603
[2026-05-04 19:29:33,752][src.modRNN.training.training_loop][INFO] - train epoch 1603 loss 0.2218 accuracy 95.31%
[2026-05-04 19:29:33,753][src.modRNN.training.training_loop][INFO] - 	 Starting Epoch: 1604
[2026-05-04 19:29:35,080][src.modRNN.training.training_loop][INFO] - train epoch 1604 loss 0.2016 accuracy 95.31%
[2026-05-04 19:29:35,081][src.modRNN.training.training_loop][INFO] - 	 Starting Epoch: 1605
[2026-05-04 19:29:36,407][src.modRNN.training.training_loop][INFO] - train epoch 1605 loss 0.2112 accuracy 93.75%
[2026-05-04 19:29:36,409][src.modRNN.training.training_loop][INFO] - 	 Starting Epoch: 1606
[2026-05-04 19:29:37,735][src.modRNN.training.training_loop][INFO] - train epoch 1606 loss 0.2504 accuracy 90.62%
[2026-05-04 19:29:37,737][src.modRNN.training.training_loop][INFO] - 	 Starting Epoch: 1607
[2026-05-04 19:29:39,063][src.modRNN.training.training_loop][INFO] - train epoch 1607 loss 0.3452 accuracy 87.50%
[2026-05-04 19:29:39,065][src.modRNN.training.training_loop][INFO] - 	 Starting Epoch: 1608
[2026-05-04 19:29:40,389][src.modRNN.training.training_loop][INFO] - train epoch 1608 loss 0.2443 accuracy 92.19%
[2026-05-04 19:29:40,390][src.modRNN.training.training_loop][INFO] - 	 Starting Epoch: 1609
[2026-05-04 19:29:41,714][src.modRNN.training.training_loop][INFO] - train epoch 1609 loss 0.2650 accuracy 85.94%
[2026-05-04 19:29:41,715][src.modRNN.training.training_loop][INFO] - 	 Starting Epoch: 1610
[2026-05-04 19:29:43,037][src.modRNN.training.training_loop][INFO] - train epoch 1610 loss 0.2294 accuracy 89.06%
[2026-05-04 19:29:43,038][src.modRNN.training.training_loop][INFO] - 	 Starting Epoch: 1611
[2026-05-04 19:29:44,365][src.modRNN.training.training_loop][INFO] - train epoch 1611 loss 0.2141 accuracy 93.75%
[2026-05-04 19:29:44,366][src.modRNN.training.training_loop][INFO] - 	 Starting Epoch: 1612
[2026-05-04 19:29:45,693][src.modRNN.training.training_loop][INFO] - train epoch 1612 loss 0.2169 accuracy 90.62%
[2026-05-04 19:29:45,694][src.modRNN.training.training_loop][INFO] - 	 Starting Epoch: 1613
[2026-05-04 19:29:47,021][src.modRNN.training.training_loop][INFO] - train epoch 1613 loss 0.2344 accuracy 92.19%
[2026-05-04 19:29:47,022][src.modRNN.training.training_loop][INFO] - 	 Starting Epoch: 1614
[2026-05-04 19:29:48,350][src.modRNN.training.training_loop][INFO] - train epoch 1614 loss 0.2592 accuracy 90.62%
[2026-05-04 19:29:48,352][src.modRNN.training.training_loop][INFO] - 	 Starting Epoch: 1615
[2026-05-04 19:29:49,676][src.modRNN.training.training_loop][INFO] - train epoch 1615 loss 0.2468 accuracy 92.19%
[2026-05-04 19:29:49,678][src.modRNN.training.training_loop][INFO] - 	 Starting Epoch: 1616
[2026-05-04 19:29:51,002][src.modRNN.training.training_loop][INFO] - train epoch 1616 loss 0.1936 accuracy 96.88%
[2026-05-04 19:29:51,003][src.modRNN.training.training_loop][INFO] - 	 Starting Epoch: 1617
[2026-05-04 19:29:52,328][src.modRNN.training.training_loop][INFO] - train epoch 1617 loss 0.2103 accuracy 93.75%
[2026-05-04 19:29:52,329][src.modRNN.training.training_loop][INFO] - 	 Starting Epoch: 1618
[2026-05-04 19:29:53,655][src.modRNN.training.training_loop][INFO] - train epoch 1618 loss 0.2839 accuracy 92.19%
[2026-05-04 19:29:53,656][src.modRNN.training.training_loop][INFO] - 	 Starting Epoch: 1619
[2026-05-04 19:29:54,985][src.modRNN.training.training_loop][INFO] - train epoch 1619 loss 0.2550 accuracy 90.62%
[2026-05-04 19:29:54,986][src.modRNN.training.training_loop][INFO] - 	 Starting Epoch: 1620
[2026-05-04 19:29:56,310][src.modRNN.training.training_loop][INFO] - train epoch 1620 loss 0.1979 accuracy 95.31%
[2026-05-04 19:29:56,311][src.modRNN.training.training_loop][INFO] - 	 Starting Epoch: 1621
[2026-05-04 19:29:57,636][src.modRNN.training.training_loop][INFO] - train epoch 1621 loss 0.3205 accuracy 90.62%
[2026-05-04 19:29:57,637][src.modRNN.training.training_loop][INFO] - 	 Starting Epoch: 1622
[2026-05-04 19:29:58,962][src.modRNN.training.training_loop][INFO] - train epoch 1622 loss 0.2571 accuracy 89.06%
[2026-05-04 19:29:58,963][src.modRNN.training.training_loop][INFO] - 	 Starting Epoch: 1623
[2026-05-04 19:30:00,287][src.modRNN.training.training_loop][INFO] - train epoch 1623 loss 0.2334 accuracy 93.75%
[2026-05-04 19:30:00,288][src.modRNN.training.training_loop][INFO] - 	 Starting Epoch: 1624
[2026-05-04 19:30:01,622][src.modRNN.training.training_loop][INFO] - train epoch 1624 loss 0.2076 accuracy 92.19%
[2026-05-04 19:30:01,624][src.modRNN.training.training_loop][INFO] - 	 Starting Epoch: 1625
[2026-05-04 19:30:02,961][src.modRNN.training.training_loop][INFO] - train epoch 1625 loss 0.3100 accuracy 89.06%
[2026-05-04 19:30:02,962][src.modRNN.training.training_loop][INFO] - 	 Starting Epoch: 1626
[2026-05-04 19:30:04,295][src.modRNN.training.training_loop][INFO] - train epoch 1626 loss 0.3667 accuracy 85.94%
[2026-05-04 19:30:06,450][src.modRNN.training.training_loop][INFO] - eval  epoch 1626 loss 0.2465 accuracy 92.19%
[2026-05-04 19:30:06,451][src.modRNN.training.training_loop][INFO] - 	 Starting Epoch: 1627
[2026-05-04 19:30:07,785][src.modRNN.training.training_loop][INFO] - train epoch 1627 loss 0.2600 accuracy 92.19%
[2026-05-04 19:30:07,787][src.modRNN.training.training_loop][INFO] - 	 Starting Epoch: 1628
[2026-05-04 19:30:09,121][src.modRNN.training.training_loop][INFO] - train epoch 1628 loss 0.3634 accuracy 82.81%
[2026-05-04 19:30:09,122][src.modRNN.training.training_loop][INFO] - 	 Starting Epoch: 1629
[2026-05-04 19:30:10,458][src.modRNN.training.training_loop][INFO] - train epoch 1629 loss 0.2696 accuracy 89.06%
[2026-05-04 19:30:10,459][src.modRNN.training.training_loop][INFO] - 	 Starting Epoch: 1630
[2026-05-04 19:30:11,797][src.modRNN.training.training_loop][INFO] - train epoch 1630 loss 0.1765 accuracy 93.75%
[2026-05-04 19:30:11,799][src.modRNN.training.training_loop][INFO] - 	 Starting Epoch: 1631
[2026-05-04 19:30:13,136][src.modRNN.training.training_loop][INFO] - train epoch 1631 loss 0.2495 accuracy 92.19%
[2026-05-04 19:30:13,137][src.modRNN.training.training_loop][INFO] - 	 Starting Epoch: 1632
[2026-05-04 19:30:14,472][src.modRNN.training.training_loop][INFO] - train epoch 1632 loss 0.2298 accuracy 89.06%
[2026-05-04 19:30:14,474][src.modRNN.training.training_loop][INFO] - 	 Starting Epoch: 1633
[2026-05-04 19:30:15,805][src.modRNN.training.training_loop][INFO] - train epoch 1633 loss 0.2149 accuracy 93.75%
[2026-05-04 19:30:15,806][src.modRNN.training.training_loop][INFO] - 	 Starting Epoch: 1634
[2026-05-04 19:30:17,141][src.modRNN.training.training_loop][INFO] - train epoch 1634 loss 0.2023 accuracy 95.31%
[2026-05-04 19:30:17,143][src.modRNN.training.training_loop][INFO] - 	 Starting Epoch: 1635
[2026-05-04 19:30:18,475][src.modRNN.training.training_loop][INFO] - train epoch 1635 loss 0.2040 accuracy 93.75%
[2026-05-04 19:30:18,477][src.modRNN.training.training_loop][INFO] - 	 Starting Epoch: 1636
[2026-05-04 19:30:19,811][src.modRNN.training.training_loop][INFO] - train epoch 1636 loss 0.2870 accuracy 93.75%
[2026-05-04 19:30:19,812][src.modRNN.training.training_loop][INFO] - 	 Starting Epoch: 1637
[2026-05-04 19:30:21,147][src.modRNN.training.training_loop][INFO] - train epoch 1637 loss 0.2680 accuracy 89.06%
[2026-05-04 19:30:21,148][src.modRNN.training.training_loop][INFO] - 	 Starting Epoch: 1638
[2026-05-04 19:30:22,482][src.modRNN.training.training_loop][INFO] - train epoch 1638 loss 0.2644 accuracy 92.19%
[2026-05-04 19:30:22,483][src.modRNN.training.training_loop][INFO] - 	 Starting Epoch: 1639
[2026-05-04 19:30:23,819][src.modRNN.training.training_loop][INFO] - train epoch 1639 loss 0.2041 accuracy 93.75%
[2026-05-04 19:30:23,821][src.modRNN.training.training_loop][INFO] - 	 Starting Epoch: 1640
[2026-05-04 19:30:25,185][src.modRNN.training.training_loop][INFO] - train epoch 1640 loss 0.3012 accuracy 90.62%
[2026-05-04 19:30:25,187][src.modRNN.training.training_loop][INFO] - 	 Starting Epoch: 1641
[2026-05-04 19:30:26,521][src.modRNN.training.training_loop][INFO] - train epoch 1641 loss 0.2531 accuracy 85.94%
[2026-05-04 19:30:26,523][src.modRNN.training.training_loop][INFO] - 	 Starting Epoch: 1642
[2026-05-04 19:30:27,858][src.modRNN.training.training_loop][INFO] - train epoch 1642 loss 0.3122 accuracy 87.50%
[2026-05-04 19:30:27,859][src.modRNN.training.training_loop][INFO] - 	 Starting Epoch: 1643
[2026-05-04 19:30:29,193][src.modRNN.training.training_loop][INFO] - train epoch 1643 loss 0.1625 accuracy 96.88%
[2026-05-04 19:30:29,195][src.modRNN.training.training_loop][INFO] - 	 Starting Epoch: 1644
[2026-05-04 19:30:30,529][src.modRNN.training.training_loop][INFO] - train epoch 1644 loss 0.1894 accuracy 96.88%
[2026-05-04 19:30:30,530][src.modRNN.training.training_loop][INFO] - 	 Starting Epoch: 1645
[2026-05-04 19:30:31,860][src.modRNN.training.training_loop][INFO] - train epoch 1645 loss 0.2258 accuracy 93.75%
[2026-05-04 19:30:31,862][src.modRNN.training.training_loop][INFO] - 	 Starting Epoch: 1646
[2026-05-04 19:30:33,186][src.modRNN.training.training_loop][INFO] - train epoch 1646 loss 0.2977 accuracy 90.62%
[2026-05-04 19:30:33,188][src.modRNN.training.training_loop][INFO] - 	 Starting Epoch: 1647
[2026-05-04 19:30:34,515][src.modRNN.training.training_loop][INFO] - train epoch 1647 loss 0.3688 accuracy 87.50%
[2026-05-04 19:30:34,517][src.modRNN.training.training_loop][INFO] - 	 Starting Epoch: 1648
[2026-05-04 19:30:35,845][src.modRNN.training.training_loop][INFO] - train epoch 1648 loss 0.1441 accuracy 98.44%
[2026-05-04 19:30:35,847][src.modRNN.training.training_loop][INFO] - 	 Starting Epoch: 1649
[2026-05-04 19:30:37,178][src.modRNN.training.training_loop][INFO] - train epoch 1649 loss 0.1594 accuracy 96.88%
[2026-05-04 19:30:37,179][src.modRNN.training.training_loop][INFO] - 	 Starting Epoch: 1650
[2026-05-04 19:30:38,509][src.modRNN.training.training_loop][INFO] - train epoch 1650 loss 0.2361 accuracy 92.19%
[2026-05-04 19:30:38,510][src.modRNN.training.training_loop][INFO] - 	 Starting Epoch: 1651
[2026-05-04 19:30:39,835][src.modRNN.training.training_loop][INFO] - train epoch 1651 loss 0.1469 accuracy 96.88%
[2026-05-04 19:30:41,983][src.modRNN.training.training_loop][INFO] - eval  epoch 1651 loss 0.2441 accuracy 92.38%
[2026-05-04 19:30:41,985][src.modRNN.training.training_loop][INFO] - 	 Starting Epoch: 1652
[2026-05-04 19:30:43,311][src.modRNN.training.training_loop][INFO] - train epoch 1652 loss 0.3246 accuracy 90.62%
[2026-05-04 19:30:43,312][src.modRNN.training.training_loop][INFO] - 	 Starting Epoch: 1653
[2026-05-04 19:30:44,640][src.modRNN.training.training_loop][INFO] - train epoch 1653 loss 0.2673 accuracy 89.06%
[2026-05-04 19:30:44,641][src.modRNN.training.training_loop][INFO] - 	 Starting Epoch: 1654
[2026-05-04 19:30:45,967][src.modRNN.training.training_loop][INFO] - train epoch 1654 loss 0.2641 accuracy 90.62%
[2026-05-04 19:30:45,969][src.modRNN.training.training_loop][INFO] - 	 Starting Epoch: 1655
[2026-05-04 19:30:47,294][src.modRNN.training.training_loop][INFO] - train epoch 1655 loss 0.2331 accuracy 90.62%
[2026-05-04 19:30:47,295][src.modRNN.training.training_loop][INFO] - 	 Starting Epoch: 1656
[2026-05-04 19:30:48,623][src.modRNN.training.training_loop][INFO] - train epoch 1656 loss 0.2382 accuracy 90.62%
[2026-05-04 19:30:48,624][src.modRNN.training.training_loop][INFO] - 	 Starting Epoch: 1657
[2026-05-04 19:30:49,952][src.modRNN.training.training_loop][INFO] - train epoch 1657 loss 0.1963 accuracy 93.75%
[2026-05-04 19:30:49,954][src.modRNN.training.training_loop][INFO] - 	 Starting Epoch: 1658
[2026-05-04 19:30:51,279][src.modRNN.training.training_loop][INFO] - train epoch 1658 loss 0.3609 accuracy 85.94%
[2026-05-04 19:30:51,280][src.modRNN.training.training_loop][INFO] - 	 Starting Epoch: 1659
[2026-05-04 19:30:52,606][src.modRNN.training.training_loop][INFO] - train epoch 1659 loss 0.2036 accuracy 96.88%
[2026-05-04 19:30:52,607][src.modRNN.training.training_loop][INFO] - 	 Starting Epoch: 1660
[2026-05-04 19:30:53,932][src.modRNN.training.training_loop][INFO] - train epoch 1660 loss 0.1649 accuracy 95.31%
[2026-05-04 19:30:53,934][src.modRNN.training.training_loop][INFO] - 	 Starting Epoch: 1661
[2026-05-04 19:30:55,260][src.modRNN.training.training_loop][INFO] - train epoch 1661 loss 0.1952 accuracy 95.31%
[2026-05-04 19:30:55,262][src.modRNN.training.training_loop][INFO] - 	 Starting Epoch: 1662
[2026-05-04 19:30:56,589][src.modRNN.training.training_loop][INFO] - train epoch 1662 loss 0.1882 accuracy 92.19%
[2026-05-04 19:30:56,591][src.modRNN.training.training_loop][INFO] - 	 Starting Epoch: 1663
[2026-05-04 19:30:57,919][src.modRNN.training.training_loop][INFO] - train epoch 1663 loss 0.1891 accuracy 95.31%
[2026-05-04 19:30:57,921][src.modRNN.training.training_loop][INFO] - 	 Starting Epoch: 1664
[2026-05-04 19:30:59,246][src.modRNN.training.training_loop][INFO] - train epoch 1664 loss 0.2876 accuracy 89.06%
[2026-05-04 19:30:59,248][src.modRNN.training.training_loop][INFO] - 	 Starting Epoch: 1665
[2026-05-04 19:31:00,572][src.modRNN.training.training_loop][INFO] - train epoch 1665 loss 0.1956 accuracy 96.88%
[2026-05-04 19:31:00,574][src.modRNN.training.training_loop][INFO] - 	 Starting Epoch: 1666
[2026-05-04 19:31:01,902][src.modRNN.training.training_loop][INFO] - train epoch 1666 loss 0.2335 accuracy 93.75%
[2026-05-04 19:31:01,914][src.modRNN.training.training_loop][INFO] - 	 Starting Epoch: 1667
[2026-05-04 19:31:03,307][src.modRNN.training.training_loop][INFO] - train epoch 1667 loss 0.2390 accuracy 87.50%
[2026-05-04 19:31:03,308][src.modRNN.training.training_loop][INFO] - 	 Starting Epoch: 1668
[2026-05-04 19:31:04,645][src.modRNN.training.training_loop][INFO] - train epoch 1668 loss 0.4216 accuracy 82.81%
[2026-05-04 19:31:04,647][src.modRNN.training.training_loop][INFO] - 	 Starting Epoch: 1669
[2026-05-04 19:31:05,981][src.modRNN.training.training_loop][INFO] - train epoch 1669 loss 0.1913 accuracy 93.75%
[2026-05-04 19:31:05,983][src.modRNN.training.training_loop][INFO] - 	 Starting Epoch: 1670
[2026-05-04 19:31:07,317][src.modRNN.training.training_loop][INFO] - train epoch 1670 loss 0.1778 accuracy 93.75%
[2026-05-04 19:31:07,319][src.modRNN.training.training_loop][INFO] - 	 Starting Epoch: 1671
[2026-05-04 19:31:08,653][src.modRNN.training.training_loop][INFO] - train epoch 1671 loss 0.3038 accuracy 84.38%
[2026-05-04 19:31:08,654][src.modRNN.training.training_loop][INFO] - 	 Starting Epoch: 1672
[2026-05-04 19:31:09,989][src.modRNN.training.training_loop][INFO] - train epoch 1672 loss 0.1749 accuracy 93.75%
[2026-05-04 19:31:09,990][src.modRNN.training.training_loop][INFO] - 	 Starting Epoch: 1673
[2026-05-04 19:31:11,324][src.modRNN.training.training_loop][INFO] - train epoch 1673 loss 0.3455 accuracy 90.62%
[2026-05-04 19:31:11,325][src.modRNN.training.training_loop][INFO] - 	 Starting Epoch: 1674
[2026-05-04 19:31:12,661][src.modRNN.training.training_loop][INFO] - train epoch 1674 loss 0.2783 accuracy 92.19%
[2026-05-04 19:31:12,662][src.modRNN.training.training_loop][INFO] - 	 Starting Epoch: 1675
[2026-05-04 19:31:14,003][src.modRNN.training.training_loop][INFO] - train epoch 1675 loss 0.2876 accuracy 89.06%
[2026-05-04 19:31:14,005][src.modRNN.training.training_loop][INFO] - 	 Starting Epoch: 1676
[2026-05-04 19:31:15,337][src.modRNN.training.training_loop][INFO] - train epoch 1676 loss 0.1618 accuracy 95.31%
[2026-05-04 19:31:17,499][src.modRNN.training.training_loop][INFO] - eval  epoch 1676 loss 0.2630 accuracy 90.23%
[2026-05-04 19:31:17,500][src.modRNN.training.training_loop][INFO] - 	 Starting Epoch: 1677
[2026-05-04 19:31:18,836][src.modRNN.training.training_loop][INFO] - train epoch 1677 loss 0.3318 accuracy 85.94%
[2026-05-04 19:31:18,838][src.modRNN.training.training_loop][INFO] - 	 Starting Epoch: 1678
[2026-05-04 19:31:20,171][src.modRNN.training.training_loop][INFO] - train epoch 1678 loss 0.2886 accuracy 89.06%
[2026-05-04 19:31:20,172][src.modRNN.training.training_loop][INFO] - 	 Starting Epoch: 1679
[2026-05-04 19:31:21,507][src.modRNN.training.training_loop][INFO] - train epoch 1679 loss 0.2534 accuracy 89.06%
[2026-05-04 19:31:21,508][src.modRNN.training.training_loop][INFO] - 	 Starting Epoch: 1680
[2026-05-04 19:31:22,842][src.modRNN.training.training_loop][INFO] - train epoch 1680 loss 0.2599 accuracy 92.19%
[2026-05-04 19:31:22,844][src.modRNN.training.training_loop][INFO] - 	 Starting Epoch: 1681
[2026-05-04 19:31:24,193][src.modRNN.training.training_loop][INFO] - train epoch 1681 loss 0.2633 accuracy 90.62%
[2026-05-04 19:31:24,195][src.modRNN.training.training_loop][INFO] - 	 Starting Epoch: 1682
[2026-05-04 19:31:25,582][src.modRNN.training.training_loop][INFO] - train epoch 1682 loss 0.3432 accuracy 84.38%
[2026-05-04 19:31:25,584][src.modRNN.training.training_loop][INFO] - 	 Starting Epoch: 1683
[2026-05-04 19:31:26,918][src.modRNN.training.training_loop][INFO] - train epoch 1683 loss 0.3584 accuracy 84.38%
[2026-05-04 19:31:26,920][src.modRNN.training.training_loop][INFO] - 	 Starting Epoch: 1684
[2026-05-04 19:31:28,254][src.modRNN.training.training_loop][INFO] - train epoch 1684 loss 0.2291 accuracy 90.62%
[2026-05-04 19:31:28,256][src.modRNN.training.training_loop][INFO] - 	 Starting Epoch: 1685
[2026-05-04 19:31:29,590][src.modRNN.training.training_loop][INFO] - train epoch 1685 loss 0.1502 accuracy 95.31%
[2026-05-04 19:31:29,591][src.modRNN.training.training_loop][INFO] - 	 Starting Epoch: 1686
[2026-05-04 19:31:30,924][src.modRNN.training.training_loop][INFO] - train epoch 1686 loss 0.2982 accuracy 89.06%
[2026-05-04 19:31:30,925][src.modRNN.training.training_loop][INFO] - 	 Starting Epoch: 1687
[2026-05-04 19:31:32,256][src.modRNN.training.training_loop][INFO] - train epoch 1687 loss 0.3021 accuracy 87.50%
[2026-05-04 19:31:32,257][src.modRNN.training.training_loop][INFO] - 	 Starting Epoch: 1688
[2026-05-04 19:31:33,583][src.modRNN.training.training_loop][INFO] - train epoch 1688 loss 0.2932 accuracy 89.06%
[2026-05-04 19:31:33,585][src.modRNN.training.training_loop][INFO] - 	 Starting Epoch: 1689
[2026-05-04 19:31:34,910][src.modRNN.training.training_loop][INFO] - train epoch 1689 loss 0.3920 accuracy 84.38%
[2026-05-04 19:31:34,912][src.modRNN.training.training_loop][INFO] - 	 Starting Epoch: 1690
[2026-05-04 19:31:36,238][src.modRNN.training.training_loop][INFO] - train epoch 1690 loss 0.2590 accuracy 89.06%
[2026-05-04 19:31:36,239][src.modRNN.training.training_loop][INFO] - 	 Starting Epoch: 1691
[2026-05-04 19:31:37,565][src.modRNN.training.training_loop][INFO] - train epoch 1691 loss 0.3192 accuracy 84.38%
[2026-05-04 19:31:37,566][src.modRNN.training.training_loop][INFO] - 	 Starting Epoch: 1692
[2026-05-04 19:31:38,893][src.modRNN.training.training_loop][INFO] - train epoch 1692 loss 0.2704 accuracy 90.62%
[2026-05-04 19:31:38,894][src.modRNN.training.training_loop][INFO] - 	 Starting Epoch: 1693
[2026-05-04 19:31:40,221][src.modRNN.training.training_loop][INFO] - train epoch 1693 loss 0.4212 accuracy 81.25%
[2026-05-04 19:31:40,222][src.modRNN.training.training_loop][INFO] - 	 Starting Epoch: 1694
[2026-05-04 19:31:41,550][src.modRNN.training.training_loop][INFO] - train epoch 1694 loss 0.4255 accuracy 78.12%
[2026-05-04 19:31:41,551][src.modRNN.training.training_loop][INFO] - 	 Starting Epoch: 1695
[2026-05-04 19:31:42,877][src.modRNN.training.training_loop][INFO] - train epoch 1695 loss 0.2585 accuracy 92.19%
[2026-05-04 19:31:42,879][src.modRNN.training.training_loop][INFO] - 	 Starting Epoch: 1696
[2026-05-04 19:31:44,205][src.modRNN.training.training_loop][INFO] - train epoch 1696 loss 0.2822 accuracy 92.19%
[2026-05-04 19:31:44,207][src.modRNN.training.training_loop][INFO] - 	 Starting Epoch: 1697
[2026-05-04 19:31:45,532][src.modRNN.training.training_loop][INFO] - train epoch 1697 loss 0.3199 accuracy 90.62%
[2026-05-04 19:31:45,534][src.modRNN.training.training_loop][INFO] - 	 Starting Epoch: 1698
[2026-05-04 19:31:46,860][src.modRNN.training.training_loop][INFO] - train epoch 1698 loss 0.2457 accuracy 92.19%
[2026-05-04 19:31:46,861][src.modRNN.training.training_loop][INFO] - 	 Starting Epoch: 1699
[2026-05-04 19:31:48,187][src.modRNN.training.training_loop][INFO] - train epoch 1699 loss 0.3508 accuracy 87.50%
[2026-05-04 19:31:48,189][src.modRNN.training.training_loop][INFO] - 	 Starting Epoch: 1700
[2026-05-04 19:31:49,515][src.modRNN.training.training_loop][INFO] - train epoch 1700 loss 0.3334 accuracy 85.94%
[2026-05-04 19:31:49,517][src.modRNN.training.training_loop][INFO] - 	 Starting Epoch: 1701
[2026-05-04 19:31:50,839][src.modRNN.training.training_loop][INFO] - train epoch 1701 loss 0.3667 accuracy 85.94%
[2026-05-04 19:31:52,988][src.modRNN.training.training_loop][INFO] - eval  epoch 1701 loss 0.3442 accuracy 86.91%
[2026-05-04 19:31:52,990][src.modRNN.training.training_loop][INFO] - 	 Starting Epoch: 1702
[2026-05-04 19:31:54,317][src.modRNN.training.training_loop][INFO] - train epoch 1702 loss 0.3119 accuracy 87.50%
[2026-05-04 19:31:54,318][src.modRNN.training.training_loop][INFO] - 	 Starting Epoch: 1703
[2026-05-04 19:31:55,643][src.modRNN.training.training_loop][INFO] - train epoch 1703 loss 0.3006 accuracy 85.94%
[2026-05-04 19:31:55,644][src.modRNN.training.training_loop][INFO] - 	 Starting Epoch: 1704
[2026-05-04 19:31:56,969][src.modRNN.training.training_loop][INFO] - train epoch 1704 loss 0.3177 accuracy 87.50%
[2026-05-04 19:31:56,970][src.modRNN.training.training_loop][INFO] - 	 Starting Epoch: 1705
[2026-05-04 19:31:58,296][src.modRNN.training.training_loop][INFO] - train epoch 1705 loss 0.3338 accuracy 90.62%
[2026-05-04 19:31:58,297][src.modRNN.training.training_loop][INFO] - 	 Starting Epoch: 1706
[2026-05-04 19:31:59,624][src.modRNN.training.training_loop][INFO] - train epoch 1706 loss 0.2726 accuracy 89.06%
[2026-05-04 19:31:59,625][src.modRNN.training.training_loop][INFO] - 	 Starting Epoch: 1707
[2026-05-04 19:32:00,952][src.modRNN.training.training_loop][INFO] - train epoch 1707 loss 0.3164 accuracy 84.38%
[2026-05-04 19:32:00,954][src.modRNN.training.training_loop][INFO] - 	 Starting Epoch: 1708
[2026-05-04 19:32:02,299][src.modRNN.training.training_loop][INFO] - train epoch 1708 loss 0.3237 accuracy 90.62%
[2026-05-04 19:32:02,301][src.modRNN.training.training_loop][INFO] - 	 Starting Epoch: 1709
[2026-05-04 19:32:03,634][src.modRNN.training.training_loop][INFO] - train epoch 1709 loss 0.3867 accuracy 92.19%
[2026-05-04 19:32:03,635][src.modRNN.training.training_loop][INFO] - 	 Starting Epoch: 1710
[2026-05-04 19:32:04,969][src.modRNN.training.training_loop][INFO] - train epoch 1710 loss 0.3030 accuracy 89.06%
[2026-05-04 19:32:04,970][src.modRNN.training.training_loop][INFO] - 	 Starting Epoch: 1711
[2026-05-04 19:32:06,304][src.modRNN.training.training_loop][INFO] - train epoch 1711 loss 0.3399 accuracy 92.19%
[2026-05-04 19:32:06,305][src.modRNN.training.training_loop][INFO] - 	 Starting Epoch: 1712
[2026-05-04 19:32:07,642][src.modRNN.training.training_loop][INFO] - train epoch 1712 loss 0.3548 accuracy 87.50%
[2026-05-04 19:32:07,643][src.modRNN.training.training_loop][INFO] - 	 Starting Epoch: 1713
[2026-05-04 19:32:08,978][src.modRNN.training.training_loop][INFO] - train epoch 1713 loss 0.3148 accuracy 90.62%
[2026-05-04 19:32:08,979][src.modRNN.training.training_loop][INFO] - 	 Starting Epoch: 1714
[2026-05-04 19:32:10,311][src.modRNN.training.training_loop][INFO] - train epoch 1714 loss 0.2957 accuracy 93.75%
[2026-05-04 19:32:10,313][src.modRNN.training.training_loop][INFO] - 	 Starting Epoch: 1715
[2026-05-04 19:32:11,646][src.modRNN.training.training_loop][INFO] - train epoch 1715 loss 0.3247 accuracy 85.94%
[2026-05-04 19:32:11,648][src.modRNN.training.training_loop][INFO] - 	 Starting Epoch: 1716
[2026-05-04 19:32:12,981][src.modRNN.training.training_loop][INFO] - train epoch 1716 loss 0.3401 accuracy 85.94%
[2026-05-04 19:32:12,983][src.modRNN.training.training_loop][INFO] - 	 Starting Epoch: 1717
[2026-05-04 19:32:14,316][src.modRNN.training.training_loop][INFO] - train epoch 1717 loss 0.2538 accuracy 95.31%
[2026-05-04 19:32:14,318][src.modRNN.training.training_loop][INFO] - 	 Starting Epoch: 1718
[2026-05-04 19:32:15,653][src.modRNN.training.training_loop][INFO] - train epoch 1718 loss 0.3045 accuracy 89.06%
[2026-05-04 19:32:15,654][src.modRNN.training.training_loop][INFO] - 	 Starting Epoch: 1719
[2026-05-04 19:32:16,991][src.modRNN.training.training_loop][INFO] - train epoch 1719 loss 0.3499 accuracy 89.06%
[2026-05-04 19:32:16,993][src.modRNN.training.training_loop][INFO] - 	 Starting Epoch: 1720
[2026-05-04 19:32:18,326][src.modRNN.training.training_loop][INFO] - train epoch 1720 loss 0.3043 accuracy 89.06%
[2026-05-04 19:32:18,327][src.modRNN.training.training_loop][INFO] - 	 Starting Epoch: 1721
[2026-05-04 19:32:19,660][src.modRNN.training.training_loop][INFO] - train epoch 1721 loss 0.3122 accuracy 89.06%
[2026-05-04 19:32:19,661][src.modRNN.training.training_loop][INFO] - 	 Starting Epoch: 1722
[2026-05-04 19:32:20,994][src.modRNN.training.training_loop][INFO] - train epoch 1722 loss 0.4278 accuracy 79.69%
[2026-05-04 19:32:20,996][src.modRNN.training.training_loop][INFO] - 	 Starting Epoch: 1723
[2026-05-04 19:32:22,331][src.modRNN.training.training_loop][INFO] - train epoch 1723 loss 0.3482 accuracy 90.62%
[2026-05-04 19:32:22,332][src.modRNN.training.training_loop][INFO] - 	 Starting Epoch: 1724
[2026-05-04 19:32:23,668][src.modRNN.training.training_loop][INFO] - train epoch 1724 loss 0.3411 accuracy 87.50%
[2026-05-04 19:32:23,669][src.modRNN.training.training_loop][INFO] - 	 Starting Epoch: 1725
[2026-05-04 19:32:25,050][src.modRNN.training.training_loop][INFO] - train epoch 1725 loss 0.3397 accuracy 84.38%
[2026-05-04 19:32:25,052][src.modRNN.training.training_loop][INFO] - 	 Starting Epoch: 1726
[2026-05-04 19:32:26,384][src.modRNN.training.training_loop][INFO] - train epoch 1726 loss 0.3130 accuracy 89.06%
[2026-05-04 19:32:28,536][src.modRNN.training.training_loop][INFO] - eval  epoch 1726 loss 0.3039 accuracy 89.65%
[2026-05-04 19:32:28,538][src.modRNN.training.training_loop][INFO] - 	 Starting Epoch: 1727
[2026-05-04 19:32:29,872][src.modRNN.training.training_loop][INFO] - train epoch 1727 loss 0.3128 accuracy 89.06%
[2026-05-04 19:32:29,873][src.modRNN.training.training_loop][INFO] - 	 Starting Epoch: 1728
[2026-05-04 19:32:31,205][src.modRNN.training.training_loop][INFO] - train epoch 1728 loss 0.2467 accuracy 93.75%
[2026-05-04 19:32:31,207][src.modRNN.training.training_loop][INFO] - 	 Starting Epoch: 1729
[2026-05-04 19:32:32,530][src.modRNN.training.training_loop][INFO] - train epoch 1729 loss 0.3619 accuracy 81.25%
[2026-05-04 19:32:32,531][src.modRNN.training.training_loop][INFO] - 	 Starting Epoch: 1730
[2026-05-04 19:32:33,859][src.modRNN.training.training_loop][INFO] - train epoch 1730 loss 0.2547 accuracy 93.75%
[2026-05-04 19:32:33,860][src.modRNN.training.training_loop][INFO] - 	 Starting Epoch: 1731
[2026-05-04 19:32:35,186][src.modRNN.training.training_loop][INFO] - train epoch 1731 loss 0.2201 accuracy 95.31%
[2026-05-04 19:32:35,188][src.modRNN.training.training_loop][INFO] - 	 Starting Epoch: 1732
[2026-05-04 19:32:36,515][src.modRNN.training.training_loop][INFO] - train epoch 1732 loss 0.2329 accuracy 92.19%
[2026-05-04 19:32:36,516][src.modRNN.training.training_loop][INFO] - 	 Starting Epoch: 1733
[2026-05-04 19:32:37,843][src.modRNN.training.training_loop][INFO] - train epoch 1733 loss 0.3093 accuracy 92.19%
[2026-05-04 19:32:37,844][src.modRNN.training.training_loop][INFO] - 	 Starting Epoch: 1734
[2026-05-04 19:32:39,172][src.modRNN.training.training_loop][INFO] - train epoch 1734 loss 0.3409 accuracy 87.50%
[2026-05-04 19:32:39,173][src.modRNN.training.training_loop][INFO] - 	 Starting Epoch: 1735
[2026-05-04 19:32:40,500][src.modRNN.training.training_loop][INFO] - train epoch 1735 loss 0.2971 accuracy 90.62%
[2026-05-04 19:32:40,502][src.modRNN.training.training_loop][INFO] - 	 Starting Epoch: 1736
[2026-05-04 19:32:41,828][src.modRNN.training.training_loop][INFO] - train epoch 1736 loss 0.2440 accuracy 92.19%
[2026-05-04 19:32:41,829][src.modRNN.training.training_loop][INFO] - 	 Starting Epoch: 1737
[2026-05-04 19:32:43,156][src.modRNN.training.training_loop][INFO] - train epoch 1737 loss 0.2758 accuracy 90.62%
[2026-05-04 19:32:43,157][src.modRNN.training.training_loop][INFO] - 	 Starting Epoch: 1738
[2026-05-04 19:32:44,484][src.modRNN.training.training_loop][INFO] - train epoch 1738 loss 0.2387 accuracy 95.31%
[2026-05-04 19:32:44,485][src.modRNN.training.training_loop][INFO] - 	 Starting Epoch: 1739
[2026-05-04 19:32:45,811][src.modRNN.training.training_loop][INFO] - train epoch 1739 loss 0.2316 accuracy 93.75%
[2026-05-04 19:32:45,812][src.modRNN.training.training_loop][INFO] - 	 Starting Epoch: 1740
[2026-05-04 19:32:47,137][src.modRNN.training.training_loop][INFO] - train epoch 1740 loss 0.2550 accuracy 90.62%
[2026-05-04 19:32:47,138][src.modRNN.training.training_loop][INFO] - 	 Starting Epoch: 1741
[2026-05-04 19:32:48,466][src.modRNN.training.training_loop][INFO] - train epoch 1741 loss 0.2128 accuracy 92.19%
[2026-05-04 19:32:48,467][src.modRNN.training.training_loop][INFO] - 	 Starting Epoch: 1742
[2026-05-04 19:32:49,792][src.modRNN.training.training_loop][INFO] - train epoch 1742 loss 0.1855 accuracy 96.88%
[2026-05-04 19:32:49,794][src.modRNN.training.training_loop][INFO] - 	 Starting Epoch: 1743
[2026-05-04 19:32:51,119][src.modRNN.training.training_loop][INFO] - train epoch 1743 loss 0.2701 accuracy 92.19%
[2026-05-04 19:32:51,121][src.modRNN.training.training_loop][INFO] - 	 Starting Epoch: 1744
[2026-05-04 19:32:52,448][src.modRNN.training.training_loop][INFO] - train epoch 1744 loss 0.2894 accuracy 90.62%
[2026-05-04 19:32:52,450][src.modRNN.training.training_loop][INFO] - 	 Starting Epoch: 1745
[2026-05-04 19:32:53,774][src.modRNN.training.training_loop][INFO] - train epoch 1745 loss 0.3179 accuracy 85.94%
[2026-05-04 19:32:53,776][src.modRNN.training.training_loop][INFO] - 	 Starting Epoch: 1746
[2026-05-04 19:32:55,110][src.modRNN.training.training_loop][INFO] - train epoch 1746 loss 0.2289 accuracy 92.19%
[2026-05-04 19:32:55,112][src.modRNN.training.training_loop][INFO] - 	 Starting Epoch: 1747
[2026-05-04 19:32:56,446][src.modRNN.training.training_loop][INFO] - train epoch 1747 loss 0.3533 accuracy 87.50%
[2026-05-04 19:32:56,448][src.modRNN.training.training_loop][INFO] - 	 Starting Epoch: 1748
[2026-05-04 19:32:57,775][src.modRNN.training.training_loop][INFO] - train epoch 1748 loss 0.2605 accuracy 92.19%
[2026-05-04 19:32:57,777][src.modRNN.training.training_loop][INFO] - 	 Starting Epoch: 1749
[2026-05-04 19:32:59,101][src.modRNN.training.training_loop][INFO] - train epoch 1749 loss 0.2567 accuracy 93.75%
[2026-05-04 19:32:59,102][src.modRNN.training.training_loop][INFO] - 	 Starting Epoch: 1750
[2026-05-04 19:33:00,428][src.modRNN.training.training_loop][INFO] - train epoch 1750 loss 0.2694 accuracy 84.38%
[2026-05-04 19:33:00,430][src.modRNN.training.training_loop][INFO] - 	 Starting Epoch: 1751
[2026-05-04 19:33:01,761][src.modRNN.training.training_loop][INFO] - train epoch 1751 loss 0.2554 accuracy 90.62%
[2026-05-04 19:33:03,914][src.modRNN.training.training_loop][INFO] - eval  epoch 1751 loss 0.2726 accuracy 90.43%
[2026-05-04 19:33:03,916][src.modRNN.training.training_loop][INFO] - 	 Starting Epoch: 1752
[2026-05-04 19:33:05,252][src.modRNN.training.training_loop][INFO] - train epoch 1752 loss 0.2593 accuracy 90.62%
[2026-05-04 19:33:05,254][src.modRNN.training.training_loop][INFO] - 	 Starting Epoch: 1753
[2026-05-04 19:33:06,588][src.modRNN.training.training_loop][INFO] - train epoch 1753 loss 0.2326 accuracy 95.31%
[2026-05-04 19:33:06,589][src.modRNN.training.training_loop][INFO] - 	 Starting Epoch: 1754
[2026-05-04 19:33:07,923][src.modRNN.training.training_loop][INFO] - train epoch 1754 loss 0.2171 accuracy 92.19%
[2026-05-04 19:33:07,924][src.modRNN.training.training_loop][INFO] - 	 Starting Epoch: 1755
[2026-05-04 19:33:09,260][src.modRNN.training.training_loop][INFO] - train epoch 1755 loss 0.2139 accuracy 92.19%
[2026-05-04 19:33:09,262][src.modRNN.training.training_loop][INFO] - 	 Starting Epoch: 1756
[2026-05-04 19:33:10,596][src.modRNN.training.training_loop][INFO] - train epoch 1756 loss 0.2713 accuracy 92.19%
[2026-05-04 19:33:10,598][src.modRNN.training.training_loop][INFO] - 	 Starting Epoch: 1757
[2026-05-04 19:33:11,932][src.modRNN.training.training_loop][INFO] - train epoch 1757 loss 0.2488 accuracy 90.62%
[2026-05-04 19:33:11,934][src.modRNN.training.training_loop][INFO] - 	 Starting Epoch: 1758
[2026-05-04 19:33:13,267][src.modRNN.training.training_loop][INFO] - train epoch 1758 loss 0.1642 accuracy 95.31%
[2026-05-04 19:33:13,268][src.modRNN.training.training_loop][INFO] - 	 Starting Epoch: 1759
[2026-05-04 19:33:14,603][src.modRNN.training.training_loop][INFO] - train epoch 1759 loss 0.1712 accuracy 96.88%
[2026-05-04 19:33:14,605][src.modRNN.training.training_loop][INFO] - 	 Starting Epoch: 1760
[2026-05-04 19:33:15,938][src.modRNN.training.training_loop][INFO] - train epoch 1760 loss 0.3440 accuracy 89.06%
[2026-05-04 19:33:15,939][src.modRNN.training.training_loop][INFO] - 	 Starting Epoch: 1761
[2026-05-04 19:33:17,273][src.modRNN.training.training_loop][INFO] - train epoch 1761 loss 0.2814 accuracy 87.50%
[2026-05-04 19:33:17,275][src.modRNN.training.training_loop][INFO] - 	 Starting Epoch: 1762
[2026-05-04 19:33:18,610][src.modRNN.training.training_loop][INFO] - train epoch 1762 loss 0.2017 accuracy 95.31%
[2026-05-04 19:33:18,611][src.modRNN.training.training_loop][INFO] - 	 Starting Epoch: 1763
[2026-05-04 19:33:19,945][src.modRNN.training.training_loop][INFO] - train epoch 1763 loss 0.1931 accuracy 93.75%
[2026-05-04 19:33:19,947][src.modRNN.training.training_loop][INFO] - 	 Starting Epoch: 1764
[2026-05-04 19:33:21,280][src.modRNN.training.training_loop][INFO] - train epoch 1764 loss 0.1696 accuracy 93.75%
[2026-05-04 19:33:21,282][src.modRNN.training.training_loop][INFO] - 	 Starting Epoch: 1765
[2026-05-04 19:33:22,618][src.modRNN.training.training_loop][INFO] - train epoch 1765 loss 0.2864 accuracy 90.62%
[2026-05-04 19:33:22,619][src.modRNN.training.training_loop][INFO] - 	 Starting Epoch: 1766
[2026-05-04 19:33:23,956][src.modRNN.training.training_loop][INFO] - train epoch 1766 loss 0.3301 accuracy 85.94%
[2026-05-04 19:33:23,958][src.modRNN.training.training_loop][INFO] - 	 Starting Epoch: 1767
[2026-05-04 19:33:25,351][src.modRNN.training.training_loop][INFO] - train epoch 1767 loss 0.4334 accuracy 84.38%
[2026-05-04 19:33:25,352][src.modRNN.training.training_loop][INFO] - 	 Starting Epoch: 1768
[2026-05-04 19:33:26,690][src.modRNN.training.training_loop][INFO] - train epoch 1768 loss 0.2962 accuracy 87.50%
[2026-05-04 19:33:26,691][src.modRNN.training.training_loop][INFO] - 	 Starting Epoch: 1769
[2026-05-04 19:33:28,035][src.modRNN.training.training_loop][INFO] - train epoch 1769 loss 0.2321 accuracy 93.75%
[2026-05-04 19:33:28,037][src.modRNN.training.training_loop][INFO] - 	 Starting Epoch: 1770
[2026-05-04 19:33:29,368][src.modRNN.training.training_loop][INFO] - train epoch 1770 loss 0.2274 accuracy 95.31%
[2026-05-04 19:33:29,370][src.modRNN.training.training_loop][INFO] - 	 Starting Epoch: 1771
[2026-05-04 19:33:30,705][src.modRNN.training.training_loop][INFO] - train epoch 1771 loss 0.2523 accuracy 92.19%
[2026-05-04 19:33:30,706][src.modRNN.training.training_loop][INFO] - 	 Starting Epoch: 1772
[2026-05-04 19:33:32,037][src.modRNN.training.training_loop][INFO] - train epoch 1772 loss 0.2812 accuracy 92.19%
[2026-05-04 19:33:32,039][src.modRNN.training.training_loop][INFO] - 	 Starting Epoch: 1773
[2026-05-04 19:33:33,365][src.modRNN.training.training_loop][INFO] - train epoch 1773 loss 0.2958 accuracy 87.50%
[2026-05-04 19:33:33,366][src.modRNN.training.training_loop][INFO] - 	 Starting Epoch: 1774
[2026-05-04 19:33:34,694][src.modRNN.training.training_loop][INFO] - train epoch 1774 loss 0.2568 accuracy 93.75%
[2026-05-04 19:33:34,696][src.modRNN.training.training_loop][INFO] - 	 Starting Epoch: 1775
[2026-05-04 19:33:36,022][src.modRNN.training.training_loop][INFO] - train epoch 1775 loss 0.2491 accuracy 95.31%
[2026-05-04 19:33:36,023][src.modRNN.training.training_loop][INFO] - 	 Starting Epoch: 1776
[2026-05-04 19:33:37,346][src.modRNN.training.training_loop][INFO] - train epoch 1776 loss 0.2482 accuracy 90.62%
[2026-05-04 19:33:39,495][src.modRNN.training.training_loop][INFO] - eval  epoch 1776 loss 0.2659 accuracy 91.80%
[2026-05-04 19:33:39,497][src.modRNN.training.training_loop][INFO] - 	 Starting Epoch: 1777
[2026-05-04 19:33:40,824][src.modRNN.training.training_loop][INFO] - train epoch 1777 loss 0.2369 accuracy 92.19%
[2026-05-04 19:33:40,826][src.modRNN.training.training_loop][INFO] - 	 Starting Epoch: 1778
[2026-05-04 19:33:42,152][src.modRNN.training.training_loop][INFO] - train epoch 1778 loss 0.1360 accuracy 100.00%
[2026-05-04 19:33:42,154][src.modRNN.training.training_loop][INFO] - 	 Starting Epoch: 1779
[2026-05-04 19:33:43,477][src.modRNN.training.training_loop][INFO] - train epoch 1779 loss 0.2058 accuracy 92.19%
[2026-05-04 19:33:43,478][src.modRNN.training.training_loop][INFO] - 	 Starting Epoch: 1780
[2026-05-04 19:33:44,803][src.modRNN.training.training_loop][INFO] - train epoch 1780 loss 0.2117 accuracy 93.75%
[2026-05-04 19:33:44,805][src.modRNN.training.training_loop][INFO] - 	 Starting Epoch: 1781
[2026-05-04 19:33:46,131][src.modRNN.training.training_loop][INFO] - train epoch 1781 loss 0.1955 accuracy 92.19%
[2026-05-04 19:33:46,132][src.modRNN.training.training_loop][INFO] - 	 Starting Epoch: 1782
[2026-05-04 19:33:47,457][src.modRNN.training.training_loop][INFO] - train epoch 1782 loss 0.2878 accuracy 89.06%
[2026-05-04 19:33:47,459][src.modRNN.training.training_loop][INFO] - 	 Starting Epoch: 1783
[2026-05-04 19:33:48,782][src.modRNN.training.training_loop][INFO] - train epoch 1783 loss 0.1896 accuracy 93.75%
[2026-05-04 19:33:48,784][src.modRNN.training.training_loop][INFO] - 	 Starting Epoch: 1784
[2026-05-04 19:33:50,111][src.modRNN.training.training_loop][INFO] - train epoch 1784 loss 0.3532 accuracy 81.25%
[2026-05-04 19:33:50,112][src.modRNN.training.training_loop][INFO] - 	 Starting Epoch: 1785
[2026-05-04 19:33:51,443][src.modRNN.training.training_loop][INFO] - train epoch 1785 loss 0.2036 accuracy 90.62%
[2026-05-04 19:33:51,444][src.modRNN.training.training_loop][INFO] - 	 Starting Epoch: 1786
[2026-05-04 19:33:52,773][src.modRNN.training.training_loop][INFO] - train epoch 1786 loss 0.2069 accuracy 95.31%
[2026-05-04 19:33:52,775][src.modRNN.training.training_loop][INFO] - 	 Starting Epoch: 1787
[2026-05-04 19:33:54,102][src.modRNN.training.training_loop][INFO] - train epoch 1787 loss 0.2861 accuracy 89.06%
[2026-05-04 19:33:54,103][src.modRNN.training.training_loop][INFO] - 	 Starting Epoch: 1788
[2026-05-04 19:33:55,431][src.modRNN.training.training_loop][INFO] - train epoch 1788 loss 0.2450 accuracy 92.19%
[2026-05-04 19:33:55,432][src.modRNN.training.training_loop][INFO] - 	 Starting Epoch: 1789
[2026-05-04 19:33:56,756][src.modRNN.training.training_loop][INFO] - train epoch 1789 loss 0.2589 accuracy 95.31%
[2026-05-04 19:33:56,758][src.modRNN.training.training_loop][INFO] - 	 Starting Epoch: 1790
[2026-05-04 19:33:58,082][src.modRNN.training.training_loop][INFO] - train epoch 1790 loss 0.3086 accuracy 87.50%
[2026-05-04 19:33:58,083][src.modRNN.training.training_loop][INFO] - 	 Starting Epoch: 1791
[2026-05-04 19:33:59,408][src.modRNN.training.training_loop][INFO] - train epoch 1791 loss 0.2728 accuracy 90.62%
[2026-05-04 19:33:59,410][src.modRNN.training.training_loop][INFO] - 	 Starting Epoch: 1792
[2026-05-04 19:34:00,738][src.modRNN.training.training_loop][INFO] - train epoch 1792 loss 0.3057 accuracy 89.06%
[2026-05-04 19:34:00,740][src.modRNN.training.training_loop][INFO] - 	 Starting Epoch: 1793
[2026-05-04 19:34:02,067][src.modRNN.training.training_loop][INFO] - train epoch 1793 loss 0.2161 accuracy 92.19%
[2026-05-04 19:34:02,068][src.modRNN.training.training_loop][INFO] - 	 Starting Epoch: 1794
[2026-05-04 19:34:03,405][src.modRNN.training.training_loop][INFO] - train epoch 1794 loss 0.2342 accuracy 93.75%
[2026-05-04 19:34:03,406][src.modRNN.training.training_loop][INFO] - 	 Starting Epoch: 1795
[2026-05-04 19:34:04,740][src.modRNN.training.training_loop][INFO] - train epoch 1795 loss 0.2254 accuracy 92.19%
[2026-05-04 19:34:04,742][src.modRNN.training.training_loop][INFO] - 	 Starting Epoch: 1796
[2026-05-04 19:34:06,075][src.modRNN.training.training_loop][INFO] - train epoch 1796 loss 0.2541 accuracy 93.75%
[2026-05-04 19:34:06,077][src.modRNN.training.training_loop][INFO] - 	 Starting Epoch: 1797
[2026-05-04 19:34:07,408][src.modRNN.training.training_loop][INFO] - train epoch 1797 loss 0.2721 accuracy 87.50%
[2026-05-04 19:34:07,409][src.modRNN.training.training_loop][INFO] - 	 Starting Epoch: 1798
[2026-05-04 19:34:08,742][src.modRNN.training.training_loop][INFO] - train epoch 1798 loss 0.2006 accuracy 95.31%
[2026-05-04 19:34:08,743][src.modRNN.training.training_loop][INFO] - 	 Starting Epoch: 1799
[2026-05-04 19:34:10,077][src.modRNN.training.training_loop][INFO] - train epoch 1799 loss 0.2229 accuracy 93.75%
[2026-05-04 19:34:10,078][src.modRNN.training.training_loop][INFO] - 	 Starting Epoch: 1800
[2026-05-04 19:34:11,412][src.modRNN.training.training_loop][INFO] - train epoch 1800 loss 0.3062 accuracy 87.50%
[2026-05-04 19:34:11,414][src.modRNN.training.training_loop][INFO] - 	 Starting Epoch: 1801
[2026-05-04 19:34:12,746][src.modRNN.training.training_loop][INFO] - train epoch 1801 loss 0.1639 accuracy 93.75%
[2026-05-04 19:34:14,899][src.modRNN.training.training_loop][INFO] - eval  epoch 1801 loss 0.2716 accuracy 90.62%
[2026-05-04 19:34:14,901][src.modRNN.training.training_loop][INFO] - 	 Starting Epoch: 1802
[2026-05-04 19:34:16,237][src.modRNN.training.training_loop][INFO] - train epoch 1802 loss 0.2661 accuracy 90.62%
[2026-05-04 19:34:16,238][src.modRNN.training.training_loop][INFO] - 	 Starting Epoch: 1803
[2026-05-04 19:34:17,573][src.modRNN.training.training_loop][INFO] - train epoch 1803 loss 0.2503 accuracy 90.62%
[2026-05-04 19:34:17,574][src.modRNN.training.training_loop][INFO] - 	 Starting Epoch: 1804
[2026-05-04 19:34:18,908][src.modRNN.training.training_loop][INFO] - train epoch 1804 loss 0.2063 accuracy 93.75%
[2026-05-04 19:34:18,910][src.modRNN.training.training_loop][INFO] - 	 Starting Epoch: 1805
[2026-05-04 19:34:20,246][src.modRNN.training.training_loop][INFO] - train epoch 1805 loss 0.2195 accuracy 90.62%
[2026-05-04 19:34:20,247][src.modRNN.training.training_loop][INFO] - 	 Starting Epoch: 1806
[2026-05-04 19:34:21,590][src.modRNN.training.training_loop][INFO] - train epoch 1806 loss 0.2176 accuracy 93.75%
[2026-05-04 19:34:21,591][src.modRNN.training.training_loop][INFO] - 	 Starting Epoch: 1807
[2026-05-04 19:34:22,927][src.modRNN.training.training_loop][INFO] - train epoch 1807 loss 0.3334 accuracy 90.62%
[2026-05-04 19:34:22,929][src.modRNN.training.training_loop][INFO] - 	 Starting Epoch: 1808
[2026-05-04 19:34:24,283][src.modRNN.training.training_loop][INFO] - train epoch 1808 loss 0.2268 accuracy 92.19%
[2026-05-04 19:34:24,286][src.modRNN.training.training_loop][INFO] - 	 Starting Epoch: 1809
[2026-05-04 19:34:25,662][src.modRNN.training.training_loop][INFO] - train epoch 1809 loss 0.2511 accuracy 90.62%
[2026-05-04 19:34:25,664][src.modRNN.training.training_loop][INFO] - 	 Starting Epoch: 1810
[2026-05-04 19:34:26,998][src.modRNN.training.training_loop][INFO] - train epoch 1810 loss 0.2048 accuracy 92.19%
[2026-05-04 19:34:27,000][src.modRNN.training.training_loop][INFO] - 	 Starting Epoch: 1811
[2026-05-04 19:34:28,333][src.modRNN.training.training_loop][INFO] - train epoch 1811 loss 0.1679 accuracy 98.44%
[2026-05-04 19:34:28,335][src.modRNN.training.training_loop][INFO] - 	 Starting Epoch: 1812
[2026-05-04 19:34:29,671][src.modRNN.training.training_loop][INFO] - train epoch 1812 loss 0.2923 accuracy 89.06%
[2026-05-04 19:34:29,672][src.modRNN.training.training_loop][INFO] - 	 Starting Epoch: 1813
[2026-05-04 19:34:31,009][src.modRNN.training.training_loop][INFO] - train epoch 1813 loss 0.1997 accuracy 96.88%
[2026-05-04 19:34:31,011][src.modRNN.training.training_loop][INFO] - 	 Starting Epoch: 1814
[2026-05-04 19:34:32,336][src.modRNN.training.training_loop][INFO] - train epoch 1814 loss 0.3139 accuracy 89.06%
[2026-05-04 19:34:32,337][src.modRNN.training.training_loop][INFO] - 	 Starting Epoch: 1815
[2026-05-04 19:34:33,664][src.modRNN.training.training_loop][INFO] - train epoch 1815 loss 0.2579 accuracy 90.62%
[2026-05-04 19:34:33,665][src.modRNN.training.training_loop][INFO] - 	 Starting Epoch: 1816
[2026-05-04 19:34:34,990][src.modRNN.training.training_loop][INFO] - train epoch 1816 loss 0.2027 accuracy 92.19%
[2026-05-04 19:34:34,991][src.modRNN.training.training_loop][INFO] - 	 Starting Epoch: 1817
[2026-05-04 19:34:36,317][src.modRNN.training.training_loop][INFO] - train epoch 1817 loss 0.2503 accuracy 90.62%
[2026-05-04 19:34:36,318][src.modRNN.training.training_loop][INFO] - 	 Starting Epoch: 1818
[2026-05-04 19:34:37,645][src.modRNN.training.training_loop][INFO] - train epoch 1818 loss 0.2013 accuracy 93.75%
[2026-05-04 19:34:37,647][src.modRNN.training.training_loop][INFO] - 	 Starting Epoch: 1819
[2026-05-04 19:34:38,976][src.modRNN.training.training_loop][INFO] - train epoch 1819 loss 0.2118 accuracy 95.31%
[2026-05-04 19:34:38,978][src.modRNN.training.training_loop][INFO] - 	 Starting Epoch: 1820
[2026-05-04 19:34:40,302][src.modRNN.training.training_loop][INFO] - train epoch 1820 loss 0.3401 accuracy 89.06%
[2026-05-04 19:34:40,304][src.modRNN.training.training_loop][INFO] - 	 Starting Epoch: 1821
[2026-05-04 19:34:41,632][src.modRNN.training.training_loop][INFO] - train epoch 1821 loss 0.1964 accuracy 93.75%
[2026-05-04 19:34:41,633][src.modRNN.training.training_loop][INFO] - 	 Starting Epoch: 1822
[2026-05-04 19:34:42,960][src.modRNN.training.training_loop][INFO] - train epoch 1822 loss 0.2751 accuracy 87.50%
[2026-05-04 19:34:42,961][src.modRNN.training.training_loop][INFO] - 	 Starting Epoch: 1823
[2026-05-04 19:34:44,290][src.modRNN.training.training_loop][INFO] - train epoch 1823 loss 0.2242 accuracy 92.19%
[2026-05-04 19:34:44,291][src.modRNN.training.training_loop][INFO] - 	 Starting Epoch: 1824
[2026-05-04 19:34:45,618][src.modRNN.training.training_loop][INFO] - train epoch 1824 loss 0.2383 accuracy 93.75%
[2026-05-04 19:34:45,619][src.modRNN.training.training_loop][INFO] - 	 Starting Epoch: 1825
[2026-05-04 19:34:46,947][src.modRNN.training.training_loop][INFO] - train epoch 1825 loss 0.2372 accuracy 90.62%
[2026-05-04 19:34:46,948][src.modRNN.training.training_loop][INFO] - 	 Starting Epoch: 1826
[2026-05-04 19:34:48,273][src.modRNN.training.training_loop][INFO] - train epoch 1826 loss 0.1748 accuracy 96.88%
[2026-05-04 19:34:50,429][src.modRNN.training.training_loop][INFO] - eval  epoch 1826 loss 0.2370 accuracy 91.41%
[2026-05-04 19:34:50,430][src.modRNN.training.training_loop][INFO] - 	 Starting Epoch: 1827
[2026-05-04 19:34:51,755][src.modRNN.training.training_loop][INFO] - train epoch 1827 loss 0.2627 accuracy 90.62%
[2026-05-04 19:34:51,756][src.modRNN.training.training_loop][INFO] - 	 Starting Epoch: 1828
[2026-05-04 19:34:53,086][src.modRNN.training.training_loop][INFO] - train epoch 1828 loss 0.2195 accuracy 93.75%
[2026-05-04 19:34:53,087][src.modRNN.training.training_loop][INFO] - 	 Starting Epoch: 1829
[2026-05-04 19:34:54,413][src.modRNN.training.training_loop][INFO] - train epoch 1829 loss 0.2069 accuracy 92.19%
[2026-05-04 19:34:54,415][src.modRNN.training.training_loop][INFO] - 	 Starting Epoch: 1830
[2026-05-04 19:34:55,741][src.modRNN.training.training_loop][INFO] - train epoch 1830 loss 0.1858 accuracy 95.31%
[2026-05-04 19:34:55,743][src.modRNN.training.training_loop][INFO] - 	 Starting Epoch: 1831
[2026-05-04 19:34:57,071][src.modRNN.training.training_loop][INFO] - train epoch 1831 loss 0.1880 accuracy 93.75%
[2026-05-04 19:34:57,072][src.modRNN.training.training_loop][INFO] - 	 Starting Epoch: 1832
[2026-05-04 19:34:58,404][src.modRNN.training.training_loop][INFO] - train epoch 1832 loss 0.3029 accuracy 85.94%
[2026-05-04 19:34:58,406][src.modRNN.training.training_loop][INFO] - 	 Starting Epoch: 1833
[2026-05-04 19:34:59,733][src.modRNN.training.training_loop][INFO] - train epoch 1833 loss 0.2801 accuracy 89.06%
[2026-05-04 19:34:59,734][src.modRNN.training.training_loop][INFO] - 	 Starting Epoch: 1834
[2026-05-04 19:35:01,062][src.modRNN.training.training_loop][INFO] - train epoch 1834 loss 0.2359 accuracy 89.06%
[2026-05-04 19:35:01,064][src.modRNN.training.training_loop][INFO] - 	 Starting Epoch: 1835
[2026-05-04 19:35:02,392][src.modRNN.training.training_loop][INFO] - train epoch 1835 loss 0.2942 accuracy 89.06%
[2026-05-04 19:35:02,394][src.modRNN.training.training_loop][INFO] - 	 Starting Epoch: 1836
[2026-05-04 19:35:03,728][src.modRNN.training.training_loop][INFO] - train epoch 1836 loss 0.3261 accuracy 82.81%
[2026-05-04 19:35:03,729][src.modRNN.training.training_loop][INFO] - 	 Starting Epoch: 1837
[2026-05-04 19:35:05,063][src.modRNN.training.training_loop][INFO] - train epoch 1837 loss 0.3280 accuracy 89.06%
[2026-05-04 19:35:05,065][src.modRNN.training.training_loop][INFO] - 	 Starting Epoch: 1838
[2026-05-04 19:35:06,399][src.modRNN.training.training_loop][INFO] - train epoch 1838 loss 0.1697 accuracy 95.31%
[2026-05-04 19:35:06,401][src.modRNN.training.training_loop][INFO] - 	 Starting Epoch: 1839
[2026-05-04 19:35:07,733][src.modRNN.training.training_loop][INFO] - train epoch 1839 loss 0.2071 accuracy 92.19%
[2026-05-04 19:35:07,734][src.modRNN.training.training_loop][INFO] - 	 Starting Epoch: 1840
[2026-05-04 19:35:09,069][src.modRNN.training.training_loop][INFO] - train epoch 1840 loss 0.2306 accuracy 89.06%
[2026-05-04 19:35:09,070][src.modRNN.training.training_loop][INFO] - 	 Starting Epoch: 1841
[2026-05-04 19:35:10,404][src.modRNN.training.training_loop][INFO] - train epoch 1841 loss 0.4180 accuracy 85.94%
[2026-05-04 19:35:10,405][src.modRNN.training.training_loop][INFO] - 	 Starting Epoch: 1842
[2026-05-04 19:35:11,743][src.modRNN.training.training_loop][INFO] - train epoch 1842 loss 0.2823 accuracy 90.62%
[2026-05-04 19:35:11,744][src.modRNN.training.training_loop][INFO] - 	 Starting Epoch: 1843
[2026-05-04 19:35:13,078][src.modRNN.training.training_loop][INFO] - train epoch 1843 loss 0.2487 accuracy 87.50%
[2026-05-04 19:35:13,079][src.modRNN.training.training_loop][INFO] - 	 Starting Epoch: 1844
[2026-05-04 19:35:14,414][src.modRNN.training.training_loop][INFO] - train epoch 1844 loss 0.1454 accuracy 96.88%
[2026-05-04 19:35:14,416][src.modRNN.training.training_loop][INFO] - 	 Starting Epoch: 1845
[2026-05-04 19:35:15,746][src.modRNN.training.training_loop][INFO] - train epoch 1845 loss 0.2648 accuracy 92.19%
[2026-05-04 19:35:15,748][src.modRNN.training.training_loop][INFO] - 	 Starting Epoch: 1846
[2026-05-04 19:35:17,082][src.modRNN.training.training_loop][INFO] - train epoch 1846 loss 0.3164 accuracy 90.62%
[2026-05-04 19:35:17,083][src.modRNN.training.training_loop][INFO] - 	 Starting Epoch: 1847
[2026-05-04 19:35:18,417][src.modRNN.training.training_loop][INFO] - train epoch 1847 loss 0.3120 accuracy 89.06%
[2026-05-04 19:35:18,419][src.modRNN.training.training_loop][INFO] - 	 Starting Epoch: 1848
[2026-05-04 19:35:19,755][src.modRNN.training.training_loop][INFO] - train epoch 1848 loss 0.2198 accuracy 92.19%
[2026-05-04 19:35:19,756][src.modRNN.training.training_loop][INFO] - 	 Starting Epoch: 1849
[2026-05-04 19:35:21,092][src.modRNN.training.training_loop][INFO] - train epoch 1849 loss 0.3329 accuracy 84.38%
[2026-05-04 19:35:21,094][src.modRNN.training.training_loop][INFO] - 	 Starting Epoch: 1850
[2026-05-04 19:35:22,429][src.modRNN.training.training_loop][INFO] - train epoch 1850 loss 0.2730 accuracy 90.62%
[2026-05-04 19:35:22,431][src.modRNN.training.training_loop][INFO] - 	 Starting Epoch: 1851
[2026-05-04 19:35:23,764][src.modRNN.training.training_loop][INFO] - train epoch 1851 loss 0.3165 accuracy 90.62%
[2026-05-04 19:35:25,914][src.modRNN.training.training_loop][INFO] - eval  epoch 1851 loss 0.2921 accuracy 89.06%
[2026-05-04 19:35:25,916][src.modRNN.training.training_loop][INFO] - 	 Starting Epoch: 1852
[2026-05-04 19:35:27,252][src.modRNN.training.training_loop][INFO] - train epoch 1852 loss 0.2249 accuracy 93.75%
[2026-05-04 19:35:27,254][src.modRNN.training.training_loop][INFO] - 	 Starting Epoch: 1853
[2026-05-04 19:35:28,588][src.modRNN.training.training_loop][INFO] - train epoch 1853 loss 0.1641 accuracy 96.88%
[2026-05-04 19:35:28,589][src.modRNN.training.training_loop][INFO] - 	 Starting Epoch: 1854
[2026-05-04 19:35:29,924][src.modRNN.training.training_loop][INFO] - train epoch 1854 loss 0.2168 accuracy 93.75%
[2026-05-04 19:35:29,925][src.modRNN.training.training_loop][INFO] - 	 Starting Epoch: 1855
[2026-05-04 19:35:31,261][src.modRNN.training.training_loop][INFO] - train epoch 1855 loss 0.2461 accuracy 87.50%
[2026-05-04 19:35:31,262][src.modRNN.training.training_loop][INFO] - 	 Starting Epoch: 1856
[2026-05-04 19:35:32,592][src.modRNN.training.training_loop][INFO] - train epoch 1856 loss 0.2461 accuracy 92.19%
[2026-05-04 19:35:32,593][src.modRNN.training.training_loop][INFO] - 	 Starting Epoch: 1857
[2026-05-04 19:35:33,921][src.modRNN.training.training_loop][INFO] - train epoch 1857 loss 0.3314 accuracy 89.06%
[2026-05-04 19:35:33,923][src.modRNN.training.training_loop][INFO] - 	 Starting Epoch: 1858
[2026-05-04 19:35:35,246][src.modRNN.training.training_loop][INFO] - train epoch 1858 loss 0.1723 accuracy 95.31%
[2026-05-04 19:35:35,248][src.modRNN.training.training_loop][INFO] - 	 Starting Epoch: 1859
[2026-05-04 19:35:36,574][src.modRNN.training.training_loop][INFO] - train epoch 1859 loss 0.2964 accuracy 87.50%
[2026-05-04 19:35:36,575][src.modRNN.training.training_loop][INFO] - 	 Starting Epoch: 1860
[2026-05-04 19:35:37,900][src.modRNN.training.training_loop][INFO] - train epoch 1860 loss 0.3098 accuracy 87.50%
[2026-05-04 19:35:37,901][src.modRNN.training.training_loop][INFO] - 	 Starting Epoch: 1861
[2026-05-04 19:35:39,227][src.modRNN.training.training_loop][INFO] - train epoch 1861 loss 0.2003 accuracy 93.75%
[2026-05-04 19:35:39,228][src.modRNN.training.training_loop][INFO] - 	 Starting Epoch: 1862
[2026-05-04 19:35:40,558][src.modRNN.training.training_loop][INFO] - train epoch 1862 loss 0.2093 accuracy 93.75%
[2026-05-04 19:35:40,559][src.modRNN.training.training_loop][INFO] - 	 Starting Epoch: 1863
[2026-05-04 19:35:41,888][src.modRNN.training.training_loop][INFO] - train epoch 1863 loss 0.2912 accuracy 92.19%
[2026-05-04 19:35:41,890][src.modRNN.training.training_loop][INFO] - 	 Starting Epoch: 1864
[2026-05-04 19:35:43,215][src.modRNN.training.training_loop][INFO] - train epoch 1864 loss 0.2447 accuracy 90.62%
[2026-05-04 19:35:43,216][src.modRNN.training.training_loop][INFO] - 	 Starting Epoch: 1865
[2026-05-04 19:35:44,541][src.modRNN.training.training_loop][INFO] - train epoch 1865 loss 0.2560 accuracy 89.06%
[2026-05-04 19:35:44,543][src.modRNN.training.training_loop][INFO] - 	 Starting Epoch: 1866
[2026-05-04 19:35:45,870][src.modRNN.training.training_loop][INFO] - train epoch 1866 loss 0.2401 accuracy 92.19%
[2026-05-04 19:35:45,871][src.modRNN.training.training_loop][INFO] - 	 Starting Epoch: 1867
[2026-05-04 19:35:47,199][src.modRNN.training.training_loop][INFO] - train epoch 1867 loss 0.2462 accuracy 92.19%
[2026-05-04 19:35:47,200][src.modRNN.training.training_loop][INFO] - 	 Starting Epoch: 1868
[2026-05-04 19:35:48,527][src.modRNN.training.training_loop][INFO] - train epoch 1868 loss 0.2028 accuracy 96.88%
[2026-05-04 19:35:48,529][src.modRNN.training.training_loop][INFO] - 	 Starting Epoch: 1869
[2026-05-04 19:35:49,855][src.modRNN.training.training_loop][INFO] - train epoch 1869 loss 0.1861 accuracy 98.44%
[2026-05-04 19:35:49,857][src.modRNN.training.training_loop][INFO] - 	 Starting Epoch: 1870
[2026-05-04 19:35:51,181][src.modRNN.training.training_loop][INFO] - train epoch 1870 loss 0.3050 accuracy 90.62%
[2026-05-04 19:35:51,183][src.modRNN.training.training_loop][INFO] - 	 Starting Epoch: 1871
[2026-05-04 19:35:52,508][src.modRNN.training.training_loop][INFO] - train epoch 1871 loss 0.2461 accuracy 92.19%
[2026-05-04 19:35:52,510][src.modRNN.training.training_loop][INFO] - 	 Starting Epoch: 1872
[2026-05-04 19:35:53,839][src.modRNN.training.training_loop][INFO] - train epoch 1872 loss 0.3272 accuracy 90.62%
[2026-05-04 19:35:53,840][src.modRNN.training.training_loop][INFO] - 	 Starting Epoch: 1873
[2026-05-04 19:35:55,168][src.modRNN.training.training_loop][INFO] - train epoch 1873 loss 0.2015 accuracy 95.31%
[2026-05-04 19:35:55,169][src.modRNN.training.training_loop][INFO] - 	 Starting Epoch: 1874
[2026-05-04 19:35:56,497][src.modRNN.training.training_loop][INFO] - train epoch 1874 loss 0.2560 accuracy 92.19%
[2026-05-04 19:35:56,498][src.modRNN.training.training_loop][INFO] - 	 Starting Epoch: 1875
[2026-05-04 19:35:57,826][src.modRNN.training.training_loop][INFO] - train epoch 1875 loss 0.2186 accuracy 93.75%
[2026-05-04 19:35:57,827][src.modRNN.training.training_loop][INFO] - 	 Starting Epoch: 1876
[2026-05-04 19:35:59,158][src.modRNN.training.training_loop][INFO] - train epoch 1876 loss 0.1675 accuracy 98.44%
[2026-05-04 19:36:01,307][src.modRNN.training.training_loop][INFO] - eval  epoch 1876 loss 0.2229 accuracy 93.55%
[2026-05-04 19:36:01,309][src.modRNN.training.training_loop][INFO] - 	 Starting Epoch: 1877
[2026-05-04 19:36:02,664][src.modRNN.training.training_loop][INFO] - train epoch 1877 loss 0.1950 accuracy 96.88%
[2026-05-04 19:36:02,665][src.modRNN.training.training_loop][INFO] - 	 Starting Epoch: 1878
[2026-05-04 19:36:04,000][src.modRNN.training.training_loop][INFO] - train epoch 1878 loss 0.2659 accuracy 87.50%
[2026-05-04 19:36:04,002][src.modRNN.training.training_loop][INFO] - 	 Starting Epoch: 1879
[2026-05-04 19:36:05,335][src.modRNN.training.training_loop][INFO] - train epoch 1879 loss 0.2311 accuracy 92.19%
[2026-05-04 19:36:05,336][src.modRNN.training.training_loop][INFO] - 	 Starting Epoch: 1880
[2026-05-04 19:36:06,672][src.modRNN.training.training_loop][INFO] - train epoch 1880 loss 0.3272 accuracy 87.50%
[2026-05-04 19:36:06,674][src.modRNN.training.training_loop][INFO] - 	 Starting Epoch: 1881
[2026-05-04 19:36:08,017][src.modRNN.training.training_loop][INFO] - train epoch 1881 loss 0.2414 accuracy 90.62%
[2026-05-04 19:36:08,018][src.modRNN.training.training_loop][INFO] - 	 Starting Epoch: 1882
[2026-05-04 19:36:09,355][src.modRNN.training.training_loop][INFO] - train epoch 1882 loss 0.2303 accuracy 92.19%
[2026-05-04 19:36:09,356][src.modRNN.training.training_loop][INFO] - 	 Starting Epoch: 1883
[2026-05-04 19:36:10,689][src.modRNN.training.training_loop][INFO] - train epoch 1883 loss 0.2514 accuracy 92.19%
[2026-05-04 19:36:10,691][src.modRNN.training.training_loop][INFO] - 	 Starting Epoch: 1884
[2026-05-04 19:36:12,026][src.modRNN.training.training_loop][INFO] - train epoch 1884 loss 0.2051 accuracy 92.19%
[2026-05-04 19:36:12,027][src.modRNN.training.training_loop][INFO] - 	 Starting Epoch: 1885
[2026-05-04 19:36:13,362][src.modRNN.training.training_loop][INFO] - train epoch 1885 loss 0.2312 accuracy 93.75%
[2026-05-04 19:36:13,364][src.modRNN.training.training_loop][INFO] - 	 Starting Epoch: 1886
[2026-05-04 19:36:14,698][src.modRNN.training.training_loop][INFO] - train epoch 1886 loss 0.1588 accuracy 95.31%
[2026-05-04 19:36:14,699][src.modRNN.training.training_loop][INFO] - 	 Starting Epoch: 1887
[2026-05-04 19:36:16,034][src.modRNN.training.training_loop][INFO] - train epoch 1887 loss 0.1909 accuracy 96.88%
[2026-05-04 19:36:16,036][src.modRNN.training.training_loop][INFO] - 	 Starting Epoch: 1888
[2026-05-04 19:36:17,372][src.modRNN.training.training_loop][INFO] - train epoch 1888 loss 0.2993 accuracy 90.62%
[2026-05-04 19:36:17,374][src.modRNN.training.training_loop][INFO] - 	 Starting Epoch: 1889
[2026-05-04 19:36:18,706][src.modRNN.training.training_loop][INFO] - train epoch 1889 loss 0.2141 accuracy 92.19%
[2026-05-04 19:36:18,707][src.modRNN.training.training_loop][INFO] - 	 Starting Epoch: 1890
[2026-05-04 19:36:20,041][src.modRNN.training.training_loop][INFO] - train epoch 1890 loss 0.1954 accuracy 95.31%
[2026-05-04 19:36:20,042][src.modRNN.training.training_loop][INFO] - 	 Starting Epoch: 1891
[2026-05-04 19:36:21,375][src.modRNN.training.training_loop][INFO] - train epoch 1891 loss 0.3233 accuracy 87.50%
[2026-05-04 19:36:21,377][src.modRNN.training.training_loop][INFO] - 	 Starting Epoch: 1892
[2026-05-04 19:36:22,709][src.modRNN.training.training_loop][INFO] - train epoch 1892 loss 0.2100 accuracy 93.75%
[2026-05-04 19:36:22,711][src.modRNN.training.training_loop][INFO] - 	 Starting Epoch: 1893
[2026-05-04 19:36:24,054][src.modRNN.training.training_loop][INFO] - train epoch 1893 loss 0.1384 accuracy 98.44%
[2026-05-04 19:36:24,058][src.modRNN.training.training_loop][INFO] - 	 Starting Epoch: 1894
[2026-05-04 19:36:25,453][src.modRNN.training.training_loop][INFO] - train epoch 1894 loss 0.2795 accuracy 90.62%
[2026-05-04 19:36:25,455][src.modRNN.training.training_loop][INFO] - 	 Starting Epoch: 1895
[2026-05-04 19:36:26,788][src.modRNN.training.training_loop][INFO] - train epoch 1895 loss 0.2029 accuracy 93.75%
[2026-05-04 19:36:26,790][src.modRNN.training.training_loop][INFO] - 	 Starting Epoch: 1896
[2026-05-04 19:36:28,124][src.modRNN.training.training_loop][INFO] - train epoch 1896 loss 0.2798 accuracy 90.62%
[2026-05-04 19:36:28,125][src.modRNN.training.training_loop][INFO] - 	 Starting Epoch: 1897
[2026-05-04 19:36:29,459][src.modRNN.training.training_loop][INFO] - train epoch 1897 loss 0.1897 accuracy 93.75%
[2026-05-04 19:36:29,461][src.modRNN.training.training_loop][INFO] - 	 Starting Epoch: 1898
[2026-05-04 19:36:30,795][src.modRNN.training.training_loop][INFO] - train epoch 1898 loss 0.1985 accuracy 96.88%
[2026-05-04 19:36:30,797][src.modRNN.training.training_loop][INFO] - 	 Starting Epoch: 1899
[2026-05-04 19:36:32,126][src.modRNN.training.training_loop][INFO] - train epoch 1899 loss 0.1893 accuracy 95.31%
[2026-05-04 19:36:32,128][src.modRNN.training.training_loop][INFO] - 	 Starting Epoch: 1900
[2026-05-04 19:36:33,454][src.modRNN.training.training_loop][INFO] - train epoch 1900 loss 0.1291 accuracy 96.88%
[2026-05-04 19:36:33,456][src.modRNN.training.training_loop][INFO] - 	 Starting Epoch: 1901
[2026-05-04 19:36:34,780][src.modRNN.training.training_loop][INFO] - train epoch 1901 loss 0.2041 accuracy 92.19%
[2026-05-04 19:36:36,935][src.modRNN.training.training_loop][INFO] - eval  epoch 1901 loss 0.2182 accuracy 93.55%
[2026-05-04 19:36:36,936][src.modRNN.training.training_loop][INFO] - 	 Starting Epoch: 1902
[2026-05-04 19:36:38,262][src.modRNN.training.training_loop][INFO] - train epoch 1902 loss 0.2302 accuracy 92.19%
[2026-05-04 19:36:38,263][src.modRNN.training.training_loop][INFO] - 	 Starting Epoch: 1903
[2026-05-04 19:36:39,590][src.modRNN.training.training_loop][INFO] - train epoch 1903 loss 0.2033 accuracy 95.31%
[2026-05-04 19:36:39,592][src.modRNN.training.training_loop][INFO] - 	 Starting Epoch: 1904
[2026-05-04 19:36:40,920][src.modRNN.training.training_loop][INFO] - train epoch 1904 loss 0.1821 accuracy 95.31%
[2026-05-04 19:36:40,921][src.modRNN.training.training_loop][INFO] - 	 Starting Epoch: 1905
[2026-05-04 19:36:42,249][src.modRNN.training.training_loop][INFO] - train epoch 1905 loss 0.1688 accuracy 96.88%
[2026-05-04 19:36:42,250][src.modRNN.training.training_loop][INFO] - 	 Starting Epoch: 1906
[2026-05-04 19:36:43,579][src.modRNN.training.training_loop][INFO] - train epoch 1906 loss 0.2553 accuracy 89.06%
[2026-05-04 19:36:43,581][src.modRNN.training.training_loop][INFO] - 	 Starting Epoch: 1907
[2026-05-04 19:36:44,908][src.modRNN.training.training_loop][INFO] - train epoch 1907 loss 0.2473 accuracy 89.06%
[2026-05-04 19:36:44,910][src.modRNN.training.training_loop][INFO] - 	 Starting Epoch: 1908
[2026-05-04 19:36:46,237][src.modRNN.training.training_loop][INFO] - train epoch 1908 loss 0.3013 accuracy 89.06%
[2026-05-04 19:36:46,238][src.modRNN.training.training_loop][INFO] - 	 Starting Epoch: 1909
[2026-05-04 19:36:47,564][src.modRNN.training.training_loop][INFO] - train epoch 1909 loss 0.2169 accuracy 93.75%
[2026-05-04 19:36:47,565][src.modRNN.training.training_loop][INFO] - 	 Starting Epoch: 1910
[2026-05-04 19:36:48,891][src.modRNN.training.training_loop][INFO] - train epoch 1910 loss 0.1592 accuracy 95.31%
[2026-05-04 19:36:48,892][src.modRNN.training.training_loop][INFO] - 	 Starting Epoch: 1911
[2026-05-04 19:36:50,221][src.modRNN.training.training_loop][INFO] - train epoch 1911 loss 0.2821 accuracy 89.06%
[2026-05-04 19:36:50,223][src.modRNN.training.training_loop][INFO] - 	 Starting Epoch: 1912
[2026-05-04 19:36:51,551][src.modRNN.training.training_loop][INFO] - train epoch 1912 loss 0.3543 accuracy 85.94%
[2026-05-04 19:36:51,553][src.modRNN.training.training_loop][INFO] - 	 Starting Epoch: 1913
[2026-05-04 19:36:52,888][src.modRNN.training.training_loop][INFO] - train epoch 1913 loss 0.2013 accuracy 93.75%
[2026-05-04 19:36:52,890][src.modRNN.training.training_loop][INFO] - 	 Starting Epoch: 1914
[2026-05-04 19:36:54,214][src.modRNN.training.training_loop][INFO] - train epoch 1914 loss 0.2963 accuracy 89.06%
[2026-05-04 19:36:54,216][src.modRNN.training.training_loop][INFO] - 	 Starting Epoch: 1915
[2026-05-04 19:36:55,540][src.modRNN.training.training_loop][INFO] - train epoch 1915 loss 0.3365 accuracy 87.50%
[2026-05-04 19:36:55,542][src.modRNN.training.training_loop][INFO] - 	 Starting Epoch: 1916
[2026-05-04 19:36:56,869][src.modRNN.training.training_loop][INFO] - train epoch 1916 loss 0.1428 accuracy 96.88%
[2026-05-04 19:36:56,871][src.modRNN.training.training_loop][INFO] - 	 Starting Epoch: 1917
[2026-05-04 19:36:58,196][src.modRNN.training.training_loop][INFO] - train epoch 1917 loss 0.2701 accuracy 93.75%
[2026-05-04 19:36:58,198][src.modRNN.training.training_loop][INFO] - 	 Starting Epoch: 1918
[2026-05-04 19:36:59,525][src.modRNN.training.training_loop][INFO] - train epoch 1918 loss 0.2687 accuracy 90.62%
[2026-05-04 19:36:59,526][src.modRNN.training.training_loop][INFO] - 	 Starting Epoch: 1919
[2026-05-04 19:37:00,854][src.modRNN.training.training_loop][INFO] - train epoch 1919 loss 0.1964 accuracy 90.62%
[2026-05-04 19:37:00,856][src.modRNN.training.training_loop][INFO] - 	 Starting Epoch: 1920
[2026-05-04 19:37:02,191][src.modRNN.training.training_loop][INFO] - train epoch 1920 loss 0.1780 accuracy 92.19%
[2026-05-04 19:37:02,192][src.modRNN.training.training_loop][INFO] - 	 Starting Epoch: 1921
[2026-05-04 19:37:03,529][src.modRNN.training.training_loop][INFO] - train epoch 1921 loss 0.2444 accuracy 93.75%
[2026-05-04 19:37:03,530][src.modRNN.training.training_loop][INFO] - 	 Starting Epoch: 1922
[2026-05-04 19:37:04,864][src.modRNN.training.training_loop][INFO] - train epoch 1922 loss 0.2054 accuracy 93.75%
[2026-05-04 19:37:04,866][src.modRNN.training.training_loop][INFO] - 	 Starting Epoch: 1923
[2026-05-04 19:37:06,202][src.modRNN.training.training_loop][INFO] - train epoch 1923 loss 0.1944 accuracy 93.75%
[2026-05-04 19:37:06,203][src.modRNN.training.training_loop][INFO] - 	 Starting Epoch: 1924
[2026-05-04 19:37:07,538][src.modRNN.training.training_loop][INFO] - train epoch 1924 loss 0.3311 accuracy 87.50%
[2026-05-04 19:37:07,540][src.modRNN.training.training_loop][INFO] - 	 Starting Epoch: 1925
[2026-05-04 19:37:08,877][src.modRNN.training.training_loop][INFO] - train epoch 1925 loss 0.2405 accuracy 93.75%
[2026-05-04 19:37:08,878][src.modRNN.training.training_loop][INFO] - 	 Starting Epoch: 1926
[2026-05-04 19:37:10,211][src.modRNN.training.training_loop][INFO] - train epoch 1926 loss 0.2598 accuracy 92.19%
[2026-05-04 19:37:12,368][src.modRNN.training.training_loop][INFO] - eval  epoch 1926 loss 0.2520 accuracy 90.82%
[2026-05-04 19:37:12,370][src.modRNN.training.training_loop][INFO] - 	 Starting Epoch: 1927
[2026-05-04 19:37:13,702][src.modRNN.training.training_loop][INFO] - train epoch 1927 loss 0.2115 accuracy 90.62%
[2026-05-04 19:37:13,704][src.modRNN.training.training_loop][INFO] - 	 Starting Epoch: 1928
[2026-05-04 19:37:15,038][src.modRNN.training.training_loop][INFO] - train epoch 1928 loss 0.2806 accuracy 90.62%
[2026-05-04 19:37:15,040][src.modRNN.training.training_loop][INFO] - 	 Starting Epoch: 1929
[2026-05-04 19:37:16,376][src.modRNN.training.training_loop][INFO] - train epoch 1929 loss 0.1716 accuracy 92.19%
[2026-05-04 19:37:16,377][src.modRNN.training.training_loop][INFO] - 	 Starting Epoch: 1930
[2026-05-04 19:37:17,714][src.modRNN.training.training_loop][INFO] - train epoch 1930 loss 0.2266 accuracy 92.19%
[2026-05-04 19:37:17,716][src.modRNN.training.training_loop][INFO] - 	 Starting Epoch: 1931
[2026-05-04 19:37:19,053][src.modRNN.training.training_loop][INFO] - train epoch 1931 loss 0.2152 accuracy 95.31%
[2026-05-04 19:37:19,055][src.modRNN.training.training_loop][INFO] - 	 Starting Epoch: 1932
[2026-05-04 19:37:20,393][src.modRNN.training.training_loop][INFO] - train epoch 1932 loss 0.2159 accuracy 92.19%
[2026-05-04 19:37:20,395][src.modRNN.training.training_loop][INFO] - 	 Starting Epoch: 1933
[2026-05-04 19:37:21,728][src.modRNN.training.training_loop][INFO] - train epoch 1933 loss 0.1972 accuracy 95.31%
[2026-05-04 19:37:21,730][src.modRNN.training.training_loop][INFO] - 	 Starting Epoch: 1934
[2026-05-04 19:37:23,062][src.modRNN.training.training_loop][INFO] - train epoch 1934 loss 0.1914 accuracy 93.75%
[2026-05-04 19:37:23,064][src.modRNN.training.training_loop][INFO] - 	 Starting Epoch: 1935
[2026-05-04 19:37:24,423][src.modRNN.training.training_loop][INFO] - train epoch 1935 loss 0.3211 accuracy 87.50%
[2026-05-04 19:37:24,426][src.modRNN.training.training_loop][INFO] - 	 Starting Epoch: 1936
[2026-05-04 19:37:25,798][src.modRNN.training.training_loop][INFO] - train epoch 1936 loss 0.3797 accuracy 85.94%
[2026-05-04 19:37:25,800][src.modRNN.training.training_loop][INFO] - 	 Starting Epoch: 1937
[2026-05-04 19:37:27,137][src.modRNN.training.training_loop][INFO] - train epoch 1937 loss 0.2628 accuracy 93.75%
[2026-05-04 19:37:27,139][src.modRNN.training.training_loop][INFO] - 	 Starting Epoch: 1938
[2026-05-04 19:37:28,474][src.modRNN.training.training_loop][INFO] - train epoch 1938 loss 0.1937 accuracy 92.19%
[2026-05-04 19:37:28,476][src.modRNN.training.training_loop][INFO] - 	 Starting Epoch: 1939
[2026-05-04 19:37:29,808][src.modRNN.training.training_loop][INFO] - train epoch 1939 loss 0.1917 accuracy 96.88%
[2026-05-04 19:37:29,809][src.modRNN.training.training_loop][INFO] - 	 Starting Epoch: 1940
[2026-05-04 19:37:31,143][src.modRNN.training.training_loop][INFO] - train epoch 1940 loss 0.1567 accuracy 98.44%
[2026-05-04 19:37:31,145][src.modRNN.training.training_loop][INFO] - 	 Starting Epoch: 1941
[2026-05-04 19:37:32,468][src.modRNN.training.training_loop][INFO] - train epoch 1941 loss 0.2051 accuracy 89.06%
[2026-05-04 19:37:32,470][src.modRNN.training.training_loop][INFO] - 	 Starting Epoch: 1942
[2026-05-04 19:37:33,796][src.modRNN.training.training_loop][INFO] - train epoch 1942 loss 0.2265 accuracy 92.19%
[2026-05-04 19:37:33,797][src.modRNN.training.training_loop][INFO] - 	 Starting Epoch: 1943
[2026-05-04 19:37:35,125][src.modRNN.training.training_loop][INFO] - train epoch 1943 loss 0.2387 accuracy 93.75%
[2026-05-04 19:37:35,127][src.modRNN.training.training_loop][INFO] - 	 Starting Epoch: 1944
[2026-05-04 19:37:36,454][src.modRNN.training.training_loop][INFO] - train epoch 1944 loss 0.3004 accuracy 89.06%
[2026-05-04 19:37:36,456][src.modRNN.training.training_loop][INFO] - 	 Starting Epoch: 1945
[2026-05-04 19:37:37,783][src.modRNN.training.training_loop][INFO] - train epoch 1945 loss 0.2607 accuracy 89.06%
[2026-05-04 19:37:37,784][src.modRNN.training.training_loop][INFO] - 	 Starting Epoch: 1946
[2026-05-04 19:37:39,112][src.modRNN.training.training_loop][INFO] - train epoch 1946 loss 0.2632 accuracy 92.19%
[2026-05-04 19:37:39,113][src.modRNN.training.training_loop][INFO] - 	 Starting Epoch: 1947
[2026-05-04 19:37:40,439][src.modRNN.training.training_loop][INFO] - train epoch 1947 loss 0.2064 accuracy 92.19%
[2026-05-04 19:37:40,440][src.modRNN.training.training_loop][INFO] - 	 Starting Epoch: 1948
[2026-05-04 19:37:41,769][src.modRNN.training.training_loop][INFO] - train epoch 1948 loss 0.1954 accuracy 93.75%
[2026-05-04 19:37:41,770][src.modRNN.training.training_loop][INFO] - 	 Starting Epoch: 1949
[2026-05-04 19:37:43,098][src.modRNN.training.training_loop][INFO] - train epoch 1949 loss 0.2959 accuracy 90.62%
[2026-05-04 19:37:43,099][src.modRNN.training.training_loop][INFO] - 	 Starting Epoch: 1950
[2026-05-04 19:37:44,424][src.modRNN.training.training_loop][INFO] - train epoch 1950 loss 0.1703 accuracy 96.88%
[2026-05-04 19:37:44,426][src.modRNN.training.training_loop][INFO] - 	 Starting Epoch: 1951
[2026-05-04 19:37:45,753][src.modRNN.training.training_loop][INFO] - train epoch 1951 loss 0.2665 accuracy 90.62%
[2026-05-04 19:37:47,904][src.modRNN.training.training_loop][INFO] - eval  epoch 1951 loss 0.2467 accuracy 92.19%
[2026-05-04 19:37:47,906][src.modRNN.training.training_loop][INFO] - 	 Starting Epoch: 1952
[2026-05-04 19:37:49,229][src.modRNN.training.training_loop][INFO] - train epoch 1952 loss 0.3985 accuracy 82.81%
[2026-05-04 19:37:49,231][src.modRNN.training.training_loop][INFO] - 	 Starting Epoch: 1953
[2026-05-04 19:37:50,558][src.modRNN.training.training_loop][INFO] - train epoch 1953 loss 0.2262 accuracy 92.19%
[2026-05-04 19:37:50,560][src.modRNN.training.training_loop][INFO] - 	 Starting Epoch: 1954
[2026-05-04 19:37:51,887][src.modRNN.training.training_loop][INFO] - train epoch 1954 loss 0.2447 accuracy 92.19%
[2026-05-04 19:37:51,889][src.modRNN.training.training_loop][INFO] - 	 Starting Epoch: 1955
[2026-05-04 19:37:53,218][src.modRNN.training.training_loop][INFO] - train epoch 1955 loss 0.2492 accuracy 93.75%
[2026-05-04 19:37:53,219][src.modRNN.training.training_loop][INFO] - 	 Starting Epoch: 1956
[2026-05-04 19:37:54,550][src.modRNN.training.training_loop][INFO] - train epoch 1956 loss 0.2090 accuracy 92.19%
[2026-05-04 19:37:54,551][src.modRNN.training.training_loop][INFO] - 	 Starting Epoch: 1957
[2026-05-04 19:37:55,880][src.modRNN.training.training_loop][INFO] - train epoch 1957 loss 0.1650 accuracy 98.44%
[2026-05-04 19:37:55,881][src.modRNN.training.training_loop][INFO] - 	 Starting Epoch: 1958
[2026-05-04 19:37:57,206][src.modRNN.training.training_loop][INFO] - train epoch 1958 loss 0.2026 accuracy 89.06%
[2026-05-04 19:37:57,208][src.modRNN.training.training_loop][INFO] - 	 Starting Epoch: 1959
[2026-05-04 19:37:58,532][src.modRNN.training.training_loop][INFO] - train epoch 1959 loss 0.2679 accuracy 89.06%
[2026-05-04 19:37:58,533][src.modRNN.training.training_loop][INFO] - 	 Starting Epoch: 1960
[2026-05-04 19:37:59,859][src.modRNN.training.training_loop][INFO] - train epoch 1960 loss 0.2000 accuracy 93.75%
[2026-05-04 19:37:59,860][src.modRNN.training.training_loop][INFO] - 	 Starting Epoch: 1961
[2026-05-04 19:38:01,186][src.modRNN.training.training_loop][INFO] - train epoch 1961 loss 0.2297 accuracy 95.31%
[2026-05-04 19:38:01,188][src.modRNN.training.training_loop][INFO] - 	 Starting Epoch: 1962
[2026-05-04 19:38:02,526][src.modRNN.training.training_loop][INFO] - train epoch 1962 loss 0.2078 accuracy 92.19%
[2026-05-04 19:38:02,527][src.modRNN.training.training_loop][INFO] - 	 Starting Epoch: 1963
[2026-05-04 19:38:03,864][src.modRNN.training.training_loop][INFO] - train epoch 1963 loss 0.2754 accuracy 89.06%
[2026-05-04 19:38:03,866][src.modRNN.training.training_loop][INFO] - 	 Starting Epoch: 1964
[2026-05-04 19:38:05,199][src.modRNN.training.training_loop][INFO] - train epoch 1964 loss 0.2697 accuracy 90.62%
[2026-05-04 19:38:05,201][src.modRNN.training.training_loop][INFO] - 	 Starting Epoch: 1965
[2026-05-04 19:38:06,535][src.modRNN.training.training_loop][INFO] - train epoch 1965 loss 0.3094 accuracy 85.94%
[2026-05-04 19:38:06,536][src.modRNN.training.training_loop][INFO] - 	 Starting Epoch: 1966
[2026-05-04 19:38:07,870][src.modRNN.training.training_loop][INFO] - train epoch 1966 loss 0.1838 accuracy 90.62%
[2026-05-04 19:38:07,871][src.modRNN.training.training_loop][INFO] - 	 Starting Epoch: 1967
[2026-05-04 19:38:09,205][src.modRNN.training.training_loop][INFO] - train epoch 1967 loss 0.2125 accuracy 92.19%
[2026-05-04 19:38:09,206][src.modRNN.training.training_loop][INFO] - 	 Starting Epoch: 1968
[2026-05-04 19:38:10,541][src.modRNN.training.training_loop][INFO] - train epoch 1968 loss 0.2932 accuracy 84.38%
[2026-05-04 19:38:10,542][src.modRNN.training.training_loop][INFO] - 	 Starting Epoch: 1969
[2026-05-04 19:38:11,878][src.modRNN.training.training_loop][INFO] - train epoch 1969 loss 0.2948 accuracy 85.94%
[2026-05-04 19:38:11,880][src.modRNN.training.training_loop][INFO] - 	 Starting Epoch: 1970
[2026-05-04 19:38:13,211][src.modRNN.training.training_loop][INFO] - train epoch 1970 loss 0.2871 accuracy 92.19%
[2026-05-04 19:38:13,213][src.modRNN.training.training_loop][INFO] - 	 Starting Epoch: 1971
[2026-05-04 19:38:14,545][src.modRNN.training.training_loop][INFO] - train epoch 1971 loss 0.2998 accuracy 87.50%
[2026-05-04 19:38:14,547][src.modRNN.training.training_loop][INFO] - 	 Starting Epoch: 1972
[2026-05-04 19:38:15,881][src.modRNN.training.training_loop][INFO] - train epoch 1972 loss 0.2813 accuracy 89.06%
[2026-05-04 19:38:15,882][src.modRNN.training.training_loop][INFO] - 	 Starting Epoch: 1973
[2026-05-04 19:38:17,218][src.modRNN.training.training_loop][INFO] - train epoch 1973 loss 0.1890 accuracy 93.75%
[2026-05-04 19:38:17,219][src.modRNN.training.training_loop][INFO] - 	 Starting Epoch: 1974
[2026-05-04 19:38:18,555][src.modRNN.training.training_loop][INFO] - train epoch 1974 loss 0.2870 accuracy 90.62%
[2026-05-04 19:38:18,557][src.modRNN.training.training_loop][INFO] - 	 Starting Epoch: 1975
[2026-05-04 19:38:19,893][src.modRNN.training.training_loop][INFO] - train epoch 1975 loss 0.1927 accuracy 92.19%
[2026-05-04 19:38:19,894][src.modRNN.training.training_loop][INFO] - 	 Starting Epoch: 1976
[2026-05-04 19:38:21,228][src.modRNN.training.training_loop][INFO] - train epoch 1976 loss 0.1884 accuracy 96.88%
[2026-05-04 19:38:23,382][src.modRNN.training.training_loop][INFO] - eval  epoch 1976 loss 0.2818 accuracy 89.45%
[2026-05-04 19:38:23,384][src.modRNN.training.training_loop][INFO] - 	 Starting Epoch: 1977
[2026-05-04 19:38:24,756][src.modRNN.training.training_loop][INFO] - train epoch 1977 loss 0.3098 accuracy 89.06%
[2026-05-04 19:38:24,758][src.modRNN.training.training_loop][INFO] - 	 Starting Epoch: 1978
[2026-05-04 19:38:26,095][src.modRNN.training.training_loop][INFO] - train epoch 1978 loss 0.1626 accuracy 93.75%
[2026-05-04 19:38:26,096][src.modRNN.training.training_loop][INFO] - 	 Starting Epoch: 1979
[2026-05-04 19:38:27,428][src.modRNN.training.training_loop][INFO] - train epoch 1979 loss 0.2446 accuracy 92.19%
[2026-05-04 19:38:27,429][src.modRNN.training.training_loop][INFO] - 	 Starting Epoch: 1980
[2026-05-04 19:38:28,768][src.modRNN.training.training_loop][INFO] - train epoch 1980 loss 0.2200 accuracy 93.75%
[2026-05-04 19:38:28,769][src.modRNN.training.training_loop][INFO] - 	 Starting Epoch: 1981
[2026-05-04 19:38:30,104][src.modRNN.training.training_loop][INFO] - train epoch 1981 loss 0.2127 accuracy 92.19%
[2026-05-04 19:38:30,105][src.modRNN.training.training_loop][INFO] - 	 Starting Epoch: 1982
[2026-05-04 19:38:31,441][src.modRNN.training.training_loop][INFO] - train epoch 1982 loss 0.3090 accuracy 90.62%
[2026-05-04 19:38:31,442][src.modRNN.training.training_loop][INFO] - 	 Starting Epoch: 1983
[2026-05-04 19:38:32,767][src.modRNN.training.training_loop][INFO] - train epoch 1983 loss 0.1623 accuracy 95.31%
[2026-05-04 19:38:32,768][src.modRNN.training.training_loop][INFO] - 	 Starting Epoch: 1984
[2026-05-04 19:38:34,094][src.modRNN.training.training_loop][INFO] - train epoch 1984 loss 0.2612 accuracy 85.94%
[2026-05-04 19:38:34,095][src.modRNN.training.training_loop][INFO] - 	 Starting Epoch: 1985
[2026-05-04 19:38:35,421][src.modRNN.training.training_loop][INFO] - train epoch 1985 loss 0.1392 accuracy 96.88%
[2026-05-04 19:38:35,422][src.modRNN.training.training_loop][INFO] - 	 Starting Epoch: 1986
[2026-05-04 19:38:36,747][src.modRNN.training.training_loop][INFO] - train epoch 1986 loss 0.3516 accuracy 84.38%
[2026-05-04 19:38:36,748][src.modRNN.training.training_loop][INFO] - 	 Starting Epoch: 1987
[2026-05-04 19:38:38,076][src.modRNN.training.training_loop][INFO] - train epoch 1987 loss 0.2862 accuracy 90.62%
[2026-05-04 19:38:38,077][src.modRNN.training.training_loop][INFO] - 	 Starting Epoch: 1988
[2026-05-04 19:38:39,404][src.modRNN.training.training_loop][INFO] - train epoch 1988 loss 0.3033 accuracy 87.50%
[2026-05-04 19:38:39,406][src.modRNN.training.training_loop][INFO] - 	 Starting Epoch: 1989
[2026-05-04 19:38:40,730][src.modRNN.training.training_loop][INFO] - train epoch 1989 loss 0.3736 accuracy 82.81%
[2026-05-04 19:38:40,731][src.modRNN.training.training_loop][INFO] - 	 Starting Epoch: 1990
[2026-05-04 19:38:42,057][src.modRNN.training.training_loop][INFO] - train epoch 1990 loss 0.2598 accuracy 87.50%
[2026-05-04 19:38:42,058][src.modRNN.training.training_loop][INFO] - 	 Starting Epoch: 1991
[2026-05-04 19:38:43,384][src.modRNN.training.training_loop][INFO] - train epoch 1991 loss 0.2860 accuracy 92.19%
[2026-05-04 19:38:43,386][src.modRNN.training.training_loop][INFO] - 	 Starting Epoch: 1992
[2026-05-04 19:38:44,711][src.modRNN.training.training_loop][INFO] - train epoch 1992 loss 0.2537 accuracy 89.06%
[2026-05-04 19:38:44,712][src.modRNN.training.training_loop][INFO] - 	 Starting Epoch: 1993
[2026-05-04 19:38:46,039][src.modRNN.training.training_loop][INFO] - train epoch 1993 loss 0.2866 accuracy 89.06%
[2026-05-04 19:38:46,041][src.modRNN.training.training_loop][INFO] - 	 Starting Epoch: 1994
[2026-05-04 19:38:47,371][src.modRNN.training.training_loop][INFO] - train epoch 1994 loss 0.2057 accuracy 92.19%
[2026-05-04 19:38:47,373][src.modRNN.training.training_loop][INFO] - 	 Starting Epoch: 1995
[2026-05-04 19:38:48,698][src.modRNN.training.training_loop][INFO] - train epoch 1995 loss 0.2052 accuracy 93.75%
[2026-05-04 19:38:48,699][src.modRNN.training.training_loop][INFO] - 	 Starting Epoch: 1996
[2026-05-04 19:38:50,024][src.modRNN.training.training_loop][INFO] - train epoch 1996 loss 0.3187 accuracy 89.06%
[2026-05-04 19:38:50,026][src.modRNN.training.training_loop][INFO] - 	 Starting Epoch: 1997
[2026-05-04 19:38:51,350][src.modRNN.training.training_loop][INFO] - train epoch 1997 loss 0.1868 accuracy 95.31%
[2026-05-04 19:38:51,351][src.modRNN.training.training_loop][INFO] - 	 Starting Epoch: 1998
[2026-05-04 19:38:52,677][src.modRNN.training.training_loop][INFO] - train epoch 1998 loss 0.1670 accuracy 98.44%
[2026-05-04 19:38:52,679][src.modRNN.training.training_loop][INFO] - 	 Starting Epoch: 1999
[2026-05-04 19:38:54,011][src.modRNN.training.training_loop][INFO] - train epoch 1999 loss 0.1968 accuracy 93.75%
[2026-05-04 19:38:54,012][src.modRNN.training.training_loop][INFO] - 	 Starting Epoch: 2000
[2026-05-04 19:38:55,348][src.modRNN.training.training_loop][INFO] - train epoch 2000 loss 0.2953 accuracy 89.06%
[2026-05-04 19:38:57,500][src.modRNN.training.training_loop][INFO] - eval  epoch 2000 loss 0.2356 accuracy 93.16%
[2026-05-04 19:39:00,212][src.modRNN.training.training_loop][INFO] - firing rate eval set  average 49.7 max 123.4 min 4.4
[2026-05-04 19:39:03,159][src.modRNN.training.training_loop][INFO] - Training completed all 2000 iterations.
