[2026-05-04 19:59:18,383][jax._src.xla_bridge][INFO] - Unable to initialize backend 'rocm': module 'jaxlib.xla_extension' has no attribute 'GpuAllocatorConfig'
[2026-05-04 19:59:18,385][jax._src.xla_bridge][INFO] - Unable to initialize backend 'tpu': INTERNAL: Failed to open libtpu.so: libtpu.so: cannot open shared object file: No such file or directory
[2026-05-04 19:59:28,427][src.modRNN.training.training_loop][INFO] - Starting training...
[2026-05-04 19:59:29,368][src.modRNN.training.training_loop][INFO] - 	 Starting Epoch: 1
[2026-05-04 19:59:31,948][src.modRNN.training.training_loop][INFO] - train epoch 001 loss 0.6931 accuracy 53.12%
[2026-05-04 19:59:34,257][src.modRNN.training.training_loop][INFO] - eval  epoch 001 loss 0.6931 accuracy 49.02%
[2026-05-04 19:59:34,259][src.modRNN.training.training_loop][INFO] - 	 Starting Epoch: 2
[2026-05-04 19:59:35,293][src.modRNN.training.training_loop][INFO] - train epoch 002 loss 0.6931 accuracy 54.69%
[2026-05-04 19:59:35,294][src.modRNN.training.training_loop][INFO] - 	 Starting Epoch: 3
[2026-05-04 19:59:36,323][src.modRNN.training.training_loop][INFO] - train epoch 003 loss 0.6932 accuracy 54.69%
[2026-05-04 19:59:36,324][src.modRNN.training.training_loop][INFO] - 	 Starting Epoch: 4
[2026-05-04 19:59:37,355][src.modRNN.training.training_loop][INFO] - train epoch 004 loss 0.6931 accuracy 46.88%
[2026-05-04 19:59:37,357][src.modRNN.training.training_loop][INFO] - 	 Starting Epoch: 5
[2026-05-04 19:59:38,388][src.modRNN.training.training_loop][INFO] - train epoch 005 loss 0.6932 accuracy 48.44%
[2026-05-04 19:59:38,390][src.modRNN.training.training_loop][INFO] - 	 Starting Epoch: 6
[2026-05-04 19:59:39,426][src.modRNN.training.training_loop][INFO] - train epoch 006 loss 0.6931 accuracy 59.38%
[2026-05-04 19:59:39,427][src.modRNN.training.training_loop][INFO] - 	 Starting Epoch: 7
[2026-05-04 19:59:40,466][src.modRNN.training.training_loop][INFO] - train epoch 007 loss 0.6932 accuracy 51.56%
[2026-05-04 19:59:40,468][src.modRNN.training.training_loop][INFO] - 	 Starting Epoch: 8
[2026-05-04 19:59:41,504][src.modRNN.training.training_loop][INFO] - train epoch 008 loss 0.6932 accuracy 45.31%
[2026-05-04 19:59:41,505][src.modRNN.training.training_loop][INFO] - 	 Starting Epoch: 9
[2026-05-04 19:59:42,539][src.modRNN.training.training_loop][INFO] - train epoch 009 loss 0.6932 accuracy 51.56%
[2026-05-04 19:59:42,541][src.modRNN.training.training_loop][INFO] - 	 Starting Epoch: 10
[2026-05-04 19:59:43,579][src.modRNN.training.training_loop][INFO] - train epoch 010 loss 0.6931 accuracy 48.44%
[2026-05-04 19:59:43,581][src.modRNN.training.training_loop][INFO] - 	 Starting Epoch: 11
[2026-05-04 19:59:44,616][src.modRNN.training.training_loop][INFO] - train epoch 011 loss 0.6933 accuracy 40.62%
[2026-05-04 19:59:44,618][src.modRNN.training.training_loop][INFO] - 	 Starting Epoch: 12
[2026-05-04 19:59:45,656][src.modRNN.training.training_loop][INFO] - train epoch 012 loss 0.6932 accuracy 51.56%
[2026-05-04 19:59:45,658][src.modRNN.training.training_loop][INFO] - 	 Starting Epoch: 13
[2026-05-04 19:59:46,692][src.modRNN.training.training_loop][INFO] - train epoch 013 loss 0.6930 accuracy 51.56%
[2026-05-04 19:59:46,694][src.modRNN.training.training_loop][INFO] - 	 Starting Epoch: 14
[2026-05-04 19:59:47,728][src.modRNN.training.training_loop][INFO] - train epoch 014 loss 0.6932 accuracy 48.44%
[2026-05-04 19:59:47,730][src.modRNN.training.training_loop][INFO] - 	 Starting Epoch: 15
[2026-05-04 19:59:48,764][src.modRNN.training.training_loop][INFO] - train epoch 015 loss 0.6933 accuracy 50.00%
[2026-05-04 19:59:48,765][src.modRNN.training.training_loop][INFO] - 	 Starting Epoch: 16
[2026-05-04 19:59:49,804][src.modRNN.training.training_loop][INFO] - train epoch 016 loss 0.6933 accuracy 46.88%
[2026-05-04 19:59:49,805][src.modRNN.training.training_loop][INFO] - 	 Starting Epoch: 17
[2026-05-04 19:59:50,845][src.modRNN.training.training_loop][INFO] - train epoch 017 loss 0.6933 accuracy 45.31%
[2026-05-04 19:59:50,847][src.modRNN.training.training_loop][INFO] - 	 Starting Epoch: 18
[2026-05-04 19:59:51,889][src.modRNN.training.training_loop][INFO] - train epoch 018 loss 0.6929 accuracy 62.50%
[2026-05-04 19:59:51,891][src.modRNN.training.training_loop][INFO] - 	 Starting Epoch: 19
[2026-05-04 19:59:52,931][src.modRNN.training.training_loop][INFO] - train epoch 019 loss 0.6933 accuracy 43.75%
[2026-05-04 19:59:52,933][src.modRNN.training.training_loop][INFO] - 	 Starting Epoch: 20
[2026-05-04 19:59:53,975][src.modRNN.training.training_loop][INFO] - train epoch 020 loss 0.6932 accuracy 43.75%
[2026-05-04 19:59:53,976][src.modRNN.training.training_loop][INFO] - 	 Starting Epoch: 21
[2026-05-04 19:59:55,016][src.modRNN.training.training_loop][INFO] - train epoch 021 loss 0.6930 accuracy 51.56%
[2026-05-04 19:59:55,017][src.modRNN.training.training_loop][INFO] - 	 Starting Epoch: 22
[2026-05-04 19:59:56,057][src.modRNN.training.training_loop][INFO] - train epoch 022 loss 0.6928 accuracy 60.94%
[2026-05-04 19:59:56,059][src.modRNN.training.training_loop][INFO] - 	 Starting Epoch: 23
[2026-05-04 19:59:57,100][src.modRNN.training.training_loop][INFO] - train epoch 023 loss 0.6927 accuracy 54.69%
[2026-05-04 19:59:57,102][src.modRNN.training.training_loop][INFO] - 	 Starting Epoch: 24
[2026-05-04 19:59:58,146][src.modRNN.training.training_loop][INFO] - train epoch 024 loss 0.6930 accuracy 48.44%
[2026-05-04 19:59:58,147][src.modRNN.training.training_loop][INFO] - 	 Starting Epoch: 25
[2026-05-04 19:59:59,188][src.modRNN.training.training_loop][INFO] - train epoch 025 loss 0.6935 accuracy 40.62%
[2026-05-04 19:59:59,190][src.modRNN.training.training_loop][INFO] - 	 Starting Epoch: 26
[2026-05-04 20:00:00,231][src.modRNN.training.training_loop][INFO] - train epoch 026 loss 0.6933 accuracy 48.44%
[2026-05-04 20:00:02,324][src.modRNN.training.training_loop][INFO] - eval  epoch 026 loss 0.6931 accuracy 52.15%
[2026-05-04 20:00:02,326][src.modRNN.training.training_loop][INFO] - 	 Starting Epoch: 27
[2026-05-04 20:00:03,378][src.modRNN.training.training_loop][INFO] - train epoch 027 loss 0.6933 accuracy 46.88%
[2026-05-04 20:00:03,380][src.modRNN.training.training_loop][INFO] - 	 Starting Epoch: 28
[2026-05-04 20:00:04,428][src.modRNN.training.training_loop][INFO] - train epoch 028 loss 0.6923 accuracy 53.12%
[2026-05-04 20:00:04,429][src.modRNN.training.training_loop][INFO] - 	 Starting Epoch: 29
[2026-05-04 20:00:05,481][src.modRNN.training.training_loop][INFO] - train epoch 029 loss 0.6936 accuracy 45.31%
[2026-05-04 20:00:05,482][src.modRNN.training.training_loop][INFO] - 	 Starting Epoch: 30
[2026-05-04 20:00:06,532][src.modRNN.training.training_loop][INFO] - train epoch 030 loss 0.6933 accuracy 42.19%
[2026-05-04 20:00:06,534][src.modRNN.training.training_loop][INFO] - 	 Starting Epoch: 31
[2026-05-04 20:00:07,584][src.modRNN.training.training_loop][INFO] - train epoch 031 loss 0.6926 accuracy 57.81%
[2026-05-04 20:00:07,585][src.modRNN.training.training_loop][INFO] - 	 Starting Epoch: 32
[2026-05-04 20:00:08,633][src.modRNN.training.training_loop][INFO] - train epoch 032 loss 0.6933 accuracy 50.00%
[2026-05-04 20:00:08,635][src.modRNN.training.training_loop][INFO] - 	 Starting Epoch: 33
[2026-05-04 20:00:09,689][src.modRNN.training.training_loop][INFO] - train epoch 033 loss 0.6927 accuracy 53.12%
[2026-05-04 20:00:09,690][src.modRNN.training.training_loop][INFO] - 	 Starting Epoch: 34
[2026-05-04 20:00:10,745][src.modRNN.training.training_loop][INFO] - train epoch 034 loss 0.6928 accuracy 56.25%
[2026-05-04 20:00:10,746][src.modRNN.training.training_loop][INFO] - 	 Starting Epoch: 35
[2026-05-04 20:00:11,802][src.modRNN.training.training_loop][INFO] - train epoch 035 loss 0.6930 accuracy 50.00%
[2026-05-04 20:00:11,804][src.modRNN.training.training_loop][INFO] - 	 Starting Epoch: 36
[2026-05-04 20:00:12,859][src.modRNN.training.training_loop][INFO] - train epoch 036 loss 0.6929 accuracy 54.69%
[2026-05-04 20:00:12,861][src.modRNN.training.training_loop][INFO] - 	 Starting Epoch: 37
[2026-05-04 20:00:13,920][src.modRNN.training.training_loop][INFO] - train epoch 037 loss 0.6938 accuracy 34.38%
[2026-05-04 20:00:13,921][src.modRNN.training.training_loop][INFO] - 	 Starting Epoch: 38
[2026-05-04 20:00:14,979][src.modRNN.training.training_loop][INFO] - train epoch 038 loss 0.6929 accuracy 57.81%
[2026-05-04 20:00:14,981][src.modRNN.training.training_loop][INFO] - 	 Starting Epoch: 39
[2026-05-04 20:00:16,036][src.modRNN.training.training_loop][INFO] - train epoch 039 loss 0.6928 accuracy 54.69%
[2026-05-04 20:00:16,038][src.modRNN.training.training_loop][INFO] - 	 Starting Epoch: 40
[2026-05-04 20:00:17,093][src.modRNN.training.training_loop][INFO] - train epoch 040 loss 0.6930 accuracy 48.44%
[2026-05-04 20:00:17,094][src.modRNN.training.training_loop][INFO] - 	 Starting Epoch: 41
[2026-05-04 20:00:18,152][src.modRNN.training.training_loop][INFO] - train epoch 041 loss 0.6928 accuracy 53.12%
[2026-05-04 20:00:18,153][src.modRNN.training.training_loop][INFO] - 	 Starting Epoch: 42
[2026-05-04 20:00:19,209][src.modRNN.training.training_loop][INFO] - train epoch 042 loss 0.6922 accuracy 56.25%
[2026-05-04 20:00:19,211][src.modRNN.training.training_loop][INFO] - 	 Starting Epoch: 43
[2026-05-04 20:00:20,269][src.modRNN.training.training_loop][INFO] - train epoch 043 loss 0.6928 accuracy 57.81%
[2026-05-04 20:00:20,271][src.modRNN.training.training_loop][INFO] - 	 Starting Epoch: 44
[2026-05-04 20:00:21,328][src.modRNN.training.training_loop][INFO] - train epoch 044 loss 0.6932 accuracy 50.00%
[2026-05-04 20:00:21,329][src.modRNN.training.training_loop][INFO] - 	 Starting Epoch: 45
[2026-05-04 20:00:22,387][src.modRNN.training.training_loop][INFO] - train epoch 045 loss 0.6934 accuracy 48.44%
[2026-05-04 20:00:22,388][src.modRNN.training.training_loop][INFO] - 	 Starting Epoch: 46
[2026-05-04 20:00:23,443][src.modRNN.training.training_loop][INFO] - train epoch 046 loss 0.6933 accuracy 51.56%
[2026-05-04 20:00:23,445][src.modRNN.training.training_loop][INFO] - 	 Starting Epoch: 47
[2026-05-04 20:00:24,536][src.modRNN.training.training_loop][INFO] - train epoch 047 loss 0.6933 accuracy 43.75%
[2026-05-04 20:00:24,539][src.modRNN.training.training_loop][INFO] - 	 Starting Epoch: 48
[2026-05-04 20:00:25,626][src.modRNN.training.training_loop][INFO] - train epoch 048 loss 0.6938 accuracy 45.31%
[2026-05-04 20:00:25,628][src.modRNN.training.training_loop][INFO] - 	 Starting Epoch: 49
[2026-05-04 20:00:26,686][src.modRNN.training.training_loop][INFO] - train epoch 049 loss 0.6938 accuracy 46.88%
[2026-05-04 20:00:26,687][src.modRNN.training.training_loop][INFO] - 	 Starting Epoch: 50
[2026-05-04 20:00:27,746][src.modRNN.training.training_loop][INFO] - train epoch 050 loss 0.6933 accuracy 51.56%
[2026-05-04 20:00:27,747][src.modRNN.training.training_loop][INFO] - 	 Starting Epoch: 51
[2026-05-04 20:00:28,802][src.modRNN.training.training_loop][INFO] - train epoch 051 loss 0.6922 accuracy 48.44%
[2026-05-04 20:00:30,916][src.modRNN.training.training_loop][INFO] - eval  epoch 051 loss 0.6928 accuracy 52.73%
[2026-05-04 20:00:30,917][src.modRNN.training.training_loop][INFO] - 	 Starting Epoch: 52
[2026-05-04 20:00:31,968][src.modRNN.training.training_loop][INFO] - train epoch 052 loss 0.6924 accuracy 50.00%
[2026-05-04 20:00:31,970][src.modRNN.training.training_loop][INFO] - 	 Starting Epoch: 53
[2026-05-04 20:00:33,019][src.modRNN.training.training_loop][INFO] - train epoch 053 loss 0.6930 accuracy 56.25%
[2026-05-04 20:00:33,020][src.modRNN.training.training_loop][INFO] - 	 Starting Epoch: 54
[2026-05-04 20:00:34,068][src.modRNN.training.training_loop][INFO] - train epoch 054 loss 0.6933 accuracy 45.31%
[2026-05-04 20:00:34,069][src.modRNN.training.training_loop][INFO] - 	 Starting Epoch: 55
[2026-05-04 20:00:35,115][src.modRNN.training.training_loop][INFO] - train epoch 055 loss 0.6929 accuracy 51.56%
[2026-05-04 20:00:35,116][src.modRNN.training.training_loop][INFO] - 	 Starting Epoch: 56
[2026-05-04 20:00:36,165][src.modRNN.training.training_loop][INFO] - train epoch 056 loss 0.6933 accuracy 50.00%
[2026-05-04 20:00:36,166][src.modRNN.training.training_loop][INFO] - 	 Starting Epoch: 57
[2026-05-04 20:00:37,213][src.modRNN.training.training_loop][INFO] - train epoch 057 loss 0.6935 accuracy 46.88%
[2026-05-04 20:00:37,215][src.modRNN.training.training_loop][INFO] - 	 Starting Epoch: 58
[2026-05-04 20:00:38,262][src.modRNN.training.training_loop][INFO] - train epoch 058 loss 0.6938 accuracy 45.31%
[2026-05-04 20:00:38,264][src.modRNN.training.training_loop][INFO] - 	 Starting Epoch: 59
[2026-05-04 20:00:39,310][src.modRNN.training.training_loop][INFO] - train epoch 059 loss 0.6917 accuracy 62.50%
[2026-05-04 20:00:39,311][src.modRNN.training.training_loop][INFO] - 	 Starting Epoch: 60
[2026-05-04 20:00:40,360][src.modRNN.training.training_loop][INFO] - train epoch 060 loss 0.6927 accuracy 53.12%
[2026-05-04 20:00:40,361][src.modRNN.training.training_loop][INFO] - 	 Starting Epoch: 61
[2026-05-04 20:00:41,407][src.modRNN.training.training_loop][INFO] - train epoch 061 loss 0.6928 accuracy 50.00%
[2026-05-04 20:00:41,409][src.modRNN.training.training_loop][INFO] - 	 Starting Epoch: 62
[2026-05-04 20:00:42,458][src.modRNN.training.training_loop][INFO] - train epoch 062 loss 0.6926 accuracy 46.88%
[2026-05-04 20:00:42,460][src.modRNN.training.training_loop][INFO] - 	 Starting Epoch: 63
[2026-05-04 20:00:43,508][src.modRNN.training.training_loop][INFO] - train epoch 063 loss 0.6928 accuracy 46.88%
[2026-05-04 20:00:43,510][src.modRNN.training.training_loop][INFO] - 	 Starting Epoch: 64
[2026-05-04 20:00:44,556][src.modRNN.training.training_loop][INFO] - train epoch 064 loss 0.6925 accuracy 54.69%
[2026-05-04 20:00:44,558][src.modRNN.training.training_loop][INFO] - 	 Starting Epoch: 65
[2026-05-04 20:00:45,605][src.modRNN.training.training_loop][INFO] - train epoch 065 loss 0.6907 accuracy 70.31%
[2026-05-04 20:00:45,606][src.modRNN.training.training_loop][INFO] - 	 Starting Epoch: 66
[2026-05-04 20:00:46,653][src.modRNN.training.training_loop][INFO] - train epoch 066 loss 0.6923 accuracy 51.56%
[2026-05-04 20:00:46,655][src.modRNN.training.training_loop][INFO] - 	 Starting Epoch: 67
[2026-05-04 20:00:47,701][src.modRNN.training.training_loop][INFO] - train epoch 067 loss 0.6927 accuracy 46.88%
[2026-05-04 20:00:47,702][src.modRNN.training.training_loop][INFO] - 	 Starting Epoch: 68
[2026-05-04 20:00:48,751][src.modRNN.training.training_loop][INFO] - train epoch 068 loss 0.6927 accuracy 46.88%
[2026-05-04 20:00:48,753][src.modRNN.training.training_loop][INFO] - 	 Starting Epoch: 69
[2026-05-04 20:00:49,802][src.modRNN.training.training_loop][INFO] - train epoch 069 loss 0.6940 accuracy 39.06%
[2026-05-04 20:00:49,803][src.modRNN.training.training_loop][INFO] - 	 Starting Epoch: 70
[2026-05-04 20:00:50,851][src.modRNN.training.training_loop][INFO] - train epoch 070 loss 0.6927 accuracy 46.88%
[2026-05-04 20:00:50,853][src.modRNN.training.training_loop][INFO] - 	 Starting Epoch: 71
[2026-05-04 20:00:51,900][src.modRNN.training.training_loop][INFO] - train epoch 071 loss 0.6913 accuracy 59.38%
[2026-05-04 20:00:51,901][src.modRNN.training.training_loop][INFO] - 	 Starting Epoch: 72
[2026-05-04 20:00:52,949][src.modRNN.training.training_loop][INFO] - train epoch 072 loss 0.6921 accuracy 53.12%
[2026-05-04 20:00:52,951][src.modRNN.training.training_loop][INFO] - 	 Starting Epoch: 73
[2026-05-04 20:00:53,999][src.modRNN.training.training_loop][INFO] - train epoch 073 loss 0.6913 accuracy 57.81%
[2026-05-04 20:00:54,000][src.modRNN.training.training_loop][INFO] - 	 Starting Epoch: 74
[2026-05-04 20:00:55,054][src.modRNN.training.training_loop][INFO] - train epoch 074 loss 0.6931 accuracy 46.88%
[2026-05-04 20:00:55,055][src.modRNN.training.training_loop][INFO] - 	 Starting Epoch: 75
[2026-05-04 20:00:56,104][src.modRNN.training.training_loop][INFO] - train epoch 075 loss 0.6939 accuracy 42.19%
[2026-05-04 20:00:56,105][src.modRNN.training.training_loop][INFO] - 	 Starting Epoch: 76
[2026-05-04 20:00:57,152][src.modRNN.training.training_loop][INFO] - train epoch 076 loss 0.6912 accuracy 59.38%
[2026-05-04 20:00:59,263][src.modRNN.training.training_loop][INFO] - eval  epoch 076 loss 0.6922 accuracy 53.52%
[2026-05-04 20:00:59,264][src.modRNN.training.training_loop][INFO] - 	 Starting Epoch: 77
[2026-05-04 20:01:00,314][src.modRNN.training.training_loop][INFO] - train epoch 077 loss 0.6930 accuracy 40.62%
[2026-05-04 20:01:00,316][src.modRNN.training.training_loop][INFO] - 	 Starting Epoch: 78
[2026-05-04 20:01:01,364][src.modRNN.training.training_loop][INFO] - train epoch 078 loss 0.6922 accuracy 48.44%
[2026-05-04 20:01:01,366][src.modRNN.training.training_loop][INFO] - 	 Starting Epoch: 79
[2026-05-04 20:01:02,433][src.modRNN.training.training_loop][INFO] - train epoch 079 loss 0.6934 accuracy 43.75%
[2026-05-04 20:01:02,434][src.modRNN.training.training_loop][INFO] - 	 Starting Epoch: 80
[2026-05-04 20:01:03,492][src.modRNN.training.training_loop][INFO] - train epoch 080 loss 0.6934 accuracy 45.31%
[2026-05-04 20:01:03,493][src.modRNN.training.training_loop][INFO] - 	 Starting Epoch: 81
[2026-05-04 20:01:04,553][src.modRNN.training.training_loop][INFO] - train epoch 081 loss 0.6930 accuracy 45.31%
[2026-05-04 20:01:04,554][src.modRNN.training.training_loop][INFO] - 	 Starting Epoch: 82
[2026-05-04 20:01:05,613][src.modRNN.training.training_loop][INFO] - train epoch 082 loss 0.6918 accuracy 59.38%
[2026-05-04 20:01:05,615][src.modRNN.training.training_loop][INFO] - 	 Starting Epoch: 83
[2026-05-04 20:01:06,671][src.modRNN.training.training_loop][INFO] - train epoch 083 loss 0.6929 accuracy 54.69%
[2026-05-04 20:01:06,673][src.modRNN.training.training_loop][INFO] - 	 Starting Epoch: 84
[2026-05-04 20:01:07,729][src.modRNN.training.training_loop][INFO] - train epoch 084 loss 0.6889 accuracy 65.62%
[2026-05-04 20:01:07,730][src.modRNN.training.training_loop][INFO] - 	 Starting Epoch: 85
[2026-05-04 20:01:08,795][src.modRNN.training.training_loop][INFO] - train epoch 085 loss 0.6944 accuracy 42.19%
[2026-05-04 20:01:08,796][src.modRNN.training.training_loop][INFO] - 	 Starting Epoch: 86
[2026-05-04 20:01:09,859][src.modRNN.training.training_loop][INFO] - train epoch 086 loss 0.6946 accuracy 39.06%
[2026-05-04 20:01:09,860][src.modRNN.training.training_loop][INFO] - 	 Starting Epoch: 87
[2026-05-04 20:01:10,926][src.modRNN.training.training_loop][INFO] - train epoch 087 loss 0.6904 accuracy 57.81%
[2026-05-04 20:01:10,927][src.modRNN.training.training_loop][INFO] - 	 Starting Epoch: 88
[2026-05-04 20:01:11,992][src.modRNN.training.training_loop][INFO] - train epoch 088 loss 0.6898 accuracy 60.94%
[2026-05-04 20:01:11,994][src.modRNN.training.training_loop][INFO] - 	 Starting Epoch: 89
[2026-05-04 20:01:13,057][src.modRNN.training.training_loop][INFO] - train epoch 089 loss 0.6905 accuracy 64.06%
[2026-05-04 20:01:13,059][src.modRNN.training.training_loop][INFO] - 	 Starting Epoch: 90
[2026-05-04 20:01:14,123][src.modRNN.training.training_loop][INFO] - train epoch 090 loss 0.6914 accuracy 57.81%
[2026-05-04 20:01:14,124][src.modRNN.training.training_loop][INFO] - 	 Starting Epoch: 91
[2026-05-04 20:01:15,192][src.modRNN.training.training_loop][INFO] - train epoch 091 loss 0.6909 accuracy 60.94%
[2026-05-04 20:01:15,193][src.modRNN.training.training_loop][INFO] - 	 Starting Epoch: 92
[2026-05-04 20:01:16,258][src.modRNN.training.training_loop][INFO] - train epoch 092 loss 0.6919 accuracy 54.69%
[2026-05-04 20:01:16,260][src.modRNN.training.training_loop][INFO] - 	 Starting Epoch: 93
[2026-05-04 20:01:17,327][src.modRNN.training.training_loop][INFO] - train epoch 093 loss 0.6900 accuracy 59.38%
[2026-05-04 20:01:17,329][src.modRNN.training.training_loop][INFO] - 	 Starting Epoch: 94
[2026-05-04 20:01:18,391][src.modRNN.training.training_loop][INFO] - train epoch 094 loss 0.6933 accuracy 45.31%
[2026-05-04 20:01:18,393][src.modRNN.training.training_loop][INFO] - 	 Starting Epoch: 95
[2026-05-04 20:01:19,458][src.modRNN.training.training_loop][INFO] - train epoch 095 loss 0.6929 accuracy 54.69%
[2026-05-04 20:01:19,460][src.modRNN.training.training_loop][INFO] - 	 Starting Epoch: 96
[2026-05-04 20:01:20,520][src.modRNN.training.training_loop][INFO] - train epoch 096 loss 0.6879 accuracy 60.94%
[2026-05-04 20:01:20,522][src.modRNN.training.training_loop][INFO] - 	 Starting Epoch: 97
[2026-05-04 20:01:21,586][src.modRNN.training.training_loop][INFO] - train epoch 097 loss 0.6916 accuracy 59.38%
[2026-05-04 20:01:21,588][src.modRNN.training.training_loop][INFO] - 	 Starting Epoch: 98
[2026-05-04 20:01:22,652][src.modRNN.training.training_loop][INFO] - train epoch 098 loss 0.6904 accuracy 46.88%
[2026-05-04 20:01:22,653][src.modRNN.training.training_loop][INFO] - 	 Starting Epoch: 99
[2026-05-04 20:01:23,719][src.modRNN.training.training_loop][INFO] - train epoch 099 loss 0.6921 accuracy 48.44%
[2026-05-04 20:01:23,720][src.modRNN.training.training_loop][INFO] - 	 Starting Epoch: 100
[2026-05-04 20:01:24,842][src.modRNN.training.training_loop][INFO] - train epoch 100 loss 0.6957 accuracy 40.62%
[2026-05-04 20:01:24,843][src.modRNN.training.training_loop][INFO] - 	 Starting Epoch: 101
[2026-05-04 20:01:25,909][src.modRNN.training.training_loop][INFO] - train epoch 101 loss 0.6917 accuracy 48.44%
[2026-05-04 20:01:28,040][src.modRNN.training.training_loop][INFO] - eval  epoch 101 loss 0.6907 accuracy 54.88%
[2026-05-04 20:01:28,041][src.modRNN.training.training_loop][INFO] - 	 Starting Epoch: 102
[2026-05-04 20:01:29,106][src.modRNN.training.training_loop][INFO] - train epoch 102 loss 0.6915 accuracy 50.00%
[2026-05-04 20:01:29,108][src.modRNN.training.training_loop][INFO] - 	 Starting Epoch: 103
[2026-05-04 20:01:30,169][src.modRNN.training.training_loop][INFO] - train epoch 103 loss 0.6898 accuracy 59.38%
[2026-05-04 20:01:30,170][src.modRNN.training.training_loop][INFO] - 	 Starting Epoch: 104
[2026-05-04 20:01:31,233][src.modRNN.training.training_loop][INFO] - train epoch 104 loss 0.6927 accuracy 50.00%
[2026-05-04 20:01:31,234][src.modRNN.training.training_loop][INFO] - 	 Starting Epoch: 105
[2026-05-04 20:01:32,290][src.modRNN.training.training_loop][INFO] - train epoch 105 loss 0.6899 accuracy 51.56%
[2026-05-04 20:01:32,291][src.modRNN.training.training_loop][INFO] - 	 Starting Epoch: 106
[2026-05-04 20:01:33,348][src.modRNN.training.training_loop][INFO] - train epoch 106 loss 0.6888 accuracy 48.44%
[2026-05-04 20:01:33,349][src.modRNN.training.training_loop][INFO] - 	 Starting Epoch: 107
[2026-05-04 20:01:34,404][src.modRNN.training.training_loop][INFO] - train epoch 107 loss 0.6968 accuracy 42.19%
[2026-05-04 20:01:34,405][src.modRNN.training.training_loop][INFO] - 	 Starting Epoch: 108
[2026-05-04 20:01:35,461][src.modRNN.training.training_loop][INFO] - train epoch 108 loss 0.6883 accuracy 64.06%
[2026-05-04 20:01:35,463][src.modRNN.training.training_loop][INFO] - 	 Starting Epoch: 109
[2026-05-04 20:01:36,515][src.modRNN.training.training_loop][INFO] - train epoch 109 loss 0.6842 accuracy 67.19%
[2026-05-04 20:01:36,517][src.modRNN.training.training_loop][INFO] - 	 Starting Epoch: 110
[2026-05-04 20:01:37,573][src.modRNN.training.training_loop][INFO] - train epoch 110 loss 0.6893 accuracy 53.12%
[2026-05-04 20:01:37,575][src.modRNN.training.training_loop][INFO] - 	 Starting Epoch: 111
[2026-05-04 20:01:38,629][src.modRNN.training.training_loop][INFO] - train epoch 111 loss 0.6922 accuracy 48.44%
[2026-05-04 20:01:38,630][src.modRNN.training.training_loop][INFO] - 	 Starting Epoch: 112
[2026-05-04 20:01:39,687][src.modRNN.training.training_loop][INFO] - train epoch 112 loss 0.6863 accuracy 57.81%
[2026-05-04 20:01:39,688][src.modRNN.training.training_loop][INFO] - 	 Starting Epoch: 113
[2026-05-04 20:01:40,742][src.modRNN.training.training_loop][INFO] - train epoch 113 loss 0.6868 accuracy 59.38%
[2026-05-04 20:01:40,744][src.modRNN.training.training_loop][INFO] - 	 Starting Epoch: 114
[2026-05-04 20:01:41,799][src.modRNN.training.training_loop][INFO] - train epoch 114 loss 0.6944 accuracy 48.44%
[2026-05-04 20:01:41,801][src.modRNN.training.training_loop][INFO] - 	 Starting Epoch: 115
[2026-05-04 20:01:42,853][src.modRNN.training.training_loop][INFO] - train epoch 115 loss 0.6828 accuracy 64.06%
[2026-05-04 20:01:42,854][src.modRNN.training.training_loop][INFO] - 	 Starting Epoch: 116
[2026-05-04 20:01:43,909][src.modRNN.training.training_loop][INFO] - train epoch 116 loss 0.6899 accuracy 42.19%
[2026-05-04 20:01:43,910][src.modRNN.training.training_loop][INFO] - 	 Starting Epoch: 117
[2026-05-04 20:01:44,964][src.modRNN.training.training_loop][INFO] - train epoch 117 loss 0.6908 accuracy 51.56%
[2026-05-04 20:01:44,966][src.modRNN.training.training_loop][INFO] - 	 Starting Epoch: 118
[2026-05-04 20:01:46,022][src.modRNN.training.training_loop][INFO] - train epoch 118 loss 0.6867 accuracy 50.00%
[2026-05-04 20:01:46,023][src.modRNN.training.training_loop][INFO] - 	 Starting Epoch: 119
[2026-05-04 20:01:47,078][src.modRNN.training.training_loop][INFO] - train epoch 119 loss 0.6777 accuracy 71.88%
[2026-05-04 20:01:47,080][src.modRNN.training.training_loop][INFO] - 	 Starting Epoch: 120
[2026-05-04 20:01:48,135][src.modRNN.training.training_loop][INFO] - train epoch 120 loss 0.6789 accuracy 65.62%
[2026-05-04 20:01:48,137][src.modRNN.training.training_loop][INFO] - 	 Starting Epoch: 121
[2026-05-04 20:01:49,189][src.modRNN.training.training_loop][INFO] - train epoch 121 loss 0.6878 accuracy 56.25%
[2026-05-04 20:01:49,190][src.modRNN.training.training_loop][INFO] - 	 Starting Epoch: 122
[2026-05-04 20:01:50,248][src.modRNN.training.training_loop][INFO] - train epoch 122 loss 0.6947 accuracy 42.19%
[2026-05-04 20:01:50,249][src.modRNN.training.training_loop][INFO] - 	 Starting Epoch: 123
[2026-05-04 20:01:51,306][src.modRNN.training.training_loop][INFO] - train epoch 123 loss 0.6876 accuracy 57.81%
[2026-05-04 20:01:51,307][src.modRNN.training.training_loop][INFO] - 	 Starting Epoch: 124
[2026-05-04 20:01:52,365][src.modRNN.training.training_loop][INFO] - train epoch 124 loss 0.6923 accuracy 46.88%
[2026-05-04 20:01:52,366][src.modRNN.training.training_loop][INFO] - 	 Starting Epoch: 125
[2026-05-04 20:01:53,421][src.modRNN.training.training_loop][INFO] - train epoch 125 loss 0.6897 accuracy 57.81%
[2026-05-04 20:01:53,423][src.modRNN.training.training_loop][INFO] - 	 Starting Epoch: 126
[2026-05-04 20:01:54,478][src.modRNN.training.training_loop][INFO] - train epoch 126 loss 0.6923 accuracy 53.12%
[2026-05-04 20:01:56,606][src.modRNN.training.training_loop][INFO] - eval  epoch 126 loss 0.6872 accuracy 53.52%
[2026-05-04 20:01:56,607][src.modRNN.training.training_loop][INFO] - 	 Starting Epoch: 127
[2026-05-04 20:01:57,665][src.modRNN.training.training_loop][INFO] - train epoch 127 loss 0.6825 accuracy 53.12%
[2026-05-04 20:01:57,667][src.modRNN.training.training_loop][INFO] - 	 Starting Epoch: 128
[2026-05-04 20:01:58,720][src.modRNN.training.training_loop][INFO] - train epoch 128 loss 0.6785 accuracy 59.38%
[2026-05-04 20:01:58,721][src.modRNN.training.training_loop][INFO] - 	 Starting Epoch: 129
[2026-05-04 20:01:59,779][src.modRNN.training.training_loop][INFO] - train epoch 129 loss 0.6861 accuracy 48.44%
[2026-05-04 20:01:59,780][src.modRNN.training.training_loop][INFO] - 	 Starting Epoch: 130
[2026-05-04 20:02:00,835][src.modRNN.training.training_loop][INFO] - train epoch 130 loss 0.6876 accuracy 45.31%
[2026-05-04 20:02:00,836][src.modRNN.training.training_loop][INFO] - 	 Starting Epoch: 131
[2026-05-04 20:02:01,896][src.modRNN.training.training_loop][INFO] - train epoch 131 loss 0.6977 accuracy 37.50%
[2026-05-04 20:02:01,898][src.modRNN.training.training_loop][INFO] - 	 Starting Epoch: 132
[2026-05-04 20:02:02,965][src.modRNN.training.training_loop][INFO] - train epoch 132 loss 0.6911 accuracy 51.56%
[2026-05-04 20:02:02,967][src.modRNN.training.training_loop][INFO] - 	 Starting Epoch: 133
[2026-05-04 20:02:04,033][src.modRNN.training.training_loop][INFO] - train epoch 133 loss 0.6978 accuracy 40.62%
[2026-05-04 20:02:04,034][src.modRNN.training.training_loop][INFO] - 	 Starting Epoch: 134
[2026-05-04 20:02:05,098][src.modRNN.training.training_loop][INFO] - train epoch 134 loss 0.6957 accuracy 46.88%
[2026-05-04 20:02:05,099][src.modRNN.training.training_loop][INFO] - 	 Starting Epoch: 135
[2026-05-04 20:02:06,164][src.modRNN.training.training_loop][INFO] - train epoch 135 loss 0.6840 accuracy 60.94%
[2026-05-04 20:02:06,166][src.modRNN.training.training_loop][INFO] - 	 Starting Epoch: 136
[2026-05-04 20:02:07,231][src.modRNN.training.training_loop][INFO] - train epoch 136 loss 0.6839 accuracy 67.19%
[2026-05-04 20:02:07,232][src.modRNN.training.training_loop][INFO] - 	 Starting Epoch: 137
[2026-05-04 20:02:08,299][src.modRNN.training.training_loop][INFO] - train epoch 137 loss 0.6804 accuracy 62.50%
[2026-05-04 20:02:08,301][src.modRNN.training.training_loop][INFO] - 	 Starting Epoch: 138
[2026-05-04 20:02:09,366][src.modRNN.training.training_loop][INFO] - train epoch 138 loss 0.6908 accuracy 46.88%
[2026-05-04 20:02:09,368][src.modRNN.training.training_loop][INFO] - 	 Starting Epoch: 139
[2026-05-04 20:02:10,431][src.modRNN.training.training_loop][INFO] - train epoch 139 loss 0.6916 accuracy 48.44%
[2026-05-04 20:02:10,432][src.modRNN.training.training_loop][INFO] - 	 Starting Epoch: 140
[2026-05-04 20:02:11,494][src.modRNN.training.training_loop][INFO] - train epoch 140 loss 0.6876 accuracy 57.81%
[2026-05-04 20:02:11,496][src.modRNN.training.training_loop][INFO] - 	 Starting Epoch: 141
[2026-05-04 20:02:12,560][src.modRNN.training.training_loop][INFO] - train epoch 141 loss 0.6928 accuracy 48.44%
[2026-05-04 20:02:12,562][src.modRNN.training.training_loop][INFO] - 	 Starting Epoch: 142
[2026-05-04 20:02:13,625][src.modRNN.training.training_loop][INFO] - train epoch 142 loss 0.6832 accuracy 62.50%
[2026-05-04 20:02:13,626][src.modRNN.training.training_loop][INFO] - 	 Starting Epoch: 143
[2026-05-04 20:02:14,691][src.modRNN.training.training_loop][INFO] - train epoch 143 loss 0.6828 accuracy 67.19%
[2026-05-04 20:02:14,692][src.modRNN.training.training_loop][INFO] - 	 Starting Epoch: 144
[2026-05-04 20:02:15,755][src.modRNN.training.training_loop][INFO] - train epoch 144 loss 0.6869 accuracy 56.25%
[2026-05-04 20:02:15,757][src.modRNN.training.training_loop][INFO] - 	 Starting Epoch: 145
[2026-05-04 20:02:16,818][src.modRNN.training.training_loop][INFO] - train epoch 145 loss 0.6883 accuracy 59.38%
[2026-05-04 20:02:16,819][src.modRNN.training.training_loop][INFO] - 	 Starting Epoch: 146
[2026-05-04 20:02:17,881][src.modRNN.training.training_loop][INFO] - train epoch 146 loss 0.6829 accuracy 62.50%
[2026-05-04 20:02:17,883][src.modRNN.training.training_loop][INFO] - 	 Starting Epoch: 147
[2026-05-04 20:02:18,946][src.modRNN.training.training_loop][INFO] - train epoch 147 loss 0.6839 accuracy 70.31%
[2026-05-04 20:02:18,948][src.modRNN.training.training_loop][INFO] - 	 Starting Epoch: 148
[2026-05-04 20:02:20,010][src.modRNN.training.training_loop][INFO] - train epoch 148 loss 0.6839 accuracy 68.75%
[2026-05-04 20:02:20,011][src.modRNN.training.training_loop][INFO] - 	 Starting Epoch: 149
[2026-05-04 20:02:21,077][src.modRNN.training.training_loop][INFO] - train epoch 149 loss 0.6774 accuracy 82.81%
[2026-05-04 20:02:21,078][src.modRNN.training.training_loop][INFO] - 	 Starting Epoch: 150
[2026-05-04 20:02:22,141][src.modRNN.training.training_loop][INFO] - train epoch 150 loss 0.6835 accuracy 65.62%
[2026-05-04 20:02:22,143][src.modRNN.training.training_loop][INFO] - 	 Starting Epoch: 151
[2026-05-04 20:02:23,207][src.modRNN.training.training_loop][INFO] - train epoch 151 loss 0.6885 accuracy 59.38%
[2026-05-04 20:02:25,358][src.modRNN.training.training_loop][INFO] - eval  epoch 151 loss 0.6825 accuracy 70.31%
[2026-05-04 20:02:25,359][src.modRNN.training.training_loop][INFO] - 	 Starting Epoch: 152
[2026-05-04 20:02:26,432][src.modRNN.training.training_loop][INFO] - train epoch 152 loss 0.6837 accuracy 70.31%
[2026-05-04 20:02:26,433][src.modRNN.training.training_loop][INFO] - 	 Starting Epoch: 153
[2026-05-04 20:02:27,503][src.modRNN.training.training_loop][INFO] - train epoch 153 loss 0.6809 accuracy 70.31%
[2026-05-04 20:02:27,504][src.modRNN.training.training_loop][INFO] - 	 Starting Epoch: 154
[2026-05-04 20:02:28,579][src.modRNN.training.training_loop][INFO] - train epoch 154 loss 0.6834 accuracy 64.06%
[2026-05-04 20:02:28,581][src.modRNN.training.training_loop][INFO] - 	 Starting Epoch: 155
[2026-05-04 20:02:29,653][src.modRNN.training.training_loop][INFO] - train epoch 155 loss 0.6834 accuracy 67.19%
[2026-05-04 20:02:29,654][src.modRNN.training.training_loop][INFO] - 	 Starting Epoch: 156
[2026-05-04 20:02:30,726][src.modRNN.training.training_loop][INFO] - train epoch 156 loss 0.6763 accuracy 73.44%
[2026-05-04 20:02:30,728][src.modRNN.training.training_loop][INFO] - 	 Starting Epoch: 157
[2026-05-04 20:02:31,793][src.modRNN.training.training_loop][INFO] - train epoch 157 loss 0.6845 accuracy 67.19%
[2026-05-04 20:02:31,795][src.modRNN.training.training_loop][INFO] - 	 Starting Epoch: 158
[2026-05-04 20:02:32,859][src.modRNN.training.training_loop][INFO] - train epoch 158 loss 0.6858 accuracy 59.38%
[2026-05-04 20:02:32,860][src.modRNN.training.training_loop][INFO] - 	 Starting Epoch: 159
[2026-05-04 20:02:33,922][src.modRNN.training.training_loop][INFO] - train epoch 159 loss 0.6864 accuracy 59.38%
[2026-05-04 20:02:33,923][src.modRNN.training.training_loop][INFO] - 	 Starting Epoch: 160
[2026-05-04 20:02:34,987][src.modRNN.training.training_loop][INFO] - train epoch 160 loss 0.6814 accuracy 59.38%
[2026-05-04 20:02:34,989][src.modRNN.training.training_loop][INFO] - 	 Starting Epoch: 161
[2026-05-04 20:02:36,050][src.modRNN.training.training_loop][INFO] - train epoch 161 loss 0.6842 accuracy 59.38%
[2026-05-04 20:02:36,051][src.modRNN.training.training_loop][INFO] - 	 Starting Epoch: 162
[2026-05-04 20:02:37,114][src.modRNN.training.training_loop][INFO] - train epoch 162 loss 0.6773 accuracy 73.44%
[2026-05-04 20:02:37,115][src.modRNN.training.training_loop][INFO] - 	 Starting Epoch: 163
[2026-05-04 20:02:38,176][src.modRNN.training.training_loop][INFO] - train epoch 163 loss 0.6798 accuracy 70.31%
[2026-05-04 20:02:38,178][src.modRNN.training.training_loop][INFO] - 	 Starting Epoch: 164
[2026-05-04 20:02:39,242][src.modRNN.training.training_loop][INFO] - train epoch 164 loss 0.6799 accuracy 78.12%
[2026-05-04 20:02:39,244][src.modRNN.training.training_loop][INFO] - 	 Starting Epoch: 165
[2026-05-04 20:02:40,304][src.modRNN.training.training_loop][INFO] - train epoch 165 loss 0.6781 accuracy 68.75%
[2026-05-04 20:02:40,306][src.modRNN.training.training_loop][INFO] - 	 Starting Epoch: 166
[2026-05-04 20:02:41,369][src.modRNN.training.training_loop][INFO] - train epoch 166 loss 0.6855 accuracy 71.88%
[2026-05-04 20:02:41,371][src.modRNN.training.training_loop][INFO] - 	 Starting Epoch: 167
[2026-05-04 20:02:42,432][src.modRNN.training.training_loop][INFO] - train epoch 167 loss 0.6832 accuracy 60.94%
[2026-05-04 20:02:42,434][src.modRNN.training.training_loop][INFO] - 	 Starting Epoch: 168
[2026-05-04 20:02:43,496][src.modRNN.training.training_loop][INFO] - train epoch 168 loss 0.6784 accuracy 62.50%
[2026-05-04 20:02:43,497][src.modRNN.training.training_loop][INFO] - 	 Starting Epoch: 169
[2026-05-04 20:02:44,559][src.modRNN.training.training_loop][INFO] - train epoch 169 loss 0.6759 accuracy 71.88%
[2026-05-04 20:02:44,560][src.modRNN.training.training_loop][INFO] - 	 Starting Epoch: 170
[2026-05-04 20:02:45,623][src.modRNN.training.training_loop][INFO] - train epoch 170 loss 0.6803 accuracy 64.06%
[2026-05-04 20:02:45,624][src.modRNN.training.training_loop][INFO] - 	 Starting Epoch: 171
[2026-05-04 20:02:46,684][src.modRNN.training.training_loop][INFO] - train epoch 171 loss 0.6803 accuracy 68.75%
[2026-05-04 20:02:46,685][src.modRNN.training.training_loop][INFO] - 	 Starting Epoch: 172
[2026-05-04 20:02:47,749][src.modRNN.training.training_loop][INFO] - train epoch 172 loss 0.6775 accuracy 73.44%
[2026-05-04 20:02:47,750][src.modRNN.training.training_loop][INFO] - 	 Starting Epoch: 173
[2026-05-04 20:02:48,814][src.modRNN.training.training_loop][INFO] - train epoch 173 loss 0.6832 accuracy 54.69%
[2026-05-04 20:02:48,815][src.modRNN.training.training_loop][INFO] - 	 Starting Epoch: 174
[2026-05-04 20:02:49,881][src.modRNN.training.training_loop][INFO] - train epoch 174 loss 0.6683 accuracy 82.81%
[2026-05-04 20:02:49,882][src.modRNN.training.training_loop][INFO] - 	 Starting Epoch: 175
[2026-05-04 20:02:50,943][src.modRNN.training.training_loop][INFO] - train epoch 175 loss 0.6708 accuracy 71.88%
[2026-05-04 20:02:50,945][src.modRNN.training.training_loop][INFO] - 	 Starting Epoch: 176
[2026-05-04 20:02:52,006][src.modRNN.training.training_loop][INFO] - train epoch 176 loss 0.6767 accuracy 71.88%
[2026-05-04 20:02:54,156][src.modRNN.training.training_loop][INFO] - eval  epoch 176 loss 0.6743 accuracy 72.66%
[2026-05-04 20:02:54,157][src.modRNN.training.training_loop][INFO] - 	 Starting Epoch: 177
[2026-05-04 20:02:55,220][src.modRNN.training.training_loop][INFO] - train epoch 177 loss 0.6823 accuracy 71.88%
[2026-05-04 20:02:55,222][src.modRNN.training.training_loop][INFO] - 	 Starting Epoch: 178
[2026-05-04 20:02:56,283][src.modRNN.training.training_loop][INFO] - train epoch 178 loss 0.6804 accuracy 65.62%
[2026-05-04 20:02:56,284][src.modRNN.training.training_loop][INFO] - 	 Starting Epoch: 179
[2026-05-04 20:02:57,348][src.modRNN.training.training_loop][INFO] - train epoch 179 loss 0.6780 accuracy 71.88%
[2026-05-04 20:02:57,349][src.modRNN.training.training_loop][INFO] - 	 Starting Epoch: 180
[2026-05-04 20:02:58,411][src.modRNN.training.training_loop][INFO] - train epoch 180 loss 0.6690 accuracy 75.00%
[2026-05-04 20:02:58,412][src.modRNN.training.training_loop][INFO] - 	 Starting Epoch: 181
[2026-05-04 20:02:59,477][src.modRNN.training.training_loop][INFO] - train epoch 181 loss 0.6719 accuracy 79.69%
[2026-05-04 20:02:59,479][src.modRNN.training.training_loop][INFO] - 	 Starting Epoch: 182
[2026-05-04 20:03:00,541][src.modRNN.training.training_loop][INFO] - train epoch 182 loss 0.6805 accuracy 67.19%
[2026-05-04 20:03:00,543][src.modRNN.training.training_loop][INFO] - 	 Starting Epoch: 183
[2026-05-04 20:03:01,607][src.modRNN.training.training_loop][INFO] - train epoch 183 loss 0.6628 accuracy 79.69%
[2026-05-04 20:03:01,609][src.modRNN.training.training_loop][INFO] - 	 Starting Epoch: 184
[2026-05-04 20:03:02,681][src.modRNN.training.training_loop][INFO] - train epoch 184 loss 0.6785 accuracy 64.06%
[2026-05-04 20:03:02,682][src.modRNN.training.training_loop][INFO] - 	 Starting Epoch: 185
[2026-05-04 20:03:03,755][src.modRNN.training.training_loop][INFO] - train epoch 185 loss 0.6701 accuracy 67.19%
[2026-05-04 20:03:03,756][src.modRNN.training.training_loop][INFO] - 	 Starting Epoch: 186
[2026-05-04 20:03:04,828][src.modRNN.training.training_loop][INFO] - train epoch 186 loss 0.6888 accuracy 56.25%
[2026-05-04 20:03:04,829][src.modRNN.training.training_loop][INFO] - 	 Starting Epoch: 187
[2026-05-04 20:03:05,902][src.modRNN.training.training_loop][INFO] - train epoch 187 loss 0.6779 accuracy 65.62%
[2026-05-04 20:03:05,903][src.modRNN.training.training_loop][INFO] - 	 Starting Epoch: 188
[2026-05-04 20:03:06,977][src.modRNN.training.training_loop][INFO] - train epoch 188 loss 0.6765 accuracy 64.06%
[2026-05-04 20:03:06,979][src.modRNN.training.training_loop][INFO] - 	 Starting Epoch: 189
[2026-05-04 20:03:08,048][src.modRNN.training.training_loop][INFO] - train epoch 189 loss 0.6580 accuracy 79.69%
[2026-05-04 20:03:08,050][src.modRNN.training.training_loop][INFO] - 	 Starting Epoch: 190
[2026-05-04 20:03:09,120][src.modRNN.training.training_loop][INFO] - train epoch 190 loss 0.6842 accuracy 50.00%
[2026-05-04 20:03:09,121][src.modRNN.training.training_loop][INFO] - 	 Starting Epoch: 191
[2026-05-04 20:03:10,195][src.modRNN.training.training_loop][INFO] - train epoch 191 loss 0.6743 accuracy 60.94%
[2026-05-04 20:03:10,196][src.modRNN.training.training_loop][INFO] - 	 Starting Epoch: 192
[2026-05-04 20:03:11,267][src.modRNN.training.training_loop][INFO] - train epoch 192 loss 0.6698 accuracy 62.50%
[2026-05-04 20:03:11,269][src.modRNN.training.training_loop][INFO] - 	 Starting Epoch: 193
[2026-05-04 20:03:12,340][src.modRNN.training.training_loop][INFO] - train epoch 193 loss 0.6699 accuracy 62.50%
[2026-05-04 20:03:12,342][src.modRNN.training.training_loop][INFO] - 	 Starting Epoch: 194
[2026-05-04 20:03:13,415][src.modRNN.training.training_loop][INFO] - train epoch 194 loss 0.6692 accuracy 71.88%
[2026-05-04 20:03:13,416][src.modRNN.training.training_loop][INFO] - 	 Starting Epoch: 195
[2026-05-04 20:03:14,486][src.modRNN.training.training_loop][INFO] - train epoch 195 loss 0.6793 accuracy 57.81%
[2026-05-04 20:03:14,488][src.modRNN.training.training_loop][INFO] - 	 Starting Epoch: 196
[2026-05-04 20:03:15,557][src.modRNN.training.training_loop][INFO] - train epoch 196 loss 0.6741 accuracy 62.50%
[2026-05-04 20:03:15,558][src.modRNN.training.training_loop][INFO] - 	 Starting Epoch: 197
[2026-05-04 20:03:16,631][src.modRNN.training.training_loop][INFO] - train epoch 197 loss 0.6663 accuracy 70.31%
[2026-05-04 20:03:16,632][src.modRNN.training.training_loop][INFO] - 	 Starting Epoch: 198
[2026-05-04 20:03:17,703][src.modRNN.training.training_loop][INFO] - train epoch 198 loss 0.6658 accuracy 73.44%
[2026-05-04 20:03:17,704][src.modRNN.training.training_loop][INFO] - 	 Starting Epoch: 199
[2026-05-04 20:03:18,778][src.modRNN.training.training_loop][INFO] - train epoch 199 loss 0.6752 accuracy 62.50%
[2026-05-04 20:03:18,780][src.modRNN.training.training_loop][INFO] - 	 Starting Epoch: 200
[2026-05-04 20:03:19,852][src.modRNN.training.training_loop][INFO] - train epoch 200 loss 0.6775 accuracy 62.50%
[2026-05-04 20:03:19,853][src.modRNN.training.training_loop][INFO] - 	 Starting Epoch: 201
[2026-05-04 20:03:20,922][src.modRNN.training.training_loop][INFO] - train epoch 201 loss 0.6747 accuracy 65.62%
[2026-05-04 20:03:23,066][src.modRNN.training.training_loop][INFO] - eval  epoch 201 loss 0.6680 accuracy 69.92%
[2026-05-04 20:03:23,068][src.modRNN.training.training_loop][INFO] - 	 Starting Epoch: 202
[2026-05-04 20:03:24,167][src.modRNN.training.training_loop][INFO] - train epoch 202 loss 0.6742 accuracy 64.06%
[2026-05-04 20:03:24,179][src.modRNN.training.training_loop][INFO] - 	 Starting Epoch: 203
[2026-05-04 20:03:25,299][src.modRNN.training.training_loop][INFO] - train epoch 203 loss 0.6651 accuracy 70.31%
[2026-05-04 20:03:25,300][src.modRNN.training.training_loop][INFO] - 	 Starting Epoch: 204
[2026-05-04 20:03:26,376][src.modRNN.training.training_loop][INFO] - train epoch 204 loss 0.6567 accuracy 75.00%
[2026-05-04 20:03:26,378][src.modRNN.training.training_loop][INFO] - 	 Starting Epoch: 205
[2026-05-04 20:03:27,448][src.modRNN.training.training_loop][INFO] - train epoch 205 loss 0.6742 accuracy 68.75%
[2026-05-04 20:03:27,450][src.modRNN.training.training_loop][INFO] - 	 Starting Epoch: 206
[2026-05-04 20:03:28,521][src.modRNN.training.training_loop][INFO] - train epoch 206 loss 0.6617 accuracy 71.88%
[2026-05-04 20:03:28,523][src.modRNN.training.training_loop][INFO] - 	 Starting Epoch: 207
[2026-05-04 20:03:29,592][src.modRNN.training.training_loop][INFO] - train epoch 207 loss 0.6629 accuracy 70.31%
[2026-05-04 20:03:29,594][src.modRNN.training.training_loop][INFO] - 	 Starting Epoch: 208
[2026-05-04 20:03:30,664][src.modRNN.training.training_loop][INFO] - train epoch 208 loss 0.6707 accuracy 65.62%
[2026-05-04 20:03:30,666][src.modRNN.training.training_loop][INFO] - 	 Starting Epoch: 209
[2026-05-04 20:03:31,730][src.modRNN.training.training_loop][INFO] - train epoch 209 loss 0.6672 accuracy 67.19%
[2026-05-04 20:03:31,731][src.modRNN.training.training_loop][INFO] - 	 Starting Epoch: 210
[2026-05-04 20:03:32,795][src.modRNN.training.training_loop][INFO] - train epoch 210 loss 0.6613 accuracy 68.75%
[2026-05-04 20:03:32,797][src.modRNN.training.training_loop][INFO] - 	 Starting Epoch: 211
[2026-05-04 20:03:33,859][src.modRNN.training.training_loop][INFO] - train epoch 211 loss 0.6640 accuracy 71.88%
[2026-05-04 20:03:33,860][src.modRNN.training.training_loop][INFO] - 	 Starting Epoch: 212
[2026-05-04 20:03:34,923][src.modRNN.training.training_loop][INFO] - train epoch 212 loss 0.6484 accuracy 81.25%
[2026-05-04 20:03:34,924][src.modRNN.training.training_loop][INFO] - 	 Starting Epoch: 213
[2026-05-04 20:03:35,986][src.modRNN.training.training_loop][INFO] - train epoch 213 loss 0.6581 accuracy 70.31%
[2026-05-04 20:03:35,988][src.modRNN.training.training_loop][INFO] - 	 Starting Epoch: 214
[2026-05-04 20:03:37,051][src.modRNN.training.training_loop][INFO] - train epoch 214 loss 0.6701 accuracy 67.19%
[2026-05-04 20:03:37,053][src.modRNN.training.training_loop][INFO] - 	 Starting Epoch: 215
[2026-05-04 20:03:38,114][src.modRNN.training.training_loop][INFO] - train epoch 215 loss 0.6568 accuracy 78.12%
[2026-05-04 20:03:38,116][src.modRNN.training.training_loop][INFO] - 	 Starting Epoch: 216
[2026-05-04 20:03:39,179][src.modRNN.training.training_loop][INFO] - train epoch 216 loss 0.6695 accuracy 65.62%
[2026-05-04 20:03:39,181][src.modRNN.training.training_loop][INFO] - 	 Starting Epoch: 217
[2026-05-04 20:03:40,244][src.modRNN.training.training_loop][INFO] - train epoch 217 loss 0.6524 accuracy 81.25%
[2026-05-04 20:03:40,246][src.modRNN.training.training_loop][INFO] - 	 Starting Epoch: 218
[2026-05-04 20:03:41,311][src.modRNN.training.training_loop][INFO] - train epoch 218 loss 0.6448 accuracy 85.94%
[2026-05-04 20:03:41,312][src.modRNN.training.training_loop][INFO] - 	 Starting Epoch: 219
[2026-05-04 20:03:42,377][src.modRNN.training.training_loop][INFO] - train epoch 219 loss 0.6609 accuracy 71.88%
[2026-05-04 20:03:42,379][src.modRNN.training.training_loop][INFO] - 	 Starting Epoch: 220
[2026-05-04 20:03:43,442][src.modRNN.training.training_loop][INFO] - train epoch 220 loss 0.6573 accuracy 71.88%
[2026-05-04 20:03:43,444][src.modRNN.training.training_loop][INFO] - 	 Starting Epoch: 221
[2026-05-04 20:03:44,508][src.modRNN.training.training_loop][INFO] - train epoch 221 loss 0.6622 accuracy 67.19%
[2026-05-04 20:03:44,510][src.modRNN.training.training_loop][INFO] - 	 Starting Epoch: 222
[2026-05-04 20:03:45,575][src.modRNN.training.training_loop][INFO] - train epoch 222 loss 0.6562 accuracy 73.44%
[2026-05-04 20:03:45,576][src.modRNN.training.training_loop][INFO] - 	 Starting Epoch: 223
[2026-05-04 20:03:46,639][src.modRNN.training.training_loop][INFO] - train epoch 223 loss 0.6631 accuracy 65.62%
[2026-05-04 20:03:46,640][src.modRNN.training.training_loop][INFO] - 	 Starting Epoch: 224
[2026-05-04 20:03:47,706][src.modRNN.training.training_loop][INFO] - train epoch 224 loss 0.6521 accuracy 67.19%
[2026-05-04 20:03:47,708][src.modRNN.training.training_loop][INFO] - 	 Starting Epoch: 225
[2026-05-04 20:03:48,771][src.modRNN.training.training_loop][INFO] - train epoch 225 loss 0.6546 accuracy 70.31%
[2026-05-04 20:03:48,773][src.modRNN.training.training_loop][INFO] - 	 Starting Epoch: 226
[2026-05-04 20:03:49,836][src.modRNN.training.training_loop][INFO] - train epoch 226 loss 0.6423 accuracy 79.69%
[2026-05-04 20:03:51,981][src.modRNN.training.training_loop][INFO] - eval  epoch 226 loss 0.6486 accuracy 71.68%
[2026-05-04 20:03:51,983][src.modRNN.training.training_loop][INFO] - 	 Starting Epoch: 227
[2026-05-04 20:03:53,044][src.modRNN.training.training_loop][INFO] - train epoch 227 loss 0.6565 accuracy 71.88%
[2026-05-04 20:03:53,046][src.modRNN.training.training_loop][INFO] - 	 Starting Epoch: 228
[2026-05-04 20:03:54,106][src.modRNN.training.training_loop][INFO] - train epoch 228 loss 0.6890 accuracy 59.38%
[2026-05-04 20:03:54,107][src.modRNN.training.training_loop][INFO] - 	 Starting Epoch: 229
[2026-05-04 20:03:55,170][src.modRNN.training.training_loop][INFO] - train epoch 229 loss 0.6673 accuracy 68.75%
[2026-05-04 20:03:55,172][src.modRNN.training.training_loop][INFO] - 	 Starting Epoch: 230
[2026-05-04 20:03:56,236][src.modRNN.training.training_loop][INFO] - train epoch 230 loss 0.6335 accuracy 71.88%
[2026-05-04 20:03:56,237][src.modRNN.training.training_loop][INFO] - 	 Starting Epoch: 231
[2026-05-04 20:03:57,303][src.modRNN.training.training_loop][INFO] - train epoch 231 loss 0.6669 accuracy 56.25%
[2026-05-04 20:03:57,304][src.modRNN.training.training_loop][INFO] - 	 Starting Epoch: 232
[2026-05-04 20:03:58,373][src.modRNN.training.training_loop][INFO] - train epoch 232 loss 0.6331 accuracy 78.12%
[2026-05-04 20:03:58,375][src.modRNN.training.training_loop][INFO] - 	 Starting Epoch: 233
[2026-05-04 20:03:59,442][src.modRNN.training.training_loop][INFO] - train epoch 233 loss 0.6455 accuracy 68.75%
[2026-05-04 20:03:59,443][src.modRNN.training.training_loop][INFO] - 	 Starting Epoch: 234
[2026-05-04 20:04:00,508][src.modRNN.training.training_loop][INFO] - train epoch 234 loss 0.6519 accuracy 68.75%
[2026-05-04 20:04:00,509][src.modRNN.training.training_loop][INFO] - 	 Starting Epoch: 235
[2026-05-04 20:04:01,578][src.modRNN.training.training_loop][INFO] - train epoch 235 loss 0.6551 accuracy 71.88%
[2026-05-04 20:04:01,579][src.modRNN.training.training_loop][INFO] - 	 Starting Epoch: 236
[2026-05-04 20:04:02,654][src.modRNN.training.training_loop][INFO] - train epoch 236 loss 0.6668 accuracy 62.50%
[2026-05-04 20:04:02,655][src.modRNN.training.training_loop][INFO] - 	 Starting Epoch: 237
[2026-05-04 20:04:03,733][src.modRNN.training.training_loop][INFO] - train epoch 237 loss 0.6486 accuracy 70.31%
[2026-05-04 20:04:03,734][src.modRNN.training.training_loop][INFO] - 	 Starting Epoch: 238
[2026-05-04 20:04:04,806][src.modRNN.training.training_loop][INFO] - train epoch 238 loss 0.6291 accuracy 76.56%
[2026-05-04 20:04:04,808][src.modRNN.training.training_loop][INFO] - 	 Starting Epoch: 239
[2026-05-04 20:04:05,883][src.modRNN.training.training_loop][INFO] - train epoch 239 loss 0.6631 accuracy 64.06%
[2026-05-04 20:04:05,885][src.modRNN.training.training_loop][INFO] - 	 Starting Epoch: 240
[2026-05-04 20:04:06,957][src.modRNN.training.training_loop][INFO] - train epoch 240 loss 0.6479 accuracy 71.88%
[2026-05-04 20:04:06,958][src.modRNN.training.training_loop][INFO] - 	 Starting Epoch: 241
[2026-05-04 20:04:08,040][src.modRNN.training.training_loop][INFO] - train epoch 241 loss 0.6372 accuracy 76.56%
[2026-05-04 20:04:08,041][src.modRNN.training.training_loop][INFO] - 	 Starting Epoch: 242
[2026-05-04 20:04:09,116][src.modRNN.training.training_loop][INFO] - train epoch 242 loss 0.6513 accuracy 60.94%
[2026-05-04 20:04:09,117][src.modRNN.training.training_loop][INFO] - 	 Starting Epoch: 243
[2026-05-04 20:04:10,194][src.modRNN.training.training_loop][INFO] - train epoch 243 loss 0.6251 accuracy 70.31%
[2026-05-04 20:04:10,196][src.modRNN.training.training_loop][INFO] - 	 Starting Epoch: 244
[2026-05-04 20:04:11,274][src.modRNN.training.training_loop][INFO] - train epoch 244 loss 0.6232 accuracy 79.69%
[2026-05-04 20:04:11,277][src.modRNN.training.training_loop][INFO] - 	 Starting Epoch: 245
[2026-05-04 20:04:12,359][src.modRNN.training.training_loop][INFO] - train epoch 245 loss 0.6571 accuracy 64.06%
[2026-05-04 20:04:12,361][src.modRNN.training.training_loop][INFO] - 	 Starting Epoch: 246
[2026-05-04 20:04:13,432][src.modRNN.training.training_loop][INFO] - train epoch 246 loss 0.6455 accuracy 75.00%
[2026-05-04 20:04:13,433][src.modRNN.training.training_loop][INFO] - 	 Starting Epoch: 247
[2026-05-04 20:04:14,511][src.modRNN.training.training_loop][INFO] - train epoch 247 loss 0.6062 accuracy 79.69%
[2026-05-04 20:04:14,512][src.modRNN.training.training_loop][INFO] - 	 Starting Epoch: 248
[2026-05-04 20:04:15,587][src.modRNN.training.training_loop][INFO] - train epoch 248 loss 0.6895 accuracy 50.00%
[2026-05-04 20:04:15,588][src.modRNN.training.training_loop][INFO] - 	 Starting Epoch: 249
[2026-05-04 20:04:16,665][src.modRNN.training.training_loop][INFO] - train epoch 249 loss 0.6264 accuracy 68.75%
[2026-05-04 20:04:16,666][src.modRNN.training.training_loop][INFO] - 	 Starting Epoch: 250
[2026-05-04 20:04:17,746][src.modRNN.training.training_loop][INFO] - train epoch 250 loss 0.6163 accuracy 76.56%
[2026-05-04 20:04:17,747][src.modRNN.training.training_loop][INFO] - 	 Starting Epoch: 251
[2026-05-04 20:04:18,817][src.modRNN.training.training_loop][INFO] - train epoch 251 loss 0.6297 accuracy 78.12%
[2026-05-04 20:04:20,967][src.modRNN.training.training_loop][INFO] - eval  epoch 251 loss 0.6314 accuracy 75.00%
[2026-05-04 20:04:20,968][src.modRNN.training.training_loop][INFO] - 	 Starting Epoch: 252
[2026-05-04 20:04:22,040][src.modRNN.training.training_loop][INFO] - train epoch 252 loss 0.6071 accuracy 79.69%
[2026-05-04 20:04:22,042][src.modRNN.training.training_loop][INFO] - 	 Starting Epoch: 253
[2026-05-04 20:04:23,112][src.modRNN.training.training_loop][INFO] - train epoch 253 loss 0.6558 accuracy 60.94%
[2026-05-04 20:04:23,113][src.modRNN.training.training_loop][INFO] - 	 Starting Epoch: 254
[2026-05-04 20:04:24,206][src.modRNN.training.training_loop][INFO] - train epoch 254 loss 0.6314 accuracy 78.12%
[2026-05-04 20:04:24,208][src.modRNN.training.training_loop][INFO] - 	 Starting Epoch: 255
[2026-05-04 20:04:25,329][src.modRNN.training.training_loop][INFO] - train epoch 255 loss 0.6281 accuracy 73.44%
[2026-05-04 20:04:25,330][src.modRNN.training.training_loop][INFO] - 	 Starting Epoch: 256
[2026-05-04 20:04:26,404][src.modRNN.training.training_loop][INFO] - train epoch 256 loss 0.6336 accuracy 71.88%
[2026-05-04 20:04:26,405][src.modRNN.training.training_loop][INFO] - 	 Starting Epoch: 257
[2026-05-04 20:04:27,479][src.modRNN.training.training_loop][INFO] - train epoch 257 loss 0.6336 accuracy 79.69%
[2026-05-04 20:04:27,481][src.modRNN.training.training_loop][INFO] - 	 Starting Epoch: 258
[2026-05-04 20:04:28,555][src.modRNN.training.training_loop][INFO] - train epoch 258 loss 0.6212 accuracy 79.69%
[2026-05-04 20:04:28,557][src.modRNN.training.training_loop][INFO] - 	 Starting Epoch: 259
[2026-05-04 20:04:29,627][src.modRNN.training.training_loop][INFO] - train epoch 259 loss 0.6409 accuracy 67.19%
[2026-05-04 20:04:29,629][src.modRNN.training.training_loop][INFO] - 	 Starting Epoch: 260
[2026-05-04 20:04:30,705][src.modRNN.training.training_loop][INFO] - train epoch 260 loss 0.6522 accuracy 67.19%
[2026-05-04 20:04:30,706][src.modRNN.training.training_loop][INFO] - 	 Starting Epoch: 261
[2026-05-04 20:04:31,778][src.modRNN.training.training_loop][INFO] - train epoch 261 loss 0.6166 accuracy 75.00%
[2026-05-04 20:04:31,779][src.modRNN.training.training_loop][INFO] - 	 Starting Epoch: 262
[2026-05-04 20:04:32,850][src.modRNN.training.training_loop][INFO] - train epoch 262 loss 0.6424 accuracy 70.31%
[2026-05-04 20:04:32,852][src.modRNN.training.training_loop][INFO] - 	 Starting Epoch: 263
[2026-05-04 20:04:33,911][src.modRNN.training.training_loop][INFO] - train epoch 263 loss 0.6241 accuracy 84.38%
[2026-05-04 20:04:33,913][src.modRNN.training.training_loop][INFO] - 	 Starting Epoch: 264
[2026-05-04 20:04:34,976][src.modRNN.training.training_loop][INFO] - train epoch 264 loss 0.6490 accuracy 67.19%
[2026-05-04 20:04:34,978][src.modRNN.training.training_loop][INFO] - 	 Starting Epoch: 265
[2026-05-04 20:04:36,043][src.modRNN.training.training_loop][INFO] - train epoch 265 loss 0.6412 accuracy 68.75%
[2026-05-04 20:04:36,044][src.modRNN.training.training_loop][INFO] - 	 Starting Epoch: 266
[2026-05-04 20:04:37,111][src.modRNN.training.training_loop][INFO] - train epoch 266 loss 0.6203 accuracy 79.69%
[2026-05-04 20:04:37,113][src.modRNN.training.training_loop][INFO] - 	 Starting Epoch: 267
[2026-05-04 20:04:38,178][src.modRNN.training.training_loop][INFO] - train epoch 267 loss 0.6092 accuracy 76.56%
[2026-05-04 20:04:38,179][src.modRNN.training.training_loop][INFO] - 	 Starting Epoch: 268
[2026-05-04 20:04:39,244][src.modRNN.training.training_loop][INFO] - train epoch 268 loss 0.6301 accuracy 65.62%
[2026-05-04 20:04:39,245][src.modRNN.training.training_loop][INFO] - 	 Starting Epoch: 269
[2026-05-04 20:04:40,311][src.modRNN.training.training_loop][INFO] - train epoch 269 loss 0.6117 accuracy 76.56%
[2026-05-04 20:04:40,313][src.modRNN.training.training_loop][INFO] - 	 Starting Epoch: 270
[2026-05-04 20:04:41,380][src.modRNN.training.training_loop][INFO] - train epoch 270 loss 0.6202 accuracy 76.56%
[2026-05-04 20:04:41,381][src.modRNN.training.training_loop][INFO] - 	 Starting Epoch: 271
[2026-05-04 20:04:42,447][src.modRNN.training.training_loop][INFO] - train epoch 271 loss 0.6248 accuracy 71.88%
[2026-05-04 20:04:42,449][src.modRNN.training.training_loop][INFO] - 	 Starting Epoch: 272
[2026-05-04 20:04:43,513][src.modRNN.training.training_loop][INFO] - train epoch 272 loss 0.6478 accuracy 75.00%
[2026-05-04 20:04:43,515][src.modRNN.training.training_loop][INFO] - 	 Starting Epoch: 273
[2026-05-04 20:04:44,583][src.modRNN.training.training_loop][INFO] - train epoch 273 loss 0.6179 accuracy 76.56%
[2026-05-04 20:04:44,585][src.modRNN.training.training_loop][INFO] - 	 Starting Epoch: 274
[2026-05-04 20:04:45,650][src.modRNN.training.training_loop][INFO] - train epoch 274 loss 0.6091 accuracy 67.19%
[2026-05-04 20:04:45,652][src.modRNN.training.training_loop][INFO] - 	 Starting Epoch: 275
[2026-05-04 20:04:46,717][src.modRNN.training.training_loop][INFO] - train epoch 275 loss 0.6267 accuracy 68.75%
[2026-05-04 20:04:46,719][src.modRNN.training.training_loop][INFO] - 	 Starting Epoch: 276
[2026-05-04 20:04:47,789][src.modRNN.training.training_loop][INFO] - train epoch 276 loss 0.6272 accuracy 70.31%
[2026-05-04 20:04:49,934][src.modRNN.training.training_loop][INFO] - eval  epoch 276 loss 0.6232 accuracy 72.46%
[2026-05-04 20:04:49,935][src.modRNN.training.training_loop][INFO] - 	 Starting Epoch: 277
[2026-05-04 20:04:51,000][src.modRNN.training.training_loop][INFO] - train epoch 277 loss 0.6589 accuracy 59.38%
[2026-05-04 20:04:51,001][src.modRNN.training.training_loop][INFO] - 	 Starting Epoch: 278
[2026-05-04 20:04:52,061][src.modRNN.training.training_loop][INFO] - train epoch 278 loss 0.6570 accuracy 62.50%
[2026-05-04 20:04:52,063][src.modRNN.training.training_loop][INFO] - 	 Starting Epoch: 279
[2026-05-04 20:04:53,128][src.modRNN.training.training_loop][INFO] - train epoch 279 loss 0.6190 accuracy 73.44%
[2026-05-04 20:04:53,130][src.modRNN.training.training_loop][INFO] - 	 Starting Epoch: 280
[2026-05-04 20:04:54,201][src.modRNN.training.training_loop][INFO] - train epoch 280 loss 0.6476 accuracy 68.75%
[2026-05-04 20:04:54,203][src.modRNN.training.training_loop][INFO] - 	 Starting Epoch: 281
[2026-05-04 20:04:55,268][src.modRNN.training.training_loop][INFO] - train epoch 281 loss 0.5904 accuracy 76.56%
[2026-05-04 20:04:55,269][src.modRNN.training.training_loop][INFO] - 	 Starting Epoch: 282
[2026-05-04 20:04:56,337][src.modRNN.training.training_loop][INFO] - train epoch 282 loss 0.6296 accuracy 70.31%
[2026-05-04 20:04:56,339][src.modRNN.training.training_loop][INFO] - 	 Starting Epoch: 283
[2026-05-04 20:04:57,413][src.modRNN.training.training_loop][INFO] - train epoch 283 loss 0.6612 accuracy 59.38%
[2026-05-04 20:04:57,414][src.modRNN.training.training_loop][INFO] - 	 Starting Epoch: 284
[2026-05-04 20:04:58,478][src.modRNN.training.training_loop][INFO] - train epoch 284 loss 0.6110 accuracy 70.31%
[2026-05-04 20:04:58,479][src.modRNN.training.training_loop][INFO] - 	 Starting Epoch: 285
[2026-05-04 20:04:59,550][src.modRNN.training.training_loop][INFO] - train epoch 285 loss 0.6319 accuracy 65.62%
[2026-05-04 20:04:59,551][src.modRNN.training.training_loop][INFO] - 	 Starting Epoch: 286
[2026-05-04 20:05:00,618][src.modRNN.training.training_loop][INFO] - train epoch 286 loss 0.6019 accuracy 81.25%
[2026-05-04 20:05:00,619][src.modRNN.training.training_loop][INFO] - 	 Starting Epoch: 287
[2026-05-04 20:05:01,688][src.modRNN.training.training_loop][INFO] - train epoch 287 loss 0.6150 accuracy 73.44%
[2026-05-04 20:05:01,690][src.modRNN.training.training_loop][INFO] - 	 Starting Epoch: 288
[2026-05-04 20:05:02,770][src.modRNN.training.training_loop][INFO] - train epoch 288 loss 0.6011 accuracy 76.56%
[2026-05-04 20:05:02,772][src.modRNN.training.training_loop][INFO] - 	 Starting Epoch: 289
[2026-05-04 20:05:03,849][src.modRNN.training.training_loop][INFO] - train epoch 289 loss 0.6443 accuracy 68.75%
[2026-05-04 20:05:03,850][src.modRNN.training.training_loop][INFO] - 	 Starting Epoch: 290
[2026-05-04 20:05:04,924][src.modRNN.training.training_loop][INFO] - train epoch 290 loss 0.6309 accuracy 65.62%
[2026-05-04 20:05:04,925][src.modRNN.training.training_loop][INFO] - 	 Starting Epoch: 291
[2026-05-04 20:05:06,007][src.modRNN.training.training_loop][INFO] - train epoch 291 loss 0.6770 accuracy 54.69%
[2026-05-04 20:05:06,008][src.modRNN.training.training_loop][INFO] - 	 Starting Epoch: 292
[2026-05-04 20:05:07,081][src.modRNN.training.training_loop][INFO] - train epoch 292 loss 0.5879 accuracy 78.12%
[2026-05-04 20:05:07,082][src.modRNN.training.training_loop][INFO] - 	 Starting Epoch: 293
[2026-05-04 20:05:08,161][src.modRNN.training.training_loop][INFO] - train epoch 293 loss 0.6226 accuracy 68.75%
[2026-05-04 20:05:08,162][src.modRNN.training.training_loop][INFO] - 	 Starting Epoch: 294
[2026-05-04 20:05:09,243][src.modRNN.training.training_loop][INFO] - train epoch 294 loss 0.6212 accuracy 71.88%
[2026-05-04 20:05:09,245][src.modRNN.training.training_loop][INFO] - 	 Starting Epoch: 295
[2026-05-04 20:05:10,320][src.modRNN.training.training_loop][INFO] - train epoch 295 loss 0.6131 accuracy 68.75%
[2026-05-04 20:05:10,322][src.modRNN.training.training_loop][INFO] - 	 Starting Epoch: 296
[2026-05-04 20:05:11,401][src.modRNN.training.training_loop][INFO] - train epoch 296 loss 0.5836 accuracy 79.69%
[2026-05-04 20:05:11,402][src.modRNN.training.training_loop][INFO] - 	 Starting Epoch: 297
[2026-05-04 20:05:12,478][src.modRNN.training.training_loop][INFO] - train epoch 297 loss 0.6366 accuracy 68.75%
[2026-05-04 20:05:12,480][src.modRNN.training.training_loop][INFO] - 	 Starting Epoch: 298
[2026-05-04 20:05:13,556][src.modRNN.training.training_loop][INFO] - train epoch 298 loss 0.6088 accuracy 76.56%
[2026-05-04 20:05:13,557][src.modRNN.training.training_loop][INFO] - 	 Starting Epoch: 299
[2026-05-04 20:05:14,637][src.modRNN.training.training_loop][INFO] - train epoch 299 loss 0.6022 accuracy 76.56%
[2026-05-04 20:05:14,638][src.modRNN.training.training_loop][INFO] - 	 Starting Epoch: 300
[2026-05-04 20:05:15,712][src.modRNN.training.training_loop][INFO] - train epoch 300 loss 0.6321 accuracy 68.75%
[2026-05-04 20:05:15,714][src.modRNN.training.training_loop][INFO] - 	 Starting Epoch: 301
[2026-05-04 20:05:16,789][src.modRNN.training.training_loop][INFO] - train epoch 301 loss 0.6152 accuracy 70.31%
[2026-05-04 20:05:18,936][src.modRNN.training.training_loop][INFO] - eval  epoch 301 loss 0.6185 accuracy 70.51%
[2026-05-04 20:05:18,937][src.modRNN.training.training_loop][INFO] - 	 Starting Epoch: 302
[2026-05-04 20:05:20,009][src.modRNN.training.training_loop][INFO] - train epoch 302 loss 0.6574 accuracy 59.38%
[2026-05-04 20:05:20,010][src.modRNN.training.training_loop][INFO] - 	 Starting Epoch: 303
[2026-05-04 20:05:21,082][src.modRNN.training.training_loop][INFO] - train epoch 303 loss 0.6222 accuracy 70.31%
[2026-05-04 20:05:21,083][src.modRNN.training.training_loop][INFO] - 	 Starting Epoch: 304
[2026-05-04 20:05:22,158][src.modRNN.training.training_loop][INFO] - train epoch 304 loss 0.5945 accuracy 75.00%
[2026-05-04 20:05:22,159][src.modRNN.training.training_loop][INFO] - 	 Starting Epoch: 305
[2026-05-04 20:05:23,234][src.modRNN.training.training_loop][INFO] - train epoch 305 loss 0.6169 accuracy 70.31%
[2026-05-04 20:05:23,235][src.modRNN.training.training_loop][INFO] - 	 Starting Epoch: 306
[2026-05-04 20:05:24,337][src.modRNN.training.training_loop][INFO] - train epoch 306 loss 0.5835 accuracy 75.00%
[2026-05-04 20:05:24,339][src.modRNN.training.training_loop][INFO] - 	 Starting Epoch: 307
[2026-05-04 20:05:25,447][src.modRNN.training.training_loop][INFO] - train epoch 307 loss 0.6254 accuracy 67.19%
[2026-05-04 20:05:25,448][src.modRNN.training.training_loop][INFO] - 	 Starting Epoch: 308
[2026-05-04 20:05:26,520][src.modRNN.training.training_loop][INFO] - train epoch 308 loss 0.6074 accuracy 70.31%
[2026-05-04 20:05:26,521][src.modRNN.training.training_loop][INFO] - 	 Starting Epoch: 309
[2026-05-04 20:05:27,596][src.modRNN.training.training_loop][INFO] - train epoch 309 loss 0.6222 accuracy 68.75%
[2026-05-04 20:05:27,597][src.modRNN.training.training_loop][INFO] - 	 Starting Epoch: 310
[2026-05-04 20:05:28,673][src.modRNN.training.training_loop][INFO] - train epoch 310 loss 0.6455 accuracy 65.62%
[2026-05-04 20:05:28,675][src.modRNN.training.training_loop][INFO] - 	 Starting Epoch: 311
[2026-05-04 20:05:29,747][src.modRNN.training.training_loop][INFO] - train epoch 311 loss 0.5703 accuracy 79.69%
[2026-05-04 20:05:29,749][src.modRNN.training.training_loop][INFO] - 	 Starting Epoch: 312
[2026-05-04 20:05:30,822][src.modRNN.training.training_loop][INFO] - train epoch 312 loss 0.5763 accuracy 82.81%
[2026-05-04 20:05:30,823][src.modRNN.training.training_loop][INFO] - 	 Starting Epoch: 313
[2026-05-04 20:05:31,894][src.modRNN.training.training_loop][INFO] - train epoch 313 loss 0.6425 accuracy 65.62%
[2026-05-04 20:05:31,895][src.modRNN.training.training_loop][INFO] - 	 Starting Epoch: 314
[2026-05-04 20:05:32,961][src.modRNN.training.training_loop][INFO] - train epoch 314 loss 0.6373 accuracy 68.75%
[2026-05-04 20:05:32,962][src.modRNN.training.training_loop][INFO] - 	 Starting Epoch: 315
[2026-05-04 20:05:34,028][src.modRNN.training.training_loop][INFO] - train epoch 315 loss 0.5567 accuracy 85.94%
[2026-05-04 20:05:34,029][src.modRNN.training.training_loop][INFO] - 	 Starting Epoch: 316
[2026-05-04 20:05:35,100][src.modRNN.training.training_loop][INFO] - train epoch 316 loss 0.5958 accuracy 75.00%
[2026-05-04 20:05:35,102][src.modRNN.training.training_loop][INFO] - 	 Starting Epoch: 317
[2026-05-04 20:05:36,174][src.modRNN.training.training_loop][INFO] - train epoch 317 loss 0.6171 accuracy 76.56%
[2026-05-04 20:05:36,175][src.modRNN.training.training_loop][INFO] - 	 Starting Epoch: 318
[2026-05-04 20:05:37,245][src.modRNN.training.training_loop][INFO] - train epoch 318 loss 0.5793 accuracy 76.56%
[2026-05-04 20:05:37,246][src.modRNN.training.training_loop][INFO] - 	 Starting Epoch: 319
[2026-05-04 20:05:38,314][src.modRNN.training.training_loop][INFO] - train epoch 319 loss 0.6112 accuracy 75.00%
[2026-05-04 20:05:38,316][src.modRNN.training.training_loop][INFO] - 	 Starting Epoch: 320
[2026-05-04 20:05:39,381][src.modRNN.training.training_loop][INFO] - train epoch 320 loss 0.5871 accuracy 76.56%
[2026-05-04 20:05:39,383][src.modRNN.training.training_loop][INFO] - 	 Starting Epoch: 321
[2026-05-04 20:05:40,449][src.modRNN.training.training_loop][INFO] - train epoch 321 loss 0.5941 accuracy 76.56%
[2026-05-04 20:05:40,450][src.modRNN.training.training_loop][INFO] - 	 Starting Epoch: 322
[2026-05-04 20:05:41,517][src.modRNN.training.training_loop][INFO] - train epoch 322 loss 0.5679 accuracy 82.81%
[2026-05-04 20:05:41,518][src.modRNN.training.training_loop][INFO] - 	 Starting Epoch: 323
[2026-05-04 20:05:42,585][src.modRNN.training.training_loop][INFO] - train epoch 323 loss 0.5563 accuracy 76.56%
[2026-05-04 20:05:42,587][src.modRNN.training.training_loop][INFO] - 	 Starting Epoch: 324
[2026-05-04 20:05:43,657][src.modRNN.training.training_loop][INFO] - train epoch 324 loss 0.5662 accuracy 79.69%
[2026-05-04 20:05:43,658][src.modRNN.training.training_loop][INFO] - 	 Starting Epoch: 325
[2026-05-04 20:05:44,727][src.modRNN.training.training_loop][INFO] - train epoch 325 loss 0.6185 accuracy 75.00%
[2026-05-04 20:05:44,729][src.modRNN.training.training_loop][INFO] - 	 Starting Epoch: 326
[2026-05-04 20:05:45,805][src.modRNN.training.training_loop][INFO] - train epoch 326 loss 0.5664 accuracy 78.12%
[2026-05-04 20:05:47,948][src.modRNN.training.training_loop][INFO] - eval  epoch 326 loss 0.5879 accuracy 76.76%
[2026-05-04 20:05:47,950][src.modRNN.training.training_loop][INFO] - 	 Starting Epoch: 327
[2026-05-04 20:05:49,013][src.modRNN.training.training_loop][INFO] - train epoch 327 loss 0.5897 accuracy 75.00%
[2026-05-04 20:05:49,014][src.modRNN.training.training_loop][INFO] - 	 Starting Epoch: 328
[2026-05-04 20:05:50,075][src.modRNN.training.training_loop][INFO] - train epoch 328 loss 0.5645 accuracy 79.69%
[2026-05-04 20:05:50,077][src.modRNN.training.training_loop][INFO] - 	 Starting Epoch: 329
[2026-05-04 20:05:51,145][src.modRNN.training.training_loop][INFO] - train epoch 329 loss 0.6165 accuracy 75.00%
[2026-05-04 20:05:51,146][src.modRNN.training.training_loop][INFO] - 	 Starting Epoch: 330
[2026-05-04 20:05:52,219][src.modRNN.training.training_loop][INFO] - train epoch 330 loss 0.5871 accuracy 75.00%
[2026-05-04 20:05:52,220][src.modRNN.training.training_loop][INFO] - 	 Starting Epoch: 331
[2026-05-04 20:05:53,286][src.modRNN.training.training_loop][INFO] - train epoch 331 loss 0.5835 accuracy 76.56%
[2026-05-04 20:05:53,287][src.modRNN.training.training_loop][INFO] - 	 Starting Epoch: 332
[2026-05-04 20:05:54,354][src.modRNN.training.training_loop][INFO] - train epoch 332 loss 0.5684 accuracy 76.56%
[2026-05-04 20:05:54,356][src.modRNN.training.training_loop][INFO] - 	 Starting Epoch: 333
[2026-05-04 20:05:55,428][src.modRNN.training.training_loop][INFO] - train epoch 333 loss 0.6082 accuracy 71.88%
[2026-05-04 20:05:55,429][src.modRNN.training.training_loop][INFO] - 	 Starting Epoch: 334
[2026-05-04 20:05:56,496][src.modRNN.training.training_loop][INFO] - train epoch 334 loss 0.6051 accuracy 67.19%
[2026-05-04 20:05:56,498][src.modRNN.training.training_loop][INFO] - 	 Starting Epoch: 335
[2026-05-04 20:05:57,570][src.modRNN.training.training_loop][INFO] - train epoch 335 loss 0.6182 accuracy 64.06%
[2026-05-04 20:05:57,572][src.modRNN.training.training_loop][INFO] - 	 Starting Epoch: 336
[2026-05-04 20:05:58,644][src.modRNN.training.training_loop][INFO] - train epoch 336 loss 0.6029 accuracy 70.31%
[2026-05-04 20:05:58,646][src.modRNN.training.training_loop][INFO] - 	 Starting Epoch: 337
[2026-05-04 20:05:59,710][src.modRNN.training.training_loop][INFO] - train epoch 337 loss 0.5569 accuracy 81.25%
[2026-05-04 20:05:59,711][src.modRNN.training.training_loop][INFO] - 	 Starting Epoch: 338
[2026-05-04 20:06:00,783][src.modRNN.training.training_loop][INFO] - train epoch 338 loss 0.5777 accuracy 76.56%
[2026-05-04 20:06:00,785][src.modRNN.training.training_loop][INFO] - 	 Starting Epoch: 339
[2026-05-04 20:06:01,860][src.modRNN.training.training_loop][INFO] - train epoch 339 loss 0.5748 accuracy 79.69%
[2026-05-04 20:06:01,862][src.modRNN.training.training_loop][INFO] - 	 Starting Epoch: 340
[2026-05-04 20:06:02,937][src.modRNN.training.training_loop][INFO] - train epoch 340 loss 0.5896 accuracy 70.31%
[2026-05-04 20:06:02,938][src.modRNN.training.training_loop][INFO] - 	 Starting Epoch: 341
[2026-05-04 20:06:04,014][src.modRNN.training.training_loop][INFO] - train epoch 341 loss 0.5568 accuracy 84.38%
[2026-05-04 20:06:04,015][src.modRNN.training.training_loop][INFO] - 	 Starting Epoch: 342
[2026-05-04 20:06:05,093][src.modRNN.training.training_loop][INFO] - train epoch 342 loss 0.5627 accuracy 78.12%
[2026-05-04 20:06:05,094][src.modRNN.training.training_loop][INFO] - 	 Starting Epoch: 343
[2026-05-04 20:06:06,169][src.modRNN.training.training_loop][INFO] - train epoch 343 loss 0.6015 accuracy 73.44%
[2026-05-04 20:06:06,170][src.modRNN.training.training_loop][INFO] - 	 Starting Epoch: 344
[2026-05-04 20:06:07,248][src.modRNN.training.training_loop][INFO] - train epoch 344 loss 0.6293 accuracy 62.50%
[2026-05-04 20:06:07,250][src.modRNN.training.training_loop][INFO] - 	 Starting Epoch: 345
[2026-05-04 20:06:08,323][src.modRNN.training.training_loop][INFO] - train epoch 345 loss 0.6086 accuracy 71.88%
[2026-05-04 20:06:08,325][src.modRNN.training.training_loop][INFO] - 	 Starting Epoch: 346
[2026-05-04 20:06:09,400][src.modRNN.training.training_loop][INFO] - train epoch 346 loss 0.6098 accuracy 65.62%
[2026-05-04 20:06:09,401][src.modRNN.training.training_loop][INFO] - 	 Starting Epoch: 347
[2026-05-04 20:06:10,477][src.modRNN.training.training_loop][INFO] - train epoch 347 loss 0.5531 accuracy 79.69%
[2026-05-04 20:06:10,479][src.modRNN.training.training_loop][INFO] - 	 Starting Epoch: 348
[2026-05-04 20:06:11,555][src.modRNN.training.training_loop][INFO] - train epoch 348 loss 0.5787 accuracy 79.69%
[2026-05-04 20:06:11,556][src.modRNN.training.training_loop][INFO] - 	 Starting Epoch: 349
[2026-05-04 20:06:12,633][src.modRNN.training.training_loop][INFO] - train epoch 349 loss 0.5498 accuracy 82.81%
[2026-05-04 20:06:12,634][src.modRNN.training.training_loop][INFO] - 	 Starting Epoch: 350
[2026-05-04 20:06:13,715][src.modRNN.training.training_loop][INFO] - train epoch 350 loss 0.6143 accuracy 75.00%
[2026-05-04 20:06:13,717][src.modRNN.training.training_loop][INFO] - 	 Starting Epoch: 351
[2026-05-04 20:06:14,788][src.modRNN.training.training_loop][INFO] - train epoch 351 loss 0.6285 accuracy 68.75%
[2026-05-04 20:06:16,934][src.modRNN.training.training_loop][INFO] - eval  epoch 351 loss 0.5843 accuracy 76.37%
[2026-05-04 20:06:16,935][src.modRNN.training.training_loop][INFO] - 	 Starting Epoch: 352
[2026-05-04 20:06:18,007][src.modRNN.training.training_loop][INFO] - train epoch 352 loss 0.5459 accuracy 81.25%
[2026-05-04 20:06:18,008][src.modRNN.training.training_loop][INFO] - 	 Starting Epoch: 353
[2026-05-04 20:06:19,080][src.modRNN.training.training_loop][INFO] - train epoch 353 loss 0.5666 accuracy 76.56%
[2026-05-04 20:06:19,082][src.modRNN.training.training_loop][INFO] - 	 Starting Epoch: 354
[2026-05-04 20:06:20,156][src.modRNN.training.training_loop][INFO] - train epoch 354 loss 0.5796 accuracy 78.12%
[2026-05-04 20:06:20,158][src.modRNN.training.training_loop][INFO] - 	 Starting Epoch: 355
[2026-05-04 20:06:21,234][src.modRNN.training.training_loop][INFO] - train epoch 355 loss 0.5869 accuracy 73.44%
[2026-05-04 20:06:21,236][src.modRNN.training.training_loop][INFO] - 	 Starting Epoch: 356
[2026-05-04 20:06:22,309][src.modRNN.training.training_loop][INFO] - train epoch 356 loss 0.5955 accuracy 71.88%
[2026-05-04 20:06:22,311][src.modRNN.training.training_loop][INFO] - 	 Starting Epoch: 357
[2026-05-04 20:06:23,387][src.modRNN.training.training_loop][INFO] - train epoch 357 loss 0.5838 accuracy 78.12%
[2026-05-04 20:06:23,389][src.modRNN.training.training_loop][INFO] - 	 Starting Epoch: 358
[2026-05-04 20:06:24,491][src.modRNN.training.training_loop][INFO] - train epoch 358 loss 0.5995 accuracy 75.00%
[2026-05-04 20:06:24,493][src.modRNN.training.training_loop][INFO] - 	 Starting Epoch: 359
[2026-05-04 20:06:25,591][src.modRNN.training.training_loop][INFO] - train epoch 359 loss 0.5456 accuracy 79.69%
[2026-05-04 20:06:25,593][src.modRNN.training.training_loop][INFO] - 	 Starting Epoch: 360
[2026-05-04 20:06:26,668][src.modRNN.training.training_loop][INFO] - train epoch 360 loss 0.5844 accuracy 76.56%
[2026-05-04 20:06:26,669][src.modRNN.training.training_loop][INFO] - 	 Starting Epoch: 361
[2026-05-04 20:06:27,746][src.modRNN.training.training_loop][INFO] - train epoch 361 loss 0.5663 accuracy 76.56%
[2026-05-04 20:06:27,748][src.modRNN.training.training_loop][INFO] - 	 Starting Epoch: 362
[2026-05-04 20:06:28,825][src.modRNN.training.training_loop][INFO] - train epoch 362 loss 0.5975 accuracy 73.44%
[2026-05-04 20:06:28,826][src.modRNN.training.training_loop][INFO] - 	 Starting Epoch: 363
[2026-05-04 20:06:29,907][src.modRNN.training.training_loop][INFO] - train epoch 363 loss 0.5807 accuracy 76.56%
[2026-05-04 20:06:29,908][src.modRNN.training.training_loop][INFO] - 	 Starting Epoch: 364
[2026-05-04 20:06:30,988][src.modRNN.training.training_loop][INFO] - train epoch 364 loss 0.5609 accuracy 76.56%
[2026-05-04 20:06:30,990][src.modRNN.training.training_loop][INFO] - 	 Starting Epoch: 365
[2026-05-04 20:06:32,070][src.modRNN.training.training_loop][INFO] - train epoch 365 loss 0.6077 accuracy 71.88%
[2026-05-04 20:06:32,071][src.modRNN.training.training_loop][INFO] - 	 Starting Epoch: 366
[2026-05-04 20:06:33,136][src.modRNN.training.training_loop][INFO] - train epoch 366 loss 0.5388 accuracy 78.12%
[2026-05-04 20:06:33,138][src.modRNN.training.training_loop][INFO] - 	 Starting Epoch: 367
[2026-05-04 20:06:34,206][src.modRNN.training.training_loop][INFO] - train epoch 367 loss 0.5951 accuracy 67.19%
[2026-05-04 20:06:34,207][src.modRNN.training.training_loop][INFO] - 	 Starting Epoch: 368
[2026-05-04 20:06:35,275][src.modRNN.training.training_loop][INFO] - train epoch 368 loss 0.5437 accuracy 81.25%
[2026-05-04 20:06:35,276][src.modRNN.training.training_loop][INFO] - 	 Starting Epoch: 369
[2026-05-04 20:06:36,354][src.modRNN.training.training_loop][INFO] - train epoch 369 loss 0.5821 accuracy 75.00%
[2026-05-04 20:06:36,356][src.modRNN.training.training_loop][INFO] - 	 Starting Epoch: 370
[2026-05-04 20:06:37,419][src.modRNN.training.training_loop][INFO] - train epoch 370 loss 0.5803 accuracy 71.88%
[2026-05-04 20:06:37,421][src.modRNN.training.training_loop][INFO] - 	 Starting Epoch: 371
[2026-05-04 20:06:38,492][src.modRNN.training.training_loop][INFO] - train epoch 371 loss 0.5795 accuracy 71.88%
[2026-05-04 20:06:38,493][src.modRNN.training.training_loop][INFO] - 	 Starting Epoch: 372
[2026-05-04 20:06:39,563][src.modRNN.training.training_loop][INFO] - train epoch 372 loss 0.5876 accuracy 76.56%
[2026-05-04 20:06:39,565][src.modRNN.training.training_loop][INFO] - 	 Starting Epoch: 373
[2026-05-04 20:06:40,638][src.modRNN.training.training_loop][INFO] - train epoch 373 loss 0.5871 accuracy 73.44%
[2026-05-04 20:06:40,639][src.modRNN.training.training_loop][INFO] - 	 Starting Epoch: 374
[2026-05-04 20:06:41,716][src.modRNN.training.training_loop][INFO] - train epoch 374 loss 0.5570 accuracy 79.69%
[2026-05-04 20:06:41,718][src.modRNN.training.training_loop][INFO] - 	 Starting Epoch: 375
[2026-05-04 20:06:42,785][src.modRNN.training.training_loop][INFO] - train epoch 375 loss 0.6081 accuracy 71.88%
[2026-05-04 20:06:42,787][src.modRNN.training.training_loop][INFO] - 	 Starting Epoch: 376
[2026-05-04 20:06:43,852][src.modRNN.training.training_loop][INFO] - train epoch 376 loss 0.5707 accuracy 70.31%
[2026-05-04 20:06:45,998][src.modRNN.training.training_loop][INFO] - eval  epoch 376 loss 0.5643 accuracy 79.69%
[2026-05-04 20:06:46,000][src.modRNN.training.training_loop][INFO] - 	 Starting Epoch: 377
[2026-05-04 20:06:47,061][src.modRNN.training.training_loop][INFO] - train epoch 377 loss 0.5924 accuracy 71.88%
[2026-05-04 20:06:47,063][src.modRNN.training.training_loop][INFO] - 	 Starting Epoch: 378
[2026-05-04 20:06:48,129][src.modRNN.training.training_loop][INFO] - train epoch 378 loss 0.5596 accuracy 81.25%
[2026-05-04 20:06:48,130][src.modRNN.training.training_loop][INFO] - 	 Starting Epoch: 379
[2026-05-04 20:06:49,198][src.modRNN.training.training_loop][INFO] - train epoch 379 loss 0.5701 accuracy 78.12%
[2026-05-04 20:06:49,199][src.modRNN.training.training_loop][INFO] - 	 Starting Epoch: 380
[2026-05-04 20:06:50,266][src.modRNN.training.training_loop][INFO] - train epoch 380 loss 0.5405 accuracy 79.69%
[2026-05-04 20:06:50,267][src.modRNN.training.training_loop][INFO] - 	 Starting Epoch: 381
[2026-05-04 20:06:51,333][src.modRNN.training.training_loop][INFO] - train epoch 381 loss 0.5887 accuracy 75.00%
[2026-05-04 20:06:51,335][src.modRNN.training.training_loop][INFO] - 	 Starting Epoch: 382
[2026-05-04 20:06:52,403][src.modRNN.training.training_loop][INFO] - train epoch 382 loss 0.6172 accuracy 71.88%
[2026-05-04 20:06:52,405][src.modRNN.training.training_loop][INFO] - 	 Starting Epoch: 383
[2026-05-04 20:06:53,477][src.modRNN.training.training_loop][INFO] - train epoch 383 loss 0.5425 accuracy 79.69%
[2026-05-04 20:06:53,478][src.modRNN.training.training_loop][INFO] - 	 Starting Epoch: 384
[2026-05-04 20:06:54,548][src.modRNN.training.training_loop][INFO] - train epoch 384 loss 0.6012 accuracy 73.44%
[2026-05-04 20:06:54,550][src.modRNN.training.training_loop][INFO] - 	 Starting Epoch: 385
[2026-05-04 20:06:55,623][src.modRNN.training.training_loop][INFO] - train epoch 385 loss 0.5763 accuracy 76.56%
[2026-05-04 20:06:55,625][src.modRNN.training.training_loop][INFO] - 	 Starting Epoch: 386
[2026-05-04 20:06:56,692][src.modRNN.training.training_loop][INFO] - train epoch 386 loss 0.5827 accuracy 73.44%
[2026-05-04 20:06:56,694][src.modRNN.training.training_loop][INFO] - 	 Starting Epoch: 387
[2026-05-04 20:06:57,766][src.modRNN.training.training_loop][INFO] - train epoch 387 loss 0.5709 accuracy 79.69%
[2026-05-04 20:06:57,768][src.modRNN.training.training_loop][INFO] - 	 Starting Epoch: 388
[2026-05-04 20:06:58,837][src.modRNN.training.training_loop][INFO] - train epoch 388 loss 0.6176 accuracy 70.31%
[2026-05-04 20:06:58,839][src.modRNN.training.training_loop][INFO] - 	 Starting Epoch: 389
[2026-05-04 20:06:59,904][src.modRNN.training.training_loop][INFO] - train epoch 389 loss 0.5828 accuracy 71.88%
[2026-05-04 20:06:59,906][src.modRNN.training.training_loop][INFO] - 	 Starting Epoch: 390
[2026-05-04 20:07:00,978][src.modRNN.training.training_loop][INFO] - train epoch 390 loss 0.5686 accuracy 79.69%
[2026-05-04 20:07:00,979][src.modRNN.training.training_loop][INFO] - 	 Starting Epoch: 391
[2026-05-04 20:07:02,054][src.modRNN.training.training_loop][INFO] - train epoch 391 loss 0.6166 accuracy 73.44%
[2026-05-04 20:07:02,055][src.modRNN.training.training_loop][INFO] - 	 Starting Epoch: 392
[2026-05-04 20:07:03,134][src.modRNN.training.training_loop][INFO] - train epoch 392 loss 0.6081 accuracy 73.44%
[2026-05-04 20:07:03,135][src.modRNN.training.training_loop][INFO] - 	 Starting Epoch: 393
[2026-05-04 20:07:04,217][src.modRNN.training.training_loop][INFO] - train epoch 393 loss 0.6078 accuracy 70.31%
[2026-05-04 20:07:04,219][src.modRNN.training.training_loop][INFO] - 	 Starting Epoch: 394
[2026-05-04 20:07:05,301][src.modRNN.training.training_loop][INFO] - train epoch 394 loss 0.6400 accuracy 68.75%
[2026-05-04 20:07:05,303][src.modRNN.training.training_loop][INFO] - 	 Starting Epoch: 395
[2026-05-04 20:07:06,379][src.modRNN.training.training_loop][INFO] - train epoch 395 loss 0.5414 accuracy 82.81%
[2026-05-04 20:07:06,381][src.modRNN.training.training_loop][INFO] - 	 Starting Epoch: 396
[2026-05-04 20:07:07,455][src.modRNN.training.training_loop][INFO] - train epoch 396 loss 0.5539 accuracy 79.69%
[2026-05-04 20:07:07,457][src.modRNN.training.training_loop][INFO] - 	 Starting Epoch: 397
[2026-05-04 20:07:08,532][src.modRNN.training.training_loop][INFO] - train epoch 397 loss 0.5755 accuracy 79.69%
[2026-05-04 20:07:08,533][src.modRNN.training.training_loop][INFO] - 	 Starting Epoch: 398
[2026-05-04 20:07:09,616][src.modRNN.training.training_loop][INFO] - train epoch 398 loss 0.6216 accuracy 65.62%
[2026-05-04 20:07:09,618][src.modRNN.training.training_loop][INFO] - 	 Starting Epoch: 399
[2026-05-04 20:07:10,699][src.modRNN.training.training_loop][INFO] - train epoch 399 loss 0.5914 accuracy 73.44%
[2026-05-04 20:07:10,701][src.modRNN.training.training_loop][INFO] - 	 Starting Epoch: 400
[2026-05-04 20:07:11,777][src.modRNN.training.training_loop][INFO] - train epoch 400 loss 0.5559 accuracy 82.81%
[2026-05-04 20:07:11,778][src.modRNN.training.training_loop][INFO] - 	 Starting Epoch: 401
[2026-05-04 20:07:12,855][src.modRNN.training.training_loop][INFO] - train epoch 401 loss 0.5801 accuracy 73.44%
[2026-05-04 20:07:15,009][src.modRNN.training.training_loop][INFO] - eval  epoch 401 loss 0.5653 accuracy 77.73%
[2026-05-04 20:07:15,011][src.modRNN.training.training_loop][INFO] - 	 Starting Epoch: 402
[2026-05-04 20:07:16,080][src.modRNN.training.training_loop][INFO] - train epoch 402 loss 0.5695 accuracy 75.00%
[2026-05-04 20:07:16,082][src.modRNN.training.training_loop][INFO] - 	 Starting Epoch: 403
[2026-05-04 20:07:17,163][src.modRNN.training.training_loop][INFO] - train epoch 403 loss 0.5800 accuracy 73.44%
[2026-05-04 20:07:17,164][src.modRNN.training.training_loop][INFO] - 	 Starting Epoch: 404
[2026-05-04 20:07:18,240][src.modRNN.training.training_loop][INFO] - train epoch 404 loss 0.5878 accuracy 71.88%
[2026-05-04 20:07:18,241][src.modRNN.training.training_loop][INFO] - 	 Starting Epoch: 405
[2026-05-04 20:07:19,317][src.modRNN.training.training_loop][INFO] - train epoch 405 loss 0.6125 accuracy 71.88%
[2026-05-04 20:07:19,318][src.modRNN.training.training_loop][INFO] - 	 Starting Epoch: 406
[2026-05-04 20:07:20,399][src.modRNN.training.training_loop][INFO] - train epoch 406 loss 0.5488 accuracy 79.69%
[2026-05-04 20:07:20,401][src.modRNN.training.training_loop][INFO] - 	 Starting Epoch: 407
[2026-05-04 20:07:21,477][src.modRNN.training.training_loop][INFO] - train epoch 407 loss 0.5839 accuracy 70.31%
[2026-05-04 20:07:21,479][src.modRNN.training.training_loop][INFO] - 	 Starting Epoch: 408
[2026-05-04 20:07:22,556][src.modRNN.training.training_loop][INFO] - train epoch 408 loss 0.5439 accuracy 81.25%
[2026-05-04 20:07:22,558][src.modRNN.training.training_loop][INFO] - 	 Starting Epoch: 409
[2026-05-04 20:07:23,640][src.modRNN.training.training_loop][INFO] - train epoch 409 loss 0.5846 accuracy 79.69%
[2026-05-04 20:07:23,641][src.modRNN.training.training_loop][INFO] - 	 Starting Epoch: 410
[2026-05-04 20:07:24,766][src.modRNN.training.training_loop][INFO] - train epoch 410 loss 0.5746 accuracy 76.56%
[2026-05-04 20:07:24,768][src.modRNN.training.training_loop][INFO] - 	 Starting Epoch: 411
[2026-05-04 20:07:25,848][src.modRNN.training.training_loop][INFO] - train epoch 411 loss 0.5461 accuracy 73.44%
[2026-05-04 20:07:25,849][src.modRNN.training.training_loop][INFO] - 	 Starting Epoch: 412
[2026-05-04 20:07:26,928][src.modRNN.training.training_loop][INFO] - train epoch 412 loss 0.5260 accuracy 82.81%
[2026-05-04 20:07:26,930][src.modRNN.training.training_loop][INFO] - 	 Starting Epoch: 413
[2026-05-04 20:07:28,013][src.modRNN.training.training_loop][INFO] - train epoch 413 loss 0.6019 accuracy 70.31%
[2026-05-04 20:07:28,015][src.modRNN.training.training_loop][INFO] - 	 Starting Epoch: 414
[2026-05-04 20:07:29,088][src.modRNN.training.training_loop][INFO] - train epoch 414 loss 0.5497 accuracy 79.69%
[2026-05-04 20:07:29,089][src.modRNN.training.training_loop][INFO] - 	 Starting Epoch: 415
[2026-05-04 20:07:30,169][src.modRNN.training.training_loop][INFO] - train epoch 415 loss 0.5404 accuracy 81.25%
[2026-05-04 20:07:30,171][src.modRNN.training.training_loop][INFO] - 	 Starting Epoch: 416
[2026-05-04 20:07:31,249][src.modRNN.training.training_loop][INFO] - train epoch 416 loss 0.5441 accuracy 79.69%
[2026-05-04 20:07:31,251][src.modRNN.training.training_loop][INFO] - 	 Starting Epoch: 417
[2026-05-04 20:07:32,326][src.modRNN.training.training_loop][INFO] - train epoch 417 loss 0.5738 accuracy 76.56%
[2026-05-04 20:07:32,327][src.modRNN.training.training_loop][INFO] - 	 Starting Epoch: 418
[2026-05-04 20:07:33,398][src.modRNN.training.training_loop][INFO] - train epoch 418 loss 0.5454 accuracy 76.56%
[2026-05-04 20:07:33,400][src.modRNN.training.training_loop][INFO] - 	 Starting Epoch: 419
[2026-05-04 20:07:34,474][src.modRNN.training.training_loop][INFO] - train epoch 419 loss 0.6211 accuracy 67.19%
[2026-05-04 20:07:34,475][src.modRNN.training.training_loop][INFO] - 	 Starting Epoch: 420
[2026-05-04 20:07:35,544][src.modRNN.training.training_loop][INFO] - train epoch 420 loss 0.6024 accuracy 71.88%
[2026-05-04 20:07:35,545][src.modRNN.training.training_loop][INFO] - 	 Starting Epoch: 421
[2026-05-04 20:07:36,619][src.modRNN.training.training_loop][INFO] - train epoch 421 loss 0.5583 accuracy 78.12%
[2026-05-04 20:07:36,621][src.modRNN.training.training_loop][INFO] - 	 Starting Epoch: 422
[2026-05-04 20:07:37,692][src.modRNN.training.training_loop][INFO] - train epoch 422 loss 0.5760 accuracy 71.88%
[2026-05-04 20:07:37,693][src.modRNN.training.training_loop][INFO] - 	 Starting Epoch: 423
[2026-05-04 20:07:38,765][src.modRNN.training.training_loop][INFO] - train epoch 423 loss 0.5047 accuracy 85.94%
[2026-05-04 20:07:38,766][src.modRNN.training.training_loop][INFO] - 	 Starting Epoch: 424
[2026-05-04 20:07:39,843][src.modRNN.training.training_loop][INFO] - train epoch 424 loss 0.5969 accuracy 71.88%
[2026-05-04 20:07:39,844][src.modRNN.training.training_loop][INFO] - 	 Starting Epoch: 425
[2026-05-04 20:07:40,917][src.modRNN.training.training_loop][INFO] - train epoch 425 loss 0.5513 accuracy 75.00%
[2026-05-04 20:07:40,919][src.modRNN.training.training_loop][INFO] - 	 Starting Epoch: 426
[2026-05-04 20:07:41,997][src.modRNN.training.training_loop][INFO] - train epoch 426 loss 0.5371 accuracy 82.81%
[2026-05-04 20:07:44,149][src.modRNN.training.training_loop][INFO] - eval  epoch 426 loss 0.5563 accuracy 78.12%
[2026-05-04 20:07:44,150][src.modRNN.training.training_loop][INFO] - 	 Starting Epoch: 427
[2026-05-04 20:07:45,217][src.modRNN.training.training_loop][INFO] - train epoch 427 loss 0.5539 accuracy 76.56%
[2026-05-04 20:07:45,218][src.modRNN.training.training_loop][INFO] - 	 Starting Epoch: 428
[2026-05-04 20:07:46,288][src.modRNN.training.training_loop][INFO] - train epoch 428 loss 0.5350 accuracy 78.12%
[2026-05-04 20:07:46,290][src.modRNN.training.training_loop][INFO] - 	 Starting Epoch: 429
[2026-05-04 20:07:47,361][src.modRNN.training.training_loop][INFO] - train epoch 429 loss 0.6175 accuracy 71.88%
[2026-05-04 20:07:47,362][src.modRNN.training.training_loop][INFO] - 	 Starting Epoch: 430
[2026-05-04 20:07:48,434][src.modRNN.training.training_loop][INFO] - train epoch 430 loss 0.5395 accuracy 79.69%
[2026-05-04 20:07:48,435][src.modRNN.training.training_loop][INFO] - 	 Starting Epoch: 431
[2026-05-04 20:07:49,509][src.modRNN.training.training_loop][INFO] - train epoch 431 loss 0.5158 accuracy 89.06%
[2026-05-04 20:07:49,510][src.modRNN.training.training_loop][INFO] - 	 Starting Epoch: 432
[2026-05-04 20:07:50,579][src.modRNN.training.training_loop][INFO] - train epoch 432 loss 0.5647 accuracy 79.69%
[2026-05-04 20:07:50,580][src.modRNN.training.training_loop][INFO] - 	 Starting Epoch: 433
[2026-05-04 20:07:51,657][src.modRNN.training.training_loop][INFO] - train epoch 433 loss 0.5471 accuracy 82.81%
[2026-05-04 20:07:51,659][src.modRNN.training.training_loop][INFO] - 	 Starting Epoch: 434
[2026-05-04 20:07:52,730][src.modRNN.training.training_loop][INFO] - train epoch 434 loss 0.5182 accuracy 81.25%
[2026-05-04 20:07:52,731][src.modRNN.training.training_loop][INFO] - 	 Starting Epoch: 435
[2026-05-04 20:07:53,799][src.modRNN.training.training_loop][INFO] - train epoch 435 loss 0.5697 accuracy 73.44%
[2026-05-04 20:07:53,800][src.modRNN.training.training_loop][INFO] - 	 Starting Epoch: 436
[2026-05-04 20:07:54,876][src.modRNN.training.training_loop][INFO] - train epoch 436 loss 0.5626 accuracy 71.88%
[2026-05-04 20:07:54,877][src.modRNN.training.training_loop][INFO] - 	 Starting Epoch: 437
[2026-05-04 20:07:55,949][src.modRNN.training.training_loop][INFO] - train epoch 437 loss 0.5296 accuracy 82.81%
[2026-05-04 20:07:55,950][src.modRNN.training.training_loop][INFO] - 	 Starting Epoch: 438
[2026-05-04 20:07:57,021][src.modRNN.training.training_loop][INFO] - train epoch 438 loss 0.5706 accuracy 76.56%
[2026-05-04 20:07:57,022][src.modRNN.training.training_loop][INFO] - 	 Starting Epoch: 439
[2026-05-04 20:07:58,091][src.modRNN.training.training_loop][INFO] - train epoch 439 loss 0.5229 accuracy 84.38%
[2026-05-04 20:07:58,092][src.modRNN.training.training_loop][INFO] - 	 Starting Epoch: 440
[2026-05-04 20:07:59,158][src.modRNN.training.training_loop][INFO] - train epoch 440 loss 0.5423 accuracy 79.69%
[2026-05-04 20:07:59,159][src.modRNN.training.training_loop][INFO] - 	 Starting Epoch: 441
[2026-05-04 20:08:00,230][src.modRNN.training.training_loop][INFO] - train epoch 441 loss 0.5572 accuracy 75.00%
[2026-05-04 20:08:00,231][src.modRNN.training.training_loop][INFO] - 	 Starting Epoch: 442
[2026-05-04 20:08:01,299][src.modRNN.training.training_loop][INFO] - train epoch 442 loss 0.5216 accuracy 79.69%
[2026-05-04 20:08:01,300][src.modRNN.training.training_loop][INFO] - 	 Starting Epoch: 443
[2026-05-04 20:08:02,381][src.modRNN.training.training_loop][INFO] - train epoch 443 loss 0.5877 accuracy 75.00%
[2026-05-04 20:08:02,383][src.modRNN.training.training_loop][INFO] - 	 Starting Epoch: 444
[2026-05-04 20:08:03,460][src.modRNN.training.training_loop][INFO] - train epoch 444 loss 0.5645 accuracy 79.69%
[2026-05-04 20:08:03,462][src.modRNN.training.training_loop][INFO] - 	 Starting Epoch: 445
[2026-05-04 20:08:04,537][src.modRNN.training.training_loop][INFO] - train epoch 445 loss 0.5427 accuracy 84.38%
[2026-05-04 20:08:04,538][src.modRNN.training.training_loop][INFO] - 	 Starting Epoch: 446
[2026-05-04 20:08:05,618][src.modRNN.training.training_loop][INFO] - train epoch 446 loss 0.5768 accuracy 81.25%
[2026-05-04 20:08:05,620][src.modRNN.training.training_loop][INFO] - 	 Starting Epoch: 447
[2026-05-04 20:08:06,699][src.modRNN.training.training_loop][INFO] - train epoch 447 loss 0.5136 accuracy 82.81%
[2026-05-04 20:08:06,700][src.modRNN.training.training_loop][INFO] - 	 Starting Epoch: 448
[2026-05-04 20:08:07,777][src.modRNN.training.training_loop][INFO] - train epoch 448 loss 0.5741 accuracy 76.56%
[2026-05-04 20:08:07,778][src.modRNN.training.training_loop][INFO] - 	 Starting Epoch: 449
[2026-05-04 20:08:08,859][src.modRNN.training.training_loop][INFO] - train epoch 449 loss 0.5305 accuracy 79.69%
[2026-05-04 20:08:08,860][src.modRNN.training.training_loop][INFO] - 	 Starting Epoch: 450
[2026-05-04 20:08:09,933][src.modRNN.training.training_loop][INFO] - train epoch 450 loss 0.5493 accuracy 76.56%
[2026-05-04 20:08:09,936][src.modRNN.training.training_loop][INFO] - 	 Starting Epoch: 451
[2026-05-04 20:08:11,013][src.modRNN.training.training_loop][INFO] - train epoch 451 loss 0.6059 accuracy 71.88%
[2026-05-04 20:08:13,169][src.modRNN.training.training_loop][INFO] - eval  epoch 451 loss 0.5402 accuracy 79.30%
[2026-05-04 20:08:13,171][src.modRNN.training.training_loop][INFO] - 	 Starting Epoch: 452
[2026-05-04 20:08:14,242][src.modRNN.training.training_loop][INFO] - train epoch 452 loss 0.5296 accuracy 84.38%
[2026-05-04 20:08:14,243][src.modRNN.training.training_loop][INFO] - 	 Starting Epoch: 453
[2026-05-04 20:08:15,321][src.modRNN.training.training_loop][INFO] - train epoch 453 loss 0.5469 accuracy 79.69%
[2026-05-04 20:08:15,322][src.modRNN.training.training_loop][INFO] - 	 Starting Epoch: 454
[2026-05-04 20:08:16,399][src.modRNN.training.training_loop][INFO] - train epoch 454 loss 0.5628 accuracy 73.44%
[2026-05-04 20:08:16,400][src.modRNN.training.training_loop][INFO] - 	 Starting Epoch: 455
[2026-05-04 20:08:17,481][src.modRNN.training.training_loop][INFO] - train epoch 455 loss 0.4822 accuracy 89.06%
[2026-05-04 20:08:17,482][src.modRNN.training.training_loop][INFO] - 	 Starting Epoch: 456
[2026-05-04 20:08:18,571][src.modRNN.training.training_loop][INFO] - train epoch 456 loss 0.5680 accuracy 71.88%
[2026-05-04 20:08:18,573][src.modRNN.training.training_loop][INFO] - 	 Starting Epoch: 457
[2026-05-04 20:08:19,648][src.modRNN.training.training_loop][INFO] - train epoch 457 loss 0.4902 accuracy 84.38%
[2026-05-04 20:08:19,650][src.modRNN.training.training_loop][INFO] - 	 Starting Epoch: 458
[2026-05-04 20:08:20,728][src.modRNN.training.training_loop][INFO] - train epoch 458 loss 0.5190 accuracy 84.38%
[2026-05-04 20:08:20,730][src.modRNN.training.training_loop][INFO] - 	 Starting Epoch: 459
[2026-05-04 20:08:21,804][src.modRNN.training.training_loop][INFO] - train epoch 459 loss 0.5403 accuracy 81.25%
[2026-05-04 20:08:21,805][src.modRNN.training.training_loop][INFO] - 	 Starting Epoch: 460
[2026-05-04 20:08:22,880][src.modRNN.training.training_loop][INFO] - train epoch 460 loss 0.5437 accuracy 79.69%
[2026-05-04 20:08:22,881][src.modRNN.training.training_loop][INFO] - 	 Starting Epoch: 461
[2026-05-04 20:08:23,979][src.modRNN.training.training_loop][INFO] - train epoch 461 loss 0.5464 accuracy 76.56%
[2026-05-04 20:08:23,982][src.modRNN.training.training_loop][INFO] - 	 Starting Epoch: 462
[2026-05-04 20:08:25,116][src.modRNN.training.training_loop][INFO] - train epoch 462 loss 0.5287 accuracy 81.25%
[2026-05-04 20:08:25,118][src.modRNN.training.training_loop][INFO] - 	 Starting Epoch: 463
[2026-05-04 20:08:26,192][src.modRNN.training.training_loop][INFO] - train epoch 463 loss 0.5751 accuracy 73.44%
[2026-05-04 20:08:26,194][src.modRNN.training.training_loop][INFO] - 	 Starting Epoch: 464
[2026-05-04 20:08:27,276][src.modRNN.training.training_loop][INFO] - train epoch 464 loss 0.5016 accuracy 81.25%
[2026-05-04 20:08:27,278][src.modRNN.training.training_loop][INFO] - 	 Starting Epoch: 465
[2026-05-04 20:08:28,350][src.modRNN.training.training_loop][INFO] - train epoch 465 loss 0.5198 accuracy 81.25%
[2026-05-04 20:08:28,351][src.modRNN.training.training_loop][INFO] - 	 Starting Epoch: 466
[2026-05-04 20:08:29,429][src.modRNN.training.training_loop][INFO] - train epoch 466 loss 0.5832 accuracy 78.12%
[2026-05-04 20:08:29,430][src.modRNN.training.training_loop][INFO] - 	 Starting Epoch: 467
[2026-05-04 20:08:30,505][src.modRNN.training.training_loop][INFO] - train epoch 467 loss 0.5193 accuracy 76.56%
[2026-05-04 20:08:30,506][src.modRNN.training.training_loop][INFO] - 	 Starting Epoch: 468
[2026-05-04 20:08:31,585][src.modRNN.training.training_loop][INFO] - train epoch 468 loss 0.5295 accuracy 81.25%
[2026-05-04 20:08:31,586][src.modRNN.training.training_loop][INFO] - 	 Starting Epoch: 469
[2026-05-04 20:08:32,653][src.modRNN.training.training_loop][INFO] - train epoch 469 loss 0.5786 accuracy 71.88%
[2026-05-04 20:08:32,655][src.modRNN.training.training_loop][INFO] - 	 Starting Epoch: 470
[2026-05-04 20:08:33,727][src.modRNN.training.training_loop][INFO] - train epoch 470 loss 0.4919 accuracy 84.38%
[2026-05-04 20:08:33,728][src.modRNN.training.training_loop][INFO] - 	 Starting Epoch: 471
[2026-05-04 20:08:34,801][src.modRNN.training.training_loop][INFO] - train epoch 471 loss 0.5353 accuracy 81.25%
[2026-05-04 20:08:34,803][src.modRNN.training.training_loop][INFO] - 	 Starting Epoch: 472
[2026-05-04 20:08:35,871][src.modRNN.training.training_loop][INFO] - train epoch 472 loss 0.4909 accuracy 81.25%
[2026-05-04 20:08:35,872][src.modRNN.training.training_loop][INFO] - 	 Starting Epoch: 473
[2026-05-04 20:08:36,942][src.modRNN.training.training_loop][INFO] - train epoch 473 loss 0.5293 accuracy 84.38%
[2026-05-04 20:08:36,944][src.modRNN.training.training_loop][INFO] - 	 Starting Epoch: 474
[2026-05-04 20:08:38,012][src.modRNN.training.training_loop][INFO] - train epoch 474 loss 0.5497 accuracy 76.56%
[2026-05-04 20:08:38,014][src.modRNN.training.training_loop][INFO] - 	 Starting Epoch: 475
[2026-05-04 20:08:39,086][src.modRNN.training.training_loop][INFO] - train epoch 475 loss 0.5478 accuracy 81.25%
[2026-05-04 20:08:39,087][src.modRNN.training.training_loop][INFO] - 	 Starting Epoch: 476
[2026-05-04 20:08:40,155][src.modRNN.training.training_loop][INFO] - train epoch 476 loss 0.5151 accuracy 81.25%
[2026-05-04 20:08:42,302][src.modRNN.training.training_loop][INFO] - eval  epoch 476 loss 0.5405 accuracy 79.49%
[2026-05-04 20:08:42,303][src.modRNN.training.training_loop][INFO] - 	 Starting Epoch: 477
[2026-05-04 20:08:43,375][src.modRNN.training.training_loop][INFO] - train epoch 477 loss 0.5673 accuracy 78.12%
[2026-05-04 20:08:43,377][src.modRNN.training.training_loop][INFO] - 	 Starting Epoch: 478
[2026-05-04 20:08:44,442][src.modRNN.training.training_loop][INFO] - train epoch 478 loss 0.5900 accuracy 67.19%
[2026-05-04 20:08:44,443][src.modRNN.training.training_loop][INFO] - 	 Starting Epoch: 479
[2026-05-04 20:08:45,521][src.modRNN.training.training_loop][INFO] - train epoch 479 loss 0.5749 accuracy 79.69%
[2026-05-04 20:08:45,523][src.modRNN.training.training_loop][INFO] - 	 Starting Epoch: 480
[2026-05-04 20:08:46,592][src.modRNN.training.training_loop][INFO] - train epoch 480 loss 0.5176 accuracy 79.69%
[2026-05-04 20:08:46,593][src.modRNN.training.training_loop][INFO] - 	 Starting Epoch: 481
[2026-05-04 20:08:47,660][src.modRNN.training.training_loop][INFO] - train epoch 481 loss 0.5002 accuracy 82.81%
[2026-05-04 20:08:47,662][src.modRNN.training.training_loop][INFO] - 	 Starting Epoch: 482
[2026-05-04 20:08:48,734][src.modRNN.training.training_loop][INFO] - train epoch 482 loss 0.5302 accuracy 81.25%
[2026-05-04 20:08:48,736][src.modRNN.training.training_loop][INFO] - 	 Starting Epoch: 483
[2026-05-04 20:08:49,804][src.modRNN.training.training_loop][INFO] - train epoch 483 loss 0.4945 accuracy 85.94%
[2026-05-04 20:08:49,806][src.modRNN.training.training_loop][INFO] - 	 Starting Epoch: 484
[2026-05-04 20:08:50,873][src.modRNN.training.training_loop][INFO] - train epoch 484 loss 0.5103 accuracy 81.25%
[2026-05-04 20:08:50,874][src.modRNN.training.training_loop][INFO] - 	 Starting Epoch: 485
[2026-05-04 20:08:51,944][src.modRNN.training.training_loop][INFO] - train epoch 485 loss 0.5056 accuracy 85.94%
[2026-05-04 20:08:51,945][src.modRNN.training.training_loop][INFO] - 	 Starting Epoch: 486
[2026-05-04 20:08:53,015][src.modRNN.training.training_loop][INFO] - train epoch 486 loss 0.5254 accuracy 84.38%
[2026-05-04 20:08:53,016][src.modRNN.training.training_loop][INFO] - 	 Starting Epoch: 487
[2026-05-04 20:08:54,089][src.modRNN.training.training_loop][INFO] - train epoch 487 loss 0.4756 accuracy 85.94%
[2026-05-04 20:08:54,091][src.modRNN.training.training_loop][INFO] - 	 Starting Epoch: 488
[2026-05-04 20:08:55,165][src.modRNN.training.training_loop][INFO] - train epoch 488 loss 0.5353 accuracy 81.25%
[2026-05-04 20:08:55,167][src.modRNN.training.training_loop][INFO] - 	 Starting Epoch: 489
[2026-05-04 20:08:56,236][src.modRNN.training.training_loop][INFO] - train epoch 489 loss 0.4943 accuracy 81.25%
[2026-05-04 20:08:56,238][src.modRNN.training.training_loop][INFO] - 	 Starting Epoch: 490
[2026-05-04 20:08:57,305][src.modRNN.training.training_loop][INFO] - train epoch 490 loss 0.5148 accuracy 75.00%
[2026-05-04 20:08:57,306][src.modRNN.training.training_loop][INFO] - 	 Starting Epoch: 491
[2026-05-04 20:08:58,378][src.modRNN.training.training_loop][INFO] - train epoch 491 loss 0.5244 accuracy 78.12%
[2026-05-04 20:08:58,379][src.modRNN.training.training_loop][INFO] - 	 Starting Epoch: 492
[2026-05-04 20:08:59,446][src.modRNN.training.training_loop][INFO] - train epoch 492 loss 0.4964 accuracy 82.81%
[2026-05-04 20:08:59,448][src.modRNN.training.training_loop][INFO] - 	 Starting Epoch: 493
[2026-05-04 20:09:00,523][src.modRNN.training.training_loop][INFO] - train epoch 493 loss 0.5125 accuracy 81.25%
[2026-05-04 20:09:00,525][src.modRNN.training.training_loop][INFO] - 	 Starting Epoch: 494
[2026-05-04 20:09:01,599][src.modRNN.training.training_loop][INFO] - train epoch 494 loss 0.5288 accuracy 79.69%
[2026-05-04 20:09:01,601][src.modRNN.training.training_loop][INFO] - 	 Starting Epoch: 495
[2026-05-04 20:09:02,685][src.modRNN.training.training_loop][INFO] - train epoch 495 loss 0.5565 accuracy 76.56%
[2026-05-04 20:09:02,686][src.modRNN.training.training_loop][INFO] - 	 Starting Epoch: 496
[2026-05-04 20:09:03,768][src.modRNN.training.training_loop][INFO] - train epoch 496 loss 0.5053 accuracy 81.25%
[2026-05-04 20:09:03,769][src.modRNN.training.training_loop][INFO] - 	 Starting Epoch: 497
[2026-05-04 20:09:04,852][src.modRNN.training.training_loop][INFO] - train epoch 497 loss 0.5089 accuracy 81.25%
[2026-05-04 20:09:04,854][src.modRNN.training.training_loop][INFO] - 	 Starting Epoch: 498
[2026-05-04 20:09:05,928][src.modRNN.training.training_loop][INFO] - train epoch 498 loss 0.5424 accuracy 79.69%
[2026-05-04 20:09:05,929][src.modRNN.training.training_loop][INFO] - 	 Starting Epoch: 499
[2026-05-04 20:09:07,012][src.modRNN.training.training_loop][INFO] - train epoch 499 loss 0.5613 accuracy 81.25%
[2026-05-04 20:09:07,014][src.modRNN.training.training_loop][INFO] - 	 Starting Epoch: 500
[2026-05-04 20:09:08,088][src.modRNN.training.training_loop][INFO] - train epoch 500 loss 0.5077 accuracy 82.81%
[2026-05-04 20:09:08,090][src.modRNN.training.training_loop][INFO] - 	 Starting Epoch: 501
[2026-05-04 20:09:09,163][src.modRNN.training.training_loop][INFO] - train epoch 501 loss 0.4818 accuracy 85.94%
[2026-05-04 20:09:11,316][src.modRNN.training.training_loop][INFO] - eval  epoch 501 loss 0.5105 accuracy 81.25%
[2026-05-04 20:09:11,318][src.modRNN.training.training_loop][INFO] - 	 Starting Epoch: 502
[2026-05-04 20:09:12,392][src.modRNN.training.training_loop][INFO] - train epoch 502 loss 0.5146 accuracy 82.81%
[2026-05-04 20:09:12,393][src.modRNN.training.training_loop][INFO] - 	 Starting Epoch: 503
[2026-05-04 20:09:13,464][src.modRNN.training.training_loop][INFO] - train epoch 503 loss 0.5291 accuracy 81.25%
[2026-05-04 20:09:13,466][src.modRNN.training.training_loop][INFO] - 	 Starting Epoch: 504
[2026-05-04 20:09:14,541][src.modRNN.training.training_loop][INFO] - train epoch 504 loss 0.5094 accuracy 81.25%
[2026-05-04 20:09:14,543][src.modRNN.training.training_loop][INFO] - 	 Starting Epoch: 505
[2026-05-04 20:09:15,617][src.modRNN.training.training_loop][INFO] - train epoch 505 loss 0.6033 accuracy 68.75%
[2026-05-04 20:09:15,618][src.modRNN.training.training_loop][INFO] - 	 Starting Epoch: 506
[2026-05-04 20:09:16,695][src.modRNN.training.training_loop][INFO] - train epoch 506 loss 0.5427 accuracy 76.56%
[2026-05-04 20:09:16,697][src.modRNN.training.training_loop][INFO] - 	 Starting Epoch: 507
[2026-05-04 20:09:17,769][src.modRNN.training.training_loop][INFO] - train epoch 507 loss 0.6125 accuracy 67.19%
[2026-05-04 20:09:17,771][src.modRNN.training.training_loop][INFO] - 	 Starting Epoch: 508
[2026-05-04 20:09:18,851][src.modRNN.training.training_loop][INFO] - train epoch 508 loss 0.5050 accuracy 82.81%
[2026-05-04 20:09:18,853][src.modRNN.training.training_loop][INFO] - 	 Starting Epoch: 509
[2026-05-04 20:09:19,923][src.modRNN.training.training_loop][INFO] - train epoch 509 loss 0.5456 accuracy 79.69%
[2026-05-04 20:09:19,925][src.modRNN.training.training_loop][INFO] - 	 Starting Epoch: 510
[2026-05-04 20:09:21,001][src.modRNN.training.training_loop][INFO] - train epoch 510 loss 0.5198 accuracy 79.69%
[2026-05-04 20:09:21,002][src.modRNN.training.training_loop][INFO] - 	 Starting Epoch: 511
[2026-05-04 20:09:22,082][src.modRNN.training.training_loop][INFO] - train epoch 511 loss 0.4611 accuracy 85.94%
[2026-05-04 20:09:22,084][src.modRNN.training.training_loop][INFO] - 	 Starting Epoch: 512
[2026-05-04 20:09:23,160][src.modRNN.training.training_loop][INFO] - train epoch 512 loss 0.6039 accuracy 76.56%
[2026-05-04 20:09:23,161][src.modRNN.training.training_loop][INFO] - 	 Starting Epoch: 513
[2026-05-04 20:09:24,252][src.modRNN.training.training_loop][INFO] - train epoch 513 loss 0.4688 accuracy 87.50%
[2026-05-04 20:09:24,255][src.modRNN.training.training_loop][INFO] - 	 Starting Epoch: 514
[2026-05-04 20:09:25,378][src.modRNN.training.training_loop][INFO] - train epoch 514 loss 0.5356 accuracy 76.56%
[2026-05-04 20:09:25,380][src.modRNN.training.training_loop][INFO] - 	 Starting Epoch: 515
[2026-05-04 20:09:26,453][src.modRNN.training.training_loop][INFO] - train epoch 515 loss 0.5394 accuracy 73.44%
[2026-05-04 20:09:26,455][src.modRNN.training.training_loop][INFO] - 	 Starting Epoch: 516
[2026-05-04 20:09:27,536][src.modRNN.training.training_loop][INFO] - train epoch 516 loss 0.4982 accuracy 81.25%
[2026-05-04 20:09:27,538][src.modRNN.training.training_loop][INFO] - 	 Starting Epoch: 517
[2026-05-04 20:09:28,620][src.modRNN.training.training_loop][INFO] - train epoch 517 loss 0.5721 accuracy 73.44%
[2026-05-04 20:09:28,621][src.modRNN.training.training_loop][INFO] - 	 Starting Epoch: 518
[2026-05-04 20:09:29,696][src.modRNN.training.training_loop][INFO] - train epoch 518 loss 0.5082 accuracy 79.69%
[2026-05-04 20:09:29,697][src.modRNN.training.training_loop][INFO] - 	 Starting Epoch: 519
[2026-05-04 20:09:30,774][src.modRNN.training.training_loop][INFO] - train epoch 519 loss 0.4846 accuracy 87.50%
[2026-05-04 20:09:30,776][src.modRNN.training.training_loop][INFO] - 	 Starting Epoch: 520
[2026-05-04 20:09:31,848][src.modRNN.training.training_loop][INFO] - train epoch 520 loss 0.5803 accuracy 73.44%
[2026-05-04 20:09:31,849][src.modRNN.training.training_loop][INFO] - 	 Starting Epoch: 521
[2026-05-04 20:09:32,919][src.modRNN.training.training_loop][INFO] - train epoch 521 loss 0.4790 accuracy 87.50%
[2026-05-04 20:09:32,920][src.modRNN.training.training_loop][INFO] - 	 Starting Epoch: 522
[2026-05-04 20:09:33,988][src.modRNN.training.training_loop][INFO] - train epoch 522 loss 0.5636 accuracy 73.44%
[2026-05-04 20:09:33,989][src.modRNN.training.training_loop][INFO] - 	 Starting Epoch: 523
[2026-05-04 20:09:35,060][src.modRNN.training.training_loop][INFO] - train epoch 523 loss 0.4897 accuracy 84.38%
[2026-05-04 20:09:35,062][src.modRNN.training.training_loop][INFO] - 	 Starting Epoch: 524
[2026-05-04 20:09:36,128][src.modRNN.training.training_loop][INFO] - train epoch 524 loss 0.4994 accuracy 79.69%
[2026-05-04 20:09:36,129][src.modRNN.training.training_loop][INFO] - 	 Starting Epoch: 525
[2026-05-04 20:09:37,194][src.modRNN.training.training_loop][INFO] - train epoch 525 loss 0.4801 accuracy 84.38%
[2026-05-04 20:09:37,196][src.modRNN.training.training_loop][INFO] - 	 Starting Epoch: 526
[2026-05-04 20:09:38,263][src.modRNN.training.training_loop][INFO] - train epoch 526 loss 0.4855 accuracy 85.94%
[2026-05-04 20:09:40,415][src.modRNN.training.training_loop][INFO] - eval  epoch 526 loss 0.5166 accuracy 81.64%
[2026-05-04 20:09:40,416][src.modRNN.training.training_loop][INFO] - 	 Starting Epoch: 527
[2026-05-04 20:09:41,480][src.modRNN.training.training_loop][INFO] - train epoch 527 loss 0.5097 accuracy 84.38%
[2026-05-04 20:09:41,481][src.modRNN.training.training_loop][INFO] - 	 Starting Epoch: 528
[2026-05-04 20:09:42,547][src.modRNN.training.training_loop][INFO] - train epoch 528 loss 0.4958 accuracy 84.38%
[2026-05-04 20:09:42,549][src.modRNN.training.training_loop][INFO] - 	 Starting Epoch: 529
[2026-05-04 20:09:43,616][src.modRNN.training.training_loop][INFO] - train epoch 529 loss 0.4593 accuracy 84.38%
[2026-05-04 20:09:43,617][src.modRNN.training.training_loop][INFO] - 	 Starting Epoch: 530
[2026-05-04 20:09:44,689][src.modRNN.training.training_loop][INFO] - train epoch 530 loss 0.5825 accuracy 75.00%
[2026-05-04 20:09:44,690][src.modRNN.training.training_loop][INFO] - 	 Starting Epoch: 531
[2026-05-04 20:09:45,758][src.modRNN.training.training_loop][INFO] - train epoch 531 loss 0.4765 accuracy 82.81%
[2026-05-04 20:09:45,759][src.modRNN.training.training_loop][INFO] - 	 Starting Epoch: 532
[2026-05-04 20:09:46,825][src.modRNN.training.training_loop][INFO] - train epoch 532 loss 0.5450 accuracy 75.00%
[2026-05-04 20:09:46,827][src.modRNN.training.training_loop][INFO] - 	 Starting Epoch: 533
[2026-05-04 20:09:47,896][src.modRNN.training.training_loop][INFO] - train epoch 533 loss 0.4584 accuracy 81.25%
[2026-05-04 20:09:47,897][src.modRNN.training.training_loop][INFO] - 	 Starting Epoch: 534
[2026-05-04 20:09:48,968][src.modRNN.training.training_loop][INFO] - train epoch 534 loss 0.4943 accuracy 81.25%
[2026-05-04 20:09:48,969][src.modRNN.training.training_loop][INFO] - 	 Starting Epoch: 535
[2026-05-04 20:09:50,035][src.modRNN.training.training_loop][INFO] - train epoch 535 loss 0.5055 accuracy 82.81%
[2026-05-04 20:09:50,036][src.modRNN.training.training_loop][INFO] - 	 Starting Epoch: 536
[2026-05-04 20:09:51,104][src.modRNN.training.training_loop][INFO] - train epoch 536 loss 0.4390 accuracy 89.06%
[2026-05-04 20:09:51,105][src.modRNN.training.training_loop][INFO] - 	 Starting Epoch: 537
[2026-05-04 20:09:52,178][src.modRNN.training.training_loop][INFO] - train epoch 537 loss 0.5267 accuracy 81.25%
[2026-05-04 20:09:52,180][src.modRNN.training.training_loop][INFO] - 	 Starting Epoch: 538
[2026-05-04 20:09:53,244][src.modRNN.training.training_loop][INFO] - train epoch 538 loss 0.5217 accuracy 81.25%
[2026-05-04 20:09:53,246][src.modRNN.training.training_loop][INFO] - 	 Starting Epoch: 539
[2026-05-04 20:09:54,316][src.modRNN.training.training_loop][INFO] - train epoch 539 loss 0.4780 accuracy 85.94%
[2026-05-04 20:09:54,318][src.modRNN.training.training_loop][INFO] - 	 Starting Epoch: 540
[2026-05-04 20:09:55,385][src.modRNN.training.training_loop][INFO] - train epoch 540 loss 0.5690 accuracy 75.00%
[2026-05-04 20:09:55,386][src.modRNN.training.training_loop][INFO] - 	 Starting Epoch: 541
[2026-05-04 20:09:56,453][src.modRNN.training.training_loop][INFO] - train epoch 541 loss 0.4860 accuracy 84.38%
[2026-05-04 20:09:56,455][src.modRNN.training.training_loop][INFO] - 	 Starting Epoch: 542
[2026-05-04 20:09:57,522][src.modRNN.training.training_loop][INFO] - train epoch 542 loss 0.4664 accuracy 85.94%
[2026-05-04 20:09:57,523][src.modRNN.training.training_loop][INFO] - 	 Starting Epoch: 543
[2026-05-04 20:09:58,595][src.modRNN.training.training_loop][INFO] - train epoch 543 loss 0.5755 accuracy 70.31%
[2026-05-04 20:09:58,597][src.modRNN.training.training_loop][INFO] - 	 Starting Epoch: 544
[2026-05-04 20:09:59,663][src.modRNN.training.training_loop][INFO] - train epoch 544 loss 0.5003 accuracy 84.38%
[2026-05-04 20:09:59,665][src.modRNN.training.training_loop][INFO] - 	 Starting Epoch: 545
[2026-05-04 20:10:00,739][src.modRNN.training.training_loop][INFO] - train epoch 545 loss 0.5399 accuracy 75.00%
[2026-05-04 20:10:00,740][src.modRNN.training.training_loop][INFO] - 	 Starting Epoch: 546
[2026-05-04 20:10:01,818][src.modRNN.training.training_loop][INFO] - train epoch 546 loss 0.5494 accuracy 76.56%
[2026-05-04 20:10:01,819][src.modRNN.training.training_loop][INFO] - 	 Starting Epoch: 547
[2026-05-04 20:10:02,904][src.modRNN.training.training_loop][INFO] - train epoch 547 loss 0.5696 accuracy 73.44%
[2026-05-04 20:10:02,906][src.modRNN.training.training_loop][INFO] - 	 Starting Epoch: 548
[2026-05-04 20:10:03,980][src.modRNN.training.training_loop][INFO] - train epoch 548 loss 0.4909 accuracy 87.50%
[2026-05-04 20:10:03,981][src.modRNN.training.training_loop][INFO] - 	 Starting Epoch: 549
[2026-05-04 20:10:05,060][src.modRNN.training.training_loop][INFO] - train epoch 549 loss 0.4916 accuracy 81.25%
[2026-05-04 20:10:05,062][src.modRNN.training.training_loop][INFO] - 	 Starting Epoch: 550
[2026-05-04 20:10:06,141][src.modRNN.training.training_loop][INFO] - train epoch 550 loss 0.5517 accuracy 76.56%
[2026-05-04 20:10:06,143][src.modRNN.training.training_loop][INFO] - 	 Starting Epoch: 551
[2026-05-04 20:10:07,215][src.modRNN.training.training_loop][INFO] - train epoch 551 loss 0.5226 accuracy 76.56%
[2026-05-04 20:10:09,368][src.modRNN.training.training_loop][INFO] - eval  epoch 551 loss 0.4912 accuracy 82.81%
[2026-05-04 20:10:09,370][src.modRNN.training.training_loop][INFO] - 	 Starting Epoch: 552
[2026-05-04 20:10:10,444][src.modRNN.training.training_loop][INFO] - train epoch 552 loss 0.4866 accuracy 85.94%
[2026-05-04 20:10:10,445][src.modRNN.training.training_loop][INFO] - 	 Starting Epoch: 553
[2026-05-04 20:10:11,523][src.modRNN.training.training_loop][INFO] - train epoch 553 loss 0.4878 accuracy 82.81%
[2026-05-04 20:10:11,524][src.modRNN.training.training_loop][INFO] - 	 Starting Epoch: 554
[2026-05-04 20:10:12,605][src.modRNN.training.training_loop][INFO] - train epoch 554 loss 0.5520 accuracy 76.56%
[2026-05-04 20:10:12,606][src.modRNN.training.training_loop][INFO] - 	 Starting Epoch: 555
[2026-05-04 20:10:13,683][src.modRNN.training.training_loop][INFO] - train epoch 555 loss 0.5604 accuracy 73.44%
[2026-05-04 20:10:13,685][src.modRNN.training.training_loop][INFO] - 	 Starting Epoch: 556
[2026-05-04 20:10:14,765][src.modRNN.training.training_loop][INFO] - train epoch 556 loss 0.5245 accuracy 78.12%
[2026-05-04 20:10:14,766][src.modRNN.training.training_loop][INFO] - 	 Starting Epoch: 557
[2026-05-04 20:10:15,844][src.modRNN.training.training_loop][INFO] - train epoch 557 loss 0.5395 accuracy 78.12%
[2026-05-04 20:10:15,846][src.modRNN.training.training_loop][INFO] - 	 Starting Epoch: 558
[2026-05-04 20:10:16,927][src.modRNN.training.training_loop][INFO] - train epoch 558 loss 0.4889 accuracy 84.38%
[2026-05-04 20:10:16,929][src.modRNN.training.training_loop][INFO] - 	 Starting Epoch: 559
[2026-05-04 20:10:18,002][src.modRNN.training.training_loop][INFO] - train epoch 559 loss 0.4778 accuracy 82.81%
[2026-05-04 20:10:18,004][src.modRNN.training.training_loop][INFO] - 	 Starting Epoch: 560
[2026-05-04 20:10:19,080][src.modRNN.training.training_loop][INFO] - train epoch 560 loss 0.5176 accuracy 81.25%
[2026-05-04 20:10:19,082][src.modRNN.training.training_loop][INFO] - 	 Starting Epoch: 561
[2026-05-04 20:10:20,164][src.modRNN.training.training_loop][INFO] - train epoch 561 loss 0.4820 accuracy 81.25%
[2026-05-04 20:10:20,166][src.modRNN.training.training_loop][INFO] - 	 Starting Epoch: 562
[2026-05-04 20:10:21,245][src.modRNN.training.training_loop][INFO] - train epoch 562 loss 0.5266 accuracy 81.25%
[2026-05-04 20:10:21,247][src.modRNN.training.training_loop][INFO] - 	 Starting Epoch: 563
[2026-05-04 20:10:22,326][src.modRNN.training.training_loop][INFO] - train epoch 563 loss 0.5256 accuracy 82.81%
[2026-05-04 20:10:22,327][src.modRNN.training.training_loop][INFO] - 	 Starting Epoch: 564
[2026-05-04 20:10:23,409][src.modRNN.training.training_loop][INFO] - train epoch 564 loss 0.5053 accuracy 81.25%
[2026-05-04 20:10:23,410][src.modRNN.training.training_loop][INFO] - 	 Starting Epoch: 565
[2026-05-04 20:10:24,515][src.modRNN.training.training_loop][INFO] - train epoch 565 loss 0.4756 accuracy 82.81%
[2026-05-04 20:10:24,517][src.modRNN.training.training_loop][INFO] - 	 Starting Epoch: 566
[2026-05-04 20:10:25,619][src.modRNN.training.training_loop][INFO] - train epoch 566 loss 0.5140 accuracy 82.81%
[2026-05-04 20:10:25,620][src.modRNN.training.training_loop][INFO] - 	 Starting Epoch: 567
[2026-05-04 20:10:26,696][src.modRNN.training.training_loop][INFO] - train epoch 567 loss 0.5218 accuracy 79.69%
[2026-05-04 20:10:26,697][src.modRNN.training.training_loop][INFO] - 	 Starting Epoch: 568
[2026-05-04 20:10:27,776][src.modRNN.training.training_loop][INFO] - train epoch 568 loss 0.5018 accuracy 79.69%
[2026-05-04 20:10:27,777][src.modRNN.training.training_loop][INFO] - 	 Starting Epoch: 569
[2026-05-04 20:10:28,858][src.modRNN.training.training_loop][INFO] - train epoch 569 loss 0.5497 accuracy 70.31%
[2026-05-04 20:10:28,860][src.modRNN.training.training_loop][INFO] - 	 Starting Epoch: 570
[2026-05-04 20:10:29,940][src.modRNN.training.training_loop][INFO] - train epoch 570 loss 0.5196 accuracy 79.69%
[2026-05-04 20:10:29,942][src.modRNN.training.training_loop][INFO] - 	 Starting Epoch: 571
[2026-05-04 20:10:31,018][src.modRNN.training.training_loop][INFO] - train epoch 571 loss 0.4657 accuracy 87.50%
[2026-05-04 20:10:31,019][src.modRNN.training.training_loop][INFO] - 	 Starting Epoch: 572
[2026-05-04 20:10:32,092][src.modRNN.training.training_loop][INFO] - train epoch 572 loss 0.4711 accuracy 85.94%
[2026-05-04 20:10:32,093][src.modRNN.training.training_loop][INFO] - 	 Starting Epoch: 573
[2026-05-04 20:10:33,161][src.modRNN.training.training_loop][INFO] - train epoch 573 loss 0.5171 accuracy 78.12%
[2026-05-04 20:10:33,162][src.modRNN.training.training_loop][INFO] - 	 Starting Epoch: 574
[2026-05-04 20:10:34,241][src.modRNN.training.training_loop][INFO] - train epoch 574 loss 0.5879 accuracy 71.88%
[2026-05-04 20:10:34,242][src.modRNN.training.training_loop][INFO] - 	 Starting Epoch: 575
[2026-05-04 20:10:35,308][src.modRNN.training.training_loop][INFO] - train epoch 575 loss 0.4813 accuracy 85.94%
[2026-05-04 20:10:35,310][src.modRNN.training.training_loop][INFO] - 	 Starting Epoch: 576
[2026-05-04 20:10:36,383][src.modRNN.training.training_loop][INFO] - train epoch 576 loss 0.5081 accuracy 84.38%
[2026-05-04 20:10:38,533][src.modRNN.training.training_loop][INFO] - eval  epoch 576 loss 0.5198 accuracy 81.05%
[2026-05-04 20:10:38,535][src.modRNN.training.training_loop][INFO] - 	 Starting Epoch: 577
[2026-05-04 20:10:39,610][src.modRNN.training.training_loop][INFO] - train epoch 577 loss 0.5305 accuracy 78.12%
[2026-05-04 20:10:39,612][src.modRNN.training.training_loop][INFO] - 	 Starting Epoch: 578
[2026-05-04 20:10:40,680][src.modRNN.training.training_loop][INFO] - train epoch 578 loss 0.5601 accuracy 73.44%
[2026-05-04 20:10:40,682][src.modRNN.training.training_loop][INFO] - 	 Starting Epoch: 579
[2026-05-04 20:10:41,757][src.modRNN.training.training_loop][INFO] - train epoch 579 loss 0.5059 accuracy 81.25%
[2026-05-04 20:10:41,758][src.modRNN.training.training_loop][INFO] - 	 Starting Epoch: 580
[2026-05-04 20:10:42,829][src.modRNN.training.training_loop][INFO] - train epoch 580 loss 0.5941 accuracy 76.56%
[2026-05-04 20:10:42,830][src.modRNN.training.training_loop][INFO] - 	 Starting Epoch: 581
[2026-05-04 20:10:43,904][src.modRNN.training.training_loop][INFO] - train epoch 581 loss 0.4609 accuracy 85.94%
[2026-05-04 20:10:43,905][src.modRNN.training.training_loop][INFO] - 	 Starting Epoch: 582
[2026-05-04 20:10:44,976][src.modRNN.training.training_loop][INFO] - train epoch 582 loss 0.4454 accuracy 85.94%
[2026-05-04 20:10:44,978][src.modRNN.training.training_loop][INFO] - 	 Starting Epoch: 583
[2026-05-04 20:10:46,048][src.modRNN.training.training_loop][INFO] - train epoch 583 loss 0.5078 accuracy 81.25%
[2026-05-04 20:10:46,049][src.modRNN.training.training_loop][INFO] - 	 Starting Epoch: 584
[2026-05-04 20:10:47,121][src.modRNN.training.training_loop][INFO] - train epoch 584 loss 0.5318 accuracy 76.56%
[2026-05-04 20:10:47,122][src.modRNN.training.training_loop][INFO] - 	 Starting Epoch: 585
[2026-05-04 20:10:48,192][src.modRNN.training.training_loop][INFO] - train epoch 585 loss 0.4385 accuracy 87.50%
[2026-05-04 20:10:48,193][src.modRNN.training.training_loop][INFO] - 	 Starting Epoch: 586
[2026-05-04 20:10:49,268][src.modRNN.training.training_loop][INFO] - train epoch 586 loss 0.4836 accuracy 81.25%
[2026-05-04 20:10:49,269][src.modRNN.training.training_loop][INFO] - 	 Starting Epoch: 587
[2026-05-04 20:10:50,348][src.modRNN.training.training_loop][INFO] - train epoch 587 loss 0.5181 accuracy 81.25%
[2026-05-04 20:10:50,349][src.modRNN.training.training_loop][INFO] - 	 Starting Epoch: 588
[2026-05-04 20:10:51,421][src.modRNN.training.training_loop][INFO] - train epoch 588 loss 0.4626 accuracy 89.06%
[2026-05-04 20:10:51,423][src.modRNN.training.training_loop][INFO] - 	 Starting Epoch: 589
[2026-05-04 20:10:52,493][src.modRNN.training.training_loop][INFO] - train epoch 589 loss 0.4979 accuracy 85.94%
[2026-05-04 20:10:52,495][src.modRNN.training.training_loop][INFO] - 	 Starting Epoch: 590
[2026-05-04 20:10:53,561][src.modRNN.training.training_loop][INFO] - train epoch 590 loss 0.5147 accuracy 78.12%
[2026-05-04 20:10:53,562][src.modRNN.training.training_loop][INFO] - 	 Starting Epoch: 591
[2026-05-04 20:10:54,633][src.modRNN.training.training_loop][INFO] - train epoch 591 loss 0.4870 accuracy 85.94%
[2026-05-04 20:10:54,634][src.modRNN.training.training_loop][INFO] - 	 Starting Epoch: 592
[2026-05-04 20:10:55,705][src.modRNN.training.training_loop][INFO] - train epoch 592 loss 0.5407 accuracy 78.12%
[2026-05-04 20:10:55,707][src.modRNN.training.training_loop][INFO] - 	 Starting Epoch: 593
[2026-05-04 20:10:56,785][src.modRNN.training.training_loop][INFO] - train epoch 593 loss 0.4819 accuracy 84.38%
[2026-05-04 20:10:56,787][src.modRNN.training.training_loop][INFO] - 	 Starting Epoch: 594
[2026-05-04 20:10:57,857][src.modRNN.training.training_loop][INFO] - train epoch 594 loss 0.5220 accuracy 73.44%
[2026-05-04 20:10:57,859][src.modRNN.training.training_loop][INFO] - 	 Starting Epoch: 595
[2026-05-04 20:10:58,928][src.modRNN.training.training_loop][INFO] - train epoch 595 loss 0.5490 accuracy 78.12%
[2026-05-04 20:10:58,929][src.modRNN.training.training_loop][INFO] - 	 Starting Epoch: 596
[2026-05-04 20:11:00,004][src.modRNN.training.training_loop][INFO] - train epoch 596 loss 0.5397 accuracy 78.12%
[2026-05-04 20:11:00,005][src.modRNN.training.training_loop][INFO] - 	 Starting Epoch: 597
[2026-05-04 20:11:01,074][src.modRNN.training.training_loop][INFO] - train epoch 597 loss 0.4742 accuracy 85.94%
[2026-05-04 20:11:01,076][src.modRNN.training.training_loop][INFO] - 	 Starting Epoch: 598
[2026-05-04 20:11:02,160][src.modRNN.training.training_loop][INFO] - train epoch 598 loss 0.4781 accuracy 85.94%
[2026-05-04 20:11:02,161][src.modRNN.training.training_loop][INFO] - 	 Starting Epoch: 599
[2026-05-04 20:11:03,241][src.modRNN.training.training_loop][INFO] - train epoch 599 loss 0.5397 accuracy 75.00%
[2026-05-04 20:11:03,242][src.modRNN.training.training_loop][INFO] - 	 Starting Epoch: 600
[2026-05-04 20:11:04,321][src.modRNN.training.training_loop][INFO] - train epoch 600 loss 0.4641 accuracy 82.81%
[2026-05-04 20:11:04,323][src.modRNN.training.training_loop][INFO] - 	 Starting Epoch: 601
[2026-05-04 20:11:05,402][src.modRNN.training.training_loop][INFO] - train epoch 601 loss 0.5454 accuracy 78.12%
[2026-05-04 20:11:07,552][src.modRNN.training.training_loop][INFO] - eval  epoch 601 loss 0.4757 accuracy 83.79%
[2026-05-04 20:11:07,553][src.modRNN.training.training_loop][INFO] - 	 Starting Epoch: 602
[2026-05-04 20:11:08,629][src.modRNN.training.training_loop][INFO] - train epoch 602 loss 0.5265 accuracy 82.81%
[2026-05-04 20:11:08,630][src.modRNN.training.training_loop][INFO] - 	 Starting Epoch: 603
[2026-05-04 20:11:09,701][src.modRNN.training.training_loop][INFO] - train epoch 603 loss 0.4785 accuracy 85.94%
[2026-05-04 20:11:09,702][src.modRNN.training.training_loop][INFO] - 	 Starting Epoch: 604
[2026-05-04 20:11:10,786][src.modRNN.training.training_loop][INFO] - train epoch 604 loss 0.4947 accuracy 85.94%
[2026-05-04 20:11:10,788][src.modRNN.training.training_loop][INFO] - 	 Starting Epoch: 605
[2026-05-04 20:11:11,868][src.modRNN.training.training_loop][INFO] - train epoch 605 loss 0.4797 accuracy 81.25%
[2026-05-04 20:11:11,869][src.modRNN.training.training_loop][INFO] - 	 Starting Epoch: 606
[2026-05-04 20:11:12,961][src.modRNN.training.training_loop][INFO] - train epoch 606 loss 0.4582 accuracy 82.81%
[2026-05-04 20:11:12,963][src.modRNN.training.training_loop][INFO] - 	 Starting Epoch: 607
[2026-05-04 20:11:14,041][src.modRNN.training.training_loop][INFO] - train epoch 607 loss 0.5291 accuracy 79.69%
[2026-05-04 20:11:14,043][src.modRNN.training.training_loop][INFO] - 	 Starting Epoch: 608
[2026-05-04 20:11:15,116][src.modRNN.training.training_loop][INFO] - train epoch 608 loss 0.4070 accuracy 89.06%
[2026-05-04 20:11:15,118][src.modRNN.training.training_loop][INFO] - 	 Starting Epoch: 609
[2026-05-04 20:11:16,194][src.modRNN.training.training_loop][INFO] - train epoch 609 loss 0.5245 accuracy 82.81%
[2026-05-04 20:11:16,196][src.modRNN.training.training_loop][INFO] - 	 Starting Epoch: 610
[2026-05-04 20:11:17,277][src.modRNN.training.training_loop][INFO] - train epoch 610 loss 0.5366 accuracy 78.12%
[2026-05-04 20:11:17,279][src.modRNN.training.training_loop][INFO] - 	 Starting Epoch: 611
[2026-05-04 20:11:18,361][src.modRNN.training.training_loop][INFO] - train epoch 611 loss 0.4400 accuracy 84.38%
[2026-05-04 20:11:18,362][src.modRNN.training.training_loop][INFO] - 	 Starting Epoch: 612
[2026-05-04 20:11:19,448][src.modRNN.training.training_loop][INFO] - train epoch 612 loss 0.5000 accuracy 85.94%
[2026-05-04 20:11:19,450][src.modRNN.training.training_loop][INFO] - 	 Starting Epoch: 613
[2026-05-04 20:11:20,529][src.modRNN.training.training_loop][INFO] - train epoch 613 loss 0.4028 accuracy 90.62%
[2026-05-04 20:11:20,531][src.modRNN.training.training_loop][INFO] - 	 Starting Epoch: 614
[2026-05-04 20:11:21,611][src.modRNN.training.training_loop][INFO] - train epoch 614 loss 0.5204 accuracy 76.56%
[2026-05-04 20:11:21,613][src.modRNN.training.training_loop][INFO] - 	 Starting Epoch: 615
[2026-05-04 20:11:22,689][src.modRNN.training.training_loop][INFO] - train epoch 615 loss 0.5134 accuracy 76.56%
[2026-05-04 20:11:22,691][src.modRNN.training.training_loop][INFO] - 	 Starting Epoch: 616
[2026-05-04 20:11:23,773][src.modRNN.training.training_loop][INFO] - train epoch 616 loss 0.5035 accuracy 79.69%
[2026-05-04 20:11:23,775][src.modRNN.training.training_loop][INFO] - 	 Starting Epoch: 617
[2026-05-04 20:11:24,906][src.modRNN.training.training_loop][INFO] - train epoch 617 loss 0.5244 accuracy 79.69%
[2026-05-04 20:11:24,908][src.modRNN.training.training_loop][INFO] - 	 Starting Epoch: 618
[2026-05-04 20:11:26,023][src.modRNN.training.training_loop][INFO] - train epoch 618 loss 0.5834 accuracy 75.00%
[2026-05-04 20:11:26,024][src.modRNN.training.training_loop][INFO] - 	 Starting Epoch: 619
[2026-05-04 20:11:27,109][src.modRNN.training.training_loop][INFO] - train epoch 619 loss 0.4265 accuracy 89.06%
[2026-05-04 20:11:27,110][src.modRNN.training.training_loop][INFO] - 	 Starting Epoch: 620
[2026-05-04 20:11:28,191][src.modRNN.training.training_loop][INFO] - train epoch 620 loss 0.4818 accuracy 79.69%
[2026-05-04 20:11:28,192][src.modRNN.training.training_loop][INFO] - 	 Starting Epoch: 621
[2026-05-04 20:11:29,270][src.modRNN.training.training_loop][INFO] - train epoch 621 loss 0.4202 accuracy 90.62%
[2026-05-04 20:11:29,271][src.modRNN.training.training_loop][INFO] - 	 Starting Epoch: 622
[2026-05-04 20:11:30,353][src.modRNN.training.training_loop][INFO] - train epoch 622 loss 0.4507 accuracy 84.38%
[2026-05-04 20:11:30,355][src.modRNN.training.training_loop][INFO] - 	 Starting Epoch: 623
[2026-05-04 20:11:31,431][src.modRNN.training.training_loop][INFO] - train epoch 623 loss 0.5443 accuracy 76.56%
[2026-05-04 20:11:31,432][src.modRNN.training.training_loop][INFO] - 	 Starting Epoch: 624
[2026-05-04 20:11:32,504][src.modRNN.training.training_loop][INFO] - train epoch 624 loss 0.4711 accuracy 85.94%
[2026-05-04 20:11:32,506][src.modRNN.training.training_loop][INFO] - 	 Starting Epoch: 625
[2026-05-04 20:11:33,581][src.modRNN.training.training_loop][INFO] - train epoch 625 loss 0.4932 accuracy 81.25%
[2026-05-04 20:11:33,583][src.modRNN.training.training_loop][INFO] - 	 Starting Epoch: 626
[2026-05-04 20:11:34,650][src.modRNN.training.training_loop][INFO] - train epoch 626 loss 0.4492 accuracy 87.50%
[2026-05-04 20:11:36,801][src.modRNN.training.training_loop][INFO] - eval  epoch 626 loss 0.4705 accuracy 83.59%
[2026-05-04 20:11:36,802][src.modRNN.training.training_loop][INFO] - 	 Starting Epoch: 627
[2026-05-04 20:11:37,868][src.modRNN.training.training_loop][INFO] - train epoch 627 loss 0.4894 accuracy 84.38%
[2026-05-04 20:11:37,870][src.modRNN.training.training_loop][INFO] - 	 Starting Epoch: 628
[2026-05-04 20:11:38,947][src.modRNN.training.training_loop][INFO] - train epoch 628 loss 0.4395 accuracy 85.94%
[2026-05-04 20:11:38,949][src.modRNN.training.training_loop][INFO] - 	 Starting Epoch: 629
[2026-05-04 20:11:40,016][src.modRNN.training.training_loop][INFO] - train epoch 629 loss 0.5108 accuracy 76.56%
[2026-05-04 20:11:40,018][src.modRNN.training.training_loop][INFO] - 	 Starting Epoch: 630
[2026-05-04 20:11:41,096][src.modRNN.training.training_loop][INFO] - train epoch 630 loss 0.4970 accuracy 81.25%
[2026-05-04 20:11:41,097][src.modRNN.training.training_loop][INFO] - 	 Starting Epoch: 631
[2026-05-04 20:11:42,168][src.modRNN.training.training_loop][INFO] - train epoch 631 loss 0.4828 accuracy 81.25%
[2026-05-04 20:11:42,169][src.modRNN.training.training_loop][INFO] - 	 Starting Epoch: 632
[2026-05-04 20:11:43,237][src.modRNN.training.training_loop][INFO] - train epoch 632 loss 0.5202 accuracy 79.69%
[2026-05-04 20:11:43,238][src.modRNN.training.training_loop][INFO] - 	 Starting Epoch: 633
[2026-05-04 20:11:44,309][src.modRNN.training.training_loop][INFO] - train epoch 633 loss 0.4226 accuracy 90.62%
[2026-05-04 20:11:44,311][src.modRNN.training.training_loop][INFO] - 	 Starting Epoch: 634
[2026-05-04 20:11:45,382][src.modRNN.training.training_loop][INFO] - train epoch 634 loss 0.4764 accuracy 82.81%
[2026-05-04 20:11:45,383][src.modRNN.training.training_loop][INFO] - 	 Starting Epoch: 635
[2026-05-04 20:11:46,454][src.modRNN.training.training_loop][INFO] - train epoch 635 loss 0.5130 accuracy 81.25%
[2026-05-04 20:11:46,455][src.modRNN.training.training_loop][INFO] - 	 Starting Epoch: 636
[2026-05-04 20:11:47,530][src.modRNN.training.training_loop][INFO] - train epoch 636 loss 0.4688 accuracy 84.38%
[2026-05-04 20:11:47,532][src.modRNN.training.training_loop][INFO] - 	 Starting Epoch: 637
[2026-05-04 20:11:48,603][src.modRNN.training.training_loop][INFO] - train epoch 637 loss 0.4510 accuracy 85.94%
[2026-05-04 20:11:48,604][src.modRNN.training.training_loop][INFO] - 	 Starting Epoch: 638
[2026-05-04 20:11:49,671][src.modRNN.training.training_loop][INFO] - train epoch 638 loss 0.4228 accuracy 92.19%
[2026-05-04 20:11:49,673][src.modRNN.training.training_loop][INFO] - 	 Starting Epoch: 639
[2026-05-04 20:11:50,740][src.modRNN.training.training_loop][INFO] - train epoch 639 loss 0.4593 accuracy 87.50%
[2026-05-04 20:11:50,742][src.modRNN.training.training_loop][INFO] - 	 Starting Epoch: 640
[2026-05-04 20:11:51,811][src.modRNN.training.training_loop][INFO] - train epoch 640 loss 0.6094 accuracy 73.44%
[2026-05-04 20:11:51,813][src.modRNN.training.training_loop][INFO] - 	 Starting Epoch: 641
[2026-05-04 20:11:52,880][src.modRNN.training.training_loop][INFO] - train epoch 641 loss 0.4846 accuracy 84.38%
[2026-05-04 20:11:52,881][src.modRNN.training.training_loop][INFO] - 	 Starting Epoch: 642
[2026-05-04 20:11:53,951][src.modRNN.training.training_loop][INFO] - train epoch 642 loss 0.4852 accuracy 81.25%
[2026-05-04 20:11:53,953][src.modRNN.training.training_loop][INFO] - 	 Starting Epoch: 643
[2026-05-04 20:11:55,024][src.modRNN.training.training_loop][INFO] - train epoch 643 loss 0.4719 accuracy 82.81%
[2026-05-04 20:11:55,025][src.modRNN.training.training_loop][INFO] - 	 Starting Epoch: 644
[2026-05-04 20:11:56,092][src.modRNN.training.training_loop][INFO] - train epoch 644 loss 0.4357 accuracy 89.06%
[2026-05-04 20:11:56,094][src.modRNN.training.training_loop][INFO] - 	 Starting Epoch: 645
[2026-05-04 20:11:57,168][src.modRNN.training.training_loop][INFO] - train epoch 645 loss 0.4602 accuracy 85.94%
[2026-05-04 20:11:57,170][src.modRNN.training.training_loop][INFO] - 	 Starting Epoch: 646
[2026-05-04 20:11:58,242][src.modRNN.training.training_loop][INFO] - train epoch 646 loss 0.3936 accuracy 89.06%
[2026-05-04 20:11:58,243][src.modRNN.training.training_loop][INFO] - 	 Starting Epoch: 647
[2026-05-04 20:11:59,321][src.modRNN.training.training_loop][INFO] - train epoch 647 loss 0.5022 accuracy 79.69%
[2026-05-04 20:11:59,322][src.modRNN.training.training_loop][INFO] - 	 Starting Epoch: 648
[2026-05-04 20:12:00,393][src.modRNN.training.training_loop][INFO] - train epoch 648 loss 0.5521 accuracy 70.31%
[2026-05-04 20:12:00,394][src.modRNN.training.training_loop][INFO] - 	 Starting Epoch: 649
[2026-05-04 20:12:01,467][src.modRNN.training.training_loop][INFO] - train epoch 649 loss 0.4419 accuracy 89.06%
[2026-05-04 20:12:01,469][src.modRNN.training.training_loop][INFO] - 	 Starting Epoch: 650
[2026-05-04 20:12:02,545][src.modRNN.training.training_loop][INFO] - train epoch 650 loss 0.5690 accuracy 75.00%
[2026-05-04 20:12:02,547][src.modRNN.training.training_loop][INFO] - 	 Starting Epoch: 651
[2026-05-04 20:12:03,623][src.modRNN.training.training_loop][INFO] - train epoch 651 loss 0.5135 accuracy 78.12%
[2026-05-04 20:12:05,773][src.modRNN.training.training_loop][INFO] - eval  epoch 651 loss 0.4678 accuracy 87.11%
[2026-05-04 20:12:05,775][src.modRNN.training.training_loop][INFO] - 	 Starting Epoch: 652
[2026-05-04 20:12:06,848][src.modRNN.training.training_loop][INFO] - train epoch 652 loss 0.5024 accuracy 84.38%
[2026-05-04 20:12:06,849][src.modRNN.training.training_loop][INFO] - 	 Starting Epoch: 653
[2026-05-04 20:12:07,925][src.modRNN.training.training_loop][INFO] - train epoch 653 loss 0.5766 accuracy 71.88%
[2026-05-04 20:12:07,926][src.modRNN.training.training_loop][INFO] - 	 Starting Epoch: 654
[2026-05-04 20:12:09,003][src.modRNN.training.training_loop][INFO] - train epoch 654 loss 0.5147 accuracy 81.25%
[2026-05-04 20:12:09,004][src.modRNN.training.training_loop][INFO] - 	 Starting Epoch: 655
[2026-05-04 20:12:10,079][src.modRNN.training.training_loop][INFO] - train epoch 655 loss 0.3957 accuracy 93.75%
[2026-05-04 20:12:10,080][src.modRNN.training.training_loop][INFO] - 	 Starting Epoch: 656
[2026-05-04 20:12:11,157][src.modRNN.training.training_loop][INFO] - train epoch 656 loss 0.5113 accuracy 81.25%
[2026-05-04 20:12:11,159][src.modRNN.training.training_loop][INFO] - 	 Starting Epoch: 657
[2026-05-04 20:12:12,234][src.modRNN.training.training_loop][INFO] - train epoch 657 loss 0.5918 accuracy 68.75%
[2026-05-04 20:12:12,236][src.modRNN.training.training_loop][INFO] - 	 Starting Epoch: 658
[2026-05-04 20:12:13,316][src.modRNN.training.training_loop][INFO] - train epoch 658 loss 0.5440 accuracy 76.56%
[2026-05-04 20:12:13,318][src.modRNN.training.training_loop][INFO] - 	 Starting Epoch: 659
[2026-05-04 20:12:14,391][src.modRNN.training.training_loop][INFO] - train epoch 659 loss 0.5054 accuracy 79.69%
[2026-05-04 20:12:14,393][src.modRNN.training.training_loop][INFO] - 	 Starting Epoch: 660
[2026-05-04 20:12:15,471][src.modRNN.training.training_loop][INFO] - train epoch 660 loss 0.5876 accuracy 73.44%
[2026-05-04 20:12:15,472][src.modRNN.training.training_loop][INFO] - 	 Starting Epoch: 661
[2026-05-04 20:12:16,549][src.modRNN.training.training_loop][INFO] - train epoch 661 loss 0.4738 accuracy 84.38%
[2026-05-04 20:12:16,551][src.modRNN.training.training_loop][INFO] - 	 Starting Epoch: 662
[2026-05-04 20:12:17,632][src.modRNN.training.training_loop][INFO] - train epoch 662 loss 0.5443 accuracy 81.25%
[2026-05-04 20:12:17,634][src.modRNN.training.training_loop][INFO] - 	 Starting Epoch: 663
[2026-05-04 20:12:18,711][src.modRNN.training.training_loop][INFO] - train epoch 663 loss 0.4638 accuracy 79.69%
[2026-05-04 20:12:18,713][src.modRNN.training.training_loop][INFO] - 	 Starting Epoch: 664
[2026-05-04 20:12:19,786][src.modRNN.training.training_loop][INFO] - train epoch 664 loss 0.5093 accuracy 78.12%
[2026-05-04 20:12:19,788][src.modRNN.training.training_loop][INFO] - 	 Starting Epoch: 665
[2026-05-04 20:12:20,872][src.modRNN.training.training_loop][INFO] - train epoch 665 loss 0.5540 accuracy 75.00%
[2026-05-04 20:12:20,873][src.modRNN.training.training_loop][INFO] - 	 Starting Epoch: 666
[2026-05-04 20:12:21,954][src.modRNN.training.training_loop][INFO] - train epoch 666 loss 0.4705 accuracy 85.94%
[2026-05-04 20:12:21,956][src.modRNN.training.training_loop][INFO] - 	 Starting Epoch: 667
[2026-05-04 20:12:23,032][src.modRNN.training.training_loop][INFO] - train epoch 667 loss 0.5122 accuracy 79.69%
[2026-05-04 20:12:23,033][src.modRNN.training.training_loop][INFO] - 	 Starting Epoch: 668
[2026-05-04 20:12:24,126][src.modRNN.training.training_loop][INFO] - train epoch 668 loss 0.4839 accuracy 84.38%
[2026-05-04 20:12:24,127][src.modRNN.training.training_loop][INFO] - 	 Starting Epoch: 669
[2026-05-04 20:12:25,260][src.modRNN.training.training_loop][INFO] - train epoch 669 loss 0.4414 accuracy 85.94%
[2026-05-04 20:12:25,264][src.modRNN.training.training_loop][INFO] - 	 Starting Epoch: 670
[2026-05-04 20:12:26,345][src.modRNN.training.training_loop][INFO] - train epoch 670 loss 0.5344 accuracy 78.12%
[2026-05-04 20:12:26,346][src.modRNN.training.training_loop][INFO] - 	 Starting Epoch: 671
[2026-05-04 20:12:27,422][src.modRNN.training.training_loop][INFO] - train epoch 671 loss 0.5126 accuracy 78.12%
[2026-05-04 20:12:27,423][src.modRNN.training.training_loop][INFO] - 	 Starting Epoch: 672
[2026-05-04 20:12:28,506][src.modRNN.training.training_loop][INFO] - train epoch 672 loss 0.5250 accuracy 75.00%
[2026-05-04 20:12:28,507][src.modRNN.training.training_loop][INFO] - 	 Starting Epoch: 673
[2026-05-04 20:12:29,593][src.modRNN.training.training_loop][INFO] - train epoch 673 loss 0.4990 accuracy 79.69%
[2026-05-04 20:12:29,595][src.modRNN.training.training_loop][INFO] - 	 Starting Epoch: 674
[2026-05-04 20:12:30,676][src.modRNN.training.training_loop][INFO] - train epoch 674 loss 0.5814 accuracy 75.00%
[2026-05-04 20:12:30,677][src.modRNN.training.training_loop][INFO] - 	 Starting Epoch: 675
[2026-05-04 20:12:31,757][src.modRNN.training.training_loop][INFO] - train epoch 675 loss 0.4268 accuracy 87.50%
[2026-05-04 20:12:31,759][src.modRNN.training.training_loop][INFO] - 	 Starting Epoch: 676
[2026-05-04 20:12:32,831][src.modRNN.training.training_loop][INFO] - train epoch 676 loss 0.4796 accuracy 84.38%
[2026-05-04 20:12:34,985][src.modRNN.training.training_loop][INFO] - eval  epoch 676 loss 0.4823 accuracy 82.03%
[2026-05-04 20:12:34,987][src.modRNN.training.training_loop][INFO] - 	 Starting Epoch: 677
[2026-05-04 20:12:36,054][src.modRNN.training.training_loop][INFO] - train epoch 677 loss 0.4805 accuracy 81.25%
[2026-05-04 20:12:36,056][src.modRNN.training.training_loop][INFO] - 	 Starting Epoch: 678
[2026-05-04 20:12:37,128][src.modRNN.training.training_loop][INFO] - train epoch 678 loss 0.5143 accuracy 79.69%
[2026-05-04 20:12:37,130][src.modRNN.training.training_loop][INFO] - 	 Starting Epoch: 679
[2026-05-04 20:12:38,202][src.modRNN.training.training_loop][INFO] - train epoch 679 loss 0.4132 accuracy 89.06%
[2026-05-04 20:12:38,204][src.modRNN.training.training_loop][INFO] - 	 Starting Epoch: 680
[2026-05-04 20:12:39,272][src.modRNN.training.training_loop][INFO] - train epoch 680 loss 0.5334 accuracy 81.25%
[2026-05-04 20:12:39,273][src.modRNN.training.training_loop][INFO] - 	 Starting Epoch: 681
[2026-05-04 20:12:40,347][src.modRNN.training.training_loop][INFO] - train epoch 681 loss 0.4787 accuracy 82.81%
[2026-05-04 20:12:40,349][src.modRNN.training.training_loop][INFO] - 	 Starting Epoch: 682
[2026-05-04 20:12:41,424][src.modRNN.training.training_loop][INFO] - train epoch 682 loss 0.5202 accuracy 79.69%
[2026-05-04 20:12:41,426][src.modRNN.training.training_loop][INFO] - 	 Starting Epoch: 683
[2026-05-04 20:12:42,499][src.modRNN.training.training_loop][INFO] - train epoch 683 loss 0.4896 accuracy 79.69%
[2026-05-04 20:12:42,500][src.modRNN.training.training_loop][INFO] - 	 Starting Epoch: 684
[2026-05-04 20:12:43,569][src.modRNN.training.training_loop][INFO] - train epoch 684 loss 0.4823 accuracy 84.38%
[2026-05-04 20:12:43,570][src.modRNN.training.training_loop][INFO] - 	 Starting Epoch: 685
[2026-05-04 20:12:44,638][src.modRNN.training.training_loop][INFO] - train epoch 685 loss 0.4865 accuracy 84.38%
[2026-05-04 20:12:44,640][src.modRNN.training.training_loop][INFO] - 	 Starting Epoch: 686
[2026-05-04 20:12:45,720][src.modRNN.training.training_loop][INFO] - train epoch 686 loss 0.4285 accuracy 87.50%
[2026-05-04 20:12:45,721][src.modRNN.training.training_loop][INFO] - 	 Starting Epoch: 687
[2026-05-04 20:12:46,793][src.modRNN.training.training_loop][INFO] - train epoch 687 loss 0.4392 accuracy 90.62%
[2026-05-04 20:12:46,794][src.modRNN.training.training_loop][INFO] - 	 Starting Epoch: 688
[2026-05-04 20:12:47,871][src.modRNN.training.training_loop][INFO] - train epoch 688 loss 0.4434 accuracy 87.50%
[2026-05-04 20:12:47,872][src.modRNN.training.training_loop][INFO] - 	 Starting Epoch: 689
[2026-05-04 20:12:48,946][src.modRNN.training.training_loop][INFO] - train epoch 689 loss 0.4900 accuracy 84.38%
[2026-05-04 20:12:48,947][src.modRNN.training.training_loop][INFO] - 	 Starting Epoch: 690
[2026-05-04 20:12:50,032][src.modRNN.training.training_loop][INFO] - train epoch 690 loss 0.4217 accuracy 90.62%
[2026-05-04 20:12:50,033][src.modRNN.training.training_loop][INFO] - 	 Starting Epoch: 691
[2026-05-04 20:12:51,108][src.modRNN.training.training_loop][INFO] - train epoch 691 loss 0.4046 accuracy 89.06%
[2026-05-04 20:12:51,109][src.modRNN.training.training_loop][INFO] - 	 Starting Epoch: 692
[2026-05-04 20:12:52,182][src.modRNN.training.training_loop][INFO] - train epoch 692 loss 0.5018 accuracy 78.12%
[2026-05-04 20:12:52,183][src.modRNN.training.training_loop][INFO] - 	 Starting Epoch: 693
[2026-05-04 20:12:53,256][src.modRNN.training.training_loop][INFO] - train epoch 693 loss 0.5346 accuracy 76.56%
[2026-05-04 20:12:53,257][src.modRNN.training.training_loop][INFO] - 	 Starting Epoch: 694
[2026-05-04 20:12:54,333][src.modRNN.training.training_loop][INFO] - train epoch 694 loss 0.4785 accuracy 82.81%
[2026-05-04 20:12:54,334][src.modRNN.training.training_loop][INFO] - 	 Starting Epoch: 695
[2026-05-04 20:12:55,403][src.modRNN.training.training_loop][INFO] - train epoch 695 loss 0.3904 accuracy 87.50%
[2026-05-04 20:12:55,405][src.modRNN.training.training_loop][INFO] - 	 Starting Epoch: 696
[2026-05-04 20:12:56,471][src.modRNN.training.training_loop][INFO] - train epoch 696 loss 0.5267 accuracy 76.56%
[2026-05-04 20:12:56,472][src.modRNN.training.training_loop][INFO] - 	 Starting Epoch: 697
[2026-05-04 20:12:57,546][src.modRNN.training.training_loop][INFO] - train epoch 697 loss 0.4978 accuracy 76.56%
[2026-05-04 20:12:57,547][src.modRNN.training.training_loop][INFO] - 	 Starting Epoch: 698
[2026-05-04 20:12:58,627][src.modRNN.training.training_loop][INFO] - train epoch 698 loss 0.4695 accuracy 82.81%
[2026-05-04 20:12:58,628][src.modRNN.training.training_loop][INFO] - 	 Starting Epoch: 699
[2026-05-04 20:12:59,705][src.modRNN.training.training_loop][INFO] - train epoch 699 loss 0.4089 accuracy 87.50%
[2026-05-04 20:12:59,706][src.modRNN.training.training_loop][INFO] - 	 Starting Epoch: 700
[2026-05-04 20:13:00,777][src.modRNN.training.training_loop][INFO] - train epoch 700 loss 0.4906 accuracy 79.69%
[2026-05-04 20:13:00,778][src.modRNN.training.training_loop][INFO] - 	 Starting Epoch: 701
[2026-05-04 20:13:01,855][src.modRNN.training.training_loop][INFO] - train epoch 701 loss 0.4459 accuracy 85.94%
[2026-05-04 20:13:04,009][src.modRNN.training.training_loop][INFO] - eval  epoch 701 loss 0.4763 accuracy 83.98%
[2026-05-04 20:13:04,010][src.modRNN.training.training_loop][INFO] - 	 Starting Epoch: 702
[2026-05-04 20:13:05,092][src.modRNN.training.training_loop][INFO] - train epoch 702 loss 0.4915 accuracy 79.69%
[2026-05-04 20:13:05,093][src.modRNN.training.training_loop][INFO] - 	 Starting Epoch: 703
[2026-05-04 20:13:06,169][src.modRNN.training.training_loop][INFO] - train epoch 703 loss 0.5609 accuracy 71.88%
[2026-05-04 20:13:06,170][src.modRNN.training.training_loop][INFO] - 	 Starting Epoch: 704
[2026-05-04 20:13:07,249][src.modRNN.training.training_loop][INFO] - train epoch 704 loss 0.4916 accuracy 82.81%
[2026-05-04 20:13:07,250][src.modRNN.training.training_loop][INFO] - 	 Starting Epoch: 705
[2026-05-04 20:13:08,329][src.modRNN.training.training_loop][INFO] - train epoch 705 loss 0.5736 accuracy 73.44%
[2026-05-04 20:13:08,331][src.modRNN.training.training_loop][INFO] - 	 Starting Epoch: 706
[2026-05-04 20:13:09,412][src.modRNN.training.training_loop][INFO] - train epoch 706 loss 0.4604 accuracy 85.94%
[2026-05-04 20:13:09,413][src.modRNN.training.training_loop][INFO] - 	 Starting Epoch: 707
[2026-05-04 20:13:10,495][src.modRNN.training.training_loop][INFO] - train epoch 707 loss 0.4638 accuracy 84.38%
[2026-05-04 20:13:10,497][src.modRNN.training.training_loop][INFO] - 	 Starting Epoch: 708
[2026-05-04 20:13:11,571][src.modRNN.training.training_loop][INFO] - train epoch 708 loss 0.5321 accuracy 81.25%
[2026-05-04 20:13:11,572][src.modRNN.training.training_loop][INFO] - 	 Starting Epoch: 709
[2026-05-04 20:13:12,655][src.modRNN.training.training_loop][INFO] - train epoch 709 loss 0.4372 accuracy 87.50%
[2026-05-04 20:13:12,656][src.modRNN.training.training_loop][INFO] - 	 Starting Epoch: 710
[2026-05-04 20:13:13,733][src.modRNN.training.training_loop][INFO] - train epoch 710 loss 0.4457 accuracy 87.50%
[2026-05-04 20:13:13,734][src.modRNN.training.training_loop][INFO] - 	 Starting Epoch: 711
[2026-05-04 20:13:14,815][src.modRNN.training.training_loop][INFO] - train epoch 711 loss 0.4716 accuracy 82.81%
[2026-05-04 20:13:14,817][src.modRNN.training.training_loop][INFO] - 	 Starting Epoch: 712
[2026-05-04 20:13:15,895][src.modRNN.training.training_loop][INFO] - train epoch 712 loss 0.4802 accuracy 84.38%
[2026-05-04 20:13:15,896][src.modRNN.training.training_loop][INFO] - 	 Starting Epoch: 713
[2026-05-04 20:13:16,972][src.modRNN.training.training_loop][INFO] - train epoch 713 loss 0.4940 accuracy 79.69%
[2026-05-04 20:13:16,974][src.modRNN.training.training_loop][INFO] - 	 Starting Epoch: 714
[2026-05-04 20:13:18,060][src.modRNN.training.training_loop][INFO] - train epoch 714 loss 0.4526 accuracy 85.94%
[2026-05-04 20:13:18,061][src.modRNN.training.training_loop][INFO] - 	 Starting Epoch: 715
[2026-05-04 20:13:19,135][src.modRNN.training.training_loop][INFO] - train epoch 715 loss 0.4529 accuracy 85.94%
[2026-05-04 20:13:19,136][src.modRNN.training.training_loop][INFO] - 	 Starting Epoch: 716
[2026-05-04 20:13:20,216][src.modRNN.training.training_loop][INFO] - train epoch 716 loss 0.4359 accuracy 87.50%
[2026-05-04 20:13:20,217][src.modRNN.training.training_loop][INFO] - 	 Starting Epoch: 717
[2026-05-04 20:13:21,297][src.modRNN.training.training_loop][INFO] - train epoch 717 loss 0.5389 accuracy 79.69%
[2026-05-04 20:13:21,299][src.modRNN.training.training_loop][INFO] - 	 Starting Epoch: 718
[2026-05-04 20:13:22,375][src.modRNN.training.training_loop][INFO] - train epoch 718 loss 0.5015 accuracy 75.00%
[2026-05-04 20:13:22,377][src.modRNN.training.training_loop][INFO] - 	 Starting Epoch: 719
[2026-05-04 20:13:23,458][src.modRNN.training.training_loop][INFO] - train epoch 719 loss 0.5100 accuracy 79.69%
[2026-05-04 20:13:23,460][src.modRNN.training.training_loop][INFO] - 	 Starting Epoch: 720
[2026-05-04 20:13:24,562][src.modRNN.training.training_loop][INFO] - train epoch 720 loss 0.4919 accuracy 76.56%
[2026-05-04 20:13:24,564][src.modRNN.training.training_loop][INFO] - 	 Starting Epoch: 721
[2026-05-04 20:13:25,668][src.modRNN.training.training_loop][INFO] - train epoch 721 loss 0.4658 accuracy 82.81%
[2026-05-04 20:13:25,670][src.modRNN.training.training_loop][INFO] - 	 Starting Epoch: 722
[2026-05-04 20:13:26,754][src.modRNN.training.training_loop][INFO] - train epoch 722 loss 0.4441 accuracy 89.06%
[2026-05-04 20:13:26,756][src.modRNN.training.training_loop][INFO] - 	 Starting Epoch: 723
[2026-05-04 20:13:27,839][src.modRNN.training.training_loop][INFO] - train epoch 723 loss 0.4283 accuracy 92.19%
[2026-05-04 20:13:27,840][src.modRNN.training.training_loop][INFO] - 	 Starting Epoch: 724
[2026-05-04 20:13:28,917][src.modRNN.training.training_loop][INFO] - train epoch 724 loss 0.4733 accuracy 85.94%
[2026-05-04 20:13:28,919][src.modRNN.training.training_loop][INFO] - 	 Starting Epoch: 725
[2026-05-04 20:13:29,997][src.modRNN.training.training_loop][INFO] - train epoch 725 loss 0.5022 accuracy 81.25%
[2026-05-04 20:13:29,999][src.modRNN.training.training_loop][INFO] - 	 Starting Epoch: 726
[2026-05-04 20:13:31,076][src.modRNN.training.training_loop][INFO] - train epoch 726 loss 0.5500 accuracy 78.12%
[2026-05-04 20:13:33,225][src.modRNN.training.training_loop][INFO] - eval  epoch 726 loss 0.4597 accuracy 83.59%
[2026-05-04 20:13:33,226][src.modRNN.training.training_loop][INFO] - 	 Starting Epoch: 727
[2026-05-04 20:13:34,300][src.modRNN.training.training_loop][INFO] - train epoch 727 loss 0.4381 accuracy 90.62%
[2026-05-04 20:13:34,302][src.modRNN.training.training_loop][INFO] - 	 Starting Epoch: 728
[2026-05-04 20:13:35,372][src.modRNN.training.training_loop][INFO] - train epoch 728 loss 0.4787 accuracy 84.38%
[2026-05-04 20:13:35,373][src.modRNN.training.training_loop][INFO] - 	 Starting Epoch: 729
[2026-05-04 20:13:36,441][src.modRNN.training.training_loop][INFO] - train epoch 729 loss 0.5270 accuracy 76.56%
[2026-05-04 20:13:36,442][src.modRNN.training.training_loop][INFO] - 	 Starting Epoch: 730
[2026-05-04 20:13:37,520][src.modRNN.training.training_loop][INFO] - train epoch 730 loss 0.4841 accuracy 81.25%
[2026-05-04 20:13:37,521][src.modRNN.training.training_loop][INFO] - 	 Starting Epoch: 731
[2026-05-04 20:13:38,593][src.modRNN.training.training_loop][INFO] - train epoch 731 loss 0.4370 accuracy 87.50%
[2026-05-04 20:13:38,594][src.modRNN.training.training_loop][INFO] - 	 Starting Epoch: 732
[2026-05-04 20:13:39,666][src.modRNN.training.training_loop][INFO] - train epoch 732 loss 0.5049 accuracy 78.12%
[2026-05-04 20:13:39,668][src.modRNN.training.training_loop][INFO] - 	 Starting Epoch: 733
[2026-05-04 20:13:40,733][src.modRNN.training.training_loop][INFO] - train epoch 733 loss 0.4597 accuracy 81.25%
[2026-05-04 20:13:40,735][src.modRNN.training.training_loop][INFO] - 	 Starting Epoch: 734
[2026-05-04 20:13:41,808][src.modRNN.training.training_loop][INFO] - train epoch 734 loss 0.4235 accuracy 90.62%
[2026-05-04 20:13:41,809][src.modRNN.training.training_loop][INFO] - 	 Starting Epoch: 735
[2026-05-04 20:13:42,883][src.modRNN.training.training_loop][INFO] - train epoch 735 loss 0.5075 accuracy 79.69%
[2026-05-04 20:13:42,885][src.modRNN.training.training_loop][INFO] - 	 Starting Epoch: 736
[2026-05-04 20:13:43,962][src.modRNN.training.training_loop][INFO] - train epoch 736 loss 0.4831 accuracy 84.38%
[2026-05-04 20:13:43,963][src.modRNN.training.training_loop][INFO] - 	 Starting Epoch: 737
[2026-05-04 20:13:45,035][src.modRNN.training.training_loop][INFO] - train epoch 737 loss 0.4531 accuracy 85.94%
[2026-05-04 20:13:45,037][src.modRNN.training.training_loop][INFO] - 	 Starting Epoch: 738
[2026-05-04 20:13:46,111][src.modRNN.training.training_loop][INFO] - train epoch 738 loss 0.4254 accuracy 87.50%
[2026-05-04 20:13:46,113][src.modRNN.training.training_loop][INFO] - 	 Starting Epoch: 739
[2026-05-04 20:13:47,180][src.modRNN.training.training_loop][INFO] - train epoch 739 loss 0.5025 accuracy 79.69%
[2026-05-04 20:13:47,182][src.modRNN.training.training_loop][INFO] - 	 Starting Epoch: 740
[2026-05-04 20:13:48,254][src.modRNN.training.training_loop][INFO] - train epoch 740 loss 0.3809 accuracy 89.06%
[2026-05-04 20:13:48,255][src.modRNN.training.training_loop][INFO] - 	 Starting Epoch: 741
[2026-05-04 20:13:49,324][src.modRNN.training.training_loop][INFO] - train epoch 741 loss 0.4536 accuracy 84.38%
[2026-05-04 20:13:49,326][src.modRNN.training.training_loop][INFO] - 	 Starting Epoch: 742
[2026-05-04 20:13:50,398][src.modRNN.training.training_loop][INFO] - train epoch 742 loss 0.4431 accuracy 92.19%
[2026-05-04 20:13:50,400][src.modRNN.training.training_loop][INFO] - 	 Starting Epoch: 743
[2026-05-04 20:13:51,469][src.modRNN.training.training_loop][INFO] - train epoch 743 loss 0.3892 accuracy 90.62%
[2026-05-04 20:13:51,470][src.modRNN.training.training_loop][INFO] - 	 Starting Epoch: 744
[2026-05-04 20:13:52,543][src.modRNN.training.training_loop][INFO] - train epoch 744 loss 0.5080 accuracy 78.12%
[2026-05-04 20:13:52,545][src.modRNN.training.training_loop][INFO] - 	 Starting Epoch: 745
[2026-05-04 20:13:53,618][src.modRNN.training.training_loop][INFO] - train epoch 745 loss 0.5154 accuracy 79.69%
[2026-05-04 20:13:53,620][src.modRNN.training.training_loop][INFO] - 	 Starting Epoch: 746
[2026-05-04 20:13:54,694][src.modRNN.training.training_loop][INFO] - train epoch 746 loss 0.5023 accuracy 82.81%
[2026-05-04 20:13:54,695][src.modRNN.training.training_loop][INFO] - 	 Starting Epoch: 747
[2026-05-04 20:13:55,772][src.modRNN.training.training_loop][INFO] - train epoch 747 loss 0.4173 accuracy 87.50%
[2026-05-04 20:13:55,774][src.modRNN.training.training_loop][INFO] - 	 Starting Epoch: 748
[2026-05-04 20:13:56,848][src.modRNN.training.training_loop][INFO] - train epoch 748 loss 0.5406 accuracy 81.25%
[2026-05-04 20:13:56,850][src.modRNN.training.training_loop][INFO] - 	 Starting Epoch: 749
[2026-05-04 20:13:57,921][src.modRNN.training.training_loop][INFO] - train epoch 749 loss 0.4744 accuracy 82.81%
[2026-05-04 20:13:57,923][src.modRNN.training.training_loop][INFO] - 	 Starting Epoch: 750
[2026-05-04 20:13:58,995][src.modRNN.training.training_loop][INFO] - train epoch 750 loss 0.4287 accuracy 87.50%
[2026-05-04 20:13:58,997][src.modRNN.training.training_loop][INFO] - 	 Starting Epoch: 751
[2026-05-04 20:14:00,064][src.modRNN.training.training_loop][INFO] - train epoch 751 loss 0.5885 accuracy 71.88%
[2026-05-04 20:14:02,215][src.modRNN.training.training_loop][INFO] - eval  epoch 751 loss 0.4751 accuracy 83.40%
[2026-05-04 20:14:02,217][src.modRNN.training.training_loop][INFO] - 	 Starting Epoch: 752
[2026-05-04 20:14:03,293][src.modRNN.training.training_loop][INFO] - train epoch 752 loss 0.4793 accuracy 79.69%
[2026-05-04 20:14:03,295][src.modRNN.training.training_loop][INFO] - 	 Starting Epoch: 753
[2026-05-04 20:14:04,379][src.modRNN.training.training_loop][INFO] - train epoch 753 loss 0.4534 accuracy 82.81%
[2026-05-04 20:14:04,380][src.modRNN.training.training_loop][INFO] - 	 Starting Epoch: 754
[2026-05-04 20:14:05,454][src.modRNN.training.training_loop][INFO] - train epoch 754 loss 0.4182 accuracy 84.38%
[2026-05-04 20:14:05,455][src.modRNN.training.training_loop][INFO] - 	 Starting Epoch: 755
[2026-05-04 20:14:06,534][src.modRNN.training.training_loop][INFO] - train epoch 755 loss 0.4354 accuracy 82.81%
[2026-05-04 20:14:06,536][src.modRNN.training.training_loop][INFO] - 	 Starting Epoch: 756
[2026-05-04 20:14:07,617][src.modRNN.training.training_loop][INFO] - train epoch 756 loss 0.4250 accuracy 85.94%
[2026-05-04 20:14:07,618][src.modRNN.training.training_loop][INFO] - 	 Starting Epoch: 757
[2026-05-04 20:14:08,693][src.modRNN.training.training_loop][INFO] - train epoch 757 loss 0.3962 accuracy 87.50%
[2026-05-04 20:14:08,695][src.modRNN.training.training_loop][INFO] - 	 Starting Epoch: 758
[2026-05-04 20:14:09,773][src.modRNN.training.training_loop][INFO] - train epoch 758 loss 0.4444 accuracy 84.38%
[2026-05-04 20:14:09,774][src.modRNN.training.training_loop][INFO] - 	 Starting Epoch: 759
[2026-05-04 20:14:10,852][src.modRNN.training.training_loop][INFO] - train epoch 759 loss 0.5018 accuracy 82.81%
[2026-05-04 20:14:10,853][src.modRNN.training.training_loop][INFO] - 	 Starting Epoch: 760
[2026-05-04 20:14:11,931][src.modRNN.training.training_loop][INFO] - train epoch 760 loss 0.4723 accuracy 90.62%
[2026-05-04 20:14:11,932][src.modRNN.training.training_loop][INFO] - 	 Starting Epoch: 761
[2026-05-04 20:14:13,016][src.modRNN.training.training_loop][INFO] - train epoch 761 loss 0.5118 accuracy 78.12%
[2026-05-04 20:14:13,018][src.modRNN.training.training_loop][INFO] - 	 Starting Epoch: 762
[2026-05-04 20:14:14,093][src.modRNN.training.training_loop][INFO] - train epoch 762 loss 0.4827 accuracy 79.69%
[2026-05-04 20:14:14,095][src.modRNN.training.training_loop][INFO] - 	 Starting Epoch: 763
[2026-05-04 20:14:15,178][src.modRNN.training.training_loop][INFO] - train epoch 763 loss 0.4373 accuracy 87.50%
[2026-05-04 20:14:15,180][src.modRNN.training.training_loop][INFO] - 	 Starting Epoch: 764
[2026-05-04 20:14:16,258][src.modRNN.training.training_loop][INFO] - train epoch 764 loss 0.4663 accuracy 82.81%
[2026-05-04 20:14:16,259][src.modRNN.training.training_loop][INFO] - 	 Starting Epoch: 765
[2026-05-04 20:14:17,332][src.modRNN.training.training_loop][INFO] - train epoch 765 loss 0.4683 accuracy 82.81%
[2026-05-04 20:14:17,333][src.modRNN.training.training_loop][INFO] - 	 Starting Epoch: 766
[2026-05-04 20:14:18,408][src.modRNN.training.training_loop][INFO] - train epoch 766 loss 0.4517 accuracy 85.94%
[2026-05-04 20:14:18,409][src.modRNN.training.training_loop][INFO] - 	 Starting Epoch: 767
[2026-05-04 20:14:19,493][src.modRNN.training.training_loop][INFO] - train epoch 767 loss 0.4496 accuracy 84.38%
[2026-05-04 20:14:19,494][src.modRNN.training.training_loop][INFO] - 	 Starting Epoch: 768
[2026-05-04 20:14:20,568][src.modRNN.training.training_loop][INFO] - train epoch 768 loss 0.4248 accuracy 87.50%
[2026-05-04 20:14:20,569][src.modRNN.training.training_loop][INFO] - 	 Starting Epoch: 769
[2026-05-04 20:14:21,651][src.modRNN.training.training_loop][INFO] - train epoch 769 loss 0.4762 accuracy 84.38%
[2026-05-04 20:14:21,652][src.modRNN.training.training_loop][INFO] - 	 Starting Epoch: 770
[2026-05-04 20:14:22,729][src.modRNN.training.training_loop][INFO] - train epoch 770 loss 0.4113 accuracy 89.06%
[2026-05-04 20:14:22,731][src.modRNN.training.training_loop][INFO] - 	 Starting Epoch: 771
[2026-05-04 20:14:23,809][src.modRNN.training.training_loop][INFO] - train epoch 771 loss 0.5134 accuracy 78.12%
[2026-05-04 20:14:23,810][src.modRNN.training.training_loop][INFO] - 	 Starting Epoch: 772
[2026-05-04 20:14:24,933][src.modRNN.training.training_loop][INFO] - train epoch 772 loss 0.5040 accuracy 82.81%
[2026-05-04 20:14:24,934][src.modRNN.training.training_loop][INFO] - 	 Starting Epoch: 773
[2026-05-04 20:14:26,016][src.modRNN.training.training_loop][INFO] - train epoch 773 loss 0.4578 accuracy 85.94%
[2026-05-04 20:14:26,017][src.modRNN.training.training_loop][INFO] - 	 Starting Epoch: 774
[2026-05-04 20:14:27,094][src.modRNN.training.training_loop][INFO] - train epoch 774 loss 0.5147 accuracy 84.38%
[2026-05-04 20:14:27,095][src.modRNN.training.training_loop][INFO] - 	 Starting Epoch: 775
[2026-05-04 20:14:28,180][src.modRNN.training.training_loop][INFO] - train epoch 775 loss 0.4518 accuracy 84.38%
[2026-05-04 20:14:28,182][src.modRNN.training.training_loop][INFO] - 	 Starting Epoch: 776
[2026-05-04 20:14:29,253][src.modRNN.training.training_loop][INFO] - train epoch 776 loss 0.5363 accuracy 73.44%
[2026-05-04 20:14:31,406][src.modRNN.training.training_loop][INFO] - eval  epoch 776 loss 0.4686 accuracy 82.81%
[2026-05-04 20:14:31,407][src.modRNN.training.training_loop][INFO] - 	 Starting Epoch: 777
[2026-05-04 20:14:32,470][src.modRNN.training.training_loop][INFO] - train epoch 777 loss 0.4778 accuracy 81.25%
[2026-05-04 20:14:32,472][src.modRNN.training.training_loop][INFO] - 	 Starting Epoch: 778
[2026-05-04 20:14:33,539][src.modRNN.training.training_loop][INFO] - train epoch 778 loss 0.5367 accuracy 75.00%
[2026-05-04 20:14:33,540][src.modRNN.training.training_loop][INFO] - 	 Starting Epoch: 779
[2026-05-04 20:14:34,612][src.modRNN.training.training_loop][INFO] - train epoch 779 loss 0.5167 accuracy 79.69%
[2026-05-04 20:14:34,613][src.modRNN.training.training_loop][INFO] - 	 Starting Epoch: 780
[2026-05-04 20:14:35,683][src.modRNN.training.training_loop][INFO] - train epoch 780 loss 0.4929 accuracy 85.94%
[2026-05-04 20:14:35,684][src.modRNN.training.training_loop][INFO] - 	 Starting Epoch: 781
[2026-05-04 20:14:36,759][src.modRNN.training.training_loop][INFO] - train epoch 781 loss 0.4310 accuracy 84.38%
[2026-05-04 20:14:36,760][src.modRNN.training.training_loop][INFO] - 	 Starting Epoch: 782
[2026-05-04 20:14:37,828][src.modRNN.training.training_loop][INFO] - train epoch 782 loss 0.5210 accuracy 79.69%
[2026-05-04 20:14:37,830][src.modRNN.training.training_loop][INFO] - 	 Starting Epoch: 783
[2026-05-04 20:14:38,903][src.modRNN.training.training_loop][INFO] - train epoch 783 loss 0.4273 accuracy 87.50%
[2026-05-04 20:14:38,905][src.modRNN.training.training_loop][INFO] - 	 Starting Epoch: 784
[2026-05-04 20:14:39,972][src.modRNN.training.training_loop][INFO] - train epoch 784 loss 0.4641 accuracy 81.25%
[2026-05-04 20:14:39,973][src.modRNN.training.training_loop][INFO] - 	 Starting Epoch: 785
[2026-05-04 20:14:41,049][src.modRNN.training.training_loop][INFO] - train epoch 785 loss 0.4702 accuracy 84.38%
[2026-05-04 20:14:41,050][src.modRNN.training.training_loop][INFO] - 	 Starting Epoch: 786
[2026-05-04 20:14:42,126][src.modRNN.training.training_loop][INFO] - train epoch 786 loss 0.4776 accuracy 84.38%
[2026-05-04 20:14:42,127][src.modRNN.training.training_loop][INFO] - 	 Starting Epoch: 787
[2026-05-04 20:14:43,192][src.modRNN.training.training_loop][INFO] - train epoch 787 loss 0.4559 accuracy 89.06%
[2026-05-04 20:14:43,193][src.modRNN.training.training_loop][INFO] - 	 Starting Epoch: 788
[2026-05-04 20:14:44,264][src.modRNN.training.training_loop][INFO] - train epoch 788 loss 0.4715 accuracy 84.38%
[2026-05-04 20:14:44,266][src.modRNN.training.training_loop][INFO] - 	 Starting Epoch: 789
[2026-05-04 20:14:45,334][src.modRNN.training.training_loop][INFO] - train epoch 789 loss 0.4152 accuracy 93.75%
[2026-05-04 20:14:45,335][src.modRNN.training.training_loop][INFO] - 	 Starting Epoch: 790
[2026-05-04 20:14:46,413][src.modRNN.training.training_loop][INFO] - train epoch 790 loss 0.5272 accuracy 76.56%
[2026-05-04 20:14:46,414][src.modRNN.training.training_loop][INFO] - 	 Starting Epoch: 791
[2026-05-04 20:14:47,484][src.modRNN.training.training_loop][INFO] - train epoch 791 loss 0.4909 accuracy 82.81%
[2026-05-04 20:14:47,485][src.modRNN.training.training_loop][INFO] - 	 Starting Epoch: 792
[2026-05-04 20:14:48,566][src.modRNN.training.training_loop][INFO] - train epoch 792 loss 0.4532 accuracy 82.81%
[2026-05-04 20:14:48,568][src.modRNN.training.training_loop][INFO] - 	 Starting Epoch: 793
[2026-05-04 20:14:49,642][src.modRNN.training.training_loop][INFO] - train epoch 793 loss 0.4575 accuracy 84.38%
[2026-05-04 20:14:49,643][src.modRNN.training.training_loop][INFO] - 	 Starting Epoch: 794
[2026-05-04 20:14:50,716][src.modRNN.training.training_loop][INFO] - train epoch 794 loss 0.4318 accuracy 87.50%
[2026-05-04 20:14:50,718][src.modRNN.training.training_loop][INFO] - 	 Starting Epoch: 795
[2026-05-04 20:14:51,783][src.modRNN.training.training_loop][INFO] - train epoch 795 loss 0.4731 accuracy 79.69%
[2026-05-04 20:14:51,785][src.modRNN.training.training_loop][INFO] - 	 Starting Epoch: 796
[2026-05-04 20:14:52,855][src.modRNN.training.training_loop][INFO] - train epoch 796 loss 0.3990 accuracy 92.19%
[2026-05-04 20:14:52,856][src.modRNN.training.training_loop][INFO] - 	 Starting Epoch: 797
[2026-05-04 20:14:53,928][src.modRNN.training.training_loop][INFO] - train epoch 797 loss 0.4273 accuracy 84.38%
[2026-05-04 20:14:53,929][src.modRNN.training.training_loop][INFO] - 	 Starting Epoch: 798
[2026-05-04 20:14:55,003][src.modRNN.training.training_loop][INFO] - train epoch 798 loss 0.4051 accuracy 89.06%
[2026-05-04 20:14:55,005][src.modRNN.training.training_loop][INFO] - 	 Starting Epoch: 799
[2026-05-04 20:14:56,075][src.modRNN.training.training_loop][INFO] - train epoch 799 loss 0.4425 accuracy 81.25%
[2026-05-04 20:14:56,077][src.modRNN.training.training_loop][INFO] - 	 Starting Epoch: 800
[2026-05-04 20:14:57,145][src.modRNN.training.training_loop][INFO] - train epoch 800 loss 0.4624 accuracy 79.69%
[2026-05-04 20:14:57,147][src.modRNN.training.training_loop][INFO] - 	 Starting Epoch: 801
[2026-05-04 20:14:58,225][src.modRNN.training.training_loop][INFO] - train epoch 801 loss 0.4023 accuracy 90.62%
[2026-05-04 20:15:00,372][src.modRNN.training.training_loop][INFO] - eval  epoch 801 loss 0.4569 accuracy 85.55%
[2026-05-04 20:15:00,374][src.modRNN.training.training_loop][INFO] - 	 Starting Epoch: 802
[2026-05-04 20:15:01,438][src.modRNN.training.training_loop][INFO] - train epoch 802 loss 0.4694 accuracy 85.94%
[2026-05-04 20:15:01,439][src.modRNN.training.training_loop][INFO] - 	 Starting Epoch: 803
[2026-05-04 20:15:02,516][src.modRNN.training.training_loop][INFO] - train epoch 803 loss 0.4610 accuracy 87.50%
[2026-05-04 20:15:02,518][src.modRNN.training.training_loop][INFO] - 	 Starting Epoch: 804
[2026-05-04 20:15:03,596][src.modRNN.training.training_loop][INFO] - train epoch 804 loss 0.4718 accuracy 82.81%
[2026-05-04 20:15:03,597][src.modRNN.training.training_loop][INFO] - 	 Starting Epoch: 805
[2026-05-04 20:15:04,675][src.modRNN.training.training_loop][INFO] - train epoch 805 loss 0.4414 accuracy 90.62%
[2026-05-04 20:15:04,677][src.modRNN.training.training_loop][INFO] - 	 Starting Epoch: 806
[2026-05-04 20:15:05,750][src.modRNN.training.training_loop][INFO] - train epoch 806 loss 0.5548 accuracy 73.44%
[2026-05-04 20:15:05,752][src.modRNN.training.training_loop][INFO] - 	 Starting Epoch: 807
[2026-05-04 20:15:06,831][src.modRNN.training.training_loop][INFO] - train epoch 807 loss 0.4673 accuracy 82.81%
[2026-05-04 20:15:06,832][src.modRNN.training.training_loop][INFO] - 	 Starting Epoch: 808
[2026-05-04 20:15:07,905][src.modRNN.training.training_loop][INFO] - train epoch 808 loss 0.4281 accuracy 85.94%
[2026-05-04 20:15:07,906][src.modRNN.training.training_loop][INFO] - 	 Starting Epoch: 809
[2026-05-04 20:15:08,985][src.modRNN.training.training_loop][INFO] - train epoch 809 loss 0.4867 accuracy 84.38%
[2026-05-04 20:15:08,986][src.modRNN.training.training_loop][INFO] - 	 Starting Epoch: 810
[2026-05-04 20:15:10,062][src.modRNN.training.training_loop][INFO] - train epoch 810 loss 0.4078 accuracy 90.62%
[2026-05-04 20:15:10,063][src.modRNN.training.training_loop][INFO] - 	 Starting Epoch: 811
[2026-05-04 20:15:11,142][src.modRNN.training.training_loop][INFO] - train epoch 811 loss 0.4997 accuracy 73.44%
[2026-05-04 20:15:11,143][src.modRNN.training.training_loop][INFO] - 	 Starting Epoch: 812
[2026-05-04 20:15:12,222][src.modRNN.training.training_loop][INFO] - train epoch 812 loss 0.4603 accuracy 82.81%
[2026-05-04 20:15:12,224][src.modRNN.training.training_loop][INFO] - 	 Starting Epoch: 813
[2026-05-04 20:15:13,308][src.modRNN.training.training_loop][INFO] - train epoch 813 loss 0.4685 accuracy 84.38%
[2026-05-04 20:15:13,310][src.modRNN.training.training_loop][INFO] - 	 Starting Epoch: 814
[2026-05-04 20:15:14,385][src.modRNN.training.training_loop][INFO] - train epoch 814 loss 0.4356 accuracy 89.06%
[2026-05-04 20:15:14,386][src.modRNN.training.training_loop][INFO] - 	 Starting Epoch: 815
[2026-05-04 20:15:15,467][src.modRNN.training.training_loop][INFO] - train epoch 815 loss 0.4480 accuracy 84.38%
[2026-05-04 20:15:15,468][src.modRNN.training.training_loop][INFO] - 	 Starting Epoch: 816
[2026-05-04 20:15:16,543][src.modRNN.training.training_loop][INFO] - train epoch 816 loss 0.4971 accuracy 78.12%
[2026-05-04 20:15:16,544][src.modRNN.training.training_loop][INFO] - 	 Starting Epoch: 817
[2026-05-04 20:15:17,629][src.modRNN.training.training_loop][INFO] - train epoch 817 loss 0.4432 accuracy 85.94%
[2026-05-04 20:15:17,630][src.modRNN.training.training_loop][INFO] - 	 Starting Epoch: 818
[2026-05-04 20:15:18,711][src.modRNN.training.training_loop][INFO] - train epoch 818 loss 0.5016 accuracy 81.25%
[2026-05-04 20:15:18,712][src.modRNN.training.training_loop][INFO] - 	 Starting Epoch: 819
[2026-05-04 20:15:19,790][src.modRNN.training.training_loop][INFO] - train epoch 819 loss 0.4058 accuracy 92.19%
[2026-05-04 20:15:19,792][src.modRNN.training.training_loop][INFO] - 	 Starting Epoch: 820
[2026-05-04 20:15:20,870][src.modRNN.training.training_loop][INFO] - train epoch 820 loss 0.4560 accuracy 85.94%
[2026-05-04 20:15:20,872][src.modRNN.training.training_loop][INFO] - 	 Starting Epoch: 821
[2026-05-04 20:15:21,947][src.modRNN.training.training_loop][INFO] - train epoch 821 loss 0.4825 accuracy 81.25%
[2026-05-04 20:15:21,949][src.modRNN.training.training_loop][INFO] - 	 Starting Epoch: 822
[2026-05-04 20:15:23,029][src.modRNN.training.training_loop][INFO] - train epoch 822 loss 0.5326 accuracy 76.56%
[2026-05-04 20:15:23,030][src.modRNN.training.training_loop][INFO] - 	 Starting Epoch: 823
[2026-05-04 20:15:24,128][src.modRNN.training.training_loop][INFO] - train epoch 823 loss 0.4077 accuracy 85.94%
[2026-05-04 20:15:24,131][src.modRNN.training.training_loop][INFO] - 	 Starting Epoch: 824
[2026-05-04 20:15:25,267][src.modRNN.training.training_loop][INFO] - train epoch 824 loss 0.4921 accuracy 84.38%
[2026-05-04 20:15:25,268][src.modRNN.training.training_loop][INFO] - 	 Starting Epoch: 825
[2026-05-04 20:15:26,349][src.modRNN.training.training_loop][INFO] - train epoch 825 loss 0.4811 accuracy 82.81%
[2026-05-04 20:15:26,350][src.modRNN.training.training_loop][INFO] - 	 Starting Epoch: 826
[2026-05-04 20:15:27,425][src.modRNN.training.training_loop][INFO] - train epoch 826 loss 0.4627 accuracy 87.50%
[2026-05-04 20:15:29,581][src.modRNN.training.training_loop][INFO] - eval  epoch 826 loss 0.4506 accuracy 85.74%
[2026-05-04 20:15:29,582][src.modRNN.training.training_loop][INFO] - 	 Starting Epoch: 827
[2026-05-04 20:15:30,658][src.modRNN.training.training_loop][INFO] - train epoch 827 loss 0.5200 accuracy 79.69%
[2026-05-04 20:15:30,660][src.modRNN.training.training_loop][INFO] - 	 Starting Epoch: 828
[2026-05-04 20:15:31,740][src.modRNN.training.training_loop][INFO] - train epoch 828 loss 0.4783 accuracy 82.81%
[2026-05-04 20:15:31,741][src.modRNN.training.training_loop][INFO] - 	 Starting Epoch: 829
[2026-05-04 20:15:32,811][src.modRNN.training.training_loop][INFO] - train epoch 829 loss 0.4408 accuracy 87.50%
[2026-05-04 20:15:32,812][src.modRNN.training.training_loop][INFO] - 	 Starting Epoch: 830
[2026-05-04 20:15:33,884][src.modRNN.training.training_loop][INFO] - train epoch 830 loss 0.4747 accuracy 87.50%
[2026-05-04 20:15:33,885][src.modRNN.training.training_loop][INFO] - 	 Starting Epoch: 831
[2026-05-04 20:15:34,955][src.modRNN.training.training_loop][INFO] - train epoch 831 loss 0.4305 accuracy 87.50%
[2026-05-04 20:15:34,957][src.modRNN.training.training_loop][INFO] - 	 Starting Epoch: 832
[2026-05-04 20:15:36,039][src.modRNN.training.training_loop][INFO] - train epoch 832 loss 0.4185 accuracy 92.19%
[2026-05-04 20:15:36,041][src.modRNN.training.training_loop][INFO] - 	 Starting Epoch: 833
[2026-05-04 20:15:37,104][src.modRNN.training.training_loop][INFO] - train epoch 833 loss 0.4135 accuracy 89.06%
[2026-05-04 20:15:37,105][src.modRNN.training.training_loop][INFO] - 	 Starting Epoch: 834
[2026-05-04 20:15:38,176][src.modRNN.training.training_loop][INFO] - train epoch 834 loss 0.5367 accuracy 76.56%
[2026-05-04 20:15:38,177][src.modRNN.training.training_loop][INFO] - 	 Starting Epoch: 835
[2026-05-04 20:15:39,252][src.modRNN.training.training_loop][INFO] - train epoch 835 loss 0.4918 accuracy 81.25%
[2026-05-04 20:15:39,254][src.modRNN.training.training_loop][INFO] - 	 Starting Epoch: 836
[2026-05-04 20:15:40,321][src.modRNN.training.training_loop][INFO] - train epoch 836 loss 0.5081 accuracy 79.69%
[2026-05-04 20:15:40,323][src.modRNN.training.training_loop][INFO] - 	 Starting Epoch: 837
[2026-05-04 20:15:41,395][src.modRNN.training.training_loop][INFO] - train epoch 837 loss 0.4713 accuracy 82.81%
[2026-05-04 20:15:41,396][src.modRNN.training.training_loop][INFO] - 	 Starting Epoch: 838
[2026-05-04 20:15:42,471][src.modRNN.training.training_loop][INFO] - train epoch 838 loss 0.4253 accuracy 84.38%
[2026-05-04 20:15:42,473][src.modRNN.training.training_loop][INFO] - 	 Starting Epoch: 839
[2026-05-04 20:15:43,543][src.modRNN.training.training_loop][INFO] - train epoch 839 loss 0.5542 accuracy 73.44%
[2026-05-04 20:15:43,544][src.modRNN.training.training_loop][INFO] - 	 Starting Epoch: 840
[2026-05-04 20:15:44,615][src.modRNN.training.training_loop][INFO] - train epoch 840 loss 0.5371 accuracy 75.00%
[2026-05-04 20:15:44,616][src.modRNN.training.training_loop][INFO] - 	 Starting Epoch: 841
[2026-05-04 20:15:45,691][src.modRNN.training.training_loop][INFO] - train epoch 841 loss 0.4577 accuracy 81.25%
[2026-05-04 20:15:45,692][src.modRNN.training.training_loop][INFO] - 	 Starting Epoch: 842
[2026-05-04 20:15:46,763][src.modRNN.training.training_loop][INFO] - train epoch 842 loss 0.4218 accuracy 87.50%
[2026-05-04 20:15:46,765][src.modRNN.training.training_loop][INFO] - 	 Starting Epoch: 843
[2026-05-04 20:15:47,833][src.modRNN.training.training_loop][INFO] - train epoch 843 loss 0.5521 accuracy 78.12%
[2026-05-04 20:15:47,834][src.modRNN.training.training_loop][INFO] - 	 Starting Epoch: 844
[2026-05-04 20:15:48,909][src.modRNN.training.training_loop][INFO] - train epoch 844 loss 0.4918 accuracy 81.25%
[2026-05-04 20:15:48,910][src.modRNN.training.training_loop][INFO] - 	 Starting Epoch: 845
[2026-05-04 20:15:49,979][src.modRNN.training.training_loop][INFO] - train epoch 845 loss 0.4241 accuracy 85.94%
[2026-05-04 20:15:49,980][src.modRNN.training.training_loop][INFO] - 	 Starting Epoch: 846
[2026-05-04 20:15:51,053][src.modRNN.training.training_loop][INFO] - train epoch 846 loss 0.5083 accuracy 81.25%
[2026-05-04 20:15:51,054][src.modRNN.training.training_loop][INFO] - 	 Starting Epoch: 847
[2026-05-04 20:15:52,119][src.modRNN.training.training_loop][INFO] - train epoch 847 loss 0.4570 accuracy 82.81%
[2026-05-04 20:15:52,121][src.modRNN.training.training_loop][INFO] - 	 Starting Epoch: 848
[2026-05-04 20:15:53,189][src.modRNN.training.training_loop][INFO] - train epoch 848 loss 0.5477 accuracy 71.88%
[2026-05-04 20:15:53,190][src.modRNN.training.training_loop][INFO] - 	 Starting Epoch: 849
[2026-05-04 20:15:54,260][src.modRNN.training.training_loop][INFO] - train epoch 849 loss 0.4477 accuracy 89.06%
[2026-05-04 20:15:54,261][src.modRNN.training.training_loop][INFO] - 	 Starting Epoch: 850
[2026-05-04 20:15:55,336][src.modRNN.training.training_loop][INFO] - train epoch 850 loss 0.4660 accuracy 82.81%
[2026-05-04 20:15:55,338][src.modRNN.training.training_loop][INFO] - 	 Starting Epoch: 851
[2026-05-04 20:15:56,404][src.modRNN.training.training_loop][INFO] - train epoch 851 loss 0.4283 accuracy 85.94%
[2026-05-04 20:15:58,554][src.modRNN.training.training_loop][INFO] - eval  epoch 851 loss 0.4456 accuracy 86.72%
[2026-05-04 20:15:58,555][src.modRNN.training.training_loop][INFO] - 	 Starting Epoch: 852
[2026-05-04 20:15:59,620][src.modRNN.training.training_loop][INFO] - train epoch 852 loss 0.4843 accuracy 79.69%
[2026-05-04 20:15:59,621][src.modRNN.training.training_loop][INFO] - 	 Starting Epoch: 853
[2026-05-04 20:16:00,694][src.modRNN.training.training_loop][INFO] - train epoch 853 loss 0.4179 accuracy 85.94%
[2026-05-04 20:16:00,695][src.modRNN.training.training_loop][INFO] - 	 Starting Epoch: 854
[2026-05-04 20:16:01,775][src.modRNN.training.training_loop][INFO] - train epoch 854 loss 0.4524 accuracy 84.38%
[2026-05-04 20:16:01,776][src.modRNN.training.training_loop][INFO] - 	 Starting Epoch: 855
[2026-05-04 20:16:02,851][src.modRNN.training.training_loop][INFO] - train epoch 855 loss 0.4605 accuracy 82.81%
[2026-05-04 20:16:02,852][src.modRNN.training.training_loop][INFO] - 	 Starting Epoch: 856
[2026-05-04 20:16:03,930][src.modRNN.training.training_loop][INFO] - train epoch 856 loss 0.4820 accuracy 79.69%
[2026-05-04 20:16:03,932][src.modRNN.training.training_loop][INFO] - 	 Starting Epoch: 857
[2026-05-04 20:16:05,009][src.modRNN.training.training_loop][INFO] - train epoch 857 loss 0.5026 accuracy 78.12%
[2026-05-04 20:16:05,011][src.modRNN.training.training_loop][INFO] - 	 Starting Epoch: 858
[2026-05-04 20:16:06,085][src.modRNN.training.training_loop][INFO] - train epoch 858 loss 0.4345 accuracy 87.50%
[2026-05-04 20:16:06,086][src.modRNN.training.training_loop][INFO] - 	 Starting Epoch: 859
[2026-05-04 20:16:07,164][src.modRNN.training.training_loop][INFO] - train epoch 859 loss 0.3924 accuracy 87.50%
[2026-05-04 20:16:07,166][src.modRNN.training.training_loop][INFO] - 	 Starting Epoch: 860
[2026-05-04 20:16:08,239][src.modRNN.training.training_loop][INFO] - train epoch 860 loss 0.4322 accuracy 85.94%
[2026-05-04 20:16:08,240][src.modRNN.training.training_loop][INFO] - 	 Starting Epoch: 861
[2026-05-04 20:16:09,316][src.modRNN.training.training_loop][INFO] - train epoch 861 loss 0.4243 accuracy 89.06%
[2026-05-04 20:16:09,317][src.modRNN.training.training_loop][INFO] - 	 Starting Epoch: 862
[2026-05-04 20:16:10,396][src.modRNN.training.training_loop][INFO] - train epoch 862 loss 0.4688 accuracy 78.12%
[2026-05-04 20:16:10,398][src.modRNN.training.training_loop][INFO] - 	 Starting Epoch: 863
[2026-05-04 20:16:11,476][src.modRNN.training.training_loop][INFO] - train epoch 863 loss 0.4378 accuracy 87.50%
[2026-05-04 20:16:11,477][src.modRNN.training.training_loop][INFO] - 	 Starting Epoch: 864
[2026-05-04 20:16:12,555][src.modRNN.training.training_loop][INFO] - train epoch 864 loss 0.4886 accuracy 82.81%
[2026-05-04 20:16:12,556][src.modRNN.training.training_loop][INFO] - 	 Starting Epoch: 865
[2026-05-04 20:16:13,634][src.modRNN.training.training_loop][INFO] - train epoch 865 loss 0.3905 accuracy 90.62%
[2026-05-04 20:16:13,636][src.modRNN.training.training_loop][INFO] - 	 Starting Epoch: 866
[2026-05-04 20:16:14,712][src.modRNN.training.training_loop][INFO] - train epoch 866 loss 0.4132 accuracy 89.06%
[2026-05-04 20:16:14,713][src.modRNN.training.training_loop][INFO] - 	 Starting Epoch: 867
[2026-05-04 20:16:15,793][src.modRNN.training.training_loop][INFO] - train epoch 867 loss 0.4539 accuracy 87.50%
[2026-05-04 20:16:15,794][src.modRNN.training.training_loop][INFO] - 	 Starting Epoch: 868
[2026-05-04 20:16:16,872][src.modRNN.training.training_loop][INFO] - train epoch 868 loss 0.4659 accuracy 81.25%
[2026-05-04 20:16:16,874][src.modRNN.training.training_loop][INFO] - 	 Starting Epoch: 869
[2026-05-04 20:16:17,956][src.modRNN.training.training_loop][INFO] - train epoch 869 loss 0.4853 accuracy 87.50%
[2026-05-04 20:16:17,957][src.modRNN.training.training_loop][INFO] - 	 Starting Epoch: 870
[2026-05-04 20:16:19,032][src.modRNN.training.training_loop][INFO] - train epoch 870 loss 0.4568 accuracy 81.25%
[2026-05-04 20:16:19,034][src.modRNN.training.training_loop][INFO] - 	 Starting Epoch: 871
[2026-05-04 20:16:20,120][src.modRNN.training.training_loop][INFO] - train epoch 871 loss 0.4860 accuracy 79.69%
[2026-05-04 20:16:20,122][src.modRNN.training.training_loop][INFO] - 	 Starting Epoch: 872
[2026-05-04 20:16:21,197][src.modRNN.training.training_loop][INFO] - train epoch 872 loss 0.3936 accuracy 92.19%
[2026-05-04 20:16:21,199][src.modRNN.training.training_loop][INFO] - 	 Starting Epoch: 873
[2026-05-04 20:16:22,278][src.modRNN.training.training_loop][INFO] - train epoch 873 loss 0.4614 accuracy 84.38%
[2026-05-04 20:16:22,280][src.modRNN.training.training_loop][INFO] - 	 Starting Epoch: 874
[2026-05-04 20:16:23,364][src.modRNN.training.training_loop][INFO] - train epoch 874 loss 0.4391 accuracy 87.50%
[2026-05-04 20:16:23,365][src.modRNN.training.training_loop][INFO] - 	 Starting Epoch: 875
[2026-05-04 20:16:24,479][src.modRNN.training.training_loop][INFO] - train epoch 875 loss 0.4198 accuracy 89.06%
[2026-05-04 20:16:24,485][src.modRNN.training.training_loop][INFO] - 	 Starting Epoch: 876
[2026-05-04 20:16:25,584][src.modRNN.training.training_loop][INFO] - train epoch 876 loss 0.4375 accuracy 87.50%
[2026-05-04 20:16:27,734][src.modRNN.training.training_loop][INFO] - eval  epoch 876 loss 0.4376 accuracy 85.55%
[2026-05-04 20:16:27,736][src.modRNN.training.training_loop][INFO] - 	 Starting Epoch: 877
[2026-05-04 20:16:28,808][src.modRNN.training.training_loop][INFO] - train epoch 877 loss 0.4067 accuracy 90.62%
[2026-05-04 20:16:28,809][src.modRNN.training.training_loop][INFO] - 	 Starting Epoch: 878
[2026-05-04 20:16:29,882][src.modRNN.training.training_loop][INFO] - train epoch 878 loss 0.4997 accuracy 79.69%
[2026-05-04 20:16:29,883][src.modRNN.training.training_loop][INFO] - 	 Starting Epoch: 879
[2026-05-04 20:16:30,966][src.modRNN.training.training_loop][INFO] - train epoch 879 loss 0.4244 accuracy 84.38%
[2026-05-04 20:16:30,968][src.modRNN.training.training_loop][INFO] - 	 Starting Epoch: 880
[2026-05-04 20:16:32,045][src.modRNN.training.training_loop][INFO] - train epoch 880 loss 0.4360 accuracy 89.06%
[2026-05-04 20:16:32,047][src.modRNN.training.training_loop][INFO] - 	 Starting Epoch: 881
[2026-05-04 20:16:33,114][src.modRNN.training.training_loop][INFO] - train epoch 881 loss 0.4564 accuracy 81.25%
[2026-05-04 20:16:33,116][src.modRNN.training.training_loop][INFO] - 	 Starting Epoch: 882
[2026-05-04 20:16:34,181][src.modRNN.training.training_loop][INFO] - train epoch 882 loss 0.5277 accuracy 75.00%
[2026-05-04 20:16:34,183][src.modRNN.training.training_loop][INFO] - 	 Starting Epoch: 883
[2026-05-04 20:16:35,251][src.modRNN.training.training_loop][INFO] - train epoch 883 loss 0.4789 accuracy 81.25%
[2026-05-04 20:16:35,252][src.modRNN.training.training_loop][INFO] - 	 Starting Epoch: 884
[2026-05-04 20:16:36,319][src.modRNN.training.training_loop][INFO] - train epoch 884 loss 0.4830 accuracy 79.69%
[2026-05-04 20:16:36,321][src.modRNN.training.training_loop][INFO] - 	 Starting Epoch: 885
[2026-05-04 20:16:37,389][src.modRNN.training.training_loop][INFO] - train epoch 885 loss 0.4115 accuracy 90.62%
[2026-05-04 20:16:37,390][src.modRNN.training.training_loop][INFO] - 	 Starting Epoch: 886
[2026-05-04 20:16:38,462][src.modRNN.training.training_loop][INFO] - train epoch 886 loss 0.5024 accuracy 81.25%
[2026-05-04 20:16:38,463][src.modRNN.training.training_loop][INFO] - 	 Starting Epoch: 887
[2026-05-04 20:16:39,536][src.modRNN.training.training_loop][INFO] - train epoch 887 loss 0.4318 accuracy 85.94%
[2026-05-04 20:16:39,538][src.modRNN.training.training_loop][INFO] - 	 Starting Epoch: 888
[2026-05-04 20:16:40,611][src.modRNN.training.training_loop][INFO] - train epoch 888 loss 0.4575 accuracy 87.50%
[2026-05-04 20:16:40,613][src.modRNN.training.training_loop][INFO] - 	 Starting Epoch: 889
[2026-05-04 20:16:41,676][src.modRNN.training.training_loop][INFO] - train epoch 889 loss 0.5033 accuracy 81.25%
[2026-05-04 20:16:41,678][src.modRNN.training.training_loop][INFO] - 	 Starting Epoch: 890
[2026-05-04 20:16:42,750][src.modRNN.training.training_loop][INFO] - train epoch 890 loss 0.5577 accuracy 76.56%
[2026-05-04 20:16:42,751][src.modRNN.training.training_loop][INFO] - 	 Starting Epoch: 891
[2026-05-04 20:16:43,819][src.modRNN.training.training_loop][INFO] - train epoch 891 loss 0.4256 accuracy 89.06%
[2026-05-04 20:16:43,821][src.modRNN.training.training_loop][INFO] - 	 Starting Epoch: 892
[2026-05-04 20:16:44,895][src.modRNN.training.training_loop][INFO] - train epoch 892 loss 0.5205 accuracy 81.25%
[2026-05-04 20:16:44,896][src.modRNN.training.training_loop][INFO] - 	 Starting Epoch: 893
[2026-05-04 20:16:45,970][src.modRNN.training.training_loop][INFO] - train epoch 893 loss 0.5201 accuracy 76.56%
[2026-05-04 20:16:45,971][src.modRNN.training.training_loop][INFO] - 	 Starting Epoch: 894
[2026-05-04 20:16:47,042][src.modRNN.training.training_loop][INFO] - train epoch 894 loss 0.4643 accuracy 84.38%
[2026-05-04 20:16:47,044][src.modRNN.training.training_loop][INFO] - 	 Starting Epoch: 895
[2026-05-04 20:16:48,114][src.modRNN.training.training_loop][INFO] - train epoch 895 loss 0.4216 accuracy 87.50%
[2026-05-04 20:16:48,115][src.modRNN.training.training_loop][INFO] - 	 Starting Epoch: 896
[2026-05-04 20:16:49,188][src.modRNN.training.training_loop][INFO] - train epoch 896 loss 0.4519 accuracy 85.94%
[2026-05-04 20:16:49,189][src.modRNN.training.training_loop][INFO] - 	 Starting Epoch: 897
[2026-05-04 20:16:50,267][src.modRNN.training.training_loop][INFO] - train epoch 897 loss 0.4170 accuracy 85.94%
[2026-05-04 20:16:50,268][src.modRNN.training.training_loop][INFO] - 	 Starting Epoch: 898
[2026-05-04 20:16:51,335][src.modRNN.training.training_loop][INFO] - train epoch 898 loss 0.4294 accuracy 87.50%
[2026-05-04 20:16:51,336][src.modRNN.training.training_loop][INFO] - 	 Starting Epoch: 899
[2026-05-04 20:16:52,408][src.modRNN.training.training_loop][INFO] - train epoch 899 loss 0.4379 accuracy 84.38%
[2026-05-04 20:16:52,409][src.modRNN.training.training_loop][INFO] - 	 Starting Epoch: 900
[2026-05-04 20:16:53,481][src.modRNN.training.training_loop][INFO] - train epoch 900 loss 0.3936 accuracy 87.50%
[2026-05-04 20:16:53,483][src.modRNN.training.training_loop][INFO] - 	 Starting Epoch: 901
[2026-05-04 20:16:54,550][src.modRNN.training.training_loop][INFO] - train epoch 901 loss 0.4598 accuracy 85.94%
[2026-05-04 20:16:56,700][src.modRNN.training.training_loop][INFO] - eval  epoch 901 loss 0.4650 accuracy 83.40%
[2026-05-04 20:16:56,701][src.modRNN.training.training_loop][INFO] - 	 Starting Epoch: 902
[2026-05-04 20:16:57,767][src.modRNN.training.training_loop][INFO] - train epoch 902 loss 0.4511 accuracy 84.38%
[2026-05-04 20:16:57,768][src.modRNN.training.training_loop][INFO] - 	 Starting Epoch: 903
[2026-05-04 20:16:58,832][src.modRNN.training.training_loop][INFO] - train epoch 903 loss 0.4233 accuracy 85.94%
[2026-05-04 20:16:58,834][src.modRNN.training.training_loop][INFO] - 	 Starting Epoch: 904
[2026-05-04 20:16:59,902][src.modRNN.training.training_loop][INFO] - train epoch 904 loss 0.4725 accuracy 82.81%
[2026-05-04 20:16:59,903][src.modRNN.training.training_loop][INFO] - 	 Starting Epoch: 905
[2026-05-04 20:17:00,977][src.modRNN.training.training_loop][INFO] - train epoch 905 loss 0.4393 accuracy 82.81%
[2026-05-04 20:17:00,978][src.modRNN.training.training_loop][INFO] - 	 Starting Epoch: 906
[2026-05-04 20:17:02,059][src.modRNN.training.training_loop][INFO] - train epoch 906 loss 0.4932 accuracy 76.56%
[2026-05-04 20:17:02,061][src.modRNN.training.training_loop][INFO] - 	 Starting Epoch: 907
[2026-05-04 20:17:03,140][src.modRNN.training.training_loop][INFO] - train epoch 907 loss 0.5296 accuracy 75.00%
[2026-05-04 20:17:03,142][src.modRNN.training.training_loop][INFO] - 	 Starting Epoch: 908
[2026-05-04 20:17:04,214][src.modRNN.training.training_loop][INFO] - train epoch 908 loss 0.4169 accuracy 87.50%
[2026-05-04 20:17:04,216][src.modRNN.training.training_loop][INFO] - 	 Starting Epoch: 909
[2026-05-04 20:17:05,294][src.modRNN.training.training_loop][INFO] - train epoch 909 loss 0.3919 accuracy 89.06%
[2026-05-04 20:17:05,296][src.modRNN.training.training_loop][INFO] - 	 Starting Epoch: 910
[2026-05-04 20:17:06,371][src.modRNN.training.training_loop][INFO] - train epoch 910 loss 0.5063 accuracy 78.12%
[2026-05-04 20:17:06,373][src.modRNN.training.training_loop][INFO] - 	 Starting Epoch: 911
[2026-05-04 20:17:07,460][src.modRNN.training.training_loop][INFO] - train epoch 911 loss 0.4987 accuracy 81.25%
[2026-05-04 20:17:07,462][src.modRNN.training.training_loop][INFO] - 	 Starting Epoch: 912
[2026-05-04 20:17:08,543][src.modRNN.training.training_loop][INFO] - train epoch 912 loss 0.4828 accuracy 84.38%
[2026-05-04 20:17:08,545][src.modRNN.training.training_loop][INFO] - 	 Starting Epoch: 913
[2026-05-04 20:17:09,622][src.modRNN.training.training_loop][INFO] - train epoch 913 loss 0.4875 accuracy 78.12%
[2026-05-04 20:17:09,624][src.modRNN.training.training_loop][INFO] - 	 Starting Epoch: 914
[2026-05-04 20:17:10,700][src.modRNN.training.training_loop][INFO] - train epoch 914 loss 0.4889 accuracy 82.81%
[2026-05-04 20:17:10,702][src.modRNN.training.training_loop][INFO] - 	 Starting Epoch: 915
[2026-05-04 20:17:11,780][src.modRNN.training.training_loop][INFO] - train epoch 915 loss 0.4194 accuracy 90.62%
[2026-05-04 20:17:11,782][src.modRNN.training.training_loop][INFO] - 	 Starting Epoch: 916
[2026-05-04 20:17:12,857][src.modRNN.training.training_loop][INFO] - train epoch 916 loss 0.4538 accuracy 84.38%
[2026-05-04 20:17:12,858][src.modRNN.training.training_loop][INFO] - 	 Starting Epoch: 917
[2026-05-04 20:17:13,938][src.modRNN.training.training_loop][INFO] - train epoch 917 loss 0.5275 accuracy 78.12%
[2026-05-04 20:17:13,939][src.modRNN.training.training_loop][INFO] - 	 Starting Epoch: 918
[2026-05-04 20:17:15,017][src.modRNN.training.training_loop][INFO] - train epoch 918 loss 0.4918 accuracy 78.12%
[2026-05-04 20:17:15,018][src.modRNN.training.training_loop][INFO] - 	 Starting Epoch: 919
[2026-05-04 20:17:16,106][src.modRNN.training.training_loop][INFO] - train epoch 919 loss 0.4930 accuracy 75.00%
[2026-05-04 20:17:16,107][src.modRNN.training.training_loop][INFO] - 	 Starting Epoch: 920
[2026-05-04 20:17:17,184][src.modRNN.training.training_loop][INFO] - train epoch 920 loss 0.3895 accuracy 90.62%
[2026-05-04 20:17:17,185][src.modRNN.training.training_loop][INFO] - 	 Starting Epoch: 921
[2026-05-04 20:17:18,265][src.modRNN.training.training_loop][INFO] - train epoch 921 loss 0.5046 accuracy 78.12%
[2026-05-04 20:17:18,266][src.modRNN.training.training_loop][INFO] - 	 Starting Epoch: 922
[2026-05-04 20:17:19,353][src.modRNN.training.training_loop][INFO] - train epoch 922 loss 0.4925 accuracy 79.69%
[2026-05-04 20:17:19,355][src.modRNN.training.training_loop][INFO] - 	 Starting Epoch: 923
[2026-05-04 20:17:20,433][src.modRNN.training.training_loop][INFO] - train epoch 923 loss 0.4288 accuracy 87.50%
[2026-05-04 20:17:20,434][src.modRNN.training.training_loop][INFO] - 	 Starting Epoch: 924
[2026-05-04 20:17:21,513][src.modRNN.training.training_loop][INFO] - train epoch 924 loss 0.4818 accuracy 81.25%
[2026-05-04 20:17:21,514][src.modRNN.training.training_loop][INFO] - 	 Starting Epoch: 925
[2026-05-04 20:17:22,602][src.modRNN.training.training_loop][INFO] - train epoch 925 loss 0.4772 accuracy 82.81%
[2026-05-04 20:17:22,604][src.modRNN.training.training_loop][INFO] - 	 Starting Epoch: 926
[2026-05-04 20:17:23,681][src.modRNN.training.training_loop][INFO] - train epoch 926 loss 0.4491 accuracy 82.81%
[2026-05-04 20:17:25,828][src.modRNN.training.training_loop][INFO] - eval  epoch 926 loss 0.4368 accuracy 85.35%
[2026-05-04 20:17:25,829][src.modRNN.training.training_loop][INFO] - 	 Starting Epoch: 927
[2026-05-04 20:17:26,904][src.modRNN.training.training_loop][INFO] - train epoch 927 loss 0.4441 accuracy 87.50%
[2026-05-04 20:17:26,906][src.modRNN.training.training_loop][INFO] - 	 Starting Epoch: 928
[2026-05-04 20:17:27,984][src.modRNN.training.training_loop][INFO] - train epoch 928 loss 0.5276 accuracy 76.56%
[2026-05-04 20:17:27,985][src.modRNN.training.training_loop][INFO] - 	 Starting Epoch: 929
[2026-05-04 20:17:29,065][src.modRNN.training.training_loop][INFO] - train epoch 929 loss 0.5123 accuracy 82.81%
[2026-05-04 20:17:29,066][src.modRNN.training.training_loop][INFO] - 	 Starting Epoch: 930
[2026-05-04 20:17:30,153][src.modRNN.training.training_loop][INFO] - train epoch 930 loss 0.4240 accuracy 84.38%
[2026-05-04 20:17:30,154][src.modRNN.training.training_loop][INFO] - 	 Starting Epoch: 931
[2026-05-04 20:17:31,234][src.modRNN.training.training_loop][INFO] - train epoch 931 loss 0.5049 accuracy 81.25%
[2026-05-04 20:17:31,236][src.modRNN.training.training_loop][INFO] - 	 Starting Epoch: 932
[2026-05-04 20:17:32,313][src.modRNN.training.training_loop][INFO] - train epoch 932 loss 0.4296 accuracy 82.81%
[2026-05-04 20:17:32,314][src.modRNN.training.training_loop][INFO] - 	 Starting Epoch: 933
[2026-05-04 20:17:33,382][src.modRNN.training.training_loop][INFO] - train epoch 933 loss 0.5549 accuracy 73.44%
[2026-05-04 20:17:33,384][src.modRNN.training.training_loop][INFO] - 	 Starting Epoch: 934
[2026-05-04 20:17:34,457][src.modRNN.training.training_loop][INFO] - train epoch 934 loss 0.4868 accuracy 79.69%
[2026-05-04 20:17:34,458][src.modRNN.training.training_loop][INFO] - 	 Starting Epoch: 935
[2026-05-04 20:17:35,536][src.modRNN.training.training_loop][INFO] - train epoch 935 loss 0.5233 accuracy 75.00%
[2026-05-04 20:17:35,537][src.modRNN.training.training_loop][INFO] - 	 Starting Epoch: 936
[2026-05-04 20:17:36,615][src.modRNN.training.training_loop][INFO] - train epoch 936 loss 0.4439 accuracy 82.81%
[2026-05-04 20:17:36,616][src.modRNN.training.training_loop][INFO] - 	 Starting Epoch: 937
[2026-05-04 20:17:37,691][src.modRNN.training.training_loop][INFO] - train epoch 937 loss 0.4746 accuracy 81.25%
[2026-05-04 20:17:37,692][src.modRNN.training.training_loop][INFO] - 	 Starting Epoch: 938
[2026-05-04 20:17:38,776][src.modRNN.training.training_loop][INFO] - train epoch 938 loss 0.4397 accuracy 87.50%
[2026-05-04 20:17:38,778][src.modRNN.training.training_loop][INFO] - 	 Starting Epoch: 939
[2026-05-04 20:17:39,845][src.modRNN.training.training_loop][INFO] - train epoch 939 loss 0.4915 accuracy 79.69%
[2026-05-04 20:17:39,847][src.modRNN.training.training_loop][INFO] - 	 Starting Epoch: 940
[2026-05-04 20:17:40,924][src.modRNN.training.training_loop][INFO] - train epoch 940 loss 0.4556 accuracy 87.50%
[2026-05-04 20:17:40,926][src.modRNN.training.training_loop][INFO] - 	 Starting Epoch: 941
[2026-05-04 20:17:41,996][src.modRNN.training.training_loop][INFO] - train epoch 941 loss 0.5181 accuracy 84.38%
[2026-05-04 20:17:41,998][src.modRNN.training.training_loop][INFO] - 	 Starting Epoch: 942
[2026-05-04 20:17:43,070][src.modRNN.training.training_loop][INFO] - train epoch 942 loss 0.4154 accuracy 89.06%
[2026-05-04 20:17:43,071][src.modRNN.training.training_loop][INFO] - 	 Starting Epoch: 943
[2026-05-04 20:17:44,155][src.modRNN.training.training_loop][INFO] - train epoch 943 loss 0.4270 accuracy 89.06%
[2026-05-04 20:17:44,156][src.modRNN.training.training_loop][INFO] - 	 Starting Epoch: 944
[2026-05-04 20:17:45,234][src.modRNN.training.training_loop][INFO] - train epoch 944 loss 0.5003 accuracy 82.81%
[2026-05-04 20:17:45,236][src.modRNN.training.training_loop][INFO] - 	 Starting Epoch: 945
[2026-05-04 20:17:46,312][src.modRNN.training.training_loop][INFO] - train epoch 945 loss 0.4890 accuracy 85.94%
[2026-05-04 20:17:46,313][src.modRNN.training.training_loop][INFO] - 	 Starting Epoch: 946
[2026-05-04 20:17:47,384][src.modRNN.training.training_loop][INFO] - train epoch 946 loss 0.3890 accuracy 89.06%
[2026-05-04 20:17:47,386][src.modRNN.training.training_loop][INFO] - 	 Starting Epoch: 947
[2026-05-04 20:17:48,455][src.modRNN.training.training_loop][INFO] - train epoch 947 loss 0.4440 accuracy 84.38%
[2026-05-04 20:17:48,457][src.modRNN.training.training_loop][INFO] - 	 Starting Epoch: 948
[2026-05-04 20:17:49,537][src.modRNN.training.training_loop][INFO] - train epoch 948 loss 0.4912 accuracy 82.81%
[2026-05-04 20:17:49,538][src.modRNN.training.training_loop][INFO] - 	 Starting Epoch: 949
[2026-05-04 20:17:50,607][src.modRNN.training.training_loop][INFO] - train epoch 949 loss 0.5137 accuracy 81.25%
[2026-05-04 20:17:50,608][src.modRNN.training.training_loop][INFO] - 	 Starting Epoch: 950
[2026-05-04 20:17:51,682][src.modRNN.training.training_loop][INFO] - train epoch 950 loss 0.4450 accuracy 82.81%
[2026-05-04 20:17:51,684][src.modRNN.training.training_loop][INFO] - 	 Starting Epoch: 951
[2026-05-04 20:17:52,752][src.modRNN.training.training_loop][INFO] - train epoch 951 loss 0.4065 accuracy 90.62%
[2026-05-04 20:17:54,902][src.modRNN.training.training_loop][INFO] - eval  epoch 951 loss 0.4686 accuracy 84.77%
[2026-05-04 20:17:54,903][src.modRNN.training.training_loop][INFO] - 	 Starting Epoch: 952
[2026-05-04 20:17:55,970][src.modRNN.training.training_loop][INFO] - train epoch 952 loss 0.4699 accuracy 82.81%
[2026-05-04 20:17:55,971][src.modRNN.training.training_loop][INFO] - 	 Starting Epoch: 953
[2026-05-04 20:17:57,049][src.modRNN.training.training_loop][INFO] - train epoch 953 loss 0.5143 accuracy 85.94%
[2026-05-04 20:17:57,050][src.modRNN.training.training_loop][INFO] - 	 Starting Epoch: 954
[2026-05-04 20:17:58,120][src.modRNN.training.training_loop][INFO] - train epoch 954 loss 0.4934 accuracy 85.94%
[2026-05-04 20:17:58,122][src.modRNN.training.training_loop][INFO] - 	 Starting Epoch: 955
[2026-05-04 20:17:59,196][src.modRNN.training.training_loop][INFO] - train epoch 955 loss 0.5023 accuracy 81.25%
[2026-05-04 20:17:59,197][src.modRNN.training.training_loop][INFO] - 	 Starting Epoch: 956
[2026-05-04 20:18:00,268][src.modRNN.training.training_loop][INFO] - train epoch 956 loss 0.3880 accuracy 93.75%
[2026-05-04 20:18:00,269][src.modRNN.training.training_loop][INFO] - 	 Starting Epoch: 957
[2026-05-04 20:18:01,342][src.modRNN.training.training_loop][INFO] - train epoch 957 loss 0.4674 accuracy 82.81%
[2026-05-04 20:18:01,344][src.modRNN.training.training_loop][INFO] - 	 Starting Epoch: 958
[2026-05-04 20:18:02,415][src.modRNN.training.training_loop][INFO] - train epoch 958 loss 0.4539 accuracy 78.12%
[2026-05-04 20:18:02,417][src.modRNN.training.training_loop][INFO] - 	 Starting Epoch: 959
[2026-05-04 20:18:03,498][src.modRNN.training.training_loop][INFO] - train epoch 959 loss 0.4241 accuracy 85.94%
[2026-05-04 20:18:03,499][src.modRNN.training.training_loop][INFO] - 	 Starting Epoch: 960
[2026-05-04 20:18:04,577][src.modRNN.training.training_loop][INFO] - train epoch 960 loss 0.4790 accuracy 81.25%
[2026-05-04 20:18:04,578][src.modRNN.training.training_loop][INFO] - 	 Starting Epoch: 961
[2026-05-04 20:18:05,666][src.modRNN.training.training_loop][INFO] - train epoch 961 loss 0.4551 accuracy 84.38%
[2026-05-04 20:18:05,668][src.modRNN.training.training_loop][INFO] - 	 Starting Epoch: 962
[2026-05-04 20:18:06,750][src.modRNN.training.training_loop][INFO] - train epoch 962 loss 0.4875 accuracy 82.81%
[2026-05-04 20:18:06,752][src.modRNN.training.training_loop][INFO] - 	 Starting Epoch: 963
[2026-05-04 20:18:07,838][src.modRNN.training.training_loop][INFO] - train epoch 963 loss 0.4606 accuracy 87.50%
[2026-05-04 20:18:07,840][src.modRNN.training.training_loop][INFO] - 	 Starting Epoch: 964
[2026-05-04 20:18:08,919][src.modRNN.training.training_loop][INFO] - train epoch 964 loss 0.5178 accuracy 76.56%
[2026-05-04 20:18:08,921][src.modRNN.training.training_loop][INFO] - 	 Starting Epoch: 965
[2026-05-04 20:18:10,003][src.modRNN.training.training_loop][INFO] - train epoch 965 loss 0.3525 accuracy 93.75%
[2026-05-04 20:18:10,004][src.modRNN.training.training_loop][INFO] - 	 Starting Epoch: 966
[2026-05-04 20:18:11,085][src.modRNN.training.training_loop][INFO] - train epoch 966 loss 0.4931 accuracy 78.12%
[2026-05-04 20:18:11,086][src.modRNN.training.training_loop][INFO] - 	 Starting Epoch: 967
[2026-05-04 20:18:12,175][src.modRNN.training.training_loop][INFO] - train epoch 967 loss 0.4948 accuracy 79.69%
[2026-05-04 20:18:12,176][src.modRNN.training.training_loop][INFO] - 	 Starting Epoch: 968
[2026-05-04 20:18:13,258][src.modRNN.training.training_loop][INFO] - train epoch 968 loss 0.5265 accuracy 75.00%
[2026-05-04 20:18:13,260][src.modRNN.training.training_loop][INFO] - 	 Starting Epoch: 969
[2026-05-04 20:18:14,340][src.modRNN.training.training_loop][INFO] - train epoch 969 loss 0.4757 accuracy 79.69%
[2026-05-04 20:18:14,342][src.modRNN.training.training_loop][INFO] - 	 Starting Epoch: 970
[2026-05-04 20:18:15,425][src.modRNN.training.training_loop][INFO] - train epoch 970 loss 0.4076 accuracy 89.06%
[2026-05-04 20:18:15,426][src.modRNN.training.training_loop][INFO] - 	 Starting Epoch: 971
[2026-05-04 20:18:16,502][src.modRNN.training.training_loop][INFO] - train epoch 971 loss 0.5122 accuracy 79.69%
[2026-05-04 20:18:16,504][src.modRNN.training.training_loop][INFO] - 	 Starting Epoch: 972
[2026-05-04 20:18:17,590][src.modRNN.training.training_loop][INFO] - train epoch 972 loss 0.4443 accuracy 84.38%
[2026-05-04 20:18:17,591][src.modRNN.training.training_loop][INFO] - 	 Starting Epoch: 973
[2026-05-04 20:18:18,672][src.modRNN.training.training_loop][INFO] - train epoch 973 loss 0.4579 accuracy 82.81%
[2026-05-04 20:18:18,673][src.modRNN.training.training_loop][INFO] - 	 Starting Epoch: 974
[2026-05-04 20:18:19,750][src.modRNN.training.training_loop][INFO] - train epoch 974 loss 0.4755 accuracy 87.50%
[2026-05-04 20:18:19,751][src.modRNN.training.training_loop][INFO] - 	 Starting Epoch: 975
[2026-05-04 20:18:20,835][src.modRNN.training.training_loop][INFO] - train epoch 975 loss 0.3856 accuracy 93.75%
[2026-05-04 20:18:20,836][src.modRNN.training.training_loop][INFO] - 	 Starting Epoch: 976
[2026-05-04 20:18:21,919][src.modRNN.training.training_loop][INFO] - train epoch 976 loss 0.4543 accuracy 87.50%
[2026-05-04 20:18:24,070][src.modRNN.training.training_loop][INFO] - eval  epoch 976 loss 0.4663 accuracy 82.42%
[2026-05-04 20:18:24,072][src.modRNN.training.training_loop][INFO] - 	 Starting Epoch: 977
[2026-05-04 20:18:25,205][src.modRNN.training.training_loop][INFO] - train epoch 977 loss 0.3980 accuracy 89.06%
[2026-05-04 20:18:25,207][src.modRNN.training.training_loop][INFO] - 	 Starting Epoch: 978
[2026-05-04 20:18:26,287][src.modRNN.training.training_loop][INFO] - train epoch 978 loss 0.5142 accuracy 82.81%
[2026-05-04 20:18:26,288][src.modRNN.training.training_loop][INFO] - 	 Starting Epoch: 979
[2026-05-04 20:18:27,371][src.modRNN.training.training_loop][INFO] - train epoch 979 loss 0.4683 accuracy 85.94%
[2026-05-04 20:18:27,372][src.modRNN.training.training_loop][INFO] - 	 Starting Epoch: 980
[2026-05-04 20:18:28,454][src.modRNN.training.training_loop][INFO] - train epoch 980 loss 0.4005 accuracy 87.50%
[2026-05-04 20:18:28,456][src.modRNN.training.training_loop][INFO] - 	 Starting Epoch: 981
[2026-05-04 20:18:29,544][src.modRNN.training.training_loop][INFO] - train epoch 981 loss 0.4610 accuracy 82.81%
[2026-05-04 20:18:29,545][src.modRNN.training.training_loop][INFO] - 	 Starting Epoch: 982
[2026-05-04 20:18:30,628][src.modRNN.training.training_loop][INFO] - train epoch 982 loss 0.4871 accuracy 79.69%
[2026-05-04 20:18:30,630][src.modRNN.training.training_loop][INFO] - 	 Starting Epoch: 983
[2026-05-04 20:18:31,710][src.modRNN.training.training_loop][INFO] - train epoch 983 loss 0.4696 accuracy 79.69%
[2026-05-04 20:18:31,711][src.modRNN.training.training_loop][INFO] - 	 Starting Epoch: 984
[2026-05-04 20:18:32,781][src.modRNN.training.training_loop][INFO] - train epoch 984 loss 0.4580 accuracy 79.69%
[2026-05-04 20:18:32,782][src.modRNN.training.training_loop][INFO] - 	 Starting Epoch: 985
[2026-05-04 20:18:33,856][src.modRNN.training.training_loop][INFO] - train epoch 985 loss 0.4943 accuracy 81.25%
[2026-05-04 20:18:33,857][src.modRNN.training.training_loop][INFO] - 	 Starting Epoch: 986
[2026-05-04 20:18:34,946][src.modRNN.training.training_loop][INFO] - train epoch 986 loss 0.4752 accuracy 79.69%
[2026-05-04 20:18:34,948][src.modRNN.training.training_loop][INFO] - 	 Starting Epoch: 987
[2026-05-04 20:18:36,023][src.modRNN.training.training_loop][INFO] - train epoch 987 loss 0.4454 accuracy 87.50%
[2026-05-04 20:18:36,024][src.modRNN.training.training_loop][INFO] - 	 Starting Epoch: 988
[2026-05-04 20:18:37,097][src.modRNN.training.training_loop][INFO] - train epoch 988 loss 0.4400 accuracy 89.06%
[2026-05-04 20:18:37,098][src.modRNN.training.training_loop][INFO] - 	 Starting Epoch: 989
[2026-05-04 20:18:38,171][src.modRNN.training.training_loop][INFO] - train epoch 989 loss 0.3786 accuracy 90.62%
[2026-05-04 20:18:38,172][src.modRNN.training.training_loop][INFO] - 	 Starting Epoch: 990
[2026-05-04 20:18:39,249][src.modRNN.training.training_loop][INFO] - train epoch 990 loss 0.4891 accuracy 84.38%
[2026-05-04 20:18:39,250][src.modRNN.training.training_loop][INFO] - 	 Starting Epoch: 991
[2026-05-04 20:18:40,329][src.modRNN.training.training_loop][INFO] - train epoch 991 loss 0.3829 accuracy 89.06%
[2026-05-04 20:18:40,330][src.modRNN.training.training_loop][INFO] - 	 Starting Epoch: 992
[2026-05-04 20:18:41,405][src.modRNN.training.training_loop][INFO] - train epoch 992 loss 0.4267 accuracy 85.94%
[2026-05-04 20:18:41,407][src.modRNN.training.training_loop][INFO] - 	 Starting Epoch: 993
[2026-05-04 20:18:42,481][src.modRNN.training.training_loop][INFO] - train epoch 993 loss 0.4761 accuracy 81.25%
[2026-05-04 20:18:42,482][src.modRNN.training.training_loop][INFO] - 	 Starting Epoch: 994
[2026-05-04 20:18:43,558][src.modRNN.training.training_loop][INFO] - train epoch 994 loss 0.3530 accuracy 93.75%
[2026-05-04 20:18:43,560][src.modRNN.training.training_loop][INFO] - 	 Starting Epoch: 995
[2026-05-04 20:18:44,633][src.modRNN.training.training_loop][INFO] - train epoch 995 loss 0.4124 accuracy 87.50%
[2026-05-04 20:18:44,635][src.modRNN.training.training_loop][INFO] - 	 Starting Epoch: 996
[2026-05-04 20:18:45,708][src.modRNN.training.training_loop][INFO] - train epoch 996 loss 0.4672 accuracy 78.12%
[2026-05-04 20:18:45,710][src.modRNN.training.training_loop][INFO] - 	 Starting Epoch: 997
[2026-05-04 20:18:46,792][src.modRNN.training.training_loop][INFO] - train epoch 997 loss 0.3984 accuracy 92.19%
[2026-05-04 20:18:46,794][src.modRNN.training.training_loop][INFO] - 	 Starting Epoch: 998
[2026-05-04 20:18:47,869][src.modRNN.training.training_loop][INFO] - train epoch 998 loss 0.4569 accuracy 85.94%
[2026-05-04 20:18:47,871][src.modRNN.training.training_loop][INFO] - 	 Starting Epoch: 999
[2026-05-04 20:18:48,950][src.modRNN.training.training_loop][INFO] - train epoch 999 loss 0.4237 accuracy 85.94%
[2026-05-04 20:18:48,951][src.modRNN.training.training_loop][INFO] - 	 Starting Epoch: 1000
[2026-05-04 20:18:50,024][src.modRNN.training.training_loop][INFO] - train epoch 1000 loss 0.4685 accuracy 84.38%
[2026-05-04 20:18:50,026][src.modRNN.training.training_loop][INFO] - 	 Starting Epoch: 1001
[2026-05-04 20:18:51,107][src.modRNN.training.training_loop][INFO] - train epoch 1001 loss 0.4660 accuracy 87.50%
[2026-05-04 20:18:53,257][src.modRNN.training.training_loop][INFO] - eval  epoch 1001 loss 0.4411 accuracy 85.55%
[2026-05-04 20:18:53,258][src.modRNN.training.training_loop][INFO] - 	 Starting Epoch: 1002
[2026-05-04 20:18:54,328][src.modRNN.training.training_loop][INFO] - train epoch 1002 loss 0.3799 accuracy 92.19%
[2026-05-04 20:18:54,329][src.modRNN.training.training_loop][INFO] - 	 Starting Epoch: 1003
[2026-05-04 20:18:55,404][src.modRNN.training.training_loop][INFO] - train epoch 1003 loss 0.4907 accuracy 79.69%
[2026-05-04 20:18:55,406][src.modRNN.training.training_loop][INFO] - 	 Starting Epoch: 1004
[2026-05-04 20:18:56,479][src.modRNN.training.training_loop][INFO] - train epoch 1004 loss 0.4404 accuracy 82.81%
[2026-05-04 20:18:56,480][src.modRNN.training.training_loop][INFO] - 	 Starting Epoch: 1005
[2026-05-04 20:18:57,547][src.modRNN.training.training_loop][INFO] - train epoch 1005 loss 0.4430 accuracy 85.94%
[2026-05-04 20:18:57,549][src.modRNN.training.training_loop][INFO] - 	 Starting Epoch: 1006
[2026-05-04 20:18:58,632][src.modRNN.training.training_loop][INFO] - train epoch 1006 loss 0.4452 accuracy 85.94%
[2026-05-04 20:18:58,633][src.modRNN.training.training_loop][INFO] - 	 Starting Epoch: 1007
[2026-05-04 20:18:59,703][src.modRNN.training.training_loop][INFO] - train epoch 1007 loss 0.4730 accuracy 82.81%
[2026-05-04 20:18:59,705][src.modRNN.training.training_loop][INFO] - 	 Starting Epoch: 1008
[2026-05-04 20:19:00,784][src.modRNN.training.training_loop][INFO] - train epoch 1008 loss 0.3946 accuracy 89.06%
[2026-05-04 20:19:00,785][src.modRNN.training.training_loop][INFO] - 	 Starting Epoch: 1009
[2026-05-04 20:19:01,862][src.modRNN.training.training_loop][INFO] - train epoch 1009 loss 0.4807 accuracy 82.81%
[2026-05-04 20:19:01,863][src.modRNN.training.training_loop][INFO] - 	 Starting Epoch: 1010
[2026-05-04 20:19:02,944][src.modRNN.training.training_loop][INFO] - train epoch 1010 loss 0.4382 accuracy 85.94%
[2026-05-04 20:19:02,946][src.modRNN.training.training_loop][INFO] - 	 Starting Epoch: 1011
[2026-05-04 20:19:04,025][src.modRNN.training.training_loop][INFO] - train epoch 1011 loss 0.5407 accuracy 75.00%
[2026-05-04 20:19:04,026][src.modRNN.training.training_loop][INFO] - 	 Starting Epoch: 1012
[2026-05-04 20:19:05,113][src.modRNN.training.training_loop][INFO] - train epoch 1012 loss 0.4236 accuracy 85.94%
[2026-05-04 20:19:05,114][src.modRNN.training.training_loop][INFO] - 	 Starting Epoch: 1013
[2026-05-04 20:19:06,192][src.modRNN.training.training_loop][INFO] - train epoch 1013 loss 0.3284 accuracy 95.31%
[2026-05-04 20:19:06,194][src.modRNN.training.training_loop][INFO] - 	 Starting Epoch: 1014
[2026-05-04 20:19:07,274][src.modRNN.training.training_loop][INFO] - train epoch 1014 loss 0.4129 accuracy 85.94%
[2026-05-04 20:19:07,275][src.modRNN.training.training_loop][INFO] - 	 Starting Epoch: 1015
[2026-05-04 20:19:08,357][src.modRNN.training.training_loop][INFO] - train epoch 1015 loss 0.4933 accuracy 81.25%
[2026-05-04 20:19:08,359][src.modRNN.training.training_loop][INFO] - 	 Starting Epoch: 1016
[2026-05-04 20:19:09,438][src.modRNN.training.training_loop][INFO] - train epoch 1016 loss 0.4692 accuracy 82.81%
[2026-05-04 20:19:09,439][src.modRNN.training.training_loop][INFO] - 	 Starting Epoch: 1017
[2026-05-04 20:19:10,522][src.modRNN.training.training_loop][INFO] - train epoch 1017 loss 0.4760 accuracy 82.81%
[2026-05-04 20:19:10,524][src.modRNN.training.training_loop][INFO] - 	 Starting Epoch: 1018
[2026-05-04 20:19:11,603][src.modRNN.training.training_loop][INFO] - train epoch 1018 loss 0.4428 accuracy 82.81%
[2026-05-04 20:19:11,604][src.modRNN.training.training_loop][INFO] - 	 Starting Epoch: 1019
[2026-05-04 20:19:12,688][src.modRNN.training.training_loop][INFO] - train epoch 1019 loss 0.5203 accuracy 79.69%
[2026-05-04 20:19:12,690][src.modRNN.training.training_loop][INFO] - 	 Starting Epoch: 1020
[2026-05-04 20:19:13,776][src.modRNN.training.training_loop][INFO] - train epoch 1020 loss 0.3679 accuracy 93.75%
[2026-05-04 20:19:13,778][src.modRNN.training.training_loop][INFO] - 	 Starting Epoch: 1021
[2026-05-04 20:19:14,863][src.modRNN.training.training_loop][INFO] - train epoch 1021 loss 0.4382 accuracy 85.94%
[2026-05-04 20:19:14,864][src.modRNN.training.training_loop][INFO] - 	 Starting Epoch: 1022
[2026-05-04 20:19:15,950][src.modRNN.training.training_loop][INFO] - train epoch 1022 loss 0.5140 accuracy 78.12%
[2026-05-04 20:19:15,951][src.modRNN.training.training_loop][INFO] - 	 Starting Epoch: 1023
[2026-05-04 20:19:17,041][src.modRNN.training.training_loop][INFO] - train epoch 1023 loss 0.4382 accuracy 84.38%
[2026-05-04 20:19:17,043][src.modRNN.training.training_loop][INFO] - 	 Starting Epoch: 1024
[2026-05-04 20:19:18,122][src.modRNN.training.training_loop][INFO] - train epoch 1024 loss 0.3588 accuracy 90.62%
[2026-05-04 20:19:18,123][src.modRNN.training.training_loop][INFO] - 	 Starting Epoch: 1025
[2026-05-04 20:19:19,209][src.modRNN.training.training_loop][INFO] - train epoch 1025 loss 0.4372 accuracy 84.38%
[2026-05-04 20:19:19,210][src.modRNN.training.training_loop][INFO] - 	 Starting Epoch: 1026
[2026-05-04 20:19:20,287][src.modRNN.training.training_loop][INFO] - train epoch 1026 loss 0.4429 accuracy 87.50%
[2026-05-04 20:19:22,441][src.modRNN.training.training_loop][INFO] - eval  epoch 1026 loss 0.4320 accuracy 86.33%
[2026-05-04 20:19:22,442][src.modRNN.training.training_loop][INFO] - 	 Starting Epoch: 1027
[2026-05-04 20:19:23,523][src.modRNN.training.training_loop][INFO] - train epoch 1027 loss 0.4411 accuracy 84.38%
[2026-05-04 20:19:23,525][src.modRNN.training.training_loop][INFO] - 	 Starting Epoch: 1028
[2026-05-04 20:19:24,653][src.modRNN.training.training_loop][INFO] - train epoch 1028 loss 0.4119 accuracy 92.19%
[2026-05-04 20:19:24,656][src.modRNN.training.training_loop][INFO] - 	 Starting Epoch: 1029
[2026-05-04 20:19:25,749][src.modRNN.training.training_loop][INFO] - train epoch 1029 loss 0.4194 accuracy 89.06%
[2026-05-04 20:19:25,750][src.modRNN.training.training_loop][INFO] - 	 Starting Epoch: 1030
[2026-05-04 20:19:26,837][src.modRNN.training.training_loop][INFO] - train epoch 1030 loss 0.5203 accuracy 84.38%
[2026-05-04 20:19:26,839][src.modRNN.training.training_loop][INFO] - 	 Starting Epoch: 1031
[2026-05-04 20:19:27,926][src.modRNN.training.training_loop][INFO] - train epoch 1031 loss 0.4845 accuracy 82.81%
[2026-05-04 20:19:27,927][src.modRNN.training.training_loop][INFO] - 	 Starting Epoch: 1032
[2026-05-04 20:19:29,017][src.modRNN.training.training_loop][INFO] - train epoch 1032 loss 0.4500 accuracy 84.38%
[2026-05-04 20:19:29,018][src.modRNN.training.training_loop][INFO] - 	 Starting Epoch: 1033
[2026-05-04 20:19:30,101][src.modRNN.training.training_loop][INFO] - train epoch 1033 loss 0.4340 accuracy 84.38%
[2026-05-04 20:19:30,103][src.modRNN.training.training_loop][INFO] - 	 Starting Epoch: 1034
[2026-05-04 20:19:31,187][src.modRNN.training.training_loop][INFO] - train epoch 1034 loss 0.5160 accuracy 78.12%
[2026-05-04 20:19:31,189][src.modRNN.training.training_loop][INFO] - 	 Starting Epoch: 1035
[2026-05-04 20:19:32,269][src.modRNN.training.training_loop][INFO] - train epoch 1035 loss 0.5093 accuracy 84.38%
[2026-05-04 20:19:32,270][src.modRNN.training.training_loop][INFO] - 	 Starting Epoch: 1036
[2026-05-04 20:19:33,343][src.modRNN.training.training_loop][INFO] - train epoch 1036 loss 0.5010 accuracy 79.69%
[2026-05-04 20:19:33,344][src.modRNN.training.training_loop][INFO] - 	 Starting Epoch: 1037
[2026-05-04 20:19:34,417][src.modRNN.training.training_loop][INFO] - train epoch 1037 loss 0.4116 accuracy 90.62%
[2026-05-04 20:19:34,418][src.modRNN.training.training_loop][INFO] - 	 Starting Epoch: 1038
[2026-05-04 20:19:35,506][src.modRNN.training.training_loop][INFO] - train epoch 1038 loss 0.5042 accuracy 79.69%
[2026-05-04 20:19:35,508][src.modRNN.training.training_loop][INFO] - 	 Starting Epoch: 1039
[2026-05-04 20:19:36,594][src.modRNN.training.training_loop][INFO] - train epoch 1039 loss 0.4196 accuracy 84.38%
[2026-05-04 20:19:36,595][src.modRNN.training.training_loop][INFO] - 	 Starting Epoch: 1040
[2026-05-04 20:19:37,669][src.modRNN.training.training_loop][INFO] - train epoch 1040 loss 0.5096 accuracy 79.69%
[2026-05-04 20:19:37,670][src.modRNN.training.training_loop][INFO] - 	 Starting Epoch: 1041
[2026-05-04 20:19:38,747][src.modRNN.training.training_loop][INFO] - train epoch 1041 loss 0.5188 accuracy 75.00%
[2026-05-04 20:19:38,748][src.modRNN.training.training_loop][INFO] - 	 Starting Epoch: 1042
[2026-05-04 20:19:39,822][src.modRNN.training.training_loop][INFO] - train epoch 1042 loss 0.5741 accuracy 75.00%
[2026-05-04 20:19:39,823][src.modRNN.training.training_loop][INFO] - 	 Starting Epoch: 1043
[2026-05-04 20:19:40,906][src.modRNN.training.training_loop][INFO] - train epoch 1043 loss 0.4747 accuracy 85.94%
[2026-05-04 20:19:40,908][src.modRNN.training.training_loop][INFO] - 	 Starting Epoch: 1044
[2026-05-04 20:19:41,992][src.modRNN.training.training_loop][INFO] - train epoch 1044 loss 0.3958 accuracy 90.62%
[2026-05-04 20:19:41,994][src.modRNN.training.training_loop][INFO] - 	 Starting Epoch: 1045
[2026-05-04 20:19:43,066][src.modRNN.training.training_loop][INFO] - train epoch 1045 loss 0.4807 accuracy 85.94%
[2026-05-04 20:19:43,068][src.modRNN.training.training_loop][INFO] - 	 Starting Epoch: 1046
[2026-05-04 20:19:44,143][src.modRNN.training.training_loop][INFO] - train epoch 1046 loss 0.5016 accuracy 79.69%
[2026-05-04 20:19:44,144][src.modRNN.training.training_loop][INFO] - 	 Starting Epoch: 1047
[2026-05-04 20:19:45,224][src.modRNN.training.training_loop][INFO] - train epoch 1047 loss 0.4519 accuracy 85.94%
[2026-05-04 20:19:45,225][src.modRNN.training.training_loop][INFO] - 	 Starting Epoch: 1048
[2026-05-04 20:19:46,298][src.modRNN.training.training_loop][INFO] - train epoch 1048 loss 0.3742 accuracy 92.19%
[2026-05-04 20:19:46,299][src.modRNN.training.training_loop][INFO] - 	 Starting Epoch: 1049
[2026-05-04 20:19:47,375][src.modRNN.training.training_loop][INFO] - train epoch 1049 loss 0.5203 accuracy 81.25%
[2026-05-04 20:19:47,377][src.modRNN.training.training_loop][INFO] - 	 Starting Epoch: 1050
[2026-05-04 20:19:48,457][src.modRNN.training.training_loop][INFO] - train epoch 1050 loss 0.4341 accuracy 87.50%
[2026-05-04 20:19:48,459][src.modRNN.training.training_loop][INFO] - 	 Starting Epoch: 1051
[2026-05-04 20:19:49,538][src.modRNN.training.training_loop][INFO] - train epoch 1051 loss 0.5149 accuracy 81.25%
[2026-05-04 20:19:51,692][src.modRNN.training.training_loop][INFO] - eval  epoch 1051 loss 0.4382 accuracy 84.77%
[2026-05-04 20:19:51,694][src.modRNN.training.training_loop][INFO] - 	 Starting Epoch: 1052
[2026-05-04 20:19:52,768][src.modRNN.training.training_loop][INFO] - train epoch 1052 loss 0.4426 accuracy 79.69%
[2026-05-04 20:19:52,769][src.modRNN.training.training_loop][INFO] - 	 Starting Epoch: 1053
[2026-05-04 20:19:53,844][src.modRNN.training.training_loop][INFO] - train epoch 1053 loss 0.4462 accuracy 87.50%
[2026-05-04 20:19:53,846][src.modRNN.training.training_loop][INFO] - 	 Starting Epoch: 1054
[2026-05-04 20:19:54,923][src.modRNN.training.training_loop][INFO] - train epoch 1054 loss 0.4049 accuracy 92.19%
[2026-05-04 20:19:54,925][src.modRNN.training.training_loop][INFO] - 	 Starting Epoch: 1055
[2026-05-04 20:19:56,002][src.modRNN.training.training_loop][INFO] - train epoch 1055 loss 0.4379 accuracy 89.06%
[2026-05-04 20:19:56,004][src.modRNN.training.training_loop][INFO] - 	 Starting Epoch: 1056
[2026-05-04 20:19:57,081][src.modRNN.training.training_loop][INFO] - train epoch 1056 loss 0.4244 accuracy 89.06%
[2026-05-04 20:19:57,082][src.modRNN.training.training_loop][INFO] - 	 Starting Epoch: 1057
[2026-05-04 20:19:58,153][src.modRNN.training.training_loop][INFO] - train epoch 1057 loss 0.4193 accuracy 84.38%
[2026-05-04 20:19:58,155][src.modRNN.training.training_loop][INFO] - 	 Starting Epoch: 1058
[2026-05-04 20:19:59,233][src.modRNN.training.training_loop][INFO] - train epoch 1058 loss 0.3836 accuracy 92.19%
[2026-05-04 20:19:59,235][src.modRNN.training.training_loop][INFO] - 	 Starting Epoch: 1059
[2026-05-04 20:20:00,304][src.modRNN.training.training_loop][INFO] - train epoch 1059 loss 0.3946 accuracy 90.62%
[2026-05-04 20:20:00,305][src.modRNN.training.training_loop][INFO] - 	 Starting Epoch: 1060
[2026-05-04 20:20:01,387][src.modRNN.training.training_loop][INFO] - train epoch 1060 loss 0.4141 accuracy 84.38%
[2026-05-04 20:20:01,388][src.modRNN.training.training_loop][INFO] - 	 Starting Epoch: 1061
[2026-05-04 20:20:02,479][src.modRNN.training.training_loop][INFO] - train epoch 1061 loss 0.4661 accuracy 84.38%
[2026-05-04 20:20:02,481][src.modRNN.training.training_loop][INFO] - 	 Starting Epoch: 1062
[2026-05-04 20:20:03,563][src.modRNN.training.training_loop][INFO] - train epoch 1062 loss 0.4765 accuracy 84.38%
[2026-05-04 20:20:03,564][src.modRNN.training.training_loop][INFO] - 	 Starting Epoch: 1063
[2026-05-04 20:20:04,651][src.modRNN.training.training_loop][INFO] - train epoch 1063 loss 0.5026 accuracy 79.69%
[2026-05-04 20:20:04,653][src.modRNN.training.training_loop][INFO] - 	 Starting Epoch: 1064
[2026-05-04 20:20:05,736][src.modRNN.training.training_loop][INFO] - train epoch 1064 loss 0.4744 accuracy 82.81%
[2026-05-04 20:20:05,737][src.modRNN.training.training_loop][INFO] - 	 Starting Epoch: 1065
[2026-05-04 20:20:06,816][src.modRNN.training.training_loop][INFO] - train epoch 1065 loss 0.4565 accuracy 84.38%
[2026-05-04 20:20:06,818][src.modRNN.training.training_loop][INFO] - 	 Starting Epoch: 1066
[2026-05-04 20:20:07,906][src.modRNN.training.training_loop][INFO] - train epoch 1066 loss 0.3732 accuracy 89.06%
[2026-05-04 20:20:07,908][src.modRNN.training.training_loop][INFO] - 	 Starting Epoch: 1067
[2026-05-04 20:20:08,986][src.modRNN.training.training_loop][INFO] - train epoch 1067 loss 0.4318 accuracy 85.94%
[2026-05-04 20:20:08,988][src.modRNN.training.training_loop][INFO] - 	 Starting Epoch: 1068
[2026-05-04 20:20:10,068][src.modRNN.training.training_loop][INFO] - train epoch 1068 loss 0.4272 accuracy 85.94%
[2026-05-04 20:20:10,069][src.modRNN.training.training_loop][INFO] - 	 Starting Epoch: 1069
[2026-05-04 20:20:11,156][src.modRNN.training.training_loop][INFO] - train epoch 1069 loss 0.4874 accuracy 81.25%
[2026-05-04 20:20:11,158][src.modRNN.training.training_loop][INFO] - 	 Starting Epoch: 1070
[2026-05-04 20:20:12,238][src.modRNN.training.training_loop][INFO] - train epoch 1070 loss 0.4560 accuracy 85.94%
[2026-05-04 20:20:12,240][src.modRNN.training.training_loop][INFO] - 	 Starting Epoch: 1071
[2026-05-04 20:20:13,322][src.modRNN.training.training_loop][INFO] - train epoch 1071 loss 0.5441 accuracy 75.00%
[2026-05-04 20:20:13,323][src.modRNN.training.training_loop][INFO] - 	 Starting Epoch: 1072
[2026-05-04 20:20:14,407][src.modRNN.training.training_loop][INFO] - train epoch 1072 loss 0.3775 accuracy 92.19%
[2026-05-04 20:20:14,409][src.modRNN.training.training_loop][INFO] - 	 Starting Epoch: 1073
[2026-05-04 20:20:15,497][src.modRNN.training.training_loop][INFO] - train epoch 1073 loss 0.5100 accuracy 78.12%
[2026-05-04 20:20:15,498][src.modRNN.training.training_loop][INFO] - 	 Starting Epoch: 1074
[2026-05-04 20:20:16,585][src.modRNN.training.training_loop][INFO] - train epoch 1074 loss 0.4133 accuracy 84.38%
[2026-05-04 20:20:16,587][src.modRNN.training.training_loop][INFO] - 	 Starting Epoch: 1075
[2026-05-04 20:20:17,670][src.modRNN.training.training_loop][INFO] - train epoch 1075 loss 0.5317 accuracy 82.81%
[2026-05-04 20:20:17,672][src.modRNN.training.training_loop][INFO] - 	 Starting Epoch: 1076
[2026-05-04 20:20:18,755][src.modRNN.training.training_loop][INFO] - train epoch 1076 loss 0.4745 accuracy 84.38%
[2026-05-04 20:20:20,906][src.modRNN.training.training_loop][INFO] - eval  epoch 1076 loss 0.4360 accuracy 86.91%
[2026-05-04 20:20:20,908][src.modRNN.training.training_loop][INFO] - 	 Starting Epoch: 1077
[2026-05-04 20:20:21,992][src.modRNN.training.training_loop][INFO] - train epoch 1077 loss 0.4520 accuracy 84.38%
[2026-05-04 20:20:21,993][src.modRNN.training.training_loop][INFO] - 	 Starting Epoch: 1078
[2026-05-04 20:20:23,074][src.modRNN.training.training_loop][INFO] - train epoch 1078 loss 0.3233 accuracy 95.31%
[2026-05-04 20:20:23,076][src.modRNN.training.training_loop][INFO] - 	 Starting Epoch: 1079
[2026-05-04 20:20:24,185][src.modRNN.training.training_loop][INFO] - train epoch 1079 loss 0.4635 accuracy 85.94%
[2026-05-04 20:20:24,187][src.modRNN.training.training_loop][INFO] - 	 Starting Epoch: 1080
[2026-05-04 20:20:25,310][src.modRNN.training.training_loop][INFO] - train epoch 1080 loss 0.4375 accuracy 85.94%
[2026-05-04 20:20:25,312][src.modRNN.training.training_loop][INFO] - 	 Starting Epoch: 1081
[2026-05-04 20:20:26,401][src.modRNN.training.training_loop][INFO] - train epoch 1081 loss 0.4105 accuracy 90.62%
[2026-05-04 20:20:26,402][src.modRNN.training.training_loop][INFO] - 	 Starting Epoch: 1082
[2026-05-04 20:20:27,483][src.modRNN.training.training_loop][INFO] - train epoch 1082 loss 0.4575 accuracy 84.38%
[2026-05-04 20:20:27,485][src.modRNN.training.training_loop][INFO] - 	 Starting Epoch: 1083
[2026-05-04 20:20:28,569][src.modRNN.training.training_loop][INFO] - train epoch 1083 loss 0.4640 accuracy 82.81%
[2026-05-04 20:20:28,571][src.modRNN.training.training_loop][INFO] - 	 Starting Epoch: 1084
[2026-05-04 20:20:29,659][src.modRNN.training.training_loop][INFO] - train epoch 1084 loss 0.4663 accuracy 84.38%
[2026-05-04 20:20:29,660][src.modRNN.training.training_loop][INFO] - 	 Starting Epoch: 1085
[2026-05-04 20:20:30,748][src.modRNN.training.training_loop][INFO] - train epoch 1085 loss 0.4614 accuracy 81.25%
[2026-05-04 20:20:30,749][src.modRNN.training.training_loop][INFO] - 	 Starting Epoch: 1086
[2026-05-04 20:20:31,838][src.modRNN.training.training_loop][INFO] - train epoch 1086 loss 0.4349 accuracy 85.94%
[2026-05-04 20:20:31,839][src.modRNN.training.training_loop][INFO] - 	 Starting Epoch: 1087
[2026-05-04 20:20:32,911][src.modRNN.training.training_loop][INFO] - train epoch 1087 loss 0.4740 accuracy 79.69%
[2026-05-04 20:20:32,913][src.modRNN.training.training_loop][INFO] - 	 Starting Epoch: 1088
[2026-05-04 20:20:33,994][src.modRNN.training.training_loop][INFO] - train epoch 1088 loss 0.5055 accuracy 78.12%
[2026-05-04 20:20:33,996][src.modRNN.training.training_loop][INFO] - 	 Starting Epoch: 1089
[2026-05-04 20:20:35,078][src.modRNN.training.training_loop][INFO] - train epoch 1089 loss 0.3670 accuracy 92.19%
[2026-05-04 20:20:35,080][src.modRNN.training.training_loop][INFO] - 	 Starting Epoch: 1090
[2026-05-04 20:20:36,164][src.modRNN.training.training_loop][INFO] - train epoch 1090 loss 0.3930 accuracy 89.06%
[2026-05-04 20:20:36,165][src.modRNN.training.training_loop][INFO] - 	 Starting Epoch: 1091
[2026-05-04 20:20:37,245][src.modRNN.training.training_loop][INFO] - train epoch 1091 loss 0.4554 accuracy 82.81%
[2026-05-04 20:20:37,246][src.modRNN.training.training_loop][INFO] - 	 Starting Epoch: 1092
[2026-05-04 20:20:38,323][src.modRNN.training.training_loop][INFO] - train epoch 1092 loss 0.3893 accuracy 92.19%
[2026-05-04 20:20:38,325][src.modRNN.training.training_loop][INFO] - 	 Starting Epoch: 1093
[2026-05-04 20:20:39,408][src.modRNN.training.training_loop][INFO] - train epoch 1093 loss 0.4283 accuracy 87.50%
[2026-05-04 20:20:39,409][src.modRNN.training.training_loop][INFO] - 	 Starting Epoch: 1094
[2026-05-04 20:20:40,480][src.modRNN.training.training_loop][INFO] - train epoch 1094 loss 0.4202 accuracy 92.19%
[2026-05-04 20:20:40,482][src.modRNN.training.training_loop][INFO] - 	 Starting Epoch: 1095
[2026-05-04 20:20:41,555][src.modRNN.training.training_loop][INFO] - train epoch 1095 loss 0.3900 accuracy 89.06%
[2026-05-04 20:20:41,556][src.modRNN.training.training_loop][INFO] - 	 Starting Epoch: 1096
[2026-05-04 20:20:42,630][src.modRNN.training.training_loop][INFO] - train epoch 1096 loss 0.4863 accuracy 81.25%
[2026-05-04 20:20:42,631][src.modRNN.training.training_loop][INFO] - 	 Starting Epoch: 1097
[2026-05-04 20:20:43,708][src.modRNN.training.training_loop][INFO] - train epoch 1097 loss 0.4676 accuracy 82.81%
[2026-05-04 20:20:43,709][src.modRNN.training.training_loop][INFO] - 	 Starting Epoch: 1098
[2026-05-04 20:20:44,795][src.modRNN.training.training_loop][INFO] - train epoch 1098 loss 0.4167 accuracy 84.38%
[2026-05-04 20:20:44,797][src.modRNN.training.training_loop][INFO] - 	 Starting Epoch: 1099
[2026-05-04 20:20:45,880][src.modRNN.training.training_loop][INFO] - train epoch 1099 loss 0.4634 accuracy 84.38%
[2026-05-04 20:20:45,881][src.modRNN.training.training_loop][INFO] - 	 Starting Epoch: 1100
[2026-05-04 20:20:46,958][src.modRNN.training.training_loop][INFO] - train epoch 1100 loss 0.3720 accuracy 89.06%
[2026-05-04 20:20:46,959][src.modRNN.training.training_loop][INFO] - 	 Starting Epoch: 1101
[2026-05-04 20:20:48,040][src.modRNN.training.training_loop][INFO] - train epoch 1101 loss 0.4450 accuracy 84.38%
[2026-05-04 20:20:50,191][src.modRNN.training.training_loop][INFO] - eval  epoch 1101 loss 0.4321 accuracy 85.35%
[2026-05-04 20:20:50,193][src.modRNN.training.training_loop][INFO] - 	 Starting Epoch: 1102
[2026-05-04 20:20:51,268][src.modRNN.training.training_loop][INFO] - train epoch 1102 loss 0.4961 accuracy 81.25%
[2026-05-04 20:20:51,269][src.modRNN.training.training_loop][INFO] - 	 Starting Epoch: 1103
[2026-05-04 20:20:52,348][src.modRNN.training.training_loop][INFO] - train epoch 1103 loss 0.4526 accuracy 85.94%
[2026-05-04 20:20:52,349][src.modRNN.training.training_loop][INFO] - 	 Starting Epoch: 1104
[2026-05-04 20:20:53,428][src.modRNN.training.training_loop][INFO] - train epoch 1104 loss 0.4548 accuracy 81.25%
[2026-05-04 20:20:53,429][src.modRNN.training.training_loop][INFO] - 	 Starting Epoch: 1105
[2026-05-04 20:20:54,497][src.modRNN.training.training_loop][INFO] - train epoch 1105 loss 0.4362 accuracy 82.81%
[2026-05-04 20:20:54,498][src.modRNN.training.training_loop][INFO] - 	 Starting Epoch: 1106
[2026-05-04 20:20:55,576][src.modRNN.training.training_loop][INFO] - train epoch 1106 loss 0.4789 accuracy 79.69%
[2026-05-04 20:20:55,577][src.modRNN.training.training_loop][INFO] - 	 Starting Epoch: 1107
[2026-05-04 20:20:56,652][src.modRNN.training.training_loop][INFO] - train epoch 1107 loss 0.4057 accuracy 87.50%
[2026-05-04 20:20:56,653][src.modRNN.training.training_loop][INFO] - 	 Starting Epoch: 1108
[2026-05-04 20:20:57,728][src.modRNN.training.training_loop][INFO] - train epoch 1108 loss 0.4936 accuracy 81.25%
[2026-05-04 20:20:57,729][src.modRNN.training.training_loop][INFO] - 	 Starting Epoch: 1109
[2026-05-04 20:20:58,796][src.modRNN.training.training_loop][INFO] - train epoch 1109 loss 0.3556 accuracy 92.19%
[2026-05-04 20:20:58,798][src.modRNN.training.training_loop][INFO] - 	 Starting Epoch: 1110
[2026-05-04 20:20:59,870][src.modRNN.training.training_loop][INFO] - train epoch 1110 loss 0.4139 accuracy 85.94%
[2026-05-04 20:20:59,871][src.modRNN.training.training_loop][INFO] - 	 Starting Epoch: 1111
[2026-05-04 20:21:00,953][src.modRNN.training.training_loop][INFO] - train epoch 1111 loss 0.4467 accuracy 85.94%
[2026-05-04 20:21:00,955][src.modRNN.training.training_loop][INFO] - 	 Starting Epoch: 1112
[2026-05-04 20:21:02,029][src.modRNN.training.training_loop][INFO] - train epoch 1112 loss 0.3688 accuracy 89.06%
[2026-05-04 20:21:02,030][src.modRNN.training.training_loop][INFO] - 	 Starting Epoch: 1113
[2026-05-04 20:21:03,109][src.modRNN.training.training_loop][INFO] - train epoch 1113 loss 0.5217 accuracy 79.69%
[2026-05-04 20:21:03,111][src.modRNN.training.training_loop][INFO] - 	 Starting Epoch: 1114
[2026-05-04 20:21:04,199][src.modRNN.training.training_loop][INFO] - train epoch 1114 loss 0.3614 accuracy 90.62%
[2026-05-04 20:21:04,201][src.modRNN.training.training_loop][INFO] - 	 Starting Epoch: 1115
[2026-05-04 20:21:05,282][src.modRNN.training.training_loop][INFO] - train epoch 1115 loss 0.3655 accuracy 92.19%
[2026-05-04 20:21:05,283][src.modRNN.training.training_loop][INFO] - 	 Starting Epoch: 1116
[2026-05-04 20:21:06,368][src.modRNN.training.training_loop][INFO] - train epoch 1116 loss 0.4014 accuracy 85.94%
[2026-05-04 20:21:06,370][src.modRNN.training.training_loop][INFO] - 	 Starting Epoch: 1117
[2026-05-04 20:21:07,451][src.modRNN.training.training_loop][INFO] - train epoch 1117 loss 0.3831 accuracy 89.06%
[2026-05-04 20:21:07,453][src.modRNN.training.training_loop][INFO] - 	 Starting Epoch: 1118
[2026-05-04 20:21:08,538][src.modRNN.training.training_loop][INFO] - train epoch 1118 loss 0.4630 accuracy 85.94%
[2026-05-04 20:21:08,539][src.modRNN.training.training_loop][INFO] - 	 Starting Epoch: 1119
[2026-05-04 20:21:09,625][src.modRNN.training.training_loop][INFO] - train epoch 1119 loss 0.4302 accuracy 85.94%
[2026-05-04 20:21:09,627][src.modRNN.training.training_loop][INFO] - 	 Starting Epoch: 1120
[2026-05-04 20:21:10,703][src.modRNN.training.training_loop][INFO] - train epoch 1120 loss 0.4434 accuracy 82.81%
[2026-05-04 20:21:10,705][src.modRNN.training.training_loop][INFO] - 	 Starting Epoch: 1121
[2026-05-04 20:21:11,787][src.modRNN.training.training_loop][INFO] - train epoch 1121 loss 0.4847 accuracy 84.38%
[2026-05-04 20:21:11,788][src.modRNN.training.training_loop][INFO] - 	 Starting Epoch: 1122
[2026-05-04 20:21:12,876][src.modRNN.training.training_loop][INFO] - train epoch 1122 loss 0.3623 accuracy 89.06%
[2026-05-04 20:21:12,878][src.modRNN.training.training_loop][INFO] - 	 Starting Epoch: 1123
[2026-05-04 20:21:13,954][src.modRNN.training.training_loop][INFO] - train epoch 1123 loss 0.4280 accuracy 87.50%
[2026-05-04 20:21:13,955][src.modRNN.training.training_loop][INFO] - 	 Starting Epoch: 1124
[2026-05-04 20:21:15,041][src.modRNN.training.training_loop][INFO] - train epoch 1124 loss 0.4567 accuracy 84.38%
[2026-05-04 20:21:15,043][src.modRNN.training.training_loop][INFO] - 	 Starting Epoch: 1125
[2026-05-04 20:21:16,118][src.modRNN.training.training_loop][INFO] - train epoch 1125 loss 0.4023 accuracy 89.06%
[2026-05-04 20:21:16,120][src.modRNN.training.training_loop][INFO] - 	 Starting Epoch: 1126
[2026-05-04 20:21:17,203][src.modRNN.training.training_loop][INFO] - train epoch 1126 loss 0.3921 accuracy 90.62%
[2026-05-04 20:21:19,359][src.modRNN.training.training_loop][INFO] - eval  epoch 1126 loss 0.4432 accuracy 84.96%
[2026-05-04 20:21:19,361][src.modRNN.training.training_loop][INFO] - 	 Starting Epoch: 1127
[2026-05-04 20:21:20,442][src.modRNN.training.training_loop][INFO] - train epoch 1127 loss 0.4629 accuracy 84.38%
[2026-05-04 20:21:20,444][src.modRNN.training.training_loop][INFO] - 	 Starting Epoch: 1128
[2026-05-04 20:21:21,526][src.modRNN.training.training_loop][INFO] - train epoch 1128 loss 0.3695 accuracy 92.19%
[2026-05-04 20:21:21,528][src.modRNN.training.training_loop][INFO] - 	 Starting Epoch: 1129
[2026-05-04 20:21:22,610][src.modRNN.training.training_loop][INFO] - train epoch 1129 loss 0.4918 accuracy 75.00%
[2026-05-04 20:21:22,612][src.modRNN.training.training_loop][INFO] - 	 Starting Epoch: 1130
[2026-05-04 20:21:23,693][src.modRNN.training.training_loop][INFO] - train epoch 1130 loss 0.3422 accuracy 93.75%
[2026-05-04 20:21:23,694][src.modRNN.training.training_loop][INFO] - 	 Starting Epoch: 1131
[2026-05-04 20:21:24,837][src.modRNN.training.training_loop][INFO] - train epoch 1131 loss 0.4449 accuracy 84.38%
[2026-05-04 20:21:24,839][src.modRNN.training.training_loop][INFO] - 	 Starting Epoch: 1132
[2026-05-04 20:21:25,916][src.modRNN.training.training_loop][INFO] - train epoch 1132 loss 0.4541 accuracy 85.94%
[2026-05-04 20:21:25,917][src.modRNN.training.training_loop][INFO] - 	 Starting Epoch: 1133
[2026-05-04 20:21:27,000][src.modRNN.training.training_loop][INFO] - train epoch 1133 loss 0.4369 accuracy 84.38%
[2026-05-04 20:21:27,002][src.modRNN.training.training_loop][INFO] - 	 Starting Epoch: 1134
[2026-05-04 20:21:28,088][src.modRNN.training.training_loop][INFO] - train epoch 1134 loss 0.4279 accuracy 87.50%
[2026-05-04 20:21:28,089][src.modRNN.training.training_loop][INFO] - 	 Starting Epoch: 1135
[2026-05-04 20:21:29,174][src.modRNN.training.training_loop][INFO] - train epoch 1135 loss 0.4154 accuracy 87.50%
[2026-05-04 20:21:29,175][src.modRNN.training.training_loop][INFO] - 	 Starting Epoch: 1136
[2026-05-04 20:21:30,256][src.modRNN.training.training_loop][INFO] - train epoch 1136 loss 0.5017 accuracy 85.94%
[2026-05-04 20:21:30,257][src.modRNN.training.training_loop][INFO] - 	 Starting Epoch: 1137
[2026-05-04 20:21:31,343][src.modRNN.training.training_loop][INFO] - train epoch 1137 loss 0.4903 accuracy 81.25%
[2026-05-04 20:21:31,344][src.modRNN.training.training_loop][INFO] - 	 Starting Epoch: 1138
[2026-05-04 20:21:32,431][src.modRNN.training.training_loop][INFO] - train epoch 1138 loss 0.4569 accuracy 87.50%
[2026-05-04 20:21:32,433][src.modRNN.training.training_loop][INFO] - 	 Starting Epoch: 1139
[2026-05-04 20:21:33,516][src.modRNN.training.training_loop][INFO] - train epoch 1139 loss 0.4514 accuracy 82.81%
[2026-05-04 20:21:33,517][src.modRNN.training.training_loop][INFO] - 	 Starting Epoch: 1140
[2026-05-04 20:21:34,593][src.modRNN.training.training_loop][INFO] - train epoch 1140 loss 0.3705 accuracy 90.62%
[2026-05-04 20:21:34,594][src.modRNN.training.training_loop][INFO] - 	 Starting Epoch: 1141
[2026-05-04 20:21:35,671][src.modRNN.training.training_loop][INFO] - train epoch 1141 loss 0.3772 accuracy 92.19%
[2026-05-04 20:21:35,672][src.modRNN.training.training_loop][INFO] - 	 Starting Epoch: 1142
[2026-05-04 20:21:36,752][src.modRNN.training.training_loop][INFO] - train epoch 1142 loss 0.5094 accuracy 79.69%
[2026-05-04 20:21:36,753][src.modRNN.training.training_loop][INFO] - 	 Starting Epoch: 1143
[2026-05-04 20:21:37,832][src.modRNN.training.training_loop][INFO] - train epoch 1143 loss 0.4334 accuracy 82.81%
[2026-05-04 20:21:37,833][src.modRNN.training.training_loop][INFO] - 	 Starting Epoch: 1144
[2026-05-04 20:21:38,909][src.modRNN.training.training_loop][INFO] - train epoch 1144 loss 0.4769 accuracy 82.81%
[2026-05-04 20:21:38,911][src.modRNN.training.training_loop][INFO] - 	 Starting Epoch: 1145
[2026-05-04 20:21:39,986][src.modRNN.training.training_loop][INFO] - train epoch 1145 loss 0.5488 accuracy 75.00%
[2026-05-04 20:21:39,988][src.modRNN.training.training_loop][INFO] - 	 Starting Epoch: 1146
[2026-05-04 20:21:41,072][src.modRNN.training.training_loop][INFO] - train epoch 1146 loss 0.4457 accuracy 89.06%
[2026-05-04 20:21:41,073][src.modRNN.training.training_loop][INFO] - 	 Starting Epoch: 1147
[2026-05-04 20:21:42,150][src.modRNN.training.training_loop][INFO] - train epoch 1147 loss 0.4326 accuracy 84.38%
[2026-05-04 20:21:42,151][src.modRNN.training.training_loop][INFO] - 	 Starting Epoch: 1148
[2026-05-04 20:21:43,225][src.modRNN.training.training_loop][INFO] - train epoch 1148 loss 0.3635 accuracy 92.19%
[2026-05-04 20:21:43,227][src.modRNN.training.training_loop][INFO] - 	 Starting Epoch: 1149
[2026-05-04 20:21:44,306][src.modRNN.training.training_loop][INFO] - train epoch 1149 loss 0.3811 accuracy 87.50%
[2026-05-04 20:21:44,308][src.modRNN.training.training_loop][INFO] - 	 Starting Epoch: 1150
[2026-05-04 20:21:45,386][src.modRNN.training.training_loop][INFO] - train epoch 1150 loss 0.3805 accuracy 89.06%
[2026-05-04 20:21:45,388][src.modRNN.training.training_loop][INFO] - 	 Starting Epoch: 1151
[2026-05-04 20:21:46,459][src.modRNN.training.training_loop][INFO] - train epoch 1151 loss 0.4198 accuracy 87.50%
[2026-05-04 20:21:48,611][src.modRNN.training.training_loop][INFO] - eval  epoch 1151 loss 0.4626 accuracy 84.96%
[2026-05-04 20:21:48,612][src.modRNN.training.training_loop][INFO] - 	 Starting Epoch: 1152
[2026-05-04 20:21:49,683][src.modRNN.training.training_loop][INFO] - train epoch 1152 loss 0.4005 accuracy 87.50%
[2026-05-04 20:21:49,684][src.modRNN.training.training_loop][INFO] - 	 Starting Epoch: 1153
[2026-05-04 20:21:50,764][src.modRNN.training.training_loop][INFO] - train epoch 1153 loss 0.3480 accuracy 89.06%
[2026-05-04 20:21:50,765][src.modRNN.training.training_loop][INFO] - 	 Starting Epoch: 1154
[2026-05-04 20:21:51,848][src.modRNN.training.training_loop][INFO] - train epoch 1154 loss 0.4149 accuracy 87.50%
[2026-05-04 20:21:51,850][src.modRNN.training.training_loop][INFO] - 	 Starting Epoch: 1155
[2026-05-04 20:21:52,922][src.modRNN.training.training_loop][INFO] - train epoch 1155 loss 0.3796 accuracy 89.06%
[2026-05-04 20:21:52,923][src.modRNN.training.training_loop][INFO] - 	 Starting Epoch: 1156
[2026-05-04 20:21:54,015][src.modRNN.training.training_loop][INFO] - train epoch 1156 loss 0.5290 accuracy 79.69%
[2026-05-04 20:21:54,016][src.modRNN.training.training_loop][INFO] - 	 Starting Epoch: 1157
[2026-05-04 20:21:55,089][src.modRNN.training.training_loop][INFO] - train epoch 1157 loss 0.3995 accuracy 89.06%
[2026-05-04 20:21:55,091][src.modRNN.training.training_loop][INFO] - 	 Starting Epoch: 1158
[2026-05-04 20:21:56,163][src.modRNN.training.training_loop][INFO] - train epoch 1158 loss 0.4860 accuracy 81.25%
[2026-05-04 20:21:56,165][src.modRNN.training.training_loop][INFO] - 	 Starting Epoch: 1159
[2026-05-04 20:21:57,246][src.modRNN.training.training_loop][INFO] - train epoch 1159 loss 0.4707 accuracy 82.81%
[2026-05-04 20:21:57,247][src.modRNN.training.training_loop][INFO] - 	 Starting Epoch: 1160
[2026-05-04 20:21:58,317][src.modRNN.training.training_loop][INFO] - train epoch 1160 loss 0.4228 accuracy 85.94%
[2026-05-04 20:21:58,318][src.modRNN.training.training_loop][INFO] - 	 Starting Epoch: 1161
[2026-05-04 20:21:59,393][src.modRNN.training.training_loop][INFO] - train epoch 1161 loss 0.4507 accuracy 89.06%
[2026-05-04 20:21:59,394][src.modRNN.training.training_loop][INFO] - 	 Starting Epoch: 1162
[2026-05-04 20:22:00,476][src.modRNN.training.training_loop][INFO] - train epoch 1162 loss 0.4271 accuracy 85.94%
[2026-05-04 20:22:00,477][src.modRNN.training.training_loop][INFO] - 	 Starting Epoch: 1163
[2026-05-04 20:22:01,559][src.modRNN.training.training_loop][INFO] - train epoch 1163 loss 0.4211 accuracy 87.50%
[2026-05-04 20:22:01,561][src.modRNN.training.training_loop][INFO] - 	 Starting Epoch: 1164
[2026-05-04 20:22:02,638][src.modRNN.training.training_loop][INFO] - train epoch 1164 loss 0.4180 accuracy 85.94%
[2026-05-04 20:22:02,639][src.modRNN.training.training_loop][INFO] - 	 Starting Epoch: 1165
[2026-05-04 20:22:03,714][src.modRNN.training.training_loop][INFO] - train epoch 1165 loss 0.4734 accuracy 81.25%
[2026-05-04 20:22:03,715][src.modRNN.training.training_loop][INFO] - 	 Starting Epoch: 1166
[2026-05-04 20:22:04,803][src.modRNN.training.training_loop][INFO] - train epoch 1166 loss 0.4656 accuracy 85.94%
[2026-05-04 20:22:04,804][src.modRNN.training.training_loop][INFO] - 	 Starting Epoch: 1167
[2026-05-04 20:22:05,882][src.modRNN.training.training_loop][INFO] - train epoch 1167 loss 0.4380 accuracy 85.94%
[2026-05-04 20:22:05,883][src.modRNN.training.training_loop][INFO] - 	 Starting Epoch: 1168
[2026-05-04 20:22:06,970][src.modRNN.training.training_loop][INFO] - train epoch 1168 loss 0.3829 accuracy 90.62%
[2026-05-04 20:22:06,972][src.modRNN.training.training_loop][INFO] - 	 Starting Epoch: 1169
[2026-05-04 20:22:08,055][src.modRNN.training.training_loop][INFO] - train epoch 1169 loss 0.5342 accuracy 76.56%
[2026-05-04 20:22:08,057][src.modRNN.training.training_loop][INFO] - 	 Starting Epoch: 1170
[2026-05-04 20:22:09,144][src.modRNN.training.training_loop][INFO] - train epoch 1170 loss 0.4746 accuracy 82.81%
[2026-05-04 20:22:09,146][src.modRNN.training.training_loop][INFO] - 	 Starting Epoch: 1171
[2026-05-04 20:22:10,227][src.modRNN.training.training_loop][INFO] - train epoch 1171 loss 0.4379 accuracy 82.81%
[2026-05-04 20:22:10,229][src.modRNN.training.training_loop][INFO] - 	 Starting Epoch: 1172
[2026-05-04 20:22:11,314][src.modRNN.training.training_loop][INFO] - train epoch 1172 loss 0.4517 accuracy 81.25%
[2026-05-04 20:22:11,315][src.modRNN.training.training_loop][INFO] - 	 Starting Epoch: 1173
[2026-05-04 20:22:12,408][src.modRNN.training.training_loop][INFO] - train epoch 1173 loss 0.4355 accuracy 84.38%
[2026-05-04 20:22:12,409][src.modRNN.training.training_loop][INFO] - 	 Starting Epoch: 1174
[2026-05-04 20:22:13,497][src.modRNN.training.training_loop][INFO] - train epoch 1174 loss 0.4125 accuracy 85.94%
[2026-05-04 20:22:13,499][src.modRNN.training.training_loop][INFO] - 	 Starting Epoch: 1175
[2026-05-04 20:22:14,578][src.modRNN.training.training_loop][INFO] - train epoch 1175 loss 0.4409 accuracy 81.25%
[2026-05-04 20:22:14,580][src.modRNN.training.training_loop][INFO] - 	 Starting Epoch: 1176
[2026-05-04 20:22:15,671][src.modRNN.training.training_loop][INFO] - train epoch 1176 loss 0.3740 accuracy 87.50%
[2026-05-04 20:22:17,819][src.modRNN.training.training_loop][INFO] - eval  epoch 1176 loss 0.4219 accuracy 87.50%
[2026-05-04 20:22:17,820][src.modRNN.training.training_loop][INFO] - 	 Starting Epoch: 1177
[2026-05-04 20:22:18,903][src.modRNN.training.training_loop][INFO] - train epoch 1177 loss 0.5116 accuracy 79.69%
[2026-05-04 20:22:18,905][src.modRNN.training.training_loop][INFO] - 	 Starting Epoch: 1178
[2026-05-04 20:22:19,991][src.modRNN.training.training_loop][INFO] - train epoch 1178 loss 0.4052 accuracy 87.50%
[2026-05-04 20:22:19,992][src.modRNN.training.training_loop][INFO] - 	 Starting Epoch: 1179
[2026-05-04 20:22:21,071][src.modRNN.training.training_loop][INFO] - train epoch 1179 loss 0.4691 accuracy 81.25%
[2026-05-04 20:22:21,073][src.modRNN.training.training_loop][INFO] - 	 Starting Epoch: 1180
[2026-05-04 20:22:22,150][src.modRNN.training.training_loop][INFO] - train epoch 1180 loss 0.3620 accuracy 89.06%
[2026-05-04 20:22:22,152][src.modRNN.training.training_loop][INFO] - 	 Starting Epoch: 1181
[2026-05-04 20:22:23,239][src.modRNN.training.training_loop][INFO] - train epoch 1181 loss 0.3911 accuracy 89.06%
[2026-05-04 20:22:23,241][src.modRNN.training.training_loop][INFO] - 	 Starting Epoch: 1182
[2026-05-04 20:22:24,346][src.modRNN.training.training_loop][INFO] - train epoch 1182 loss 0.4803 accuracy 81.25%
[2026-05-04 20:22:24,350][src.modRNN.training.training_loop][INFO] - 	 Starting Epoch: 1183
[2026-05-04 20:22:25,471][src.modRNN.training.training_loop][INFO] - train epoch 1183 loss 0.4906 accuracy 78.12%
[2026-05-04 20:22:25,473][src.modRNN.training.training_loop][INFO] - 	 Starting Epoch: 1184
[2026-05-04 20:22:26,557][src.modRNN.training.training_loop][INFO] - train epoch 1184 loss 0.3848 accuracy 87.50%
[2026-05-04 20:22:26,558][src.modRNN.training.training_loop][INFO] - 	 Starting Epoch: 1185
[2026-05-04 20:22:27,642][src.modRNN.training.training_loop][INFO] - train epoch 1185 loss 0.4369 accuracy 84.38%
[2026-05-04 20:22:27,644][src.modRNN.training.training_loop][INFO] - 	 Starting Epoch: 1186
[2026-05-04 20:22:28,725][src.modRNN.training.training_loop][INFO] - train epoch 1186 loss 0.4099 accuracy 87.50%
[2026-05-04 20:22:28,727][src.modRNN.training.training_loop][INFO] - 	 Starting Epoch: 1187
[2026-05-04 20:22:29,812][src.modRNN.training.training_loop][INFO] - train epoch 1187 loss 0.4359 accuracy 92.19%
[2026-05-04 20:22:29,814][src.modRNN.training.training_loop][INFO] - 	 Starting Epoch: 1188
[2026-05-04 20:22:30,895][src.modRNN.training.training_loop][INFO] - train epoch 1188 loss 0.4591 accuracy 81.25%
[2026-05-04 20:22:30,897][src.modRNN.training.training_loop][INFO] - 	 Starting Epoch: 1189
[2026-05-04 20:22:31,979][src.modRNN.training.training_loop][INFO] - train epoch 1189 loss 0.4263 accuracy 87.50%
[2026-05-04 20:22:31,981][src.modRNN.training.training_loop][INFO] - 	 Starting Epoch: 1190
[2026-05-04 20:22:33,056][src.modRNN.training.training_loop][INFO] - train epoch 1190 loss 0.4259 accuracy 89.06%
[2026-05-04 20:22:33,057][src.modRNN.training.training_loop][INFO] - 	 Starting Epoch: 1191
[2026-05-04 20:22:34,134][src.modRNN.training.training_loop][INFO] - train epoch 1191 loss 0.4721 accuracy 81.25%
[2026-05-04 20:22:34,135][src.modRNN.training.training_loop][INFO] - 	 Starting Epoch: 1192
[2026-05-04 20:22:35,213][src.modRNN.training.training_loop][INFO] - train epoch 1192 loss 0.4320 accuracy 89.06%
[2026-05-04 20:22:35,215][src.modRNN.training.training_loop][INFO] - 	 Starting Epoch: 1193
[2026-05-04 20:22:36,288][src.modRNN.training.training_loop][INFO] - train epoch 1193 loss 0.5001 accuracy 79.69%
[2026-05-04 20:22:36,289][src.modRNN.training.training_loop][INFO] - 	 Starting Epoch: 1194
[2026-05-04 20:22:37,362][src.modRNN.training.training_loop][INFO] - train epoch 1194 loss 0.4431 accuracy 85.94%
[2026-05-04 20:22:37,364][src.modRNN.training.training_loop][INFO] - 	 Starting Epoch: 1195
[2026-05-04 20:22:38,443][src.modRNN.training.training_loop][INFO] - train epoch 1195 loss 0.4861 accuracy 84.38%
[2026-05-04 20:22:38,444][src.modRNN.training.training_loop][INFO] - 	 Starting Epoch: 1196
[2026-05-04 20:22:39,519][src.modRNN.training.training_loop][INFO] - train epoch 1196 loss 0.4120 accuracy 84.38%
[2026-05-04 20:22:39,520][src.modRNN.training.training_loop][INFO] - 	 Starting Epoch: 1197
[2026-05-04 20:22:40,600][src.modRNN.training.training_loop][INFO] - train epoch 1197 loss 0.5809 accuracy 71.88%
[2026-05-04 20:22:40,601][src.modRNN.training.training_loop][INFO] - 	 Starting Epoch: 1198
[2026-05-04 20:22:41,676][src.modRNN.training.training_loop][INFO] - train epoch 1198 loss 0.4443 accuracy 84.38%
[2026-05-04 20:22:41,677][src.modRNN.training.training_loop][INFO] - 	 Starting Epoch: 1199
[2026-05-04 20:22:42,753][src.modRNN.training.training_loop][INFO] - train epoch 1199 loss 0.5197 accuracy 82.81%
[2026-05-04 20:22:42,754][src.modRNN.training.training_loop][INFO] - 	 Starting Epoch: 1200
[2026-05-04 20:22:43,835][src.modRNN.training.training_loop][INFO] - train epoch 1200 loss 0.3713 accuracy 95.31%
[2026-05-04 20:22:43,836][src.modRNN.training.training_loop][INFO] - 	 Starting Epoch: 1201
[2026-05-04 20:22:44,915][src.modRNN.training.training_loop][INFO] - train epoch 1201 loss 0.4844 accuracy 82.81%
[2026-05-04 20:22:47,065][src.modRNN.training.training_loop][INFO] - eval  epoch 1201 loss 0.4280 accuracy 85.94%
[2026-05-04 20:22:47,067][src.modRNN.training.training_loop][INFO] - 	 Starting Epoch: 1202
[2026-05-04 20:22:48,136][src.modRNN.training.training_loop][INFO] - train epoch 1202 loss 0.4043 accuracy 84.38%
[2026-05-04 20:22:48,138][src.modRNN.training.training_loop][INFO] - 	 Starting Epoch: 1203
[2026-05-04 20:22:49,205][src.modRNN.training.training_loop][INFO] - train epoch 1203 loss 0.3883 accuracy 93.75%
[2026-05-04 20:22:49,207][src.modRNN.training.training_loop][INFO] - 	 Starting Epoch: 1204
[2026-05-04 20:22:50,282][src.modRNN.training.training_loop][INFO] - train epoch 1204 loss 0.4482 accuracy 84.38%
[2026-05-04 20:22:50,284][src.modRNN.training.training_loop][INFO] - 	 Starting Epoch: 1205
[2026-05-04 20:22:51,355][src.modRNN.training.training_loop][INFO] - train epoch 1205 loss 0.3914 accuracy 92.19%
[2026-05-04 20:22:51,357][src.modRNN.training.training_loop][INFO] - 	 Starting Epoch: 1206
[2026-05-04 20:22:52,437][src.modRNN.training.training_loop][INFO] - train epoch 1206 loss 0.4917 accuracy 79.69%
[2026-05-04 20:22:52,438][src.modRNN.training.training_loop][INFO] - 	 Starting Epoch: 1207
[2026-05-04 20:22:53,512][src.modRNN.training.training_loop][INFO] - train epoch 1207 loss 0.4072 accuracy 90.62%
[2026-05-04 20:22:53,514][src.modRNN.training.training_loop][INFO] - 	 Starting Epoch: 1208
[2026-05-04 20:22:54,596][src.modRNN.training.training_loop][INFO] - train epoch 1208 loss 0.4015 accuracy 87.50%
[2026-05-04 20:22:54,597][src.modRNN.training.training_loop][INFO] - 	 Starting Epoch: 1209
[2026-05-04 20:22:55,667][src.modRNN.training.training_loop][INFO] - train epoch 1209 loss 0.4856 accuracy 82.81%
[2026-05-04 20:22:55,669][src.modRNN.training.training_loop][INFO] - 	 Starting Epoch: 1210
[2026-05-04 20:22:56,747][src.modRNN.training.training_loop][INFO] - train epoch 1210 loss 0.4612 accuracy 84.38%
[2026-05-04 20:22:56,748][src.modRNN.training.training_loop][INFO] - 	 Starting Epoch: 1211
[2026-05-04 20:22:57,821][src.modRNN.training.training_loop][INFO] - train epoch 1211 loss 0.4581 accuracy 82.81%
[2026-05-04 20:22:57,823][src.modRNN.training.training_loop][INFO] - 	 Starting Epoch: 1212
[2026-05-04 20:22:58,895][src.modRNN.training.training_loop][INFO] - train epoch 1212 loss 0.3411 accuracy 90.62%
[2026-05-04 20:22:58,897][src.modRNN.training.training_loop][INFO] - 	 Starting Epoch: 1213
[2026-05-04 20:22:59,972][src.modRNN.training.training_loop][INFO] - train epoch 1213 loss 0.3984 accuracy 89.06%
[2026-05-04 20:22:59,973][src.modRNN.training.training_loop][INFO] - 	 Starting Epoch: 1214
[2026-05-04 20:23:01,049][src.modRNN.training.training_loop][INFO] - train epoch 1214 loss 0.4650 accuracy 84.38%
[2026-05-04 20:23:01,050][src.modRNN.training.training_loop][INFO] - 	 Starting Epoch: 1215
[2026-05-04 20:23:02,126][src.modRNN.training.training_loop][INFO] - train epoch 1215 loss 0.3657 accuracy 89.06%
[2026-05-04 20:23:02,128][src.modRNN.training.training_loop][INFO] - 	 Starting Epoch: 1216
[2026-05-04 20:23:03,219][src.modRNN.training.training_loop][INFO] - train epoch 1216 loss 0.3820 accuracy 84.38%
[2026-05-04 20:23:03,220][src.modRNN.training.training_loop][INFO] - 	 Starting Epoch: 1217
[2026-05-04 20:23:04,297][src.modRNN.training.training_loop][INFO] - train epoch 1217 loss 0.4754 accuracy 84.38%
[2026-05-04 20:23:04,299][src.modRNN.training.training_loop][INFO] - 	 Starting Epoch: 1218
[2026-05-04 20:23:05,381][src.modRNN.training.training_loop][INFO] - train epoch 1218 loss 0.3885 accuracy 92.19%
[2026-05-04 20:23:05,382][src.modRNN.training.training_loop][INFO] - 	 Starting Epoch: 1219
[2026-05-04 20:23:06,461][src.modRNN.training.training_loop][INFO] - train epoch 1219 loss 0.5214 accuracy 76.56%
[2026-05-04 20:23:06,463][src.modRNN.training.training_loop][INFO] - 	 Starting Epoch: 1220
[2026-05-04 20:23:07,550][src.modRNN.training.training_loop][INFO] - train epoch 1220 loss 0.3697 accuracy 89.06%
[2026-05-04 20:23:07,551][src.modRNN.training.training_loop][INFO] - 	 Starting Epoch: 1221
[2026-05-04 20:23:08,624][src.modRNN.training.training_loop][INFO] - train epoch 1221 loss 0.4480 accuracy 84.38%
[2026-05-04 20:23:08,626][src.modRNN.training.training_loop][INFO] - 	 Starting Epoch: 1222
[2026-05-04 20:23:09,708][src.modRNN.training.training_loop][INFO] - train epoch 1222 loss 0.3649 accuracy 87.50%
[2026-05-04 20:23:09,709][src.modRNN.training.training_loop][INFO] - 	 Starting Epoch: 1223
[2026-05-04 20:23:10,787][src.modRNN.training.training_loop][INFO] - train epoch 1223 loss 0.4892 accuracy 82.81%
[2026-05-04 20:23:10,788][src.modRNN.training.training_loop][INFO] - 	 Starting Epoch: 1224
[2026-05-04 20:23:11,866][src.modRNN.training.training_loop][INFO] - train epoch 1224 loss 0.4459 accuracy 79.69%
[2026-05-04 20:23:11,868][src.modRNN.training.training_loop][INFO] - 	 Starting Epoch: 1225
[2026-05-04 20:23:12,949][src.modRNN.training.training_loop][INFO] - train epoch 1225 loss 0.4322 accuracy 82.81%
[2026-05-04 20:23:12,951][src.modRNN.training.training_loop][INFO] - 	 Starting Epoch: 1226
[2026-05-04 20:23:14,031][src.modRNN.training.training_loop][INFO] - train epoch 1226 loss 0.4823 accuracy 82.81%
[2026-05-04 20:23:16,179][src.modRNN.training.training_loop][INFO] - eval  epoch 1226 loss 0.4422 accuracy 85.74%
[2026-05-04 20:23:16,181][src.modRNN.training.training_loop][INFO] - 	 Starting Epoch: 1227
[2026-05-04 20:23:17,259][src.modRNN.training.training_loop][INFO] - train epoch 1227 loss 0.5261 accuracy 78.12%
[2026-05-04 20:23:17,260][src.modRNN.training.training_loop][INFO] - 	 Starting Epoch: 1228
[2026-05-04 20:23:18,334][src.modRNN.training.training_loop][INFO] - train epoch 1228 loss 0.4180 accuracy 84.38%
[2026-05-04 20:23:18,336][src.modRNN.training.training_loop][INFO] - 	 Starting Epoch: 1229
[2026-05-04 20:23:19,418][src.modRNN.training.training_loop][INFO] - train epoch 1229 loss 0.4254 accuracy 82.81%
[2026-05-04 20:23:19,419][src.modRNN.training.training_loop][INFO] - 	 Starting Epoch: 1230
[2026-05-04 20:23:20,499][src.modRNN.training.training_loop][INFO] - train epoch 1230 loss 0.5558 accuracy 71.88%
[2026-05-04 20:23:20,500][src.modRNN.training.training_loop][INFO] - 	 Starting Epoch: 1231
[2026-05-04 20:23:21,584][src.modRNN.training.training_loop][INFO] - train epoch 1231 loss 0.4410 accuracy 82.81%
[2026-05-04 20:23:21,585][src.modRNN.training.training_loop][INFO] - 	 Starting Epoch: 1232
[2026-05-04 20:23:22,665][src.modRNN.training.training_loop][INFO] - train epoch 1232 loss 0.3806 accuracy 87.50%
[2026-05-04 20:23:22,667][src.modRNN.training.training_loop][INFO] - 	 Starting Epoch: 1233
[2026-05-04 20:23:23,744][src.modRNN.training.training_loop][INFO] - train epoch 1233 loss 0.4335 accuracy 84.38%
[2026-05-04 20:23:23,746][src.modRNN.training.training_loop][INFO] - 	 Starting Epoch: 1234
[2026-05-04 20:23:24,873][src.modRNN.training.training_loop][INFO] - train epoch 1234 loss 0.4009 accuracy 92.19%
[2026-05-04 20:23:24,875][src.modRNN.training.training_loop][INFO] - 	 Starting Epoch: 1235
[2026-05-04 20:23:25,951][src.modRNN.training.training_loop][INFO] - train epoch 1235 loss 0.4553 accuracy 78.12%
[2026-05-04 20:23:25,953][src.modRNN.training.training_loop][INFO] - 	 Starting Epoch: 1236
[2026-05-04 20:23:27,037][src.modRNN.training.training_loop][INFO] - train epoch 1236 loss 0.4108 accuracy 85.94%
[2026-05-04 20:23:27,038][src.modRNN.training.training_loop][INFO] - 	 Starting Epoch: 1237
[2026-05-04 20:23:28,121][src.modRNN.training.training_loop][INFO] - train epoch 1237 loss 0.4140 accuracy 87.50%
[2026-05-04 20:23:28,123][src.modRNN.training.training_loop][INFO] - 	 Starting Epoch: 1238
[2026-05-04 20:23:29,202][src.modRNN.training.training_loop][INFO] - train epoch 1238 loss 0.4828 accuracy 82.81%
[2026-05-04 20:23:29,203][src.modRNN.training.training_loop][INFO] - 	 Starting Epoch: 1239
[2026-05-04 20:23:30,285][src.modRNN.training.training_loop][INFO] - train epoch 1239 loss 0.4206 accuracy 81.25%
[2026-05-04 20:23:30,286][src.modRNN.training.training_loop][INFO] - 	 Starting Epoch: 1240
[2026-05-04 20:23:31,357][src.modRNN.training.training_loop][INFO] - train epoch 1240 loss 0.4327 accuracy 89.06%
[2026-05-04 20:23:31,358][src.modRNN.training.training_loop][INFO] - 	 Starting Epoch: 1241
[2026-05-04 20:23:32,431][src.modRNN.training.training_loop][INFO] - train epoch 1241 loss 0.4171 accuracy 85.94%
[2026-05-04 20:23:32,432][src.modRNN.training.training_loop][INFO] - 	 Starting Epoch: 1242
[2026-05-04 20:23:33,509][src.modRNN.training.training_loop][INFO] - train epoch 1242 loss 0.4412 accuracy 82.81%
[2026-05-04 20:23:33,511][src.modRNN.training.training_loop][INFO] - 	 Starting Epoch: 1243
[2026-05-04 20:23:34,584][src.modRNN.training.training_loop][INFO] - train epoch 1243 loss 0.4672 accuracy 85.94%
[2026-05-04 20:23:34,586][src.modRNN.training.training_loop][INFO] - 	 Starting Epoch: 1244
[2026-05-04 20:23:35,656][src.modRNN.training.training_loop][INFO] - train epoch 1244 loss 0.4399 accuracy 85.94%
[2026-05-04 20:23:35,658][src.modRNN.training.training_loop][INFO] - 	 Starting Epoch: 1245
[2026-05-04 20:23:36,731][src.modRNN.training.training_loop][INFO] - train epoch 1245 loss 0.5290 accuracy 75.00%
[2026-05-04 20:23:36,733][src.modRNN.training.training_loop][INFO] - 	 Starting Epoch: 1246
[2026-05-04 20:23:37,811][src.modRNN.training.training_loop][INFO] - train epoch 1246 loss 0.4510 accuracy 82.81%
[2026-05-04 20:23:37,812][src.modRNN.training.training_loop][INFO] - 	 Starting Epoch: 1247
[2026-05-04 20:23:38,881][src.modRNN.training.training_loop][INFO] - train epoch 1247 loss 0.4053 accuracy 87.50%
[2026-05-04 20:23:38,883][src.modRNN.training.training_loop][INFO] - 	 Starting Epoch: 1248
[2026-05-04 20:23:39,960][src.modRNN.training.training_loop][INFO] - train epoch 1248 loss 0.3657 accuracy 89.06%
[2026-05-04 20:23:39,961][src.modRNN.training.training_loop][INFO] - 	 Starting Epoch: 1249
[2026-05-04 20:23:41,033][src.modRNN.training.training_loop][INFO] - train epoch 1249 loss 0.4263 accuracy 84.38%
[2026-05-04 20:23:41,034][src.modRNN.training.training_loop][INFO] - 	 Starting Epoch: 1250
[2026-05-04 20:23:42,109][src.modRNN.training.training_loop][INFO] - train epoch 1250 loss 0.3865 accuracy 85.94%
[2026-05-04 20:23:42,111][src.modRNN.training.training_loop][INFO] - 	 Starting Epoch: 1251
[2026-05-04 20:23:43,186][src.modRNN.training.training_loop][INFO] - train epoch 1251 loss 0.3713 accuracy 89.06%
[2026-05-04 20:23:45,334][src.modRNN.training.training_loop][INFO] - eval  epoch 1251 loss 0.4268 accuracy 86.52%
[2026-05-04 20:23:45,336][src.modRNN.training.training_loop][INFO] - 	 Starting Epoch: 1252
[2026-05-04 20:23:46,411][src.modRNN.training.training_loop][INFO] - train epoch 1252 loss 0.5511 accuracy 76.56%
[2026-05-04 20:23:46,413][src.modRNN.training.training_loop][INFO] - 	 Starting Epoch: 1253
[2026-05-04 20:23:47,480][src.modRNN.training.training_loop][INFO] - train epoch 1253 loss 0.4046 accuracy 85.94%
[2026-05-04 20:23:47,482][src.modRNN.training.training_loop][INFO] - 	 Starting Epoch: 1254
[2026-05-04 20:23:48,554][src.modRNN.training.training_loop][INFO] - train epoch 1254 loss 0.4038 accuracy 87.50%
[2026-05-04 20:23:48,555][src.modRNN.training.training_loop][INFO] - 	 Starting Epoch: 1255
[2026-05-04 20:23:49,626][src.modRNN.training.training_loop][INFO] - train epoch 1255 loss 0.4742 accuracy 82.81%
[2026-05-04 20:23:49,627][src.modRNN.training.training_loop][INFO] - 	 Starting Epoch: 1256
[2026-05-04 20:23:50,704][src.modRNN.training.training_loop][INFO] - train epoch 1256 loss 0.4566 accuracy 81.25%
[2026-05-04 20:23:50,705][src.modRNN.training.training_loop][INFO] - 	 Starting Epoch: 1257
[2026-05-04 20:23:51,779][src.modRNN.training.training_loop][INFO] - train epoch 1257 loss 0.4676 accuracy 82.81%
[2026-05-04 20:23:51,781][src.modRNN.training.training_loop][INFO] - 	 Starting Epoch: 1258
[2026-05-04 20:23:52,855][src.modRNN.training.training_loop][INFO] - train epoch 1258 loss 0.4723 accuracy 81.25%
[2026-05-04 20:23:52,856][src.modRNN.training.training_loop][INFO] - 	 Starting Epoch: 1259
[2026-05-04 20:23:53,929][src.modRNN.training.training_loop][INFO] - train epoch 1259 loss 0.3939 accuracy 87.50%
[2026-05-04 20:23:53,930][src.modRNN.training.training_loop][INFO] - 	 Starting Epoch: 1260
[2026-05-04 20:23:55,001][src.modRNN.training.training_loop][INFO] - train epoch 1260 loss 0.4265 accuracy 89.06%
[2026-05-04 20:23:55,003][src.modRNN.training.training_loop][INFO] - 	 Starting Epoch: 1261
[2026-05-04 20:23:56,070][src.modRNN.training.training_loop][INFO] - train epoch 1261 loss 0.3757 accuracy 87.50%
[2026-05-04 20:23:56,071][src.modRNN.training.training_loop][INFO] - 	 Starting Epoch: 1262
[2026-05-04 20:23:57,146][src.modRNN.training.training_loop][INFO] - train epoch 1262 loss 0.3844 accuracy 90.62%
[2026-05-04 20:23:57,148][src.modRNN.training.training_loop][INFO] - 	 Starting Epoch: 1263
[2026-05-04 20:23:58,218][src.modRNN.training.training_loop][INFO] - train epoch 1263 loss 0.4614 accuracy 82.81%
[2026-05-04 20:23:58,220][src.modRNN.training.training_loop][INFO] - 	 Starting Epoch: 1264
[2026-05-04 20:23:59,288][src.modRNN.training.training_loop][INFO] - train epoch 1264 loss 0.5862 accuracy 73.44%
[2026-05-04 20:23:59,290][src.modRNN.training.training_loop][INFO] - 	 Starting Epoch: 1265
[2026-05-04 20:24:00,355][src.modRNN.training.training_loop][INFO] - train epoch 1265 loss 0.4299 accuracy 87.50%
[2026-05-04 20:24:00,357][src.modRNN.training.training_loop][INFO] - 	 Starting Epoch: 1266
[2026-05-04 20:24:01,437][src.modRNN.training.training_loop][INFO] - train epoch 1266 loss 0.4239 accuracy 87.50%
[2026-05-04 20:24:01,438][src.modRNN.training.training_loop][INFO] - 	 Starting Epoch: 1267
[2026-05-04 20:24:02,518][src.modRNN.training.training_loop][INFO] - train epoch 1267 loss 0.4476 accuracy 85.94%
[2026-05-04 20:24:02,520][src.modRNN.training.training_loop][INFO] - 	 Starting Epoch: 1268
[2026-05-04 20:24:03,596][src.modRNN.training.training_loop][INFO] - train epoch 1268 loss 0.3688 accuracy 89.06%
[2026-05-04 20:24:03,597][src.modRNN.training.training_loop][INFO] - 	 Starting Epoch: 1269
[2026-05-04 20:24:04,680][src.modRNN.training.training_loop][INFO] - train epoch 1269 loss 0.4979 accuracy 79.69%
[2026-05-04 20:24:04,682][src.modRNN.training.training_loop][INFO] - 	 Starting Epoch: 1270
[2026-05-04 20:24:05,760][src.modRNN.training.training_loop][INFO] - train epoch 1270 loss 0.4668 accuracy 79.69%
[2026-05-04 20:24:05,762][src.modRNN.training.training_loop][INFO] - 	 Starting Epoch: 1271
[2026-05-04 20:24:06,837][src.modRNN.training.training_loop][INFO] - train epoch 1271 loss 0.4463 accuracy 82.81%
[2026-05-04 20:24:06,839][src.modRNN.training.training_loop][INFO] - 	 Starting Epoch: 1272
[2026-05-04 20:24:07,914][src.modRNN.training.training_loop][INFO] - train epoch 1272 loss 0.3718 accuracy 90.62%
[2026-05-04 20:24:07,915][src.modRNN.training.training_loop][INFO] - 	 Starting Epoch: 1273
[2026-05-04 20:24:08,993][src.modRNN.training.training_loop][INFO] - train epoch 1273 loss 0.4361 accuracy 87.50%
[2026-05-04 20:24:08,995][src.modRNN.training.training_loop][INFO] - 	 Starting Epoch: 1274
[2026-05-04 20:24:10,074][src.modRNN.training.training_loop][INFO] - train epoch 1274 loss 0.3719 accuracy 93.75%
[2026-05-04 20:24:10,076][src.modRNN.training.training_loop][INFO] - 	 Starting Epoch: 1275
[2026-05-04 20:24:11,156][src.modRNN.training.training_loop][INFO] - train epoch 1275 loss 0.4381 accuracy 89.06%
[2026-05-04 20:24:11,158][src.modRNN.training.training_loop][INFO] - 	 Starting Epoch: 1276
[2026-05-04 20:24:12,234][src.modRNN.training.training_loop][INFO] - train epoch 1276 loss 0.5077 accuracy 82.81%
[2026-05-04 20:24:14,386][src.modRNN.training.training_loop][INFO] - eval  epoch 1276 loss 0.4380 accuracy 85.16%
[2026-05-04 20:24:14,388][src.modRNN.training.training_loop][INFO] - 	 Starting Epoch: 1277
[2026-05-04 20:24:15,461][src.modRNN.training.training_loop][INFO] - train epoch 1277 loss 0.5764 accuracy 79.69%
[2026-05-04 20:24:15,462][src.modRNN.training.training_loop][INFO] - 	 Starting Epoch: 1278
[2026-05-04 20:24:16,535][src.modRNN.training.training_loop][INFO] - train epoch 1278 loss 0.3246 accuracy 92.19%
[2026-05-04 20:24:16,536][src.modRNN.training.training_loop][INFO] - 	 Starting Epoch: 1279
[2026-05-04 20:24:17,616][src.modRNN.training.training_loop][INFO] - train epoch 1279 loss 0.5468 accuracy 79.69%
[2026-05-04 20:24:17,618][src.modRNN.training.training_loop][INFO] - 	 Starting Epoch: 1280
[2026-05-04 20:24:18,697][src.modRNN.training.training_loop][INFO] - train epoch 1280 loss 0.4374 accuracy 90.62%
[2026-05-04 20:24:18,699][src.modRNN.training.training_loop][INFO] - 	 Starting Epoch: 1281
[2026-05-04 20:24:19,780][src.modRNN.training.training_loop][INFO] - train epoch 1281 loss 0.4603 accuracy 89.06%
[2026-05-04 20:24:19,781][src.modRNN.training.training_loop][INFO] - 	 Starting Epoch: 1282
[2026-05-04 20:24:20,857][src.modRNN.training.training_loop][INFO] - train epoch 1282 loss 0.3883 accuracy 90.62%
[2026-05-04 20:24:20,858][src.modRNN.training.training_loop][INFO] - 	 Starting Epoch: 1283
[2026-05-04 20:24:21,939][src.modRNN.training.training_loop][INFO] - train epoch 1283 loss 0.3611 accuracy 92.19%
[2026-05-04 20:24:21,940][src.modRNN.training.training_loop][INFO] - 	 Starting Epoch: 1284
[2026-05-04 20:24:23,015][src.modRNN.training.training_loop][INFO] - train epoch 1284 loss 0.4367 accuracy 89.06%
[2026-05-04 20:24:23,017][src.modRNN.training.training_loop][INFO] - 	 Starting Epoch: 1285
[2026-05-04 20:24:24,117][src.modRNN.training.training_loop][INFO] - train epoch 1285 loss 0.4217 accuracy 84.38%
[2026-05-04 20:24:24,120][src.modRNN.training.training_loop][INFO] - 	 Starting Epoch: 1286
[2026-05-04 20:24:25,259][src.modRNN.training.training_loop][INFO] - train epoch 1286 loss 0.4409 accuracy 87.50%
[2026-05-04 20:24:25,260][src.modRNN.training.training_loop][INFO] - 	 Starting Epoch: 1287
[2026-05-04 20:24:26,336][src.modRNN.training.training_loop][INFO] - train epoch 1287 loss 0.4393 accuracy 85.94%
[2026-05-04 20:24:26,337][src.modRNN.training.training_loop][INFO] - 	 Starting Epoch: 1288
[2026-05-04 20:24:27,415][src.modRNN.training.training_loop][INFO] - train epoch 1288 loss 0.4747 accuracy 82.81%
[2026-05-04 20:24:27,417][src.modRNN.training.training_loop][INFO] - 	 Starting Epoch: 1289
[2026-05-04 20:24:28,493][src.modRNN.training.training_loop][INFO] - train epoch 1289 loss 0.4094 accuracy 89.06%
[2026-05-04 20:24:28,495][src.modRNN.training.training_loop][INFO] - 	 Starting Epoch: 1290
[2026-05-04 20:24:29,567][src.modRNN.training.training_loop][INFO] - train epoch 1290 loss 0.4371 accuracy 85.94%
[2026-05-04 20:24:29,569][src.modRNN.training.training_loop][INFO] - 	 Starting Epoch: 1291
[2026-05-04 20:24:30,648][src.modRNN.training.training_loop][INFO] - train epoch 1291 loss 0.4353 accuracy 87.50%
[2026-05-04 20:24:30,649][src.modRNN.training.training_loop][INFO] - 	 Starting Epoch: 1292
[2026-05-04 20:24:31,726][src.modRNN.training.training_loop][INFO] - train epoch 1292 loss 0.3739 accuracy 92.19%
[2026-05-04 20:24:31,728][src.modRNN.training.training_loop][INFO] - 	 Starting Epoch: 1293
[2026-05-04 20:24:32,796][src.modRNN.training.training_loop][INFO] - train epoch 1293 loss 0.4376 accuracy 85.94%
[2026-05-04 20:24:32,797][src.modRNN.training.training_loop][INFO] - 	 Starting Epoch: 1294
[2026-05-04 20:24:33,866][src.modRNN.training.training_loop][INFO] - train epoch 1294 loss 0.5423 accuracy 78.12%
[2026-05-04 20:24:33,868][src.modRNN.training.training_loop][INFO] - 	 Starting Epoch: 1295
[2026-05-04 20:24:34,934][src.modRNN.training.training_loop][INFO] - train epoch 1295 loss 0.3717 accuracy 90.62%
[2026-05-04 20:24:34,935][src.modRNN.training.training_loop][INFO] - 	 Starting Epoch: 1296
[2026-05-04 20:24:36,001][src.modRNN.training.training_loop][INFO] - train epoch 1296 loss 0.4280 accuracy 84.38%
[2026-05-04 20:24:36,002][src.modRNN.training.training_loop][INFO] - 	 Starting Epoch: 1297
[2026-05-04 20:24:37,073][src.modRNN.training.training_loop][INFO] - train epoch 1297 loss 0.3215 accuracy 96.88%
[2026-05-04 20:24:37,074][src.modRNN.training.training_loop][INFO] - 	 Starting Epoch: 1298
[2026-05-04 20:24:38,144][src.modRNN.training.training_loop][INFO] - train epoch 1298 loss 0.3897 accuracy 85.94%
[2026-05-04 20:24:38,145][src.modRNN.training.training_loop][INFO] - 	 Starting Epoch: 1299
[2026-05-04 20:24:39,219][src.modRNN.training.training_loop][INFO] - train epoch 1299 loss 0.4242 accuracy 85.94%
[2026-05-04 20:24:39,220][src.modRNN.training.training_loop][INFO] - 	 Starting Epoch: 1300
[2026-05-04 20:24:40,294][src.modRNN.training.training_loop][INFO] - train epoch 1300 loss 0.4366 accuracy 81.25%
[2026-05-04 20:24:40,295][src.modRNN.training.training_loop][INFO] - 	 Starting Epoch: 1301
[2026-05-04 20:24:41,368][src.modRNN.training.training_loop][INFO] - train epoch 1301 loss 0.4381 accuracy 84.38%
[2026-05-04 20:24:43,514][src.modRNN.training.training_loop][INFO] - eval  epoch 1301 loss 0.4215 accuracy 86.72%
[2026-05-04 20:24:43,515][src.modRNN.training.training_loop][INFO] - 	 Starting Epoch: 1302
[2026-05-04 20:24:44,580][src.modRNN.training.training_loop][INFO] - train epoch 1302 loss 0.3580 accuracy 93.75%
[2026-05-04 20:24:44,582][src.modRNN.training.training_loop][INFO] - 	 Starting Epoch: 1303
[2026-05-04 20:24:45,644][src.modRNN.training.training_loop][INFO] - train epoch 1303 loss 0.4472 accuracy 84.38%
[2026-05-04 20:24:45,646][src.modRNN.training.training_loop][INFO] - 	 Starting Epoch: 1304
[2026-05-04 20:24:46,715][src.modRNN.training.training_loop][INFO] - train epoch 1304 loss 0.4286 accuracy 84.38%
[2026-05-04 20:24:46,717][src.modRNN.training.training_loop][INFO] - 	 Starting Epoch: 1305
[2026-05-04 20:24:47,781][src.modRNN.training.training_loop][INFO] - train epoch 1305 loss 0.4096 accuracy 85.94%
[2026-05-04 20:24:47,782][src.modRNN.training.training_loop][INFO] - 	 Starting Epoch: 1306
[2026-05-04 20:24:48,849][src.modRNN.training.training_loop][INFO] - train epoch 1306 loss 0.4089 accuracy 85.94%
[2026-05-04 20:24:48,850][src.modRNN.training.training_loop][INFO] - 	 Starting Epoch: 1307
[2026-05-04 20:24:49,921][src.modRNN.training.training_loop][INFO] - train epoch 1307 loss 0.4248 accuracy 82.81%
[2026-05-04 20:24:49,923][src.modRNN.training.training_loop][INFO] - 	 Starting Epoch: 1308
[2026-05-04 20:24:50,993][src.modRNN.training.training_loop][INFO] - train epoch 1308 loss 0.4431 accuracy 85.94%
[2026-05-04 20:24:50,995][src.modRNN.training.training_loop][INFO] - 	 Starting Epoch: 1309
[2026-05-04 20:24:52,062][src.modRNN.training.training_loop][INFO] - train epoch 1309 loss 0.4082 accuracy 85.94%
[2026-05-04 20:24:52,063][src.modRNN.training.training_loop][INFO] - 	 Starting Epoch: 1310
[2026-05-04 20:24:53,128][src.modRNN.training.training_loop][INFO] - train epoch 1310 loss 0.5258 accuracy 82.81%
[2026-05-04 20:24:53,129][src.modRNN.training.training_loop][INFO] - 	 Starting Epoch: 1311
[2026-05-04 20:24:54,194][src.modRNN.training.training_loop][INFO] - train epoch 1311 loss 0.4260 accuracy 85.94%
[2026-05-04 20:24:54,195][src.modRNN.training.training_loop][INFO] - 	 Starting Epoch: 1312
[2026-05-04 20:24:55,263][src.modRNN.training.training_loop][INFO] - train epoch 1312 loss 0.4599 accuracy 87.50%
[2026-05-04 20:24:55,264][src.modRNN.training.training_loop][INFO] - 	 Starting Epoch: 1313
[2026-05-04 20:24:56,332][src.modRNN.training.training_loop][INFO] - train epoch 1313 loss 0.4024 accuracy 89.06%
[2026-05-04 20:24:56,334][src.modRNN.training.training_loop][INFO] - 	 Starting Epoch: 1314
[2026-05-04 20:24:57,405][src.modRNN.training.training_loop][INFO] - train epoch 1314 loss 0.4392 accuracy 89.06%
[2026-05-04 20:24:57,407][src.modRNN.training.training_loop][INFO] - 	 Starting Epoch: 1315
[2026-05-04 20:24:58,480][src.modRNN.training.training_loop][INFO] - train epoch 1315 loss 0.4839 accuracy 76.56%
[2026-05-04 20:24:58,481][src.modRNN.training.training_loop][INFO] - 	 Starting Epoch: 1316
[2026-05-04 20:24:59,553][src.modRNN.training.training_loop][INFO] - train epoch 1316 loss 0.4516 accuracy 82.81%
[2026-05-04 20:24:59,554][src.modRNN.training.training_loop][INFO] - 	 Starting Epoch: 1317
[2026-05-04 20:25:00,624][src.modRNN.training.training_loop][INFO] - train epoch 1317 loss 0.4307 accuracy 82.81%
[2026-05-04 20:25:00,626][src.modRNN.training.training_loop][INFO] - 	 Starting Epoch: 1318
[2026-05-04 20:25:01,697][src.modRNN.training.training_loop][INFO] - train epoch 1318 loss 0.4066 accuracy 89.06%
[2026-05-04 20:25:01,698][src.modRNN.training.training_loop][INFO] - 	 Starting Epoch: 1319
[2026-05-04 20:25:02,780][src.modRNN.training.training_loop][INFO] - train epoch 1319 loss 0.4953 accuracy 84.38%
[2026-05-04 20:25:02,782][src.modRNN.training.training_loop][INFO] - 	 Starting Epoch: 1320
[2026-05-04 20:25:03,858][src.modRNN.training.training_loop][INFO] - train epoch 1320 loss 0.4295 accuracy 90.62%
[2026-05-04 20:25:03,860][src.modRNN.training.training_loop][INFO] - 	 Starting Epoch: 1321
[2026-05-04 20:25:04,940][src.modRNN.training.training_loop][INFO] - train epoch 1321 loss 0.3898 accuracy 89.06%
[2026-05-04 20:25:04,942][src.modRNN.training.training_loop][INFO] - 	 Starting Epoch: 1322
[2026-05-04 20:25:06,017][src.modRNN.training.training_loop][INFO] - train epoch 1322 loss 0.3689 accuracy 89.06%
[2026-05-04 20:25:06,019][src.modRNN.training.training_loop][INFO] - 	 Starting Epoch: 1323
[2026-05-04 20:25:07,096][src.modRNN.training.training_loop][INFO] - train epoch 1323 loss 0.4575 accuracy 82.81%
[2026-05-04 20:25:07,097][src.modRNN.training.training_loop][INFO] - 	 Starting Epoch: 1324
[2026-05-04 20:25:08,180][src.modRNN.training.training_loop][INFO] - train epoch 1324 loss 0.5401 accuracy 81.25%
[2026-05-04 20:25:08,181][src.modRNN.training.training_loop][INFO] - 	 Starting Epoch: 1325
[2026-05-04 20:25:09,266][src.modRNN.training.training_loop][INFO] - train epoch 1325 loss 0.4216 accuracy 84.38%
[2026-05-04 20:25:09,267][src.modRNN.training.training_loop][INFO] - 	 Starting Epoch: 1326
[2026-05-04 20:25:10,340][src.modRNN.training.training_loop][INFO] - train epoch 1326 loss 0.4103 accuracy 87.50%
[2026-05-04 20:25:12,485][src.modRNN.training.training_loop][INFO] - eval  epoch 1326 loss 0.4077 accuracy 88.87%
[2026-05-04 20:25:12,487][src.modRNN.training.training_loop][INFO] - 	 Starting Epoch: 1327
[2026-05-04 20:25:13,560][src.modRNN.training.training_loop][INFO] - train epoch 1327 loss 0.4316 accuracy 84.38%
[2026-05-04 20:25:13,561][src.modRNN.training.training_loop][INFO] - 	 Starting Epoch: 1328
[2026-05-04 20:25:14,636][src.modRNN.training.training_loop][INFO] - train epoch 1328 loss 0.3912 accuracy 90.62%
[2026-05-04 20:25:14,638][src.modRNN.training.training_loop][INFO] - 	 Starting Epoch: 1329
[2026-05-04 20:25:15,713][src.modRNN.training.training_loop][INFO] - train epoch 1329 loss 0.4660 accuracy 84.38%
[2026-05-04 20:25:15,715][src.modRNN.training.training_loop][INFO] - 	 Starting Epoch: 1330
[2026-05-04 20:25:16,791][src.modRNN.training.training_loop][INFO] - train epoch 1330 loss 0.4804 accuracy 76.56%
[2026-05-04 20:25:16,793][src.modRNN.training.training_loop][INFO] - 	 Starting Epoch: 1331
[2026-05-04 20:25:17,872][src.modRNN.training.training_loop][INFO] - train epoch 1331 loss 0.4672 accuracy 82.81%
[2026-05-04 20:25:17,873][src.modRNN.training.training_loop][INFO] - 	 Starting Epoch: 1332
[2026-05-04 20:25:18,948][src.modRNN.training.training_loop][INFO] - train epoch 1332 loss 0.4230 accuracy 84.38%
[2026-05-04 20:25:18,950][src.modRNN.training.training_loop][INFO] - 	 Starting Epoch: 1333
[2026-05-04 20:25:20,032][src.modRNN.training.training_loop][INFO] - train epoch 1333 loss 0.5187 accuracy 75.00%
[2026-05-04 20:25:20,033][src.modRNN.training.training_loop][INFO] - 	 Starting Epoch: 1334
[2026-05-04 20:25:21,122][src.modRNN.training.training_loop][INFO] - train epoch 1334 loss 0.4959 accuracy 82.81%
[2026-05-04 20:25:21,123][src.modRNN.training.training_loop][INFO] - 	 Starting Epoch: 1335
[2026-05-04 20:25:22,204][src.modRNN.training.training_loop][INFO] - train epoch 1335 loss 0.4139 accuracy 85.94%
[2026-05-04 20:25:22,205][src.modRNN.training.training_loop][INFO] - 	 Starting Epoch: 1336
[2026-05-04 20:25:23,287][src.modRNN.training.training_loop][INFO] - train epoch 1336 loss 0.4379 accuracy 85.94%
[2026-05-04 20:25:23,288][src.modRNN.training.training_loop][INFO] - 	 Starting Epoch: 1337
[2026-05-04 20:25:24,389][src.modRNN.training.training_loop][INFO] - train epoch 1337 loss 0.4454 accuracy 87.50%
[2026-05-04 20:25:24,391][src.modRNN.training.training_loop][INFO] - 	 Starting Epoch: 1338
[2026-05-04 20:25:25,506][src.modRNN.training.training_loop][INFO] - train epoch 1338 loss 0.4654 accuracy 82.81%
[2026-05-04 20:25:25,507][src.modRNN.training.training_loop][INFO] - 	 Starting Epoch: 1339
[2026-05-04 20:25:26,586][src.modRNN.training.training_loop][INFO] - train epoch 1339 loss 0.4085 accuracy 85.94%
[2026-05-04 20:25:26,587][src.modRNN.training.training_loop][INFO] - 	 Starting Epoch: 1340
[2026-05-04 20:25:27,662][src.modRNN.training.training_loop][INFO] - train epoch 1340 loss 0.3998 accuracy 92.19%
[2026-05-04 20:25:27,664][src.modRNN.training.training_loop][INFO] - 	 Starting Epoch: 1341
[2026-05-04 20:25:28,742][src.modRNN.training.training_loop][INFO] - train epoch 1341 loss 0.4953 accuracy 82.81%
[2026-05-04 20:25:28,743][src.modRNN.training.training_loop][INFO] - 	 Starting Epoch: 1342
[2026-05-04 20:25:29,818][src.modRNN.training.training_loop][INFO] - train epoch 1342 loss 0.5261 accuracy 78.12%
[2026-05-04 20:25:29,819][src.modRNN.training.training_loop][INFO] - 	 Starting Epoch: 1343
[2026-05-04 20:25:30,901][src.modRNN.training.training_loop][INFO] - train epoch 1343 loss 0.5157 accuracy 78.12%
[2026-05-04 20:25:30,902][src.modRNN.training.training_loop][INFO] - 	 Starting Epoch: 1344
[2026-05-04 20:25:31,979][src.modRNN.training.training_loop][INFO] - train epoch 1344 loss 0.4251 accuracy 84.38%
[2026-05-04 20:25:31,981][src.modRNN.training.training_loop][INFO] - 	 Starting Epoch: 1345
[2026-05-04 20:25:33,054][src.modRNN.training.training_loop][INFO] - train epoch 1345 loss 0.5073 accuracy 78.12%
[2026-05-04 20:25:33,056][src.modRNN.training.training_loop][INFO] - 	 Starting Epoch: 1346
[2026-05-04 20:25:34,123][src.modRNN.training.training_loop][INFO] - train epoch 1346 loss 0.4429 accuracy 82.81%
[2026-05-04 20:25:34,125][src.modRNN.training.training_loop][INFO] - 	 Starting Epoch: 1347
[2026-05-04 20:25:35,195][src.modRNN.training.training_loop][INFO] - train epoch 1347 loss 0.4439 accuracy 85.94%
[2026-05-04 20:25:35,197][src.modRNN.training.training_loop][INFO] - 	 Starting Epoch: 1348
[2026-05-04 20:25:36,269][src.modRNN.training.training_loop][INFO] - train epoch 1348 loss 0.5142 accuracy 79.69%
[2026-05-04 20:25:36,270][src.modRNN.training.training_loop][INFO] - 	 Starting Epoch: 1349
[2026-05-04 20:25:37,341][src.modRNN.training.training_loop][INFO] - train epoch 1349 loss 0.3962 accuracy 85.94%
[2026-05-04 20:25:37,342][src.modRNN.training.training_loop][INFO] - 	 Starting Epoch: 1350
[2026-05-04 20:25:38,414][src.modRNN.training.training_loop][INFO] - train epoch 1350 loss 0.4555 accuracy 82.81%
[2026-05-04 20:25:38,415][src.modRNN.training.training_loop][INFO] - 	 Starting Epoch: 1351
[2026-05-04 20:25:39,487][src.modRNN.training.training_loop][INFO] - train epoch 1351 loss 0.4547 accuracy 81.25%
[2026-05-04 20:25:41,640][src.modRNN.training.training_loop][INFO] - eval  epoch 1351 loss 0.4019 accuracy 88.87%
[2026-05-04 20:25:41,642][src.modRNN.training.training_loop][INFO] - 	 Starting Epoch: 1352
[2026-05-04 20:25:42,707][src.modRNN.training.training_loop][INFO] - train epoch 1352 loss 0.4375 accuracy 82.81%
[2026-05-04 20:25:42,709][src.modRNN.training.training_loop][INFO] - 	 Starting Epoch: 1353
[2026-05-04 20:25:43,778][src.modRNN.training.training_loop][INFO] - train epoch 1353 loss 0.5123 accuracy 76.56%
[2026-05-04 20:25:43,779][src.modRNN.training.training_loop][INFO] - 	 Starting Epoch: 1354
[2026-05-04 20:25:44,850][src.modRNN.training.training_loop][INFO] - train epoch 1354 loss 0.4476 accuracy 82.81%
[2026-05-04 20:25:44,851][src.modRNN.training.training_loop][INFO] - 	 Starting Epoch: 1355
[2026-05-04 20:25:45,920][src.modRNN.training.training_loop][INFO] - train epoch 1355 loss 0.4998 accuracy 81.25%
[2026-05-04 20:25:45,921][src.modRNN.training.training_loop][INFO] - 	 Starting Epoch: 1356
[2026-05-04 20:25:46,993][src.modRNN.training.training_loop][INFO] - train epoch 1356 loss 0.5148 accuracy 79.69%
[2026-05-04 20:25:46,995][src.modRNN.training.training_loop][INFO] - 	 Starting Epoch: 1357
[2026-05-04 20:25:48,071][src.modRNN.training.training_loop][INFO] - train epoch 1357 loss 0.4104 accuracy 87.50%
[2026-05-04 20:25:48,072][src.modRNN.training.training_loop][INFO] - 	 Starting Epoch: 1358
[2026-05-04 20:25:49,147][src.modRNN.training.training_loop][INFO] - train epoch 1358 loss 0.4087 accuracy 85.94%
[2026-05-04 20:25:49,148][src.modRNN.training.training_loop][INFO] - 	 Starting Epoch: 1359
[2026-05-04 20:25:50,218][src.modRNN.training.training_loop][INFO] - train epoch 1359 loss 0.4410 accuracy 90.62%
[2026-05-04 20:25:50,219][src.modRNN.training.training_loop][INFO] - 	 Starting Epoch: 1360
[2026-05-04 20:25:51,296][src.modRNN.training.training_loop][INFO] - train epoch 1360 loss 0.3683 accuracy 89.06%
[2026-05-04 20:25:51,298][src.modRNN.training.training_loop][INFO] - 	 Starting Epoch: 1361
[2026-05-04 20:25:52,374][src.modRNN.training.training_loop][INFO] - train epoch 1361 loss 0.5758 accuracy 76.56%
[2026-05-04 20:25:52,375][src.modRNN.training.training_loop][INFO] - 	 Starting Epoch: 1362
[2026-05-04 20:25:53,447][src.modRNN.training.training_loop][INFO] - train epoch 1362 loss 0.4433 accuracy 85.94%
[2026-05-04 20:25:53,448][src.modRNN.training.training_loop][INFO] - 	 Starting Epoch: 1363
[2026-05-04 20:25:54,518][src.modRNN.training.training_loop][INFO] - train epoch 1363 loss 0.4276 accuracy 87.50%
[2026-05-04 20:25:54,520][src.modRNN.training.training_loop][INFO] - 	 Starting Epoch: 1364
[2026-05-04 20:25:55,597][src.modRNN.training.training_loop][INFO] - train epoch 1364 loss 0.3876 accuracy 87.50%
[2026-05-04 20:25:55,598][src.modRNN.training.training_loop][INFO] - 	 Starting Epoch: 1365
[2026-05-04 20:25:56,664][src.modRNN.training.training_loop][INFO] - train epoch 1365 loss 0.4404 accuracy 85.94%
[2026-05-04 20:25:56,666][src.modRNN.training.training_loop][INFO] - 	 Starting Epoch: 1366
[2026-05-04 20:25:57,742][src.modRNN.training.training_loop][INFO] - train epoch 1366 loss 0.4561 accuracy 79.69%
[2026-05-04 20:25:57,743][src.modRNN.training.training_loop][INFO] - 	 Starting Epoch: 1367
[2026-05-04 20:25:58,810][src.modRNN.training.training_loop][INFO] - train epoch 1367 loss 0.3969 accuracy 85.94%
[2026-05-04 20:25:58,812][src.modRNN.training.training_loop][INFO] - 	 Starting Epoch: 1368
[2026-05-04 20:25:59,883][src.modRNN.training.training_loop][INFO] - train epoch 1368 loss 0.4145 accuracy 85.94%
[2026-05-04 20:25:59,885][src.modRNN.training.training_loop][INFO] - 	 Starting Epoch: 1369
[2026-05-04 20:26:00,954][src.modRNN.training.training_loop][INFO] - train epoch 1369 loss 0.3957 accuracy 92.19%
[2026-05-04 20:26:00,956][src.modRNN.training.training_loop][INFO] - 	 Starting Epoch: 1370
[2026-05-04 20:26:02,031][src.modRNN.training.training_loop][INFO] - train epoch 1370 loss 0.4142 accuracy 85.94%
[2026-05-04 20:26:02,033][src.modRNN.training.training_loop][INFO] - 	 Starting Epoch: 1371
[2026-05-04 20:26:03,108][src.modRNN.training.training_loop][INFO] - train epoch 1371 loss 0.3844 accuracy 89.06%
[2026-05-04 20:26:03,109][src.modRNN.training.training_loop][INFO] - 	 Starting Epoch: 1372
[2026-05-04 20:26:04,192][src.modRNN.training.training_loop][INFO] - train epoch 1372 loss 0.3777 accuracy 92.19%
[2026-05-04 20:26:04,194][src.modRNN.training.training_loop][INFO] - 	 Starting Epoch: 1373
[2026-05-04 20:26:05,267][src.modRNN.training.training_loop][INFO] - train epoch 1373 loss 0.4950 accuracy 76.56%
[2026-05-04 20:26:05,268][src.modRNN.training.training_loop][INFO] - 	 Starting Epoch: 1374
[2026-05-04 20:26:06,346][src.modRNN.training.training_loop][INFO] - train epoch 1374 loss 0.3825 accuracy 90.62%
[2026-05-04 20:26:06,348][src.modRNN.training.training_loop][INFO] - 	 Starting Epoch: 1375
[2026-05-04 20:26:07,423][src.modRNN.training.training_loop][INFO] - train epoch 1375 loss 0.3708 accuracy 89.06%
[2026-05-04 20:26:07,425][src.modRNN.training.training_loop][INFO] - 	 Starting Epoch: 1376
[2026-05-04 20:26:08,507][src.modRNN.training.training_loop][INFO] - train epoch 1376 loss 0.4690 accuracy 82.81%
[2026-05-04 20:26:10,658][src.modRNN.training.training_loop][INFO] - eval  epoch 1376 loss 0.4357 accuracy 84.57%
[2026-05-04 20:26:10,660][src.modRNN.training.training_loop][INFO] - 	 Starting Epoch: 1377
[2026-05-04 20:26:11,734][src.modRNN.training.training_loop][INFO] - train epoch 1377 loss 0.4438 accuracy 89.06%
[2026-05-04 20:26:11,735][src.modRNN.training.training_loop][INFO] - 	 Starting Epoch: 1378
[2026-05-04 20:26:12,807][src.modRNN.training.training_loop][INFO] - train epoch 1378 loss 0.4338 accuracy 85.94%
[2026-05-04 20:26:12,809][src.modRNN.training.training_loop][INFO] - 	 Starting Epoch: 1379
[2026-05-04 20:26:13,886][src.modRNN.training.training_loop][INFO] - train epoch 1379 loss 0.5101 accuracy 78.12%
[2026-05-04 20:26:13,887][src.modRNN.training.training_loop][INFO] - 	 Starting Epoch: 1380
[2026-05-04 20:26:14,964][src.modRNN.training.training_loop][INFO] - train epoch 1380 loss 0.4709 accuracy 84.38%
[2026-05-04 20:26:14,965][src.modRNN.training.training_loop][INFO] - 	 Starting Epoch: 1381
[2026-05-04 20:26:16,049][src.modRNN.training.training_loop][INFO] - train epoch 1381 loss 0.4243 accuracy 89.06%
[2026-05-04 20:26:16,050][src.modRNN.training.training_loop][INFO] - 	 Starting Epoch: 1382
[2026-05-04 20:26:17,133][src.modRNN.training.training_loop][INFO] - train epoch 1382 loss 0.4903 accuracy 79.69%
[2026-05-04 20:26:17,134][src.modRNN.training.training_loop][INFO] - 	 Starting Epoch: 1383
[2026-05-04 20:26:18,207][src.modRNN.training.training_loop][INFO] - train epoch 1383 loss 0.4632 accuracy 81.25%
[2026-05-04 20:26:18,209][src.modRNN.training.training_loop][INFO] - 	 Starting Epoch: 1384
[2026-05-04 20:26:19,288][src.modRNN.training.training_loop][INFO] - train epoch 1384 loss 0.4241 accuracy 85.94%
[2026-05-04 20:26:19,289][src.modRNN.training.training_loop][INFO] - 	 Starting Epoch: 1385
[2026-05-04 20:26:20,368][src.modRNN.training.training_loop][INFO] - train epoch 1385 loss 0.4310 accuracy 85.94%
[2026-05-04 20:26:20,369][src.modRNN.training.training_loop][INFO] - 	 Starting Epoch: 1386
[2026-05-04 20:26:21,447][src.modRNN.training.training_loop][INFO] - train epoch 1386 loss 0.3560 accuracy 95.31%
[2026-05-04 20:26:21,448][src.modRNN.training.training_loop][INFO] - 	 Starting Epoch: 1387
[2026-05-04 20:26:22,523][src.modRNN.training.training_loop][INFO] - train epoch 1387 loss 0.4279 accuracy 87.50%
[2026-05-04 20:26:22,524][src.modRNN.training.training_loop][INFO] - 	 Starting Epoch: 1388
[2026-05-04 20:26:23,601][src.modRNN.training.training_loop][INFO] - train epoch 1388 loss 0.4058 accuracy 84.38%
[2026-05-04 20:26:23,603][src.modRNN.training.training_loop][INFO] - 	 Starting Epoch: 1389
[2026-05-04 20:26:24,733][src.modRNN.training.training_loop][INFO] - train epoch 1389 loss 0.4176 accuracy 90.62%
[2026-05-04 20:26:24,734][src.modRNN.training.training_loop][INFO] - 	 Starting Epoch: 1390
[2026-05-04 20:26:25,811][src.modRNN.training.training_loop][INFO] - train epoch 1390 loss 0.4074 accuracy 84.38%
[2026-05-04 20:26:25,812][src.modRNN.training.training_loop][INFO] - 	 Starting Epoch: 1391
[2026-05-04 20:26:26,898][src.modRNN.training.training_loop][INFO] - train epoch 1391 loss 0.4684 accuracy 79.69%
[2026-05-04 20:26:26,900][src.modRNN.training.training_loop][INFO] - 	 Starting Epoch: 1392
[2026-05-04 20:26:27,974][src.modRNN.training.training_loop][INFO] - train epoch 1392 loss 0.5724 accuracy 70.31%
[2026-05-04 20:26:27,975][src.modRNN.training.training_loop][INFO] - 	 Starting Epoch: 1393
[2026-05-04 20:26:29,052][src.modRNN.training.training_loop][INFO] - train epoch 1393 loss 0.4426 accuracy 81.25%
[2026-05-04 20:26:29,054][src.modRNN.training.training_loop][INFO] - 	 Starting Epoch: 1394
[2026-05-04 20:26:30,130][src.modRNN.training.training_loop][INFO] - train epoch 1394 loss 0.4534 accuracy 84.38%
[2026-05-04 20:26:30,132][src.modRNN.training.training_loop][INFO] - 	 Starting Epoch: 1395
[2026-05-04 20:26:31,208][src.modRNN.training.training_loop][INFO] - train epoch 1395 loss 0.4008 accuracy 89.06%
[2026-05-04 20:26:31,210][src.modRNN.training.training_loop][INFO] - 	 Starting Epoch: 1396
[2026-05-04 20:26:32,276][src.modRNN.training.training_loop][INFO] - train epoch 1396 loss 0.4194 accuracy 90.62%
[2026-05-04 20:26:32,278][src.modRNN.training.training_loop][INFO] - 	 Starting Epoch: 1397
[2026-05-04 20:26:33,349][src.modRNN.training.training_loop][INFO] - train epoch 1397 loss 0.5638 accuracy 76.56%
[2026-05-04 20:26:33,351][src.modRNN.training.training_loop][INFO] - 	 Starting Epoch: 1398
[2026-05-04 20:26:34,422][src.modRNN.training.training_loop][INFO] - train epoch 1398 loss 0.3767 accuracy 87.50%
[2026-05-04 20:26:34,423][src.modRNN.training.training_loop][INFO] - 	 Starting Epoch: 1399
[2026-05-04 20:26:35,498][src.modRNN.training.training_loop][INFO] - train epoch 1399 loss 0.3733 accuracy 89.06%
[2026-05-04 20:26:35,499][src.modRNN.training.training_loop][INFO] - 	 Starting Epoch: 1400
[2026-05-04 20:26:36,562][src.modRNN.training.training_loop][INFO] - train epoch 1400 loss 0.4671 accuracy 84.38%
[2026-05-04 20:26:36,564][src.modRNN.training.training_loop][INFO] - 	 Starting Epoch: 1401
[2026-05-04 20:26:37,635][src.modRNN.training.training_loop][INFO] - train epoch 1401 loss 0.4973 accuracy 78.12%
[2026-05-04 20:26:39,787][src.modRNN.training.training_loop][INFO] - eval  epoch 1401 loss 0.4073 accuracy 87.50%
[2026-05-04 20:26:39,788][src.modRNN.training.training_loop][INFO] - 	 Starting Epoch: 1402
[2026-05-04 20:26:40,854][src.modRNN.training.training_loop][INFO] - train epoch 1402 loss 0.4412 accuracy 84.38%
[2026-05-04 20:26:40,856][src.modRNN.training.training_loop][INFO] - 	 Starting Epoch: 1403
[2026-05-04 20:26:41,916][src.modRNN.training.training_loop][INFO] - train epoch 1403 loss 0.4251 accuracy 87.50%
[2026-05-04 20:26:41,917][src.modRNN.training.training_loop][INFO] - 	 Starting Epoch: 1404
[2026-05-04 20:26:42,984][src.modRNN.training.training_loop][INFO] - train epoch 1404 loss 0.4706 accuracy 82.81%
[2026-05-04 20:26:42,985][src.modRNN.training.training_loop][INFO] - 	 Starting Epoch: 1405
[2026-05-04 20:26:44,051][src.modRNN.training.training_loop][INFO] - train epoch 1405 loss 0.4608 accuracy 81.25%
[2026-05-04 20:26:44,053][src.modRNN.training.training_loop][INFO] - 	 Starting Epoch: 1406
[2026-05-04 20:26:45,127][src.modRNN.training.training_loop][INFO] - train epoch 1406 loss 0.4685 accuracy 81.25%
[2026-05-04 20:26:45,128][src.modRNN.training.training_loop][INFO] - 	 Starting Epoch: 1407
[2026-05-04 20:26:46,192][src.modRNN.training.training_loop][INFO] - train epoch 1407 loss 0.3835 accuracy 93.75%
[2026-05-04 20:26:46,194][src.modRNN.training.training_loop][INFO] - 	 Starting Epoch: 1408
[2026-05-04 20:26:47,264][src.modRNN.training.training_loop][INFO] - train epoch 1408 loss 0.4229 accuracy 85.94%
[2026-05-04 20:26:47,266][src.modRNN.training.training_loop][INFO] - 	 Starting Epoch: 1409
[2026-05-04 20:26:48,328][src.modRNN.training.training_loop][INFO] - train epoch 1409 loss 0.4303 accuracy 85.94%
[2026-05-04 20:26:48,329][src.modRNN.training.training_loop][INFO] - 	 Starting Epoch: 1410
[2026-05-04 20:26:49,398][src.modRNN.training.training_loop][INFO] - train epoch 1410 loss 0.4627 accuracy 84.38%
[2026-05-04 20:26:49,399][src.modRNN.training.training_loop][INFO] - 	 Starting Epoch: 1411
[2026-05-04 20:26:50,463][src.modRNN.training.training_loop][INFO] - train epoch 1411 loss 0.4227 accuracy 82.81%
[2026-05-04 20:26:50,464][src.modRNN.training.training_loop][INFO] - 	 Starting Epoch: 1412
[2026-05-04 20:26:51,542][src.modRNN.training.training_loop][INFO] - train epoch 1412 loss 0.4234 accuracy 82.81%
[2026-05-04 20:26:51,543][src.modRNN.training.training_loop][INFO] - 	 Starting Epoch: 1413
[2026-05-04 20:26:52,609][src.modRNN.training.training_loop][INFO] - train epoch 1413 loss 0.4322 accuracy 87.50%
[2026-05-04 20:26:52,611][src.modRNN.training.training_loop][INFO] - 	 Starting Epoch: 1414
[2026-05-04 20:26:53,679][src.modRNN.training.training_loop][INFO] - train epoch 1414 loss 0.3812 accuracy 92.19%
[2026-05-04 20:26:53,681][src.modRNN.training.training_loop][INFO] - 	 Starting Epoch: 1415
[2026-05-04 20:26:54,744][src.modRNN.training.training_loop][INFO] - train epoch 1415 loss 0.3995 accuracy 92.19%
[2026-05-04 20:26:54,746][src.modRNN.training.training_loop][INFO] - 	 Starting Epoch: 1416
[2026-05-04 20:26:55,815][src.modRNN.training.training_loop][INFO] - train epoch 1416 loss 0.4509 accuracy 85.94%
[2026-05-04 20:26:55,816][src.modRNN.training.training_loop][INFO] - 	 Starting Epoch: 1417
[2026-05-04 20:26:56,884][src.modRNN.training.training_loop][INFO] - train epoch 1417 loss 0.3856 accuracy 89.06%
[2026-05-04 20:26:56,885][src.modRNN.training.training_loop][INFO] - 	 Starting Epoch: 1418
[2026-05-04 20:26:57,957][src.modRNN.training.training_loop][INFO] - train epoch 1418 loss 0.4620 accuracy 81.25%
[2026-05-04 20:26:57,958][src.modRNN.training.training_loop][INFO] - 	 Starting Epoch: 1419
[2026-05-04 20:26:59,023][src.modRNN.training.training_loop][INFO] - train epoch 1419 loss 0.4197 accuracy 92.19%
[2026-05-04 20:26:59,024][src.modRNN.training.training_loop][INFO] - 	 Starting Epoch: 1420
[2026-05-04 20:27:00,090][src.modRNN.training.training_loop][INFO] - train epoch 1420 loss 0.3300 accuracy 95.31%
[2026-05-04 20:27:00,092][src.modRNN.training.training_loop][INFO] - 	 Starting Epoch: 1421
[2026-05-04 20:27:01,162][src.modRNN.training.training_loop][INFO] - train epoch 1421 loss 0.3989 accuracy 90.62%
[2026-05-04 20:27:01,163][src.modRNN.training.training_loop][INFO] - 	 Starting Epoch: 1422
[2026-05-04 20:27:02,246][src.modRNN.training.training_loop][INFO] - train epoch 1422 loss 0.3621 accuracy 90.62%
[2026-05-04 20:27:02,248][src.modRNN.training.training_loop][INFO] - 	 Starting Epoch: 1423
[2026-05-04 20:27:03,320][src.modRNN.training.training_loop][INFO] - train epoch 1423 loss 0.4905 accuracy 82.81%
[2026-05-04 20:27:03,322][src.modRNN.training.training_loop][INFO] - 	 Starting Epoch: 1424
[2026-05-04 20:27:04,400][src.modRNN.training.training_loop][INFO] - train epoch 1424 loss 0.4587 accuracy 81.25%
[2026-05-04 20:27:04,402][src.modRNN.training.training_loop][INFO] - 	 Starting Epoch: 1425
[2026-05-04 20:27:05,481][src.modRNN.training.training_loop][INFO] - train epoch 1425 loss 0.4981 accuracy 78.12%
[2026-05-04 20:27:05,482][src.modRNN.training.training_loop][INFO] - 	 Starting Epoch: 1426
[2026-05-04 20:27:06,556][src.modRNN.training.training_loop][INFO] - train epoch 1426 loss 0.4456 accuracy 79.69%
[2026-05-04 20:27:08,705][src.modRNN.training.training_loop][INFO] - eval  epoch 1426 loss 0.4055 accuracy 87.50%
[2026-05-04 20:27:08,707][src.modRNN.training.training_loop][INFO] - 	 Starting Epoch: 1427
[2026-05-04 20:27:09,783][src.modRNN.training.training_loop][INFO] - train epoch 1427 loss 0.4927 accuracy 81.25%
[2026-05-04 20:27:09,784][src.modRNN.training.training_loop][INFO] - 	 Starting Epoch: 1428
[2026-05-04 20:27:10,857][src.modRNN.training.training_loop][INFO] - train epoch 1428 loss 0.3306 accuracy 92.19%
[2026-05-04 20:27:10,858][src.modRNN.training.training_loop][INFO] - 	 Starting Epoch: 1429
[2026-05-04 20:27:11,935][src.modRNN.training.training_loop][INFO] - train epoch 1429 loss 0.3732 accuracy 87.50%
[2026-05-04 20:27:11,936][src.modRNN.training.training_loop][INFO] - 	 Starting Epoch: 1430
[2026-05-04 20:27:13,020][src.modRNN.training.training_loop][INFO] - train epoch 1430 loss 0.4358 accuracy 87.50%
[2026-05-04 20:27:13,021][src.modRNN.training.training_loop][INFO] - 	 Starting Epoch: 1431
[2026-05-04 20:27:14,100][src.modRNN.training.training_loop][INFO] - train epoch 1431 loss 0.3386 accuracy 93.75%
[2026-05-04 20:27:14,102][src.modRNN.training.training_loop][INFO] - 	 Starting Epoch: 1432
[2026-05-04 20:27:15,179][src.modRNN.training.training_loop][INFO] - train epoch 1432 loss 0.4646 accuracy 82.81%
[2026-05-04 20:27:15,181][src.modRNN.training.training_loop][INFO] - 	 Starting Epoch: 1433
[2026-05-04 20:27:16,267][src.modRNN.training.training_loop][INFO] - train epoch 1433 loss 0.4047 accuracy 87.50%
[2026-05-04 20:27:16,269][src.modRNN.training.training_loop][INFO] - 	 Starting Epoch: 1434
[2026-05-04 20:27:17,352][src.modRNN.training.training_loop][INFO] - train epoch 1434 loss 0.4555 accuracy 87.50%
[2026-05-04 20:27:17,353][src.modRNN.training.training_loop][INFO] - 	 Starting Epoch: 1435
[2026-05-04 20:27:18,431][src.modRNN.training.training_loop][INFO] - train epoch 1435 loss 0.4330 accuracy 85.94%
[2026-05-04 20:27:18,432][src.modRNN.training.training_loop][INFO] - 	 Starting Epoch: 1436
[2026-05-04 20:27:19,506][src.modRNN.training.training_loop][INFO] - train epoch 1436 loss 0.4559 accuracy 82.81%
[2026-05-04 20:27:19,507][src.modRNN.training.training_loop][INFO] - 	 Starting Epoch: 1437
[2026-05-04 20:27:20,585][src.modRNN.training.training_loop][INFO] - train epoch 1437 loss 0.4243 accuracy 82.81%
[2026-05-04 20:27:20,587][src.modRNN.training.training_loop][INFO] - 	 Starting Epoch: 1438
[2026-05-04 20:27:21,661][src.modRNN.training.training_loop][INFO] - train epoch 1438 loss 0.3601 accuracy 92.19%
[2026-05-04 20:27:21,663][src.modRNN.training.training_loop][INFO] - 	 Starting Epoch: 1439
[2026-05-04 20:27:22,739][src.modRNN.training.training_loop][INFO] - train epoch 1439 loss 0.3888 accuracy 90.62%
[2026-05-04 20:27:22,741][src.modRNN.training.training_loop][INFO] - 	 Starting Epoch: 1440
[2026-05-04 20:27:23,818][src.modRNN.training.training_loop][INFO] - train epoch 1440 loss 0.4081 accuracy 84.38%
[2026-05-04 20:27:23,819][src.modRNN.training.training_loop][INFO] - 	 Starting Epoch: 1441
[2026-05-04 20:27:24,936][src.modRNN.training.training_loop][INFO] - train epoch 1441 loss 0.3644 accuracy 93.75%
[2026-05-04 20:27:24,937][src.modRNN.training.training_loop][INFO] - 	 Starting Epoch: 1442
[2026-05-04 20:27:26,017][src.modRNN.training.training_loop][INFO] - train epoch 1442 loss 0.4042 accuracy 87.50%
[2026-05-04 20:27:26,018][src.modRNN.training.training_loop][INFO] - 	 Starting Epoch: 1443
[2026-05-04 20:27:27,099][src.modRNN.training.training_loop][INFO] - train epoch 1443 loss 0.4216 accuracy 85.94%
[2026-05-04 20:27:27,100][src.modRNN.training.training_loop][INFO] - 	 Starting Epoch: 1444
[2026-05-04 20:27:28,180][src.modRNN.training.training_loop][INFO] - train epoch 1444 loss 0.3852 accuracy 87.50%
[2026-05-04 20:27:28,182][src.modRNN.training.training_loop][INFO] - 	 Starting Epoch: 1445
[2026-05-04 20:27:29,262][src.modRNN.training.training_loop][INFO] - train epoch 1445 loss 0.4629 accuracy 81.25%
[2026-05-04 20:27:29,264][src.modRNN.training.training_loop][INFO] - 	 Starting Epoch: 1446
[2026-05-04 20:27:30,340][src.modRNN.training.training_loop][INFO] - train epoch 1446 loss 0.3875 accuracy 90.62%
[2026-05-04 20:27:30,341][src.modRNN.training.training_loop][INFO] - 	 Starting Epoch: 1447
[2026-05-04 20:27:31,420][src.modRNN.training.training_loop][INFO] - train epoch 1447 loss 0.3972 accuracy 84.38%
[2026-05-04 20:27:31,422][src.modRNN.training.training_loop][INFO] - 	 Starting Epoch: 1448
[2026-05-04 20:27:32,490][src.modRNN.training.training_loop][INFO] - train epoch 1448 loss 0.4816 accuracy 78.12%
[2026-05-04 20:27:32,491][src.modRNN.training.training_loop][INFO] - 	 Starting Epoch: 1449
[2026-05-04 20:27:33,562][src.modRNN.training.training_loop][INFO] - train epoch 1449 loss 0.3666 accuracy 89.06%
[2026-05-04 20:27:33,564][src.modRNN.training.training_loop][INFO] - 	 Starting Epoch: 1450
[2026-05-04 20:27:34,629][src.modRNN.training.training_loop][INFO] - train epoch 1450 loss 0.4665 accuracy 84.38%
[2026-05-04 20:27:34,631][src.modRNN.training.training_loop][INFO] - 	 Starting Epoch: 1451
[2026-05-04 20:27:35,704][src.modRNN.training.training_loop][INFO] - train epoch 1451 loss 0.5131 accuracy 79.69%
[2026-05-04 20:27:37,846][src.modRNN.training.training_loop][INFO] - eval  epoch 1451 loss 0.4271 accuracy 85.55%
[2026-05-04 20:27:37,848][src.modRNN.training.training_loop][INFO] - 	 Starting Epoch: 1452
[2026-05-04 20:27:38,910][src.modRNN.training.training_loop][INFO] - train epoch 1452 loss 0.4108 accuracy 87.50%
[2026-05-04 20:27:38,912][src.modRNN.training.training_loop][INFO] - 	 Starting Epoch: 1453
[2026-05-04 20:27:39,978][src.modRNN.training.training_loop][INFO] - train epoch 1453 loss 0.5856 accuracy 76.56%
[2026-05-04 20:27:39,979][src.modRNN.training.training_loop][INFO] - 	 Starting Epoch: 1454
[2026-05-04 20:27:41,045][src.modRNN.training.training_loop][INFO] - train epoch 1454 loss 0.4145 accuracy 90.62%
[2026-05-04 20:27:41,046][src.modRNN.training.training_loop][INFO] - 	 Starting Epoch: 1455
[2026-05-04 20:27:42,111][src.modRNN.training.training_loop][INFO] - train epoch 1455 loss 0.3897 accuracy 87.50%
[2026-05-04 20:27:42,112][src.modRNN.training.training_loop][INFO] - 	 Starting Epoch: 1456
[2026-05-04 20:27:43,193][src.modRNN.training.training_loop][INFO] - train epoch 1456 loss 0.4146 accuracy 85.94%
[2026-05-04 20:27:43,194][src.modRNN.training.training_loop][INFO] - 	 Starting Epoch: 1457
[2026-05-04 20:27:44,261][src.modRNN.training.training_loop][INFO] - train epoch 1457 loss 0.4380 accuracy 81.25%
[2026-05-04 20:27:44,263][src.modRNN.training.training_loop][INFO] - 	 Starting Epoch: 1458
[2026-05-04 20:27:45,337][src.modRNN.training.training_loop][INFO] - train epoch 1458 loss 0.4040 accuracy 85.94%
[2026-05-04 20:27:45,338][src.modRNN.training.training_loop][INFO] - 	 Starting Epoch: 1459
[2026-05-04 20:27:46,401][src.modRNN.training.training_loop][INFO] - train epoch 1459 loss 0.4365 accuracy 87.50%
[2026-05-04 20:27:46,403][src.modRNN.training.training_loop][INFO] - 	 Starting Epoch: 1460
[2026-05-04 20:27:47,475][src.modRNN.training.training_loop][INFO] - train epoch 1460 loss 0.3598 accuracy 87.50%
[2026-05-04 20:27:47,476][src.modRNN.training.training_loop][INFO] - 	 Starting Epoch: 1461
[2026-05-04 20:27:48,547][src.modRNN.training.training_loop][INFO] - train epoch 1461 loss 0.3554 accuracy 90.62%
[2026-05-04 20:27:48,549][src.modRNN.training.training_loop][INFO] - 	 Starting Epoch: 1462
[2026-05-04 20:27:49,616][src.modRNN.training.training_loop][INFO] - train epoch 1462 loss 0.3823 accuracy 87.50%
[2026-05-04 20:27:49,618][src.modRNN.training.training_loop][INFO] - 	 Starting Epoch: 1463
[2026-05-04 20:27:50,686][src.modRNN.training.training_loop][INFO] - train epoch 1463 loss 0.4514 accuracy 81.25%
[2026-05-04 20:27:50,688][src.modRNN.training.training_loop][INFO] - 	 Starting Epoch: 1464
[2026-05-04 20:27:51,755][src.modRNN.training.training_loop][INFO] - train epoch 1464 loss 0.4672 accuracy 82.81%
[2026-05-04 20:27:51,756][src.modRNN.training.training_loop][INFO] - 	 Starting Epoch: 1465
[2026-05-04 20:27:52,825][src.modRNN.training.training_loop][INFO] - train epoch 1465 loss 0.4274 accuracy 87.50%
[2026-05-04 20:27:52,826][src.modRNN.training.training_loop][INFO] - 	 Starting Epoch: 1466
[2026-05-04 20:27:53,899][src.modRNN.training.training_loop][INFO] - train epoch 1466 loss 0.4210 accuracy 90.62%
[2026-05-04 20:27:53,900][src.modRNN.training.training_loop][INFO] - 	 Starting Epoch: 1467
[2026-05-04 20:27:54,967][src.modRNN.training.training_loop][INFO] - train epoch 1467 loss 0.3872 accuracy 85.94%
[2026-05-04 20:27:54,968][src.modRNN.training.training_loop][INFO] - 	 Starting Epoch: 1468
[2026-05-04 20:27:56,041][src.modRNN.training.training_loop][INFO] - train epoch 1468 loss 0.5402 accuracy 73.44%
[2026-05-04 20:27:56,043][src.modRNN.training.training_loop][INFO] - 	 Starting Epoch: 1469
[2026-05-04 20:27:57,108][src.modRNN.training.training_loop][INFO] - train epoch 1469 loss 0.4102 accuracy 89.06%
[2026-05-04 20:27:57,110][src.modRNN.training.training_loop][INFO] - 	 Starting Epoch: 1470
[2026-05-04 20:27:58,181][src.modRNN.training.training_loop][INFO] - train epoch 1470 loss 0.3311 accuracy 95.31%
[2026-05-04 20:27:58,182][src.modRNN.training.training_loop][INFO] - 	 Starting Epoch: 1471
[2026-05-04 20:27:59,254][src.modRNN.training.training_loop][INFO] - train epoch 1471 loss 0.4327 accuracy 84.38%
[2026-05-04 20:27:59,256][src.modRNN.training.training_loop][INFO] - 	 Starting Epoch: 1472
[2026-05-04 20:28:00,326][src.modRNN.training.training_loop][INFO] - train epoch 1472 loss 0.5294 accuracy 73.44%
[2026-05-04 20:28:00,327][src.modRNN.training.training_loop][INFO] - 	 Starting Epoch: 1473
[2026-05-04 20:28:01,399][src.modRNN.training.training_loop][INFO] - train epoch 1473 loss 0.4616 accuracy 81.25%
[2026-05-04 20:28:01,401][src.modRNN.training.training_loop][INFO] - 	 Starting Epoch: 1474
[2026-05-04 20:28:02,482][src.modRNN.training.training_loop][INFO] - train epoch 1474 loss 0.5393 accuracy 78.12%
[2026-05-04 20:28:02,484][src.modRNN.training.training_loop][INFO] - 	 Starting Epoch: 1475
[2026-05-04 20:28:03,565][src.modRNN.training.training_loop][INFO] - train epoch 1475 loss 0.4062 accuracy 87.50%
[2026-05-04 20:28:03,566][src.modRNN.training.training_loop][INFO] - 	 Starting Epoch: 1476
[2026-05-04 20:28:04,640][src.modRNN.training.training_loop][INFO] - train epoch 1476 loss 0.4205 accuracy 87.50%
[2026-05-04 20:28:06,786][src.modRNN.training.training_loop][INFO] - eval  epoch 1476 loss 0.4220 accuracy 86.13%
[2026-05-04 20:28:06,788][src.modRNN.training.training_loop][INFO] - 	 Starting Epoch: 1477
[2026-05-04 20:28:07,862][src.modRNN.training.training_loop][INFO] - train epoch 1477 loss 0.4273 accuracy 81.25%
[2026-05-04 20:28:07,863][src.modRNN.training.training_loop][INFO] - 	 Starting Epoch: 1478
[2026-05-04 20:28:08,936][src.modRNN.training.training_loop][INFO] - train epoch 1478 loss 0.4671 accuracy 81.25%
[2026-05-04 20:28:08,937][src.modRNN.training.training_loop][INFO] - 	 Starting Epoch: 1479
[2026-05-04 20:28:10,014][src.modRNN.training.training_loop][INFO] - train epoch 1479 loss 0.4214 accuracy 89.06%
[2026-05-04 20:28:10,016][src.modRNN.training.training_loop][INFO] - 	 Starting Epoch: 1480
[2026-05-04 20:28:11,092][src.modRNN.training.training_loop][INFO] - train epoch 1480 loss 0.4060 accuracy 89.06%
[2026-05-04 20:28:11,093][src.modRNN.training.training_loop][INFO] - 	 Starting Epoch: 1481
[2026-05-04 20:28:12,175][src.modRNN.training.training_loop][INFO] - train epoch 1481 loss 0.4532 accuracy 85.94%
[2026-05-04 20:28:12,176][src.modRNN.training.training_loop][INFO] - 	 Starting Epoch: 1482
[2026-05-04 20:28:13,250][src.modRNN.training.training_loop][INFO] - train epoch 1482 loss 0.4275 accuracy 89.06%
[2026-05-04 20:28:13,252][src.modRNN.training.training_loop][INFO] - 	 Starting Epoch: 1483
[2026-05-04 20:28:14,331][src.modRNN.training.training_loop][INFO] - train epoch 1483 loss 0.4820 accuracy 81.25%
[2026-05-04 20:28:14,333][src.modRNN.training.training_loop][INFO] - 	 Starting Epoch: 1484
[2026-05-04 20:28:15,409][src.modRNN.training.training_loop][INFO] - train epoch 1484 loss 0.3951 accuracy 89.06%
[2026-05-04 20:28:15,411][src.modRNN.training.training_loop][INFO] - 	 Starting Epoch: 1485
[2026-05-04 20:28:16,493][src.modRNN.training.training_loop][INFO] - train epoch 1485 loss 0.4202 accuracy 84.38%
[2026-05-04 20:28:16,494][src.modRNN.training.training_loop][INFO] - 	 Starting Epoch: 1486
[2026-05-04 20:28:17,575][src.modRNN.training.training_loop][INFO] - train epoch 1486 loss 0.3288 accuracy 93.75%
[2026-05-04 20:28:17,576][src.modRNN.training.training_loop][INFO] - 	 Starting Epoch: 1487
[2026-05-04 20:28:18,654][src.modRNN.training.training_loop][INFO] - train epoch 1487 loss 0.3840 accuracy 90.62%
[2026-05-04 20:28:18,655][src.modRNN.training.training_loop][INFO] - 	 Starting Epoch: 1488
[2026-05-04 20:28:19,729][src.modRNN.training.training_loop][INFO] - train epoch 1488 loss 0.3363 accuracy 90.62%
[2026-05-04 20:28:19,731][src.modRNN.training.training_loop][INFO] - 	 Starting Epoch: 1489
[2026-05-04 20:28:20,812][src.modRNN.training.training_loop][INFO] - train epoch 1489 loss 0.4238 accuracy 87.50%
[2026-05-04 20:28:20,814][src.modRNN.training.training_loop][INFO] - 	 Starting Epoch: 1490
[2026-05-04 20:28:21,890][src.modRNN.training.training_loop][INFO] - train epoch 1490 loss 0.4588 accuracy 84.38%
[2026-05-04 20:28:21,891][src.modRNN.training.training_loop][INFO] - 	 Starting Epoch: 1491
[2026-05-04 20:28:22,972][src.modRNN.training.training_loop][INFO] - train epoch 1491 loss 0.3989 accuracy 90.62%
[2026-05-04 20:28:22,974][src.modRNN.training.training_loop][INFO] - 	 Starting Epoch: 1492
[2026-05-04 20:28:24,062][src.modRNN.training.training_loop][INFO] - train epoch 1492 loss 0.3561 accuracy 90.62%
[2026-05-04 20:28:24,079][src.modRNN.training.training_loop][INFO] - 	 Starting Epoch: 1493
[2026-05-04 20:28:25,225][src.modRNN.training.training_loop][INFO] - train epoch 1493 loss 0.5897 accuracy 76.56%
[2026-05-04 20:28:25,226][src.modRNN.training.training_loop][INFO] - 	 Starting Epoch: 1494
[2026-05-04 20:28:26,306][src.modRNN.training.training_loop][INFO] - train epoch 1494 loss 0.4765 accuracy 81.25%
[2026-05-04 20:28:26,308][src.modRNN.training.training_loop][INFO] - 	 Starting Epoch: 1495
[2026-05-04 20:28:27,387][src.modRNN.training.training_loop][INFO] - train epoch 1495 loss 0.4552 accuracy 84.38%
[2026-05-04 20:28:27,389][src.modRNN.training.training_loop][INFO] - 	 Starting Epoch: 1496
[2026-05-04 20:28:28,461][src.modRNN.training.training_loop][INFO] - train epoch 1496 loss 0.3419 accuracy 92.19%
[2026-05-04 20:28:28,462][src.modRNN.training.training_loop][INFO] - 	 Starting Epoch: 1497
[2026-05-04 20:28:29,540][src.modRNN.training.training_loop][INFO] - train epoch 1497 loss 0.5225 accuracy 78.12%
[2026-05-04 20:28:29,541][src.modRNN.training.training_loop][INFO] - 	 Starting Epoch: 1498
[2026-05-04 20:28:30,616][src.modRNN.training.training_loop][INFO] - train epoch 1498 loss 0.4125 accuracy 89.06%
[2026-05-04 20:28:30,617][src.modRNN.training.training_loop][INFO] - 	 Starting Epoch: 1499
[2026-05-04 20:28:31,690][src.modRNN.training.training_loop][INFO] - train epoch 1499 loss 0.4237 accuracy 85.94%
[2026-05-04 20:28:31,692][src.modRNN.training.training_loop][INFO] - 	 Starting Epoch: 1500
[2026-05-04 20:28:32,761][src.modRNN.training.training_loop][INFO] - train epoch 1500 loss 0.3491 accuracy 90.62%
[2026-05-04 20:28:32,763][src.modRNN.training.training_loop][INFO] - 	 Starting Epoch: 1501
[2026-05-04 20:28:33,836][src.modRNN.training.training_loop][INFO] - train epoch 1501 loss 0.3965 accuracy 84.38%
[2026-05-04 20:28:35,989][src.modRNN.training.training_loop][INFO] - eval  epoch 1501 loss 0.4399 accuracy 83.20%
[2026-05-04 20:28:35,991][src.modRNN.training.training_loop][INFO] - 	 Starting Epoch: 1502
[2026-05-04 20:28:37,055][src.modRNN.training.training_loop][INFO] - train epoch 1502 loss 0.3898 accuracy 90.62%
[2026-05-04 20:28:37,056][src.modRNN.training.training_loop][INFO] - 	 Starting Epoch: 1503
[2026-05-04 20:28:38,120][src.modRNN.training.training_loop][INFO] - train epoch 1503 loss 0.3769 accuracy 85.94%
[2026-05-04 20:28:38,122][src.modRNN.training.training_loop][INFO] - 	 Starting Epoch: 1504
[2026-05-04 20:28:39,196][src.modRNN.training.training_loop][INFO] - train epoch 1504 loss 0.3657 accuracy 92.19%
[2026-05-04 20:28:39,197][src.modRNN.training.training_loop][INFO] - 	 Starting Epoch: 1505
[2026-05-04 20:28:40,264][src.modRNN.training.training_loop][INFO] - train epoch 1505 loss 0.4362 accuracy 84.38%
[2026-05-04 20:28:40,265][src.modRNN.training.training_loop][INFO] - 	 Starting Epoch: 1506
[2026-05-04 20:28:41,338][src.modRNN.training.training_loop][INFO] - train epoch 1506 loss 0.4204 accuracy 85.94%
[2026-05-04 20:28:41,339][src.modRNN.training.training_loop][INFO] - 	 Starting Epoch: 1507
[2026-05-04 20:28:42,408][src.modRNN.training.training_loop][INFO] - train epoch 1507 loss 0.4068 accuracy 84.38%
[2026-05-04 20:28:42,410][src.modRNN.training.training_loop][INFO] - 	 Starting Epoch: 1508
[2026-05-04 20:28:43,473][src.modRNN.training.training_loop][INFO] - train epoch 1508 loss 0.4302 accuracy 85.94%
[2026-05-04 20:28:43,475][src.modRNN.training.training_loop][INFO] - 	 Starting Epoch: 1509
[2026-05-04 20:28:44,544][src.modRNN.training.training_loop][INFO] - train epoch 1509 loss 0.4270 accuracy 85.94%
[2026-05-04 20:28:44,545][src.modRNN.training.training_loop][INFO] - 	 Starting Epoch: 1510
[2026-05-04 20:28:45,613][src.modRNN.training.training_loop][INFO] - train epoch 1510 loss 0.4592 accuracy 82.81%
[2026-05-04 20:28:45,614][src.modRNN.training.training_loop][INFO] - 	 Starting Epoch: 1511
[2026-05-04 20:28:46,690][src.modRNN.training.training_loop][INFO] - train epoch 1511 loss 0.3865 accuracy 92.19%
[2026-05-04 20:28:46,692][src.modRNN.training.training_loop][INFO] - 	 Starting Epoch: 1512
[2026-05-04 20:28:47,759][src.modRNN.training.training_loop][INFO] - train epoch 1512 loss 0.4672 accuracy 81.25%
[2026-05-04 20:28:47,760][src.modRNN.training.training_loop][INFO] - 	 Starting Epoch: 1513
[2026-05-04 20:28:48,832][src.modRNN.training.training_loop][INFO] - train epoch 1513 loss 0.5314 accuracy 76.56%
[2026-05-04 20:28:48,834][src.modRNN.training.training_loop][INFO] - 	 Starting Epoch: 1514
[2026-05-04 20:28:49,898][src.modRNN.training.training_loop][INFO] - train epoch 1514 loss 0.4731 accuracy 84.38%
[2026-05-04 20:28:49,899][src.modRNN.training.training_loop][INFO] - 	 Starting Epoch: 1515
[2026-05-04 20:28:50,969][src.modRNN.training.training_loop][INFO] - train epoch 1515 loss 0.4645 accuracy 82.81%
[2026-05-04 20:28:50,971][src.modRNN.training.training_loop][INFO] - 	 Starting Epoch: 1516
[2026-05-04 20:28:52,037][src.modRNN.training.training_loop][INFO] - train epoch 1516 loss 0.4734 accuracy 79.69%
[2026-05-04 20:28:52,039][src.modRNN.training.training_loop][INFO] - 	 Starting Epoch: 1517
[2026-05-04 20:28:53,110][src.modRNN.training.training_loop][INFO] - train epoch 1517 loss 0.3876 accuracy 89.06%
[2026-05-04 20:28:53,111][src.modRNN.training.training_loop][INFO] - 	 Starting Epoch: 1518
[2026-05-04 20:28:54,181][src.modRNN.training.training_loop][INFO] - train epoch 1518 loss 0.3675 accuracy 87.50%
[2026-05-04 20:28:54,183][src.modRNN.training.training_loop][INFO] - 	 Starting Epoch: 1519
[2026-05-04 20:28:55,255][src.modRNN.training.training_loop][INFO] - train epoch 1519 loss 0.5029 accuracy 81.25%
[2026-05-04 20:28:55,257][src.modRNN.training.training_loop][INFO] - 	 Starting Epoch: 1520
[2026-05-04 20:28:56,327][src.modRNN.training.training_loop][INFO] - train epoch 1520 loss 0.3839 accuracy 89.06%
[2026-05-04 20:28:56,328][src.modRNN.training.training_loop][INFO] - 	 Starting Epoch: 1521
[2026-05-04 20:28:57,392][src.modRNN.training.training_loop][INFO] - train epoch 1521 loss 0.4351 accuracy 85.94%
[2026-05-04 20:28:57,393][src.modRNN.training.training_loop][INFO] - 	 Starting Epoch: 1522
[2026-05-04 20:28:58,460][src.modRNN.training.training_loop][INFO] - train epoch 1522 loss 0.3423 accuracy 89.06%
[2026-05-04 20:28:58,461][src.modRNN.training.training_loop][INFO] - 	 Starting Epoch: 1523
[2026-05-04 20:28:59,531][src.modRNN.training.training_loop][INFO] - train epoch 1523 loss 0.5050 accuracy 76.56%
[2026-05-04 20:28:59,533][src.modRNN.training.training_loop][INFO] - 	 Starting Epoch: 1524
[2026-05-04 20:29:00,600][src.modRNN.training.training_loop][INFO] - train epoch 1524 loss 0.3557 accuracy 90.62%
[2026-05-04 20:29:00,601][src.modRNN.training.training_loop][INFO] - 	 Starting Epoch: 1525
[2026-05-04 20:29:01,672][src.modRNN.training.training_loop][INFO] - train epoch 1525 loss 0.4589 accuracy 81.25%
[2026-05-04 20:29:01,673][src.modRNN.training.training_loop][INFO] - 	 Starting Epoch: 1526
[2026-05-04 20:29:02,791][src.modRNN.training.training_loop][INFO] - train epoch 1526 loss 0.3971 accuracy 85.94%
[2026-05-04 20:29:04,935][src.modRNN.training.training_loop][INFO] - eval  epoch 1526 loss 0.3987 accuracy 88.09%
[2026-05-04 20:29:04,936][src.modRNN.training.training_loop][INFO] - 	 Starting Epoch: 1527
[2026-05-04 20:29:06,007][src.modRNN.training.training_loop][INFO] - train epoch 1527 loss 0.3453 accuracy 92.19%
[2026-05-04 20:29:06,009][src.modRNN.training.training_loop][INFO] - 	 Starting Epoch: 1528
[2026-05-04 20:29:07,083][src.modRNN.training.training_loop][INFO] - train epoch 1528 loss 0.4516 accuracy 85.94%
[2026-05-04 20:29:07,084][src.modRNN.training.training_loop][INFO] - 	 Starting Epoch: 1529
[2026-05-04 20:29:08,158][src.modRNN.training.training_loop][INFO] - train epoch 1529 loss 0.4528 accuracy 82.81%
[2026-05-04 20:29:08,159][src.modRNN.training.training_loop][INFO] - 	 Starting Epoch: 1530
[2026-05-04 20:29:09,238][src.modRNN.training.training_loop][INFO] - train epoch 1530 loss 0.3683 accuracy 90.62%
[2026-05-04 20:29:09,239][src.modRNN.training.training_loop][INFO] - 	 Starting Epoch: 1531
[2026-05-04 20:29:10,315][src.modRNN.training.training_loop][INFO] - train epoch 1531 loss 0.4589 accuracy 78.12%
[2026-05-04 20:29:10,316][src.modRNN.training.training_loop][INFO] - 	 Starting Epoch: 1532
[2026-05-04 20:29:11,399][src.modRNN.training.training_loop][INFO] - train epoch 1532 loss 0.4530 accuracy 84.38%
[2026-05-04 20:29:11,401][src.modRNN.training.training_loop][INFO] - 	 Starting Epoch: 1533
[2026-05-04 20:29:12,477][src.modRNN.training.training_loop][INFO] - train epoch 1533 loss 0.4555 accuracy 84.38%
[2026-05-04 20:29:12,479][src.modRNN.training.training_loop][INFO] - 	 Starting Epoch: 1534
[2026-05-04 20:29:13,558][src.modRNN.training.training_loop][INFO] - train epoch 1534 loss 0.4651 accuracy 82.81%
[2026-05-04 20:29:13,560][src.modRNN.training.training_loop][INFO] - 	 Starting Epoch: 1535
[2026-05-04 20:29:14,638][src.modRNN.training.training_loop][INFO] - train epoch 1535 loss 0.4400 accuracy 82.81%
[2026-05-04 20:29:14,639][src.modRNN.training.training_loop][INFO] - 	 Starting Epoch: 1536
[2026-05-04 20:29:15,723][src.modRNN.training.training_loop][INFO] - train epoch 1536 loss 0.2967 accuracy 93.75%
[2026-05-04 20:29:15,725][src.modRNN.training.training_loop][INFO] - 	 Starting Epoch: 1537
[2026-05-04 20:29:16,800][src.modRNN.training.training_loop][INFO] - train epoch 1537 loss 0.3364 accuracy 93.75%
[2026-05-04 20:29:16,801][src.modRNN.training.training_loop][INFO] - 	 Starting Epoch: 1538
[2026-05-04 20:29:17,876][src.modRNN.training.training_loop][INFO] - train epoch 1538 loss 0.3961 accuracy 92.19%
[2026-05-04 20:29:17,877][src.modRNN.training.training_loop][INFO] - 	 Starting Epoch: 1539
[2026-05-04 20:29:18,953][src.modRNN.training.training_loop][INFO] - train epoch 1539 loss 0.4078 accuracy 85.94%
[2026-05-04 20:29:18,955][src.modRNN.training.training_loop][INFO] - 	 Starting Epoch: 1540
[2026-05-04 20:29:20,035][src.modRNN.training.training_loop][INFO] - train epoch 1540 loss 0.4002 accuracy 90.62%
[2026-05-04 20:29:20,036][src.modRNN.training.training_loop][INFO] - 	 Starting Epoch: 1541
[2026-05-04 20:29:21,117][src.modRNN.training.training_loop][INFO] - train epoch 1541 loss 0.4544 accuracy 82.81%
[2026-05-04 20:29:21,118][src.modRNN.training.training_loop][INFO] - 	 Starting Epoch: 1542
[2026-05-04 20:29:22,197][src.modRNN.training.training_loop][INFO] - train epoch 1542 loss 0.3414 accuracy 95.31%
[2026-05-04 20:29:22,198][src.modRNN.training.training_loop][INFO] - 	 Starting Epoch: 1543
[2026-05-04 20:29:23,279][src.modRNN.training.training_loop][INFO] - train epoch 1543 loss 0.4018 accuracy 90.62%
[2026-05-04 20:29:23,280][src.modRNN.training.training_loop][INFO] - 	 Starting Epoch: 1544
[2026-05-04 20:29:24,382][src.modRNN.training.training_loop][INFO] - train epoch 1544 loss 0.3243 accuracy 92.19%
[2026-05-04 20:29:24,387][src.modRNN.training.training_loop][INFO] - 	 Starting Epoch: 1545
[2026-05-04 20:29:25,506][src.modRNN.training.training_loop][INFO] - train epoch 1545 loss 0.4284 accuracy 85.94%
[2026-05-04 20:29:25,507][src.modRNN.training.training_loop][INFO] - 	 Starting Epoch: 1546
[2026-05-04 20:29:26,590][src.modRNN.training.training_loop][INFO] - train epoch 1546 loss 0.4226 accuracy 89.06%
[2026-05-04 20:29:26,591][src.modRNN.training.training_loop][INFO] - 	 Starting Epoch: 1547
[2026-05-04 20:29:27,670][src.modRNN.training.training_loop][INFO] - train epoch 1547 loss 0.4317 accuracy 84.38%
[2026-05-04 20:29:27,672][src.modRNN.training.training_loop][INFO] - 	 Starting Epoch: 1548
[2026-05-04 20:29:28,745][src.modRNN.training.training_loop][INFO] - train epoch 1548 loss 0.3979 accuracy 90.62%
[2026-05-04 20:29:28,747][src.modRNN.training.training_loop][INFO] - 	 Starting Epoch: 1549
[2026-05-04 20:29:29,828][src.modRNN.training.training_loop][INFO] - train epoch 1549 loss 0.4173 accuracy 85.94%
[2026-05-04 20:29:29,830][src.modRNN.training.training_loop][INFO] - 	 Starting Epoch: 1550
[2026-05-04 20:29:30,909][src.modRNN.training.training_loop][INFO] - train epoch 1550 loss 0.3891 accuracy 85.94%
[2026-05-04 20:29:30,911][src.modRNN.training.training_loop][INFO] - 	 Starting Epoch: 1551
[2026-05-04 20:29:31,979][src.modRNN.training.training_loop][INFO] - train epoch 1551 loss 0.4191 accuracy 84.38%
[2026-05-04 20:29:34,123][src.modRNN.training.training_loop][INFO] - eval  epoch 1551 loss 0.4229 accuracy 85.35%
[2026-05-04 20:29:34,125][src.modRNN.training.training_loop][INFO] - 	 Starting Epoch: 1552
[2026-05-04 20:29:35,187][src.modRNN.training.training_loop][INFO] - train epoch 1552 loss 0.4108 accuracy 89.06%
[2026-05-04 20:29:35,189][src.modRNN.training.training_loop][INFO] - 	 Starting Epoch: 1553
[2026-05-04 20:29:36,256][src.modRNN.training.training_loop][INFO] - train epoch 1553 loss 0.4964 accuracy 81.25%
[2026-05-04 20:29:36,257][src.modRNN.training.training_loop][INFO] - 	 Starting Epoch: 1554
[2026-05-04 20:29:37,327][src.modRNN.training.training_loop][INFO] - train epoch 1554 loss 0.4365 accuracy 84.38%
[2026-05-04 20:29:37,328][src.modRNN.training.training_loop][INFO] - 	 Starting Epoch: 1555
[2026-05-04 20:29:38,403][src.modRNN.training.training_loop][INFO] - train epoch 1555 loss 0.4472 accuracy 84.38%
[2026-05-04 20:29:38,404][src.modRNN.training.training_loop][INFO] - 	 Starting Epoch: 1556
[2026-05-04 20:29:39,478][src.modRNN.training.training_loop][INFO] - train epoch 1556 loss 0.3491 accuracy 93.75%
[2026-05-04 20:29:39,479][src.modRNN.training.training_loop][INFO] - 	 Starting Epoch: 1557
[2026-05-04 20:29:40,545][src.modRNN.training.training_loop][INFO] - train epoch 1557 loss 0.3791 accuracy 89.06%
[2026-05-04 20:29:40,547][src.modRNN.training.training_loop][INFO] - 	 Starting Epoch: 1558
[2026-05-04 20:29:41,612][src.modRNN.training.training_loop][INFO] - train epoch 1558 loss 0.4430 accuracy 84.38%
[2026-05-04 20:29:41,614][src.modRNN.training.training_loop][INFO] - 	 Starting Epoch: 1559
[2026-05-04 20:29:42,679][src.modRNN.training.training_loop][INFO] - train epoch 1559 loss 0.3823 accuracy 85.94%
[2026-05-04 20:29:42,680][src.modRNN.training.training_loop][INFO] - 	 Starting Epoch: 1560
[2026-05-04 20:29:43,744][src.modRNN.training.training_loop][INFO] - train epoch 1560 loss 0.3991 accuracy 90.62%
[2026-05-04 20:29:43,746][src.modRNN.training.training_loop][INFO] - 	 Starting Epoch: 1561
[2026-05-04 20:29:44,816][src.modRNN.training.training_loop][INFO] - train epoch 1561 loss 0.4020 accuracy 89.06%
[2026-05-04 20:29:44,817][src.modRNN.training.training_loop][INFO] - 	 Starting Epoch: 1562
[2026-05-04 20:29:45,887][src.modRNN.training.training_loop][INFO] - train epoch 1562 loss 0.3776 accuracy 85.94%
[2026-05-04 20:29:45,889][src.modRNN.training.training_loop][INFO] - 	 Starting Epoch: 1563
[2026-05-04 20:29:46,954][src.modRNN.training.training_loop][INFO] - train epoch 1563 loss 0.4740 accuracy 81.25%
[2026-05-04 20:29:46,956][src.modRNN.training.training_loop][INFO] - 	 Starting Epoch: 1564
[2026-05-04 20:29:48,023][src.modRNN.training.training_loop][INFO] - train epoch 1564 loss 0.4245 accuracy 82.81%
[2026-05-04 20:29:48,025][src.modRNN.training.training_loop][INFO] - 	 Starting Epoch: 1565
[2026-05-04 20:29:49,095][src.modRNN.training.training_loop][INFO] - train epoch 1565 loss 0.3975 accuracy 82.81%
[2026-05-04 20:29:49,097][src.modRNN.training.training_loop][INFO] - 	 Starting Epoch: 1566
[2026-05-04 20:29:50,165][src.modRNN.training.training_loop][INFO] - train epoch 1566 loss 0.5147 accuracy 78.12%
[2026-05-04 20:29:50,167][src.modRNN.training.training_loop][INFO] - 	 Starting Epoch: 1567
[2026-05-04 20:29:51,238][src.modRNN.training.training_loop][INFO] - train epoch 1567 loss 0.3776 accuracy 87.50%
[2026-05-04 20:29:51,240][src.modRNN.training.training_loop][INFO] - 	 Starting Epoch: 1568
[2026-05-04 20:29:52,305][src.modRNN.training.training_loop][INFO] - train epoch 1568 loss 0.4206 accuracy 84.38%
[2026-05-04 20:29:52,307][src.modRNN.training.training_loop][INFO] - 	 Starting Epoch: 1569
[2026-05-04 20:29:53,384][src.modRNN.training.training_loop][INFO] - train epoch 1569 loss 0.4205 accuracy 84.38%
[2026-05-04 20:29:53,385][src.modRNN.training.training_loop][INFO] - 	 Starting Epoch: 1570
[2026-05-04 20:29:54,453][src.modRNN.training.training_loop][INFO] - train epoch 1570 loss 0.3208 accuracy 93.75%
[2026-05-04 20:29:54,454][src.modRNN.training.training_loop][INFO] - 	 Starting Epoch: 1571
[2026-05-04 20:29:55,527][src.modRNN.training.training_loop][INFO] - train epoch 1571 loss 0.4019 accuracy 82.81%
[2026-05-04 20:29:55,529][src.modRNN.training.training_loop][INFO] - 	 Starting Epoch: 1572
[2026-05-04 20:29:56,601][src.modRNN.training.training_loop][INFO] - train epoch 1572 loss 0.4106 accuracy 85.94%
[2026-05-04 20:29:56,602][src.modRNN.training.training_loop][INFO] - 	 Starting Epoch: 1573
[2026-05-04 20:29:57,674][src.modRNN.training.training_loop][INFO] - train epoch 1573 loss 0.4009 accuracy 85.94%
[2026-05-04 20:29:57,676][src.modRNN.training.training_loop][INFO] - 	 Starting Epoch: 1574
[2026-05-04 20:29:58,741][src.modRNN.training.training_loop][INFO] - train epoch 1574 loss 0.4311 accuracy 81.25%
[2026-05-04 20:29:58,743][src.modRNN.training.training_loop][INFO] - 	 Starting Epoch: 1575
[2026-05-04 20:29:59,815][src.modRNN.training.training_loop][INFO] - train epoch 1575 loss 0.4177 accuracy 81.25%
[2026-05-04 20:29:59,817][src.modRNN.training.training_loop][INFO] - 	 Starting Epoch: 1576
[2026-05-04 20:30:00,886][src.modRNN.training.training_loop][INFO] - train epoch 1576 loss 0.3573 accuracy 90.62%
[2026-05-04 20:30:03,033][src.modRNN.training.training_loop][INFO] - eval  epoch 1576 loss 0.4148 accuracy 87.30%
[2026-05-04 20:30:03,035][src.modRNN.training.training_loop][INFO] - 	 Starting Epoch: 1577
[2026-05-04 20:30:04,108][src.modRNN.training.training_loop][INFO] - train epoch 1577 loss 0.3740 accuracy 89.06%
[2026-05-04 20:30:04,110][src.modRNN.training.training_loop][INFO] - 	 Starting Epoch: 1578
[2026-05-04 20:30:05,186][src.modRNN.training.training_loop][INFO] - train epoch 1578 loss 0.4937 accuracy 81.25%
[2026-05-04 20:30:05,188][src.modRNN.training.training_loop][INFO] - 	 Starting Epoch: 1579
[2026-05-04 20:30:06,261][src.modRNN.training.training_loop][INFO] - train epoch 1579 loss 0.3954 accuracy 87.50%
[2026-05-04 20:30:06,262][src.modRNN.training.training_loop][INFO] - 	 Starting Epoch: 1580
[2026-05-04 20:30:07,347][src.modRNN.training.training_loop][INFO] - train epoch 1580 loss 0.4217 accuracy 79.69%
[2026-05-04 20:30:07,348][src.modRNN.training.training_loop][INFO] - 	 Starting Epoch: 1581
[2026-05-04 20:30:08,425][src.modRNN.training.training_loop][INFO] - train epoch 1581 loss 0.3963 accuracy 89.06%
[2026-05-04 20:30:08,426][src.modRNN.training.training_loop][INFO] - 	 Starting Epoch: 1582
[2026-05-04 20:30:09,504][src.modRNN.training.training_loop][INFO] - train epoch 1582 loss 0.3936 accuracy 85.94%
[2026-05-04 20:30:09,506][src.modRNN.training.training_loop][INFO] - 	 Starting Epoch: 1583
[2026-05-04 20:30:10,581][src.modRNN.training.training_loop][INFO] - train epoch 1583 loss 0.4516 accuracy 85.94%
[2026-05-04 20:30:10,583][src.modRNN.training.training_loop][INFO] - 	 Starting Epoch: 1584
[2026-05-04 20:30:11,659][src.modRNN.training.training_loop][INFO] - train epoch 1584 loss 0.5534 accuracy 78.12%
[2026-05-04 20:30:11,660][src.modRNN.training.training_loop][INFO] - 	 Starting Epoch: 1585
[2026-05-04 20:30:12,739][src.modRNN.training.training_loop][INFO] - train epoch 1585 loss 0.3787 accuracy 87.50%
[2026-05-04 20:30:12,740][src.modRNN.training.training_loop][INFO] - 	 Starting Epoch: 1586
[2026-05-04 20:30:13,822][src.modRNN.training.training_loop][INFO] - train epoch 1586 loss 0.4269 accuracy 90.62%
[2026-05-04 20:30:13,824][src.modRNN.training.training_loop][INFO] - 	 Starting Epoch: 1587
[2026-05-04 20:30:14,901][src.modRNN.training.training_loop][INFO] - train epoch 1587 loss 0.3538 accuracy 90.62%
[2026-05-04 20:30:14,902][src.modRNN.training.training_loop][INFO] - 	 Starting Epoch: 1588
[2026-05-04 20:30:15,985][src.modRNN.training.training_loop][INFO] - train epoch 1588 loss 0.4697 accuracy 84.38%
[2026-05-04 20:30:15,987][src.modRNN.training.training_loop][INFO] - 	 Starting Epoch: 1589
[2026-05-04 20:30:17,068][src.modRNN.training.training_loop][INFO] - train epoch 1589 loss 0.3541 accuracy 89.06%
[2026-05-04 20:30:17,069][src.modRNN.training.training_loop][INFO] - 	 Starting Epoch: 1590
[2026-05-04 20:30:18,147][src.modRNN.training.training_loop][INFO] - train epoch 1590 loss 0.3638 accuracy 92.19%
[2026-05-04 20:30:18,148][src.modRNN.training.training_loop][INFO] - 	 Starting Epoch: 1591
[2026-05-04 20:30:19,225][src.modRNN.training.training_loop][INFO] - train epoch 1591 loss 0.4461 accuracy 81.25%
[2026-05-04 20:30:19,227][src.modRNN.training.training_loop][INFO] - 	 Starting Epoch: 1592
[2026-05-04 20:30:20,309][src.modRNN.training.training_loop][INFO] - train epoch 1592 loss 0.4846 accuracy 79.69%
[2026-05-04 20:30:20,310][src.modRNN.training.training_loop][INFO] - 	 Starting Epoch: 1593
[2026-05-04 20:30:21,392][src.modRNN.training.training_loop][INFO] - train epoch 1593 loss 0.4222 accuracy 87.50%
[2026-05-04 20:30:21,393][src.modRNN.training.training_loop][INFO] - 	 Starting Epoch: 1594
[2026-05-04 20:30:22,468][src.modRNN.training.training_loop][INFO] - train epoch 1594 loss 0.4973 accuracy 79.69%
[2026-05-04 20:30:22,469][src.modRNN.training.training_loop][INFO] - 	 Starting Epoch: 1595
[2026-05-04 20:30:23,544][src.modRNN.training.training_loop][INFO] - train epoch 1595 loss 0.4255 accuracy 87.50%
[2026-05-04 20:30:23,546][src.modRNN.training.training_loop][INFO] - 	 Starting Epoch: 1596
[2026-05-04 20:30:24,668][src.modRNN.training.training_loop][INFO] - train epoch 1596 loss 0.4510 accuracy 84.38%
[2026-05-04 20:30:24,671][src.modRNN.training.training_loop][INFO] - 	 Starting Epoch: 1597
[2026-05-04 20:30:25,761][src.modRNN.training.training_loop][INFO] - train epoch 1597 loss 0.4197 accuracy 87.50%
[2026-05-04 20:30:25,762][src.modRNN.training.training_loop][INFO] - 	 Starting Epoch: 1598
[2026-05-04 20:30:26,838][src.modRNN.training.training_loop][INFO] - train epoch 1598 loss 0.3764 accuracy 90.62%
[2026-05-04 20:30:26,840][src.modRNN.training.training_loop][INFO] - 	 Starting Epoch: 1599
[2026-05-04 20:30:27,918][src.modRNN.training.training_loop][INFO] - train epoch 1599 loss 0.4038 accuracy 85.94%
[2026-05-04 20:30:27,919][src.modRNN.training.training_loop][INFO] - 	 Starting Epoch: 1600
[2026-05-04 20:30:28,998][src.modRNN.training.training_loop][INFO] - train epoch 1600 loss 0.3936 accuracy 85.94%
[2026-05-04 20:30:29,000][src.modRNN.training.training_loop][INFO] - 	 Starting Epoch: 1601
[2026-05-04 20:30:30,075][src.modRNN.training.training_loop][INFO] - train epoch 1601 loss 0.3906 accuracy 82.81%
[2026-05-04 20:30:32,221][src.modRNN.training.training_loop][INFO] - eval  epoch 1601 loss 0.4213 accuracy 84.57%
[2026-05-04 20:30:32,222][src.modRNN.training.training_loop][INFO] - 	 Starting Epoch: 1602
[2026-05-04 20:30:33,284][src.modRNN.training.training_loop][INFO] - train epoch 1602 loss 0.4258 accuracy 82.81%
[2026-05-04 20:30:33,286][src.modRNN.training.training_loop][INFO] - 	 Starting Epoch: 1603
[2026-05-04 20:30:34,350][src.modRNN.training.training_loop][INFO] - train epoch 1603 loss 0.4563 accuracy 82.81%
[2026-05-04 20:30:34,351][src.modRNN.training.training_loop][INFO] - 	 Starting Epoch: 1604
[2026-05-04 20:30:35,416][src.modRNN.training.training_loop][INFO] - train epoch 1604 loss 0.4364 accuracy 84.38%
[2026-05-04 20:30:35,417][src.modRNN.training.training_loop][INFO] - 	 Starting Epoch: 1605
[2026-05-04 20:30:36,488][src.modRNN.training.training_loop][INFO] - train epoch 1605 loss 0.3132 accuracy 92.19%
[2026-05-04 20:30:36,489][src.modRNN.training.training_loop][INFO] - 	 Starting Epoch: 1606
[2026-05-04 20:30:37,554][src.modRNN.training.training_loop][INFO] - train epoch 1606 loss 0.4195 accuracy 85.94%
[2026-05-04 20:30:37,555][src.modRNN.training.training_loop][INFO] - 	 Starting Epoch: 1607
[2026-05-04 20:30:38,622][src.modRNN.training.training_loop][INFO] - train epoch 1607 loss 0.4383 accuracy 85.94%
[2026-05-04 20:30:38,624][src.modRNN.training.training_loop][INFO] - 	 Starting Epoch: 1608
[2026-05-04 20:30:39,687][src.modRNN.training.training_loop][INFO] - train epoch 1608 loss 0.4375 accuracy 81.25%
[2026-05-04 20:30:39,689][src.modRNN.training.training_loop][INFO] - 	 Starting Epoch: 1609
[2026-05-04 20:30:40,762][src.modRNN.training.training_loop][INFO] - train epoch 1609 loss 0.4000 accuracy 85.94%
[2026-05-04 20:30:40,764][src.modRNN.training.training_loop][INFO] - 	 Starting Epoch: 1610
[2026-05-04 20:30:41,831][src.modRNN.training.training_loop][INFO] - train epoch 1610 loss 0.3872 accuracy 90.62%
[2026-05-04 20:30:41,832][src.modRNN.training.training_loop][INFO] - 	 Starting Epoch: 1611
[2026-05-04 20:30:42,908][src.modRNN.training.training_loop][INFO] - train epoch 1611 loss 0.3907 accuracy 84.38%
[2026-05-04 20:30:42,910][src.modRNN.training.training_loop][INFO] - 	 Starting Epoch: 1612
[2026-05-04 20:30:43,975][src.modRNN.training.training_loop][INFO] - train epoch 1612 loss 0.4229 accuracy 85.94%
[2026-05-04 20:30:43,977][src.modRNN.training.training_loop][INFO] - 	 Starting Epoch: 1613
[2026-05-04 20:30:45,046][src.modRNN.training.training_loop][INFO] - train epoch 1613 loss 0.3681 accuracy 87.50%
[2026-05-04 20:30:45,048][src.modRNN.training.training_loop][INFO] - 	 Starting Epoch: 1614
[2026-05-04 20:30:46,123][src.modRNN.training.training_loop][INFO] - train epoch 1614 loss 0.4425 accuracy 81.25%
[2026-05-04 20:30:46,124][src.modRNN.training.training_loop][INFO] - 	 Starting Epoch: 1615
[2026-05-04 20:30:47,196][src.modRNN.training.training_loop][INFO] - train epoch 1615 loss 0.3572 accuracy 90.62%
[2026-05-04 20:30:47,197][src.modRNN.training.training_loop][INFO] - 	 Starting Epoch: 1616
[2026-05-04 20:30:48,262][src.modRNN.training.training_loop][INFO] - train epoch 1616 loss 0.4357 accuracy 90.62%
[2026-05-04 20:30:48,263][src.modRNN.training.training_loop][INFO] - 	 Starting Epoch: 1617
[2026-05-04 20:30:49,332][src.modRNN.training.training_loop][INFO] - train epoch 1617 loss 0.3448 accuracy 92.19%
[2026-05-04 20:30:49,333][src.modRNN.training.training_loop][INFO] - 	 Starting Epoch: 1618
[2026-05-04 20:30:50,402][src.modRNN.training.training_loop][INFO] - train epoch 1618 loss 0.3358 accuracy 93.75%
[2026-05-04 20:30:50,403][src.modRNN.training.training_loop][INFO] - 	 Starting Epoch: 1619
[2026-05-04 20:30:51,481][src.modRNN.training.training_loop][INFO] - train epoch 1619 loss 0.4281 accuracy 82.81%
[2026-05-04 20:30:51,483][src.modRNN.training.training_loop][INFO] - 	 Starting Epoch: 1620
[2026-05-04 20:30:52,545][src.modRNN.training.training_loop][INFO] - train epoch 1620 loss 0.5281 accuracy 78.12%
[2026-05-04 20:30:52,546][src.modRNN.training.training_loop][INFO] - 	 Starting Epoch: 1621
[2026-05-04 20:30:53,617][src.modRNN.training.training_loop][INFO] - train epoch 1621 loss 0.3671 accuracy 95.31%
[2026-05-04 20:30:53,618][src.modRNN.training.training_loop][INFO] - 	 Starting Epoch: 1622
[2026-05-04 20:30:54,685][src.modRNN.training.training_loop][INFO] - train epoch 1622 loss 0.3757 accuracy 87.50%
[2026-05-04 20:30:54,686][src.modRNN.training.training_loop][INFO] - 	 Starting Epoch: 1623
[2026-05-04 20:30:55,754][src.modRNN.training.training_loop][INFO] - train epoch 1623 loss 0.3878 accuracy 90.62%
[2026-05-04 20:30:55,756][src.modRNN.training.training_loop][INFO] - 	 Starting Epoch: 1624
[2026-05-04 20:30:56,827][src.modRNN.training.training_loop][INFO] - train epoch 1624 loss 0.3547 accuracy 87.50%
[2026-05-04 20:30:56,828][src.modRNN.training.training_loop][INFO] - 	 Starting Epoch: 1625
[2026-05-04 20:30:57,894][src.modRNN.training.training_loop][INFO] - train epoch 1625 loss 0.4768 accuracy 82.81%
[2026-05-04 20:30:57,895][src.modRNN.training.training_loop][INFO] - 	 Starting Epoch: 1626
[2026-05-04 20:30:58,962][src.modRNN.training.training_loop][INFO] - train epoch 1626 loss 0.4327 accuracy 85.94%
[2026-05-04 20:31:01,107][src.modRNN.training.training_loop][INFO] - eval  epoch 1626 loss 0.3970 accuracy 87.70%
[2026-05-04 20:31:01,108][src.modRNN.training.training_loop][INFO] - 	 Starting Epoch: 1627
[2026-05-04 20:31:02,183][src.modRNN.training.training_loop][INFO] - train epoch 1627 loss 0.4314 accuracy 87.50%
[2026-05-04 20:31:02,184][src.modRNN.training.training_loop][INFO] - 	 Starting Epoch: 1628
[2026-05-04 20:31:03,267][src.modRNN.training.training_loop][INFO] - train epoch 1628 loss 0.4525 accuracy 84.38%
[2026-05-04 20:31:03,268][src.modRNN.training.training_loop][INFO] - 	 Starting Epoch: 1629
[2026-05-04 20:31:04,347][src.modRNN.training.training_loop][INFO] - train epoch 1629 loss 0.4103 accuracy 89.06%
[2026-05-04 20:31:04,349][src.modRNN.training.training_loop][INFO] - 	 Starting Epoch: 1630
[2026-05-04 20:31:05,432][src.modRNN.training.training_loop][INFO] - train epoch 1630 loss 0.4434 accuracy 82.81%
[2026-05-04 20:31:05,434][src.modRNN.training.training_loop][INFO] - 	 Starting Epoch: 1631
[2026-05-04 20:31:06,509][src.modRNN.training.training_loop][INFO] - train epoch 1631 loss 0.3451 accuracy 92.19%
[2026-05-04 20:31:06,511][src.modRNN.training.training_loop][INFO] - 	 Starting Epoch: 1632
[2026-05-04 20:31:07,590][src.modRNN.training.training_loop][INFO] - train epoch 1632 loss 0.3831 accuracy 90.62%
[2026-05-04 20:31:07,592][src.modRNN.training.training_loop][INFO] - 	 Starting Epoch: 1633
[2026-05-04 20:31:08,667][src.modRNN.training.training_loop][INFO] - train epoch 1633 loss 0.3726 accuracy 87.50%
[2026-05-04 20:31:08,668][src.modRNN.training.training_loop][INFO] - 	 Starting Epoch: 1634
[2026-05-04 20:31:09,747][src.modRNN.training.training_loop][INFO] - train epoch 1634 loss 0.4645 accuracy 84.38%
[2026-05-04 20:31:09,748][src.modRNN.training.training_loop][INFO] - 	 Starting Epoch: 1635
[2026-05-04 20:31:10,822][src.modRNN.training.training_loop][INFO] - train epoch 1635 loss 0.3827 accuracy 90.62%
[2026-05-04 20:31:10,823][src.modRNN.training.training_loop][INFO] - 	 Starting Epoch: 1636
[2026-05-04 20:31:11,904][src.modRNN.training.training_loop][INFO] - train epoch 1636 loss 0.4847 accuracy 76.56%
[2026-05-04 20:31:11,906][src.modRNN.training.training_loop][INFO] - 	 Starting Epoch: 1637
[2026-05-04 20:31:12,979][src.modRNN.training.training_loop][INFO] - train epoch 1637 loss 0.4776 accuracy 87.50%
[2026-05-04 20:31:12,980][src.modRNN.training.training_loop][INFO] - 	 Starting Epoch: 1638
[2026-05-04 20:31:14,057][src.modRNN.training.training_loop][INFO] - train epoch 1638 loss 0.4237 accuracy 87.50%
[2026-05-04 20:31:14,058][src.modRNN.training.training_loop][INFO] - 	 Starting Epoch: 1639
[2026-05-04 20:31:15,133][src.modRNN.training.training_loop][INFO] - train epoch 1639 loss 0.3805 accuracy 85.94%
[2026-05-04 20:31:15,134][src.modRNN.training.training_loop][INFO] - 	 Starting Epoch: 1640
[2026-05-04 20:31:16,211][src.modRNN.training.training_loop][INFO] - train epoch 1640 loss 0.4204 accuracy 87.50%
[2026-05-04 20:31:16,212][src.modRNN.training.training_loop][INFO] - 	 Starting Epoch: 1641
[2026-05-04 20:31:17,286][src.modRNN.training.training_loop][INFO] - train epoch 1641 loss 0.4250 accuracy 84.38%
[2026-05-04 20:31:17,288][src.modRNN.training.training_loop][INFO] - 	 Starting Epoch: 1642
[2026-05-04 20:31:18,370][src.modRNN.training.training_loop][INFO] - train epoch 1642 loss 0.4319 accuracy 87.50%
[2026-05-04 20:31:18,371][src.modRNN.training.training_loop][INFO] - 	 Starting Epoch: 1643
[2026-05-04 20:31:19,452][src.modRNN.training.training_loop][INFO] - train epoch 1643 loss 0.3971 accuracy 92.19%
[2026-05-04 20:31:19,453][src.modRNN.training.training_loop][INFO] - 	 Starting Epoch: 1644
[2026-05-04 20:31:20,532][src.modRNN.training.training_loop][INFO] - train epoch 1644 loss 0.3876 accuracy 89.06%
[2026-05-04 20:31:20,534][src.modRNN.training.training_loop][INFO] - 	 Starting Epoch: 1645
[2026-05-04 20:31:21,612][src.modRNN.training.training_loop][INFO] - train epoch 1645 loss 0.4330 accuracy 84.38%
[2026-05-04 20:31:21,613][src.modRNN.training.training_loop][INFO] - 	 Starting Epoch: 1646
[2026-05-04 20:31:22,687][src.modRNN.training.training_loop][INFO] - train epoch 1646 loss 0.3986 accuracy 87.50%
[2026-05-04 20:31:22,689][src.modRNN.training.training_loop][INFO] - 	 Starting Epoch: 1647
[2026-05-04 20:31:23,767][src.modRNN.training.training_loop][INFO] - train epoch 1647 loss 0.5081 accuracy 82.81%
[2026-05-04 20:31:23,769][src.modRNN.training.training_loop][INFO] - 	 Starting Epoch: 1648
[2026-05-04 20:31:24,905][src.modRNN.training.training_loop][INFO] - train epoch 1648 loss 0.4363 accuracy 87.50%
[2026-05-04 20:31:24,906][src.modRNN.training.training_loop][INFO] - 	 Starting Epoch: 1649
[2026-05-04 20:31:25,987][src.modRNN.training.training_loop][INFO] - train epoch 1649 loss 0.4319 accuracy 89.06%
[2026-05-04 20:31:25,989][src.modRNN.training.training_loop][INFO] - 	 Starting Epoch: 1650
[2026-05-04 20:31:27,065][src.modRNN.training.training_loop][INFO] - train epoch 1650 loss 0.4330 accuracy 85.94%
[2026-05-04 20:31:27,067][src.modRNN.training.training_loop][INFO] - 	 Starting Epoch: 1651
[2026-05-04 20:31:28,140][src.modRNN.training.training_loop][INFO] - train epoch 1651 loss 0.4059 accuracy 82.81%
[2026-05-04 20:31:30,287][src.modRNN.training.training_loop][INFO] - eval  epoch 1651 loss 0.3837 accuracy 89.06%
[2026-05-04 20:31:30,289][src.modRNN.training.training_loop][INFO] - 	 Starting Epoch: 1652
[2026-05-04 20:31:31,358][src.modRNN.training.training_loop][INFO] - train epoch 1652 loss 0.3469 accuracy 92.19%
[2026-05-04 20:31:31,360][src.modRNN.training.training_loop][INFO] - 	 Starting Epoch: 1653
[2026-05-04 20:31:32,425][src.modRNN.training.training_loop][INFO] - train epoch 1653 loss 0.3876 accuracy 87.50%
[2026-05-04 20:31:32,426][src.modRNN.training.training_loop][INFO] - 	 Starting Epoch: 1654
[2026-05-04 20:31:33,496][src.modRNN.training.training_loop][INFO] - train epoch 1654 loss 0.4110 accuracy 87.50%
[2026-05-04 20:31:33,498][src.modRNN.training.training_loop][INFO] - 	 Starting Epoch: 1655
[2026-05-04 20:31:34,563][src.modRNN.training.training_loop][INFO] - train epoch 1655 loss 0.3756 accuracy 93.75%
[2026-05-04 20:31:34,565][src.modRNN.training.training_loop][INFO] - 	 Starting Epoch: 1656
[2026-05-04 20:31:35,631][src.modRNN.training.training_loop][INFO] - train epoch 1656 loss 0.4379 accuracy 85.94%
[2026-05-04 20:31:35,632][src.modRNN.training.training_loop][INFO] - 	 Starting Epoch: 1657
[2026-05-04 20:31:36,701][src.modRNN.training.training_loop][INFO] - train epoch 1657 loss 0.4575 accuracy 79.69%
[2026-05-04 20:31:36,703][src.modRNN.training.training_loop][INFO] - 	 Starting Epoch: 1658
[2026-05-04 20:31:37,772][src.modRNN.training.training_loop][INFO] - train epoch 1658 loss 0.4714 accuracy 81.25%
[2026-05-04 20:31:37,773][src.modRNN.training.training_loop][INFO] - 	 Starting Epoch: 1659
[2026-05-04 20:31:38,838][src.modRNN.training.training_loop][INFO] - train epoch 1659 loss 0.4500 accuracy 79.69%
[2026-05-04 20:31:38,839][src.modRNN.training.training_loop][INFO] - 	 Starting Epoch: 1660
[2026-05-04 20:31:39,910][src.modRNN.training.training_loop][INFO] - train epoch 1660 loss 0.4007 accuracy 90.62%
[2026-05-04 20:31:39,912][src.modRNN.training.training_loop][INFO] - 	 Starting Epoch: 1661
[2026-05-04 20:31:40,978][src.modRNN.training.training_loop][INFO] - train epoch 1661 loss 0.4092 accuracy 81.25%
[2026-05-04 20:31:40,980][src.modRNN.training.training_loop][INFO] - 	 Starting Epoch: 1662
[2026-05-04 20:31:42,052][src.modRNN.training.training_loop][INFO] - train epoch 1662 loss 0.3677 accuracy 90.62%
[2026-05-04 20:31:42,053][src.modRNN.training.training_loop][INFO] - 	 Starting Epoch: 1663
[2026-05-04 20:31:43,127][src.modRNN.training.training_loop][INFO] - train epoch 1663 loss 0.4948 accuracy 78.12%
[2026-05-04 20:31:43,128][src.modRNN.training.training_loop][INFO] - 	 Starting Epoch: 1664
[2026-05-04 20:31:44,192][src.modRNN.training.training_loop][INFO] - train epoch 1664 loss 0.4307 accuracy 84.38%
[2026-05-04 20:31:44,194][src.modRNN.training.training_loop][INFO] - 	 Starting Epoch: 1665
[2026-05-04 20:31:45,264][src.modRNN.training.training_loop][INFO] - train epoch 1665 loss 0.4718 accuracy 79.69%
[2026-05-04 20:31:45,265][src.modRNN.training.training_loop][INFO] - 	 Starting Epoch: 1666
[2026-05-04 20:31:46,330][src.modRNN.training.training_loop][INFO] - train epoch 1666 loss 0.4286 accuracy 84.38%
[2026-05-04 20:31:46,331][src.modRNN.training.training_loop][INFO] - 	 Starting Epoch: 1667
[2026-05-04 20:31:47,406][src.modRNN.training.training_loop][INFO] - train epoch 1667 loss 0.3804 accuracy 87.50%
[2026-05-04 20:31:47,407][src.modRNN.training.training_loop][INFO] - 	 Starting Epoch: 1668
[2026-05-04 20:31:48,479][src.modRNN.training.training_loop][INFO] - train epoch 1668 loss 0.3964 accuracy 90.62%
[2026-05-04 20:31:48,481][src.modRNN.training.training_loop][INFO] - 	 Starting Epoch: 1669
[2026-05-04 20:31:49,550][src.modRNN.training.training_loop][INFO] - train epoch 1669 loss 0.4042 accuracy 85.94%
[2026-05-04 20:31:49,552][src.modRNN.training.training_loop][INFO] - 	 Starting Epoch: 1670
[2026-05-04 20:31:50,621][src.modRNN.training.training_loop][INFO] - train epoch 1670 loss 0.4027 accuracy 90.62%
[2026-05-04 20:31:50,623][src.modRNN.training.training_loop][INFO] - 	 Starting Epoch: 1671
[2026-05-04 20:31:51,692][src.modRNN.training.training_loop][INFO] - train epoch 1671 loss 0.4342 accuracy 87.50%
[2026-05-04 20:31:51,693][src.modRNN.training.training_loop][INFO] - 	 Starting Epoch: 1672
[2026-05-04 20:31:52,762][src.modRNN.training.training_loop][INFO] - train epoch 1672 loss 0.4261 accuracy 82.81%
[2026-05-04 20:31:52,763][src.modRNN.training.training_loop][INFO] - 	 Starting Epoch: 1673
[2026-05-04 20:31:53,838][src.modRNN.training.training_loop][INFO] - train epoch 1673 loss 0.3426 accuracy 90.62%
[2026-05-04 20:31:53,839][src.modRNN.training.training_loop][INFO] - 	 Starting Epoch: 1674
[2026-05-04 20:31:54,904][src.modRNN.training.training_loop][INFO] - train epoch 1674 loss 0.4552 accuracy 85.94%
[2026-05-04 20:31:54,905][src.modRNN.training.training_loop][INFO] - 	 Starting Epoch: 1675
[2026-05-04 20:31:55,977][src.modRNN.training.training_loop][INFO] - train epoch 1675 loss 0.4455 accuracy 85.94%
[2026-05-04 20:31:55,979][src.modRNN.training.training_loop][INFO] - 	 Starting Epoch: 1676
[2026-05-04 20:31:57,050][src.modRNN.training.training_loop][INFO] - train epoch 1676 loss 0.3835 accuracy 87.50%
[2026-05-04 20:31:59,195][src.modRNN.training.training_loop][INFO] - eval  epoch 1676 loss 0.3950 accuracy 86.52%
[2026-05-04 20:31:59,197][src.modRNN.training.training_loop][INFO] - 	 Starting Epoch: 1677
[2026-05-04 20:32:00,261][src.modRNN.training.training_loop][INFO] - train epoch 1677 loss 0.4596 accuracy 84.38%
[2026-05-04 20:32:00,263][src.modRNN.training.training_loop][INFO] - 	 Starting Epoch: 1678
[2026-05-04 20:32:01,337][src.modRNN.training.training_loop][INFO] - train epoch 1678 loss 0.4157 accuracy 84.38%
[2026-05-04 20:32:01,339][src.modRNN.training.training_loop][INFO] - 	 Starting Epoch: 1679
[2026-05-04 20:32:02,420][src.modRNN.training.training_loop][INFO] - train epoch 1679 loss 0.4417 accuracy 81.25%
[2026-05-04 20:32:02,421][src.modRNN.training.training_loop][INFO] - 	 Starting Epoch: 1680
[2026-05-04 20:32:03,496][src.modRNN.training.training_loop][INFO] - train epoch 1680 loss 0.3279 accuracy 95.31%
[2026-05-04 20:32:03,497][src.modRNN.training.training_loop][INFO] - 	 Starting Epoch: 1681
[2026-05-04 20:32:04,575][src.modRNN.training.training_loop][INFO] - train epoch 1681 loss 0.3807 accuracy 95.31%
[2026-05-04 20:32:04,576][src.modRNN.training.training_loop][INFO] - 	 Starting Epoch: 1682
[2026-05-04 20:32:05,653][src.modRNN.training.training_loop][INFO] - train epoch 1682 loss 0.3492 accuracy 93.75%
[2026-05-04 20:32:05,654][src.modRNN.training.training_loop][INFO] - 	 Starting Epoch: 1683
[2026-05-04 20:32:06,728][src.modRNN.training.training_loop][INFO] - train epoch 1683 loss 0.3750 accuracy 95.31%
[2026-05-04 20:32:06,729][src.modRNN.training.training_loop][INFO] - 	 Starting Epoch: 1684
[2026-05-04 20:32:07,810][src.modRNN.training.training_loop][INFO] - train epoch 1684 loss 0.4010 accuracy 82.81%
[2026-05-04 20:32:07,811][src.modRNN.training.training_loop][INFO] - 	 Starting Epoch: 1685
[2026-05-04 20:32:08,888][src.modRNN.training.training_loop][INFO] - train epoch 1685 loss 0.4123 accuracy 89.06%
[2026-05-04 20:32:08,890][src.modRNN.training.training_loop][INFO] - 	 Starting Epoch: 1686
[2026-05-04 20:32:09,976][src.modRNN.training.training_loop][INFO] - train epoch 1686 loss 0.4348 accuracy 89.06%
[2026-05-04 20:32:09,978][src.modRNN.training.training_loop][INFO] - 	 Starting Epoch: 1687
[2026-05-04 20:32:11,056][src.modRNN.training.training_loop][INFO] - train epoch 1687 loss 0.3538 accuracy 93.75%
[2026-05-04 20:32:11,058][src.modRNN.training.training_loop][INFO] - 	 Starting Epoch: 1688
[2026-05-04 20:32:12,140][src.modRNN.training.training_loop][INFO] - train epoch 1688 loss 0.3648 accuracy 90.62%
[2026-05-04 20:32:12,142][src.modRNN.training.training_loop][INFO] - 	 Starting Epoch: 1689
[2026-05-04 20:32:13,217][src.modRNN.training.training_loop][INFO] - train epoch 1689 loss 0.5116 accuracy 81.25%
[2026-05-04 20:32:13,219][src.modRNN.training.training_loop][INFO] - 	 Starting Epoch: 1690
[2026-05-04 20:32:14,300][src.modRNN.training.training_loop][INFO] - train epoch 1690 loss 0.3392 accuracy 90.62%
[2026-05-04 20:32:14,301][src.modRNN.training.training_loop][INFO] - 	 Starting Epoch: 1691
[2026-05-04 20:32:15,380][src.modRNN.training.training_loop][INFO] - train epoch 1691 loss 0.4215 accuracy 79.69%
[2026-05-04 20:32:15,381][src.modRNN.training.training_loop][INFO] - 	 Starting Epoch: 1692
[2026-05-04 20:32:16,468][src.modRNN.training.training_loop][INFO] - train epoch 1692 loss 0.4007 accuracy 82.81%
[2026-05-04 20:32:16,470][src.modRNN.training.training_loop][INFO] - 	 Starting Epoch: 1693
[2026-05-04 20:32:17,543][src.modRNN.training.training_loop][INFO] - train epoch 1693 loss 0.4804 accuracy 79.69%
[2026-05-04 20:32:17,545][src.modRNN.training.training_loop][INFO] - 	 Starting Epoch: 1694
[2026-05-04 20:32:18,626][src.modRNN.training.training_loop][INFO] - train epoch 1694 loss 0.4163 accuracy 85.94%
[2026-05-04 20:32:18,628][src.modRNN.training.training_loop][INFO] - 	 Starting Epoch: 1695
[2026-05-04 20:32:19,700][src.modRNN.training.training_loop][INFO] - train epoch 1695 loss 0.4208 accuracy 85.94%
[2026-05-04 20:32:19,702][src.modRNN.training.training_loop][INFO] - 	 Starting Epoch: 1696
[2026-05-04 20:32:20,779][src.modRNN.training.training_loop][INFO] - train epoch 1696 loss 0.3652 accuracy 89.06%
[2026-05-04 20:32:20,780][src.modRNN.training.training_loop][INFO] - 	 Starting Epoch: 1697
[2026-05-04 20:32:21,858][src.modRNN.training.training_loop][INFO] - train epoch 1697 loss 0.4896 accuracy 79.69%
[2026-05-04 20:32:21,859][src.modRNN.training.training_loop][INFO] - 	 Starting Epoch: 1698
[2026-05-04 20:32:22,938][src.modRNN.training.training_loop][INFO] - train epoch 1698 loss 0.3426 accuracy 93.75%
[2026-05-04 20:32:22,939][src.modRNN.training.training_loop][INFO] - 	 Starting Epoch: 1699
[2026-05-04 20:32:24,031][src.modRNN.training.training_loop][INFO] - train epoch 1699 loss 0.3167 accuracy 95.31%
[2026-05-04 20:32:24,034][src.modRNN.training.training_loop][INFO] - 	 Starting Epoch: 1700
[2026-05-04 20:32:25,161][src.modRNN.training.training_loop][INFO] - train epoch 1700 loss 0.4198 accuracy 85.94%
[2026-05-04 20:32:25,163][src.modRNN.training.training_loop][INFO] - 	 Starting Epoch: 1701
[2026-05-04 20:32:26,239][src.modRNN.training.training_loop][INFO] - train epoch 1701 loss 0.4272 accuracy 87.50%
[2026-05-04 20:32:28,387][src.modRNN.training.training_loop][INFO] - eval  epoch 1701 loss 0.4079 accuracy 86.13%
[2026-05-04 20:32:28,388][src.modRNN.training.training_loop][INFO] - 	 Starting Epoch: 1702
[2026-05-04 20:32:29,462][src.modRNN.training.training_loop][INFO] - train epoch 1702 loss 0.3984 accuracy 85.94%
[2026-05-04 20:32:29,463][src.modRNN.training.training_loop][INFO] - 	 Starting Epoch: 1703
[2026-05-04 20:32:30,535][src.modRNN.training.training_loop][INFO] - train epoch 1703 loss 0.4699 accuracy 79.69%
[2026-05-04 20:32:30,537][src.modRNN.training.training_loop][INFO] - 	 Starting Epoch: 1704
[2026-05-04 20:32:31,609][src.modRNN.training.training_loop][INFO] - train epoch 1704 loss 0.3796 accuracy 93.75%
[2026-05-04 20:32:31,611][src.modRNN.training.training_loop][INFO] - 	 Starting Epoch: 1705
[2026-05-04 20:32:32,678][src.modRNN.training.training_loop][INFO] - train epoch 1705 loss 0.4241 accuracy 81.25%
[2026-05-04 20:32:32,679][src.modRNN.training.training_loop][INFO] - 	 Starting Epoch: 1706
[2026-05-04 20:32:33,745][src.modRNN.training.training_loop][INFO] - train epoch 1706 loss 0.4043 accuracy 87.50%
[2026-05-04 20:32:33,747][src.modRNN.training.training_loop][INFO] - 	 Starting Epoch: 1707
[2026-05-04 20:32:34,816][src.modRNN.training.training_loop][INFO] - train epoch 1707 loss 0.4383 accuracy 85.94%
[2026-05-04 20:32:34,817][src.modRNN.training.training_loop][INFO] - 	 Starting Epoch: 1708
[2026-05-04 20:32:35,883][src.modRNN.training.training_loop][INFO] - train epoch 1708 loss 0.4224 accuracy 85.94%
[2026-05-04 20:32:35,884][src.modRNN.training.training_loop][INFO] - 	 Starting Epoch: 1709
[2026-05-04 20:32:36,952][src.modRNN.training.training_loop][INFO] - train epoch 1709 loss 0.3444 accuracy 87.50%
[2026-05-04 20:32:36,953][src.modRNN.training.training_loop][INFO] - 	 Starting Epoch: 1710
[2026-05-04 20:32:38,027][src.modRNN.training.training_loop][INFO] - train epoch 1710 loss 0.4495 accuracy 87.50%
[2026-05-04 20:32:38,028][src.modRNN.training.training_loop][INFO] - 	 Starting Epoch: 1711
[2026-05-04 20:32:39,101][src.modRNN.training.training_loop][INFO] - train epoch 1711 loss 0.4956 accuracy 76.56%
[2026-05-04 20:32:39,102][src.modRNN.training.training_loop][INFO] - 	 Starting Epoch: 1712
[2026-05-04 20:32:40,166][src.modRNN.training.training_loop][INFO] - train epoch 1712 loss 0.4664 accuracy 79.69%
[2026-05-04 20:32:40,167][src.modRNN.training.training_loop][INFO] - 	 Starting Epoch: 1713
[2026-05-04 20:32:41,240][src.modRNN.training.training_loop][INFO] - train epoch 1713 loss 0.3695 accuracy 87.50%
[2026-05-04 20:32:41,242][src.modRNN.training.training_loop][INFO] - 	 Starting Epoch: 1714
[2026-05-04 20:32:42,307][src.modRNN.training.training_loop][INFO] - train epoch 1714 loss 0.4228 accuracy 82.81%
[2026-05-04 20:32:42,308][src.modRNN.training.training_loop][INFO] - 	 Starting Epoch: 1715
[2026-05-04 20:32:43,380][src.modRNN.training.training_loop][INFO] - train epoch 1715 loss 0.3822 accuracy 89.06%
[2026-05-04 20:32:43,381][src.modRNN.training.training_loop][INFO] - 	 Starting Epoch: 1716
[2026-05-04 20:32:44,446][src.modRNN.training.training_loop][INFO] - train epoch 1716 loss 0.3691 accuracy 87.50%
[2026-05-04 20:32:44,447][src.modRNN.training.training_loop][INFO] - 	 Starting Epoch: 1717
[2026-05-04 20:32:45,519][src.modRNN.training.training_loop][INFO] - train epoch 1717 loss 0.2877 accuracy 95.31%
[2026-05-04 20:32:45,520][src.modRNN.training.training_loop][INFO] - 	 Starting Epoch: 1718
[2026-05-04 20:32:46,589][src.modRNN.training.training_loop][INFO] - train epoch 1718 loss 0.3769 accuracy 89.06%
[2026-05-04 20:32:46,590][src.modRNN.training.training_loop][INFO] - 	 Starting Epoch: 1719
[2026-05-04 20:32:47,656][src.modRNN.training.training_loop][INFO] - train epoch 1719 loss 0.5130 accuracy 79.69%
[2026-05-04 20:32:47,657][src.modRNN.training.training_loop][INFO] - 	 Starting Epoch: 1720
[2026-05-04 20:32:48,724][src.modRNN.training.training_loop][INFO] - train epoch 1720 loss 0.4482 accuracy 84.38%
[2026-05-04 20:32:48,726][src.modRNN.training.training_loop][INFO] - 	 Starting Epoch: 1721
[2026-05-04 20:32:49,792][src.modRNN.training.training_loop][INFO] - train epoch 1721 loss 0.3889 accuracy 87.50%
[2026-05-04 20:32:49,793][src.modRNN.training.training_loop][INFO] - 	 Starting Epoch: 1722
[2026-05-04 20:32:50,862][src.modRNN.training.training_loop][INFO] - train epoch 1722 loss 0.4277 accuracy 81.25%
[2026-05-04 20:32:50,863][src.modRNN.training.training_loop][INFO] - 	 Starting Epoch: 1723
[2026-05-04 20:32:51,929][src.modRNN.training.training_loop][INFO] - train epoch 1723 loss 0.3596 accuracy 87.50%
[2026-05-04 20:32:51,930][src.modRNN.training.training_loop][INFO] - 	 Starting Epoch: 1724
[2026-05-04 20:32:52,994][src.modRNN.training.training_loop][INFO] - train epoch 1724 loss 0.4598 accuracy 81.25%
[2026-05-04 20:32:52,995][src.modRNN.training.training_loop][INFO] - 	 Starting Epoch: 1725
[2026-05-04 20:32:54,062][src.modRNN.training.training_loop][INFO] - train epoch 1725 loss 0.4252 accuracy 87.50%
[2026-05-04 20:32:54,065][src.modRNN.training.training_loop][INFO] - 	 Starting Epoch: 1726
[2026-05-04 20:32:55,130][src.modRNN.training.training_loop][INFO] - train epoch 1726 loss 0.4673 accuracy 81.25%
[2026-05-04 20:32:57,274][src.modRNN.training.training_loop][INFO] - eval  epoch 1726 loss 0.3988 accuracy 88.09%
[2026-05-04 20:32:57,276][src.modRNN.training.training_loop][INFO] - 	 Starting Epoch: 1727
[2026-05-04 20:32:58,336][src.modRNN.training.training_loop][INFO] - train epoch 1727 loss 0.4271 accuracy 82.81%
[2026-05-04 20:32:58,338][src.modRNN.training.training_loop][INFO] - 	 Starting Epoch: 1728
[2026-05-04 20:32:59,404][src.modRNN.training.training_loop][INFO] - train epoch 1728 loss 0.3921 accuracy 87.50%
[2026-05-04 20:32:59,405][src.modRNN.training.training_loop][INFO] - 	 Starting Epoch: 1729
[2026-05-04 20:33:00,477][src.modRNN.training.training_loop][INFO] - train epoch 1729 loss 0.4474 accuracy 82.81%
[2026-05-04 20:33:00,479][src.modRNN.training.training_loop][INFO] - 	 Starting Epoch: 1730
[2026-05-04 20:33:01,559][src.modRNN.training.training_loop][INFO] - train epoch 1730 loss 0.3898 accuracy 84.38%
[2026-05-04 20:33:01,561][src.modRNN.training.training_loop][INFO] - 	 Starting Epoch: 1731
[2026-05-04 20:33:02,636][src.modRNN.training.training_loop][INFO] - train epoch 1731 loss 0.4074 accuracy 89.06%
[2026-05-04 20:33:02,638][src.modRNN.training.training_loop][INFO] - 	 Starting Epoch: 1732
[2026-05-04 20:33:03,712][src.modRNN.training.training_loop][INFO] - train epoch 1732 loss 0.4157 accuracy 82.81%
[2026-05-04 20:33:03,714][src.modRNN.training.training_loop][INFO] - 	 Starting Epoch: 1733
[2026-05-04 20:33:04,786][src.modRNN.training.training_loop][INFO] - train epoch 1733 loss 0.3321 accuracy 92.19%
[2026-05-04 20:33:04,788][src.modRNN.training.training_loop][INFO] - 	 Starting Epoch: 1734
[2026-05-04 20:33:05,866][src.modRNN.training.training_loop][INFO] - train epoch 1734 loss 0.4189 accuracy 89.06%
[2026-05-04 20:33:05,867][src.modRNN.training.training_loop][INFO] - 	 Starting Epoch: 1735
[2026-05-04 20:33:06,944][src.modRNN.training.training_loop][INFO] - train epoch 1735 loss 0.4210 accuracy 85.94%
[2026-05-04 20:33:06,946][src.modRNN.training.training_loop][INFO] - 	 Starting Epoch: 1736
[2026-05-04 20:33:08,021][src.modRNN.training.training_loop][INFO] - train epoch 1736 loss 0.3421 accuracy 92.19%
[2026-05-04 20:33:08,022][src.modRNN.training.training_loop][INFO] - 	 Starting Epoch: 1737
[2026-05-04 20:33:09,097][src.modRNN.training.training_loop][INFO] - train epoch 1737 loss 0.4027 accuracy 87.50%
[2026-05-04 20:33:09,098][src.modRNN.training.training_loop][INFO] - 	 Starting Epoch: 1738
[2026-05-04 20:33:10,174][src.modRNN.training.training_loop][INFO] - train epoch 1738 loss 0.4050 accuracy 84.38%
[2026-05-04 20:33:10,176][src.modRNN.training.training_loop][INFO] - 	 Starting Epoch: 1739
[2026-05-04 20:33:11,247][src.modRNN.training.training_loop][INFO] - train epoch 1739 loss 0.3975 accuracy 89.06%
[2026-05-04 20:33:11,248][src.modRNN.training.training_loop][INFO] - 	 Starting Epoch: 1740
[2026-05-04 20:33:12,323][src.modRNN.training.training_loop][INFO] - train epoch 1740 loss 0.4594 accuracy 85.94%
[2026-05-04 20:33:12,324][src.modRNN.training.training_loop][INFO] - 	 Starting Epoch: 1741
[2026-05-04 20:33:13,401][src.modRNN.training.training_loop][INFO] - train epoch 1741 loss 0.3846 accuracy 89.06%
[2026-05-04 20:33:13,403][src.modRNN.training.training_loop][INFO] - 	 Starting Epoch: 1742
[2026-05-04 20:33:14,481][src.modRNN.training.training_loop][INFO] - train epoch 1742 loss 0.4355 accuracy 84.38%
[2026-05-04 20:33:14,482][src.modRNN.training.training_loop][INFO] - 	 Starting Epoch: 1743
[2026-05-04 20:33:15,558][src.modRNN.training.training_loop][INFO] - train epoch 1743 loss 0.4187 accuracy 87.50%
[2026-05-04 20:33:15,559][src.modRNN.training.training_loop][INFO] - 	 Starting Epoch: 1744
[2026-05-04 20:33:16,642][src.modRNN.training.training_loop][INFO] - train epoch 1744 loss 0.4412 accuracy 81.25%
[2026-05-04 20:33:16,644][src.modRNN.training.training_loop][INFO] - 	 Starting Epoch: 1745
[2026-05-04 20:33:17,725][src.modRNN.training.training_loop][INFO] - train epoch 1745 loss 0.4180 accuracy 87.50%
[2026-05-04 20:33:17,726][src.modRNN.training.training_loop][INFO] - 	 Starting Epoch: 1746
[2026-05-04 20:33:18,805][src.modRNN.training.training_loop][INFO] - train epoch 1746 loss 0.3228 accuracy 90.62%
[2026-05-04 20:33:18,806][src.modRNN.training.training_loop][INFO] - 	 Starting Epoch: 1747
[2026-05-04 20:33:19,880][src.modRNN.training.training_loop][INFO] - train epoch 1747 loss 0.4066 accuracy 85.94%
[2026-05-04 20:33:19,882][src.modRNN.training.training_loop][INFO] - 	 Starting Epoch: 1748
[2026-05-04 20:33:20,962][src.modRNN.training.training_loop][INFO] - train epoch 1748 loss 0.4675 accuracy 84.38%
[2026-05-04 20:33:20,963][src.modRNN.training.training_loop][INFO] - 	 Starting Epoch: 1749
[2026-05-04 20:33:22,043][src.modRNN.training.training_loop][INFO] - train epoch 1749 loss 0.3345 accuracy 93.75%
[2026-05-04 20:33:22,045][src.modRNN.training.training_loop][INFO] - 	 Starting Epoch: 1750
[2026-05-04 20:33:23,120][src.modRNN.training.training_loop][INFO] - train epoch 1750 loss 0.3953 accuracy 85.94%
[2026-05-04 20:33:23,122][src.modRNN.training.training_loop][INFO] - 	 Starting Epoch: 1751
[2026-05-04 20:33:24,216][src.modRNN.training.training_loop][INFO] - train epoch 1751 loss 0.3405 accuracy 92.19%
[2026-05-04 20:33:26,370][src.modRNN.training.training_loop][INFO] - eval  epoch 1751 loss 0.3735 accuracy 89.26%
[2026-05-04 20:33:26,371][src.modRNN.training.training_loop][INFO] - 	 Starting Epoch: 1752
[2026-05-04 20:33:27,441][src.modRNN.training.training_loop][INFO] - train epoch 1752 loss 0.3854 accuracy 87.50%
[2026-05-04 20:33:27,442][src.modRNN.training.training_loop][INFO] - 	 Starting Epoch: 1753
[2026-05-04 20:33:28,514][src.modRNN.training.training_loop][INFO] - train epoch 1753 loss 0.4897 accuracy 81.25%
[2026-05-04 20:33:28,515][src.modRNN.training.training_loop][INFO] - 	 Starting Epoch: 1754
[2026-05-04 20:33:29,586][src.modRNN.training.training_loop][INFO] - train epoch 1754 loss 0.4399 accuracy 82.81%
[2026-05-04 20:33:29,587][src.modRNN.training.training_loop][INFO] - 	 Starting Epoch: 1755
[2026-05-04 20:33:30,662][src.modRNN.training.training_loop][INFO] - train epoch 1755 loss 0.4345 accuracy 85.94%
[2026-05-04 20:33:30,663][src.modRNN.training.training_loop][INFO] - 	 Starting Epoch: 1756
[2026-05-04 20:33:31,739][src.modRNN.training.training_loop][INFO] - train epoch 1756 loss 0.4292 accuracy 87.50%
[2026-05-04 20:33:31,740][src.modRNN.training.training_loop][INFO] - 	 Starting Epoch: 1757
[2026-05-04 20:33:32,808][src.modRNN.training.training_loop][INFO] - train epoch 1757 loss 0.4114 accuracy 87.50%
[2026-05-04 20:33:32,810][src.modRNN.training.training_loop][INFO] - 	 Starting Epoch: 1758
[2026-05-04 20:33:33,874][src.modRNN.training.training_loop][INFO] - train epoch 1758 loss 0.3713 accuracy 87.50%
[2026-05-04 20:33:33,875][src.modRNN.training.training_loop][INFO] - 	 Starting Epoch: 1759
[2026-05-04 20:33:34,943][src.modRNN.training.training_loop][INFO] - train epoch 1759 loss 0.3891 accuracy 89.06%
[2026-05-04 20:33:34,945][src.modRNN.training.training_loop][INFO] - 	 Starting Epoch: 1760
[2026-05-04 20:33:36,009][src.modRNN.training.training_loop][INFO] - train epoch 1760 loss 0.3781 accuracy 92.19%
[2026-05-04 20:33:36,010][src.modRNN.training.training_loop][INFO] - 	 Starting Epoch: 1761
[2026-05-04 20:33:37,077][src.modRNN.training.training_loop][INFO] - train epoch 1761 loss 0.4235 accuracy 85.94%
[2026-05-04 20:33:37,079][src.modRNN.training.training_loop][INFO] - 	 Starting Epoch: 1762
[2026-05-04 20:33:38,145][src.modRNN.training.training_loop][INFO] - train epoch 1762 loss 0.3955 accuracy 87.50%
[2026-05-04 20:33:38,146][src.modRNN.training.training_loop][INFO] - 	 Starting Epoch: 1763
[2026-05-04 20:33:39,215][src.modRNN.training.training_loop][INFO] - train epoch 1763 loss 0.3860 accuracy 93.75%
[2026-05-04 20:33:39,217][src.modRNN.training.training_loop][INFO] - 	 Starting Epoch: 1764
[2026-05-04 20:33:40,281][src.modRNN.training.training_loop][INFO] - train epoch 1764 loss 0.4133 accuracy 90.62%
[2026-05-04 20:33:40,282][src.modRNN.training.training_loop][INFO] - 	 Starting Epoch: 1765
[2026-05-04 20:33:41,355][src.modRNN.training.training_loop][INFO] - train epoch 1765 loss 0.4085 accuracy 87.50%
[2026-05-04 20:33:41,356][src.modRNN.training.training_loop][INFO] - 	 Starting Epoch: 1766
[2026-05-04 20:33:42,422][src.modRNN.training.training_loop][INFO] - train epoch 1766 loss 0.3726 accuracy 87.50%
[2026-05-04 20:33:42,423][src.modRNN.training.training_loop][INFO] - 	 Starting Epoch: 1767
[2026-05-04 20:33:43,492][src.modRNN.training.training_loop][INFO] - train epoch 1767 loss 0.4006 accuracy 87.50%
[2026-05-04 20:33:43,493][src.modRNN.training.training_loop][INFO] - 	 Starting Epoch: 1768
[2026-05-04 20:33:44,564][src.modRNN.training.training_loop][INFO] - train epoch 1768 loss 0.5557 accuracy 75.00%
[2026-05-04 20:33:44,566][src.modRNN.training.training_loop][INFO] - 	 Starting Epoch: 1769
[2026-05-04 20:33:45,635][src.modRNN.training.training_loop][INFO] - train epoch 1769 loss 0.3366 accuracy 93.75%
[2026-05-04 20:33:45,637][src.modRNN.training.training_loop][INFO] - 	 Starting Epoch: 1770
[2026-05-04 20:33:46,701][src.modRNN.training.training_loop][INFO] - train epoch 1770 loss 0.3737 accuracy 87.50%
[2026-05-04 20:33:46,702][src.modRNN.training.training_loop][INFO] - 	 Starting Epoch: 1771
[2026-05-04 20:33:47,767][src.modRNN.training.training_loop][INFO] - train epoch 1771 loss 0.3568 accuracy 87.50%
[2026-05-04 20:33:47,768][src.modRNN.training.training_loop][INFO] - 	 Starting Epoch: 1772
[2026-05-04 20:33:48,840][src.modRNN.training.training_loop][INFO] - train epoch 1772 loss 0.4654 accuracy 84.38%
[2026-05-04 20:33:48,841][src.modRNN.training.training_loop][INFO] - 	 Starting Epoch: 1773
[2026-05-04 20:33:49,907][src.modRNN.training.training_loop][INFO] - train epoch 1773 loss 0.3809 accuracy 92.19%
[2026-05-04 20:33:49,908][src.modRNN.training.training_loop][INFO] - 	 Starting Epoch: 1774
[2026-05-04 20:33:50,979][src.modRNN.training.training_loop][INFO] - train epoch 1774 loss 0.3864 accuracy 87.50%
[2026-05-04 20:33:50,981][src.modRNN.training.training_loop][INFO] - 	 Starting Epoch: 1775
[2026-05-04 20:33:52,051][src.modRNN.training.training_loop][INFO] - train epoch 1775 loss 0.4467 accuracy 82.81%
[2026-05-04 20:33:52,053][src.modRNN.training.training_loop][INFO] - 	 Starting Epoch: 1776
[2026-05-04 20:33:53,113][src.modRNN.training.training_loop][INFO] - train epoch 1776 loss 0.5147 accuracy 78.12%
[2026-05-04 20:33:55,260][src.modRNN.training.training_loop][INFO] - eval  epoch 1776 loss 0.4121 accuracy 86.91%
[2026-05-04 20:33:55,261][src.modRNN.training.training_loop][INFO] - 	 Starting Epoch: 1777
[2026-05-04 20:33:56,325][src.modRNN.training.training_loop][INFO] - train epoch 1777 loss 0.4745 accuracy 79.69%
[2026-05-04 20:33:56,327][src.modRNN.training.training_loop][INFO] - 	 Starting Epoch: 1778
[2026-05-04 20:33:57,392][src.modRNN.training.training_loop][INFO] - train epoch 1778 loss 0.4217 accuracy 87.50%
[2026-05-04 20:33:57,393][src.modRNN.training.training_loop][INFO] - 	 Starting Epoch: 1779
[2026-05-04 20:33:58,457][src.modRNN.training.training_loop][INFO] - train epoch 1779 loss 0.4427 accuracy 84.38%
[2026-05-04 20:33:58,458][src.modRNN.training.training_loop][INFO] - 	 Starting Epoch: 1780
[2026-05-04 20:33:59,527][src.modRNN.training.training_loop][INFO] - train epoch 1780 loss 0.4837 accuracy 82.81%
[2026-05-04 20:33:59,528][src.modRNN.training.training_loop][INFO] - 	 Starting Epoch: 1781
[2026-05-04 20:34:00,599][src.modRNN.training.training_loop][INFO] - train epoch 1781 loss 0.4244 accuracy 89.06%
[2026-05-04 20:34:00,601][src.modRNN.training.training_loop][INFO] - 	 Starting Epoch: 1782
[2026-05-04 20:34:01,671][src.modRNN.training.training_loop][INFO] - train epoch 1782 loss 0.4217 accuracy 82.81%
[2026-05-04 20:34:01,672][src.modRNN.training.training_loop][INFO] - 	 Starting Epoch: 1783
[2026-05-04 20:34:02,741][src.modRNN.training.training_loop][INFO] - train epoch 1783 loss 0.4415 accuracy 84.38%
[2026-05-04 20:34:02,743][src.modRNN.training.training_loop][INFO] - 	 Starting Epoch: 1784
[2026-05-04 20:34:03,822][src.modRNN.training.training_loop][INFO] - train epoch 1784 loss 0.3454 accuracy 92.19%
[2026-05-04 20:34:03,823][src.modRNN.training.training_loop][INFO] - 	 Starting Epoch: 1785
[2026-05-04 20:34:04,897][src.modRNN.training.training_loop][INFO] - train epoch 1785 loss 0.4301 accuracy 81.25%
[2026-05-04 20:34:04,898][src.modRNN.training.training_loop][INFO] - 	 Starting Epoch: 1786
[2026-05-04 20:34:05,983][src.modRNN.training.training_loop][INFO] - train epoch 1786 loss 0.3509 accuracy 92.19%
[2026-05-04 20:34:05,984][src.modRNN.training.training_loop][INFO] - 	 Starting Epoch: 1787
[2026-05-04 20:34:07,065][src.modRNN.training.training_loop][INFO] - train epoch 1787 loss 0.3665 accuracy 89.06%
[2026-05-04 20:34:07,066][src.modRNN.training.training_loop][INFO] - 	 Starting Epoch: 1788
[2026-05-04 20:34:08,144][src.modRNN.training.training_loop][INFO] - train epoch 1788 loss 0.3883 accuracy 87.50%
[2026-05-04 20:34:08,145][src.modRNN.training.training_loop][INFO] - 	 Starting Epoch: 1789
[2026-05-04 20:34:09,216][src.modRNN.training.training_loop][INFO] - train epoch 1789 loss 0.4409 accuracy 85.94%
[2026-05-04 20:34:09,217][src.modRNN.training.training_loop][INFO] - 	 Starting Epoch: 1790
[2026-05-04 20:34:10,294][src.modRNN.training.training_loop][INFO] - train epoch 1790 loss 0.4045 accuracy 89.06%
[2026-05-04 20:34:10,295][src.modRNN.training.training_loop][INFO] - 	 Starting Epoch: 1791
[2026-05-04 20:34:11,370][src.modRNN.training.training_loop][INFO] - train epoch 1791 loss 0.3925 accuracy 82.81%
[2026-05-04 20:34:11,371][src.modRNN.training.training_loop][INFO] - 	 Starting Epoch: 1792
[2026-05-04 20:34:12,447][src.modRNN.training.training_loop][INFO] - train epoch 1792 loss 0.4063 accuracy 90.62%
[2026-05-04 20:34:12,448][src.modRNN.training.training_loop][INFO] - 	 Starting Epoch: 1793
[2026-05-04 20:34:13,525][src.modRNN.training.training_loop][INFO] - train epoch 1793 loss 0.4154 accuracy 84.38%
[2026-05-04 20:34:13,526][src.modRNN.training.training_loop][INFO] - 	 Starting Epoch: 1794
[2026-05-04 20:34:14,603][src.modRNN.training.training_loop][INFO] - train epoch 1794 loss 0.3995 accuracy 87.50%
[2026-05-04 20:34:14,605][src.modRNN.training.training_loop][INFO] - 	 Starting Epoch: 1795
[2026-05-04 20:34:15,674][src.modRNN.training.training_loop][INFO] - train epoch 1795 loss 0.4626 accuracy 78.12%
[2026-05-04 20:34:15,675][src.modRNN.training.training_loop][INFO] - 	 Starting Epoch: 1796
[2026-05-04 20:34:16,748][src.modRNN.training.training_loop][INFO] - train epoch 1796 loss 0.4042 accuracy 89.06%
[2026-05-04 20:34:16,749][src.modRNN.training.training_loop][INFO] - 	 Starting Epoch: 1797
[2026-05-04 20:34:17,826][src.modRNN.training.training_loop][INFO] - train epoch 1797 loss 0.4549 accuracy 81.25%
[2026-05-04 20:34:17,828][src.modRNN.training.training_loop][INFO] - 	 Starting Epoch: 1798
[2026-05-04 20:34:18,905][src.modRNN.training.training_loop][INFO] - train epoch 1798 loss 0.3734 accuracy 87.50%
[2026-05-04 20:34:18,906][src.modRNN.training.training_loop][INFO] - 	 Starting Epoch: 1799
[2026-05-04 20:34:19,986][src.modRNN.training.training_loop][INFO] - train epoch 1799 loss 0.4684 accuracy 81.25%
[2026-05-04 20:34:19,988][src.modRNN.training.training_loop][INFO] - 	 Starting Epoch: 1800
[2026-05-04 20:34:21,062][src.modRNN.training.training_loop][INFO] - train epoch 1800 loss 0.4442 accuracy 82.81%
[2026-05-04 20:34:21,064][src.modRNN.training.training_loop][INFO] - 	 Starting Epoch: 1801
[2026-05-04 20:34:22,144][src.modRNN.training.training_loop][INFO] - train epoch 1801 loss 0.3065 accuracy 93.75%
[2026-05-04 20:34:24,304][src.modRNN.training.training_loop][INFO] - eval  epoch 1801 loss 0.4052 accuracy 85.55%
[2026-05-04 20:34:24,306][src.modRNN.training.training_loop][INFO] - 	 Starting Epoch: 1802
[2026-05-04 20:34:25,432][src.modRNN.training.training_loop][INFO] - train epoch 1802 loss 0.5007 accuracy 84.38%
[2026-05-04 20:34:25,434][src.modRNN.training.training_loop][INFO] - 	 Starting Epoch: 1803
[2026-05-04 20:34:26,508][src.modRNN.training.training_loop][INFO] - train epoch 1803 loss 0.3407 accuracy 92.19%
[2026-05-04 20:34:26,509][src.modRNN.training.training_loop][INFO] - 	 Starting Epoch: 1804
[2026-05-04 20:34:27,581][src.modRNN.training.training_loop][INFO] - train epoch 1804 loss 0.3656 accuracy 85.94%
[2026-05-04 20:34:27,582][src.modRNN.training.training_loop][INFO] - 	 Starting Epoch: 1805
[2026-05-04 20:34:28,656][src.modRNN.training.training_loop][INFO] - train epoch 1805 loss 0.4723 accuracy 78.12%
[2026-05-04 20:34:28,657][src.modRNN.training.training_loop][INFO] - 	 Starting Epoch: 1806
[2026-05-04 20:34:29,733][src.modRNN.training.training_loop][INFO] - train epoch 1806 loss 0.4155 accuracy 89.06%
[2026-05-04 20:34:29,735][src.modRNN.training.training_loop][INFO] - 	 Starting Epoch: 1807
[2026-05-04 20:34:30,813][src.modRNN.training.training_loop][INFO] - train epoch 1807 loss 0.3503 accuracy 89.06%
[2026-05-04 20:34:30,815][src.modRNN.training.training_loop][INFO] - 	 Starting Epoch: 1808
[2026-05-04 20:34:31,882][src.modRNN.training.training_loop][INFO] - train epoch 1808 loss 0.3662 accuracy 87.50%
[2026-05-04 20:34:31,884][src.modRNN.training.training_loop][INFO] - 	 Starting Epoch: 1809
[2026-05-04 20:34:32,952][src.modRNN.training.training_loop][INFO] - train epoch 1809 loss 0.4659 accuracy 79.69%
[2026-05-04 20:34:32,954][src.modRNN.training.training_loop][INFO] - 	 Starting Epoch: 1810
[2026-05-04 20:34:34,020][src.modRNN.training.training_loop][INFO] - train epoch 1810 loss 0.3878 accuracy 84.38%
[2026-05-04 20:34:34,021][src.modRNN.training.training_loop][INFO] - 	 Starting Epoch: 1811
[2026-05-04 20:34:35,090][src.modRNN.training.training_loop][INFO] - train epoch 1811 loss 0.4278 accuracy 82.81%
[2026-05-04 20:34:35,092][src.modRNN.training.training_loop][INFO] - 	 Starting Epoch: 1812
[2026-05-04 20:34:36,164][src.modRNN.training.training_loop][INFO] - train epoch 1812 loss 0.3429 accuracy 93.75%
[2026-05-04 20:34:36,165][src.modRNN.training.training_loop][INFO] - 	 Starting Epoch: 1813
[2026-05-04 20:34:37,234][src.modRNN.training.training_loop][INFO] - train epoch 1813 loss 0.3745 accuracy 89.06%
[2026-05-04 20:34:37,236][src.modRNN.training.training_loop][INFO] - 	 Starting Epoch: 1814
[2026-05-04 20:34:38,305][src.modRNN.training.training_loop][INFO] - train epoch 1814 loss 0.4089 accuracy 89.06%
[2026-05-04 20:34:38,307][src.modRNN.training.training_loop][INFO] - 	 Starting Epoch: 1815
[2026-05-04 20:34:39,380][src.modRNN.training.training_loop][INFO] - train epoch 1815 loss 0.4393 accuracy 84.38%
[2026-05-04 20:34:39,381][src.modRNN.training.training_loop][INFO] - 	 Starting Epoch: 1816
[2026-05-04 20:34:40,446][src.modRNN.training.training_loop][INFO] - train epoch 1816 loss 0.4230 accuracy 89.06%
[2026-05-04 20:34:40,448][src.modRNN.training.training_loop][INFO] - 	 Starting Epoch: 1817
[2026-05-04 20:34:41,517][src.modRNN.training.training_loop][INFO] - train epoch 1817 loss 0.4780 accuracy 79.69%
[2026-05-04 20:34:41,518][src.modRNN.training.training_loop][INFO] - 	 Starting Epoch: 1818
[2026-05-04 20:34:42,590][src.modRNN.training.training_loop][INFO] - train epoch 1818 loss 0.4590 accuracy 85.94%
[2026-05-04 20:34:42,591][src.modRNN.training.training_loop][INFO] - 	 Starting Epoch: 1819
[2026-05-04 20:34:43,664][src.modRNN.training.training_loop][INFO] - train epoch 1819 loss 0.3622 accuracy 95.31%
[2026-05-04 20:34:43,665][src.modRNN.training.training_loop][INFO] - 	 Starting Epoch: 1820
[2026-05-04 20:34:44,731][src.modRNN.training.training_loop][INFO] - train epoch 1820 loss 0.4830 accuracy 81.25%
[2026-05-04 20:34:44,732][src.modRNN.training.training_loop][INFO] - 	 Starting Epoch: 1821
[2026-05-04 20:34:45,800][src.modRNN.training.training_loop][INFO] - train epoch 1821 loss 0.4062 accuracy 89.06%
[2026-05-04 20:34:45,802][src.modRNN.training.training_loop][INFO] - 	 Starting Epoch: 1822
[2026-05-04 20:34:46,870][src.modRNN.training.training_loop][INFO] - train epoch 1822 loss 0.4227 accuracy 87.50%
[2026-05-04 20:34:46,871][src.modRNN.training.training_loop][INFO] - 	 Starting Epoch: 1823
[2026-05-04 20:34:47,935][src.modRNN.training.training_loop][INFO] - train epoch 1823 loss 0.3834 accuracy 84.38%
[2026-05-04 20:34:47,936][src.modRNN.training.training_loop][INFO] - 	 Starting Epoch: 1824
[2026-05-04 20:34:49,004][src.modRNN.training.training_loop][INFO] - train epoch 1824 loss 0.3511 accuracy 90.62%
[2026-05-04 20:34:49,006][src.modRNN.training.training_loop][INFO] - 	 Starting Epoch: 1825
[2026-05-04 20:34:50,081][src.modRNN.training.training_loop][INFO] - train epoch 1825 loss 0.3798 accuracy 87.50%
[2026-05-04 20:34:50,082][src.modRNN.training.training_loop][INFO] - 	 Starting Epoch: 1826
[2026-05-04 20:34:51,143][src.modRNN.training.training_loop][INFO] - train epoch 1826 loss 0.4156 accuracy 85.94%
[2026-05-04 20:34:53,295][src.modRNN.training.training_loop][INFO] - eval  epoch 1826 loss 0.3960 accuracy 87.50%
[2026-05-04 20:34:53,297][src.modRNN.training.training_loop][INFO] - 	 Starting Epoch: 1827
[2026-05-04 20:34:54,359][src.modRNN.training.training_loop][INFO] - train epoch 1827 loss 0.4259 accuracy 79.69%
[2026-05-04 20:34:54,360][src.modRNN.training.training_loop][INFO] - 	 Starting Epoch: 1828
[2026-05-04 20:34:55,425][src.modRNN.training.training_loop][INFO] - train epoch 1828 loss 0.3648 accuracy 90.62%
[2026-05-04 20:34:55,426][src.modRNN.training.training_loop][INFO] - 	 Starting Epoch: 1829
[2026-05-04 20:34:56,491][src.modRNN.training.training_loop][INFO] - train epoch 1829 loss 0.3683 accuracy 89.06%
[2026-05-04 20:34:56,492][src.modRNN.training.training_loop][INFO] - 	 Starting Epoch: 1830
[2026-05-04 20:34:57,560][src.modRNN.training.training_loop][INFO] - train epoch 1830 loss 0.4021 accuracy 87.50%
[2026-05-04 20:34:57,561][src.modRNN.training.training_loop][INFO] - 	 Starting Epoch: 1831
[2026-05-04 20:34:58,629][src.modRNN.training.training_loop][INFO] - train epoch 1831 loss 0.4363 accuracy 85.94%
[2026-05-04 20:34:58,631][src.modRNN.training.training_loop][INFO] - 	 Starting Epoch: 1832
[2026-05-04 20:34:59,699][src.modRNN.training.training_loop][INFO] - train epoch 1832 loss 0.3917 accuracy 84.38%
[2026-05-04 20:34:59,701][src.modRNN.training.training_loop][INFO] - 	 Starting Epoch: 1833
[2026-05-04 20:35:00,766][src.modRNN.training.training_loop][INFO] - train epoch 1833 loss 0.3746 accuracy 90.62%
[2026-05-04 20:35:00,767][src.modRNN.training.training_loop][INFO] - 	 Starting Epoch: 1834
[2026-05-04 20:35:01,838][src.modRNN.training.training_loop][INFO] - train epoch 1834 loss 0.3877 accuracy 85.94%
[2026-05-04 20:35:01,840][src.modRNN.training.training_loop][INFO] - 	 Starting Epoch: 1835
[2026-05-04 20:35:02,912][src.modRNN.training.training_loop][INFO] - train epoch 1835 loss 0.3850 accuracy 87.50%
[2026-05-04 20:35:02,913][src.modRNN.training.training_loop][INFO] - 	 Starting Epoch: 1836
[2026-05-04 20:35:03,989][src.modRNN.training.training_loop][INFO] - train epoch 1836 loss 0.4985 accuracy 78.12%
[2026-05-04 20:35:03,991][src.modRNN.training.training_loop][INFO] - 	 Starting Epoch: 1837
[2026-05-04 20:35:05,068][src.modRNN.training.training_loop][INFO] - train epoch 1837 loss 0.4226 accuracy 84.38%
[2026-05-04 20:35:05,070][src.modRNN.training.training_loop][INFO] - 	 Starting Epoch: 1838
[2026-05-04 20:35:06,152][src.modRNN.training.training_loop][INFO] - train epoch 1838 loss 0.4288 accuracy 85.94%
[2026-05-04 20:35:06,154][src.modRNN.training.training_loop][INFO] - 	 Starting Epoch: 1839
[2026-05-04 20:35:07,224][src.modRNN.training.training_loop][INFO] - train epoch 1839 loss 0.3253 accuracy 92.19%
[2026-05-04 20:35:07,226][src.modRNN.training.training_loop][INFO] - 	 Starting Epoch: 1840
[2026-05-04 20:35:08,303][src.modRNN.training.training_loop][INFO] - train epoch 1840 loss 0.3346 accuracy 92.19%
[2026-05-04 20:35:08,304][src.modRNN.training.training_loop][INFO] - 	 Starting Epoch: 1841
[2026-05-04 20:35:09,380][src.modRNN.training.training_loop][INFO] - train epoch 1841 loss 0.3768 accuracy 89.06%
[2026-05-04 20:35:09,381][src.modRNN.training.training_loop][INFO] - 	 Starting Epoch: 1842
[2026-05-04 20:35:10,459][src.modRNN.training.training_loop][INFO] - train epoch 1842 loss 0.4352 accuracy 82.81%
[2026-05-04 20:35:10,461][src.modRNN.training.training_loop][INFO] - 	 Starting Epoch: 1843
[2026-05-04 20:35:11,542][src.modRNN.training.training_loop][INFO] - train epoch 1843 loss 0.4166 accuracy 85.94%
[2026-05-04 20:35:11,544][src.modRNN.training.training_loop][INFO] - 	 Starting Epoch: 1844
[2026-05-04 20:35:12,626][src.modRNN.training.training_loop][INFO] - train epoch 1844 loss 0.3535 accuracy 92.19%
[2026-05-04 20:35:12,628][src.modRNN.training.training_loop][INFO] - 	 Starting Epoch: 1845
[2026-05-04 20:35:13,702][src.modRNN.training.training_loop][INFO] - train epoch 1845 loss 0.3662 accuracy 90.62%
[2026-05-04 20:35:13,704][src.modRNN.training.training_loop][INFO] - 	 Starting Epoch: 1846
[2026-05-04 20:35:14,789][src.modRNN.training.training_loop][INFO] - train epoch 1846 loss 0.4050 accuracy 87.50%
[2026-05-04 20:35:14,790][src.modRNN.training.training_loop][INFO] - 	 Starting Epoch: 1847
[2026-05-04 20:35:15,874][src.modRNN.training.training_loop][INFO] - train epoch 1847 loss 0.4123 accuracy 85.94%
[2026-05-04 20:35:15,876][src.modRNN.training.training_loop][INFO] - 	 Starting Epoch: 1848
[2026-05-04 20:35:16,954][src.modRNN.training.training_loop][INFO] - train epoch 1848 loss 0.4945 accuracy 81.25%
[2026-05-04 20:35:16,955][src.modRNN.training.training_loop][INFO] - 	 Starting Epoch: 1849
[2026-05-04 20:35:18,036][src.modRNN.training.training_loop][INFO] - train epoch 1849 loss 0.4963 accuracy 78.12%
[2026-05-04 20:35:18,037][src.modRNN.training.training_loop][INFO] - 	 Starting Epoch: 1850
[2026-05-04 20:35:19,117][src.modRNN.training.training_loop][INFO] - train epoch 1850 loss 0.4019 accuracy 84.38%
[2026-05-04 20:35:19,119][src.modRNN.training.training_loop][INFO] - 	 Starting Epoch: 1851
[2026-05-04 20:35:20,199][src.modRNN.training.training_loop][INFO] - train epoch 1851 loss 0.3436 accuracy 87.50%
[2026-05-04 20:35:22,350][src.modRNN.training.training_loop][INFO] - eval  epoch 1851 loss 0.3967 accuracy 88.28%
[2026-05-04 20:35:22,352][src.modRNN.training.training_loop][INFO] - 	 Starting Epoch: 1852
[2026-05-04 20:35:23,426][src.modRNN.training.training_loop][INFO] - train epoch 1852 loss 0.3961 accuracy 89.06%
[2026-05-04 20:35:23,427][src.modRNN.training.training_loop][INFO] - 	 Starting Epoch: 1853
[2026-05-04 20:35:24,537][src.modRNN.training.training_loop][INFO] - train epoch 1853 loss 0.4675 accuracy 79.69%
[2026-05-04 20:35:24,552][src.modRNN.training.training_loop][INFO] - 	 Starting Epoch: 1854
[2026-05-04 20:35:25,660][src.modRNN.training.training_loop][INFO] - train epoch 1854 loss 0.3789 accuracy 87.50%
[2026-05-04 20:35:25,661][src.modRNN.training.training_loop][INFO] - 	 Starting Epoch: 1855
[2026-05-04 20:35:26,738][src.modRNN.training.training_loop][INFO] - train epoch 1855 loss 0.3729 accuracy 89.06%
[2026-05-04 20:35:26,739][src.modRNN.training.training_loop][INFO] - 	 Starting Epoch: 1856
[2026-05-04 20:35:27,810][src.modRNN.training.training_loop][INFO] - train epoch 1856 loss 0.3940 accuracy 90.62%
[2026-05-04 20:35:27,812][src.modRNN.training.training_loop][INFO] - 	 Starting Epoch: 1857
[2026-05-04 20:35:28,894][src.modRNN.training.training_loop][INFO] - train epoch 1857 loss 0.4122 accuracy 89.06%
[2026-05-04 20:35:28,896][src.modRNN.training.training_loop][INFO] - 	 Starting Epoch: 1858
[2026-05-04 20:35:29,971][src.modRNN.training.training_loop][INFO] - train epoch 1858 loss 0.3939 accuracy 84.38%
[2026-05-04 20:35:29,973][src.modRNN.training.training_loop][INFO] - 	 Starting Epoch: 1859
[2026-05-04 20:35:31,049][src.modRNN.training.training_loop][INFO] - train epoch 1859 loss 0.4089 accuracy 87.50%
[2026-05-04 20:35:31,050][src.modRNN.training.training_loop][INFO] - 	 Starting Epoch: 1860
[2026-05-04 20:35:32,119][src.modRNN.training.training_loop][INFO] - train epoch 1860 loss 0.3988 accuracy 89.06%
[2026-05-04 20:35:32,120][src.modRNN.training.training_loop][INFO] - 	 Starting Epoch: 1861
[2026-05-04 20:35:33,193][src.modRNN.training.training_loop][INFO] - train epoch 1861 loss 0.3738 accuracy 93.75%
[2026-05-04 20:35:33,194][src.modRNN.training.training_loop][INFO] - 	 Starting Epoch: 1862
[2026-05-04 20:35:34,264][src.modRNN.training.training_loop][INFO] - train epoch 1862 loss 0.4413 accuracy 87.50%
[2026-05-04 20:35:34,265][src.modRNN.training.training_loop][INFO] - 	 Starting Epoch: 1863
[2026-05-04 20:35:35,334][src.modRNN.training.training_loop][INFO] - train epoch 1863 loss 0.3554 accuracy 93.75%
[2026-05-04 20:35:35,336][src.modRNN.training.training_loop][INFO] - 	 Starting Epoch: 1864
[2026-05-04 20:35:36,402][src.modRNN.training.training_loop][INFO] - train epoch 1864 loss 0.4475 accuracy 81.25%
[2026-05-04 20:35:36,403][src.modRNN.training.training_loop][INFO] - 	 Starting Epoch: 1865
[2026-05-04 20:35:37,472][src.modRNN.training.training_loop][INFO] - train epoch 1865 loss 0.3535 accuracy 87.50%
[2026-05-04 20:35:37,473][src.modRNN.training.training_loop][INFO] - 	 Starting Epoch: 1866
[2026-05-04 20:35:38,543][src.modRNN.training.training_loop][INFO] - train epoch 1866 loss 0.3900 accuracy 84.38%
[2026-05-04 20:35:38,544][src.modRNN.training.training_loop][INFO] - 	 Starting Epoch: 1867
[2026-05-04 20:35:39,615][src.modRNN.training.training_loop][INFO] - train epoch 1867 loss 0.4410 accuracy 82.81%
[2026-05-04 20:35:39,616][src.modRNN.training.training_loop][INFO] - 	 Starting Epoch: 1868
[2026-05-04 20:35:40,684][src.modRNN.training.training_loop][INFO] - train epoch 1868 loss 0.4620 accuracy 81.25%
[2026-05-04 20:35:40,685][src.modRNN.training.training_loop][INFO] - 	 Starting Epoch: 1869
[2026-05-04 20:35:41,755][src.modRNN.training.training_loop][INFO] - train epoch 1869 loss 0.3687 accuracy 87.50%
[2026-05-04 20:35:41,757][src.modRNN.training.training_loop][INFO] - 	 Starting Epoch: 1870
[2026-05-04 20:35:42,819][src.modRNN.training.training_loop][INFO] - train epoch 1870 loss 0.4555 accuracy 82.81%
[2026-05-04 20:35:42,820][src.modRNN.training.training_loop][INFO] - 	 Starting Epoch: 1871
[2026-05-04 20:35:43,889][src.modRNN.training.training_loop][INFO] - train epoch 1871 loss 0.4420 accuracy 79.69%
[2026-05-04 20:35:43,890][src.modRNN.training.training_loop][INFO] - 	 Starting Epoch: 1872
[2026-05-04 20:35:44,956][src.modRNN.training.training_loop][INFO] - train epoch 1872 loss 0.4165 accuracy 82.81%
[2026-05-04 20:35:44,957][src.modRNN.training.training_loop][INFO] - 	 Starting Epoch: 1873
[2026-05-04 20:35:46,032][src.modRNN.training.training_loop][INFO] - train epoch 1873 loss 0.4233 accuracy 82.81%
[2026-05-04 20:35:46,033][src.modRNN.training.training_loop][INFO] - 	 Starting Epoch: 1874
[2026-05-04 20:35:47,104][src.modRNN.training.training_loop][INFO] - train epoch 1874 loss 0.3980 accuracy 90.62%
[2026-05-04 20:35:47,106][src.modRNN.training.training_loop][INFO] - 	 Starting Epoch: 1875
[2026-05-04 20:35:48,172][src.modRNN.training.training_loop][INFO] - train epoch 1875 loss 0.3592 accuracy 90.62%
[2026-05-04 20:35:48,174][src.modRNN.training.training_loop][INFO] - 	 Starting Epoch: 1876
[2026-05-04 20:35:49,244][src.modRNN.training.training_loop][INFO] - train epoch 1876 loss 0.3247 accuracy 92.19%
[2026-05-04 20:35:51,393][src.modRNN.training.training_loop][INFO] - eval  epoch 1876 loss 0.3822 accuracy 88.09%
[2026-05-04 20:35:51,394][src.modRNN.training.training_loop][INFO] - 	 Starting Epoch: 1877
[2026-05-04 20:35:52,457][src.modRNN.training.training_loop][INFO] - train epoch 1877 loss 0.4489 accuracy 84.38%
[2026-05-04 20:35:52,458][src.modRNN.training.training_loop][INFO] - 	 Starting Epoch: 1878
[2026-05-04 20:35:53,527][src.modRNN.training.training_loop][INFO] - train epoch 1878 loss 0.3546 accuracy 87.50%
[2026-05-04 20:35:53,528][src.modRNN.training.training_loop][INFO] - 	 Starting Epoch: 1879
[2026-05-04 20:35:54,603][src.modRNN.training.training_loop][INFO] - train epoch 1879 loss 0.4600 accuracy 79.69%
[2026-05-04 20:35:54,604][src.modRNN.training.training_loop][INFO] - 	 Starting Epoch: 1880
[2026-05-04 20:35:55,676][src.modRNN.training.training_loop][INFO] - train epoch 1880 loss 0.4515 accuracy 82.81%
[2026-05-04 20:35:55,677][src.modRNN.training.training_loop][INFO] - 	 Starting Epoch: 1881
[2026-05-04 20:35:56,742][src.modRNN.training.training_loop][INFO] - train epoch 1881 loss 0.3802 accuracy 87.50%
[2026-05-04 20:35:56,744][src.modRNN.training.training_loop][INFO] - 	 Starting Epoch: 1882
[2026-05-04 20:35:57,813][src.modRNN.training.training_loop][INFO] - train epoch 1882 loss 0.4281 accuracy 82.81%
[2026-05-04 20:35:57,814][src.modRNN.training.training_loop][INFO] - 	 Starting Epoch: 1883
[2026-05-04 20:35:58,886][src.modRNN.training.training_loop][INFO] - train epoch 1883 loss 0.4578 accuracy 82.81%
[2026-05-04 20:35:58,887][src.modRNN.training.training_loop][INFO] - 	 Starting Epoch: 1884
[2026-05-04 20:35:59,959][src.modRNN.training.training_loop][INFO] - train epoch 1884 loss 0.4349 accuracy 87.50%
[2026-05-04 20:35:59,961][src.modRNN.training.training_loop][INFO] - 	 Starting Epoch: 1885
[2026-05-04 20:36:01,027][src.modRNN.training.training_loop][INFO] - train epoch 1885 loss 0.4730 accuracy 81.25%
[2026-05-04 20:36:01,028][src.modRNN.training.training_loop][INFO] - 	 Starting Epoch: 1886
[2026-05-04 20:36:02,105][src.modRNN.training.training_loop][INFO] - train epoch 1886 loss 0.4383 accuracy 84.38%
[2026-05-04 20:36:02,106][src.modRNN.training.training_loop][INFO] - 	 Starting Epoch: 1887
[2026-05-04 20:36:03,180][src.modRNN.training.training_loop][INFO] - train epoch 1887 loss 0.3960 accuracy 89.06%
[2026-05-04 20:36:03,181][src.modRNN.training.training_loop][INFO] - 	 Starting Epoch: 1888
[2026-05-04 20:36:04,258][src.modRNN.training.training_loop][INFO] - train epoch 1888 loss 0.4154 accuracy 85.94%
[2026-05-04 20:36:04,260][src.modRNN.training.training_loop][INFO] - 	 Starting Epoch: 1889
[2026-05-04 20:36:05,334][src.modRNN.training.training_loop][INFO] - train epoch 1889 loss 0.3771 accuracy 85.94%
[2026-05-04 20:36:05,336][src.modRNN.training.training_loop][INFO] - 	 Starting Epoch: 1890
[2026-05-04 20:36:06,414][src.modRNN.training.training_loop][INFO] - train epoch 1890 loss 0.3398 accuracy 89.06%
[2026-05-04 20:36:06,415][src.modRNN.training.training_loop][INFO] - 	 Starting Epoch: 1891
[2026-05-04 20:36:07,491][src.modRNN.training.training_loop][INFO] - train epoch 1891 loss 0.3716 accuracy 89.06%
[2026-05-04 20:36:07,493][src.modRNN.training.training_loop][INFO] - 	 Starting Epoch: 1892
[2026-05-04 20:36:08,567][src.modRNN.training.training_loop][INFO] - train epoch 1892 loss 0.3434 accuracy 93.75%
[2026-05-04 20:36:08,568][src.modRNN.training.training_loop][INFO] - 	 Starting Epoch: 1893
[2026-05-04 20:36:09,644][src.modRNN.training.training_loop][INFO] - train epoch 1893 loss 0.4140 accuracy 85.94%
[2026-05-04 20:36:09,646][src.modRNN.training.training_loop][INFO] - 	 Starting Epoch: 1894
[2026-05-04 20:36:10,724][src.modRNN.training.training_loop][INFO] - train epoch 1894 loss 0.3402 accuracy 93.75%
[2026-05-04 20:36:10,726][src.modRNN.training.training_loop][INFO] - 	 Starting Epoch: 1895
[2026-05-04 20:36:11,806][src.modRNN.training.training_loop][INFO] - train epoch 1895 loss 0.4239 accuracy 81.25%
[2026-05-04 20:36:11,807][src.modRNN.training.training_loop][INFO] - 	 Starting Epoch: 1896
[2026-05-04 20:36:12,881][src.modRNN.training.training_loop][INFO] - train epoch 1896 loss 0.3990 accuracy 89.06%
[2026-05-04 20:36:12,883][src.modRNN.training.training_loop][INFO] - 	 Starting Epoch: 1897
[2026-05-04 20:36:13,959][src.modRNN.training.training_loop][INFO] - train epoch 1897 loss 0.4225 accuracy 87.50%
[2026-05-04 20:36:13,960][src.modRNN.training.training_loop][INFO] - 	 Starting Epoch: 1898
[2026-05-04 20:36:15,041][src.modRNN.training.training_loop][INFO] - train epoch 1898 loss 0.4251 accuracy 84.38%
[2026-05-04 20:36:15,042][src.modRNN.training.training_loop][INFO] - 	 Starting Epoch: 1899
[2026-05-04 20:36:16,125][src.modRNN.training.training_loop][INFO] - train epoch 1899 loss 0.4214 accuracy 81.25%
[2026-05-04 20:36:16,127][src.modRNN.training.training_loop][INFO] - 	 Starting Epoch: 1900
[2026-05-04 20:36:17,205][src.modRNN.training.training_loop][INFO] - train epoch 1900 loss 0.5080 accuracy 84.38%
[2026-05-04 20:36:17,206][src.modRNN.training.training_loop][INFO] - 	 Starting Epoch: 1901
[2026-05-04 20:36:18,283][src.modRNN.training.training_loop][INFO] - train epoch 1901 loss 0.3548 accuracy 93.75%
[2026-05-04 20:36:20,438][src.modRNN.training.training_loop][INFO] - eval  epoch 1901 loss 0.3868 accuracy 87.70%
[2026-05-04 20:36:20,439][src.modRNN.training.training_loop][INFO] - 	 Starting Epoch: 1902
[2026-05-04 20:36:21,511][src.modRNN.training.training_loop][INFO] - train epoch 1902 loss 0.4348 accuracy 81.25%
[2026-05-04 20:36:21,512][src.modRNN.training.training_loop][INFO] - 	 Starting Epoch: 1903
[2026-05-04 20:36:22,586][src.modRNN.training.training_loop][INFO] - train epoch 1903 loss 0.3782 accuracy 87.50%
[2026-05-04 20:36:22,587][src.modRNN.training.training_loop][INFO] - 	 Starting Epoch: 1904
[2026-05-04 20:36:23,662][src.modRNN.training.training_loop][INFO] - train epoch 1904 loss 0.3170 accuracy 95.31%
[2026-05-04 20:36:23,663][src.modRNN.training.training_loop][INFO] - 	 Starting Epoch: 1905
[2026-05-04 20:36:24,798][src.modRNN.training.training_loop][INFO] - train epoch 1905 loss 0.4131 accuracy 81.25%
[2026-05-04 20:36:24,799][src.modRNN.training.training_loop][INFO] - 	 Starting Epoch: 1906
[2026-05-04 20:36:25,875][src.modRNN.training.training_loop][INFO] - train epoch 1906 loss 0.4449 accuracy 85.94%
[2026-05-04 20:36:25,876][src.modRNN.training.training_loop][INFO] - 	 Starting Epoch: 1907
[2026-05-04 20:36:26,955][src.modRNN.training.training_loop][INFO] - train epoch 1907 loss 0.3964 accuracy 87.50%
[2026-05-04 20:36:26,957][src.modRNN.training.training_loop][INFO] - 	 Starting Epoch: 1908
[2026-05-04 20:36:28,029][src.modRNN.training.training_loop][INFO] - train epoch 1908 loss 0.3527 accuracy 89.06%
[2026-05-04 20:36:28,031][src.modRNN.training.training_loop][INFO] - 	 Starting Epoch: 1909
[2026-05-04 20:36:29,114][src.modRNN.training.training_loop][INFO] - train epoch 1909 loss 0.4226 accuracy 81.25%
[2026-05-04 20:36:29,115][src.modRNN.training.training_loop][INFO] - 	 Starting Epoch: 1910
[2026-05-04 20:36:30,198][src.modRNN.training.training_loop][INFO] - train epoch 1910 loss 0.4482 accuracy 84.38%
[2026-05-04 20:36:30,200][src.modRNN.training.training_loop][INFO] - 	 Starting Epoch: 1911
[2026-05-04 20:36:31,280][src.modRNN.training.training_loop][INFO] - train epoch 1911 loss 0.4306 accuracy 87.50%
[2026-05-04 20:36:31,281][src.modRNN.training.training_loop][INFO] - 	 Starting Epoch: 1912
[2026-05-04 20:36:32,365][src.modRNN.training.training_loop][INFO] - train epoch 1912 loss 0.3584 accuracy 89.06%
[2026-05-04 20:36:32,367][src.modRNN.training.training_loop][INFO] - 	 Starting Epoch: 1913
[2026-05-04 20:36:33,441][src.modRNN.training.training_loop][INFO] - train epoch 1913 loss 0.4340 accuracy 85.94%
[2026-05-04 20:36:33,443][src.modRNN.training.training_loop][INFO] - 	 Starting Epoch: 1914
[2026-05-04 20:36:34,511][src.modRNN.training.training_loop][INFO] - train epoch 1914 loss 0.4257 accuracy 84.38%
[2026-05-04 20:36:34,512][src.modRNN.training.training_loop][INFO] - 	 Starting Epoch: 1915
[2026-05-04 20:36:35,579][src.modRNN.training.training_loop][INFO] - train epoch 1915 loss 0.4490 accuracy 82.81%
[2026-05-04 20:36:35,581][src.modRNN.training.training_loop][INFO] - 	 Starting Epoch: 1916
[2026-05-04 20:36:36,660][src.modRNN.training.training_loop][INFO] - train epoch 1916 loss 0.3471 accuracy 89.06%
[2026-05-04 20:36:36,661][src.modRNN.training.training_loop][INFO] - 	 Starting Epoch: 1917
[2026-05-04 20:36:37,738][src.modRNN.training.training_loop][INFO] - train epoch 1917 loss 0.4729 accuracy 81.25%
[2026-05-04 20:36:37,740][src.modRNN.training.training_loop][INFO] - 	 Starting Epoch: 1918
[2026-05-04 20:36:38,810][src.modRNN.training.training_loop][INFO] - train epoch 1918 loss 0.3195 accuracy 90.62%
[2026-05-04 20:36:38,812][src.modRNN.training.training_loop][INFO] - 	 Starting Epoch: 1919
[2026-05-04 20:36:39,883][src.modRNN.training.training_loop][INFO] - train epoch 1919 loss 0.4061 accuracy 87.50%
[2026-05-04 20:36:39,885][src.modRNN.training.training_loop][INFO] - 	 Starting Epoch: 1920
[2026-05-04 20:36:40,962][src.modRNN.training.training_loop][INFO] - train epoch 1920 loss 0.4420 accuracy 82.81%
[2026-05-04 20:36:40,964][src.modRNN.training.training_loop][INFO] - 	 Starting Epoch: 1921
[2026-05-04 20:36:42,037][src.modRNN.training.training_loop][INFO] - train epoch 1921 loss 0.4819 accuracy 84.38%
[2026-05-04 20:36:42,039][src.modRNN.training.training_loop][INFO] - 	 Starting Epoch: 1922
[2026-05-04 20:36:43,112][src.modRNN.training.training_loop][INFO] - train epoch 1922 loss 0.2988 accuracy 95.31%
[2026-05-04 20:36:43,113][src.modRNN.training.training_loop][INFO] - 	 Starting Epoch: 1923
[2026-05-04 20:36:44,187][src.modRNN.training.training_loop][INFO] - train epoch 1923 loss 0.4479 accuracy 81.25%
[2026-05-04 20:36:44,188][src.modRNN.training.training_loop][INFO] - 	 Starting Epoch: 1924
[2026-05-04 20:36:45,262][src.modRNN.training.training_loop][INFO] - train epoch 1924 loss 0.4360 accuracy 82.81%
[2026-05-04 20:36:45,264][src.modRNN.training.training_loop][INFO] - 	 Starting Epoch: 1925
[2026-05-04 20:36:46,331][src.modRNN.training.training_loop][INFO] - train epoch 1925 loss 0.3733 accuracy 89.06%
[2026-05-04 20:36:46,333][src.modRNN.training.training_loop][INFO] - 	 Starting Epoch: 1926
[2026-05-04 20:36:47,399][src.modRNN.training.training_loop][INFO] - train epoch 1926 loss 0.3492 accuracy 85.94%
[2026-05-04 20:36:49,545][src.modRNN.training.training_loop][INFO] - eval  epoch 1926 loss 0.3924 accuracy 85.55%
[2026-05-04 20:36:49,547][src.modRNN.training.training_loop][INFO] - 	 Starting Epoch: 1927
[2026-05-04 20:36:50,614][src.modRNN.training.training_loop][INFO] - train epoch 1927 loss 0.3433 accuracy 92.19%
[2026-05-04 20:36:50,615][src.modRNN.training.training_loop][INFO] - 	 Starting Epoch: 1928
[2026-05-04 20:36:51,687][src.modRNN.training.training_loop][INFO] - train epoch 1928 loss 0.4320 accuracy 81.25%
[2026-05-04 20:36:51,688][src.modRNN.training.training_loop][INFO] - 	 Starting Epoch: 1929
[2026-05-04 20:36:52,756][src.modRNN.training.training_loop][INFO] - train epoch 1929 loss 0.3918 accuracy 87.50%
[2026-05-04 20:36:52,757][src.modRNN.training.training_loop][INFO] - 	 Starting Epoch: 1930
[2026-05-04 20:36:53,829][src.modRNN.training.training_loop][INFO] - train epoch 1930 loss 0.4601 accuracy 82.81%
[2026-05-04 20:36:53,830][src.modRNN.training.training_loop][INFO] - 	 Starting Epoch: 1931
[2026-05-04 20:36:54,909][src.modRNN.training.training_loop][INFO] - train epoch 1931 loss 0.3451 accuracy 92.19%
[2026-05-04 20:36:54,911][src.modRNN.training.training_loop][INFO] - 	 Starting Epoch: 1932
[2026-05-04 20:36:55,979][src.modRNN.training.training_loop][INFO] - train epoch 1932 loss 0.3465 accuracy 90.62%
[2026-05-04 20:36:55,981][src.modRNN.training.training_loop][INFO] - 	 Starting Epoch: 1933
[2026-05-04 20:36:57,058][src.modRNN.training.training_loop][INFO] - train epoch 1933 loss 0.3587 accuracy 92.19%
[2026-05-04 20:36:57,059][src.modRNN.training.training_loop][INFO] - 	 Starting Epoch: 1934
[2026-05-04 20:36:58,132][src.modRNN.training.training_loop][INFO] - train epoch 1934 loss 0.3942 accuracy 89.06%
[2026-05-04 20:36:58,133][src.modRNN.training.training_loop][INFO] - 	 Starting Epoch: 1935
[2026-05-04 20:36:59,202][src.modRNN.training.training_loop][INFO] - train epoch 1935 loss 0.4788 accuracy 81.25%
[2026-05-04 20:36:59,203][src.modRNN.training.training_loop][INFO] - 	 Starting Epoch: 1936
[2026-05-04 20:37:00,278][src.modRNN.training.training_loop][INFO] - train epoch 1936 loss 0.3536 accuracy 90.62%
[2026-05-04 20:37:00,279][src.modRNN.training.training_loop][INFO] - 	 Starting Epoch: 1937
[2026-05-04 20:37:01,350][src.modRNN.training.training_loop][INFO] - train epoch 1937 loss 0.3601 accuracy 92.19%
[2026-05-04 20:37:01,352][src.modRNN.training.training_loop][INFO] - 	 Starting Epoch: 1938
[2026-05-04 20:37:02,433][src.modRNN.training.training_loop][INFO] - train epoch 1938 loss 0.3997 accuracy 87.50%
[2026-05-04 20:37:02,434][src.modRNN.training.training_loop][INFO] - 	 Starting Epoch: 1939
[2026-05-04 20:37:03,512][src.modRNN.training.training_loop][INFO] - train epoch 1939 loss 0.3859 accuracy 84.38%
[2026-05-04 20:37:03,513][src.modRNN.training.training_loop][INFO] - 	 Starting Epoch: 1940
[2026-05-04 20:37:04,593][src.modRNN.training.training_loop][INFO] - train epoch 1940 loss 0.4191 accuracy 85.94%
[2026-05-04 20:37:04,594][src.modRNN.training.training_loop][INFO] - 	 Starting Epoch: 1941
[2026-05-04 20:37:05,673][src.modRNN.training.training_loop][INFO] - train epoch 1941 loss 0.4084 accuracy 89.06%
[2026-05-04 20:37:05,674][src.modRNN.training.training_loop][INFO] - 	 Starting Epoch: 1942
[2026-05-04 20:37:06,764][src.modRNN.training.training_loop][INFO] - train epoch 1942 loss 0.4222 accuracy 87.50%
[2026-05-04 20:37:06,766][src.modRNN.training.training_loop][INFO] - 	 Starting Epoch: 1943
[2026-05-04 20:37:07,846][src.modRNN.training.training_loop][INFO] - train epoch 1943 loss 0.4090 accuracy 89.06%
[2026-05-04 20:37:07,848][src.modRNN.training.training_loop][INFO] - 	 Starting Epoch: 1944
[2026-05-04 20:37:08,925][src.modRNN.training.training_loop][INFO] - train epoch 1944 loss 0.3815 accuracy 89.06%
[2026-05-04 20:37:08,927][src.modRNN.training.training_loop][INFO] - 	 Starting Epoch: 1945
[2026-05-04 20:37:10,004][src.modRNN.training.training_loop][INFO] - train epoch 1945 loss 0.4803 accuracy 81.25%
[2026-05-04 20:37:10,006][src.modRNN.training.training_loop][INFO] - 	 Starting Epoch: 1946
[2026-05-04 20:37:11,092][src.modRNN.training.training_loop][INFO] - train epoch 1946 loss 0.4186 accuracy 85.94%
[2026-05-04 20:37:11,093][src.modRNN.training.training_loop][INFO] - 	 Starting Epoch: 1947
[2026-05-04 20:37:12,172][src.modRNN.training.training_loop][INFO] - train epoch 1947 loss 0.3330 accuracy 93.75%
[2026-05-04 20:37:12,173][src.modRNN.training.training_loop][INFO] - 	 Starting Epoch: 1948
[2026-05-04 20:37:13,255][src.modRNN.training.training_loop][INFO] - train epoch 1948 loss 0.4166 accuracy 87.50%
[2026-05-04 20:37:13,256][src.modRNN.training.training_loop][INFO] - 	 Starting Epoch: 1949
[2026-05-04 20:37:14,333][src.modRNN.training.training_loop][INFO] - train epoch 1949 loss 0.4135 accuracy 85.94%
[2026-05-04 20:37:14,335][src.modRNN.training.training_loop][INFO] - 	 Starting Epoch: 1950
[2026-05-04 20:37:15,424][src.modRNN.training.training_loop][INFO] - train epoch 1950 loss 0.4021 accuracy 87.50%
[2026-05-04 20:37:15,426][src.modRNN.training.training_loop][INFO] - 	 Starting Epoch: 1951
[2026-05-04 20:37:16,508][src.modRNN.training.training_loop][INFO] - train epoch 1951 loss 0.4814 accuracy 76.56%
[2026-05-04 20:37:18,661][src.modRNN.training.training_loop][INFO] - eval  epoch 1951 loss 0.3831 accuracy 88.09%
[2026-05-04 20:37:18,663][src.modRNN.training.training_loop][INFO] - 	 Starting Epoch: 1952
[2026-05-04 20:37:19,736][src.modRNN.training.training_loop][INFO] - train epoch 1952 loss 0.3930 accuracy 87.50%
[2026-05-04 20:37:19,737][src.modRNN.training.training_loop][INFO] - 	 Starting Epoch: 1953
[2026-05-04 20:37:20,822][src.modRNN.training.training_loop][INFO] - train epoch 1953 loss 0.5144 accuracy 82.81%
[2026-05-04 20:37:20,823][src.modRNN.training.training_loop][INFO] - 	 Starting Epoch: 1954
[2026-05-04 20:37:21,907][src.modRNN.training.training_loop][INFO] - train epoch 1954 loss 0.4721 accuracy 82.81%
[2026-05-04 20:37:21,908][src.modRNN.training.training_loop][INFO] - 	 Starting Epoch: 1955
[2026-05-04 20:37:22,991][src.modRNN.training.training_loop][INFO] - train epoch 1955 loss 0.4242 accuracy 84.38%
[2026-05-04 20:37:22,992][src.modRNN.training.training_loop][INFO] - 	 Starting Epoch: 1956
[2026-05-04 20:37:24,084][src.modRNN.training.training_loop][INFO] - train epoch 1956 loss 0.3247 accuracy 89.06%
[2026-05-04 20:37:24,087][src.modRNN.training.training_loop][INFO] - 	 Starting Epoch: 1957
[2026-05-04 20:37:25,221][src.modRNN.training.training_loop][INFO] - train epoch 1957 loss 0.4377 accuracy 81.25%
[2026-05-04 20:37:25,223][src.modRNN.training.training_loop][INFO] - 	 Starting Epoch: 1958
[2026-05-04 20:37:26,300][src.modRNN.training.training_loop][INFO] - train epoch 1958 loss 0.4784 accuracy 84.38%
[2026-05-04 20:37:26,301][src.modRNN.training.training_loop][INFO] - 	 Starting Epoch: 1959
[2026-05-04 20:37:27,380][src.modRNN.training.training_loop][INFO] - train epoch 1959 loss 0.4057 accuracy 85.94%
[2026-05-04 20:37:27,381][src.modRNN.training.training_loop][INFO] - 	 Starting Epoch: 1960
[2026-05-04 20:37:28,465][src.modRNN.training.training_loop][INFO] - train epoch 1960 loss 0.3917 accuracy 85.94%
[2026-05-04 20:37:28,466][src.modRNN.training.training_loop][INFO] - 	 Starting Epoch: 1961
[2026-05-04 20:37:29,546][src.modRNN.training.training_loop][INFO] - train epoch 1961 loss 0.3866 accuracy 89.06%
[2026-05-04 20:37:29,548][src.modRNN.training.training_loop][INFO] - 	 Starting Epoch: 1962
[2026-05-04 20:37:30,628][src.modRNN.training.training_loop][INFO] - train epoch 1962 loss 0.3270 accuracy 93.75%
[2026-05-04 20:37:30,629][src.modRNN.training.training_loop][INFO] - 	 Starting Epoch: 1963
[2026-05-04 20:37:31,708][src.modRNN.training.training_loop][INFO] - train epoch 1963 loss 0.4546 accuracy 82.81%
[2026-05-04 20:37:31,710][src.modRNN.training.training_loop][INFO] - 	 Starting Epoch: 1964
[2026-05-04 20:37:32,778][src.modRNN.training.training_loop][INFO] - train epoch 1964 loss 0.3955 accuracy 87.50%
[2026-05-04 20:37:32,780][src.modRNN.training.training_loop][INFO] - 	 Starting Epoch: 1965
[2026-05-04 20:37:33,857][src.modRNN.training.training_loop][INFO] - train epoch 1965 loss 0.3306 accuracy 93.75%
[2026-05-04 20:37:33,858][src.modRNN.training.training_loop][INFO] - 	 Starting Epoch: 1966
[2026-05-04 20:37:34,930][src.modRNN.training.training_loop][INFO] - train epoch 1966 loss 0.5047 accuracy 81.25%
[2026-05-04 20:37:34,931][src.modRNN.training.training_loop][INFO] - 	 Starting Epoch: 1967
[2026-05-04 20:37:36,015][src.modRNN.training.training_loop][INFO] - train epoch 1967 loss 0.4495 accuracy 81.25%
[2026-05-04 20:37:36,016][src.modRNN.training.training_loop][INFO] - 	 Starting Epoch: 1968
[2026-05-04 20:37:37,086][src.modRNN.training.training_loop][INFO] - train epoch 1968 loss 0.4181 accuracy 89.06%
[2026-05-04 20:37:37,087][src.modRNN.training.training_loop][INFO] - 	 Starting Epoch: 1969
[2026-05-04 20:37:38,159][src.modRNN.training.training_loop][INFO] - train epoch 1969 loss 0.3648 accuracy 85.94%
[2026-05-04 20:37:38,160][src.modRNN.training.training_loop][INFO] - 	 Starting Epoch: 1970
[2026-05-04 20:37:39,231][src.modRNN.training.training_loop][INFO] - train epoch 1970 loss 0.4463 accuracy 84.38%
[2026-05-04 20:37:39,233][src.modRNN.training.training_loop][INFO] - 	 Starting Epoch: 1971
[2026-05-04 20:37:40,310][src.modRNN.training.training_loop][INFO] - train epoch 1971 loss 0.3748 accuracy 87.50%
[2026-05-04 20:37:40,311][src.modRNN.training.training_loop][INFO] - 	 Starting Epoch: 1972
[2026-05-04 20:37:41,392][src.modRNN.training.training_loop][INFO] - train epoch 1972 loss 0.4002 accuracy 85.94%
[2026-05-04 20:37:41,393][src.modRNN.training.training_loop][INFO] - 	 Starting Epoch: 1973
[2026-05-04 20:37:42,469][src.modRNN.training.training_loop][INFO] - train epoch 1973 loss 0.4417 accuracy 81.25%
[2026-05-04 20:37:42,471][src.modRNN.training.training_loop][INFO] - 	 Starting Epoch: 1974
[2026-05-04 20:37:43,541][src.modRNN.training.training_loop][INFO] - train epoch 1974 loss 0.3702 accuracy 89.06%
[2026-05-04 20:37:43,542][src.modRNN.training.training_loop][INFO] - 	 Starting Epoch: 1975
[2026-05-04 20:37:44,615][src.modRNN.training.training_loop][INFO] - train epoch 1975 loss 0.3109 accuracy 93.75%
[2026-05-04 20:37:44,617][src.modRNN.training.training_loop][INFO] - 	 Starting Epoch: 1976
[2026-05-04 20:37:45,683][src.modRNN.training.training_loop][INFO] - train epoch 1976 loss 0.3836 accuracy 85.94%
[2026-05-04 20:37:47,841][src.modRNN.training.training_loop][INFO] - eval  epoch 1976 loss 0.3901 accuracy 88.67%
[2026-05-04 20:37:47,842][src.modRNN.training.training_loop][INFO] - 	 Starting Epoch: 1977
[2026-05-04 20:37:48,908][src.modRNN.training.training_loop][INFO] - train epoch 1977 loss 0.3442 accuracy 92.19%
[2026-05-04 20:37:48,910][src.modRNN.training.training_loop][INFO] - 	 Starting Epoch: 1978
[2026-05-04 20:37:49,980][src.modRNN.training.training_loop][INFO] - train epoch 1978 loss 0.4412 accuracy 84.38%
[2026-05-04 20:37:49,982][src.modRNN.training.training_loop][INFO] - 	 Starting Epoch: 1979
[2026-05-04 20:37:51,060][src.modRNN.training.training_loop][INFO] - train epoch 1979 loss 0.4048 accuracy 87.50%
[2026-05-04 20:37:51,061][src.modRNN.training.training_loop][INFO] - 	 Starting Epoch: 1980
[2026-05-04 20:37:52,130][src.modRNN.training.training_loop][INFO] - train epoch 1980 loss 0.4252 accuracy 85.94%
[2026-05-04 20:37:52,131][src.modRNN.training.training_loop][INFO] - 	 Starting Epoch: 1981
[2026-05-04 20:37:53,203][src.modRNN.training.training_loop][INFO] - train epoch 1981 loss 0.5023 accuracy 76.56%
[2026-05-04 20:37:53,204][src.modRNN.training.training_loop][INFO] - 	 Starting Epoch: 1982
[2026-05-04 20:37:54,289][src.modRNN.training.training_loop][INFO] - train epoch 1982 loss 0.4362 accuracy 81.25%
[2026-05-04 20:37:54,291][src.modRNN.training.training_loop][INFO] - 	 Starting Epoch: 1983
[2026-05-04 20:37:55,363][src.modRNN.training.training_loop][INFO] - train epoch 1983 loss 0.4342 accuracy 89.06%
[2026-05-04 20:37:55,365][src.modRNN.training.training_loop][INFO] - 	 Starting Epoch: 1984
[2026-05-04 20:37:56,434][src.modRNN.training.training_loop][INFO] - train epoch 1984 loss 0.4080 accuracy 92.19%
[2026-05-04 20:37:56,435][src.modRNN.training.training_loop][INFO] - 	 Starting Epoch: 1985
[2026-05-04 20:37:57,504][src.modRNN.training.training_loop][INFO] - train epoch 1985 loss 0.4197 accuracy 84.38%
[2026-05-04 20:37:57,506][src.modRNN.training.training_loop][INFO] - 	 Starting Epoch: 1986
[2026-05-04 20:37:58,588][src.modRNN.training.training_loop][INFO] - train epoch 1986 loss 0.4060 accuracy 90.62%
[2026-05-04 20:37:58,590][src.modRNN.training.training_loop][INFO] - 	 Starting Epoch: 1987
[2026-05-04 20:37:59,665][src.modRNN.training.training_loop][INFO] - train epoch 1987 loss 0.4137 accuracy 82.81%
[2026-05-04 20:37:59,666][src.modRNN.training.training_loop][INFO] - 	 Starting Epoch: 1988
[2026-05-04 20:38:00,746][src.modRNN.training.training_loop][INFO] - train epoch 1988 loss 0.4698 accuracy 85.94%
[2026-05-04 20:38:00,747][src.modRNN.training.training_loop][INFO] - 	 Starting Epoch: 1989
[2026-05-04 20:38:01,827][src.modRNN.training.training_loop][INFO] - train epoch 1989 loss 0.4942 accuracy 79.69%
[2026-05-04 20:38:01,829][src.modRNN.training.training_loop][INFO] - 	 Starting Epoch: 1990
[2026-05-04 20:38:02,912][src.modRNN.training.training_loop][INFO] - train epoch 1990 loss 0.3867 accuracy 90.62%
[2026-05-04 20:38:02,914][src.modRNN.training.training_loop][INFO] - 	 Starting Epoch: 1991
[2026-05-04 20:38:03,997][src.modRNN.training.training_loop][INFO] - train epoch 1991 loss 0.3379 accuracy 92.19%
[2026-05-04 20:38:03,999][src.modRNN.training.training_loop][INFO] - 	 Starting Epoch: 1992
[2026-05-04 20:38:05,084][src.modRNN.training.training_loop][INFO] - train epoch 1992 loss 0.4956 accuracy 81.25%
[2026-05-04 20:38:05,086][src.modRNN.training.training_loop][INFO] - 	 Starting Epoch: 1993
[2026-05-04 20:38:06,165][src.modRNN.training.training_loop][INFO] - train epoch 1993 loss 0.5490 accuracy 81.25%
[2026-05-04 20:38:06,167][src.modRNN.training.training_loop][INFO] - 	 Starting Epoch: 1994
[2026-05-04 20:38:07,249][src.modRNN.training.training_loop][INFO] - train epoch 1994 loss 0.4682 accuracy 84.38%
[2026-05-04 20:38:07,251][src.modRNN.training.training_loop][INFO] - 	 Starting Epoch: 1995
[2026-05-04 20:38:08,326][src.modRNN.training.training_loop][INFO] - train epoch 1995 loss 0.3636 accuracy 89.06%
[2026-05-04 20:38:08,327][src.modRNN.training.training_loop][INFO] - 	 Starting Epoch: 1996
[2026-05-04 20:38:09,408][src.modRNN.training.training_loop][INFO] - train epoch 1996 loss 0.4566 accuracy 81.25%
[2026-05-04 20:38:09,409][src.modRNN.training.training_loop][INFO] - 	 Starting Epoch: 1997
[2026-05-04 20:38:10,490][src.modRNN.training.training_loop][INFO] - train epoch 1997 loss 0.3531 accuracy 89.06%
[2026-05-04 20:38:10,491][src.modRNN.training.training_loop][INFO] - 	 Starting Epoch: 1998
[2026-05-04 20:38:11,578][src.modRNN.training.training_loop][INFO] - train epoch 1998 loss 0.3554 accuracy 89.06%
[2026-05-04 20:38:11,579][src.modRNN.training.training_loop][INFO] - 	 Starting Epoch: 1999
[2026-05-04 20:38:12,657][src.modRNN.training.training_loop][INFO] - train epoch 1999 loss 0.4325 accuracy 82.81%
[2026-05-04 20:38:12,659][src.modRNN.training.training_loop][INFO] - 	 Starting Epoch: 2000
[2026-05-04 20:38:13,746][src.modRNN.training.training_loop][INFO] - train epoch 2000 loss 0.4383 accuracy 87.50%
[2026-05-04 20:38:15,899][src.modRNN.training.training_loop][INFO] - eval  epoch 2000 loss 0.3943 accuracy 86.72%
[2026-05-04 20:38:18,878][src.modRNN.training.training_loop][INFO] - firing rate eval set  average 12.5 max 53.7 min 4.9
[2026-05-04 20:38:21,300][src.modRNN.training.training_loop][INFO] - Training completed all 2000 iterations.
