[2026-05-01 20:41:01,938][jax._src.xla_bridge][INFO] - Unable to initialize backend 'rocm': module 'jaxlib.xla_extension' has no attribute 'GpuAllocatorConfig'
[2026-05-01 20:41:01,940][jax._src.xla_bridge][INFO] - Unable to initialize backend 'tpu': INTERNAL: Failed to open libtpu.so: libtpu.so: cannot open shared object file: No such file or directory
[2026-05-01 20:41:10,623][src.modRNN.training.common][INFO] - Starting training...
[2026-05-01 20:41:10,624][src.modRNN.training.common][INFO] - 	 Starting Epoch: 1
[2026-05-01 20:41:12,539][src.modRNN.training.common][INFO] - train epoch 001 MSE 0.1413 nMSE 0.9996
[2026-05-01 20:41:12,869][src.modRNN.training.common][INFO] - eval  epoch 001 MSE 0.1411 nMSE 0.9980
[2026-05-01 20:41:12,869][src.modRNN.training.common][INFO] - 	 Starting Epoch: 2
[2026-05-01 20:41:13,194][src.modRNN.training.common][INFO] - train epoch 002 MSE 0.1411 nMSE 0.9980
[2026-05-01 20:41:13,195][src.modRNN.training.common][INFO] - 	 Starting Epoch: 3
[2026-05-01 20:41:13,514][src.modRNN.training.common][INFO] - train epoch 003 MSE 0.1409 nMSE 0.9965
[2026-05-01 20:41:13,515][src.modRNN.training.common][INFO] - 	 Starting Epoch: 4
[2026-05-01 20:41:13,836][src.modRNN.training.common][INFO] - train epoch 004 MSE 0.1407 nMSE 0.9951
[2026-05-01 20:41:13,837][src.modRNN.training.common][INFO] - 	 Starting Epoch: 5
[2026-05-01 20:41:14,157][src.modRNN.training.common][INFO] - train epoch 005 MSE 0.1401 nMSE 0.9909
[2026-05-01 20:41:14,158][src.modRNN.training.common][INFO] - 	 Starting Epoch: 6
[2026-05-01 20:41:14,479][src.modRNN.training.common][INFO] - train epoch 006 MSE 0.1397 nMSE 0.9885
[2026-05-01 20:41:14,479][src.modRNN.training.common][INFO] - 	 Starting Epoch: 7
[2026-05-01 20:41:14,800][src.modRNN.training.common][INFO] - train epoch 007 MSE 0.1392 nMSE 0.9850
[2026-05-01 20:41:14,801][src.modRNN.training.common][INFO] - 	 Starting Epoch: 8
[2026-05-01 20:41:15,122][src.modRNN.training.common][INFO] - train epoch 008 MSE 0.1381 nMSE 0.9771
[2026-05-01 20:41:15,123][src.modRNN.training.common][INFO] - 	 Starting Epoch: 9
[2026-05-01 20:41:15,443][src.modRNN.training.common][INFO] - train epoch 009 MSE 0.1354 nMSE 0.9581
[2026-05-01 20:41:15,444][src.modRNN.training.common][INFO] - 	 Starting Epoch: 10
[2026-05-01 20:41:15,765][src.modRNN.training.common][INFO] - train epoch 010 MSE 0.1162 nMSE 0.8218
[2026-05-01 20:41:15,765][src.modRNN.training.common][INFO] - 	 Starting Epoch: 11
[2026-05-01 20:41:16,086][src.modRNN.training.common][INFO] - train epoch 011 MSE 0.1520 nMSE 1.0753
[2026-05-01 20:41:16,087][src.modRNN.training.common][INFO] - 	 Starting Epoch: 12
[2026-05-01 20:41:16,408][src.modRNN.training.common][INFO] - train epoch 012 MSE 0.1722 nMSE 1.2184
[2026-05-01 20:41:16,409][src.modRNN.training.common][INFO] - 	 Starting Epoch: 13
[2026-05-01 20:41:16,730][src.modRNN.training.common][INFO] - train epoch 013 MSE 0.1419 nMSE 1.0042
[2026-05-01 20:41:16,731][src.modRNN.training.common][INFO] - 	 Starting Epoch: 14
[2026-05-01 20:41:17,052][src.modRNN.training.common][INFO] - train epoch 014 MSE 0.1372 nMSE 0.9703
[2026-05-01 20:41:17,053][src.modRNN.training.common][INFO] - 	 Starting Epoch: 15
[2026-05-01 20:41:17,373][src.modRNN.training.common][INFO] - train epoch 015 MSE 0.1325 nMSE 0.9376
[2026-05-01 20:41:17,374][src.modRNN.training.common][INFO] - 	 Starting Epoch: 16
[2026-05-01 20:41:17,694][src.modRNN.training.common][INFO] - train epoch 016 MSE 0.1223 nMSE 0.8651
[2026-05-01 20:41:17,695][src.modRNN.training.common][INFO] - 	 Starting Epoch: 17
[2026-05-01 20:41:18,016][src.modRNN.training.common][INFO] - train epoch 017 MSE 0.1196 nMSE 0.8461
[2026-05-01 20:41:18,017][src.modRNN.training.common][INFO] - 	 Starting Epoch: 18
[2026-05-01 20:41:18,337][src.modRNN.training.common][INFO] - train epoch 018 MSE 0.1192 nMSE 0.8430
[2026-05-01 20:41:18,338][src.modRNN.training.common][INFO] - 	 Starting Epoch: 19
[2026-05-01 20:41:18,660][src.modRNN.training.common][INFO] - train epoch 019 MSE 0.1188 nMSE 0.8405
[2026-05-01 20:41:18,661][src.modRNN.training.common][INFO] - 	 Starting Epoch: 20
[2026-05-01 20:41:18,981][src.modRNN.training.common][INFO] - train epoch 020 MSE 0.1245 nMSE 0.8807
[2026-05-01 20:41:18,982][src.modRNN.training.common][INFO] - 	 Starting Epoch: 21
[2026-05-01 20:41:19,304][src.modRNN.training.common][INFO] - train epoch 021 MSE 0.1285 nMSE 0.9094
[2026-05-01 20:41:19,304][src.modRNN.training.common][INFO] - 	 Starting Epoch: 22
[2026-05-01 20:41:19,626][src.modRNN.training.common][INFO] - train epoch 022 MSE 0.1337 nMSE 0.9456
[2026-05-01 20:41:19,626][src.modRNN.training.common][INFO] - 	 Starting Epoch: 23
[2026-05-01 20:41:19,948][src.modRNN.training.common][INFO] - train epoch 023 MSE 0.1341 nMSE 0.9487
[2026-05-01 20:41:19,949][src.modRNN.training.common][INFO] - 	 Starting Epoch: 24
[2026-05-01 20:41:20,270][src.modRNN.training.common][INFO] - train epoch 024 MSE 0.1305 nMSE 0.9233
[2026-05-01 20:41:20,270][src.modRNN.training.common][INFO] - 	 Starting Epoch: 25
[2026-05-01 20:41:20,592][src.modRNN.training.common][INFO] - train epoch 025 MSE 0.1332 nMSE 0.9425
[2026-05-01 20:41:20,593][src.modRNN.training.common][INFO] - 	 Starting Epoch: 26
[2026-05-01 20:41:20,914][src.modRNN.training.common][INFO] - train epoch 026 MSE 0.1362 nMSE 0.9635
[2026-05-01 20:41:20,959][src.modRNN.training.common][INFO] - eval  epoch 026 MSE 0.1361 nMSE 0.9630
[2026-05-01 20:41:20,960][src.modRNN.training.common][INFO] - 	 Starting Epoch: 27
[2026-05-01 20:41:21,282][src.modRNN.training.common][INFO] - train epoch 027 MSE 0.1361 nMSE 0.9630
[2026-05-01 20:41:21,283][src.modRNN.training.common][INFO] - 	 Starting Epoch: 28
[2026-05-01 20:41:21,605][src.modRNN.training.common][INFO] - train epoch 028 MSE 0.1361 nMSE 0.9629
[2026-05-01 20:41:21,606][src.modRNN.training.common][INFO] - 	 Starting Epoch: 29
[2026-05-01 20:41:21,928][src.modRNN.training.common][INFO] - train epoch 029 MSE 0.1356 nMSE 0.9590
[2026-05-01 20:41:21,929][src.modRNN.training.common][INFO] - 	 Starting Epoch: 30
[2026-05-01 20:41:22,251][src.modRNN.training.common][INFO] - train epoch 030 MSE 0.1335 nMSE 0.9442
[2026-05-01 20:41:22,252][src.modRNN.training.common][INFO] - 	 Starting Epoch: 31
[2026-05-01 20:41:22,572][src.modRNN.training.common][INFO] - train epoch 031 MSE 0.1300 nMSE 0.9194
[2026-05-01 20:41:22,573][src.modRNN.training.common][INFO] - 	 Starting Epoch: 32
[2026-05-01 20:41:22,894][src.modRNN.training.common][INFO] - train epoch 032 MSE 0.1177 nMSE 0.8327
[2026-05-01 20:41:22,895][src.modRNN.training.common][INFO] - 	 Starting Epoch: 33
[2026-05-01 20:41:23,215][src.modRNN.training.common][INFO] - train epoch 033 MSE 0.1136 nMSE 0.8037
[2026-05-01 20:41:23,216][src.modRNN.training.common][INFO] - 	 Starting Epoch: 34
[2026-05-01 20:41:23,536][src.modRNN.training.common][INFO] - train epoch 034 MSE 0.1138 nMSE 0.8048
[2026-05-01 20:41:23,537][src.modRNN.training.common][INFO] - 	 Starting Epoch: 35
[2026-05-01 20:41:23,857][src.modRNN.training.common][INFO] - train epoch 035 MSE 0.1039 nMSE 0.7348
[2026-05-01 20:41:23,857][src.modRNN.training.common][INFO] - 	 Starting Epoch: 36
[2026-05-01 20:41:24,177][src.modRNN.training.common][INFO] - train epoch 036 MSE 0.1151 nMSE 0.8142
[2026-05-01 20:41:24,178][src.modRNN.training.common][INFO] - 	 Starting Epoch: 37
[2026-05-01 20:41:24,499][src.modRNN.training.common][INFO] - train epoch 037 MSE 0.1242 nMSE 0.8784
[2026-05-01 20:41:24,500][src.modRNN.training.common][INFO] - 	 Starting Epoch: 38
[2026-05-01 20:41:24,821][src.modRNN.training.common][INFO] - train epoch 038 MSE 0.1139 nMSE 0.8055
[2026-05-01 20:41:24,822][src.modRNN.training.common][INFO] - 	 Starting Epoch: 39
[2026-05-01 20:41:25,142][src.modRNN.training.common][INFO] - train epoch 039 MSE 0.1270 nMSE 0.8982
[2026-05-01 20:41:25,143][src.modRNN.training.common][INFO] - 	 Starting Epoch: 40
[2026-05-01 20:41:25,464][src.modRNN.training.common][INFO] - train epoch 040 MSE 0.1143 nMSE 0.8088
[2026-05-01 20:41:25,465][src.modRNN.training.common][INFO] - 	 Starting Epoch: 41
[2026-05-01 20:41:25,787][src.modRNN.training.common][INFO] - train epoch 041 MSE 0.1070 nMSE 0.7569
[2026-05-01 20:41:25,788][src.modRNN.training.common][INFO] - 	 Starting Epoch: 42
[2026-05-01 20:41:26,109][src.modRNN.training.common][INFO] - train epoch 042 MSE 0.1080 nMSE 0.7643
[2026-05-01 20:41:26,109][src.modRNN.training.common][INFO] - 	 Starting Epoch: 43
[2026-05-01 20:41:26,431][src.modRNN.training.common][INFO] - train epoch 043 MSE 0.0953 nMSE 0.6740
[2026-05-01 20:41:26,431][src.modRNN.training.common][INFO] - 	 Starting Epoch: 44
[2026-05-01 20:41:26,752][src.modRNN.training.common][INFO] - train epoch 044 MSE 0.0873 nMSE 0.6179
[2026-05-01 20:41:26,753][src.modRNN.training.common][INFO] - 	 Starting Epoch: 45
[2026-05-01 20:41:27,074][src.modRNN.training.common][INFO] - train epoch 045 MSE 0.1002 nMSE 0.7085
[2026-05-01 20:41:27,075][src.modRNN.training.common][INFO] - 	 Starting Epoch: 46
[2026-05-01 20:41:27,422][src.modRNN.training.common][INFO] - train epoch 046 MSE 0.0841 nMSE 0.5950
[2026-05-01 20:41:27,423][src.modRNN.training.common][INFO] - 	 Starting Epoch: 47
[2026-05-01 20:41:27,782][src.modRNN.training.common][INFO] - train epoch 047 MSE 0.0963 nMSE 0.6816
[2026-05-01 20:41:27,784][src.modRNN.training.common][INFO] - 	 Starting Epoch: 48
[2026-05-01 20:41:28,115][src.modRNN.training.common][INFO] - train epoch 048 MSE 0.1006 nMSE 0.7117
[2026-05-01 20:41:28,116][src.modRNN.training.common][INFO] - 	 Starting Epoch: 49
[2026-05-01 20:41:28,437][src.modRNN.training.common][INFO] - train epoch 049 MSE 0.0884 nMSE 0.6258
[2026-05-01 20:41:28,438][src.modRNN.training.common][INFO] - 	 Starting Epoch: 50
[2026-05-01 20:41:28,758][src.modRNN.training.common][INFO] - train epoch 050 MSE 0.1029 nMSE 0.7276
[2026-05-01 20:41:28,759][src.modRNN.training.common][INFO] - 	 Starting Epoch: 51
[2026-05-01 20:41:29,081][src.modRNN.training.common][INFO] - train epoch 051 MSE 0.0813 nMSE 0.5754
[2026-05-01 20:41:29,127][src.modRNN.training.common][INFO] - eval  epoch 051 MSE 0.0835 nMSE 0.5906
[2026-05-01 20:41:29,128][src.modRNN.training.common][INFO] - 	 Starting Epoch: 52
[2026-05-01 20:41:29,449][src.modRNN.training.common][INFO] - train epoch 052 MSE 0.0835 nMSE 0.5906
[2026-05-01 20:41:29,450][src.modRNN.training.common][INFO] - 	 Starting Epoch: 53
[2026-05-01 20:41:29,770][src.modRNN.training.common][INFO] - train epoch 053 MSE 0.0692 nMSE 0.4897
[2026-05-01 20:41:29,771][src.modRNN.training.common][INFO] - 	 Starting Epoch: 54
[2026-05-01 20:41:30,092][src.modRNN.training.common][INFO] - train epoch 054 MSE 0.0719 nMSE 0.5085
[2026-05-01 20:41:30,093][src.modRNN.training.common][INFO] - 	 Starting Epoch: 55
[2026-05-01 20:41:30,413][src.modRNN.training.common][INFO] - train epoch 055 MSE 0.0743 nMSE 0.5257
[2026-05-01 20:41:30,413][src.modRNN.training.common][INFO] - 	 Starting Epoch: 56
[2026-05-01 20:41:30,734][src.modRNN.training.common][INFO] - train epoch 056 MSE 0.0677 nMSE 0.4790
[2026-05-01 20:41:30,735][src.modRNN.training.common][INFO] - 	 Starting Epoch: 57
[2026-05-01 20:41:31,055][src.modRNN.training.common][INFO] - train epoch 057 MSE 0.0698 nMSE 0.4940
[2026-05-01 20:41:31,056][src.modRNN.training.common][INFO] - 	 Starting Epoch: 58
[2026-05-01 20:41:31,374][src.modRNN.training.common][INFO] - train epoch 058 MSE 0.0666 nMSE 0.4711
[2026-05-01 20:41:31,375][src.modRNN.training.common][INFO] - 	 Starting Epoch: 59
[2026-05-01 20:41:31,692][src.modRNN.training.common][INFO] - train epoch 059 MSE 0.0743 nMSE 0.5260
[2026-05-01 20:41:31,693][src.modRNN.training.common][INFO] - 	 Starting Epoch: 60
[2026-05-01 20:41:32,011][src.modRNN.training.common][INFO] - train epoch 060 MSE 0.0651 nMSE 0.4606
[2026-05-01 20:41:32,012][src.modRNN.training.common][INFO] - 	 Starting Epoch: 61
[2026-05-01 20:41:32,331][src.modRNN.training.common][INFO] - train epoch 061 MSE 0.0656 nMSE 0.4640
[2026-05-01 20:41:32,331][src.modRNN.training.common][INFO] - 	 Starting Epoch: 62
[2026-05-01 20:41:32,650][src.modRNN.training.common][INFO] - train epoch 062 MSE 0.0632 nMSE 0.4472
[2026-05-01 20:41:32,651][src.modRNN.training.common][INFO] - 	 Starting Epoch: 63
[2026-05-01 20:41:32,969][src.modRNN.training.common][INFO] - train epoch 063 MSE 0.0599 nMSE 0.4235
[2026-05-01 20:41:32,970][src.modRNN.training.common][INFO] - 	 Starting Epoch: 64
[2026-05-01 20:41:33,289][src.modRNN.training.common][INFO] - train epoch 064 MSE 0.0658 nMSE 0.4653
[2026-05-01 20:41:33,290][src.modRNN.training.common][INFO] - 	 Starting Epoch: 65
[2026-05-01 20:41:33,609][src.modRNN.training.common][INFO] - train epoch 065 MSE 0.0593 nMSE 0.4196
[2026-05-01 20:41:33,610][src.modRNN.training.common][INFO] - 	 Starting Epoch: 66
[2026-05-01 20:41:33,929][src.modRNN.training.common][INFO] - train epoch 066 MSE 0.0686 nMSE 0.4851
[2026-05-01 20:41:33,930][src.modRNN.training.common][INFO] - 	 Starting Epoch: 67
[2026-05-01 20:41:34,248][src.modRNN.training.common][INFO] - train epoch 067 MSE 0.0578 nMSE 0.4087
[2026-05-01 20:41:34,248][src.modRNN.training.common][INFO] - 	 Starting Epoch: 68
[2026-05-01 20:41:34,566][src.modRNN.training.common][INFO] - train epoch 068 MSE 0.0647 nMSE 0.4580
[2026-05-01 20:41:34,567][src.modRNN.training.common][INFO] - 	 Starting Epoch: 69
[2026-05-01 20:41:34,886][src.modRNN.training.common][INFO] - train epoch 069 MSE 0.0580 nMSE 0.4105
[2026-05-01 20:41:34,887][src.modRNN.training.common][INFO] - 	 Starting Epoch: 70
[2026-05-01 20:41:35,205][src.modRNN.training.common][INFO] - train epoch 070 MSE 0.0606 nMSE 0.4288
[2026-05-01 20:41:35,206][src.modRNN.training.common][INFO] - 	 Starting Epoch: 71
[2026-05-01 20:41:35,525][src.modRNN.training.common][INFO] - train epoch 071 MSE 0.0578 nMSE 0.4089
[2026-05-01 20:41:35,526][src.modRNN.training.common][INFO] - 	 Starting Epoch: 72
[2026-05-01 20:41:35,845][src.modRNN.training.common][INFO] - train epoch 072 MSE 0.0577 nMSE 0.4079
[2026-05-01 20:41:35,847][src.modRNN.training.common][INFO] - 	 Starting Epoch: 73
[2026-05-01 20:41:36,165][src.modRNN.training.common][INFO] - train epoch 073 MSE 0.0590 nMSE 0.4176
[2026-05-01 20:41:36,166][src.modRNN.training.common][INFO] - 	 Starting Epoch: 74
[2026-05-01 20:41:36,484][src.modRNN.training.common][INFO] - train epoch 074 MSE 0.0578 nMSE 0.4092
[2026-05-01 20:41:36,485][src.modRNN.training.common][INFO] - 	 Starting Epoch: 75
[2026-05-01 20:41:36,803][src.modRNN.training.common][INFO] - train epoch 075 MSE 0.0593 nMSE 0.4194
[2026-05-01 20:41:36,803][src.modRNN.training.common][INFO] - 	 Starting Epoch: 76
[2026-05-01 20:41:37,122][src.modRNN.training.common][INFO] - train epoch 076 MSE 0.0544 nMSE 0.3846
[2026-05-01 20:41:37,166][src.modRNN.training.common][INFO] - eval  epoch 076 MSE 0.0565 nMSE 0.3998
[2026-05-01 20:41:37,167][src.modRNN.training.common][INFO] - 	 Starting Epoch: 77
[2026-05-01 20:41:37,485][src.modRNN.training.common][INFO] - train epoch 077 MSE 0.0565 nMSE 0.3998
[2026-05-01 20:41:37,485][src.modRNN.training.common][INFO] - 	 Starting Epoch: 78
[2026-05-01 20:41:37,805][src.modRNN.training.common][INFO] - train epoch 078 MSE 0.0525 nMSE 0.3712
[2026-05-01 20:41:37,806][src.modRNN.training.common][INFO] - 	 Starting Epoch: 79
[2026-05-01 20:41:38,125][src.modRNN.training.common][INFO] - train epoch 079 MSE 0.0551 nMSE 0.3897
[2026-05-01 20:41:38,125][src.modRNN.training.common][INFO] - 	 Starting Epoch: 80
[2026-05-01 20:41:38,443][src.modRNN.training.common][INFO] - train epoch 080 MSE 0.0495 nMSE 0.3505
[2026-05-01 20:41:38,444][src.modRNN.training.common][INFO] - 	 Starting Epoch: 81
[2026-05-01 20:41:38,763][src.modRNN.training.common][INFO] - train epoch 081 MSE 0.0563 nMSE 0.3986
[2026-05-01 20:41:38,764][src.modRNN.training.common][INFO] - 	 Starting Epoch: 82
[2026-05-01 20:41:39,082][src.modRNN.training.common][INFO] - train epoch 082 MSE 0.0482 nMSE 0.3410
[2026-05-01 20:41:39,082][src.modRNN.training.common][INFO] - 	 Starting Epoch: 83
[2026-05-01 20:41:39,400][src.modRNN.training.common][INFO] - train epoch 083 MSE 0.0549 nMSE 0.3885
[2026-05-01 20:41:39,401][src.modRNN.training.common][INFO] - 	 Starting Epoch: 84
[2026-05-01 20:41:39,719][src.modRNN.training.common][INFO] - train epoch 084 MSE 0.0513 nMSE 0.3632
[2026-05-01 20:41:39,720][src.modRNN.training.common][INFO] - 	 Starting Epoch: 85
[2026-05-01 20:41:40,038][src.modRNN.training.common][INFO] - train epoch 085 MSE 0.0532 nMSE 0.3762
[2026-05-01 20:41:40,039][src.modRNN.training.common][INFO] - 	 Starting Epoch: 86
[2026-05-01 20:41:40,358][src.modRNN.training.common][INFO] - train epoch 086 MSE 0.0479 nMSE 0.3388
[2026-05-01 20:41:40,359][src.modRNN.training.common][INFO] - 	 Starting Epoch: 87
[2026-05-01 20:41:40,677][src.modRNN.training.common][INFO] - train epoch 087 MSE 0.0482 nMSE 0.3414
[2026-05-01 20:41:40,678][src.modRNN.training.common][INFO] - 	 Starting Epoch: 88
[2026-05-01 20:41:40,996][src.modRNN.training.common][INFO] - train epoch 088 MSE 0.0464 nMSE 0.3286
[2026-05-01 20:41:40,997][src.modRNN.training.common][INFO] - 	 Starting Epoch: 89
[2026-05-01 20:41:41,315][src.modRNN.training.common][INFO] - train epoch 089 MSE 0.0467 nMSE 0.3300
[2026-05-01 20:41:41,316][src.modRNN.training.common][INFO] - 	 Starting Epoch: 90
[2026-05-01 20:41:41,635][src.modRNN.training.common][INFO] - train epoch 090 MSE 0.0507 nMSE 0.3584
[2026-05-01 20:41:41,636][src.modRNN.training.common][INFO] - 	 Starting Epoch: 91
[2026-05-01 20:41:41,954][src.modRNN.training.common][INFO] - train epoch 091 MSE 0.0484 nMSE 0.3426
[2026-05-01 20:41:41,955][src.modRNN.training.common][INFO] - 	 Starting Epoch: 92
[2026-05-01 20:41:42,273][src.modRNN.training.common][INFO] - train epoch 092 MSE 0.0466 nMSE 0.3296
[2026-05-01 20:41:42,273][src.modRNN.training.common][INFO] - 	 Starting Epoch: 93
[2026-05-01 20:41:42,592][src.modRNN.training.common][INFO] - train epoch 093 MSE 0.0452 nMSE 0.3197
[2026-05-01 20:41:42,593][src.modRNN.training.common][INFO] - 	 Starting Epoch: 94
[2026-05-01 20:41:42,912][src.modRNN.training.common][INFO] - train epoch 094 MSE 0.0426 nMSE 0.3013
[2026-05-01 20:41:42,913][src.modRNN.training.common][INFO] - 	 Starting Epoch: 95
[2026-05-01 20:41:43,231][src.modRNN.training.common][INFO] - train epoch 095 MSE 0.0427 nMSE 0.3021
[2026-05-01 20:41:43,231][src.modRNN.training.common][INFO] - 	 Starting Epoch: 96
[2026-05-01 20:41:43,551][src.modRNN.training.common][INFO] - train epoch 096 MSE 0.0411 nMSE 0.2906
[2026-05-01 20:41:43,551][src.modRNN.training.common][INFO] - 	 Starting Epoch: 97
[2026-05-01 20:41:43,871][src.modRNN.training.common][INFO] - train epoch 097 MSE 0.0422 nMSE 0.2983
[2026-05-01 20:41:43,871][src.modRNN.training.common][INFO] - 	 Starting Epoch: 98
[2026-05-01 20:41:44,190][src.modRNN.training.common][INFO] - train epoch 098 MSE 0.0442 nMSE 0.3126
[2026-05-01 20:41:44,191][src.modRNN.training.common][INFO] - 	 Starting Epoch: 99
[2026-05-01 20:41:44,509][src.modRNN.training.common][INFO] - train epoch 099 MSE 0.0409 nMSE 0.2891
[2026-05-01 20:41:44,510][src.modRNN.training.common][INFO] - 	 Starting Epoch: 100
[2026-05-01 20:41:44,829][src.modRNN.training.common][INFO] - train epoch 100 MSE 0.0419 nMSE 0.2964
[2026-05-01 20:41:44,829][src.modRNN.training.common][INFO] - 	 Starting Epoch: 101
[2026-05-01 20:41:45,148][src.modRNN.training.common][INFO] - train epoch 101 MSE 0.0403 nMSE 0.2848
[2026-05-01 20:41:45,193][src.modRNN.training.common][INFO] - eval  epoch 101 MSE 0.0401 nMSE 0.2839
[2026-05-01 20:41:45,193][src.modRNN.training.common][INFO] - 	 Starting Epoch: 102
[2026-05-01 20:41:45,513][src.modRNN.training.common][INFO] - train epoch 102 MSE 0.0401 nMSE 0.2839
[2026-05-01 20:41:45,514][src.modRNN.training.common][INFO] - 	 Starting Epoch: 103
[2026-05-01 20:41:45,833][src.modRNN.training.common][INFO] - train epoch 103 MSE 0.0415 nMSE 0.2935
[2026-05-01 20:41:45,833][src.modRNN.training.common][INFO] - 	 Starting Epoch: 104
[2026-05-01 20:41:46,153][src.modRNN.training.common][INFO] - train epoch 104 MSE 0.0407 nMSE 0.2881
[2026-05-01 20:41:46,154][src.modRNN.training.common][INFO] - 	 Starting Epoch: 105
[2026-05-01 20:41:46,473][src.modRNN.training.common][INFO] - train epoch 105 MSE 0.0406 nMSE 0.2876
[2026-05-01 20:41:46,474][src.modRNN.training.common][INFO] - 	 Starting Epoch: 106
[2026-05-01 20:41:46,792][src.modRNN.training.common][INFO] - train epoch 106 MSE 0.0385 nMSE 0.2720
[2026-05-01 20:41:46,793][src.modRNN.training.common][INFO] - 	 Starting Epoch: 107
[2026-05-01 20:41:47,111][src.modRNN.training.common][INFO] - train epoch 107 MSE 0.0379 nMSE 0.2684
[2026-05-01 20:41:47,111][src.modRNN.training.common][INFO] - 	 Starting Epoch: 108
[2026-05-01 20:41:47,430][src.modRNN.training.common][INFO] - train epoch 108 MSE 0.0372 nMSE 0.2631
[2026-05-01 20:41:47,431][src.modRNN.training.common][INFO] - 	 Starting Epoch: 109
[2026-05-01 20:41:47,749][src.modRNN.training.common][INFO] - train epoch 109 MSE 0.0375 nMSE 0.2650
[2026-05-01 20:41:47,750][src.modRNN.training.common][INFO] - 	 Starting Epoch: 110
[2026-05-01 20:41:48,069][src.modRNN.training.common][INFO] - train epoch 110 MSE 0.0362 nMSE 0.2558
[2026-05-01 20:41:48,069][src.modRNN.training.common][INFO] - 	 Starting Epoch: 111
[2026-05-01 20:41:48,388][src.modRNN.training.common][INFO] - train epoch 111 MSE 0.0372 nMSE 0.2633
[2026-05-01 20:41:48,388][src.modRNN.training.common][INFO] - 	 Starting Epoch: 112
[2026-05-01 20:41:48,706][src.modRNN.training.common][INFO] - train epoch 112 MSE 0.0361 nMSE 0.2555
[2026-05-01 20:41:48,706][src.modRNN.training.common][INFO] - 	 Starting Epoch: 113
[2026-05-01 20:41:49,025][src.modRNN.training.common][INFO] - train epoch 113 MSE 0.0355 nMSE 0.2514
[2026-05-01 20:41:49,026][src.modRNN.training.common][INFO] - 	 Starting Epoch: 114
[2026-05-01 20:41:49,344][src.modRNN.training.common][INFO] - train epoch 114 MSE 0.0343 nMSE 0.2427
[2026-05-01 20:41:49,344][src.modRNN.training.common][INFO] - 	 Starting Epoch: 115
[2026-05-01 20:41:49,662][src.modRNN.training.common][INFO] - train epoch 115 MSE 0.0369 nMSE 0.2612
[2026-05-01 20:41:49,663][src.modRNN.training.common][INFO] - 	 Starting Epoch: 116
[2026-05-01 20:41:49,981][src.modRNN.training.common][INFO] - train epoch 116 MSE 0.0391 nMSE 0.2767
[2026-05-01 20:41:49,982][src.modRNN.training.common][INFO] - 	 Starting Epoch: 117
[2026-05-01 20:41:50,299][src.modRNN.training.common][INFO] - train epoch 117 MSE 0.0345 nMSE 0.2438
[2026-05-01 20:41:50,300][src.modRNN.training.common][INFO] - 	 Starting Epoch: 118
[2026-05-01 20:41:50,618][src.modRNN.training.common][INFO] - train epoch 118 MSE 0.0412 nMSE 0.2914
[2026-05-01 20:41:50,619][src.modRNN.training.common][INFO] - 	 Starting Epoch: 119
[2026-05-01 20:41:50,940][src.modRNN.training.common][INFO] - train epoch 119 MSE 0.0361 nMSE 0.2551
[2026-05-01 20:41:50,940][src.modRNN.training.common][INFO] - 	 Starting Epoch: 120
[2026-05-01 20:41:51,260][src.modRNN.training.common][INFO] - train epoch 120 MSE 0.0343 nMSE 0.2426
[2026-05-01 20:41:51,261][src.modRNN.training.common][INFO] - 	 Starting Epoch: 121
[2026-05-01 20:41:51,580][src.modRNN.training.common][INFO] - train epoch 121 MSE 0.0328 nMSE 0.2321
[2026-05-01 20:41:51,580][src.modRNN.training.common][INFO] - 	 Starting Epoch: 122
[2026-05-01 20:41:51,900][src.modRNN.training.common][INFO] - train epoch 122 MSE 0.0357 nMSE 0.2528
[2026-05-01 20:41:51,901][src.modRNN.training.common][INFO] - 	 Starting Epoch: 123
[2026-05-01 20:41:52,220][src.modRNN.training.common][INFO] - train epoch 123 MSE 0.0364 nMSE 0.2572
[2026-05-01 20:41:52,221][src.modRNN.training.common][INFO] - 	 Starting Epoch: 124
[2026-05-01 20:41:52,540][src.modRNN.training.common][INFO] - train epoch 124 MSE 0.0335 nMSE 0.2372
[2026-05-01 20:41:52,541][src.modRNN.training.common][INFO] - 	 Starting Epoch: 125
[2026-05-01 20:41:52,860][src.modRNN.training.common][INFO] - train epoch 125 MSE 0.0361 nMSE 0.2555
[2026-05-01 20:41:52,860][src.modRNN.training.common][INFO] - 	 Starting Epoch: 126
[2026-05-01 20:41:53,179][src.modRNN.training.common][INFO] - train epoch 126 MSE 0.0352 nMSE 0.2493
[2026-05-01 20:41:53,224][src.modRNN.training.common][INFO] - eval  epoch 126 MSE 0.0321 nMSE 0.2270
[2026-05-01 20:41:53,224][src.modRNN.training.common][INFO] - 	 Starting Epoch: 127
[2026-05-01 20:41:53,545][src.modRNN.training.common][INFO] - train epoch 127 MSE 0.0321 nMSE 0.2270
[2026-05-01 20:41:53,545][src.modRNN.training.common][INFO] - 	 Starting Epoch: 128
[2026-05-01 20:41:53,865][src.modRNN.training.common][INFO] - train epoch 128 MSE 0.0350 nMSE 0.2476
[2026-05-01 20:41:53,866][src.modRNN.training.common][INFO] - 	 Starting Epoch: 129
[2026-05-01 20:41:54,185][src.modRNN.training.common][INFO] - train epoch 129 MSE 0.0354 nMSE 0.2502
[2026-05-01 20:41:54,185][src.modRNN.training.common][INFO] - 	 Starting Epoch: 130
[2026-05-01 20:41:54,505][src.modRNN.training.common][INFO] - train epoch 130 MSE 0.0340 nMSE 0.2403
[2026-05-01 20:41:54,506][src.modRNN.training.common][INFO] - 	 Starting Epoch: 131
[2026-05-01 20:41:54,827][src.modRNN.training.common][INFO] - train epoch 131 MSE 0.0376 nMSE 0.2663
[2026-05-01 20:41:54,828][src.modRNN.training.common][INFO] - 	 Starting Epoch: 132
[2026-05-01 20:41:55,149][src.modRNN.training.common][INFO] - train epoch 132 MSE 0.0295 nMSE 0.2087
[2026-05-01 20:41:55,150][src.modRNN.training.common][INFO] - 	 Starting Epoch: 133
[2026-05-01 20:41:55,469][src.modRNN.training.common][INFO] - train epoch 133 MSE 0.0358 nMSE 0.2531
[2026-05-01 20:41:55,470][src.modRNN.training.common][INFO] - 	 Starting Epoch: 134
[2026-05-01 20:41:55,789][src.modRNN.training.common][INFO] - train epoch 134 MSE 0.0330 nMSE 0.2336
[2026-05-01 20:41:55,790][src.modRNN.training.common][INFO] - 	 Starting Epoch: 135
[2026-05-01 20:41:56,110][src.modRNN.training.common][INFO] - train epoch 135 MSE 0.0355 nMSE 0.2512
[2026-05-01 20:41:56,110][src.modRNN.training.common][INFO] - 	 Starting Epoch: 136
[2026-05-01 20:41:56,430][src.modRNN.training.common][INFO] - train epoch 136 MSE 0.0268 nMSE 0.1894
[2026-05-01 20:41:56,430][src.modRNN.training.common][INFO] - 	 Starting Epoch: 137
[2026-05-01 20:41:56,750][src.modRNN.training.common][INFO] - train epoch 137 MSE 0.0317 nMSE 0.2244
[2026-05-01 20:41:56,751][src.modRNN.training.common][INFO] - 	 Starting Epoch: 138
[2026-05-01 20:41:57,070][src.modRNN.training.common][INFO] - train epoch 138 MSE 0.0286 nMSE 0.2022
[2026-05-01 20:41:57,071][src.modRNN.training.common][INFO] - 	 Starting Epoch: 139
[2026-05-01 20:41:57,391][src.modRNN.training.common][INFO] - train epoch 139 MSE 0.0351 nMSE 0.2483
[2026-05-01 20:41:57,392][src.modRNN.training.common][INFO] - 	 Starting Epoch: 140
[2026-05-01 20:41:57,711][src.modRNN.training.common][INFO] - train epoch 140 MSE 0.0302 nMSE 0.2140
[2026-05-01 20:41:57,712][src.modRNN.training.common][INFO] - 	 Starting Epoch: 141
[2026-05-01 20:41:58,030][src.modRNN.training.common][INFO] - train epoch 141 MSE 0.0306 nMSE 0.2165
[2026-05-01 20:41:58,031][src.modRNN.training.common][INFO] - 	 Starting Epoch: 142
[2026-05-01 20:41:58,351][src.modRNN.training.common][INFO] - train epoch 142 MSE 0.0316 nMSE 0.2236
[2026-05-01 20:41:58,352][src.modRNN.training.common][INFO] - 	 Starting Epoch: 143
[2026-05-01 20:41:58,670][src.modRNN.training.common][INFO] - train epoch 143 MSE 0.0300 nMSE 0.2122
[2026-05-01 20:41:58,671][src.modRNN.training.common][INFO] - 	 Starting Epoch: 144
[2026-05-01 20:41:58,991][src.modRNN.training.common][INFO] - train epoch 144 MSE 0.0319 nMSE 0.2255
[2026-05-01 20:41:58,992][src.modRNN.training.common][INFO] - 	 Starting Epoch: 145
[2026-05-01 20:41:59,310][src.modRNN.training.common][INFO] - train epoch 145 MSE 0.0306 nMSE 0.2165
[2026-05-01 20:41:59,311][src.modRNN.training.common][INFO] - 	 Starting Epoch: 146
[2026-05-01 20:41:59,630][src.modRNN.training.common][INFO] - train epoch 146 MSE 0.0324 nMSE 0.2291
[2026-05-01 20:41:59,630][src.modRNN.training.common][INFO] - 	 Starting Epoch: 147
[2026-05-01 20:41:59,950][src.modRNN.training.common][INFO] - train epoch 147 MSE 0.0252 nMSE 0.1779
[2026-05-01 20:41:59,951][src.modRNN.training.common][INFO] - 	 Starting Epoch: 148
[2026-05-01 20:42:00,270][src.modRNN.training.common][INFO] - train epoch 148 MSE 0.0263 nMSE 0.1859
[2026-05-01 20:42:00,271][src.modRNN.training.common][INFO] - 	 Starting Epoch: 149
[2026-05-01 20:42:00,591][src.modRNN.training.common][INFO] - train epoch 149 MSE 0.0255 nMSE 0.1807
[2026-05-01 20:42:00,592][src.modRNN.training.common][INFO] - 	 Starting Epoch: 150
[2026-05-01 20:42:00,911][src.modRNN.training.common][INFO] - train epoch 150 MSE 0.0293 nMSE 0.2073
[2026-05-01 20:42:00,912][src.modRNN.training.common][INFO] - 	 Starting Epoch: 151
[2026-05-01 20:42:01,232][src.modRNN.training.common][INFO] - train epoch 151 MSE 0.0268 nMSE 0.1897
[2026-05-01 20:42:01,277][src.modRNN.training.common][INFO] - eval  epoch 151 MSE 0.0264 nMSE 0.1870
[2026-05-01 20:42:01,278][src.modRNN.training.common][INFO] - 	 Starting Epoch: 152
[2026-05-01 20:42:01,598][src.modRNN.training.common][INFO] - train epoch 152 MSE 0.0264 nMSE 0.1870
[2026-05-01 20:42:01,599][src.modRNN.training.common][INFO] - 	 Starting Epoch: 153
[2026-05-01 20:42:01,918][src.modRNN.training.common][INFO] - train epoch 153 MSE 0.0247 nMSE 0.1747
[2026-05-01 20:42:01,919][src.modRNN.training.common][INFO] - 	 Starting Epoch: 154
[2026-05-01 20:42:02,240][src.modRNN.training.common][INFO] - train epoch 154 MSE 0.0251 nMSE 0.1778
[2026-05-01 20:42:02,241][src.modRNN.training.common][INFO] - 	 Starting Epoch: 155
[2026-05-01 20:42:02,562][src.modRNN.training.common][INFO] - train epoch 155 MSE 0.0244 nMSE 0.1723
[2026-05-01 20:42:02,563][src.modRNN.training.common][INFO] - 	 Starting Epoch: 156
[2026-05-01 20:42:02,885][src.modRNN.training.common][INFO] - train epoch 156 MSE 0.0275 nMSE 0.1946
[2026-05-01 20:42:02,886][src.modRNN.training.common][INFO] - 	 Starting Epoch: 157
[2026-05-01 20:42:03,207][src.modRNN.training.common][INFO] - train epoch 157 MSE 0.0261 nMSE 0.1847
[2026-05-01 20:42:03,208][src.modRNN.training.common][INFO] - 	 Starting Epoch: 158
[2026-05-01 20:42:03,530][src.modRNN.training.common][INFO] - train epoch 158 MSE 0.0243 nMSE 0.1716
[2026-05-01 20:42:03,531][src.modRNN.training.common][INFO] - 	 Starting Epoch: 159
[2026-05-01 20:42:03,852][src.modRNN.training.common][INFO] - train epoch 159 MSE 0.0244 nMSE 0.1728
[2026-05-01 20:42:03,852][src.modRNN.training.common][INFO] - 	 Starting Epoch: 160
[2026-05-01 20:42:04,174][src.modRNN.training.common][INFO] - train epoch 160 MSE 0.0254 nMSE 0.1798
[2026-05-01 20:42:04,175][src.modRNN.training.common][INFO] - 	 Starting Epoch: 161
[2026-05-01 20:42:04,496][src.modRNN.training.common][INFO] - train epoch 161 MSE 0.0221 nMSE 0.1567
[2026-05-01 20:42:04,497][src.modRNN.training.common][INFO] - 	 Starting Epoch: 162
[2026-05-01 20:42:04,819][src.modRNN.training.common][INFO] - train epoch 162 MSE 0.0225 nMSE 0.1591
[2026-05-01 20:42:04,820][src.modRNN.training.common][INFO] - 	 Starting Epoch: 163
[2026-05-01 20:42:05,142][src.modRNN.training.common][INFO] - train epoch 163 MSE 0.0224 nMSE 0.1587
[2026-05-01 20:42:05,143][src.modRNN.training.common][INFO] - 	 Starting Epoch: 164
[2026-05-01 20:42:05,464][src.modRNN.training.common][INFO] - train epoch 164 MSE 0.0235 nMSE 0.1666
[2026-05-01 20:42:05,465][src.modRNN.training.common][INFO] - 	 Starting Epoch: 165
[2026-05-01 20:42:05,787][src.modRNN.training.common][INFO] - train epoch 165 MSE 0.0219 nMSE 0.1551
[2026-05-01 20:42:05,788][src.modRNN.training.common][INFO] - 	 Starting Epoch: 166
[2026-05-01 20:42:06,109][src.modRNN.training.common][INFO] - train epoch 166 MSE 0.0239 nMSE 0.1692
[2026-05-01 20:42:06,110][src.modRNN.training.common][INFO] - 	 Starting Epoch: 167
[2026-05-01 20:42:06,432][src.modRNN.training.common][INFO] - train epoch 167 MSE 0.0225 nMSE 0.1589
[2026-05-01 20:42:06,433][src.modRNN.training.common][INFO] - 	 Starting Epoch: 168
[2026-05-01 20:42:06,754][src.modRNN.training.common][INFO] - train epoch 168 MSE 0.0215 nMSE 0.1519
[2026-05-01 20:42:06,755][src.modRNN.training.common][INFO] - 	 Starting Epoch: 169
[2026-05-01 20:42:07,077][src.modRNN.training.common][INFO] - train epoch 169 MSE 0.0217 nMSE 0.1532
[2026-05-01 20:42:07,078][src.modRNN.training.common][INFO] - 	 Starting Epoch: 170
[2026-05-01 20:42:07,400][src.modRNN.training.common][INFO] - train epoch 170 MSE 0.0225 nMSE 0.1592
[2026-05-01 20:42:07,401][src.modRNN.training.common][INFO] - 	 Starting Epoch: 171
[2026-05-01 20:42:07,722][src.modRNN.training.common][INFO] - train epoch 171 MSE 0.0207 nMSE 0.1465
[2026-05-01 20:42:07,723][src.modRNN.training.common][INFO] - 	 Starting Epoch: 172
[2026-05-01 20:42:08,045][src.modRNN.training.common][INFO] - train epoch 172 MSE 0.0227 nMSE 0.1606
[2026-05-01 20:42:08,046][src.modRNN.training.common][INFO] - 	 Starting Epoch: 173
[2026-05-01 20:42:08,368][src.modRNN.training.common][INFO] - train epoch 173 MSE 0.0216 nMSE 0.1528
[2026-05-01 20:42:08,368][src.modRNN.training.common][INFO] - 	 Starting Epoch: 174
[2026-05-01 20:42:08,690][src.modRNN.training.common][INFO] - train epoch 174 MSE 0.0266 nMSE 0.1881
[2026-05-01 20:42:08,691][src.modRNN.training.common][INFO] - 	 Starting Epoch: 175
[2026-05-01 20:42:09,013][src.modRNN.training.common][INFO] - train epoch 175 MSE 0.0217 nMSE 0.1536
[2026-05-01 20:42:09,014][src.modRNN.training.common][INFO] - 	 Starting Epoch: 176
[2026-05-01 20:42:09,335][src.modRNN.training.common][INFO] - train epoch 176 MSE 0.0229 nMSE 0.1621
[2026-05-01 20:42:09,381][src.modRNN.training.common][INFO] - eval  epoch 176 MSE 0.0225 nMSE 0.1591
[2026-05-01 20:42:09,381][src.modRNN.training.common][INFO] - 	 Starting Epoch: 177
[2026-05-01 20:42:09,704][src.modRNN.training.common][INFO] - train epoch 177 MSE 0.0225 nMSE 0.1591
[2026-05-01 20:42:09,705][src.modRNN.training.common][INFO] - 	 Starting Epoch: 178
[2026-05-01 20:42:10,027][src.modRNN.training.common][INFO] - train epoch 178 MSE 0.0242 nMSE 0.1711
[2026-05-01 20:42:10,028][src.modRNN.training.common][INFO] - 	 Starting Epoch: 179
[2026-05-01 20:42:10,350][src.modRNN.training.common][INFO] - train epoch 179 MSE 0.0280 nMSE 0.1980
[2026-05-01 20:42:10,351][src.modRNN.training.common][INFO] - 	 Starting Epoch: 180
[2026-05-01 20:42:10,673][src.modRNN.training.common][INFO] - train epoch 180 MSE 0.0223 nMSE 0.1579
[2026-05-01 20:42:10,674][src.modRNN.training.common][INFO] - 	 Starting Epoch: 181
[2026-05-01 20:42:10,996][src.modRNN.training.common][INFO] - train epoch 181 MSE 0.0268 nMSE 0.1896
[2026-05-01 20:42:10,997][src.modRNN.training.common][INFO] - 	 Starting Epoch: 182
[2026-05-01 20:42:11,320][src.modRNN.training.common][INFO] - train epoch 182 MSE 0.0216 nMSE 0.1525
[2026-05-01 20:42:11,320][src.modRNN.training.common][INFO] - 	 Starting Epoch: 183
[2026-05-01 20:42:11,643][src.modRNN.training.common][INFO] - train epoch 183 MSE 0.0233 nMSE 0.1650
[2026-05-01 20:42:11,643][src.modRNN.training.common][INFO] - 	 Starting Epoch: 184
[2026-05-01 20:42:11,966][src.modRNN.training.common][INFO] - train epoch 184 MSE 0.0226 nMSE 0.1599
[2026-05-01 20:42:11,967][src.modRNN.training.common][INFO] - 	 Starting Epoch: 185
[2026-05-01 20:42:12,289][src.modRNN.training.common][INFO] - train epoch 185 MSE 0.0209 nMSE 0.1480
[2026-05-01 20:42:12,290][src.modRNN.training.common][INFO] - 	 Starting Epoch: 186
[2026-05-01 20:42:12,612][src.modRNN.training.common][INFO] - train epoch 186 MSE 0.0208 nMSE 0.1468
[2026-05-01 20:42:12,613][src.modRNN.training.common][INFO] - 	 Starting Epoch: 187
[2026-05-01 20:42:12,935][src.modRNN.training.common][INFO] - train epoch 187 MSE 0.0195 nMSE 0.1381
[2026-05-01 20:42:12,935][src.modRNN.training.common][INFO] - 	 Starting Epoch: 188
[2026-05-01 20:42:13,258][src.modRNN.training.common][INFO] - train epoch 188 MSE 0.0299 nMSE 0.2115
[2026-05-01 20:42:13,258][src.modRNN.training.common][INFO] - 	 Starting Epoch: 189
[2026-05-01 20:42:13,580][src.modRNN.training.common][INFO] - train epoch 189 MSE 0.0192 nMSE 0.1358
[2026-05-01 20:42:13,581][src.modRNN.training.common][INFO] - 	 Starting Epoch: 190
[2026-05-01 20:42:13,903][src.modRNN.training.common][INFO] - train epoch 190 MSE 0.0218 nMSE 0.1546
[2026-05-01 20:42:13,903][src.modRNN.training.common][INFO] - 	 Starting Epoch: 191
[2026-05-01 20:42:14,226][src.modRNN.training.common][INFO] - train epoch 191 MSE 0.0190 nMSE 0.1346
[2026-05-01 20:42:14,226][src.modRNN.training.common][INFO] - 	 Starting Epoch: 192
[2026-05-01 20:42:14,548][src.modRNN.training.common][INFO] - train epoch 192 MSE 0.0264 nMSE 0.1870
[2026-05-01 20:42:14,549][src.modRNN.training.common][INFO] - 	 Starting Epoch: 193
[2026-05-01 20:42:14,871][src.modRNN.training.common][INFO] - train epoch 193 MSE 0.0225 nMSE 0.1592
[2026-05-01 20:42:14,871][src.modRNN.training.common][INFO] - 	 Starting Epoch: 194
[2026-05-01 20:42:15,194][src.modRNN.training.common][INFO] - train epoch 194 MSE 0.0212 nMSE 0.1501
[2026-05-01 20:42:15,195][src.modRNN.training.common][INFO] - 	 Starting Epoch: 195
[2026-05-01 20:42:15,516][src.modRNN.training.common][INFO] - train epoch 195 MSE 0.0227 nMSE 0.1605
[2026-05-01 20:42:15,517][src.modRNN.training.common][INFO] - 	 Starting Epoch: 196
[2026-05-01 20:42:15,839][src.modRNN.training.common][INFO] - train epoch 196 MSE 0.0215 nMSE 0.1524
[2026-05-01 20:42:15,840][src.modRNN.training.common][INFO] - 	 Starting Epoch: 197
[2026-05-01 20:42:16,162][src.modRNN.training.common][INFO] - train epoch 197 MSE 0.0202 nMSE 0.1432
[2026-05-01 20:42:16,163][src.modRNN.training.common][INFO] - 	 Starting Epoch: 198
[2026-05-01 20:42:16,485][src.modRNN.training.common][INFO] - train epoch 198 MSE 0.0219 nMSE 0.1551
[2026-05-01 20:42:16,486][src.modRNN.training.common][INFO] - 	 Starting Epoch: 199
[2026-05-01 20:42:16,807][src.modRNN.training.common][INFO] - train epoch 199 MSE 0.0218 nMSE 0.1541
[2026-05-01 20:42:16,807][src.modRNN.training.common][INFO] - 	 Starting Epoch: 200
[2026-05-01 20:42:17,129][src.modRNN.training.common][INFO] - train epoch 200 MSE 0.0235 nMSE 0.1663
[2026-05-01 20:42:17,130][src.modRNN.training.common][INFO] - 	 Starting Epoch: 201
[2026-05-01 20:42:17,452][src.modRNN.training.common][INFO] - train epoch 201 MSE 0.0262 nMSE 0.1854
[2026-05-01 20:42:17,497][src.modRNN.training.common][INFO] - eval  epoch 201 MSE 0.0178 nMSE 0.1263
[2026-05-01 20:42:17,498][src.modRNN.training.common][INFO] - 	 Starting Epoch: 202
[2026-05-01 20:42:17,820][src.modRNN.training.common][INFO] - train epoch 202 MSE 0.0178 nMSE 0.1263
[2026-05-01 20:42:17,821][src.modRNN.training.common][INFO] - 	 Starting Epoch: 203
[2026-05-01 20:42:18,142][src.modRNN.training.common][INFO] - train epoch 203 MSE 0.0283 nMSE 0.2003
[2026-05-01 20:42:18,143][src.modRNN.training.common][INFO] - 	 Starting Epoch: 204
[2026-05-01 20:42:18,464][src.modRNN.training.common][INFO] - train epoch 204 MSE 0.0178 nMSE 0.1263
[2026-05-01 20:42:18,465][src.modRNN.training.common][INFO] - 	 Starting Epoch: 205
[2026-05-01 20:42:18,786][src.modRNN.training.common][INFO] - train epoch 205 MSE 0.0236 nMSE 0.1672
[2026-05-01 20:42:18,787][src.modRNN.training.common][INFO] - 	 Starting Epoch: 206
[2026-05-01 20:42:19,109][src.modRNN.training.common][INFO] - train epoch 206 MSE 0.0184 nMSE 0.1299
[2026-05-01 20:42:19,110][src.modRNN.training.common][INFO] - 	 Starting Epoch: 207
[2026-05-01 20:42:19,431][src.modRNN.training.common][INFO] - train epoch 207 MSE 0.0209 nMSE 0.1478
[2026-05-01 20:42:19,432][src.modRNN.training.common][INFO] - 	 Starting Epoch: 208
[2026-05-01 20:42:19,754][src.modRNN.training.common][INFO] - train epoch 208 MSE 0.0169 nMSE 0.1192
[2026-05-01 20:42:19,755][src.modRNN.training.common][INFO] - 	 Starting Epoch: 209
[2026-05-01 20:42:20,076][src.modRNN.training.common][INFO] - train epoch 209 MSE 0.0256 nMSE 0.1813
[2026-05-01 20:42:20,077][src.modRNN.training.common][INFO] - 	 Starting Epoch: 210
[2026-05-01 20:42:20,400][src.modRNN.training.common][INFO] - train epoch 210 MSE 0.0186 nMSE 0.1319
[2026-05-01 20:42:20,400][src.modRNN.training.common][INFO] - 	 Starting Epoch: 211
[2026-05-01 20:42:20,722][src.modRNN.training.common][INFO] - train epoch 211 MSE 0.0243 nMSE 0.1721
[2026-05-01 20:42:20,723][src.modRNN.training.common][INFO] - 	 Starting Epoch: 212
[2026-05-01 20:42:21,044][src.modRNN.training.common][INFO] - train epoch 212 MSE 0.0186 nMSE 0.1318
[2026-05-01 20:42:21,045][src.modRNN.training.common][INFO] - 	 Starting Epoch: 213
[2026-05-01 20:42:21,366][src.modRNN.training.common][INFO] - train epoch 213 MSE 0.0205 nMSE 0.1453
[2026-05-01 20:42:21,367][src.modRNN.training.common][INFO] - 	 Starting Epoch: 214
[2026-05-01 20:42:21,689][src.modRNN.training.common][INFO] - train epoch 214 MSE 0.0227 nMSE 0.1606
[2026-05-01 20:42:21,690][src.modRNN.training.common][INFO] - 	 Starting Epoch: 215
[2026-05-01 20:42:22,011][src.modRNN.training.common][INFO] - train epoch 215 MSE 0.0211 nMSE 0.1491
[2026-05-01 20:42:22,012][src.modRNN.training.common][INFO] - 	 Starting Epoch: 216
[2026-05-01 20:42:22,334][src.modRNN.training.common][INFO] - train epoch 216 MSE 0.0192 nMSE 0.1358
[2026-05-01 20:42:22,335][src.modRNN.training.common][INFO] - 	 Starting Epoch: 217
[2026-05-01 20:42:22,656][src.modRNN.training.common][INFO] - train epoch 217 MSE 0.0195 nMSE 0.1381
[2026-05-01 20:42:22,657][src.modRNN.training.common][INFO] - 	 Starting Epoch: 218
[2026-05-01 20:42:22,979][src.modRNN.training.common][INFO] - train epoch 218 MSE 0.0238 nMSE 0.1686
[2026-05-01 20:42:22,980][src.modRNN.training.common][INFO] - 	 Starting Epoch: 219
[2026-05-01 20:42:23,302][src.modRNN.training.common][INFO] - train epoch 219 MSE 0.0175 nMSE 0.1240
[2026-05-01 20:42:23,303][src.modRNN.training.common][INFO] - 	 Starting Epoch: 220
[2026-05-01 20:42:23,626][src.modRNN.training.common][INFO] - train epoch 220 MSE 0.0207 nMSE 0.1461
[2026-05-01 20:42:23,626][src.modRNN.training.common][INFO] - 	 Starting Epoch: 221
[2026-05-01 20:42:23,948][src.modRNN.training.common][INFO] - train epoch 221 MSE 0.0164 nMSE 0.1161
[2026-05-01 20:42:23,948][src.modRNN.training.common][INFO] - 	 Starting Epoch: 222
[2026-05-01 20:42:24,271][src.modRNN.training.common][INFO] - train epoch 222 MSE 0.0196 nMSE 0.1385
[2026-05-01 20:42:24,272][src.modRNN.training.common][INFO] - 	 Starting Epoch: 223
[2026-05-01 20:42:24,593][src.modRNN.training.common][INFO] - train epoch 223 MSE 0.0190 nMSE 0.1343
[2026-05-01 20:42:24,594][src.modRNN.training.common][INFO] - 	 Starting Epoch: 224
[2026-05-01 20:42:24,915][src.modRNN.training.common][INFO] - train epoch 224 MSE 0.0186 nMSE 0.1313
[2026-05-01 20:42:24,916][src.modRNN.training.common][INFO] - 	 Starting Epoch: 225
[2026-05-01 20:42:25,238][src.modRNN.training.common][INFO] - train epoch 225 MSE 0.0165 nMSE 0.1165
[2026-05-01 20:42:25,239][src.modRNN.training.common][INFO] - 	 Starting Epoch: 226
[2026-05-01 20:42:25,561][src.modRNN.training.common][INFO] - train epoch 226 MSE 0.0209 nMSE 0.1476
[2026-05-01 20:42:25,606][src.modRNN.training.common][INFO] - eval  epoch 226 MSE 0.0161 nMSE 0.1142
[2026-05-01 20:42:25,607][src.modRNN.training.common][INFO] - 	 Starting Epoch: 227
[2026-05-01 20:42:25,930][src.modRNN.training.common][INFO] - train epoch 227 MSE 0.0161 nMSE 0.1142
[2026-05-01 20:42:25,931][src.modRNN.training.common][INFO] - 	 Starting Epoch: 228
[2026-05-01 20:42:26,252][src.modRNN.training.common][INFO] - train epoch 228 MSE 0.0149 nMSE 0.1053
[2026-05-01 20:42:26,253][src.modRNN.training.common][INFO] - 	 Starting Epoch: 229
[2026-05-01 20:42:26,574][src.modRNN.training.common][INFO] - train epoch 229 MSE 0.0160 nMSE 0.1132
[2026-05-01 20:42:26,575][src.modRNN.training.common][INFO] - 	 Starting Epoch: 230
[2026-05-01 20:42:26,897][src.modRNN.training.common][INFO] - train epoch 230 MSE 0.0191 nMSE 0.1348
[2026-05-01 20:42:26,898][src.modRNN.training.common][INFO] - 	 Starting Epoch: 231
[2026-05-01 20:42:27,227][src.modRNN.training.common][INFO] - train epoch 231 MSE 0.0134 nMSE 0.0951
[2026-05-01 20:42:27,229][src.modRNN.training.common][INFO] - 	 Starting Epoch: 232
[2026-05-01 20:42:27,581][src.modRNN.training.common][INFO] - train epoch 232 MSE 0.0173 nMSE 0.1223
[2026-05-01 20:42:27,583][src.modRNN.training.common][INFO] - 	 Starting Epoch: 233
[2026-05-01 20:42:27,933][src.modRNN.training.common][INFO] - train epoch 233 MSE 0.0157 nMSE 0.1107
[2026-05-01 20:42:27,934][src.modRNN.training.common][INFO] - 	 Starting Epoch: 234
[2026-05-01 20:42:28,256][src.modRNN.training.common][INFO] - train epoch 234 MSE 0.0174 nMSE 0.1233
[2026-05-01 20:42:28,257][src.modRNN.training.common][INFO] - 	 Starting Epoch: 235
[2026-05-01 20:42:28,580][src.modRNN.training.common][INFO] - train epoch 235 MSE 0.0167 nMSE 0.1179
[2026-05-01 20:42:28,581][src.modRNN.training.common][INFO] - 	 Starting Epoch: 236
[2026-05-01 20:42:28,903][src.modRNN.training.common][INFO] - train epoch 236 MSE 0.0162 nMSE 0.1143
[2026-05-01 20:42:28,904][src.modRNN.training.common][INFO] - 	 Starting Epoch: 237
[2026-05-01 20:42:29,225][src.modRNN.training.common][INFO] - train epoch 237 MSE 0.0190 nMSE 0.1345
[2026-05-01 20:42:29,226][src.modRNN.training.common][INFO] - 	 Starting Epoch: 238
[2026-05-01 20:42:29,548][src.modRNN.training.common][INFO] - train epoch 238 MSE 0.0155 nMSE 0.1095
[2026-05-01 20:42:29,549][src.modRNN.training.common][INFO] - 	 Starting Epoch: 239
[2026-05-01 20:42:29,871][src.modRNN.training.common][INFO] - train epoch 239 MSE 0.0146 nMSE 0.1033
[2026-05-01 20:42:29,872][src.modRNN.training.common][INFO] - 	 Starting Epoch: 240
[2026-05-01 20:42:30,194][src.modRNN.training.common][INFO] - train epoch 240 MSE 0.0156 nMSE 0.1102
[2026-05-01 20:42:30,195][src.modRNN.training.common][INFO] - 	 Starting Epoch: 241
[2026-05-01 20:42:30,516][src.modRNN.training.common][INFO] - train epoch 241 MSE 0.0168 nMSE 0.1187
[2026-05-01 20:42:30,517][src.modRNN.training.common][INFO] - 	 Starting Epoch: 242
[2026-05-01 20:42:30,838][src.modRNN.training.common][INFO] - train epoch 242 MSE 0.0138 nMSE 0.0974
[2026-05-01 20:42:30,839][src.modRNN.training.common][INFO] - 	 Starting Epoch: 243
[2026-05-01 20:42:31,161][src.modRNN.training.common][INFO] - train epoch 243 MSE 0.0189 nMSE 0.1338
[2026-05-01 20:42:31,162][src.modRNN.training.common][INFO] - 	 Starting Epoch: 244
[2026-05-01 20:42:31,482][src.modRNN.training.common][INFO] - train epoch 244 MSE 0.0163 nMSE 0.1156
[2026-05-01 20:42:31,483][src.modRNN.training.common][INFO] - 	 Starting Epoch: 245
[2026-05-01 20:42:31,802][src.modRNN.training.common][INFO] - train epoch 245 MSE 0.0164 nMSE 0.1158
[2026-05-01 20:42:31,803][src.modRNN.training.common][INFO] - 	 Starting Epoch: 246
[2026-05-01 20:42:32,123][src.modRNN.training.common][INFO] - train epoch 246 MSE 0.0181 nMSE 0.1281
[2026-05-01 20:42:32,123][src.modRNN.training.common][INFO] - 	 Starting Epoch: 247
[2026-05-01 20:42:32,443][src.modRNN.training.common][INFO] - train epoch 247 MSE 0.0140 nMSE 0.0994
[2026-05-01 20:42:32,443][src.modRNN.training.common][INFO] - 	 Starting Epoch: 248
[2026-05-01 20:42:32,763][src.modRNN.training.common][INFO] - train epoch 248 MSE 0.0155 nMSE 0.1099
[2026-05-01 20:42:32,764][src.modRNN.training.common][INFO] - 	 Starting Epoch: 249
[2026-05-01 20:42:33,083][src.modRNN.training.common][INFO] - train epoch 249 MSE 0.0169 nMSE 0.1194
[2026-05-01 20:42:33,084][src.modRNN.training.common][INFO] - 	 Starting Epoch: 250
[2026-05-01 20:42:33,403][src.modRNN.training.common][INFO] - train epoch 250 MSE 0.0172 nMSE 0.1218
[2026-05-01 20:42:33,404][src.modRNN.training.common][INFO] - 	 Starting Epoch: 251
[2026-05-01 20:42:33,723][src.modRNN.training.common][INFO] - train epoch 251 MSE 0.0131 nMSE 0.0929
[2026-05-01 20:42:33,768][src.modRNN.training.common][INFO] - eval  epoch 251 MSE 0.0184 nMSE 0.1302
[2026-05-01 20:42:33,768][src.modRNN.training.common][INFO] - 	 Starting Epoch: 252
[2026-05-01 20:42:34,088][src.modRNN.training.common][INFO] - train epoch 252 MSE 0.0184 nMSE 0.1302
[2026-05-01 20:42:34,089][src.modRNN.training.common][INFO] - 	 Starting Epoch: 253
[2026-05-01 20:42:34,408][src.modRNN.training.common][INFO] - train epoch 253 MSE 0.0131 nMSE 0.0929
[2026-05-01 20:42:34,408][src.modRNN.training.common][INFO] - 	 Starting Epoch: 254
[2026-05-01 20:42:34,728][src.modRNN.training.common][INFO] - train epoch 254 MSE 0.0169 nMSE 0.1196
[2026-05-01 20:42:34,728][src.modRNN.training.common][INFO] - 	 Starting Epoch: 255
[2026-05-01 20:42:35,048][src.modRNN.training.common][INFO] - train epoch 255 MSE 0.0138 nMSE 0.0978
[2026-05-01 20:42:35,049][src.modRNN.training.common][INFO] - 	 Starting Epoch: 256
[2026-05-01 20:42:35,368][src.modRNN.training.common][INFO] - train epoch 256 MSE 0.0166 nMSE 0.1175
[2026-05-01 20:42:35,369][src.modRNN.training.common][INFO] - 	 Starting Epoch: 257
[2026-05-01 20:42:35,689][src.modRNN.training.common][INFO] - train epoch 257 MSE 0.0165 nMSE 0.1167
[2026-05-01 20:42:35,691][src.modRNN.training.common][INFO] - 	 Starting Epoch: 258
[2026-05-01 20:42:36,010][src.modRNN.training.common][INFO] - train epoch 258 MSE 0.0132 nMSE 0.0937
[2026-05-01 20:42:36,011][src.modRNN.training.common][INFO] - 	 Starting Epoch: 259
[2026-05-01 20:42:36,329][src.modRNN.training.common][INFO] - train epoch 259 MSE 0.0166 nMSE 0.1171
[2026-05-01 20:42:36,330][src.modRNN.training.common][INFO] - 	 Starting Epoch: 260
[2026-05-01 20:42:36,648][src.modRNN.training.common][INFO] - train epoch 260 MSE 0.0129 nMSE 0.0915
[2026-05-01 20:42:36,649][src.modRNN.training.common][INFO] - 	 Starting Epoch: 261
[2026-05-01 20:42:36,967][src.modRNN.training.common][INFO] - train epoch 261 MSE 0.0141 nMSE 0.0999
[2026-05-01 20:42:36,968][src.modRNN.training.common][INFO] - 	 Starting Epoch: 262
[2026-05-01 20:42:37,286][src.modRNN.training.common][INFO] - train epoch 262 MSE 0.0145 nMSE 0.1027
[2026-05-01 20:42:37,287][src.modRNN.training.common][INFO] - 	 Starting Epoch: 263
[2026-05-01 20:42:37,606][src.modRNN.training.common][INFO] - train epoch 263 MSE 0.0124 nMSE 0.0874
[2026-05-01 20:42:37,606][src.modRNN.training.common][INFO] - 	 Starting Epoch: 264
[2026-05-01 20:42:37,926][src.modRNN.training.common][INFO] - train epoch 264 MSE 0.0156 nMSE 0.1103
[2026-05-01 20:42:37,926][src.modRNN.training.common][INFO] - 	 Starting Epoch: 265
[2026-05-01 20:42:38,246][src.modRNN.training.common][INFO] - train epoch 265 MSE 0.0128 nMSE 0.0903
[2026-05-01 20:42:38,246][src.modRNN.training.common][INFO] - 	 Starting Epoch: 266
[2026-05-01 20:42:38,566][src.modRNN.training.common][INFO] - train epoch 266 MSE 0.0144 nMSE 0.1017
[2026-05-01 20:42:38,567][src.modRNN.training.common][INFO] - 	 Starting Epoch: 267
[2026-05-01 20:42:38,886][src.modRNN.training.common][INFO] - train epoch 267 MSE 0.0132 nMSE 0.0937
[2026-05-01 20:42:38,887][src.modRNN.training.common][INFO] - 	 Starting Epoch: 268
[2026-05-01 20:42:39,207][src.modRNN.training.common][INFO] - train epoch 268 MSE 0.0130 nMSE 0.0921
[2026-05-01 20:42:39,207][src.modRNN.training.common][INFO] - 	 Starting Epoch: 269
[2026-05-01 20:42:39,526][src.modRNN.training.common][INFO] - train epoch 269 MSE 0.0169 nMSE 0.1198
[2026-05-01 20:42:39,527][src.modRNN.training.common][INFO] - 	 Starting Epoch: 270
[2026-05-01 20:42:39,846][src.modRNN.training.common][INFO] - train epoch 270 MSE 0.0137 nMSE 0.0966
[2026-05-01 20:42:39,847][src.modRNN.training.common][INFO] - 	 Starting Epoch: 271
[2026-05-01 20:42:40,167][src.modRNN.training.common][INFO] - train epoch 271 MSE 0.0135 nMSE 0.0954
[2026-05-01 20:42:40,168][src.modRNN.training.common][INFO] - 	 Starting Epoch: 272
[2026-05-01 20:42:40,487][src.modRNN.training.common][INFO] - train epoch 272 MSE 0.0122 nMSE 0.0865
[2026-05-01 20:42:40,488][src.modRNN.training.common][INFO] - 	 Starting Epoch: 273
[2026-05-01 20:42:40,807][src.modRNN.training.common][INFO] - train epoch 273 MSE 0.0127 nMSE 0.0897
[2026-05-01 20:42:40,807][src.modRNN.training.common][INFO] - 	 Starting Epoch: 274
[2026-05-01 20:42:41,126][src.modRNN.training.common][INFO] - train epoch 274 MSE 0.0135 nMSE 0.0952
[2026-05-01 20:42:41,127][src.modRNN.training.common][INFO] - 	 Starting Epoch: 275
[2026-05-01 20:42:41,446][src.modRNN.training.common][INFO] - train epoch 275 MSE 0.0125 nMSE 0.0884
[2026-05-01 20:42:41,447][src.modRNN.training.common][INFO] - 	 Starting Epoch: 276
[2026-05-01 20:42:41,766][src.modRNN.training.common][INFO] - train epoch 276 MSE 0.0114 nMSE 0.0807
[2026-05-01 20:42:41,810][src.modRNN.training.common][INFO] - eval  epoch 276 MSE 0.0122 nMSE 0.0860
[2026-05-01 20:42:41,811][src.modRNN.training.common][INFO] - 	 Starting Epoch: 277
[2026-05-01 20:42:42,130][src.modRNN.training.common][INFO] - train epoch 277 MSE 0.0122 nMSE 0.0860
[2026-05-01 20:42:42,131][src.modRNN.training.common][INFO] - 	 Starting Epoch: 278
[2026-05-01 20:42:42,451][src.modRNN.training.common][INFO] - train epoch 278 MSE 0.0129 nMSE 0.0910
[2026-05-01 20:42:42,452][src.modRNN.training.common][INFO] - 	 Starting Epoch: 279
[2026-05-01 20:42:42,771][src.modRNN.training.common][INFO] - train epoch 279 MSE 0.0119 nMSE 0.0839
[2026-05-01 20:42:42,772][src.modRNN.training.common][INFO] - 	 Starting Epoch: 280
[2026-05-01 20:42:43,091][src.modRNN.training.common][INFO] - train epoch 280 MSE 0.0129 nMSE 0.0911
[2026-05-01 20:42:43,092][src.modRNN.training.common][INFO] - 	 Starting Epoch: 281
[2026-05-01 20:42:43,412][src.modRNN.training.common][INFO] - train epoch 281 MSE 0.0121 nMSE 0.0856
[2026-05-01 20:42:43,413][src.modRNN.training.common][INFO] - 	 Starting Epoch: 282
[2026-05-01 20:42:43,732][src.modRNN.training.common][INFO] - train epoch 282 MSE 0.0114 nMSE 0.0810
[2026-05-01 20:42:43,733][src.modRNN.training.common][INFO] - 	 Starting Epoch: 283
[2026-05-01 20:42:44,052][src.modRNN.training.common][INFO] - train epoch 283 MSE 0.0136 nMSE 0.0964
[2026-05-01 20:42:44,053][src.modRNN.training.common][INFO] - 	 Starting Epoch: 284
[2026-05-01 20:42:44,372][src.modRNN.training.common][INFO] - train epoch 284 MSE 0.0121 nMSE 0.0853
[2026-05-01 20:42:44,373][src.modRNN.training.common][INFO] - 	 Starting Epoch: 285
[2026-05-01 20:42:44,693][src.modRNN.training.common][INFO] - train epoch 285 MSE 0.0135 nMSE 0.0955
[2026-05-01 20:42:44,694][src.modRNN.training.common][INFO] - 	 Starting Epoch: 286
[2026-05-01 20:42:45,013][src.modRNN.training.common][INFO] - train epoch 286 MSE 0.0116 nMSE 0.0819
[2026-05-01 20:42:45,014][src.modRNN.training.common][INFO] - 	 Starting Epoch: 287
[2026-05-01 20:42:45,333][src.modRNN.training.common][INFO] - train epoch 287 MSE 0.0157 nMSE 0.1113
[2026-05-01 20:42:45,334][src.modRNN.training.common][INFO] - 	 Starting Epoch: 288
[2026-05-01 20:42:45,654][src.modRNN.training.common][INFO] - train epoch 288 MSE 0.0154 nMSE 0.1087
[2026-05-01 20:42:45,655][src.modRNN.training.common][INFO] - 	 Starting Epoch: 289
[2026-05-01 20:42:45,974][src.modRNN.training.common][INFO] - train epoch 289 MSE 0.0137 nMSE 0.0971
[2026-05-01 20:42:45,975][src.modRNN.training.common][INFO] - 	 Starting Epoch: 290
[2026-05-01 20:42:46,295][src.modRNN.training.common][INFO] - train epoch 290 MSE 0.0162 nMSE 0.1148
[2026-05-01 20:42:46,296][src.modRNN.training.common][INFO] - 	 Starting Epoch: 291
[2026-05-01 20:42:46,616][src.modRNN.training.common][INFO] - train epoch 291 MSE 0.0121 nMSE 0.0853
[2026-05-01 20:42:46,617][src.modRNN.training.common][INFO] - 	 Starting Epoch: 292
[2026-05-01 20:42:46,936][src.modRNN.training.common][INFO] - train epoch 292 MSE 0.0142 nMSE 0.1006
[2026-05-01 20:42:46,937][src.modRNN.training.common][INFO] - 	 Starting Epoch: 293
[2026-05-01 20:42:47,257][src.modRNN.training.common][INFO] - train epoch 293 MSE 0.0113 nMSE 0.0800
[2026-05-01 20:42:47,258][src.modRNN.training.common][INFO] - 	 Starting Epoch: 294
[2026-05-01 20:42:47,578][src.modRNN.training.common][INFO] - train epoch 294 MSE 0.0130 nMSE 0.0918
[2026-05-01 20:42:47,578][src.modRNN.training.common][INFO] - 	 Starting Epoch: 295
[2026-05-01 20:42:47,898][src.modRNN.training.common][INFO] - train epoch 295 MSE 0.0114 nMSE 0.0809
[2026-05-01 20:42:47,899][src.modRNN.training.common][INFO] - 	 Starting Epoch: 296
[2026-05-01 20:42:48,218][src.modRNN.training.common][INFO] - train epoch 296 MSE 0.0133 nMSE 0.0943
[2026-05-01 20:42:48,219][src.modRNN.training.common][INFO] - 	 Starting Epoch: 297
[2026-05-01 20:42:48,538][src.modRNN.training.common][INFO] - train epoch 297 MSE 0.0137 nMSE 0.0969
[2026-05-01 20:42:48,539][src.modRNN.training.common][INFO] - 	 Starting Epoch: 298
[2026-05-01 20:42:48,859][src.modRNN.training.common][INFO] - train epoch 298 MSE 0.0123 nMSE 0.0867
[2026-05-01 20:42:48,860][src.modRNN.training.common][INFO] - 	 Starting Epoch: 299
[2026-05-01 20:42:49,179][src.modRNN.training.common][INFO] - train epoch 299 MSE 0.0161 nMSE 0.1139
[2026-05-01 20:42:49,180][src.modRNN.training.common][INFO] - 	 Starting Epoch: 300
[2026-05-01 20:42:49,499][src.modRNN.training.common][INFO] - train epoch 300 MSE 0.0125 nMSE 0.0881
[2026-05-01 20:42:49,500][src.modRNN.training.common][INFO] - 	 Starting Epoch: 301
[2026-05-01 20:42:49,819][src.modRNN.training.common][INFO] - train epoch 301 MSE 0.0118 nMSE 0.0834
[2026-05-01 20:42:49,864][src.modRNN.training.common][INFO] - eval  epoch 301 MSE 0.0107 nMSE 0.0757
[2026-05-01 20:42:49,865][src.modRNN.training.common][INFO] - 	 Starting Epoch: 302
[2026-05-01 20:42:50,186][src.modRNN.training.common][INFO] - train epoch 302 MSE 0.0107 nMSE 0.0757
[2026-05-01 20:42:50,187][src.modRNN.training.common][INFO] - 	 Starting Epoch: 303
[2026-05-01 20:42:50,507][src.modRNN.training.common][INFO] - train epoch 303 MSE 0.0114 nMSE 0.0804
[2026-05-01 20:42:50,508][src.modRNN.training.common][INFO] - 	 Starting Epoch: 304
[2026-05-01 20:42:50,827][src.modRNN.training.common][INFO] - train epoch 304 MSE 0.0106 nMSE 0.0753
[2026-05-01 20:42:50,828][src.modRNN.training.common][INFO] - 	 Starting Epoch: 305
[2026-05-01 20:42:51,147][src.modRNN.training.common][INFO] - train epoch 305 MSE 0.0112 nMSE 0.0791
[2026-05-01 20:42:51,148][src.modRNN.training.common][INFO] - 	 Starting Epoch: 306
[2026-05-01 20:42:51,468][src.modRNN.training.common][INFO] - train epoch 306 MSE 0.0131 nMSE 0.0925
[2026-05-01 20:42:51,468][src.modRNN.training.common][INFO] - 	 Starting Epoch: 307
[2026-05-01 20:42:51,788][src.modRNN.training.common][INFO] - train epoch 307 MSE 0.0144 nMSE 0.1017
[2026-05-01 20:42:51,789][src.modRNN.training.common][INFO] - 	 Starting Epoch: 308
[2026-05-01 20:42:52,108][src.modRNN.training.common][INFO] - train epoch 308 MSE 0.0105 nMSE 0.0743
[2026-05-01 20:42:52,109][src.modRNN.training.common][INFO] - 	 Starting Epoch: 309
[2026-05-01 20:42:52,428][src.modRNN.training.common][INFO] - train epoch 309 MSE 0.0150 nMSE 0.1063
[2026-05-01 20:42:52,428][src.modRNN.training.common][INFO] - 	 Starting Epoch: 310
[2026-05-01 20:42:52,749][src.modRNN.training.common][INFO] - train epoch 310 MSE 0.0111 nMSE 0.0782
[2026-05-01 20:42:52,749][src.modRNN.training.common][INFO] - 	 Starting Epoch: 311
[2026-05-01 20:42:53,068][src.modRNN.training.common][INFO] - train epoch 311 MSE 0.0146 nMSE 0.1034
[2026-05-01 20:42:53,069][src.modRNN.training.common][INFO] - 	 Starting Epoch: 312
[2026-05-01 20:42:53,389][src.modRNN.training.common][INFO] - train epoch 312 MSE 0.0128 nMSE 0.0904
[2026-05-01 20:42:53,390][src.modRNN.training.common][INFO] - 	 Starting Epoch: 313
[2026-05-01 20:42:53,709][src.modRNN.training.common][INFO] - train epoch 313 MSE 0.0186 nMSE 0.1315
[2026-05-01 20:42:53,710][src.modRNN.training.common][INFO] - 	 Starting Epoch: 314
[2026-05-01 20:42:54,031][src.modRNN.training.common][INFO] - train epoch 314 MSE 0.0143 nMSE 0.1011
[2026-05-01 20:42:54,031][src.modRNN.training.common][INFO] - 	 Starting Epoch: 315
[2026-05-01 20:42:54,351][src.modRNN.training.common][INFO] - train epoch 315 MSE 0.0148 nMSE 0.1048
[2026-05-01 20:42:54,352][src.modRNN.training.common][INFO] - 	 Starting Epoch: 316
[2026-05-01 20:42:54,673][src.modRNN.training.common][INFO] - train epoch 316 MSE 0.0156 nMSE 0.1102
[2026-05-01 20:42:54,674][src.modRNN.training.common][INFO] - 	 Starting Epoch: 317
[2026-05-01 20:42:54,993][src.modRNN.training.common][INFO] - train epoch 317 MSE 0.0124 nMSE 0.0879
[2026-05-01 20:42:54,994][src.modRNN.training.common][INFO] - 	 Starting Epoch: 318
[2026-05-01 20:42:55,314][src.modRNN.training.common][INFO] - train epoch 318 MSE 0.0134 nMSE 0.0948
[2026-05-01 20:42:55,315][src.modRNN.training.common][INFO] - 	 Starting Epoch: 319
[2026-05-01 20:42:55,634][src.modRNN.training.common][INFO] - train epoch 319 MSE 0.0099 nMSE 0.0702
[2026-05-01 20:42:55,635][src.modRNN.training.common][INFO] - 	 Starting Epoch: 320
[2026-05-01 20:42:55,954][src.modRNN.training.common][INFO] - train epoch 320 MSE 0.0114 nMSE 0.0805
[2026-05-01 20:42:55,955][src.modRNN.training.common][INFO] - 	 Starting Epoch: 321
[2026-05-01 20:42:56,274][src.modRNN.training.common][INFO] - train epoch 321 MSE 0.0116 nMSE 0.0822
[2026-05-01 20:42:56,275][src.modRNN.training.common][INFO] - 	 Starting Epoch: 322
[2026-05-01 20:42:56,596][src.modRNN.training.common][INFO] - train epoch 322 MSE 0.0129 nMSE 0.0910
[2026-05-01 20:42:56,596][src.modRNN.training.common][INFO] - 	 Starting Epoch: 323
[2026-05-01 20:42:56,916][src.modRNN.training.common][INFO] - train epoch 323 MSE 0.0105 nMSE 0.0746
[2026-05-01 20:42:56,916][src.modRNN.training.common][INFO] - 	 Starting Epoch: 324
[2026-05-01 20:42:57,236][src.modRNN.training.common][INFO] - train epoch 324 MSE 0.0141 nMSE 0.0995
[2026-05-01 20:42:57,236][src.modRNN.training.common][INFO] - 	 Starting Epoch: 325
[2026-05-01 20:42:57,556][src.modRNN.training.common][INFO] - train epoch 325 MSE 0.0118 nMSE 0.0833
[2026-05-01 20:42:57,557][src.modRNN.training.common][INFO] - 	 Starting Epoch: 326
[2026-05-01 20:42:57,876][src.modRNN.training.common][INFO] - train epoch 326 MSE 0.0120 nMSE 0.0847
[2026-05-01 20:42:57,921][src.modRNN.training.common][INFO] - eval  epoch 326 MSE 0.0109 nMSE 0.0773
[2026-05-01 20:42:57,921][src.modRNN.training.common][INFO] - 	 Starting Epoch: 327
[2026-05-01 20:42:58,242][src.modRNN.training.common][INFO] - train epoch 327 MSE 0.0109 nMSE 0.0773
[2026-05-01 20:42:58,243][src.modRNN.training.common][INFO] - 	 Starting Epoch: 328
[2026-05-01 20:42:58,563][src.modRNN.training.common][INFO] - train epoch 328 MSE 0.0126 nMSE 0.0892
[2026-05-01 20:42:58,564][src.modRNN.training.common][INFO] - 	 Starting Epoch: 329
[2026-05-01 20:42:58,884][src.modRNN.training.common][INFO] - train epoch 329 MSE 0.0106 nMSE 0.0750
[2026-05-01 20:42:58,885][src.modRNN.training.common][INFO] - 	 Starting Epoch: 330
[2026-05-01 20:42:59,204][src.modRNN.training.common][INFO] - train epoch 330 MSE 0.0113 nMSE 0.0797
[2026-05-01 20:42:59,205][src.modRNN.training.common][INFO] - 	 Starting Epoch: 331
[2026-05-01 20:42:59,523][src.modRNN.training.common][INFO] - train epoch 331 MSE 0.0106 nMSE 0.0748
[2026-05-01 20:42:59,524][src.modRNN.training.common][INFO] - 	 Starting Epoch: 332
[2026-05-01 20:42:59,843][src.modRNN.training.common][INFO] - train epoch 332 MSE 0.0110 nMSE 0.0779
[2026-05-01 20:42:59,844][src.modRNN.training.common][INFO] - 	 Starting Epoch: 333
[2026-05-01 20:43:00,163][src.modRNN.training.common][INFO] - train epoch 333 MSE 0.0104 nMSE 0.0739
[2026-05-01 20:43:00,164][src.modRNN.training.common][INFO] - 	 Starting Epoch: 334
[2026-05-01 20:43:00,483][src.modRNN.training.common][INFO] - train epoch 334 MSE 0.0111 nMSE 0.0783
[2026-05-01 20:43:00,484][src.modRNN.training.common][INFO] - 	 Starting Epoch: 335
[2026-05-01 20:43:00,803][src.modRNN.training.common][INFO] - train epoch 335 MSE 0.0134 nMSE 0.0947
[2026-05-01 20:43:00,803][src.modRNN.training.common][INFO] - 	 Starting Epoch: 336
[2026-05-01 20:43:01,122][src.modRNN.training.common][INFO] - train epoch 336 MSE 0.0114 nMSE 0.0810
[2026-05-01 20:43:01,123][src.modRNN.training.common][INFO] - 	 Starting Epoch: 337
[2026-05-01 20:43:01,443][src.modRNN.training.common][INFO] - train epoch 337 MSE 0.0106 nMSE 0.0750
[2026-05-01 20:43:01,444][src.modRNN.training.common][INFO] - 	 Starting Epoch: 338
[2026-05-01 20:43:01,764][src.modRNN.training.common][INFO] - train epoch 338 MSE 0.0118 nMSE 0.0837
[2026-05-01 20:43:01,765][src.modRNN.training.common][INFO] - 	 Starting Epoch: 339
[2026-05-01 20:43:02,085][src.modRNN.training.common][INFO] - train epoch 339 MSE 0.0097 nMSE 0.0686
[2026-05-01 20:43:02,087][src.modRNN.training.common][INFO] - 	 Starting Epoch: 340
[2026-05-01 20:43:02,429][src.modRNN.training.common][INFO] - train epoch 340 MSE 0.0100 nMSE 0.0710
[2026-05-01 20:43:02,429][src.modRNN.training.common][INFO] - 	 Starting Epoch: 341
[2026-05-01 20:43:02,751][src.modRNN.training.common][INFO] - train epoch 341 MSE 0.0119 nMSE 0.0840
[2026-05-01 20:43:02,752][src.modRNN.training.common][INFO] - 	 Starting Epoch: 342
[2026-05-01 20:43:03,075][src.modRNN.training.common][INFO] - train epoch 342 MSE 0.0121 nMSE 0.0854
[2026-05-01 20:43:03,075][src.modRNN.training.common][INFO] - 	 Starting Epoch: 343
[2026-05-01 20:43:03,398][src.modRNN.training.common][INFO] - train epoch 343 MSE 0.0116 nMSE 0.0821
[2026-05-01 20:43:03,398][src.modRNN.training.common][INFO] - 	 Starting Epoch: 344
[2026-05-01 20:43:03,721][src.modRNN.training.common][INFO] - train epoch 344 MSE 0.0108 nMSE 0.0765
[2026-05-01 20:43:03,722][src.modRNN.training.common][INFO] - 	 Starting Epoch: 345
[2026-05-01 20:43:04,044][src.modRNN.training.common][INFO] - train epoch 345 MSE 0.0130 nMSE 0.0922
[2026-05-01 20:43:04,045][src.modRNN.training.common][INFO] - 	 Starting Epoch: 346
[2026-05-01 20:43:04,368][src.modRNN.training.common][INFO] - train epoch 346 MSE 0.0119 nMSE 0.0842
[2026-05-01 20:43:04,369][src.modRNN.training.common][INFO] - 	 Starting Epoch: 347
[2026-05-01 20:43:04,691][src.modRNN.training.common][INFO] - train epoch 347 MSE 0.0103 nMSE 0.0729
[2026-05-01 20:43:04,691][src.modRNN.training.common][INFO] - 	 Starting Epoch: 348
[2026-05-01 20:43:05,013][src.modRNN.training.common][INFO] - train epoch 348 MSE 0.0099 nMSE 0.0699
[2026-05-01 20:43:05,014][src.modRNN.training.common][INFO] - 	 Starting Epoch: 349
[2026-05-01 20:43:05,336][src.modRNN.training.common][INFO] - train epoch 349 MSE 0.0093 nMSE 0.0661
[2026-05-01 20:43:05,337][src.modRNN.training.common][INFO] - 	 Starting Epoch: 350
[2026-05-01 20:43:05,660][src.modRNN.training.common][INFO] - train epoch 350 MSE 0.0104 nMSE 0.0734
[2026-05-01 20:43:05,660][src.modRNN.training.common][INFO] - 	 Starting Epoch: 351
[2026-05-01 20:43:05,983][src.modRNN.training.common][INFO] - train epoch 351 MSE 0.0106 nMSE 0.0749
[2026-05-01 20:43:06,028][src.modRNN.training.common][INFO] - eval  epoch 351 MSE 0.0117 nMSE 0.0826
[2026-05-01 20:43:06,029][src.modRNN.training.common][INFO] - 	 Starting Epoch: 352
[2026-05-01 20:43:06,351][src.modRNN.training.common][INFO] - train epoch 352 MSE 0.0117 nMSE 0.0826
[2026-05-01 20:43:06,352][src.modRNN.training.common][INFO] - 	 Starting Epoch: 353
[2026-05-01 20:43:06,674][src.modRNN.training.common][INFO] - train epoch 353 MSE 0.0124 nMSE 0.0875
[2026-05-01 20:43:06,675][src.modRNN.training.common][INFO] - 	 Starting Epoch: 354
[2026-05-01 20:43:06,997][src.modRNN.training.common][INFO] - train epoch 354 MSE 0.0109 nMSE 0.0769
[2026-05-01 20:43:06,998][src.modRNN.training.common][INFO] - 	 Starting Epoch: 355
[2026-05-01 20:43:07,319][src.modRNN.training.common][INFO] - train epoch 355 MSE 0.0123 nMSE 0.0870
[2026-05-01 20:43:07,320][src.modRNN.training.common][INFO] - 	 Starting Epoch: 356
[2026-05-01 20:43:07,642][src.modRNN.training.common][INFO] - train epoch 356 MSE 0.0105 nMSE 0.0742
[2026-05-01 20:43:07,643][src.modRNN.training.common][INFO] - 	 Starting Epoch: 357
[2026-05-01 20:43:07,964][src.modRNN.training.common][INFO] - train epoch 357 MSE 0.0131 nMSE 0.0924
[2026-05-01 20:43:07,965][src.modRNN.training.common][INFO] - 	 Starting Epoch: 358
[2026-05-01 20:43:08,287][src.modRNN.training.common][INFO] - train epoch 358 MSE 0.0097 nMSE 0.0683
[2026-05-01 20:43:08,288][src.modRNN.training.common][INFO] - 	 Starting Epoch: 359
[2026-05-01 20:43:08,610][src.modRNN.training.common][INFO] - train epoch 359 MSE 0.0126 nMSE 0.0890
[2026-05-01 20:43:08,611][src.modRNN.training.common][INFO] - 	 Starting Epoch: 360
[2026-05-01 20:43:08,933][src.modRNN.training.common][INFO] - train epoch 360 MSE 0.0098 nMSE 0.0695
[2026-05-01 20:43:08,934][src.modRNN.training.common][INFO] - 	 Starting Epoch: 361
[2026-05-01 20:43:09,256][src.modRNN.training.common][INFO] - train epoch 361 MSE 0.0117 nMSE 0.0826
[2026-05-01 20:43:09,257][src.modRNN.training.common][INFO] - 	 Starting Epoch: 362
[2026-05-01 20:43:09,580][src.modRNN.training.common][INFO] - train epoch 362 MSE 0.0093 nMSE 0.0659
[2026-05-01 20:43:09,581][src.modRNN.training.common][INFO] - 	 Starting Epoch: 363
[2026-05-01 20:43:09,903][src.modRNN.training.common][INFO] - train epoch 363 MSE 0.0126 nMSE 0.0893
[2026-05-01 20:43:09,904][src.modRNN.training.common][INFO] - 	 Starting Epoch: 364
[2026-05-01 20:43:10,226][src.modRNN.training.common][INFO] - train epoch 364 MSE 0.0117 nMSE 0.0830
[2026-05-01 20:43:10,227][src.modRNN.training.common][INFO] - 	 Starting Epoch: 365
[2026-05-01 20:43:10,549][src.modRNN.training.common][INFO] - train epoch 365 MSE 0.0104 nMSE 0.0738
[2026-05-01 20:43:10,550][src.modRNN.training.common][INFO] - 	 Starting Epoch: 366
[2026-05-01 20:43:10,872][src.modRNN.training.common][INFO] - train epoch 366 MSE 0.0137 nMSE 0.0969
[2026-05-01 20:43:10,873][src.modRNN.training.common][INFO] - 	 Starting Epoch: 367
[2026-05-01 20:43:11,195][src.modRNN.training.common][INFO] - train epoch 367 MSE 0.0093 nMSE 0.0655
[2026-05-01 20:43:11,196][src.modRNN.training.common][INFO] - 	 Starting Epoch: 368
[2026-05-01 20:43:11,518][src.modRNN.training.common][INFO] - train epoch 368 MSE 0.0106 nMSE 0.0749
[2026-05-01 20:43:11,519][src.modRNN.training.common][INFO] - 	 Starting Epoch: 369
[2026-05-01 20:43:11,840][src.modRNN.training.common][INFO] - train epoch 369 MSE 0.0114 nMSE 0.0807
[2026-05-01 20:43:11,841][src.modRNN.training.common][INFO] - 	 Starting Epoch: 370
[2026-05-01 20:43:12,163][src.modRNN.training.common][INFO] - train epoch 370 MSE 0.0099 nMSE 0.0699
[2026-05-01 20:43:12,164][src.modRNN.training.common][INFO] - 	 Starting Epoch: 371
[2026-05-01 20:43:12,486][src.modRNN.training.common][INFO] - train epoch 371 MSE 0.0109 nMSE 0.0773
[2026-05-01 20:43:12,487][src.modRNN.training.common][INFO] - 	 Starting Epoch: 372
[2026-05-01 20:43:12,810][src.modRNN.training.common][INFO] - train epoch 372 MSE 0.0113 nMSE 0.0801
[2026-05-01 20:43:12,810][src.modRNN.training.common][INFO] - 	 Starting Epoch: 373
[2026-05-01 20:43:13,132][src.modRNN.training.common][INFO] - train epoch 373 MSE 0.0122 nMSE 0.0865
[2026-05-01 20:43:13,133][src.modRNN.training.common][INFO] - 	 Starting Epoch: 374
[2026-05-01 20:43:13,455][src.modRNN.training.common][INFO] - train epoch 374 MSE 0.0100 nMSE 0.0705
[2026-05-01 20:43:13,456][src.modRNN.training.common][INFO] - 	 Starting Epoch: 375
[2026-05-01 20:43:13,778][src.modRNN.training.common][INFO] - train epoch 375 MSE 0.0105 nMSE 0.0741
[2026-05-01 20:43:13,779][src.modRNN.training.common][INFO] - 	 Starting Epoch: 376
[2026-05-01 20:43:14,100][src.modRNN.training.common][INFO] - train epoch 376 MSE 0.0107 nMSE 0.0755
[2026-05-01 20:43:14,146][src.modRNN.training.common][INFO] - eval  epoch 376 MSE 0.0102 nMSE 0.0718
[2026-05-01 20:43:14,146][src.modRNN.training.common][INFO] - 	 Starting Epoch: 377
[2026-05-01 20:43:14,468][src.modRNN.training.common][INFO] - train epoch 377 MSE 0.0102 nMSE 0.0718
[2026-05-01 20:43:14,468][src.modRNN.training.common][INFO] - 	 Starting Epoch: 378
[2026-05-01 20:43:14,790][src.modRNN.training.common][INFO] - train epoch 378 MSE 0.0104 nMSE 0.0737
[2026-05-01 20:43:14,791][src.modRNN.training.common][INFO] - 	 Starting Epoch: 379
[2026-05-01 20:43:15,113][src.modRNN.training.common][INFO] - train epoch 379 MSE 0.0146 nMSE 0.1035
[2026-05-01 20:43:15,113][src.modRNN.training.common][INFO] - 	 Starting Epoch: 380
[2026-05-01 20:43:15,435][src.modRNN.training.common][INFO] - train epoch 380 MSE 0.0123 nMSE 0.0867
[2026-05-01 20:43:15,436][src.modRNN.training.common][INFO] - 	 Starting Epoch: 381
[2026-05-01 20:43:15,757][src.modRNN.training.common][INFO] - train epoch 381 MSE 0.0131 nMSE 0.0928
[2026-05-01 20:43:15,758][src.modRNN.training.common][INFO] - 	 Starting Epoch: 382
[2026-05-01 20:43:16,080][src.modRNN.training.common][INFO] - train epoch 382 MSE 0.0107 nMSE 0.0756
[2026-05-01 20:43:16,081][src.modRNN.training.common][INFO] - 	 Starting Epoch: 383
[2026-05-01 20:43:16,403][src.modRNN.training.common][INFO] - train epoch 383 MSE 0.0095 nMSE 0.0669
[2026-05-01 20:43:16,404][src.modRNN.training.common][INFO] - 	 Starting Epoch: 384
[2026-05-01 20:43:16,727][src.modRNN.training.common][INFO] - train epoch 384 MSE 0.0100 nMSE 0.0707
[2026-05-01 20:43:16,727][src.modRNN.training.common][INFO] - 	 Starting Epoch: 385
[2026-05-01 20:43:17,049][src.modRNN.training.common][INFO] - train epoch 385 MSE 0.0124 nMSE 0.0877
[2026-05-01 20:43:17,050][src.modRNN.training.common][INFO] - 	 Starting Epoch: 386
[2026-05-01 20:43:17,372][src.modRNN.training.common][INFO] - train epoch 386 MSE 0.0095 nMSE 0.0673
[2026-05-01 20:43:17,373][src.modRNN.training.common][INFO] - 	 Starting Epoch: 387
[2026-05-01 20:43:17,695][src.modRNN.training.common][INFO] - train epoch 387 MSE 0.0094 nMSE 0.0666
[2026-05-01 20:43:17,696][src.modRNN.training.common][INFO] - 	 Starting Epoch: 388
[2026-05-01 20:43:18,018][src.modRNN.training.common][INFO] - train epoch 388 MSE 0.0100 nMSE 0.0709
[2026-05-01 20:43:18,019][src.modRNN.training.common][INFO] - 	 Starting Epoch: 389
[2026-05-01 20:43:18,340][src.modRNN.training.common][INFO] - train epoch 389 MSE 0.0100 nMSE 0.0704
[2026-05-01 20:43:18,341][src.modRNN.training.common][INFO] - 	 Starting Epoch: 390
[2026-05-01 20:43:18,663][src.modRNN.training.common][INFO] - train epoch 390 MSE 0.0096 nMSE 0.0680
[2026-05-01 20:43:18,664][src.modRNN.training.common][INFO] - 	 Starting Epoch: 391
[2026-05-01 20:43:18,986][src.modRNN.training.common][INFO] - train epoch 391 MSE 0.0088 nMSE 0.0626
[2026-05-01 20:43:18,986][src.modRNN.training.common][INFO] - 	 Starting Epoch: 392
[2026-05-01 20:43:19,309][src.modRNN.training.common][INFO] - train epoch 392 MSE 0.0085 nMSE 0.0603
[2026-05-01 20:43:19,310][src.modRNN.training.common][INFO] - 	 Starting Epoch: 393
[2026-05-01 20:43:19,632][src.modRNN.training.common][INFO] - train epoch 393 MSE 0.0095 nMSE 0.0674
[2026-05-01 20:43:19,632][src.modRNN.training.common][INFO] - 	 Starting Epoch: 394
[2026-05-01 20:43:19,954][src.modRNN.training.common][INFO] - train epoch 394 MSE 0.0090 nMSE 0.0635
[2026-05-01 20:43:19,955][src.modRNN.training.common][INFO] - 	 Starting Epoch: 395
[2026-05-01 20:43:20,277][src.modRNN.training.common][INFO] - train epoch 395 MSE 0.0106 nMSE 0.0753
[2026-05-01 20:43:20,278][src.modRNN.training.common][INFO] - 	 Starting Epoch: 396
[2026-05-01 20:43:20,600][src.modRNN.training.common][INFO] - train epoch 396 MSE 0.0102 nMSE 0.0719
[2026-05-01 20:43:20,601][src.modRNN.training.common][INFO] - 	 Starting Epoch: 397
[2026-05-01 20:43:20,923][src.modRNN.training.common][INFO] - train epoch 397 MSE 0.0099 nMSE 0.0699
[2026-05-01 20:43:20,924][src.modRNN.training.common][INFO] - 	 Starting Epoch: 398
[2026-05-01 20:43:21,246][src.modRNN.training.common][INFO] - train epoch 398 MSE 0.0100 nMSE 0.0709
[2026-05-01 20:43:21,247][src.modRNN.training.common][INFO] - 	 Starting Epoch: 399
[2026-05-01 20:43:21,569][src.modRNN.training.common][INFO] - train epoch 399 MSE 0.0100 nMSE 0.0710
[2026-05-01 20:43:21,570][src.modRNN.training.common][INFO] - 	 Starting Epoch: 400
[2026-05-01 20:43:21,892][src.modRNN.training.common][INFO] - train epoch 400 MSE 0.0093 nMSE 0.0657
[2026-05-01 20:43:21,893][src.modRNN.training.common][INFO] - 	 Starting Epoch: 401
[2026-05-01 20:43:22,214][src.modRNN.training.common][INFO] - train epoch 401 MSE 0.0104 nMSE 0.0734
[2026-05-01 20:43:22,260][src.modRNN.training.common][INFO] - eval  epoch 401 MSE 0.0099 nMSE 0.0703
[2026-05-01 20:43:22,260][src.modRNN.training.common][INFO] - 	 Starting Epoch: 402
[2026-05-01 20:43:22,582][src.modRNN.training.common][INFO] - train epoch 402 MSE 0.0099 nMSE 0.0703
[2026-05-01 20:43:22,583][src.modRNN.training.common][INFO] - 	 Starting Epoch: 403
[2026-05-01 20:43:22,904][src.modRNN.training.common][INFO] - train epoch 403 MSE 0.0092 nMSE 0.0650
[2026-05-01 20:43:22,905][src.modRNN.training.common][INFO] - 	 Starting Epoch: 404
[2026-05-01 20:43:23,227][src.modRNN.training.common][INFO] - train epoch 404 MSE 0.0108 nMSE 0.0767
[2026-05-01 20:43:23,228][src.modRNN.training.common][INFO] - 	 Starting Epoch: 405
[2026-05-01 20:43:23,551][src.modRNN.training.common][INFO] - train epoch 405 MSE 0.0118 nMSE 0.0835
[2026-05-01 20:43:23,551][src.modRNN.training.common][INFO] - 	 Starting Epoch: 406
[2026-05-01 20:43:23,874][src.modRNN.training.common][INFO] - train epoch 406 MSE 0.0094 nMSE 0.0662
[2026-05-01 20:43:23,875][src.modRNN.training.common][INFO] - 	 Starting Epoch: 407
[2026-05-01 20:43:24,197][src.modRNN.training.common][INFO] - train epoch 407 MSE 0.0101 nMSE 0.0717
[2026-05-01 20:43:24,198][src.modRNN.training.common][INFO] - 	 Starting Epoch: 408
[2026-05-01 20:43:24,520][src.modRNN.training.common][INFO] - train epoch 408 MSE 0.0119 nMSE 0.0841
[2026-05-01 20:43:24,521][src.modRNN.training.common][INFO] - 	 Starting Epoch: 409
[2026-05-01 20:43:24,843][src.modRNN.training.common][INFO] - train epoch 409 MSE 0.0092 nMSE 0.0654
[2026-05-01 20:43:24,843][src.modRNN.training.common][INFO] - 	 Starting Epoch: 410
[2026-05-01 20:43:25,164][src.modRNN.training.common][INFO] - train epoch 410 MSE 0.0121 nMSE 0.0854
[2026-05-01 20:43:25,165][src.modRNN.training.common][INFO] - 	 Starting Epoch: 411
[2026-05-01 20:43:25,487][src.modRNN.training.common][INFO] - train epoch 411 MSE 0.0088 nMSE 0.0622
[2026-05-01 20:43:25,488][src.modRNN.training.common][INFO] - 	 Starting Epoch: 412
[2026-05-01 20:43:25,809][src.modRNN.training.common][INFO] - train epoch 412 MSE 0.0140 nMSE 0.0993
[2026-05-01 20:43:25,810][src.modRNN.training.common][INFO] - 	 Starting Epoch: 413
[2026-05-01 20:43:26,132][src.modRNN.training.common][INFO] - train epoch 413 MSE 0.0094 nMSE 0.0664
[2026-05-01 20:43:26,133][src.modRNN.training.common][INFO] - 	 Starting Epoch: 414
[2026-05-01 20:43:26,454][src.modRNN.training.common][INFO] - train epoch 414 MSE 0.0171 nMSE 0.1213
[2026-05-01 20:43:26,455][src.modRNN.training.common][INFO] - 	 Starting Epoch: 415
[2026-05-01 20:43:26,777][src.modRNN.training.common][INFO] - train epoch 415 MSE 0.0098 nMSE 0.0691
[2026-05-01 20:43:26,778][src.modRNN.training.common][INFO] - 	 Starting Epoch: 416
[2026-05-01 20:43:27,105][src.modRNN.training.common][INFO] - train epoch 416 MSE 0.0102 nMSE 0.0722
[2026-05-01 20:43:27,106][src.modRNN.training.common][INFO] - 	 Starting Epoch: 417
[2026-05-01 20:43:27,454][src.modRNN.training.common][INFO] - train epoch 417 MSE 0.0096 nMSE 0.0676
[2026-05-01 20:43:27,455][src.modRNN.training.common][INFO] - 	 Starting Epoch: 418
[2026-05-01 20:43:27,805][src.modRNN.training.common][INFO] - train epoch 418 MSE 0.0121 nMSE 0.0855
[2026-05-01 20:43:27,806][src.modRNN.training.common][INFO] - 	 Starting Epoch: 419
[2026-05-01 20:43:28,128][src.modRNN.training.common][INFO] - train epoch 419 MSE 0.0125 nMSE 0.0881
[2026-05-01 20:43:28,129][src.modRNN.training.common][INFO] - 	 Starting Epoch: 420
[2026-05-01 20:43:28,452][src.modRNN.training.common][INFO] - train epoch 420 MSE 0.0104 nMSE 0.0734
[2026-05-01 20:43:28,452][src.modRNN.training.common][INFO] - 	 Starting Epoch: 421
[2026-05-01 20:43:28,774][src.modRNN.training.common][INFO] - train epoch 421 MSE 0.0095 nMSE 0.0675
[2026-05-01 20:43:28,775][src.modRNN.training.common][INFO] - 	 Starting Epoch: 422
[2026-05-01 20:43:29,097][src.modRNN.training.common][INFO] - train epoch 422 MSE 0.0116 nMSE 0.0823
[2026-05-01 20:43:29,098][src.modRNN.training.common][INFO] - 	 Starting Epoch: 423
[2026-05-01 20:43:29,420][src.modRNN.training.common][INFO] - train epoch 423 MSE 0.0091 nMSE 0.0646
[2026-05-01 20:43:29,421][src.modRNN.training.common][INFO] - 	 Starting Epoch: 424
[2026-05-01 20:43:29,742][src.modRNN.training.common][INFO] - train epoch 424 MSE 0.0154 nMSE 0.1092
[2026-05-01 20:43:29,743][src.modRNN.training.common][INFO] - 	 Starting Epoch: 425
[2026-05-01 20:43:30,065][src.modRNN.training.common][INFO] - train epoch 425 MSE 0.0116 nMSE 0.0824
[2026-05-01 20:43:30,066][src.modRNN.training.common][INFO] - 	 Starting Epoch: 426
[2026-05-01 20:43:30,387][src.modRNN.training.common][INFO] - train epoch 426 MSE 0.0118 nMSE 0.0832
[2026-05-01 20:43:30,432][src.modRNN.training.common][INFO] - eval  epoch 426 MSE 0.0131 nMSE 0.0927
[2026-05-01 20:43:30,433][src.modRNN.training.common][INFO] - 	 Starting Epoch: 427
[2026-05-01 20:43:30,755][src.modRNN.training.common][INFO] - train epoch 427 MSE 0.0131 nMSE 0.0927
[2026-05-01 20:43:30,756][src.modRNN.training.common][INFO] - 	 Starting Epoch: 428
[2026-05-01 20:43:31,078][src.modRNN.training.common][INFO] - train epoch 428 MSE 0.0086 nMSE 0.0607
[2026-05-01 20:43:31,079][src.modRNN.training.common][INFO] - 	 Starting Epoch: 429
[2026-05-01 20:43:31,398][src.modRNN.training.common][INFO] - train epoch 429 MSE 0.0103 nMSE 0.0726
[2026-05-01 20:43:31,399][src.modRNN.training.common][INFO] - 	 Starting Epoch: 430
[2026-05-01 20:43:31,717][src.modRNN.training.common][INFO] - train epoch 430 MSE 0.0102 nMSE 0.0722
[2026-05-01 20:43:31,718][src.modRNN.training.common][INFO] - 	 Starting Epoch: 431
[2026-05-01 20:43:32,037][src.modRNN.training.common][INFO] - train epoch 431 MSE 0.0124 nMSE 0.0881
[2026-05-01 20:43:32,038][src.modRNN.training.common][INFO] - 	 Starting Epoch: 432
[2026-05-01 20:43:32,360][src.modRNN.training.common][INFO] - train epoch 432 MSE 0.0082 nMSE 0.0580
[2026-05-01 20:43:32,360][src.modRNN.training.common][INFO] - 	 Starting Epoch: 433
[2026-05-01 20:43:32,679][src.modRNN.training.common][INFO] - train epoch 433 MSE 0.0107 nMSE 0.0755
[2026-05-01 20:43:32,680][src.modRNN.training.common][INFO] - 	 Starting Epoch: 434
[2026-05-01 20:43:32,999][src.modRNN.training.common][INFO] - train epoch 434 MSE 0.0096 nMSE 0.0678
[2026-05-01 20:43:33,000][src.modRNN.training.common][INFO] - 	 Starting Epoch: 435
[2026-05-01 20:43:33,319][src.modRNN.training.common][INFO] - train epoch 435 MSE 0.0111 nMSE 0.0786
[2026-05-01 20:43:33,319][src.modRNN.training.common][INFO] - 	 Starting Epoch: 436
[2026-05-01 20:43:33,638][src.modRNN.training.common][INFO] - train epoch 436 MSE 0.0096 nMSE 0.0681
[2026-05-01 20:43:33,639][src.modRNN.training.common][INFO] - 	 Starting Epoch: 437
[2026-05-01 20:43:33,959][src.modRNN.training.common][INFO] - train epoch 437 MSE 0.0141 nMSE 0.0995
[2026-05-01 20:43:33,959][src.modRNN.training.common][INFO] - 	 Starting Epoch: 438
[2026-05-01 20:43:34,279][src.modRNN.training.common][INFO] - train epoch 438 MSE 0.0081 nMSE 0.0576
[2026-05-01 20:43:34,280][src.modRNN.training.common][INFO] - 	 Starting Epoch: 439
[2026-05-01 20:43:34,598][src.modRNN.training.common][INFO] - train epoch 439 MSE 0.0159 nMSE 0.1122
[2026-05-01 20:43:34,599][src.modRNN.training.common][INFO] - 	 Starting Epoch: 440
[2026-05-01 20:43:34,918][src.modRNN.training.common][INFO] - train epoch 440 MSE 0.0084 nMSE 0.0592
[2026-05-01 20:43:34,919][src.modRNN.training.common][INFO] - 	 Starting Epoch: 441
[2026-05-01 20:43:35,238][src.modRNN.training.common][INFO] - train epoch 441 MSE 0.0106 nMSE 0.0752
[2026-05-01 20:43:35,239][src.modRNN.training.common][INFO] - 	 Starting Epoch: 442
[2026-05-01 20:43:35,559][src.modRNN.training.common][INFO] - train epoch 442 MSE 0.0095 nMSE 0.0674
[2026-05-01 20:43:35,560][src.modRNN.training.common][INFO] - 	 Starting Epoch: 443
[2026-05-01 20:43:35,879][src.modRNN.training.common][INFO] - train epoch 443 MSE 0.0100 nMSE 0.0710
[2026-05-01 20:43:35,880][src.modRNN.training.common][INFO] - 	 Starting Epoch: 444
[2026-05-01 20:43:36,199][src.modRNN.training.common][INFO] - train epoch 444 MSE 0.0095 nMSE 0.0672
[2026-05-01 20:43:36,200][src.modRNN.training.common][INFO] - 	 Starting Epoch: 445
[2026-05-01 20:43:36,518][src.modRNN.training.common][INFO] - train epoch 445 MSE 0.0132 nMSE 0.0935
[2026-05-01 20:43:36,519][src.modRNN.training.common][INFO] - 	 Starting Epoch: 446
[2026-05-01 20:43:36,837][src.modRNN.training.common][INFO] - train epoch 446 MSE 0.0089 nMSE 0.0628
[2026-05-01 20:43:36,838][src.modRNN.training.common][INFO] - 	 Starting Epoch: 447
[2026-05-01 20:43:37,157][src.modRNN.training.common][INFO] - train epoch 447 MSE 0.0130 nMSE 0.0922
[2026-05-01 20:43:37,158][src.modRNN.training.common][INFO] - 	 Starting Epoch: 448
[2026-05-01 20:43:37,477][src.modRNN.training.common][INFO] - train epoch 448 MSE 0.0090 nMSE 0.0639
[2026-05-01 20:43:37,478][src.modRNN.training.common][INFO] - 	 Starting Epoch: 449
[2026-05-01 20:43:37,796][src.modRNN.training.common][INFO] - train epoch 449 MSE 0.0104 nMSE 0.0735
[2026-05-01 20:43:37,797][src.modRNN.training.common][INFO] - 	 Starting Epoch: 450
[2026-05-01 20:43:38,117][src.modRNN.training.common][INFO] - train epoch 450 MSE 0.0073 nMSE 0.0519
[2026-05-01 20:43:38,118][src.modRNN.training.common][INFO] - 	 Starting Epoch: 451
[2026-05-01 20:43:38,437][src.modRNN.training.common][INFO] - train epoch 451 MSE 0.0092 nMSE 0.0648
[2026-05-01 20:43:38,481][src.modRNN.training.common][INFO] - eval  epoch 451 MSE 0.0077 nMSE 0.0542
[2026-05-01 20:43:38,482][src.modRNN.training.common][INFO] - 	 Starting Epoch: 452
[2026-05-01 20:43:38,801][src.modRNN.training.common][INFO] - train epoch 452 MSE 0.0077 nMSE 0.0542
[2026-05-01 20:43:38,802][src.modRNN.training.common][INFO] - 	 Starting Epoch: 453
[2026-05-01 20:43:39,122][src.modRNN.training.common][INFO] - train epoch 453 MSE 0.0077 nMSE 0.0548
[2026-05-01 20:43:39,123][src.modRNN.training.common][INFO] - 	 Starting Epoch: 454
[2026-05-01 20:43:39,441][src.modRNN.training.common][INFO] - train epoch 454 MSE 0.0078 nMSE 0.0551
[2026-05-01 20:43:39,442][src.modRNN.training.common][INFO] - 	 Starting Epoch: 455
[2026-05-01 20:43:39,761][src.modRNN.training.common][INFO] - train epoch 455 MSE 0.0102 nMSE 0.0723
[2026-05-01 20:43:39,762][src.modRNN.training.common][INFO] - 	 Starting Epoch: 456
[2026-05-01 20:43:40,081][src.modRNN.training.common][INFO] - train epoch 456 MSE 0.0100 nMSE 0.0708
[2026-05-01 20:43:40,082][src.modRNN.training.common][INFO] - 	 Starting Epoch: 457
[2026-05-01 20:43:40,400][src.modRNN.training.common][INFO] - train epoch 457 MSE 0.0068 nMSE 0.0484
[2026-05-01 20:43:40,401][src.modRNN.training.common][INFO] - 	 Starting Epoch: 458
[2026-05-01 20:43:40,722][src.modRNN.training.common][INFO] - train epoch 458 MSE 0.0087 nMSE 0.0619
[2026-05-01 20:43:40,722][src.modRNN.training.common][INFO] - 	 Starting Epoch: 459
[2026-05-01 20:43:41,041][src.modRNN.training.common][INFO] - train epoch 459 MSE 0.0096 nMSE 0.0677
[2026-05-01 20:43:41,042][src.modRNN.training.common][INFO] - 	 Starting Epoch: 460
[2026-05-01 20:43:41,361][src.modRNN.training.common][INFO] - train epoch 460 MSE 0.0095 nMSE 0.0671
[2026-05-01 20:43:41,362][src.modRNN.training.common][INFO] - 	 Starting Epoch: 461
[2026-05-01 20:43:41,680][src.modRNN.training.common][INFO] - train epoch 461 MSE 0.0091 nMSE 0.0646
[2026-05-01 20:43:41,681][src.modRNN.training.common][INFO] - 	 Starting Epoch: 462
[2026-05-01 20:43:42,000][src.modRNN.training.common][INFO] - train epoch 462 MSE 0.0087 nMSE 0.0617
[2026-05-01 20:43:42,001][src.modRNN.training.common][INFO] - 	 Starting Epoch: 463
[2026-05-01 20:43:42,320][src.modRNN.training.common][INFO] - train epoch 463 MSE 0.0080 nMSE 0.0567
[2026-05-01 20:43:42,321][src.modRNN.training.common][INFO] - 	 Starting Epoch: 464
[2026-05-01 20:43:42,641][src.modRNN.training.common][INFO] - train epoch 464 MSE 0.0094 nMSE 0.0664
[2026-05-01 20:43:42,642][src.modRNN.training.common][INFO] - 	 Starting Epoch: 465
[2026-05-01 20:43:42,961][src.modRNN.training.common][INFO] - train epoch 465 MSE 0.0081 nMSE 0.0575
[2026-05-01 20:43:42,962][src.modRNN.training.common][INFO] - 	 Starting Epoch: 466
[2026-05-01 20:43:43,281][src.modRNN.training.common][INFO] - train epoch 466 MSE 0.0094 nMSE 0.0662
[2026-05-01 20:43:43,282][src.modRNN.training.common][INFO] - 	 Starting Epoch: 467
[2026-05-01 20:43:43,601][src.modRNN.training.common][INFO] - train epoch 467 MSE 0.0071 nMSE 0.0505
[2026-05-01 20:43:43,602][src.modRNN.training.common][INFO] - 	 Starting Epoch: 468
[2026-05-01 20:43:43,921][src.modRNN.training.common][INFO] - train epoch 468 MSE 0.0120 nMSE 0.0851
[2026-05-01 20:43:43,921][src.modRNN.training.common][INFO] - 	 Starting Epoch: 469
[2026-05-01 20:43:44,240][src.modRNN.training.common][INFO] - train epoch 469 MSE 0.0081 nMSE 0.0572
[2026-05-01 20:43:44,241][src.modRNN.training.common][INFO] - 	 Starting Epoch: 470
[2026-05-01 20:43:44,560][src.modRNN.training.common][INFO] - train epoch 470 MSE 0.0090 nMSE 0.0635
[2026-05-01 20:43:44,561][src.modRNN.training.common][INFO] - 	 Starting Epoch: 471
[2026-05-01 20:43:44,880][src.modRNN.training.common][INFO] - train epoch 471 MSE 0.0100 nMSE 0.0709
[2026-05-01 20:43:44,881][src.modRNN.training.common][INFO] - 	 Starting Epoch: 472
[2026-05-01 20:43:45,200][src.modRNN.training.common][INFO] - train epoch 472 MSE 0.0085 nMSE 0.0604
[2026-05-01 20:43:45,200][src.modRNN.training.common][INFO] - 	 Starting Epoch: 473
[2026-05-01 20:43:45,519][src.modRNN.training.common][INFO] - train epoch 473 MSE 0.0072 nMSE 0.0509
[2026-05-01 20:43:45,520][src.modRNN.training.common][INFO] - 	 Starting Epoch: 474
[2026-05-01 20:43:45,839][src.modRNN.training.common][INFO] - train epoch 474 MSE 0.0100 nMSE 0.0706
[2026-05-01 20:43:45,840][src.modRNN.training.common][INFO] - 	 Starting Epoch: 475
[2026-05-01 20:43:46,159][src.modRNN.training.common][INFO] - train epoch 475 MSE 0.0087 nMSE 0.0614
[2026-05-01 20:43:46,160][src.modRNN.training.common][INFO] - 	 Starting Epoch: 476
[2026-05-01 20:43:46,480][src.modRNN.training.common][INFO] - train epoch 476 MSE 0.0079 nMSE 0.0560
[2026-05-01 20:43:46,524][src.modRNN.training.common][INFO] - eval  epoch 476 MSE 0.0093 nMSE 0.0659
[2026-05-01 20:43:46,525][src.modRNN.training.common][INFO] - 	 Starting Epoch: 477
[2026-05-01 20:43:46,844][src.modRNN.training.common][INFO] - train epoch 477 MSE 0.0093 nMSE 0.0659
[2026-05-01 20:43:46,845][src.modRNN.training.common][INFO] - 	 Starting Epoch: 478
[2026-05-01 20:43:47,165][src.modRNN.training.common][INFO] - train epoch 478 MSE 0.0073 nMSE 0.0515
[2026-05-01 20:43:47,165][src.modRNN.training.common][INFO] - 	 Starting Epoch: 479
[2026-05-01 20:43:47,484][src.modRNN.training.common][INFO] - train epoch 479 MSE 0.0097 nMSE 0.0687
[2026-05-01 20:43:47,485][src.modRNN.training.common][INFO] - 	 Starting Epoch: 480
[2026-05-01 20:43:47,804][src.modRNN.training.common][INFO] - train epoch 480 MSE 0.0106 nMSE 0.0749
[2026-05-01 20:43:47,805][src.modRNN.training.common][INFO] - 	 Starting Epoch: 481
[2026-05-01 20:43:48,124][src.modRNN.training.common][INFO] - train epoch 481 MSE 0.0074 nMSE 0.0526
[2026-05-01 20:43:48,124][src.modRNN.training.common][INFO] - 	 Starting Epoch: 482
[2026-05-01 20:43:48,444][src.modRNN.training.common][INFO] - train epoch 482 MSE 0.0077 nMSE 0.0541
[2026-05-01 20:43:48,445][src.modRNN.training.common][INFO] - 	 Starting Epoch: 483
[2026-05-01 20:43:48,765][src.modRNN.training.common][INFO] - train epoch 483 MSE 0.0069 nMSE 0.0487
[2026-05-01 20:43:48,766][src.modRNN.training.common][INFO] - 	 Starting Epoch: 484
[2026-05-01 20:43:49,086][src.modRNN.training.common][INFO] - train epoch 484 MSE 0.0090 nMSE 0.0637
[2026-05-01 20:43:49,087][src.modRNN.training.common][INFO] - 	 Starting Epoch: 485
[2026-05-01 20:43:49,406][src.modRNN.training.common][INFO] - train epoch 485 MSE 0.0092 nMSE 0.0649
[2026-05-01 20:43:49,407][src.modRNN.training.common][INFO] - 	 Starting Epoch: 486
[2026-05-01 20:43:49,727][src.modRNN.training.common][INFO] - train epoch 486 MSE 0.0081 nMSE 0.0572
[2026-05-01 20:43:49,727][src.modRNN.training.common][INFO] - 	 Starting Epoch: 487
[2026-05-01 20:43:50,046][src.modRNN.training.common][INFO] - train epoch 487 MSE 0.0102 nMSE 0.0719
[2026-05-01 20:43:50,047][src.modRNN.training.common][INFO] - 	 Starting Epoch: 488
[2026-05-01 20:43:50,366][src.modRNN.training.common][INFO] - train epoch 488 MSE 0.0084 nMSE 0.0592
[2026-05-01 20:43:50,367][src.modRNN.training.common][INFO] - 	 Starting Epoch: 489
[2026-05-01 20:43:50,686][src.modRNN.training.common][INFO] - train epoch 489 MSE 0.0086 nMSE 0.0609
[2026-05-01 20:43:50,687][src.modRNN.training.common][INFO] - 	 Starting Epoch: 490
[2026-05-01 20:43:51,007][src.modRNN.training.common][INFO] - train epoch 490 MSE 0.0073 nMSE 0.0519
[2026-05-01 20:43:51,008][src.modRNN.training.common][INFO] - 	 Starting Epoch: 491
[2026-05-01 20:43:51,327][src.modRNN.training.common][INFO] - train epoch 491 MSE 0.0075 nMSE 0.0529
[2026-05-01 20:43:51,328][src.modRNN.training.common][INFO] - 	 Starting Epoch: 492
[2026-05-01 20:43:51,646][src.modRNN.training.common][INFO] - train epoch 492 MSE 0.0077 nMSE 0.0547
[2026-05-01 20:43:51,647][src.modRNN.training.common][INFO] - 	 Starting Epoch: 493
[2026-05-01 20:43:51,966][src.modRNN.training.common][INFO] - train epoch 493 MSE 0.0085 nMSE 0.0601
[2026-05-01 20:43:51,967][src.modRNN.training.common][INFO] - 	 Starting Epoch: 494
[2026-05-01 20:43:52,286][src.modRNN.training.common][INFO] - train epoch 494 MSE 0.0075 nMSE 0.0534
[2026-05-01 20:43:52,287][src.modRNN.training.common][INFO] - 	 Starting Epoch: 495
[2026-05-01 20:43:52,607][src.modRNN.training.common][INFO] - train epoch 495 MSE 0.0066 nMSE 0.0470
[2026-05-01 20:43:52,607][src.modRNN.training.common][INFO] - 	 Starting Epoch: 496
[2026-05-01 20:43:52,928][src.modRNN.training.common][INFO] - train epoch 496 MSE 0.0080 nMSE 0.0565
[2026-05-01 20:43:52,928][src.modRNN.training.common][INFO] - 	 Starting Epoch: 497
[2026-05-01 20:43:53,247][src.modRNN.training.common][INFO] - train epoch 497 MSE 0.0086 nMSE 0.0609
[2026-05-01 20:43:53,248][src.modRNN.training.common][INFO] - 	 Starting Epoch: 498
[2026-05-01 20:43:53,568][src.modRNN.training.common][INFO] - train epoch 498 MSE 0.0076 nMSE 0.0539
[2026-05-01 20:43:53,568][src.modRNN.training.common][INFO] - 	 Starting Epoch: 499
[2026-05-01 20:43:53,888][src.modRNN.training.common][INFO] - train epoch 499 MSE 0.0084 nMSE 0.0593
[2026-05-01 20:43:53,888][src.modRNN.training.common][INFO] - 	 Starting Epoch: 500
[2026-05-01 20:43:54,208][src.modRNN.training.common][INFO] - train epoch 500 MSE 0.0080 nMSE 0.0564
[2026-05-01 20:43:54,209][src.modRNN.training.common][INFO] - 	 Starting Epoch: 501
[2026-05-01 20:43:54,528][src.modRNN.training.common][INFO] - train epoch 501 MSE 0.0091 nMSE 0.0641
[2026-05-01 20:43:54,572][src.modRNN.training.common][INFO] - eval  epoch 501 MSE 0.0070 nMSE 0.0497
[2026-05-01 20:43:54,573][src.modRNN.training.common][INFO] - 	 Starting Epoch: 502
[2026-05-01 20:43:54,894][src.modRNN.training.common][INFO] - train epoch 502 MSE 0.0070 nMSE 0.0497
[2026-05-01 20:43:54,894][src.modRNN.training.common][INFO] - 	 Starting Epoch: 503
[2026-05-01 20:43:55,214][src.modRNN.training.common][INFO] - train epoch 503 MSE 0.0087 nMSE 0.0612
[2026-05-01 20:43:55,215][src.modRNN.training.common][INFO] - 	 Starting Epoch: 504
[2026-05-01 20:43:55,534][src.modRNN.training.common][INFO] - train epoch 504 MSE 0.0081 nMSE 0.0573
[2026-05-01 20:43:55,535][src.modRNN.training.common][INFO] - 	 Starting Epoch: 505
[2026-05-01 20:43:55,854][src.modRNN.training.common][INFO] - train epoch 505 MSE 0.0085 nMSE 0.0600
[2026-05-01 20:43:55,855][src.modRNN.training.common][INFO] - 	 Starting Epoch: 506
[2026-05-01 20:43:56,175][src.modRNN.training.common][INFO] - train epoch 506 MSE 0.0066 nMSE 0.0468
[2026-05-01 20:43:56,176][src.modRNN.training.common][INFO] - 	 Starting Epoch: 507
[2026-05-01 20:43:56,496][src.modRNN.training.common][INFO] - train epoch 507 MSE 0.0078 nMSE 0.0549
[2026-05-01 20:43:56,497][src.modRNN.training.common][INFO] - 	 Starting Epoch: 508
[2026-05-01 20:43:56,816][src.modRNN.training.common][INFO] - train epoch 508 MSE 0.0071 nMSE 0.0500
[2026-05-01 20:43:56,817][src.modRNN.training.common][INFO] - 	 Starting Epoch: 509
[2026-05-01 20:43:57,136][src.modRNN.training.common][INFO] - train epoch 509 MSE 0.0072 nMSE 0.0506
[2026-05-01 20:43:57,137][src.modRNN.training.common][INFO] - 	 Starting Epoch: 510
[2026-05-01 20:43:57,457][src.modRNN.training.common][INFO] - train epoch 510 MSE 0.0080 nMSE 0.0567
[2026-05-01 20:43:57,457][src.modRNN.training.common][INFO] - 	 Starting Epoch: 511
[2026-05-01 20:43:57,776][src.modRNN.training.common][INFO] - train epoch 511 MSE 0.0086 nMSE 0.0609
[2026-05-01 20:43:57,777][src.modRNN.training.common][INFO] - 	 Starting Epoch: 512
[2026-05-01 20:43:58,096][src.modRNN.training.common][INFO] - train epoch 512 MSE 0.0093 nMSE 0.0659
[2026-05-01 20:43:58,096][src.modRNN.training.common][INFO] - 	 Starting Epoch: 513
[2026-05-01 20:43:58,414][src.modRNN.training.common][INFO] - train epoch 513 MSE 0.0078 nMSE 0.0549
[2026-05-01 20:43:58,415][src.modRNN.training.common][INFO] - 	 Starting Epoch: 514
[2026-05-01 20:43:58,734][src.modRNN.training.common][INFO] - train epoch 514 MSE 0.0078 nMSE 0.0550
[2026-05-01 20:43:58,735][src.modRNN.training.common][INFO] - 	 Starting Epoch: 515
[2026-05-01 20:43:59,056][src.modRNN.training.common][INFO] - train epoch 515 MSE 0.0075 nMSE 0.0527
[2026-05-01 20:43:59,056][src.modRNN.training.common][INFO] - 	 Starting Epoch: 516
[2026-05-01 20:43:59,374][src.modRNN.training.common][INFO] - train epoch 516 MSE 0.0085 nMSE 0.0599
[2026-05-01 20:43:59,375][src.modRNN.training.common][INFO] - 	 Starting Epoch: 517
[2026-05-01 20:43:59,694][src.modRNN.training.common][INFO] - train epoch 517 MSE 0.0076 nMSE 0.0535
[2026-05-01 20:43:59,695][src.modRNN.training.common][INFO] - 	 Starting Epoch: 518
[2026-05-01 20:44:00,014][src.modRNN.training.common][INFO] - train epoch 518 MSE 0.0068 nMSE 0.0478
[2026-05-01 20:44:00,015][src.modRNN.training.common][INFO] - 	 Starting Epoch: 519
[2026-05-01 20:44:00,334][src.modRNN.training.common][INFO] - train epoch 519 MSE 0.0074 nMSE 0.0523
[2026-05-01 20:44:00,335][src.modRNN.training.common][INFO] - 	 Starting Epoch: 520
[2026-05-01 20:44:00,654][src.modRNN.training.common][INFO] - train epoch 520 MSE 0.0078 nMSE 0.0552
[2026-05-01 20:44:00,655][src.modRNN.training.common][INFO] - 	 Starting Epoch: 521
[2026-05-01 20:44:00,974][src.modRNN.training.common][INFO] - train epoch 521 MSE 0.0077 nMSE 0.0547
[2026-05-01 20:44:00,974][src.modRNN.training.common][INFO] - 	 Starting Epoch: 522
[2026-05-01 20:44:01,294][src.modRNN.training.common][INFO] - train epoch 522 MSE 0.0084 nMSE 0.0596
[2026-05-01 20:44:01,295][src.modRNN.training.common][INFO] - 	 Starting Epoch: 523
[2026-05-01 20:44:01,614][src.modRNN.training.common][INFO] - train epoch 523 MSE 0.0076 nMSE 0.0539
[2026-05-01 20:44:01,615][src.modRNN.training.common][INFO] - 	 Starting Epoch: 524
[2026-05-01 20:44:01,934][src.modRNN.training.common][INFO] - train epoch 524 MSE 0.0079 nMSE 0.0561
[2026-05-01 20:44:01,935][src.modRNN.training.common][INFO] - 	 Starting Epoch: 525
[2026-05-01 20:44:02,317][src.modRNN.training.common][INFO] - train epoch 525 MSE 0.0079 nMSE 0.0557
[2026-05-01 20:44:02,318][src.modRNN.training.common][INFO] - 	 Starting Epoch: 526
[2026-05-01 20:44:02,639][src.modRNN.training.common][INFO] - train epoch 526 MSE 0.0071 nMSE 0.0505
[2026-05-01 20:44:02,685][src.modRNN.training.common][INFO] - eval  epoch 526 MSE 0.0082 nMSE 0.0583
[2026-05-01 20:44:02,686][src.modRNN.training.common][INFO] - 	 Starting Epoch: 527
[2026-05-01 20:44:03,008][src.modRNN.training.common][INFO] - train epoch 527 MSE 0.0082 nMSE 0.0583
[2026-05-01 20:44:03,009][src.modRNN.training.common][INFO] - 	 Starting Epoch: 528
[2026-05-01 20:44:03,332][src.modRNN.training.common][INFO] - train epoch 528 MSE 0.0074 nMSE 0.0526
[2026-05-01 20:44:03,332][src.modRNN.training.common][INFO] - 	 Starting Epoch: 529
[2026-05-01 20:44:03,654][src.modRNN.training.common][INFO] - train epoch 529 MSE 0.0078 nMSE 0.0553
[2026-05-01 20:44:03,655][src.modRNN.training.common][INFO] - 	 Starting Epoch: 530
[2026-05-01 20:44:03,979][src.modRNN.training.common][INFO] - train epoch 530 MSE 0.0081 nMSE 0.0575
[2026-05-01 20:44:03,979][src.modRNN.training.common][INFO] - 	 Starting Epoch: 531
[2026-05-01 20:44:04,301][src.modRNN.training.common][INFO] - train epoch 531 MSE 0.0073 nMSE 0.0513
[2026-05-01 20:44:04,302][src.modRNN.training.common][INFO] - 	 Starting Epoch: 532
[2026-05-01 20:44:04,623][src.modRNN.training.common][INFO] - train epoch 532 MSE 0.0072 nMSE 0.0511
[2026-05-01 20:44:04,624][src.modRNN.training.common][INFO] - 	 Starting Epoch: 533
[2026-05-01 20:44:04,946][src.modRNN.training.common][INFO] - train epoch 533 MSE 0.0074 nMSE 0.0521
[2026-05-01 20:44:04,947][src.modRNN.training.common][INFO] - 	 Starting Epoch: 534
[2026-05-01 20:44:05,269][src.modRNN.training.common][INFO] - train epoch 534 MSE 0.0076 nMSE 0.0537
[2026-05-01 20:44:05,270][src.modRNN.training.common][INFO] - 	 Starting Epoch: 535
[2026-05-01 20:44:05,593][src.modRNN.training.common][INFO] - train epoch 535 MSE 0.0087 nMSE 0.0614
[2026-05-01 20:44:05,593][src.modRNN.training.common][INFO] - 	 Starting Epoch: 536
[2026-05-01 20:44:05,915][src.modRNN.training.common][INFO] - train epoch 536 MSE 0.0083 nMSE 0.0588
[2026-05-01 20:44:05,916][src.modRNN.training.common][INFO] - 	 Starting Epoch: 537
[2026-05-01 20:44:06,238][src.modRNN.training.common][INFO] - train epoch 537 MSE 0.0078 nMSE 0.0554
[2026-05-01 20:44:06,239][src.modRNN.training.common][INFO] - 	 Starting Epoch: 538
[2026-05-01 20:44:06,561][src.modRNN.training.common][INFO] - train epoch 538 MSE 0.0071 nMSE 0.0502
[2026-05-01 20:44:06,562][src.modRNN.training.common][INFO] - 	 Starting Epoch: 539
[2026-05-01 20:44:06,883][src.modRNN.training.common][INFO] - train epoch 539 MSE 0.0074 nMSE 0.0522
[2026-05-01 20:44:06,884][src.modRNN.training.common][INFO] - 	 Starting Epoch: 540
[2026-05-01 20:44:07,206][src.modRNN.training.common][INFO] - train epoch 540 MSE 0.0126 nMSE 0.0893
[2026-05-01 20:44:07,207][src.modRNN.training.common][INFO] - 	 Starting Epoch: 541
[2026-05-01 20:44:07,529][src.modRNN.training.common][INFO] - train epoch 541 MSE 0.0087 nMSE 0.0615
[2026-05-01 20:44:07,530][src.modRNN.training.common][INFO] - 	 Starting Epoch: 542
[2026-05-01 20:44:07,852][src.modRNN.training.common][INFO] - train epoch 542 MSE 0.0087 nMSE 0.0614
[2026-05-01 20:44:07,853][src.modRNN.training.common][INFO] - 	 Starting Epoch: 543
[2026-05-01 20:44:08,173][src.modRNN.training.common][INFO] - train epoch 543 MSE 0.0116 nMSE 0.0823
[2026-05-01 20:44:08,174][src.modRNN.training.common][INFO] - 	 Starting Epoch: 544
[2026-05-01 20:44:08,496][src.modRNN.training.common][INFO] - train epoch 544 MSE 0.0065 nMSE 0.0463
[2026-05-01 20:44:08,497][src.modRNN.training.common][INFO] - 	 Starting Epoch: 545
[2026-05-01 20:44:08,818][src.modRNN.training.common][INFO] - train epoch 545 MSE 0.0080 nMSE 0.0567
[2026-05-01 20:44:08,819][src.modRNN.training.common][INFO] - 	 Starting Epoch: 546
[2026-05-01 20:44:09,141][src.modRNN.training.common][INFO] - train epoch 546 MSE 0.0079 nMSE 0.0560
[2026-05-01 20:44:09,142][src.modRNN.training.common][INFO] - 	 Starting Epoch: 547
[2026-05-01 20:44:09,465][src.modRNN.training.common][INFO] - train epoch 547 MSE 0.0078 nMSE 0.0549
[2026-05-01 20:44:09,466][src.modRNN.training.common][INFO] - 	 Starting Epoch: 548
[2026-05-01 20:44:09,788][src.modRNN.training.common][INFO] - train epoch 548 MSE 0.0067 nMSE 0.0472
[2026-05-01 20:44:09,789][src.modRNN.training.common][INFO] - 	 Starting Epoch: 549
[2026-05-01 20:44:10,112][src.modRNN.training.common][INFO] - train epoch 549 MSE 0.0075 nMSE 0.0527
[2026-05-01 20:44:10,113][src.modRNN.training.common][INFO] - 	 Starting Epoch: 550
[2026-05-01 20:44:10,435][src.modRNN.training.common][INFO] - train epoch 550 MSE 0.0073 nMSE 0.0514
[2026-05-01 20:44:10,436][src.modRNN.training.common][INFO] - 	 Starting Epoch: 551
[2026-05-01 20:44:10,758][src.modRNN.training.common][INFO] - train epoch 551 MSE 0.0086 nMSE 0.0609
[2026-05-01 20:44:10,803][src.modRNN.training.common][INFO] - eval  epoch 551 MSE 0.0071 nMSE 0.0504
[2026-05-01 20:44:10,804][src.modRNN.training.common][INFO] - 	 Starting Epoch: 552
[2026-05-01 20:44:11,126][src.modRNN.training.common][INFO] - train epoch 552 MSE 0.0071 nMSE 0.0504
[2026-05-01 20:44:11,127][src.modRNN.training.common][INFO] - 	 Starting Epoch: 553
[2026-05-01 20:44:11,449][src.modRNN.training.common][INFO] - train epoch 553 MSE 0.0074 nMSE 0.0524
[2026-05-01 20:44:11,450][src.modRNN.training.common][INFO] - 	 Starting Epoch: 554
[2026-05-01 20:44:11,772][src.modRNN.training.common][INFO] - train epoch 554 MSE 0.0097 nMSE 0.0683
[2026-05-01 20:44:11,773][src.modRNN.training.common][INFO] - 	 Starting Epoch: 555
[2026-05-01 20:44:12,094][src.modRNN.training.common][INFO] - train epoch 555 MSE 0.0073 nMSE 0.0514
[2026-05-01 20:44:12,095][src.modRNN.training.common][INFO] - 	 Starting Epoch: 556
[2026-05-01 20:44:12,416][src.modRNN.training.common][INFO] - train epoch 556 MSE 0.0075 nMSE 0.0528
[2026-05-01 20:44:12,417][src.modRNN.training.common][INFO] - 	 Starting Epoch: 557
[2026-05-01 20:44:12,738][src.modRNN.training.common][INFO] - train epoch 557 MSE 0.0066 nMSE 0.0467
[2026-05-01 20:44:12,739][src.modRNN.training.common][INFO] - 	 Starting Epoch: 558
[2026-05-01 20:44:13,061][src.modRNN.training.common][INFO] - train epoch 558 MSE 0.0076 nMSE 0.0540
[2026-05-01 20:44:13,062][src.modRNN.training.common][INFO] - 	 Starting Epoch: 559
[2026-05-01 20:44:13,384][src.modRNN.training.common][INFO] - train epoch 559 MSE 0.0075 nMSE 0.0531
[2026-05-01 20:44:13,385][src.modRNN.training.common][INFO] - 	 Starting Epoch: 560
[2026-05-01 20:44:13,706][src.modRNN.training.common][INFO] - train epoch 560 MSE 0.0070 nMSE 0.0495
[2026-05-01 20:44:13,706][src.modRNN.training.common][INFO] - 	 Starting Epoch: 561
[2026-05-01 20:44:14,028][src.modRNN.training.common][INFO] - train epoch 561 MSE 0.0082 nMSE 0.0582
[2026-05-01 20:44:14,029][src.modRNN.training.common][INFO] - 	 Starting Epoch: 562
[2026-05-01 20:44:14,350][src.modRNN.training.common][INFO] - train epoch 562 MSE 0.0080 nMSE 0.0567
[2026-05-01 20:44:14,351][src.modRNN.training.common][INFO] - 	 Starting Epoch: 563
[2026-05-01 20:44:14,673][src.modRNN.training.common][INFO] - train epoch 563 MSE 0.0081 nMSE 0.0575
[2026-05-01 20:44:14,674][src.modRNN.training.common][INFO] - 	 Starting Epoch: 564
[2026-05-01 20:44:14,996][src.modRNN.training.common][INFO] - train epoch 564 MSE 0.0065 nMSE 0.0459
[2026-05-01 20:44:14,997][src.modRNN.training.common][INFO] - 	 Starting Epoch: 565
[2026-05-01 20:44:15,319][src.modRNN.training.common][INFO] - train epoch 565 MSE 0.0101 nMSE 0.0712
[2026-05-01 20:44:15,320][src.modRNN.training.common][INFO] - 	 Starting Epoch: 566
[2026-05-01 20:44:15,641][src.modRNN.training.common][INFO] - train epoch 566 MSE 0.0070 nMSE 0.0497
[2026-05-01 20:44:15,642][src.modRNN.training.common][INFO] - 	 Starting Epoch: 567
[2026-05-01 20:44:15,963][src.modRNN.training.common][INFO] - train epoch 567 MSE 0.0085 nMSE 0.0601
[2026-05-01 20:44:15,964][src.modRNN.training.common][INFO] - 	 Starting Epoch: 568
[2026-05-01 20:44:16,286][src.modRNN.training.common][INFO] - train epoch 568 MSE 0.0094 nMSE 0.0665
[2026-05-01 20:44:16,287][src.modRNN.training.common][INFO] - 	 Starting Epoch: 569
[2026-05-01 20:44:16,608][src.modRNN.training.common][INFO] - train epoch 569 MSE 0.0070 nMSE 0.0495
[2026-05-01 20:44:16,609][src.modRNN.training.common][INFO] - 	 Starting Epoch: 570
[2026-05-01 20:44:16,931][src.modRNN.training.common][INFO] - train epoch 570 MSE 0.0083 nMSE 0.0589
[2026-05-01 20:44:16,931][src.modRNN.training.common][INFO] - 	 Starting Epoch: 571
[2026-05-01 20:44:17,254][src.modRNN.training.common][INFO] - train epoch 571 MSE 0.0079 nMSE 0.0558
[2026-05-01 20:44:17,254][src.modRNN.training.common][INFO] - 	 Starting Epoch: 572
[2026-05-01 20:44:17,577][src.modRNN.training.common][INFO] - train epoch 572 MSE 0.0088 nMSE 0.0620
[2026-05-01 20:44:17,578][src.modRNN.training.common][INFO] - 	 Starting Epoch: 573
[2026-05-01 20:44:17,899][src.modRNN.training.common][INFO] - train epoch 573 MSE 0.0065 nMSE 0.0462
[2026-05-01 20:44:17,900][src.modRNN.training.common][INFO] - 	 Starting Epoch: 574
[2026-05-01 20:44:18,221][src.modRNN.training.common][INFO] - train epoch 574 MSE 0.0082 nMSE 0.0582
[2026-05-01 20:44:18,222][src.modRNN.training.common][INFO] - 	 Starting Epoch: 575
[2026-05-01 20:44:18,544][src.modRNN.training.common][INFO] - train epoch 575 MSE 0.0065 nMSE 0.0458
[2026-05-01 20:44:18,544][src.modRNN.training.common][INFO] - 	 Starting Epoch: 576
[2026-05-01 20:44:18,865][src.modRNN.training.common][INFO] - train epoch 576 MSE 0.0078 nMSE 0.0551
[2026-05-01 20:44:18,910][src.modRNN.training.common][INFO] - eval  epoch 576 MSE 0.0068 nMSE 0.0484
[2026-05-01 20:44:18,911][src.modRNN.training.common][INFO] - 	 Starting Epoch: 577
[2026-05-01 20:44:19,234][src.modRNN.training.common][INFO] - train epoch 577 MSE 0.0068 nMSE 0.0484
[2026-05-01 20:44:19,235][src.modRNN.training.common][INFO] - 	 Starting Epoch: 578
[2026-05-01 20:44:19,556][src.modRNN.training.common][INFO] - train epoch 578 MSE 0.0082 nMSE 0.0581
[2026-05-01 20:44:19,557][src.modRNN.training.common][INFO] - 	 Starting Epoch: 579
[2026-05-01 20:44:19,879][src.modRNN.training.common][INFO] - train epoch 579 MSE 0.0065 nMSE 0.0463
[2026-05-01 20:44:19,879][src.modRNN.training.common][INFO] - 	 Starting Epoch: 580
[2026-05-01 20:44:20,201][src.modRNN.training.common][INFO] - train epoch 580 MSE 0.0071 nMSE 0.0504
[2026-05-01 20:44:20,201][src.modRNN.training.common][INFO] - 	 Starting Epoch: 581
[2026-05-01 20:44:20,522][src.modRNN.training.common][INFO] - train epoch 581 MSE 0.0084 nMSE 0.0596
[2026-05-01 20:44:20,523][src.modRNN.training.common][INFO] - 	 Starting Epoch: 582
[2026-05-01 20:44:20,845][src.modRNN.training.common][INFO] - train epoch 582 MSE 0.0068 nMSE 0.0479
[2026-05-01 20:44:20,846][src.modRNN.training.common][INFO] - 	 Starting Epoch: 583
[2026-05-01 20:44:21,168][src.modRNN.training.common][INFO] - train epoch 583 MSE 0.0065 nMSE 0.0459
[2026-05-01 20:44:21,168][src.modRNN.training.common][INFO] - 	 Starting Epoch: 584
[2026-05-01 20:44:21,489][src.modRNN.training.common][INFO] - train epoch 584 MSE 0.0071 nMSE 0.0502
[2026-05-01 20:44:21,490][src.modRNN.training.common][INFO] - 	 Starting Epoch: 585
[2026-05-01 20:44:21,811][src.modRNN.training.common][INFO] - train epoch 585 MSE 0.0075 nMSE 0.0529
[2026-05-01 20:44:21,812][src.modRNN.training.common][INFO] - 	 Starting Epoch: 586
[2026-05-01 20:44:22,134][src.modRNN.training.common][INFO] - train epoch 586 MSE 0.0076 nMSE 0.0535
[2026-05-01 20:44:22,135][src.modRNN.training.common][INFO] - 	 Starting Epoch: 587
[2026-05-01 20:44:22,457][src.modRNN.training.common][INFO] - train epoch 587 MSE 0.0073 nMSE 0.0515
[2026-05-01 20:44:22,458][src.modRNN.training.common][INFO] - 	 Starting Epoch: 588
[2026-05-01 20:44:22,780][src.modRNN.training.common][INFO] - train epoch 588 MSE 0.0071 nMSE 0.0501
[2026-05-01 20:44:22,781][src.modRNN.training.common][INFO] - 	 Starting Epoch: 589
[2026-05-01 20:44:23,103][src.modRNN.training.common][INFO] - train epoch 589 MSE 0.0071 nMSE 0.0501
[2026-05-01 20:44:23,104][src.modRNN.training.common][INFO] - 	 Starting Epoch: 590
[2026-05-01 20:44:23,426][src.modRNN.training.common][INFO] - train epoch 590 MSE 0.0072 nMSE 0.0513
[2026-05-01 20:44:23,427][src.modRNN.training.common][INFO] - 	 Starting Epoch: 591
[2026-05-01 20:44:23,749][src.modRNN.training.common][INFO] - train epoch 591 MSE 0.0080 nMSE 0.0569
[2026-05-01 20:44:23,750][src.modRNN.training.common][INFO] - 	 Starting Epoch: 592
[2026-05-01 20:44:24,072][src.modRNN.training.common][INFO] - train epoch 592 MSE 0.0079 nMSE 0.0556
[2026-05-01 20:44:24,072][src.modRNN.training.common][INFO] - 	 Starting Epoch: 593
[2026-05-01 20:44:24,396][src.modRNN.training.common][INFO] - train epoch 593 MSE 0.0070 nMSE 0.0492
[2026-05-01 20:44:24,397][src.modRNN.training.common][INFO] - 	 Starting Epoch: 594
[2026-05-01 20:44:24,719][src.modRNN.training.common][INFO] - train epoch 594 MSE 0.0065 nMSE 0.0458
[2026-05-01 20:44:24,720][src.modRNN.training.common][INFO] - 	 Starting Epoch: 595
[2026-05-01 20:44:25,041][src.modRNN.training.common][INFO] - train epoch 595 MSE 0.0067 nMSE 0.0476
[2026-05-01 20:44:25,042][src.modRNN.training.common][INFO] - 	 Starting Epoch: 596
[2026-05-01 20:44:25,364][src.modRNN.training.common][INFO] - train epoch 596 MSE 0.0067 nMSE 0.0475
[2026-05-01 20:44:25,365][src.modRNN.training.common][INFO] - 	 Starting Epoch: 597
[2026-05-01 20:44:25,686][src.modRNN.training.common][INFO] - train epoch 597 MSE 0.0066 nMSE 0.0468
[2026-05-01 20:44:25,687][src.modRNN.training.common][INFO] - 	 Starting Epoch: 598
[2026-05-01 20:44:26,009][src.modRNN.training.common][INFO] - train epoch 598 MSE 0.0070 nMSE 0.0494
[2026-05-01 20:44:26,010][src.modRNN.training.common][INFO] - 	 Starting Epoch: 599
[2026-05-01 20:44:26,332][src.modRNN.training.common][INFO] - train epoch 599 MSE 0.0088 nMSE 0.0625
[2026-05-01 20:44:26,333][src.modRNN.training.common][INFO] - 	 Starting Epoch: 600
[2026-05-01 20:44:26,654][src.modRNN.training.common][INFO] - train epoch 600 MSE 0.0076 nMSE 0.0540
[2026-05-01 20:44:26,655][src.modRNN.training.common][INFO] - 	 Starting Epoch: 601
[2026-05-01 20:44:26,978][src.modRNN.training.common][INFO] - train epoch 601 MSE 0.0078 nMSE 0.0552
[2026-05-01 20:44:27,026][src.modRNN.training.common][INFO] - eval  epoch 601 MSE 0.0089 nMSE 0.0630
[2026-05-01 20:44:27,027][src.modRNN.training.common][INFO] - 	 Starting Epoch: 602
[2026-05-01 20:44:27,354][src.modRNN.training.common][INFO] - train epoch 602 MSE 0.0089 nMSE 0.0630
[2026-05-01 20:44:27,355][src.modRNN.training.common][INFO] - 	 Starting Epoch: 603
[2026-05-01 20:44:27,707][src.modRNN.training.common][INFO] - train epoch 603 MSE 0.0061 nMSE 0.0435
[2026-05-01 20:44:27,708][src.modRNN.training.common][INFO] - 	 Starting Epoch: 604
[2026-05-01 20:44:28,058][src.modRNN.training.common][INFO] - train epoch 604 MSE 0.0075 nMSE 0.0532
[2026-05-01 20:44:28,059][src.modRNN.training.common][INFO] - 	 Starting Epoch: 605
[2026-05-01 20:44:28,380][src.modRNN.training.common][INFO] - train epoch 605 MSE 0.0068 nMSE 0.0481
[2026-05-01 20:44:28,381][src.modRNN.training.common][INFO] - 	 Starting Epoch: 606
[2026-05-01 20:44:28,704][src.modRNN.training.common][INFO] - train epoch 606 MSE 0.0078 nMSE 0.0555
[2026-05-01 20:44:28,705][src.modRNN.training.common][INFO] - 	 Starting Epoch: 607
[2026-05-01 20:44:29,026][src.modRNN.training.common][INFO] - train epoch 607 MSE 0.0066 nMSE 0.0467
[2026-05-01 20:44:29,027][src.modRNN.training.common][INFO] - 	 Starting Epoch: 608
[2026-05-01 20:44:29,348][src.modRNN.training.common][INFO] - train epoch 608 MSE 0.0057 nMSE 0.0405
[2026-05-01 20:44:29,349][src.modRNN.training.common][INFO] - 	 Starting Epoch: 609
[2026-05-01 20:44:29,670][src.modRNN.training.common][INFO] - train epoch 609 MSE 0.0067 nMSE 0.0474
[2026-05-01 20:44:29,671][src.modRNN.training.common][INFO] - 	 Starting Epoch: 610
[2026-05-01 20:44:29,993][src.modRNN.training.common][INFO] - train epoch 610 MSE 0.0068 nMSE 0.0480
[2026-05-01 20:44:29,994][src.modRNN.training.common][INFO] - 	 Starting Epoch: 611
[2026-05-01 20:44:30,315][src.modRNN.training.common][INFO] - train epoch 611 MSE 0.0065 nMSE 0.0462
[2026-05-01 20:44:30,316][src.modRNN.training.common][INFO] - 	 Starting Epoch: 612
[2026-05-01 20:44:30,638][src.modRNN.training.common][INFO] - train epoch 612 MSE 0.0069 nMSE 0.0489
[2026-05-01 20:44:30,639][src.modRNN.training.common][INFO] - 	 Starting Epoch: 613
[2026-05-01 20:44:30,960][src.modRNN.training.common][INFO] - train epoch 613 MSE 0.0062 nMSE 0.0440
[2026-05-01 20:44:30,961][src.modRNN.training.common][INFO] - 	 Starting Epoch: 614
[2026-05-01 20:44:31,282][src.modRNN.training.common][INFO] - train epoch 614 MSE 0.0082 nMSE 0.0577
[2026-05-01 20:44:31,283][src.modRNN.training.common][INFO] - 	 Starting Epoch: 615
[2026-05-01 20:44:31,602][src.modRNN.training.common][INFO] - train epoch 615 MSE 0.0072 nMSE 0.0507
[2026-05-01 20:44:31,603][src.modRNN.training.common][INFO] - 	 Starting Epoch: 616
[2026-05-01 20:44:31,923][src.modRNN.training.common][INFO] - train epoch 616 MSE 0.0067 nMSE 0.0474
[2026-05-01 20:44:31,924][src.modRNN.training.common][INFO] - 	 Starting Epoch: 617
[2026-05-01 20:44:32,243][src.modRNN.training.common][INFO] - train epoch 617 MSE 0.0071 nMSE 0.0504
[2026-05-01 20:44:32,244][src.modRNN.training.common][INFO] - 	 Starting Epoch: 618
[2026-05-01 20:44:32,564][src.modRNN.training.common][INFO] - train epoch 618 MSE 0.0077 nMSE 0.0544
[2026-05-01 20:44:32,565][src.modRNN.training.common][INFO] - 	 Starting Epoch: 619
[2026-05-01 20:44:32,885][src.modRNN.training.common][INFO] - train epoch 619 MSE 0.0073 nMSE 0.0515
[2026-05-01 20:44:32,886][src.modRNN.training.common][INFO] - 	 Starting Epoch: 620
[2026-05-01 20:44:33,205][src.modRNN.training.common][INFO] - train epoch 620 MSE 0.0069 nMSE 0.0485
[2026-05-01 20:44:33,206][src.modRNN.training.common][INFO] - 	 Starting Epoch: 621
[2026-05-01 20:44:33,526][src.modRNN.training.common][INFO] - train epoch 621 MSE 0.0058 nMSE 0.0409
[2026-05-01 20:44:33,527][src.modRNN.training.common][INFO] - 	 Starting Epoch: 622
[2026-05-01 20:44:33,846][src.modRNN.training.common][INFO] - train epoch 622 MSE 0.0073 nMSE 0.0516
[2026-05-01 20:44:33,847][src.modRNN.training.common][INFO] - 	 Starting Epoch: 623
[2026-05-01 20:44:34,165][src.modRNN.training.common][INFO] - train epoch 623 MSE 0.0069 nMSE 0.0490
[2026-05-01 20:44:34,166][src.modRNN.training.common][INFO] - 	 Starting Epoch: 624
[2026-05-01 20:44:34,485][src.modRNN.training.common][INFO] - train epoch 624 MSE 0.0056 nMSE 0.0396
[2026-05-01 20:44:34,486][src.modRNN.training.common][INFO] - 	 Starting Epoch: 625
[2026-05-01 20:44:34,806][src.modRNN.training.common][INFO] - train epoch 625 MSE 0.0072 nMSE 0.0508
[2026-05-01 20:44:34,806][src.modRNN.training.common][INFO] - 	 Starting Epoch: 626
[2026-05-01 20:44:35,125][src.modRNN.training.common][INFO] - train epoch 626 MSE 0.0075 nMSE 0.0533
[2026-05-01 20:44:35,170][src.modRNN.training.common][INFO] - eval  epoch 626 MSE 0.0066 nMSE 0.0466
[2026-05-01 20:44:35,171][src.modRNN.training.common][INFO] - 	 Starting Epoch: 627
[2026-05-01 20:44:35,489][src.modRNN.training.common][INFO] - train epoch 627 MSE 0.0066 nMSE 0.0466
[2026-05-01 20:44:35,490][src.modRNN.training.common][INFO] - 	 Starting Epoch: 628
[2026-05-01 20:44:35,809][src.modRNN.training.common][INFO] - train epoch 628 MSE 0.0072 nMSE 0.0506
[2026-05-01 20:44:35,810][src.modRNN.training.common][INFO] - 	 Starting Epoch: 629
[2026-05-01 20:44:36,128][src.modRNN.training.common][INFO] - train epoch 629 MSE 0.0072 nMSE 0.0508
[2026-05-01 20:44:36,129][src.modRNN.training.common][INFO] - 	 Starting Epoch: 630
[2026-05-01 20:44:36,448][src.modRNN.training.common][INFO] - train epoch 630 MSE 0.0072 nMSE 0.0512
[2026-05-01 20:44:36,449][src.modRNN.training.common][INFO] - 	 Starting Epoch: 631
[2026-05-01 20:44:36,767][src.modRNN.training.common][INFO] - train epoch 631 MSE 0.0077 nMSE 0.0546
[2026-05-01 20:44:36,768][src.modRNN.training.common][INFO] - 	 Starting Epoch: 632
[2026-05-01 20:44:37,087][src.modRNN.training.common][INFO] - train epoch 632 MSE 0.0059 nMSE 0.0419
[2026-05-01 20:44:37,088][src.modRNN.training.common][INFO] - 	 Starting Epoch: 633
[2026-05-01 20:44:37,406][src.modRNN.training.common][INFO] - train epoch 633 MSE 0.0068 nMSE 0.0482
[2026-05-01 20:44:37,407][src.modRNN.training.common][INFO] - 	 Starting Epoch: 634
[2026-05-01 20:44:37,726][src.modRNN.training.common][INFO] - train epoch 634 MSE 0.0067 nMSE 0.0471
[2026-05-01 20:44:37,726][src.modRNN.training.common][INFO] - 	 Starting Epoch: 635
[2026-05-01 20:44:38,045][src.modRNN.training.common][INFO] - train epoch 635 MSE 0.0075 nMSE 0.0530
[2026-05-01 20:44:38,045][src.modRNN.training.common][INFO] - 	 Starting Epoch: 636
[2026-05-01 20:44:38,364][src.modRNN.training.common][INFO] - train epoch 636 MSE 0.0078 nMSE 0.0552
[2026-05-01 20:44:38,365][src.modRNN.training.common][INFO] - 	 Starting Epoch: 637
[2026-05-01 20:44:38,684][src.modRNN.training.common][INFO] - train epoch 637 MSE 0.0077 nMSE 0.0544
[2026-05-01 20:44:38,685][src.modRNN.training.common][INFO] - 	 Starting Epoch: 638
[2026-05-01 20:44:39,004][src.modRNN.training.common][INFO] - train epoch 638 MSE 0.0068 nMSE 0.0482
[2026-05-01 20:44:39,005][src.modRNN.training.common][INFO] - 	 Starting Epoch: 639
[2026-05-01 20:44:39,324][src.modRNN.training.common][INFO] - train epoch 639 MSE 0.0081 nMSE 0.0575
[2026-05-01 20:44:39,325][src.modRNN.training.common][INFO] - 	 Starting Epoch: 640
[2026-05-01 20:44:39,643][src.modRNN.training.common][INFO] - train epoch 640 MSE 0.0062 nMSE 0.0437
[2026-05-01 20:44:39,644][src.modRNN.training.common][INFO] - 	 Starting Epoch: 641
[2026-05-01 20:44:39,964][src.modRNN.training.common][INFO] - train epoch 641 MSE 0.0073 nMSE 0.0518
[2026-05-01 20:44:39,964][src.modRNN.training.common][INFO] - 	 Starting Epoch: 642
[2026-05-01 20:44:40,284][src.modRNN.training.common][INFO] - train epoch 642 MSE 0.0064 nMSE 0.0452
[2026-05-01 20:44:40,285][src.modRNN.training.common][INFO] - 	 Starting Epoch: 643
[2026-05-01 20:44:40,605][src.modRNN.training.common][INFO] - train epoch 643 MSE 0.0078 nMSE 0.0551
[2026-05-01 20:44:40,605][src.modRNN.training.common][INFO] - 	 Starting Epoch: 644
[2026-05-01 20:44:40,925][src.modRNN.training.common][INFO] - train epoch 644 MSE 0.0065 nMSE 0.0460
[2026-05-01 20:44:40,926][src.modRNN.training.common][INFO] - 	 Starting Epoch: 645
[2026-05-01 20:44:41,245][src.modRNN.training.common][INFO] - train epoch 645 MSE 0.0062 nMSE 0.0438
[2026-05-01 20:44:41,246][src.modRNN.training.common][INFO] - 	 Starting Epoch: 646
[2026-05-01 20:44:41,567][src.modRNN.training.common][INFO] - train epoch 646 MSE 0.0064 nMSE 0.0451
[2026-05-01 20:44:41,568][src.modRNN.training.common][INFO] - 	 Starting Epoch: 647
[2026-05-01 20:44:41,887][src.modRNN.training.common][INFO] - train epoch 647 MSE 0.0076 nMSE 0.0535
[2026-05-01 20:44:41,888][src.modRNN.training.common][INFO] - 	 Starting Epoch: 648
[2026-05-01 20:44:42,207][src.modRNN.training.common][INFO] - train epoch 648 MSE 0.0070 nMSE 0.0492
[2026-05-01 20:44:42,208][src.modRNN.training.common][INFO] - 	 Starting Epoch: 649
[2026-05-01 20:44:42,527][src.modRNN.training.common][INFO] - train epoch 649 MSE 0.0072 nMSE 0.0510
[2026-05-01 20:44:42,528][src.modRNN.training.common][INFO] - 	 Starting Epoch: 650
[2026-05-01 20:44:42,847][src.modRNN.training.common][INFO] - train epoch 650 MSE 0.0105 nMSE 0.0743
[2026-05-01 20:44:42,848][src.modRNN.training.common][INFO] - 	 Starting Epoch: 651
[2026-05-01 20:44:43,169][src.modRNN.training.common][INFO] - train epoch 651 MSE 0.0060 nMSE 0.0426
[2026-05-01 20:44:43,213][src.modRNN.training.common][INFO] - eval  epoch 651 MSE 0.0072 nMSE 0.0509
[2026-05-01 20:44:43,214][src.modRNN.training.common][INFO] - 	 Starting Epoch: 652
[2026-05-01 20:44:43,534][src.modRNN.training.common][INFO] - train epoch 652 MSE 0.0072 nMSE 0.0509
[2026-05-01 20:44:43,535][src.modRNN.training.common][INFO] - 	 Starting Epoch: 653
[2026-05-01 20:44:43,856][src.modRNN.training.common][INFO] - train epoch 653 MSE 0.0057 nMSE 0.0404
[2026-05-01 20:44:43,856][src.modRNN.training.common][INFO] - 	 Starting Epoch: 654
[2026-05-01 20:44:44,176][src.modRNN.training.common][INFO] - train epoch 654 MSE 0.0065 nMSE 0.0457
[2026-05-01 20:44:44,177][src.modRNN.training.common][INFO] - 	 Starting Epoch: 655
[2026-05-01 20:44:44,496][src.modRNN.training.common][INFO] - train epoch 655 MSE 0.0065 nMSE 0.0460
[2026-05-01 20:44:44,497][src.modRNN.training.common][INFO] - 	 Starting Epoch: 656
[2026-05-01 20:44:44,818][src.modRNN.training.common][INFO] - train epoch 656 MSE 0.0067 nMSE 0.0474
[2026-05-01 20:44:44,818][src.modRNN.training.common][INFO] - 	 Starting Epoch: 657
[2026-05-01 20:44:45,139][src.modRNN.training.common][INFO] - train epoch 657 MSE 0.0065 nMSE 0.0458
[2026-05-01 20:44:45,140][src.modRNN.training.common][INFO] - 	 Starting Epoch: 658
[2026-05-01 20:44:45,459][src.modRNN.training.common][INFO] - train epoch 658 MSE 0.0082 nMSE 0.0583
[2026-05-01 20:44:45,459][src.modRNN.training.common][INFO] - 	 Starting Epoch: 659
[2026-05-01 20:44:45,780][src.modRNN.training.common][INFO] - train epoch 659 MSE 0.0065 nMSE 0.0461
[2026-05-01 20:44:45,781][src.modRNN.training.common][INFO] - 	 Starting Epoch: 660
[2026-05-01 20:44:46,100][src.modRNN.training.common][INFO] - train epoch 660 MSE 0.0069 nMSE 0.0490
[2026-05-01 20:44:46,101][src.modRNN.training.common][INFO] - 	 Starting Epoch: 661
[2026-05-01 20:44:46,421][src.modRNN.training.common][INFO] - train epoch 661 MSE 0.0060 nMSE 0.0423
[2026-05-01 20:44:46,422][src.modRNN.training.common][INFO] - 	 Starting Epoch: 662
[2026-05-01 20:44:46,741][src.modRNN.training.common][INFO] - train epoch 662 MSE 0.0063 nMSE 0.0444
[2026-05-01 20:44:46,742][src.modRNN.training.common][INFO] - 	 Starting Epoch: 663
[2026-05-01 20:44:47,062][src.modRNN.training.common][INFO] - train epoch 663 MSE 0.0064 nMSE 0.0451
[2026-05-01 20:44:47,062][src.modRNN.training.common][INFO] - 	 Starting Epoch: 664
[2026-05-01 20:44:47,381][src.modRNN.training.common][INFO] - train epoch 664 MSE 0.0071 nMSE 0.0501
[2026-05-01 20:44:47,382][src.modRNN.training.common][INFO] - 	 Starting Epoch: 665
[2026-05-01 20:44:47,702][src.modRNN.training.common][INFO] - train epoch 665 MSE 0.0061 nMSE 0.0432
[2026-05-01 20:44:47,703][src.modRNN.training.common][INFO] - 	 Starting Epoch: 666
[2026-05-01 20:44:48,022][src.modRNN.training.common][INFO] - train epoch 666 MSE 0.0074 nMSE 0.0525
[2026-05-01 20:44:48,023][src.modRNN.training.common][INFO] - 	 Starting Epoch: 667
[2026-05-01 20:44:48,343][src.modRNN.training.common][INFO] - train epoch 667 MSE 0.0063 nMSE 0.0446
[2026-05-01 20:44:48,344][src.modRNN.training.common][INFO] - 	 Starting Epoch: 668
[2026-05-01 20:44:48,663][src.modRNN.training.common][INFO] - train epoch 668 MSE 0.0091 nMSE 0.0643
[2026-05-01 20:44:48,663][src.modRNN.training.common][INFO] - 	 Starting Epoch: 669
[2026-05-01 20:44:48,983][src.modRNN.training.common][INFO] - train epoch 669 MSE 0.0071 nMSE 0.0501
[2026-05-01 20:44:48,984][src.modRNN.training.common][INFO] - 	 Starting Epoch: 670
[2026-05-01 20:44:49,304][src.modRNN.training.common][INFO] - train epoch 670 MSE 0.0099 nMSE 0.0703
[2026-05-01 20:44:49,305][src.modRNN.training.common][INFO] - 	 Starting Epoch: 671
[2026-05-01 20:44:49,624][src.modRNN.training.common][INFO] - train epoch 671 MSE 0.0071 nMSE 0.0502
[2026-05-01 20:44:49,625][src.modRNN.training.common][INFO] - 	 Starting Epoch: 672
[2026-05-01 20:44:49,944][src.modRNN.training.common][INFO] - train epoch 672 MSE 0.0061 nMSE 0.0432
[2026-05-01 20:44:49,945][src.modRNN.training.common][INFO] - 	 Starting Epoch: 673
[2026-05-01 20:44:50,265][src.modRNN.training.common][INFO] - train epoch 673 MSE 0.0066 nMSE 0.0466
[2026-05-01 20:44:50,265][src.modRNN.training.common][INFO] - 	 Starting Epoch: 674
[2026-05-01 20:44:50,585][src.modRNN.training.common][INFO] - train epoch 674 MSE 0.0062 nMSE 0.0441
[2026-05-01 20:44:50,585][src.modRNN.training.common][INFO] - 	 Starting Epoch: 675
[2026-05-01 20:44:50,904][src.modRNN.training.common][INFO] - train epoch 675 MSE 0.0070 nMSE 0.0499
[2026-05-01 20:44:50,905][src.modRNN.training.common][INFO] - 	 Starting Epoch: 676
[2026-05-01 20:44:51,224][src.modRNN.training.common][INFO] - train epoch 676 MSE 0.0067 nMSE 0.0472
[2026-05-01 20:44:51,268][src.modRNN.training.common][INFO] - eval  epoch 676 MSE 0.0063 nMSE 0.0449
[2026-05-01 20:44:51,269][src.modRNN.training.common][INFO] - 	 Starting Epoch: 677
[2026-05-01 20:44:51,589][src.modRNN.training.common][INFO] - train epoch 677 MSE 0.0063 nMSE 0.0449
[2026-05-01 20:44:51,590][src.modRNN.training.common][INFO] - 	 Starting Epoch: 678
[2026-05-01 20:44:51,909][src.modRNN.training.common][INFO] - train epoch 678 MSE 0.0072 nMSE 0.0511
[2026-05-01 20:44:51,909][src.modRNN.training.common][INFO] - 	 Starting Epoch: 679
[2026-05-01 20:44:52,229][src.modRNN.training.common][INFO] - train epoch 679 MSE 0.0067 nMSE 0.0472
[2026-05-01 20:44:52,230][src.modRNN.training.common][INFO] - 	 Starting Epoch: 680
[2026-05-01 20:44:52,551][src.modRNN.training.common][INFO] - train epoch 680 MSE 0.0069 nMSE 0.0488
[2026-05-01 20:44:52,552][src.modRNN.training.common][INFO] - 	 Starting Epoch: 681
[2026-05-01 20:44:52,871][src.modRNN.training.common][INFO] - train epoch 681 MSE 0.0058 nMSE 0.0411
[2026-05-01 20:44:52,872][src.modRNN.training.common][INFO] - 	 Starting Epoch: 682
[2026-05-01 20:44:53,191][src.modRNN.training.common][INFO] - train epoch 682 MSE 0.0062 nMSE 0.0435
[2026-05-01 20:44:53,192][src.modRNN.training.common][INFO] - 	 Starting Epoch: 683
[2026-05-01 20:44:53,512][src.modRNN.training.common][INFO] - train epoch 683 MSE 0.0063 nMSE 0.0448
[2026-05-01 20:44:53,513][src.modRNN.training.common][INFO] - 	 Starting Epoch: 684
[2026-05-01 20:44:53,832][src.modRNN.training.common][INFO] - train epoch 684 MSE 0.0054 nMSE 0.0382
[2026-05-01 20:44:53,833][src.modRNN.training.common][INFO] - 	 Starting Epoch: 685
[2026-05-01 20:44:54,153][src.modRNN.training.common][INFO] - train epoch 685 MSE 0.0055 nMSE 0.0390
[2026-05-01 20:44:54,154][src.modRNN.training.common][INFO] - 	 Starting Epoch: 686
[2026-05-01 20:44:54,472][src.modRNN.training.common][INFO] - train epoch 686 MSE 0.0065 nMSE 0.0463
[2026-05-01 20:44:54,473][src.modRNN.training.common][INFO] - 	 Starting Epoch: 687
[2026-05-01 20:44:54,792][src.modRNN.training.common][INFO] - train epoch 687 MSE 0.0055 nMSE 0.0391
[2026-05-01 20:44:54,792][src.modRNN.training.common][INFO] - 	 Starting Epoch: 688
[2026-05-01 20:44:55,112][src.modRNN.training.common][INFO] - train epoch 688 MSE 0.0067 nMSE 0.0476
[2026-05-01 20:44:55,113][src.modRNN.training.common][INFO] - 	 Starting Epoch: 689
[2026-05-01 20:44:55,432][src.modRNN.training.common][INFO] - train epoch 689 MSE 0.0079 nMSE 0.0560
[2026-05-01 20:44:55,433][src.modRNN.training.common][INFO] - 	 Starting Epoch: 690
[2026-05-01 20:44:55,752][src.modRNN.training.common][INFO] - train epoch 690 MSE 0.0066 nMSE 0.0465
[2026-05-01 20:44:55,753][src.modRNN.training.common][INFO] - 	 Starting Epoch: 691
[2026-05-01 20:44:56,072][src.modRNN.training.common][INFO] - train epoch 691 MSE 0.0082 nMSE 0.0580
[2026-05-01 20:44:56,073][src.modRNN.training.common][INFO] - 	 Starting Epoch: 692
[2026-05-01 20:44:56,392][src.modRNN.training.common][INFO] - train epoch 692 MSE 0.0065 nMSE 0.0461
[2026-05-01 20:44:56,393][src.modRNN.training.common][INFO] - 	 Starting Epoch: 693
[2026-05-01 20:44:56,712][src.modRNN.training.common][INFO] - train epoch 693 MSE 0.0060 nMSE 0.0423
[2026-05-01 20:44:56,713][src.modRNN.training.common][INFO] - 	 Starting Epoch: 694
[2026-05-01 20:44:57,033][src.modRNN.training.common][INFO] - train epoch 694 MSE 0.0073 nMSE 0.0518
[2026-05-01 20:44:57,034][src.modRNN.training.common][INFO] - 	 Starting Epoch: 695
[2026-05-01 20:44:57,353][src.modRNN.training.common][INFO] - train epoch 695 MSE 0.0063 nMSE 0.0446
[2026-05-01 20:44:57,354][src.modRNN.training.common][INFO] - 	 Starting Epoch: 696
[2026-05-01 20:44:57,673][src.modRNN.training.common][INFO] - train epoch 696 MSE 0.0066 nMSE 0.0470
[2026-05-01 20:44:57,673][src.modRNN.training.common][INFO] - 	 Starting Epoch: 697
[2026-05-01 20:44:57,992][src.modRNN.training.common][INFO] - train epoch 697 MSE 0.0067 nMSE 0.0473
[2026-05-01 20:44:57,993][src.modRNN.training.common][INFO] - 	 Starting Epoch: 698
[2026-05-01 20:44:58,313][src.modRNN.training.common][INFO] - train epoch 698 MSE 0.0071 nMSE 0.0502
[2026-05-01 20:44:58,313][src.modRNN.training.common][INFO] - 	 Starting Epoch: 699
[2026-05-01 20:44:58,633][src.modRNN.training.common][INFO] - train epoch 699 MSE 0.0063 nMSE 0.0446
[2026-05-01 20:44:58,634][src.modRNN.training.common][INFO] - 	 Starting Epoch: 700
[2026-05-01 20:44:58,953][src.modRNN.training.common][INFO] - train epoch 700 MSE 0.0099 nMSE 0.0701
[2026-05-01 20:44:58,954][src.modRNN.training.common][INFO] - 	 Starting Epoch: 701
[2026-05-01 20:44:59,273][src.modRNN.training.common][INFO] - train epoch 701 MSE 0.0062 nMSE 0.0441
[2026-05-01 20:44:59,317][src.modRNN.training.common][INFO] - eval  epoch 701 MSE 0.0082 nMSE 0.0577
[2026-05-01 20:44:59,318][src.modRNN.training.common][INFO] - 	 Starting Epoch: 702
[2026-05-01 20:44:59,636][src.modRNN.training.common][INFO] - train epoch 702 MSE 0.0082 nMSE 0.0577
[2026-05-01 20:44:59,637][src.modRNN.training.common][INFO] - 	 Starting Epoch: 703
[2026-05-01 20:44:59,956][src.modRNN.training.common][INFO] - train epoch 703 MSE 0.0056 nMSE 0.0399
[2026-05-01 20:44:59,957][src.modRNN.training.common][INFO] - 	 Starting Epoch: 704
[2026-05-01 20:45:00,277][src.modRNN.training.common][INFO] - train epoch 704 MSE 0.0078 nMSE 0.0549
[2026-05-01 20:45:00,277][src.modRNN.training.common][INFO] - 	 Starting Epoch: 705
[2026-05-01 20:45:00,596][src.modRNN.training.common][INFO] - train epoch 705 MSE 0.0059 nMSE 0.0420
[2026-05-01 20:45:00,597][src.modRNN.training.common][INFO] - 	 Starting Epoch: 706
[2026-05-01 20:45:00,916][src.modRNN.training.common][INFO] - train epoch 706 MSE 0.0097 nMSE 0.0688
[2026-05-01 20:45:00,917][src.modRNN.training.common][INFO] - 	 Starting Epoch: 707
[2026-05-01 20:45:01,235][src.modRNN.training.common][INFO] - train epoch 707 MSE 0.0062 nMSE 0.0440
[2026-05-01 20:45:01,236][src.modRNN.training.common][INFO] - 	 Starting Epoch: 708
[2026-05-01 20:45:01,577][src.modRNN.training.common][INFO] - train epoch 708 MSE 0.0096 nMSE 0.0681
[2026-05-01 20:45:01,577][src.modRNN.training.common][INFO] - 	 Starting Epoch: 709
[2026-05-01 20:45:01,898][src.modRNN.training.common][INFO] - train epoch 709 MSE 0.0057 nMSE 0.0402
[2026-05-01 20:45:01,899][src.modRNN.training.common][INFO] - 	 Starting Epoch: 710
[2026-05-01 20:45:02,220][src.modRNN.training.common][INFO] - train epoch 710 MSE 0.0094 nMSE 0.0668
[2026-05-01 20:45:02,221][src.modRNN.training.common][INFO] - 	 Starting Epoch: 711
[2026-05-01 20:45:02,543][src.modRNN.training.common][INFO] - train epoch 711 MSE 0.0076 nMSE 0.0538
[2026-05-01 20:45:02,544][src.modRNN.training.common][INFO] - 	 Starting Epoch: 712
[2026-05-01 20:45:02,866][src.modRNN.training.common][INFO] - train epoch 712 MSE 0.0080 nMSE 0.0568
[2026-05-01 20:45:02,867][src.modRNN.training.common][INFO] - 	 Starting Epoch: 713
[2026-05-01 20:45:03,189][src.modRNN.training.common][INFO] - train epoch 713 MSE 0.0073 nMSE 0.0514
[2026-05-01 20:45:03,190][src.modRNN.training.common][INFO] - 	 Starting Epoch: 714
[2026-05-01 20:45:03,511][src.modRNN.training.common][INFO] - train epoch 714 MSE 0.0064 nMSE 0.0454
[2026-05-01 20:45:03,512][src.modRNN.training.common][INFO] - 	 Starting Epoch: 715
[2026-05-01 20:45:03,834][src.modRNN.training.common][INFO] - train epoch 715 MSE 0.0060 nMSE 0.0422
[2026-05-01 20:45:03,835][src.modRNN.training.common][INFO] - 	 Starting Epoch: 716
[2026-05-01 20:45:04,156][src.modRNN.training.common][INFO] - train epoch 716 MSE 0.0078 nMSE 0.0550
[2026-05-01 20:45:04,157][src.modRNN.training.common][INFO] - 	 Starting Epoch: 717
[2026-05-01 20:45:04,478][src.modRNN.training.common][INFO] - train epoch 717 MSE 0.0059 nMSE 0.0421
[2026-05-01 20:45:04,479][src.modRNN.training.common][INFO] - 	 Starting Epoch: 718
[2026-05-01 20:45:04,802][src.modRNN.training.common][INFO] - train epoch 718 MSE 0.0071 nMSE 0.0500
[2026-05-01 20:45:04,803][src.modRNN.training.common][INFO] - 	 Starting Epoch: 719
[2026-05-01 20:45:05,125][src.modRNN.training.common][INFO] - train epoch 719 MSE 0.0062 nMSE 0.0437
[2026-05-01 20:45:05,126][src.modRNN.training.common][INFO] - 	 Starting Epoch: 720
[2026-05-01 20:45:05,448][src.modRNN.training.common][INFO] - train epoch 720 MSE 0.0065 nMSE 0.0462
[2026-05-01 20:45:05,449][src.modRNN.training.common][INFO] - 	 Starting Epoch: 721
[2026-05-01 20:45:05,770][src.modRNN.training.common][INFO] - train epoch 721 MSE 0.0070 nMSE 0.0494
[2026-05-01 20:45:05,771][src.modRNN.training.common][INFO] - 	 Starting Epoch: 722
[2026-05-01 20:45:06,093][src.modRNN.training.common][INFO] - train epoch 722 MSE 0.0073 nMSE 0.0515
[2026-05-01 20:45:06,094][src.modRNN.training.common][INFO] - 	 Starting Epoch: 723
[2026-05-01 20:45:06,416][src.modRNN.training.common][INFO] - train epoch 723 MSE 0.0063 nMSE 0.0448
[2026-05-01 20:45:06,417][src.modRNN.training.common][INFO] - 	 Starting Epoch: 724
[2026-05-01 20:45:06,740][src.modRNN.training.common][INFO] - train epoch 724 MSE 0.0060 nMSE 0.0427
[2026-05-01 20:45:06,741][src.modRNN.training.common][INFO] - 	 Starting Epoch: 725
[2026-05-01 20:45:07,062][src.modRNN.training.common][INFO] - train epoch 725 MSE 0.0077 nMSE 0.0542
[2026-05-01 20:45:07,063][src.modRNN.training.common][INFO] - 	 Starting Epoch: 726
[2026-05-01 20:45:07,385][src.modRNN.training.common][INFO] - train epoch 726 MSE 0.0062 nMSE 0.0439
[2026-05-01 20:45:07,430][src.modRNN.training.common][INFO] - eval  epoch 726 MSE 0.0062 nMSE 0.0441
[2026-05-01 20:45:07,431][src.modRNN.training.common][INFO] - 	 Starting Epoch: 727
[2026-05-01 20:45:07,754][src.modRNN.training.common][INFO] - train epoch 727 MSE 0.0062 nMSE 0.0441
[2026-05-01 20:45:07,754][src.modRNN.training.common][INFO] - 	 Starting Epoch: 728
[2026-05-01 20:45:08,077][src.modRNN.training.common][INFO] - train epoch 728 MSE 0.0062 nMSE 0.0439
[2026-05-01 20:45:08,078][src.modRNN.training.common][INFO] - 	 Starting Epoch: 729
[2026-05-01 20:45:08,400][src.modRNN.training.common][INFO] - train epoch 729 MSE 0.0065 nMSE 0.0457
[2026-05-01 20:45:08,401][src.modRNN.training.common][INFO] - 	 Starting Epoch: 730
[2026-05-01 20:45:08,723][src.modRNN.training.common][INFO] - train epoch 730 MSE 0.0069 nMSE 0.0490
[2026-05-01 20:45:08,724][src.modRNN.training.common][INFO] - 	 Starting Epoch: 731
[2026-05-01 20:45:09,047][src.modRNN.training.common][INFO] - train epoch 731 MSE 0.0056 nMSE 0.0395
[2026-05-01 20:45:09,048][src.modRNN.training.common][INFO] - 	 Starting Epoch: 732
[2026-05-01 20:45:09,371][src.modRNN.training.common][INFO] - train epoch 732 MSE 0.0057 nMSE 0.0401
[2026-05-01 20:45:09,372][src.modRNN.training.common][INFO] - 	 Starting Epoch: 733
[2026-05-01 20:45:09,694][src.modRNN.training.common][INFO] - train epoch 733 MSE 0.0062 nMSE 0.0436
[2026-05-01 20:45:09,695][src.modRNN.training.common][INFO] - 	 Starting Epoch: 734
[2026-05-01 20:45:10,017][src.modRNN.training.common][INFO] - train epoch 734 MSE 0.0055 nMSE 0.0390
[2026-05-01 20:45:10,018][src.modRNN.training.common][INFO] - 	 Starting Epoch: 735
[2026-05-01 20:45:10,340][src.modRNN.training.common][INFO] - train epoch 735 MSE 0.0061 nMSE 0.0433
[2026-05-01 20:45:10,341][src.modRNN.training.common][INFO] - 	 Starting Epoch: 736
[2026-05-01 20:45:10,663][src.modRNN.training.common][INFO] - train epoch 736 MSE 0.0057 nMSE 0.0401
[2026-05-01 20:45:10,663][src.modRNN.training.common][INFO] - 	 Starting Epoch: 737
[2026-05-01 20:45:10,986][src.modRNN.training.common][INFO] - train epoch 737 MSE 0.0062 nMSE 0.0436
[2026-05-01 20:45:10,987][src.modRNN.training.common][INFO] - 	 Starting Epoch: 738
[2026-05-01 20:45:11,309][src.modRNN.training.common][INFO] - train epoch 738 MSE 0.0059 nMSE 0.0416
[2026-05-01 20:45:11,310][src.modRNN.training.common][INFO] - 	 Starting Epoch: 739
[2026-05-01 20:45:11,631][src.modRNN.training.common][INFO] - train epoch 739 MSE 0.0056 nMSE 0.0397
[2026-05-01 20:45:11,632][src.modRNN.training.common][INFO] - 	 Starting Epoch: 740
[2026-05-01 20:45:11,955][src.modRNN.training.common][INFO] - train epoch 740 MSE 0.0059 nMSE 0.0419
[2026-05-01 20:45:11,955][src.modRNN.training.common][INFO] - 	 Starting Epoch: 741
[2026-05-01 20:45:12,277][src.modRNN.training.common][INFO] - train epoch 741 MSE 0.0065 nMSE 0.0458
[2026-05-01 20:45:12,278][src.modRNN.training.common][INFO] - 	 Starting Epoch: 742
[2026-05-01 20:45:12,600][src.modRNN.training.common][INFO] - train epoch 742 MSE 0.0072 nMSE 0.0512
[2026-05-01 20:45:12,600][src.modRNN.training.common][INFO] - 	 Starting Epoch: 743
[2026-05-01 20:45:12,922][src.modRNN.training.common][INFO] - train epoch 743 MSE 0.0056 nMSE 0.0395
[2026-05-01 20:45:12,923][src.modRNN.training.common][INFO] - 	 Starting Epoch: 744
[2026-05-01 20:45:13,245][src.modRNN.training.common][INFO] - train epoch 744 MSE 0.0071 nMSE 0.0500
[2026-05-01 20:45:13,246][src.modRNN.training.common][INFO] - 	 Starting Epoch: 745
[2026-05-01 20:45:13,567][src.modRNN.training.common][INFO] - train epoch 745 MSE 0.0053 nMSE 0.0378
[2026-05-01 20:45:13,568][src.modRNN.training.common][INFO] - 	 Starting Epoch: 746
[2026-05-01 20:45:13,890][src.modRNN.training.common][INFO] - train epoch 746 MSE 0.0066 nMSE 0.0469
[2026-05-01 20:45:13,891][src.modRNN.training.common][INFO] - 	 Starting Epoch: 747
[2026-05-01 20:45:14,212][src.modRNN.training.common][INFO] - train epoch 747 MSE 0.0065 nMSE 0.0461
[2026-05-01 20:45:14,213][src.modRNN.training.common][INFO] - 	 Starting Epoch: 748
[2026-05-01 20:45:14,534][src.modRNN.training.common][INFO] - train epoch 748 MSE 0.0065 nMSE 0.0457
[2026-05-01 20:45:14,535][src.modRNN.training.common][INFO] - 	 Starting Epoch: 749
[2026-05-01 20:45:14,857][src.modRNN.training.common][INFO] - train epoch 749 MSE 0.0060 nMSE 0.0427
[2026-05-01 20:45:14,858][src.modRNN.training.common][INFO] - 	 Starting Epoch: 750
[2026-05-01 20:45:15,180][src.modRNN.training.common][INFO] - train epoch 750 MSE 0.0063 nMSE 0.0443
[2026-05-01 20:45:15,181][src.modRNN.training.common][INFO] - 	 Starting Epoch: 751
[2026-05-01 20:45:15,502][src.modRNN.training.common][INFO] - train epoch 751 MSE 0.0056 nMSE 0.0395
[2026-05-01 20:45:15,547][src.modRNN.training.common][INFO] - eval  epoch 751 MSE 0.0061 nMSE 0.0435
[2026-05-01 20:45:15,547][src.modRNN.training.common][INFO] - 	 Starting Epoch: 752
[2026-05-01 20:45:15,869][src.modRNN.training.common][INFO] - train epoch 752 MSE 0.0061 nMSE 0.0435
[2026-05-01 20:45:15,870][src.modRNN.training.common][INFO] - 	 Starting Epoch: 753
[2026-05-01 20:45:16,191][src.modRNN.training.common][INFO] - train epoch 753 MSE 0.0056 nMSE 0.0393
[2026-05-01 20:45:16,192][src.modRNN.training.common][INFO] - 	 Starting Epoch: 754
[2026-05-01 20:45:16,513][src.modRNN.training.common][INFO] - train epoch 754 MSE 0.0052 nMSE 0.0369
[2026-05-01 20:45:16,514][src.modRNN.training.common][INFO] - 	 Starting Epoch: 755
[2026-05-01 20:45:16,835][src.modRNN.training.common][INFO] - train epoch 755 MSE 0.0058 nMSE 0.0411
[2026-05-01 20:45:16,836][src.modRNN.training.common][INFO] - 	 Starting Epoch: 756
[2026-05-01 20:45:17,158][src.modRNN.training.common][INFO] - train epoch 756 MSE 0.0059 nMSE 0.0417
[2026-05-01 20:45:17,158][src.modRNN.training.common][INFO] - 	 Starting Epoch: 757
[2026-05-01 20:45:17,480][src.modRNN.training.common][INFO] - train epoch 757 MSE 0.0058 nMSE 0.0409
[2026-05-01 20:45:17,481][src.modRNN.training.common][INFO] - 	 Starting Epoch: 758
[2026-05-01 20:45:17,804][src.modRNN.training.common][INFO] - train epoch 758 MSE 0.0053 nMSE 0.0374
[2026-05-01 20:45:17,804][src.modRNN.training.common][INFO] - 	 Starting Epoch: 759
[2026-05-01 20:45:18,126][src.modRNN.training.common][INFO] - train epoch 759 MSE 0.0073 nMSE 0.0517
[2026-05-01 20:45:18,127][src.modRNN.training.common][INFO] - 	 Starting Epoch: 760
[2026-05-01 20:45:18,449][src.modRNN.training.common][INFO] - train epoch 760 MSE 0.0056 nMSE 0.0396
[2026-05-01 20:45:18,450][src.modRNN.training.common][INFO] - 	 Starting Epoch: 761
[2026-05-01 20:45:18,771][src.modRNN.training.common][INFO] - train epoch 761 MSE 0.0059 nMSE 0.0416
[2026-05-01 20:45:18,772][src.modRNN.training.common][INFO] - 	 Starting Epoch: 762
[2026-05-01 20:45:19,093][src.modRNN.training.common][INFO] - train epoch 762 MSE 0.0049 nMSE 0.0347
[2026-05-01 20:45:19,094][src.modRNN.training.common][INFO] - 	 Starting Epoch: 763
[2026-05-01 20:45:19,416][src.modRNN.training.common][INFO] - train epoch 763 MSE 0.0055 nMSE 0.0386
[2026-05-01 20:45:19,416][src.modRNN.training.common][INFO] - 	 Starting Epoch: 764
[2026-05-01 20:45:19,738][src.modRNN.training.common][INFO] - train epoch 764 MSE 0.0058 nMSE 0.0410
[2026-05-01 20:45:19,739][src.modRNN.training.common][INFO] - 	 Starting Epoch: 765
[2026-05-01 20:45:20,060][src.modRNN.training.common][INFO] - train epoch 765 MSE 0.0053 nMSE 0.0374
[2026-05-01 20:45:20,061][src.modRNN.training.common][INFO] - 	 Starting Epoch: 766
[2026-05-01 20:45:20,383][src.modRNN.training.common][INFO] - train epoch 766 MSE 0.0059 nMSE 0.0414
[2026-05-01 20:45:20,384][src.modRNN.training.common][INFO] - 	 Starting Epoch: 767
[2026-05-01 20:45:20,705][src.modRNN.training.common][INFO] - train epoch 767 MSE 0.0059 nMSE 0.0420
[2026-05-01 20:45:20,706][src.modRNN.training.common][INFO] - 	 Starting Epoch: 768
[2026-05-01 20:45:21,028][src.modRNN.training.common][INFO] - train epoch 768 MSE 0.0068 nMSE 0.0482
[2026-05-01 20:45:21,029][src.modRNN.training.common][INFO] - 	 Starting Epoch: 769
[2026-05-01 20:45:21,350][src.modRNN.training.common][INFO] - train epoch 769 MSE 0.0069 nMSE 0.0490
[2026-05-01 20:45:21,351][src.modRNN.training.common][INFO] - 	 Starting Epoch: 770
[2026-05-01 20:45:21,673][src.modRNN.training.common][INFO] - train epoch 770 MSE 0.0071 nMSE 0.0499
[2026-05-01 20:45:21,673][src.modRNN.training.common][INFO] - 	 Starting Epoch: 771
[2026-05-01 20:45:21,994][src.modRNN.training.common][INFO] - train epoch 771 MSE 0.0073 nMSE 0.0516
[2026-05-01 20:45:21,995][src.modRNN.training.common][INFO] - 	 Starting Epoch: 772
[2026-05-01 20:45:22,316][src.modRNN.training.common][INFO] - train epoch 772 MSE 0.0055 nMSE 0.0388
[2026-05-01 20:45:22,317][src.modRNN.training.common][INFO] - 	 Starting Epoch: 773
[2026-05-01 20:45:22,639][src.modRNN.training.common][INFO] - train epoch 773 MSE 0.0084 nMSE 0.0597
[2026-05-01 20:45:22,639][src.modRNN.training.common][INFO] - 	 Starting Epoch: 774
[2026-05-01 20:45:22,961][src.modRNN.training.common][INFO] - train epoch 774 MSE 0.0058 nMSE 0.0413
[2026-05-01 20:45:22,962][src.modRNN.training.common][INFO] - 	 Starting Epoch: 775
[2026-05-01 20:45:23,284][src.modRNN.training.common][INFO] - train epoch 775 MSE 0.0062 nMSE 0.0439
[2026-05-01 20:45:23,285][src.modRNN.training.common][INFO] - 	 Starting Epoch: 776
[2026-05-01 20:45:23,606][src.modRNN.training.common][INFO] - train epoch 776 MSE 0.0066 nMSE 0.0464
[2026-05-01 20:45:23,651][src.modRNN.training.common][INFO] - eval  epoch 776 MSE 0.0058 nMSE 0.0412
[2026-05-01 20:45:23,652][src.modRNN.training.common][INFO] - 	 Starting Epoch: 777
[2026-05-01 20:45:23,974][src.modRNN.training.common][INFO] - train epoch 777 MSE 0.0058 nMSE 0.0412
[2026-05-01 20:45:23,975][src.modRNN.training.common][INFO] - 	 Starting Epoch: 778
[2026-05-01 20:45:24,297][src.modRNN.training.common][INFO] - train epoch 778 MSE 0.0059 nMSE 0.0416
[2026-05-01 20:45:24,298][src.modRNN.training.common][INFO] - 	 Starting Epoch: 779
[2026-05-01 20:45:24,620][src.modRNN.training.common][INFO] - train epoch 779 MSE 0.0063 nMSE 0.0446
[2026-05-01 20:45:24,621][src.modRNN.training.common][INFO] - 	 Starting Epoch: 780
[2026-05-01 20:45:24,944][src.modRNN.training.common][INFO] - train epoch 780 MSE 0.0056 nMSE 0.0399
[2026-05-01 20:45:24,945][src.modRNN.training.common][INFO] - 	 Starting Epoch: 781
[2026-05-01 20:45:25,266][src.modRNN.training.common][INFO] - train epoch 781 MSE 0.0054 nMSE 0.0383
[2026-05-01 20:45:25,267][src.modRNN.training.common][INFO] - 	 Starting Epoch: 782
[2026-05-01 20:45:25,589][src.modRNN.training.common][INFO] - train epoch 782 MSE 0.0065 nMSE 0.0461
[2026-05-01 20:45:25,590][src.modRNN.training.common][INFO] - 	 Starting Epoch: 783
[2026-05-01 20:45:25,912][src.modRNN.training.common][INFO] - train epoch 783 MSE 0.0062 nMSE 0.0440
[2026-05-01 20:45:25,913][src.modRNN.training.common][INFO] - 	 Starting Epoch: 784
[2026-05-01 20:45:26,234][src.modRNN.training.common][INFO] - train epoch 784 MSE 0.0055 nMSE 0.0386
[2026-05-01 20:45:26,235][src.modRNN.training.common][INFO] - 	 Starting Epoch: 785
[2026-05-01 20:45:26,557][src.modRNN.training.common][INFO] - train epoch 785 MSE 0.0069 nMSE 0.0490
[2026-05-01 20:45:26,557][src.modRNN.training.common][INFO] - 	 Starting Epoch: 786
[2026-05-01 20:45:26,880][src.modRNN.training.common][INFO] - train epoch 786 MSE 0.0055 nMSE 0.0387
[2026-05-01 20:45:26,881][src.modRNN.training.common][INFO] - 	 Starting Epoch: 787
[2026-05-01 20:45:27,227][src.modRNN.training.common][INFO] - train epoch 787 MSE 0.0069 nMSE 0.0489
[2026-05-01 20:45:27,229][src.modRNN.training.common][INFO] - 	 Starting Epoch: 788
[2026-05-01 20:45:27,582][src.modRNN.training.common][INFO] - train epoch 788 MSE 0.0055 nMSE 0.0387
[2026-05-01 20:45:27,584][src.modRNN.training.common][INFO] - 	 Starting Epoch: 789
[2026-05-01 20:45:27,930][src.modRNN.training.common][INFO] - train epoch 789 MSE 0.0058 nMSE 0.0409
[2026-05-01 20:45:27,931][src.modRNN.training.common][INFO] - 	 Starting Epoch: 790
[2026-05-01 20:45:28,255][src.modRNN.training.common][INFO] - train epoch 790 MSE 0.0054 nMSE 0.0384
[2026-05-01 20:45:28,255][src.modRNN.training.common][INFO] - 	 Starting Epoch: 791
[2026-05-01 20:45:28,581][src.modRNN.training.common][INFO] - train epoch 791 MSE 0.0058 nMSE 0.0407
[2026-05-01 20:45:28,581][src.modRNN.training.common][INFO] - 	 Starting Epoch: 792
[2026-05-01 20:45:28,903][src.modRNN.training.common][INFO] - train epoch 792 MSE 0.0052 nMSE 0.0365
[2026-05-01 20:45:28,904][src.modRNN.training.common][INFO] - 	 Starting Epoch: 793
[2026-05-01 20:45:29,225][src.modRNN.training.common][INFO] - train epoch 793 MSE 0.0061 nMSE 0.0430
[2026-05-01 20:45:29,226][src.modRNN.training.common][INFO] - 	 Starting Epoch: 794
[2026-05-01 20:45:29,548][src.modRNN.training.common][INFO] - train epoch 794 MSE 0.0054 nMSE 0.0383
[2026-05-01 20:45:29,549][src.modRNN.training.common][INFO] - 	 Starting Epoch: 795
[2026-05-01 20:45:29,871][src.modRNN.training.common][INFO] - train epoch 795 MSE 0.0054 nMSE 0.0382
[2026-05-01 20:45:29,872][src.modRNN.training.common][INFO] - 	 Starting Epoch: 796
[2026-05-01 20:45:30,194][src.modRNN.training.common][INFO] - train epoch 796 MSE 0.0057 nMSE 0.0402
[2026-05-01 20:45:30,195][src.modRNN.training.common][INFO] - 	 Starting Epoch: 797
[2026-05-01 20:45:30,517][src.modRNN.training.common][INFO] - train epoch 797 MSE 0.0053 nMSE 0.0373
[2026-05-01 20:45:30,518][src.modRNN.training.common][INFO] - 	 Starting Epoch: 798
[2026-05-01 20:45:30,840][src.modRNN.training.common][INFO] - train epoch 798 MSE 0.0061 nMSE 0.0433
[2026-05-01 20:45:30,841][src.modRNN.training.common][INFO] - 	 Starting Epoch: 799
[2026-05-01 20:45:31,162][src.modRNN.training.common][INFO] - train epoch 799 MSE 0.0049 nMSE 0.0350
[2026-05-01 20:45:31,163][src.modRNN.training.common][INFO] - 	 Starting Epoch: 800
[2026-05-01 20:45:31,482][src.modRNN.training.common][INFO] - train epoch 800 MSE 0.0048 nMSE 0.0340
[2026-05-01 20:45:31,483][src.modRNN.training.common][INFO] - 	 Starting Epoch: 801
[2026-05-01 20:45:31,803][src.modRNN.training.common][INFO] - train epoch 801 MSE 0.0054 nMSE 0.0381
[2026-05-01 20:45:31,847][src.modRNN.training.common][INFO] - eval  epoch 801 MSE 0.0056 nMSE 0.0399
[2026-05-01 20:45:31,848][src.modRNN.training.common][INFO] - 	 Starting Epoch: 802
[2026-05-01 20:45:32,168][src.modRNN.training.common][INFO] - train epoch 802 MSE 0.0056 nMSE 0.0399
[2026-05-01 20:45:32,169][src.modRNN.training.common][INFO] - 	 Starting Epoch: 803
[2026-05-01 20:45:32,488][src.modRNN.training.common][INFO] - train epoch 803 MSE 0.0057 nMSE 0.0402
[2026-05-01 20:45:32,489][src.modRNN.training.common][INFO] - 	 Starting Epoch: 804
[2026-05-01 20:45:32,809][src.modRNN.training.common][INFO] - train epoch 804 MSE 0.0068 nMSE 0.0484
[2026-05-01 20:45:32,810][src.modRNN.training.common][INFO] - 	 Starting Epoch: 805
[2026-05-01 20:45:33,129][src.modRNN.training.common][INFO] - train epoch 805 MSE 0.0057 nMSE 0.0403
[2026-05-01 20:45:33,130][src.modRNN.training.common][INFO] - 	 Starting Epoch: 806
[2026-05-01 20:45:33,449][src.modRNN.training.common][INFO] - train epoch 806 MSE 0.0065 nMSE 0.0460
[2026-05-01 20:45:33,450][src.modRNN.training.common][INFO] - 	 Starting Epoch: 807
[2026-05-01 20:45:33,769][src.modRNN.training.common][INFO] - train epoch 807 MSE 0.0052 nMSE 0.0367
[2026-05-01 20:45:33,770][src.modRNN.training.common][INFO] - 	 Starting Epoch: 808
[2026-05-01 20:45:34,089][src.modRNN.training.common][INFO] - train epoch 808 MSE 0.0062 nMSE 0.0438
[2026-05-01 20:45:34,090][src.modRNN.training.common][INFO] - 	 Starting Epoch: 809
[2026-05-01 20:45:34,409][src.modRNN.training.common][INFO] - train epoch 809 MSE 0.0052 nMSE 0.0369
[2026-05-01 20:45:34,410][src.modRNN.training.common][INFO] - 	 Starting Epoch: 810
[2026-05-01 20:45:34,730][src.modRNN.training.common][INFO] - train epoch 810 MSE 0.0071 nMSE 0.0501
[2026-05-01 20:45:34,731][src.modRNN.training.common][INFO] - 	 Starting Epoch: 811
[2026-05-01 20:45:35,050][src.modRNN.training.common][INFO] - train epoch 811 MSE 0.0055 nMSE 0.0390
[2026-05-01 20:45:35,051][src.modRNN.training.common][INFO] - 	 Starting Epoch: 812
[2026-05-01 20:45:35,370][src.modRNN.training.common][INFO] - train epoch 812 MSE 0.0063 nMSE 0.0444
[2026-05-01 20:45:35,371][src.modRNN.training.common][INFO] - 	 Starting Epoch: 813
[2026-05-01 20:45:35,689][src.modRNN.training.common][INFO] - train epoch 813 MSE 0.0058 nMSE 0.0409
[2026-05-01 20:45:35,689][src.modRNN.training.common][INFO] - 	 Starting Epoch: 814
[2026-05-01 20:45:36,008][src.modRNN.training.common][INFO] - train epoch 814 MSE 0.0075 nMSE 0.0532
[2026-05-01 20:45:36,008][src.modRNN.training.common][INFO] - 	 Starting Epoch: 815
[2026-05-01 20:45:36,327][src.modRNN.training.common][INFO] - train epoch 815 MSE 0.0051 nMSE 0.0362
[2026-05-01 20:45:36,328][src.modRNN.training.common][INFO] - 	 Starting Epoch: 816
[2026-05-01 20:45:36,647][src.modRNN.training.common][INFO] - train epoch 816 MSE 0.0080 nMSE 0.0565
[2026-05-01 20:45:36,648][src.modRNN.training.common][INFO] - 	 Starting Epoch: 817
[2026-05-01 20:45:36,967][src.modRNN.training.common][INFO] - train epoch 817 MSE 0.0071 nMSE 0.0500
[2026-05-01 20:45:36,968][src.modRNN.training.common][INFO] - 	 Starting Epoch: 818
[2026-05-01 20:45:37,287][src.modRNN.training.common][INFO] - train epoch 818 MSE 0.0065 nMSE 0.0459
[2026-05-01 20:45:37,288][src.modRNN.training.common][INFO] - 	 Starting Epoch: 819
[2026-05-01 20:45:37,606][src.modRNN.training.common][INFO] - train epoch 819 MSE 0.0065 nMSE 0.0458
[2026-05-01 20:45:37,607][src.modRNN.training.common][INFO] - 	 Starting Epoch: 820
[2026-05-01 20:45:37,926][src.modRNN.training.common][INFO] - train epoch 820 MSE 0.0058 nMSE 0.0411
[2026-05-01 20:45:37,927][src.modRNN.training.common][INFO] - 	 Starting Epoch: 821
[2026-05-01 20:45:38,247][src.modRNN.training.common][INFO] - train epoch 821 MSE 0.0062 nMSE 0.0441
[2026-05-01 20:45:38,248][src.modRNN.training.common][INFO] - 	 Starting Epoch: 822
[2026-05-01 20:45:38,567][src.modRNN.training.common][INFO] - train epoch 822 MSE 0.0064 nMSE 0.0452
[2026-05-01 20:45:38,568][src.modRNN.training.common][INFO] - 	 Starting Epoch: 823
[2026-05-01 20:45:38,888][src.modRNN.training.common][INFO] - train epoch 823 MSE 0.0058 nMSE 0.0413
[2026-05-01 20:45:38,889][src.modRNN.training.common][INFO] - 	 Starting Epoch: 824
[2026-05-01 20:45:39,207][src.modRNN.training.common][INFO] - train epoch 824 MSE 0.0057 nMSE 0.0406
[2026-05-01 20:45:39,208][src.modRNN.training.common][INFO] - 	 Starting Epoch: 825
[2026-05-01 20:45:39,528][src.modRNN.training.common][INFO] - train epoch 825 MSE 0.0061 nMSE 0.0429
[2026-05-01 20:45:39,529][src.modRNN.training.common][INFO] - 	 Starting Epoch: 826
[2026-05-01 20:45:39,848][src.modRNN.training.common][INFO] - train epoch 826 MSE 0.0064 nMSE 0.0450
[2026-05-01 20:45:39,892][src.modRNN.training.common][INFO] - eval  epoch 826 MSE 0.0069 nMSE 0.0487
[2026-05-01 20:45:39,893][src.modRNN.training.common][INFO] - 	 Starting Epoch: 827
[2026-05-01 20:45:40,212][src.modRNN.training.common][INFO] - train epoch 827 MSE 0.0069 nMSE 0.0487
[2026-05-01 20:45:40,213][src.modRNN.training.common][INFO] - 	 Starting Epoch: 828
[2026-05-01 20:45:40,532][src.modRNN.training.common][INFO] - train epoch 828 MSE 0.0053 nMSE 0.0377
[2026-05-01 20:45:40,533][src.modRNN.training.common][INFO] - 	 Starting Epoch: 829
[2026-05-01 20:45:40,852][src.modRNN.training.common][INFO] - train epoch 829 MSE 0.0058 nMSE 0.0411
[2026-05-01 20:45:40,853][src.modRNN.training.common][INFO] - 	 Starting Epoch: 830
[2026-05-01 20:45:41,172][src.modRNN.training.common][INFO] - train epoch 830 MSE 0.0049 nMSE 0.0346
[2026-05-01 20:45:41,173][src.modRNN.training.common][INFO] - 	 Starting Epoch: 831
[2026-05-01 20:45:41,492][src.modRNN.training.common][INFO] - train epoch 831 MSE 0.0054 nMSE 0.0379
[2026-05-01 20:45:41,492][src.modRNN.training.common][INFO] - 	 Starting Epoch: 832
[2026-05-01 20:45:41,811][src.modRNN.training.common][INFO] - train epoch 832 MSE 0.0048 nMSE 0.0337
[2026-05-01 20:45:41,812][src.modRNN.training.common][INFO] - 	 Starting Epoch: 833
[2026-05-01 20:45:42,130][src.modRNN.training.common][INFO] - train epoch 833 MSE 0.0055 nMSE 0.0390
[2026-05-01 20:45:42,131][src.modRNN.training.common][INFO] - 	 Starting Epoch: 834
[2026-05-01 20:45:42,450][src.modRNN.training.common][INFO] - train epoch 834 MSE 0.0057 nMSE 0.0403
[2026-05-01 20:45:42,451][src.modRNN.training.common][INFO] - 	 Starting Epoch: 835
[2026-05-01 20:45:42,769][src.modRNN.training.common][INFO] - train epoch 835 MSE 0.0058 nMSE 0.0411
[2026-05-01 20:45:42,770][src.modRNN.training.common][INFO] - 	 Starting Epoch: 836
[2026-05-01 20:45:43,090][src.modRNN.training.common][INFO] - train epoch 836 MSE 0.0051 nMSE 0.0361
[2026-05-01 20:45:43,090][src.modRNN.training.common][INFO] - 	 Starting Epoch: 837
[2026-05-01 20:45:43,410][src.modRNN.training.common][INFO] - train epoch 837 MSE 0.0060 nMSE 0.0422
[2026-05-01 20:45:43,411][src.modRNN.training.common][INFO] - 	 Starting Epoch: 838
[2026-05-01 20:45:43,729][src.modRNN.training.common][INFO] - train epoch 838 MSE 0.0055 nMSE 0.0392
[2026-05-01 20:45:43,730][src.modRNN.training.common][INFO] - 	 Starting Epoch: 839
[2026-05-01 20:45:44,048][src.modRNN.training.common][INFO] - train epoch 839 MSE 0.0049 nMSE 0.0344
[2026-05-01 20:45:44,049][src.modRNN.training.common][INFO] - 	 Starting Epoch: 840
[2026-05-01 20:45:44,369][src.modRNN.training.common][INFO] - train epoch 840 MSE 0.0065 nMSE 0.0459
[2026-05-01 20:45:44,370][src.modRNN.training.common][INFO] - 	 Starting Epoch: 841
[2026-05-01 20:45:44,688][src.modRNN.training.common][INFO] - train epoch 841 MSE 0.0051 nMSE 0.0361
[2026-05-01 20:45:44,689][src.modRNN.training.common][INFO] - 	 Starting Epoch: 842
[2026-05-01 20:45:45,009][src.modRNN.training.common][INFO] - train epoch 842 MSE 0.0052 nMSE 0.0371
[2026-05-01 20:45:45,010][src.modRNN.training.common][INFO] - 	 Starting Epoch: 843
[2026-05-01 20:45:45,328][src.modRNN.training.common][INFO] - train epoch 843 MSE 0.0049 nMSE 0.0346
[2026-05-01 20:45:45,328][src.modRNN.training.common][INFO] - 	 Starting Epoch: 844
[2026-05-01 20:45:45,647][src.modRNN.training.common][INFO] - train epoch 844 MSE 0.0066 nMSE 0.0468
[2026-05-01 20:45:45,648][src.modRNN.training.common][INFO] - 	 Starting Epoch: 845
[2026-05-01 20:45:45,967][src.modRNN.training.common][INFO] - train epoch 845 MSE 0.0054 nMSE 0.0383
[2026-05-01 20:45:45,968][src.modRNN.training.common][INFO] - 	 Starting Epoch: 846
[2026-05-01 20:45:46,286][src.modRNN.training.common][INFO] - train epoch 846 MSE 0.0058 nMSE 0.0408
[2026-05-01 20:45:46,287][src.modRNN.training.common][INFO] - 	 Starting Epoch: 847
[2026-05-01 20:45:46,606][src.modRNN.training.common][INFO] - train epoch 847 MSE 0.0051 nMSE 0.0358
[2026-05-01 20:45:46,606][src.modRNN.training.common][INFO] - 	 Starting Epoch: 848
[2026-05-01 20:45:46,925][src.modRNN.training.common][INFO] - train epoch 848 MSE 0.0060 nMSE 0.0421
[2026-05-01 20:45:46,926][src.modRNN.training.common][INFO] - 	 Starting Epoch: 849
[2026-05-01 20:45:47,244][src.modRNN.training.common][INFO] - train epoch 849 MSE 0.0052 nMSE 0.0369
[2026-05-01 20:45:47,245][src.modRNN.training.common][INFO] - 	 Starting Epoch: 850
[2026-05-01 20:45:47,564][src.modRNN.training.common][INFO] - train epoch 850 MSE 0.0067 nMSE 0.0475
[2026-05-01 20:45:47,565][src.modRNN.training.common][INFO] - 	 Starting Epoch: 851
[2026-05-01 20:45:47,882][src.modRNN.training.common][INFO] - train epoch 851 MSE 0.0060 nMSE 0.0421
[2026-05-01 20:45:47,926][src.modRNN.training.common][INFO] - eval  epoch 851 MSE 0.0053 nMSE 0.0375
[2026-05-01 20:45:47,927][src.modRNN.training.common][INFO] - 	 Starting Epoch: 852
[2026-05-01 20:45:48,246][src.modRNN.training.common][INFO] - train epoch 852 MSE 0.0053 nMSE 0.0375
[2026-05-01 20:45:48,247][src.modRNN.training.common][INFO] - 	 Starting Epoch: 853
[2026-05-01 20:45:48,566][src.modRNN.training.common][INFO] - train epoch 853 MSE 0.0049 nMSE 0.0344
[2026-05-01 20:45:48,566][src.modRNN.training.common][INFO] - 	 Starting Epoch: 854
[2026-05-01 20:45:48,885][src.modRNN.training.common][INFO] - train epoch 854 MSE 0.0045 nMSE 0.0320
[2026-05-01 20:45:48,886][src.modRNN.training.common][INFO] - 	 Starting Epoch: 855
[2026-05-01 20:45:49,205][src.modRNN.training.common][INFO] - train epoch 855 MSE 0.0049 nMSE 0.0344
[2026-05-01 20:45:49,205][src.modRNN.training.common][INFO] - 	 Starting Epoch: 856
[2026-05-01 20:45:49,524][src.modRNN.training.common][INFO] - train epoch 856 MSE 0.0046 nMSE 0.0326
[2026-05-01 20:45:49,524][src.modRNN.training.common][INFO] - 	 Starting Epoch: 857
[2026-05-01 20:45:49,844][src.modRNN.training.common][INFO] - train epoch 857 MSE 0.0049 nMSE 0.0347
[2026-05-01 20:45:49,844][src.modRNN.training.common][INFO] - 	 Starting Epoch: 858
[2026-05-01 20:45:50,164][src.modRNN.training.common][INFO] - train epoch 858 MSE 0.0047 nMSE 0.0335
[2026-05-01 20:45:50,165][src.modRNN.training.common][INFO] - 	 Starting Epoch: 859
[2026-05-01 20:45:50,484][src.modRNN.training.common][INFO] - train epoch 859 MSE 0.0050 nMSE 0.0354
[2026-05-01 20:45:50,484][src.modRNN.training.common][INFO] - 	 Starting Epoch: 860
[2026-05-01 20:45:50,804][src.modRNN.training.common][INFO] - train epoch 860 MSE 0.0063 nMSE 0.0442
[2026-05-01 20:45:50,804][src.modRNN.training.common][INFO] - 	 Starting Epoch: 861
[2026-05-01 20:45:51,123][src.modRNN.training.common][INFO] - train epoch 861 MSE 0.0064 nMSE 0.0453
[2026-05-01 20:45:51,124][src.modRNN.training.common][INFO] - 	 Starting Epoch: 862
[2026-05-01 20:45:51,442][src.modRNN.training.common][INFO] - train epoch 862 MSE 0.0061 nMSE 0.0428
[2026-05-01 20:45:51,443][src.modRNN.training.common][INFO] - 	 Starting Epoch: 863
[2026-05-01 20:45:51,762][src.modRNN.training.common][INFO] - train epoch 863 MSE 0.0053 nMSE 0.0375
[2026-05-01 20:45:51,763][src.modRNN.training.common][INFO] - 	 Starting Epoch: 864
[2026-05-01 20:45:52,082][src.modRNN.training.common][INFO] - train epoch 864 MSE 0.0054 nMSE 0.0379
[2026-05-01 20:45:52,083][src.modRNN.training.common][INFO] - 	 Starting Epoch: 865
[2026-05-01 20:45:52,400][src.modRNN.training.common][INFO] - train epoch 865 MSE 0.0070 nMSE 0.0497
[2026-05-01 20:45:52,401][src.modRNN.training.common][INFO] - 	 Starting Epoch: 866
[2026-05-01 20:45:52,721][src.modRNN.training.common][INFO] - train epoch 866 MSE 0.0052 nMSE 0.0367
[2026-05-01 20:45:52,721][src.modRNN.training.common][INFO] - 	 Starting Epoch: 867
[2026-05-01 20:45:53,041][src.modRNN.training.common][INFO] - train epoch 867 MSE 0.0080 nMSE 0.0563
[2026-05-01 20:45:53,041][src.modRNN.training.common][INFO] - 	 Starting Epoch: 868
[2026-05-01 20:45:53,362][src.modRNN.training.common][INFO] - train epoch 868 MSE 0.0050 nMSE 0.0352
[2026-05-01 20:45:53,363][src.modRNN.training.common][INFO] - 	 Starting Epoch: 869
[2026-05-01 20:45:53,682][src.modRNN.training.common][INFO] - train epoch 869 MSE 0.0081 nMSE 0.0576
[2026-05-01 20:45:53,683][src.modRNN.training.common][INFO] - 	 Starting Epoch: 870
[2026-05-01 20:45:54,002][src.modRNN.training.common][INFO] - train epoch 870 MSE 0.0045 nMSE 0.0318
[2026-05-01 20:45:54,003][src.modRNN.training.common][INFO] - 	 Starting Epoch: 871
[2026-05-01 20:45:54,321][src.modRNN.training.common][INFO] - train epoch 871 MSE 0.0085 nMSE 0.0599
[2026-05-01 20:45:54,322][src.modRNN.training.common][INFO] - 	 Starting Epoch: 872
[2026-05-01 20:45:54,641][src.modRNN.training.common][INFO] - train epoch 872 MSE 0.0053 nMSE 0.0377
[2026-05-01 20:45:54,642][src.modRNN.training.common][INFO] - 	 Starting Epoch: 873
[2026-05-01 20:45:54,962][src.modRNN.training.common][INFO] - train epoch 873 MSE 0.0066 nMSE 0.0467
[2026-05-01 20:45:54,962][src.modRNN.training.common][INFO] - 	 Starting Epoch: 874
[2026-05-01 20:45:55,283][src.modRNN.training.common][INFO] - train epoch 874 MSE 0.0055 nMSE 0.0388
[2026-05-01 20:45:55,284][src.modRNN.training.common][INFO] - 	 Starting Epoch: 875
[2026-05-01 20:45:55,602][src.modRNN.training.common][INFO] - train epoch 875 MSE 0.0090 nMSE 0.0637
[2026-05-01 20:45:55,602][src.modRNN.training.common][INFO] - 	 Starting Epoch: 876
[2026-05-01 20:45:55,922][src.modRNN.training.common][INFO] - train epoch 876 MSE 0.0054 nMSE 0.0383
[2026-05-01 20:45:55,967][src.modRNN.training.common][INFO] - eval  epoch 876 MSE 0.0060 nMSE 0.0422
[2026-05-01 20:45:55,967][src.modRNN.training.common][INFO] - 	 Starting Epoch: 877
[2026-05-01 20:45:56,288][src.modRNN.training.common][INFO] - train epoch 877 MSE 0.0060 nMSE 0.0422
[2026-05-01 20:45:56,288][src.modRNN.training.common][INFO] - 	 Starting Epoch: 878
[2026-05-01 20:45:56,607][src.modRNN.training.common][INFO] - train epoch 878 MSE 0.0063 nMSE 0.0447
[2026-05-01 20:45:56,608][src.modRNN.training.common][INFO] - 	 Starting Epoch: 879
[2026-05-01 20:45:56,927][src.modRNN.training.common][INFO] - train epoch 879 MSE 0.0048 nMSE 0.0340
[2026-05-01 20:45:56,928][src.modRNN.training.common][INFO] - 	 Starting Epoch: 880
[2026-05-01 20:45:57,247][src.modRNN.training.common][INFO] - train epoch 880 MSE 0.0050 nMSE 0.0352
[2026-05-01 20:45:57,248][src.modRNN.training.common][INFO] - 	 Starting Epoch: 881
[2026-05-01 20:45:57,567][src.modRNN.training.common][INFO] - train epoch 881 MSE 0.0052 nMSE 0.0371
[2026-05-01 20:45:57,568][src.modRNN.training.common][INFO] - 	 Starting Epoch: 882
[2026-05-01 20:45:57,887][src.modRNN.training.common][INFO] - train epoch 882 MSE 0.0076 nMSE 0.0540
[2026-05-01 20:45:57,888][src.modRNN.training.common][INFO] - 	 Starting Epoch: 883
[2026-05-01 20:45:58,207][src.modRNN.training.common][INFO] - train epoch 883 MSE 0.0061 nMSE 0.0433
[2026-05-01 20:45:58,208][src.modRNN.training.common][INFO] - 	 Starting Epoch: 884
[2026-05-01 20:45:58,526][src.modRNN.training.common][INFO] - train epoch 884 MSE 0.0071 nMSE 0.0499
[2026-05-01 20:45:58,527][src.modRNN.training.common][INFO] - 	 Starting Epoch: 885
[2026-05-01 20:45:58,846][src.modRNN.training.common][INFO] - train epoch 885 MSE 0.0042 nMSE 0.0298
[2026-05-01 20:45:58,847][src.modRNN.training.common][INFO] - 	 Starting Epoch: 886
[2026-05-01 20:45:59,166][src.modRNN.training.common][INFO] - train epoch 886 MSE 0.0064 nMSE 0.0452
[2026-05-01 20:45:59,167][src.modRNN.training.common][INFO] - 	 Starting Epoch: 887
[2026-05-01 20:45:59,486][src.modRNN.training.common][INFO] - train epoch 887 MSE 0.0049 nMSE 0.0345
[2026-05-01 20:45:59,487][src.modRNN.training.common][INFO] - 	 Starting Epoch: 888
[2026-05-01 20:45:59,806][src.modRNN.training.common][INFO] - train epoch 888 MSE 0.0063 nMSE 0.0445
[2026-05-01 20:45:59,807][src.modRNN.training.common][INFO] - 	 Starting Epoch: 889
[2026-05-01 20:46:00,127][src.modRNN.training.common][INFO] - train epoch 889 MSE 0.0050 nMSE 0.0355
[2026-05-01 20:46:00,127][src.modRNN.training.common][INFO] - 	 Starting Epoch: 890
[2026-05-01 20:46:00,447][src.modRNN.training.common][INFO] - train epoch 890 MSE 0.0075 nMSE 0.0533
[2026-05-01 20:46:00,448][src.modRNN.training.common][INFO] - 	 Starting Epoch: 891
[2026-05-01 20:46:00,767][src.modRNN.training.common][INFO] - train epoch 891 MSE 0.0049 nMSE 0.0347
[2026-05-01 20:46:00,768][src.modRNN.training.common][INFO] - 	 Starting Epoch: 892
[2026-05-01 20:46:01,086][src.modRNN.training.common][INFO] - train epoch 892 MSE 0.0063 nMSE 0.0445
[2026-05-01 20:46:01,087][src.modRNN.training.common][INFO] - 	 Starting Epoch: 893
[2026-05-01 20:46:01,406][src.modRNN.training.common][INFO] - train epoch 893 MSE 0.0057 nMSE 0.0401
[2026-05-01 20:46:01,407][src.modRNN.training.common][INFO] - 	 Starting Epoch: 894
[2026-05-01 20:46:01,728][src.modRNN.training.common][INFO] - train epoch 894 MSE 0.0064 nMSE 0.0452
[2026-05-01 20:46:01,729][src.modRNN.training.common][INFO] - 	 Starting Epoch: 895
[2026-05-01 20:46:02,051][src.modRNN.training.common][INFO] - train epoch 895 MSE 0.0049 nMSE 0.0347
[2026-05-01 20:46:02,052][src.modRNN.training.common][INFO] - 	 Starting Epoch: 896
[2026-05-01 20:46:02,375][src.modRNN.training.common][INFO] - train epoch 896 MSE 0.0068 nMSE 0.0481
[2026-05-01 20:46:02,376][src.modRNN.training.common][INFO] - 	 Starting Epoch: 897
[2026-05-01 20:46:02,697][src.modRNN.training.common][INFO] - train epoch 897 MSE 0.0059 nMSE 0.0416
[2026-05-01 20:46:02,698][src.modRNN.training.common][INFO] - 	 Starting Epoch: 898
[2026-05-01 20:46:03,020][src.modRNN.training.common][INFO] - train epoch 898 MSE 0.0094 nMSE 0.0662
[2026-05-01 20:46:03,020][src.modRNN.training.common][INFO] - 	 Starting Epoch: 899
[2026-05-01 20:46:03,342][src.modRNN.training.common][INFO] - train epoch 899 MSE 0.0090 nMSE 0.0634
[2026-05-01 20:46:03,343][src.modRNN.training.common][INFO] - 	 Starting Epoch: 900
[2026-05-01 20:46:03,665][src.modRNN.training.common][INFO] - train epoch 900 MSE 0.0054 nMSE 0.0381
[2026-05-01 20:46:03,666][src.modRNN.training.common][INFO] - 	 Starting Epoch: 901
[2026-05-01 20:46:03,988][src.modRNN.training.common][INFO] - train epoch 901 MSE 0.0068 nMSE 0.0478
[2026-05-01 20:46:04,033][src.modRNN.training.common][INFO] - eval  epoch 901 MSE 0.0049 nMSE 0.0349
[2026-05-01 20:46:04,034][src.modRNN.training.common][INFO] - 	 Starting Epoch: 902
[2026-05-01 20:46:04,356][src.modRNN.training.common][INFO] - train epoch 902 MSE 0.0049 nMSE 0.0349
[2026-05-01 20:46:04,357][src.modRNN.training.common][INFO] - 	 Starting Epoch: 903
[2026-05-01 20:46:04,678][src.modRNN.training.common][INFO] - train epoch 903 MSE 0.0052 nMSE 0.0365
[2026-05-01 20:46:04,679][src.modRNN.training.common][INFO] - 	 Starting Epoch: 904
[2026-05-01 20:46:05,001][src.modRNN.training.common][INFO] - train epoch 904 MSE 0.0054 nMSE 0.0383
[2026-05-01 20:46:05,002][src.modRNN.training.common][INFO] - 	 Starting Epoch: 905
[2026-05-01 20:46:05,323][src.modRNN.training.common][INFO] - train epoch 905 MSE 0.0054 nMSE 0.0381
[2026-05-01 20:46:05,324][src.modRNN.training.common][INFO] - 	 Starting Epoch: 906
[2026-05-01 20:46:05,647][src.modRNN.training.common][INFO] - train epoch 906 MSE 0.0053 nMSE 0.0376
[2026-05-01 20:46:05,647][src.modRNN.training.common][INFO] - 	 Starting Epoch: 907
[2026-05-01 20:46:05,970][src.modRNN.training.common][INFO] - train epoch 907 MSE 0.0063 nMSE 0.0446
[2026-05-01 20:46:05,971][src.modRNN.training.common][INFO] - 	 Starting Epoch: 908
[2026-05-01 20:46:06,293][src.modRNN.training.common][INFO] - train epoch 908 MSE 0.0051 nMSE 0.0363
[2026-05-01 20:46:06,294][src.modRNN.training.common][INFO] - 	 Starting Epoch: 909
[2026-05-01 20:46:06,616][src.modRNN.training.common][INFO] - train epoch 909 MSE 0.0056 nMSE 0.0398
[2026-05-01 20:46:06,616][src.modRNN.training.common][INFO] - 	 Starting Epoch: 910
[2026-05-01 20:46:06,938][src.modRNN.training.common][INFO] - train epoch 910 MSE 0.0054 nMSE 0.0381
[2026-05-01 20:46:06,939][src.modRNN.training.common][INFO] - 	 Starting Epoch: 911
[2026-05-01 20:46:07,261][src.modRNN.training.common][INFO] - train epoch 911 MSE 0.0050 nMSE 0.0352
[2026-05-01 20:46:07,262][src.modRNN.training.common][INFO] - 	 Starting Epoch: 912
[2026-05-01 20:46:07,584][src.modRNN.training.common][INFO] - train epoch 912 MSE 0.0053 nMSE 0.0376
[2026-05-01 20:46:07,585][src.modRNN.training.common][INFO] - 	 Starting Epoch: 913
[2026-05-01 20:46:07,908][src.modRNN.training.common][INFO] - train epoch 913 MSE 0.0048 nMSE 0.0339
[2026-05-01 20:46:07,909][src.modRNN.training.common][INFO] - 	 Starting Epoch: 914
[2026-05-01 20:46:08,231][src.modRNN.training.common][INFO] - train epoch 914 MSE 0.0056 nMSE 0.0393
[2026-05-01 20:46:08,232][src.modRNN.training.common][INFO] - 	 Starting Epoch: 915
[2026-05-01 20:46:08,554][src.modRNN.training.common][INFO] - train epoch 915 MSE 0.0046 nMSE 0.0322
[2026-05-01 20:46:08,555][src.modRNN.training.common][INFO] - 	 Starting Epoch: 916
[2026-05-01 20:46:08,877][src.modRNN.training.common][INFO] - train epoch 916 MSE 0.0060 nMSE 0.0422
[2026-05-01 20:46:08,878][src.modRNN.training.common][INFO] - 	 Starting Epoch: 917
[2026-05-01 20:46:09,200][src.modRNN.training.common][INFO] - train epoch 917 MSE 0.0048 nMSE 0.0341
[2026-05-01 20:46:09,201][src.modRNN.training.common][INFO] - 	 Starting Epoch: 918
[2026-05-01 20:46:09,522][src.modRNN.training.common][INFO] - train epoch 918 MSE 0.0051 nMSE 0.0360
[2026-05-01 20:46:09,523][src.modRNN.training.common][INFO] - 	 Starting Epoch: 919
[2026-05-01 20:46:09,845][src.modRNN.training.common][INFO] - train epoch 919 MSE 0.0049 nMSE 0.0348
[2026-05-01 20:46:09,846][src.modRNN.training.common][INFO] - 	 Starting Epoch: 920
[2026-05-01 20:46:10,168][src.modRNN.training.common][INFO] - train epoch 920 MSE 0.0043 nMSE 0.0306
[2026-05-01 20:46:10,169][src.modRNN.training.common][INFO] - 	 Starting Epoch: 921
[2026-05-01 20:46:10,490][src.modRNN.training.common][INFO] - train epoch 921 MSE 0.0049 nMSE 0.0348
[2026-05-01 20:46:10,490][src.modRNN.training.common][INFO] - 	 Starting Epoch: 922
[2026-05-01 20:46:10,812][src.modRNN.training.common][INFO] - train epoch 922 MSE 0.0054 nMSE 0.0381
[2026-05-01 20:46:10,812][src.modRNN.training.common][INFO] - 	 Starting Epoch: 923
[2026-05-01 20:46:11,135][src.modRNN.training.common][INFO] - train epoch 923 MSE 0.0051 nMSE 0.0358
[2026-05-01 20:46:11,136][src.modRNN.training.common][INFO] - 	 Starting Epoch: 924
[2026-05-01 20:46:11,457][src.modRNN.training.common][INFO] - train epoch 924 MSE 0.0051 nMSE 0.0362
[2026-05-01 20:46:11,458][src.modRNN.training.common][INFO] - 	 Starting Epoch: 925
[2026-05-01 20:46:11,779][src.modRNN.training.common][INFO] - train epoch 925 MSE 0.0046 nMSE 0.0325
[2026-05-01 20:46:11,780][src.modRNN.training.common][INFO] - 	 Starting Epoch: 926
[2026-05-01 20:46:12,102][src.modRNN.training.common][INFO] - train epoch 926 MSE 0.0053 nMSE 0.0375
[2026-05-01 20:46:12,148][src.modRNN.training.common][INFO] - eval  epoch 926 MSE 0.0046 nMSE 0.0328
[2026-05-01 20:46:12,148][src.modRNN.training.common][INFO] - 	 Starting Epoch: 927
[2026-05-01 20:46:12,470][src.modRNN.training.common][INFO] - train epoch 927 MSE 0.0046 nMSE 0.0328
[2026-05-01 20:46:12,471][src.modRNN.training.common][INFO] - 	 Starting Epoch: 928
[2026-05-01 20:46:12,793][src.modRNN.training.common][INFO] - train epoch 928 MSE 0.0050 nMSE 0.0354
[2026-05-01 20:46:12,794][src.modRNN.training.common][INFO] - 	 Starting Epoch: 929
[2026-05-01 20:46:13,115][src.modRNN.training.common][INFO] - train epoch 929 MSE 0.0050 nMSE 0.0356
[2026-05-01 20:46:13,116][src.modRNN.training.common][INFO] - 	 Starting Epoch: 930
[2026-05-01 20:46:13,439][src.modRNN.training.common][INFO] - train epoch 930 MSE 0.0056 nMSE 0.0399
[2026-05-01 20:46:13,440][src.modRNN.training.common][INFO] - 	 Starting Epoch: 931
[2026-05-01 20:46:13,762][src.modRNN.training.common][INFO] - train epoch 931 MSE 0.0053 nMSE 0.0376
[2026-05-01 20:46:13,763][src.modRNN.training.common][INFO] - 	 Starting Epoch: 932
[2026-05-01 20:46:14,085][src.modRNN.training.common][INFO] - train epoch 932 MSE 0.0047 nMSE 0.0333
[2026-05-01 20:46:14,086][src.modRNN.training.common][INFO] - 	 Starting Epoch: 933
[2026-05-01 20:46:14,408][src.modRNN.training.common][INFO] - train epoch 933 MSE 0.0054 nMSE 0.0379
[2026-05-01 20:46:14,409][src.modRNN.training.common][INFO] - 	 Starting Epoch: 934
[2026-05-01 20:46:14,732][src.modRNN.training.common][INFO] - train epoch 934 MSE 0.0048 nMSE 0.0341
[2026-05-01 20:46:14,732][src.modRNN.training.common][INFO] - 	 Starting Epoch: 935
[2026-05-01 20:46:15,054][src.modRNN.training.common][INFO] - train epoch 935 MSE 0.0057 nMSE 0.0400
[2026-05-01 20:46:15,055][src.modRNN.training.common][INFO] - 	 Starting Epoch: 936
[2026-05-01 20:46:15,377][src.modRNN.training.common][INFO] - train epoch 936 MSE 0.0046 nMSE 0.0325
[2026-05-01 20:46:15,378][src.modRNN.training.common][INFO] - 	 Starting Epoch: 937
[2026-05-01 20:46:15,700][src.modRNN.training.common][INFO] - train epoch 937 MSE 0.0050 nMSE 0.0350
[2026-05-01 20:46:15,701][src.modRNN.training.common][INFO] - 	 Starting Epoch: 938
[2026-05-01 20:46:16,023][src.modRNN.training.common][INFO] - train epoch 938 MSE 0.0043 nMSE 0.0302
[2026-05-01 20:46:16,024][src.modRNN.training.common][INFO] - 	 Starting Epoch: 939
[2026-05-01 20:46:16,346][src.modRNN.training.common][INFO] - train epoch 939 MSE 0.0053 nMSE 0.0378
[2026-05-01 20:46:16,346][src.modRNN.training.common][INFO] - 	 Starting Epoch: 940
[2026-05-01 20:46:16,669][src.modRNN.training.common][INFO] - train epoch 940 MSE 0.0056 nMSE 0.0395
[2026-05-01 20:46:16,669][src.modRNN.training.common][INFO] - 	 Starting Epoch: 941
[2026-05-01 20:46:16,991][src.modRNN.training.common][INFO] - train epoch 941 MSE 0.0051 nMSE 0.0358
[2026-05-01 20:46:16,992][src.modRNN.training.common][INFO] - 	 Starting Epoch: 942
[2026-05-01 20:46:17,313][src.modRNN.training.common][INFO] - train epoch 942 MSE 0.0065 nMSE 0.0457
[2026-05-01 20:46:17,314][src.modRNN.training.common][INFO] - 	 Starting Epoch: 943
[2026-05-01 20:46:17,636][src.modRNN.training.common][INFO] - train epoch 943 MSE 0.0051 nMSE 0.0359
[2026-05-01 20:46:17,637][src.modRNN.training.common][INFO] - 	 Starting Epoch: 944
[2026-05-01 20:46:17,958][src.modRNN.training.common][INFO] - train epoch 944 MSE 0.0061 nMSE 0.0428
[2026-05-01 20:46:17,959][src.modRNN.training.common][INFO] - 	 Starting Epoch: 945
[2026-05-01 20:46:18,280][src.modRNN.training.common][INFO] - train epoch 945 MSE 0.0049 nMSE 0.0344
[2026-05-01 20:46:18,281][src.modRNN.training.common][INFO] - 	 Starting Epoch: 946
[2026-05-01 20:46:18,603][src.modRNN.training.common][INFO] - train epoch 946 MSE 0.0066 nMSE 0.0470
[2026-05-01 20:46:18,603][src.modRNN.training.common][INFO] - 	 Starting Epoch: 947
[2026-05-01 20:46:18,926][src.modRNN.training.common][INFO] - train epoch 947 MSE 0.0050 nMSE 0.0357
[2026-05-01 20:46:18,927][src.modRNN.training.common][INFO] - 	 Starting Epoch: 948
[2026-05-01 20:46:19,249][src.modRNN.training.common][INFO] - train epoch 948 MSE 0.0052 nMSE 0.0365
[2026-05-01 20:46:19,249][src.modRNN.training.common][INFO] - 	 Starting Epoch: 949
[2026-05-01 20:46:19,571][src.modRNN.training.common][INFO] - train epoch 949 MSE 0.0046 nMSE 0.0327
[2026-05-01 20:46:19,572][src.modRNN.training.common][INFO] - 	 Starting Epoch: 950
[2026-05-01 20:46:19,893][src.modRNN.training.common][INFO] - train epoch 950 MSE 0.0041 nMSE 0.0289
[2026-05-01 20:46:19,894][src.modRNN.training.common][INFO] - 	 Starting Epoch: 951
[2026-05-01 20:46:20,216][src.modRNN.training.common][INFO] - train epoch 951 MSE 0.0046 nMSE 0.0327
[2026-05-01 20:46:20,261][src.modRNN.training.common][INFO] - eval  epoch 951 MSE 0.0054 nMSE 0.0385
[2026-05-01 20:46:20,262][src.modRNN.training.common][INFO] - 	 Starting Epoch: 952
[2026-05-01 20:46:20,584][src.modRNN.training.common][INFO] - train epoch 952 MSE 0.0054 nMSE 0.0385
[2026-05-01 20:46:20,585][src.modRNN.training.common][INFO] - 	 Starting Epoch: 953
[2026-05-01 20:46:20,907][src.modRNN.training.common][INFO] - train epoch 953 MSE 0.0049 nMSE 0.0346
[2026-05-01 20:46:20,908][src.modRNN.training.common][INFO] - 	 Starting Epoch: 954
[2026-05-01 20:46:21,229][src.modRNN.training.common][INFO] - train epoch 954 MSE 0.0047 nMSE 0.0332
[2026-05-01 20:46:21,230][src.modRNN.training.common][INFO] - 	 Starting Epoch: 955
[2026-05-01 20:46:21,552][src.modRNN.training.common][INFO] - train epoch 955 MSE 0.0045 nMSE 0.0320
[2026-05-01 20:46:21,552][src.modRNN.training.common][INFO] - 	 Starting Epoch: 956
[2026-05-01 20:46:21,875][src.modRNN.training.common][INFO] - train epoch 956 MSE 0.0044 nMSE 0.0313
[2026-05-01 20:46:21,875][src.modRNN.training.common][INFO] - 	 Starting Epoch: 957
[2026-05-01 20:46:22,198][src.modRNN.training.common][INFO] - train epoch 957 MSE 0.0040 nMSE 0.0281
[2026-05-01 20:46:22,199][src.modRNN.training.common][INFO] - 	 Starting Epoch: 958
[2026-05-01 20:46:22,520][src.modRNN.training.common][INFO] - train epoch 958 MSE 0.0055 nMSE 0.0389
[2026-05-01 20:46:22,521][src.modRNN.training.common][INFO] - 	 Starting Epoch: 959
[2026-05-01 20:46:22,843][src.modRNN.training.common][INFO] - train epoch 959 MSE 0.0051 nMSE 0.0364
[2026-05-01 20:46:22,844][src.modRNN.training.common][INFO] - 	 Starting Epoch: 960
[2026-05-01 20:46:23,166][src.modRNN.training.common][INFO] - train epoch 960 MSE 0.0055 nMSE 0.0386
[2026-05-01 20:46:23,167][src.modRNN.training.common][INFO] - 	 Starting Epoch: 961
[2026-05-01 20:46:23,490][src.modRNN.training.common][INFO] - train epoch 961 MSE 0.0046 nMSE 0.0325
[2026-05-01 20:46:23,490][src.modRNN.training.common][INFO] - 	 Starting Epoch: 962
[2026-05-01 20:46:23,812][src.modRNN.training.common][INFO] - train epoch 962 MSE 0.0046 nMSE 0.0327
[2026-05-01 20:46:23,813][src.modRNN.training.common][INFO] - 	 Starting Epoch: 963
[2026-05-01 20:46:24,135][src.modRNN.training.common][INFO] - train epoch 963 MSE 0.0050 nMSE 0.0354
[2026-05-01 20:46:24,136][src.modRNN.training.common][INFO] - 	 Starting Epoch: 964
[2026-05-01 20:46:24,458][src.modRNN.training.common][INFO] - train epoch 964 MSE 0.0043 nMSE 0.0301
[2026-05-01 20:46:24,458][src.modRNN.training.common][INFO] - 	 Starting Epoch: 965
[2026-05-01 20:46:24,780][src.modRNN.training.common][INFO] - train epoch 965 MSE 0.0046 nMSE 0.0327
[2026-05-01 20:46:24,781][src.modRNN.training.common][INFO] - 	 Starting Epoch: 966
[2026-05-01 20:46:25,103][src.modRNN.training.common][INFO] - train epoch 966 MSE 0.0045 nMSE 0.0321
[2026-05-01 20:46:25,103][src.modRNN.training.common][INFO] - 	 Starting Epoch: 967
[2026-05-01 20:46:25,425][src.modRNN.training.common][INFO] - train epoch 967 MSE 0.0051 nMSE 0.0361
[2026-05-01 20:46:25,426][src.modRNN.training.common][INFO] - 	 Starting Epoch: 968
[2026-05-01 20:46:25,748][src.modRNN.training.common][INFO] - train epoch 968 MSE 0.0053 nMSE 0.0372
[2026-05-01 20:46:25,749][src.modRNN.training.common][INFO] - 	 Starting Epoch: 969
[2026-05-01 20:46:26,069][src.modRNN.training.common][INFO] - train epoch 969 MSE 0.0046 nMSE 0.0325
[2026-05-01 20:46:26,070][src.modRNN.training.common][INFO] - 	 Starting Epoch: 970
[2026-05-01 20:46:26,391][src.modRNN.training.common][INFO] - train epoch 970 MSE 0.0049 nMSE 0.0347
[2026-05-01 20:46:26,392][src.modRNN.training.common][INFO] - 	 Starting Epoch: 971
[2026-05-01 20:46:26,713][src.modRNN.training.common][INFO] - train epoch 971 MSE 0.0051 nMSE 0.0361
[2026-05-01 20:46:26,714][src.modRNN.training.common][INFO] - 	 Starting Epoch: 972
[2026-05-01 20:46:27,036][src.modRNN.training.common][INFO] - train epoch 972 MSE 0.0057 nMSE 0.0405
[2026-05-01 20:46:27,036][src.modRNN.training.common][INFO] - 	 Starting Epoch: 973
[2026-05-01 20:46:27,368][src.modRNN.training.common][INFO] - train epoch 973 MSE 0.0043 nMSE 0.0306
[2026-05-01 20:46:27,369][src.modRNN.training.common][INFO] - 	 Starting Epoch: 974
[2026-05-01 20:46:27,725][src.modRNN.training.common][INFO] - train epoch 974 MSE 0.0045 nMSE 0.0317
[2026-05-01 20:46:27,727][src.modRNN.training.common][INFO] - 	 Starting Epoch: 975
[2026-05-01 20:46:28,073][src.modRNN.training.common][INFO] - train epoch 975 MSE 0.0048 nMSE 0.0336
[2026-05-01 20:46:28,073][src.modRNN.training.common][INFO] - 	 Starting Epoch: 976
[2026-05-01 20:46:28,395][src.modRNN.training.common][INFO] - train epoch 976 MSE 0.0044 nMSE 0.0310
[2026-05-01 20:46:28,440][src.modRNN.training.common][INFO] - eval  epoch 976 MSE 0.0047 nMSE 0.0330
[2026-05-01 20:46:28,441][src.modRNN.training.common][INFO] - 	 Starting Epoch: 977
[2026-05-01 20:46:28,764][src.modRNN.training.common][INFO] - train epoch 977 MSE 0.0047 nMSE 0.0330
[2026-05-01 20:46:28,765][src.modRNN.training.common][INFO] - 	 Starting Epoch: 978
[2026-05-01 20:46:29,088][src.modRNN.training.common][INFO] - train epoch 978 MSE 0.0046 nMSE 0.0324
[2026-05-01 20:46:29,089][src.modRNN.training.common][INFO] - 	 Starting Epoch: 979
[2026-05-01 20:46:29,412][src.modRNN.training.common][INFO] - train epoch 979 MSE 0.0045 nMSE 0.0321
[2026-05-01 20:46:29,412][src.modRNN.training.common][INFO] - 	 Starting Epoch: 980
[2026-05-01 20:46:29,735][src.modRNN.training.common][INFO] - train epoch 980 MSE 0.0052 nMSE 0.0367
[2026-05-01 20:46:29,736][src.modRNN.training.common][INFO] - 	 Starting Epoch: 981
[2026-05-01 20:46:30,058][src.modRNN.training.common][INFO] - train epoch 981 MSE 0.0049 nMSE 0.0348
[2026-05-01 20:46:30,058][src.modRNN.training.common][INFO] - 	 Starting Epoch: 982
[2026-05-01 20:46:30,381][src.modRNN.training.common][INFO] - train epoch 982 MSE 0.0047 nMSE 0.0332
[2026-05-01 20:46:30,382][src.modRNN.training.common][INFO] - 	 Starting Epoch: 983
[2026-05-01 20:46:30,705][src.modRNN.training.common][INFO] - train epoch 983 MSE 0.0054 nMSE 0.0383
[2026-05-01 20:46:30,706][src.modRNN.training.common][INFO] - 	 Starting Epoch: 984
[2026-05-01 20:46:31,028][src.modRNN.training.common][INFO] - train epoch 984 MSE 0.0048 nMSE 0.0338
[2026-05-01 20:46:31,029][src.modRNN.training.common][INFO] - 	 Starting Epoch: 985
[2026-05-01 20:46:31,350][src.modRNN.training.common][INFO] - train epoch 985 MSE 0.0051 nMSE 0.0358
[2026-05-01 20:46:31,350][src.modRNN.training.common][INFO] - 	 Starting Epoch: 986
[2026-05-01 20:46:31,670][src.modRNN.training.common][INFO] - train epoch 986 MSE 0.0045 nMSE 0.0318
[2026-05-01 20:46:31,670][src.modRNN.training.common][INFO] - 	 Starting Epoch: 987
[2026-05-01 20:46:31,990][src.modRNN.training.common][INFO] - train epoch 987 MSE 0.0047 nMSE 0.0334
[2026-05-01 20:46:31,991][src.modRNN.training.common][INFO] - 	 Starting Epoch: 988
[2026-05-01 20:46:32,311][src.modRNN.training.common][INFO] - train epoch 988 MSE 0.0042 nMSE 0.0298
[2026-05-01 20:46:32,312][src.modRNN.training.common][INFO] - 	 Starting Epoch: 989
[2026-05-01 20:46:32,632][src.modRNN.training.common][INFO] - train epoch 989 MSE 0.0042 nMSE 0.0295
[2026-05-01 20:46:32,633][src.modRNN.training.common][INFO] - 	 Starting Epoch: 990
[2026-05-01 20:46:32,952][src.modRNN.training.common][INFO] - train epoch 990 MSE 0.0042 nMSE 0.0297
[2026-05-01 20:46:32,953][src.modRNN.training.common][INFO] - 	 Starting Epoch: 991
[2026-05-01 20:46:33,273][src.modRNN.training.common][INFO] - train epoch 991 MSE 0.0049 nMSE 0.0347
[2026-05-01 20:46:33,274][src.modRNN.training.common][INFO] - 	 Starting Epoch: 992
[2026-05-01 20:46:33,594][src.modRNN.training.common][INFO] - train epoch 992 MSE 0.0054 nMSE 0.0383
[2026-05-01 20:46:33,595][src.modRNN.training.common][INFO] - 	 Starting Epoch: 993
[2026-05-01 20:46:33,915][src.modRNN.training.common][INFO] - train epoch 993 MSE 0.0049 nMSE 0.0348
[2026-05-01 20:46:33,915][src.modRNN.training.common][INFO] - 	 Starting Epoch: 994
[2026-05-01 20:46:34,235][src.modRNN.training.common][INFO] - train epoch 994 MSE 0.0041 nMSE 0.0293
[2026-05-01 20:46:34,236][src.modRNN.training.common][INFO] - 	 Starting Epoch: 995
[2026-05-01 20:46:34,555][src.modRNN.training.common][INFO] - train epoch 995 MSE 0.0046 nMSE 0.0323
[2026-05-01 20:46:34,556][src.modRNN.training.common][INFO] - 	 Starting Epoch: 996
[2026-05-01 20:46:34,878][src.modRNN.training.common][INFO] - train epoch 996 MSE 0.0057 nMSE 0.0403
[2026-05-01 20:46:34,878][src.modRNN.training.common][INFO] - 	 Starting Epoch: 997
[2026-05-01 20:46:35,199][src.modRNN.training.common][INFO] - train epoch 997 MSE 0.0049 nMSE 0.0345
[2026-05-01 20:46:35,200][src.modRNN.training.common][INFO] - 	 Starting Epoch: 998
[2026-05-01 20:46:35,520][src.modRNN.training.common][INFO] - train epoch 998 MSE 0.0053 nMSE 0.0377
[2026-05-01 20:46:35,520][src.modRNN.training.common][INFO] - 	 Starting Epoch: 999
[2026-05-01 20:46:35,841][src.modRNN.training.common][INFO] - train epoch 999 MSE 0.0058 nMSE 0.0409
[2026-05-01 20:46:35,842][src.modRNN.training.common][INFO] - 	 Starting Epoch: 1000
[2026-05-01 20:46:36,161][src.modRNN.training.common][INFO] - train epoch 1000 MSE 0.0046 nMSE 0.0324
[2026-05-01 20:46:36,162][src.modRNN.training.common][INFO] - 	 Starting Epoch: 1001
[2026-05-01 20:46:36,483][src.modRNN.training.common][INFO] - train epoch 1001 MSE 0.0050 nMSE 0.0357
[2026-05-01 20:46:36,527][src.modRNN.training.common][INFO] - eval  epoch 1001 MSE 0.0056 nMSE 0.0400
[2026-05-01 20:46:36,528][src.modRNN.training.common][INFO] - 	 Starting Epoch: 1002
[2026-05-01 20:46:36,847][src.modRNN.training.common][INFO] - train epoch 1002 MSE 0.0056 nMSE 0.0400
[2026-05-01 20:46:36,848][src.modRNN.training.common][INFO] - 	 Starting Epoch: 1003
[2026-05-01 20:46:37,168][src.modRNN.training.common][INFO] - train epoch 1003 MSE 0.0048 nMSE 0.0341
[2026-05-01 20:46:37,169][src.modRNN.training.common][INFO] - 	 Starting Epoch: 1004
[2026-05-01 20:46:37,489][src.modRNN.training.common][INFO] - train epoch 1004 MSE 0.0062 nMSE 0.0438
[2026-05-01 20:46:37,490][src.modRNN.training.common][INFO] - 	 Starting Epoch: 1005
[2026-05-01 20:46:37,809][src.modRNN.training.common][INFO] - train epoch 1005 MSE 0.0046 nMSE 0.0327
[2026-05-01 20:46:37,810][src.modRNN.training.common][INFO] - 	 Starting Epoch: 1006
[2026-05-01 20:46:38,129][src.modRNN.training.common][INFO] - train epoch 1006 MSE 0.0050 nMSE 0.0352
[2026-05-01 20:46:38,130][src.modRNN.training.common][INFO] - 	 Starting Epoch: 1007
[2026-05-01 20:46:38,449][src.modRNN.training.common][INFO] - train epoch 1007 MSE 0.0044 nMSE 0.0311
[2026-05-01 20:46:38,450][src.modRNN.training.common][INFO] - 	 Starting Epoch: 1008
[2026-05-01 20:46:38,770][src.modRNN.training.common][INFO] - train epoch 1008 MSE 0.0049 nMSE 0.0344
[2026-05-01 20:46:38,770][src.modRNN.training.common][INFO] - 	 Starting Epoch: 1009
[2026-05-01 20:46:39,090][src.modRNN.training.common][INFO] - train epoch 1009 MSE 0.0047 nMSE 0.0335
[2026-05-01 20:46:39,091][src.modRNN.training.common][INFO] - 	 Starting Epoch: 1010
[2026-05-01 20:46:39,409][src.modRNN.training.common][INFO] - train epoch 1010 MSE 0.0043 nMSE 0.0306
[2026-05-01 20:46:39,410][src.modRNN.training.common][INFO] - 	 Starting Epoch: 1011
[2026-05-01 20:46:39,728][src.modRNN.training.common][INFO] - train epoch 1011 MSE 0.0056 nMSE 0.0397
[2026-05-01 20:46:39,729][src.modRNN.training.common][INFO] - 	 Starting Epoch: 1012
[2026-05-01 20:46:40,048][src.modRNN.training.common][INFO] - train epoch 1012 MSE 0.0052 nMSE 0.0365
[2026-05-01 20:46:40,049][src.modRNN.training.common][INFO] - 	 Starting Epoch: 1013
[2026-05-01 20:46:40,368][src.modRNN.training.common][INFO] - train epoch 1013 MSE 0.0040 nMSE 0.0286
[2026-05-01 20:46:40,368][src.modRNN.training.common][INFO] - 	 Starting Epoch: 1014
[2026-05-01 20:46:40,688][src.modRNN.training.common][INFO] - train epoch 1014 MSE 0.0046 nMSE 0.0324
[2026-05-01 20:46:40,689][src.modRNN.training.common][INFO] - 	 Starting Epoch: 1015
[2026-05-01 20:46:41,007][src.modRNN.training.common][INFO] - train epoch 1015 MSE 0.0043 nMSE 0.0307
[2026-05-01 20:46:41,008][src.modRNN.training.common][INFO] - 	 Starting Epoch: 1016
[2026-05-01 20:46:41,328][src.modRNN.training.common][INFO] - train epoch 1016 MSE 0.0053 nMSE 0.0377
[2026-05-01 20:46:41,329][src.modRNN.training.common][INFO] - 	 Starting Epoch: 1017
[2026-05-01 20:46:41,648][src.modRNN.training.common][INFO] - train epoch 1017 MSE 0.0043 nMSE 0.0307
[2026-05-01 20:46:41,648][src.modRNN.training.common][INFO] - 	 Starting Epoch: 1018
[2026-05-01 20:46:41,968][src.modRNN.training.common][INFO] - train epoch 1018 MSE 0.0046 nMSE 0.0324
[2026-05-01 20:46:41,968][src.modRNN.training.common][INFO] - 	 Starting Epoch: 1019
[2026-05-01 20:46:42,289][src.modRNN.training.common][INFO] - train epoch 1019 MSE 0.0040 nMSE 0.0283
[2026-05-01 20:46:42,290][src.modRNN.training.common][INFO] - 	 Starting Epoch: 1020
[2026-05-01 20:46:42,608][src.modRNN.training.common][INFO] - train epoch 1020 MSE 0.0048 nMSE 0.0342
[2026-05-01 20:46:42,609][src.modRNN.training.common][INFO] - 	 Starting Epoch: 1021
[2026-05-01 20:46:42,928][src.modRNN.training.common][INFO] - train epoch 1021 MSE 0.0044 nMSE 0.0312
[2026-05-01 20:46:42,928][src.modRNN.training.common][INFO] - 	 Starting Epoch: 1022
[2026-05-01 20:46:43,247][src.modRNN.training.common][INFO] - train epoch 1022 MSE 0.0044 nMSE 0.0308
[2026-05-01 20:46:43,248][src.modRNN.training.common][INFO] - 	 Starting Epoch: 1023
[2026-05-01 20:46:43,568][src.modRNN.training.common][INFO] - train epoch 1023 MSE 0.0041 nMSE 0.0292
[2026-05-01 20:46:43,568][src.modRNN.training.common][INFO] - 	 Starting Epoch: 1024
[2026-05-01 20:46:43,887][src.modRNN.training.common][INFO] - train epoch 1024 MSE 0.0052 nMSE 0.0370
[2026-05-01 20:46:43,888][src.modRNN.training.common][INFO] - 	 Starting Epoch: 1025
[2026-05-01 20:46:44,207][src.modRNN.training.common][INFO] - train epoch 1025 MSE 0.0041 nMSE 0.0290
[2026-05-01 20:46:44,208][src.modRNN.training.common][INFO] - 	 Starting Epoch: 1026
[2026-05-01 20:46:44,527][src.modRNN.training.common][INFO] - train epoch 1026 MSE 0.0056 nMSE 0.0397
[2026-05-01 20:46:44,571][src.modRNN.training.common][INFO] - eval  epoch 1026 MSE 0.0047 nMSE 0.0330
[2026-05-01 20:46:44,571][src.modRNN.training.common][INFO] - 	 Starting Epoch: 1027
[2026-05-01 20:46:44,894][src.modRNN.training.common][INFO] - train epoch 1027 MSE 0.0047 nMSE 0.0330
[2026-05-01 20:46:44,894][src.modRNN.training.common][INFO] - 	 Starting Epoch: 1028
[2026-05-01 20:46:45,215][src.modRNN.training.common][INFO] - train epoch 1028 MSE 0.0050 nMSE 0.0355
[2026-05-01 20:46:45,216][src.modRNN.training.common][INFO] - 	 Starting Epoch: 1029
[2026-05-01 20:46:45,536][src.modRNN.training.common][INFO] - train epoch 1029 MSE 0.0052 nMSE 0.0371
[2026-05-01 20:46:45,537][src.modRNN.training.common][INFO] - 	 Starting Epoch: 1030
[2026-05-01 20:46:45,857][src.modRNN.training.common][INFO] - train epoch 1030 MSE 0.0048 nMSE 0.0338
[2026-05-01 20:46:45,858][src.modRNN.training.common][INFO] - 	 Starting Epoch: 1031
[2026-05-01 20:46:46,178][src.modRNN.training.common][INFO] - train epoch 1031 MSE 0.0049 nMSE 0.0347
[2026-05-01 20:46:46,178][src.modRNN.training.common][INFO] - 	 Starting Epoch: 1032
[2026-05-01 20:46:46,499][src.modRNN.training.common][INFO] - train epoch 1032 MSE 0.0047 nMSE 0.0336
[2026-05-01 20:46:46,500][src.modRNN.training.common][INFO] - 	 Starting Epoch: 1033
[2026-05-01 20:46:46,820][src.modRNN.training.common][INFO] - train epoch 1033 MSE 0.0046 nMSE 0.0326
[2026-05-01 20:46:46,820][src.modRNN.training.common][INFO] - 	 Starting Epoch: 1034
[2026-05-01 20:46:47,141][src.modRNN.training.common][INFO] - train epoch 1034 MSE 0.0055 nMSE 0.0391
[2026-05-01 20:46:47,142][src.modRNN.training.common][INFO] - 	 Starting Epoch: 1035
[2026-05-01 20:46:47,461][src.modRNN.training.common][INFO] - train epoch 1035 MSE 0.0043 nMSE 0.0304
[2026-05-01 20:46:47,461][src.modRNN.training.common][INFO] - 	 Starting Epoch: 1036
[2026-05-01 20:46:47,781][src.modRNN.training.common][INFO] - train epoch 1036 MSE 0.0051 nMSE 0.0361
[2026-05-01 20:46:47,781][src.modRNN.training.common][INFO] - 	 Starting Epoch: 1037
[2026-05-01 20:46:48,100][src.modRNN.training.common][INFO] - train epoch 1037 MSE 0.0054 nMSE 0.0380
[2026-05-01 20:46:48,101][src.modRNN.training.common][INFO] - 	 Starting Epoch: 1038
[2026-05-01 20:46:48,420][src.modRNN.training.common][INFO] - train epoch 1038 MSE 0.0054 nMSE 0.0379
[2026-05-01 20:46:48,421][src.modRNN.training.common][INFO] - 	 Starting Epoch: 1039
[2026-05-01 20:46:48,740][src.modRNN.training.common][INFO] - train epoch 1039 MSE 0.0047 nMSE 0.0335
[2026-05-01 20:46:48,741][src.modRNN.training.common][INFO] - 	 Starting Epoch: 1040
[2026-05-01 20:46:49,061][src.modRNN.training.common][INFO] - train epoch 1040 MSE 0.0049 nMSE 0.0348
[2026-05-01 20:46:49,062][src.modRNN.training.common][INFO] - 	 Starting Epoch: 1041
[2026-05-01 20:46:49,382][src.modRNN.training.common][INFO] - train epoch 1041 MSE 0.0058 nMSE 0.0409
[2026-05-01 20:46:49,383][src.modRNN.training.common][INFO] - 	 Starting Epoch: 1042
[2026-05-01 20:46:49,703][src.modRNN.training.common][INFO] - train epoch 1042 MSE 0.0047 nMSE 0.0334
[2026-05-01 20:46:49,704][src.modRNN.training.common][INFO] - 	 Starting Epoch: 1043
[2026-05-01 20:46:50,025][src.modRNN.training.common][INFO] - train epoch 1043 MSE 0.0059 nMSE 0.0418
[2026-05-01 20:46:50,025][src.modRNN.training.common][INFO] - 	 Starting Epoch: 1044
[2026-05-01 20:46:50,346][src.modRNN.training.common][INFO] - train epoch 1044 MSE 0.0059 nMSE 0.0417
[2026-05-01 20:46:50,347][src.modRNN.training.common][INFO] - 	 Starting Epoch: 1045
[2026-05-01 20:46:50,666][src.modRNN.training.common][INFO] - train epoch 1045 MSE 0.0052 nMSE 0.0365
[2026-05-01 20:46:50,667][src.modRNN.training.common][INFO] - 	 Starting Epoch: 1046
[2026-05-01 20:46:50,986][src.modRNN.training.common][INFO] - train epoch 1046 MSE 0.0053 nMSE 0.0376
[2026-05-01 20:46:50,987][src.modRNN.training.common][INFO] - 	 Starting Epoch: 1047
[2026-05-01 20:46:51,308][src.modRNN.training.common][INFO] - train epoch 1047 MSE 0.0048 nMSE 0.0337
[2026-05-01 20:46:51,309][src.modRNN.training.common][INFO] - 	 Starting Epoch: 1048
[2026-05-01 20:46:51,628][src.modRNN.training.common][INFO] - train epoch 1048 MSE 0.0056 nMSE 0.0394
[2026-05-01 20:46:51,629][src.modRNN.training.common][INFO] - 	 Starting Epoch: 1049
[2026-05-01 20:46:51,949][src.modRNN.training.common][INFO] - train epoch 1049 MSE 0.0043 nMSE 0.0301
[2026-05-01 20:46:51,950][src.modRNN.training.common][INFO] - 	 Starting Epoch: 1050
[2026-05-01 20:46:52,270][src.modRNN.training.common][INFO] - train epoch 1050 MSE 0.0066 nMSE 0.0466
[2026-05-01 20:46:52,271][src.modRNN.training.common][INFO] - 	 Starting Epoch: 1051
[2026-05-01 20:46:52,591][src.modRNN.training.common][INFO] - train epoch 1051 MSE 0.0051 nMSE 0.0363
[2026-05-01 20:46:52,636][src.modRNN.training.common][INFO] - eval  epoch 1051 MSE 0.0057 nMSE 0.0400
[2026-05-01 20:46:52,636][src.modRNN.training.common][INFO] - 	 Starting Epoch: 1052
[2026-05-01 20:46:52,956][src.modRNN.training.common][INFO] - train epoch 1052 MSE 0.0057 nMSE 0.0400
[2026-05-01 20:46:52,957][src.modRNN.training.common][INFO] - 	 Starting Epoch: 1053
[2026-05-01 20:46:53,276][src.modRNN.training.common][INFO] - train epoch 1053 MSE 0.0058 nMSE 0.0412
[2026-05-01 20:46:53,277][src.modRNN.training.common][INFO] - 	 Starting Epoch: 1054
[2026-05-01 20:46:53,597][src.modRNN.training.common][INFO] - train epoch 1054 MSE 0.0061 nMSE 0.0431
[2026-05-01 20:46:53,598][src.modRNN.training.common][INFO] - 	 Starting Epoch: 1055
[2026-05-01 20:46:53,918][src.modRNN.training.common][INFO] - train epoch 1055 MSE 0.0054 nMSE 0.0380
[2026-05-01 20:46:53,918][src.modRNN.training.common][INFO] - 	 Starting Epoch: 1056
[2026-05-01 20:46:54,237][src.modRNN.training.common][INFO] - train epoch 1056 MSE 0.0063 nMSE 0.0444
[2026-05-01 20:46:54,238][src.modRNN.training.common][INFO] - 	 Starting Epoch: 1057
[2026-05-01 20:46:54,556][src.modRNN.training.common][INFO] - train epoch 1057 MSE 0.0054 nMSE 0.0382
[2026-05-01 20:46:54,557][src.modRNN.training.common][INFO] - 	 Starting Epoch: 1058
[2026-05-01 20:46:54,876][src.modRNN.training.common][INFO] - train epoch 1058 MSE 0.0058 nMSE 0.0408
[2026-05-01 20:46:54,876][src.modRNN.training.common][INFO] - 	 Starting Epoch: 1059
[2026-05-01 20:46:55,195][src.modRNN.training.common][INFO] - train epoch 1059 MSE 0.0064 nMSE 0.0454
[2026-05-01 20:46:55,196][src.modRNN.training.common][INFO] - 	 Starting Epoch: 1060
[2026-05-01 20:46:55,516][src.modRNN.training.common][INFO] - train epoch 1060 MSE 0.0061 nMSE 0.0433
[2026-05-01 20:46:55,516][src.modRNN.training.common][INFO] - 	 Starting Epoch: 1061
[2026-05-01 20:46:55,835][src.modRNN.training.common][INFO] - train epoch 1061 MSE 0.0058 nMSE 0.0410
[2026-05-01 20:46:55,836][src.modRNN.training.common][INFO] - 	 Starting Epoch: 1062
[2026-05-01 20:46:56,155][src.modRNN.training.common][INFO] - train epoch 1062 MSE 0.0055 nMSE 0.0392
[2026-05-01 20:46:56,156][src.modRNN.training.common][INFO] - 	 Starting Epoch: 1063
[2026-05-01 20:46:56,475][src.modRNN.training.common][INFO] - train epoch 1063 MSE 0.0055 nMSE 0.0386
[2026-05-01 20:46:56,476][src.modRNN.training.common][INFO] - 	 Starting Epoch: 1064
[2026-05-01 20:46:56,794][src.modRNN.training.common][INFO] - train epoch 1064 MSE 0.0047 nMSE 0.0331
[2026-05-01 20:46:56,795][src.modRNN.training.common][INFO] - 	 Starting Epoch: 1065
[2026-05-01 20:46:57,114][src.modRNN.training.common][INFO] - train epoch 1065 MSE 0.0070 nMSE 0.0498
[2026-05-01 20:46:57,114][src.modRNN.training.common][INFO] - 	 Starting Epoch: 1066
[2026-05-01 20:46:57,434][src.modRNN.training.common][INFO] - train epoch 1066 MSE 0.0051 nMSE 0.0361
[2026-05-01 20:46:57,434][src.modRNN.training.common][INFO] - 	 Starting Epoch: 1067
[2026-05-01 20:46:57,754][src.modRNN.training.common][INFO] - train epoch 1067 MSE 0.0051 nMSE 0.0359
[2026-05-01 20:46:57,755][src.modRNN.training.common][INFO] - 	 Starting Epoch: 1068
[2026-05-01 20:46:58,074][src.modRNN.training.common][INFO] - train epoch 1068 MSE 0.0049 nMSE 0.0348
[2026-05-01 20:46:58,075][src.modRNN.training.common][INFO] - 	 Starting Epoch: 1069
[2026-05-01 20:46:58,395][src.modRNN.training.common][INFO] - train epoch 1069 MSE 0.0061 nMSE 0.0435
[2026-05-01 20:46:58,396][src.modRNN.training.common][INFO] - 	 Starting Epoch: 1070
[2026-05-01 20:46:58,715][src.modRNN.training.common][INFO] - train epoch 1070 MSE 0.0046 nMSE 0.0327
[2026-05-01 20:46:58,716][src.modRNN.training.common][INFO] - 	 Starting Epoch: 1071
[2026-05-01 20:46:59,034][src.modRNN.training.common][INFO] - train epoch 1071 MSE 0.0064 nMSE 0.0454
[2026-05-01 20:46:59,035][src.modRNN.training.common][INFO] - 	 Starting Epoch: 1072
[2026-05-01 20:46:59,355][src.modRNN.training.common][INFO] - train epoch 1072 MSE 0.0048 nMSE 0.0339
[2026-05-01 20:46:59,356][src.modRNN.training.common][INFO] - 	 Starting Epoch: 1073
[2026-05-01 20:46:59,676][src.modRNN.training.common][INFO] - train epoch 1073 MSE 0.0061 nMSE 0.0431
[2026-05-01 20:46:59,677][src.modRNN.training.common][INFO] - 	 Starting Epoch: 1074
[2026-05-01 20:46:59,996][src.modRNN.training.common][INFO] - train epoch 1074 MSE 0.0049 nMSE 0.0346
[2026-05-01 20:46:59,996][src.modRNN.training.common][INFO] - 	 Starting Epoch: 1075
[2026-05-01 20:47:00,316][src.modRNN.training.common][INFO] - train epoch 1075 MSE 0.0046 nMSE 0.0328
[2026-05-01 20:47:00,316][src.modRNN.training.common][INFO] - 	 Starting Epoch: 1076
[2026-05-01 20:47:00,635][src.modRNN.training.common][INFO] - train epoch 1076 MSE 0.0048 nMSE 0.0337
[2026-05-01 20:47:00,680][src.modRNN.training.common][INFO] - eval  epoch 1076 MSE 0.0048 nMSE 0.0342
[2026-05-01 20:47:00,680][src.modRNN.training.common][INFO] - 	 Starting Epoch: 1077
[2026-05-01 20:47:01,000][src.modRNN.training.common][INFO] - train epoch 1077 MSE 0.0048 nMSE 0.0342
[2026-05-01 20:47:01,000][src.modRNN.training.common][INFO] - 	 Starting Epoch: 1078
[2026-05-01 20:47:01,320][src.modRNN.training.common][INFO] - train epoch 1078 MSE 0.0062 nMSE 0.0438
[2026-05-01 20:47:01,321][src.modRNN.training.common][INFO] - 	 Starting Epoch: 1079
[2026-05-01 20:47:01,641][src.modRNN.training.common][INFO] - train epoch 1079 MSE 0.0041 nMSE 0.0291
[2026-05-01 20:47:01,642][src.modRNN.training.common][INFO] - 	 Starting Epoch: 1080
[2026-05-01 20:47:01,985][src.modRNN.training.common][INFO] - train epoch 1080 MSE 0.0044 nMSE 0.0309
[2026-05-01 20:47:01,986][src.modRNN.training.common][INFO] - 	 Starting Epoch: 1081
[2026-05-01 20:47:02,309][src.modRNN.training.common][INFO] - train epoch 1081 MSE 0.0043 nMSE 0.0303
[2026-05-01 20:47:02,310][src.modRNN.training.common][INFO] - 	 Starting Epoch: 1082
[2026-05-01 20:47:02,633][src.modRNN.training.common][INFO] - train epoch 1082 MSE 0.0048 nMSE 0.0342
[2026-05-01 20:47:02,634][src.modRNN.training.common][INFO] - 	 Starting Epoch: 1083
[2026-05-01 20:47:02,956][src.modRNN.training.common][INFO] - train epoch 1083 MSE 0.0039 nMSE 0.0273
[2026-05-01 20:47:02,957][src.modRNN.training.common][INFO] - 	 Starting Epoch: 1084
[2026-05-01 20:47:03,280][src.modRNN.training.common][INFO] - train epoch 1084 MSE 0.0044 nMSE 0.0308
[2026-05-01 20:47:03,281][src.modRNN.training.common][INFO] - 	 Starting Epoch: 1085
[2026-05-01 20:47:03,604][src.modRNN.training.common][INFO] - train epoch 1085 MSE 0.0044 nMSE 0.0315
[2026-05-01 20:47:03,605][src.modRNN.training.common][INFO] - 	 Starting Epoch: 1086
[2026-05-01 20:47:03,928][src.modRNN.training.common][INFO] - train epoch 1086 MSE 0.0044 nMSE 0.0309
[2026-05-01 20:47:03,929][src.modRNN.training.common][INFO] - 	 Starting Epoch: 1087
[2026-05-01 20:47:04,251][src.modRNN.training.common][INFO] - train epoch 1087 MSE 0.0047 nMSE 0.0332
[2026-05-01 20:47:04,252][src.modRNN.training.common][INFO] - 	 Starting Epoch: 1088
[2026-05-01 20:47:04,574][src.modRNN.training.common][INFO] - train epoch 1088 MSE 0.0040 nMSE 0.0280
[2026-05-01 20:47:04,575][src.modRNN.training.common][INFO] - 	 Starting Epoch: 1089
[2026-05-01 20:47:04,897][src.modRNN.training.common][INFO] - train epoch 1089 MSE 0.0050 nMSE 0.0351
[2026-05-01 20:47:04,898][src.modRNN.training.common][INFO] - 	 Starting Epoch: 1090
[2026-05-01 20:47:05,221][src.modRNN.training.common][INFO] - train epoch 1090 MSE 0.0041 nMSE 0.0288
[2026-05-01 20:47:05,222][src.modRNN.training.common][INFO] - 	 Starting Epoch: 1091
[2026-05-01 20:47:05,544][src.modRNN.training.common][INFO] - train epoch 1091 MSE 0.0045 nMSE 0.0321
[2026-05-01 20:47:05,545][src.modRNN.training.common][INFO] - 	 Starting Epoch: 1092
[2026-05-01 20:47:05,867][src.modRNN.training.common][INFO] - train epoch 1092 MSE 0.0044 nMSE 0.0310
[2026-05-01 20:47:05,868][src.modRNN.training.common][INFO] - 	 Starting Epoch: 1093
[2026-05-01 20:47:06,191][src.modRNN.training.common][INFO] - train epoch 1093 MSE 0.0047 nMSE 0.0334
[2026-05-01 20:47:06,192][src.modRNN.training.common][INFO] - 	 Starting Epoch: 1094
[2026-05-01 20:47:06,515][src.modRNN.training.common][INFO] - train epoch 1094 MSE 0.0044 nMSE 0.0313
[2026-05-01 20:47:06,516][src.modRNN.training.common][INFO] - 	 Starting Epoch: 1095
[2026-05-01 20:47:06,839][src.modRNN.training.common][INFO] - train epoch 1095 MSE 0.0040 nMSE 0.0285
[2026-05-01 20:47:06,840][src.modRNN.training.common][INFO] - 	 Starting Epoch: 1096
[2026-05-01 20:47:07,162][src.modRNN.training.common][INFO] - train epoch 1096 MSE 0.0047 nMSE 0.0332
[2026-05-01 20:47:07,163][src.modRNN.training.common][INFO] - 	 Starting Epoch: 1097
[2026-05-01 20:47:07,486][src.modRNN.training.common][INFO] - train epoch 1097 MSE 0.0046 nMSE 0.0327
[2026-05-01 20:47:07,487][src.modRNN.training.common][INFO] - 	 Starting Epoch: 1098
[2026-05-01 20:47:07,809][src.modRNN.training.common][INFO] - train epoch 1098 MSE 0.0050 nMSE 0.0355
[2026-05-01 20:47:07,810][src.modRNN.training.common][INFO] - 	 Starting Epoch: 1099
[2026-05-01 20:47:08,133][src.modRNN.training.common][INFO] - train epoch 1099 MSE 0.0040 nMSE 0.0283
[2026-05-01 20:47:08,134][src.modRNN.training.common][INFO] - 	 Starting Epoch: 1100
[2026-05-01 20:47:08,456][src.modRNN.training.common][INFO] - train epoch 1100 MSE 0.0054 nMSE 0.0385
[2026-05-01 20:47:08,457][src.modRNN.training.common][INFO] - 	 Starting Epoch: 1101
[2026-05-01 20:47:08,778][src.modRNN.training.common][INFO] - train epoch 1101 MSE 0.0037 nMSE 0.0263
[2026-05-01 20:47:08,824][src.modRNN.training.common][INFO] - eval  epoch 1101 MSE 0.0047 nMSE 0.0329
[2026-05-01 20:47:08,825][src.modRNN.training.common][INFO] - 	 Starting Epoch: 1102
[2026-05-01 20:47:09,146][src.modRNN.training.common][INFO] - train epoch 1102 MSE 0.0047 nMSE 0.0329
[2026-05-01 20:47:09,147][src.modRNN.training.common][INFO] - 	 Starting Epoch: 1103
[2026-05-01 20:47:09,469][src.modRNN.training.common][INFO] - train epoch 1103 MSE 0.0040 nMSE 0.0282
[2026-05-01 20:47:09,470][src.modRNN.training.common][INFO] - 	 Starting Epoch: 1104
[2026-05-01 20:47:09,792][src.modRNN.training.common][INFO] - train epoch 1104 MSE 0.0039 nMSE 0.0275
[2026-05-01 20:47:09,793][src.modRNN.training.common][INFO] - 	 Starting Epoch: 1105
[2026-05-01 20:47:10,115][src.modRNN.training.common][INFO] - train epoch 1105 MSE 0.0050 nMSE 0.0356
[2026-05-01 20:47:10,115][src.modRNN.training.common][INFO] - 	 Starting Epoch: 1106
[2026-05-01 20:47:10,437][src.modRNN.training.common][INFO] - train epoch 1106 MSE 0.0045 nMSE 0.0317
[2026-05-01 20:47:10,437][src.modRNN.training.common][INFO] - 	 Starting Epoch: 1107
[2026-05-01 20:47:10,758][src.modRNN.training.common][INFO] - train epoch 1107 MSE 0.0049 nMSE 0.0348
[2026-05-01 20:47:10,759][src.modRNN.training.common][INFO] - 	 Starting Epoch: 1108
[2026-05-01 20:47:11,080][src.modRNN.training.common][INFO] - train epoch 1108 MSE 0.0044 nMSE 0.0314
[2026-05-01 20:47:11,081][src.modRNN.training.common][INFO] - 	 Starting Epoch: 1109
[2026-05-01 20:47:11,402][src.modRNN.training.common][INFO] - train epoch 1109 MSE 0.0054 nMSE 0.0380
[2026-05-01 20:47:11,403][src.modRNN.training.common][INFO] - 	 Starting Epoch: 1110
[2026-05-01 20:47:11,724][src.modRNN.training.common][INFO] - train epoch 1110 MSE 0.0040 nMSE 0.0283
[2026-05-01 20:47:11,725][src.modRNN.training.common][INFO] - 	 Starting Epoch: 1111
[2026-05-01 20:47:12,046][src.modRNN.training.common][INFO] - train epoch 1111 MSE 0.0047 nMSE 0.0336
[2026-05-01 20:47:12,047][src.modRNN.training.common][INFO] - 	 Starting Epoch: 1112
[2026-05-01 20:47:12,368][src.modRNN.training.common][INFO] - train epoch 1112 MSE 0.0048 nMSE 0.0338
[2026-05-01 20:47:12,369][src.modRNN.training.common][INFO] - 	 Starting Epoch: 1113
[2026-05-01 20:47:12,690][src.modRNN.training.common][INFO] - train epoch 1113 MSE 0.0067 nMSE 0.0475
[2026-05-01 20:47:12,691][src.modRNN.training.common][INFO] - 	 Starting Epoch: 1114
[2026-05-01 20:47:13,012][src.modRNN.training.common][INFO] - train epoch 1114 MSE 0.0052 nMSE 0.0368
[2026-05-01 20:47:13,013][src.modRNN.training.common][INFO] - 	 Starting Epoch: 1115
[2026-05-01 20:47:13,334][src.modRNN.training.common][INFO] - train epoch 1115 MSE 0.0061 nMSE 0.0431
[2026-05-01 20:47:13,335][src.modRNN.training.common][INFO] - 	 Starting Epoch: 1116
[2026-05-01 20:47:13,657][src.modRNN.training.common][INFO] - train epoch 1116 MSE 0.0048 nMSE 0.0337
[2026-05-01 20:47:13,657][src.modRNN.training.common][INFO] - 	 Starting Epoch: 1117
[2026-05-01 20:47:13,979][src.modRNN.training.common][INFO] - train epoch 1117 MSE 0.0057 nMSE 0.0402
[2026-05-01 20:47:13,980][src.modRNN.training.common][INFO] - 	 Starting Epoch: 1118
[2026-05-01 20:47:14,302][src.modRNN.training.common][INFO] - train epoch 1118 MSE 0.0071 nMSE 0.0505
[2026-05-01 20:47:14,302][src.modRNN.training.common][INFO] - 	 Starting Epoch: 1119
[2026-05-01 20:47:14,624][src.modRNN.training.common][INFO] - train epoch 1119 MSE 0.0066 nMSE 0.0469
[2026-05-01 20:47:14,624][src.modRNN.training.common][INFO] - 	 Starting Epoch: 1120
[2026-05-01 20:47:14,946][src.modRNN.training.common][INFO] - train epoch 1120 MSE 0.0044 nMSE 0.0310
[2026-05-01 20:47:14,947][src.modRNN.training.common][INFO] - 	 Starting Epoch: 1121
[2026-05-01 20:47:15,269][src.modRNN.training.common][INFO] - train epoch 1121 MSE 0.0060 nMSE 0.0424
[2026-05-01 20:47:15,270][src.modRNN.training.common][INFO] - 	 Starting Epoch: 1122
[2026-05-01 20:47:15,592][src.modRNN.training.common][INFO] - train epoch 1122 MSE 0.0047 nMSE 0.0335
[2026-05-01 20:47:15,593][src.modRNN.training.common][INFO] - 	 Starting Epoch: 1123
[2026-05-01 20:47:15,914][src.modRNN.training.common][INFO] - train epoch 1123 MSE 0.0052 nMSE 0.0370
[2026-05-01 20:47:15,915][src.modRNN.training.common][INFO] - 	 Starting Epoch: 1124
[2026-05-01 20:47:16,236][src.modRNN.training.common][INFO] - train epoch 1124 MSE 0.0049 nMSE 0.0348
[2026-05-01 20:47:16,237][src.modRNN.training.common][INFO] - 	 Starting Epoch: 1125
[2026-05-01 20:47:16,558][src.modRNN.training.common][INFO] - train epoch 1125 MSE 0.0048 nMSE 0.0338
[2026-05-01 20:47:16,559][src.modRNN.training.common][INFO] - 	 Starting Epoch: 1126
[2026-05-01 20:47:16,880][src.modRNN.training.common][INFO] - train epoch 1126 MSE 0.0049 nMSE 0.0347
[2026-05-01 20:47:16,925][src.modRNN.training.common][INFO] - eval  epoch 1126 MSE 0.0041 nMSE 0.0289
[2026-05-01 20:47:16,926][src.modRNN.training.common][INFO] - 	 Starting Epoch: 1127
[2026-05-01 20:47:17,248][src.modRNN.training.common][INFO] - train epoch 1127 MSE 0.0041 nMSE 0.0289
[2026-05-01 20:47:17,249][src.modRNN.training.common][INFO] - 	 Starting Epoch: 1128
[2026-05-01 20:47:17,571][src.modRNN.training.common][INFO] - train epoch 1128 MSE 0.0049 nMSE 0.0347
[2026-05-01 20:47:17,572][src.modRNN.training.common][INFO] - 	 Starting Epoch: 1129
[2026-05-01 20:47:17,894][src.modRNN.training.common][INFO] - train epoch 1129 MSE 0.0048 nMSE 0.0341
[2026-05-01 20:47:17,895][src.modRNN.training.common][INFO] - 	 Starting Epoch: 1130
[2026-05-01 20:47:18,217][src.modRNN.training.common][INFO] - train epoch 1130 MSE 0.0038 nMSE 0.0270
[2026-05-01 20:47:18,218][src.modRNN.training.common][INFO] - 	 Starting Epoch: 1131
[2026-05-01 20:47:18,541][src.modRNN.training.common][INFO] - train epoch 1131 MSE 0.0045 nMSE 0.0318
[2026-05-01 20:47:18,542][src.modRNN.training.common][INFO] - 	 Starting Epoch: 1132
[2026-05-01 20:47:18,864][src.modRNN.training.common][INFO] - train epoch 1132 MSE 0.0046 nMSE 0.0328
[2026-05-01 20:47:18,865][src.modRNN.training.common][INFO] - 	 Starting Epoch: 1133
[2026-05-01 20:47:19,188][src.modRNN.training.common][INFO] - train epoch 1133 MSE 0.0036 nMSE 0.0254
[2026-05-01 20:47:19,189][src.modRNN.training.common][INFO] - 	 Starting Epoch: 1134
[2026-05-01 20:47:19,512][src.modRNN.training.common][INFO] - train epoch 1134 MSE 0.0042 nMSE 0.0297
[2026-05-01 20:47:19,512][src.modRNN.training.common][INFO] - 	 Starting Epoch: 1135
[2026-05-01 20:47:19,834][src.modRNN.training.common][INFO] - train epoch 1135 MSE 0.0044 nMSE 0.0314
[2026-05-01 20:47:19,835][src.modRNN.training.common][INFO] - 	 Starting Epoch: 1136
[2026-05-01 20:47:20,159][src.modRNN.training.common][INFO] - train epoch 1136 MSE 0.0046 nMSE 0.0323
[2026-05-01 20:47:20,160][src.modRNN.training.common][INFO] - 	 Starting Epoch: 1137
[2026-05-01 20:47:20,483][src.modRNN.training.common][INFO] - train epoch 1137 MSE 0.0039 nMSE 0.0273
[2026-05-01 20:47:20,484][src.modRNN.training.common][INFO] - 	 Starting Epoch: 1138
[2026-05-01 20:47:20,807][src.modRNN.training.common][INFO] - train epoch 1138 MSE 0.0044 nMSE 0.0311
[2026-05-01 20:47:20,808][src.modRNN.training.common][INFO] - 	 Starting Epoch: 1139
[2026-05-01 20:47:21,130][src.modRNN.training.common][INFO] - train epoch 1139 MSE 0.0047 nMSE 0.0331
[2026-05-01 20:47:21,131][src.modRNN.training.common][INFO] - 	 Starting Epoch: 1140
[2026-05-01 20:47:21,455][src.modRNN.training.common][INFO] - train epoch 1140 MSE 0.0036 nMSE 0.0251
[2026-05-01 20:47:21,456][src.modRNN.training.common][INFO] - 	 Starting Epoch: 1141
[2026-05-01 20:47:21,778][src.modRNN.training.common][INFO] - train epoch 1141 MSE 0.0039 nMSE 0.0279
[2026-05-01 20:47:21,779][src.modRNN.training.common][INFO] - 	 Starting Epoch: 1142
[2026-05-01 20:47:22,101][src.modRNN.training.common][INFO] - train epoch 1142 MSE 0.0043 nMSE 0.0302
[2026-05-01 20:47:22,102][src.modRNN.training.common][INFO] - 	 Starting Epoch: 1143
[2026-05-01 20:47:22,424][src.modRNN.training.common][INFO] - train epoch 1143 MSE 0.0048 nMSE 0.0341
[2026-05-01 20:47:22,425][src.modRNN.training.common][INFO] - 	 Starting Epoch: 1144
[2026-05-01 20:47:22,747][src.modRNN.training.common][INFO] - train epoch 1144 MSE 0.0041 nMSE 0.0290
[2026-05-01 20:47:22,748][src.modRNN.training.common][INFO] - 	 Starting Epoch: 1145
[2026-05-01 20:47:23,071][src.modRNN.training.common][INFO] - train epoch 1145 MSE 0.0040 nMSE 0.0286
[2026-05-01 20:47:23,072][src.modRNN.training.common][INFO] - 	 Starting Epoch: 1146
[2026-05-01 20:47:23,395][src.modRNN.training.common][INFO] - train epoch 1146 MSE 0.0039 nMSE 0.0274
[2026-05-01 20:47:23,395][src.modRNN.training.common][INFO] - 	 Starting Epoch: 1147
[2026-05-01 20:47:23,717][src.modRNN.training.common][INFO] - train epoch 1147 MSE 0.0045 nMSE 0.0315
[2026-05-01 20:47:23,718][src.modRNN.training.common][INFO] - 	 Starting Epoch: 1148
[2026-05-01 20:47:24,040][src.modRNN.training.common][INFO] - train epoch 1148 MSE 0.0041 nMSE 0.0294
[2026-05-01 20:47:24,041][src.modRNN.training.common][INFO] - 	 Starting Epoch: 1149
[2026-05-01 20:47:24,362][src.modRNN.training.common][INFO] - train epoch 1149 MSE 0.0041 nMSE 0.0293
[2026-05-01 20:47:24,363][src.modRNN.training.common][INFO] - 	 Starting Epoch: 1150
[2026-05-01 20:47:24,686][src.modRNN.training.common][INFO] - train epoch 1150 MSE 0.0042 nMSE 0.0300
[2026-05-01 20:47:24,687][src.modRNN.training.common][INFO] - 	 Starting Epoch: 1151
[2026-05-01 20:47:25,009][src.modRNN.training.common][INFO] - train epoch 1151 MSE 0.0040 nMSE 0.0284
[2026-05-01 20:47:25,054][src.modRNN.training.common][INFO] - eval  epoch 1151 MSE 0.0036 nMSE 0.0255
[2026-05-01 20:47:25,055][src.modRNN.training.common][INFO] - 	 Starting Epoch: 1152
[2026-05-01 20:47:25,377][src.modRNN.training.common][INFO] - train epoch 1152 MSE 0.0036 nMSE 0.0255
[2026-05-01 20:47:25,378][src.modRNN.training.common][INFO] - 	 Starting Epoch: 1153
[2026-05-01 20:47:25,700][src.modRNN.training.common][INFO] - train epoch 1153 MSE 0.0044 nMSE 0.0313
[2026-05-01 20:47:25,701][src.modRNN.training.common][INFO] - 	 Starting Epoch: 1154
[2026-05-01 20:47:26,022][src.modRNN.training.common][INFO] - train epoch 1154 MSE 0.0040 nMSE 0.0284
[2026-05-01 20:47:26,023][src.modRNN.training.common][INFO] - 	 Starting Epoch: 1155
[2026-05-01 20:47:26,345][src.modRNN.training.common][INFO] - train epoch 1155 MSE 0.0043 nMSE 0.0302
[2026-05-01 20:47:26,346][src.modRNN.training.common][INFO] - 	 Starting Epoch: 1156
[2026-05-01 20:47:26,667][src.modRNN.training.common][INFO] - train epoch 1156 MSE 0.0037 nMSE 0.0262
[2026-05-01 20:47:26,668][src.modRNN.training.common][INFO] - 	 Starting Epoch: 1157
[2026-05-01 20:47:26,991][src.modRNN.training.common][INFO] - train epoch 1157 MSE 0.0054 nMSE 0.0385
[2026-05-01 20:47:26,992][src.modRNN.training.common][INFO] - 	 Starting Epoch: 1158
[2026-05-01 20:47:27,323][src.modRNN.training.common][INFO] - train epoch 1158 MSE 0.0040 nMSE 0.0283
[2026-05-01 20:47:27,325][src.modRNN.training.common][INFO] - 	 Starting Epoch: 1159
[2026-05-01 20:47:27,682][src.modRNN.training.common][INFO] - train epoch 1159 MSE 0.0048 nMSE 0.0341
[2026-05-01 20:47:27,683][src.modRNN.training.common][INFO] - 	 Starting Epoch: 1160
[2026-05-01 20:47:28,017][src.modRNN.training.common][INFO] - train epoch 1160 MSE 0.0042 nMSE 0.0296
[2026-05-01 20:47:28,018][src.modRNN.training.common][INFO] - 	 Starting Epoch: 1161
[2026-05-01 20:47:28,340][src.modRNN.training.common][INFO] - train epoch 1161 MSE 0.0057 nMSE 0.0405
[2026-05-01 20:47:28,341][src.modRNN.training.common][INFO] - 	 Starting Epoch: 1162
[2026-05-01 20:47:28,663][src.modRNN.training.common][INFO] - train epoch 1162 MSE 0.0041 nMSE 0.0290
[2026-05-01 20:47:28,664][src.modRNN.training.common][INFO] - 	 Starting Epoch: 1163
[2026-05-01 20:47:28,986][src.modRNN.training.common][INFO] - train epoch 1163 MSE 0.0065 nMSE 0.0463
[2026-05-01 20:47:28,987][src.modRNN.training.common][INFO] - 	 Starting Epoch: 1164
[2026-05-01 20:47:29,309][src.modRNN.training.common][INFO] - train epoch 1164 MSE 0.0042 nMSE 0.0294
[2026-05-01 20:47:29,309][src.modRNN.training.common][INFO] - 	 Starting Epoch: 1165
[2026-05-01 20:47:29,631][src.modRNN.training.common][INFO] - train epoch 1165 MSE 0.0071 nMSE 0.0502
[2026-05-01 20:47:29,632][src.modRNN.training.common][INFO] - 	 Starting Epoch: 1166
[2026-05-01 20:47:29,954][src.modRNN.training.common][INFO] - train epoch 1166 MSE 0.0044 nMSE 0.0315
[2026-05-01 20:47:29,954][src.modRNN.training.common][INFO] - 	 Starting Epoch: 1167
[2026-05-01 20:47:30,276][src.modRNN.training.common][INFO] - train epoch 1167 MSE 0.0070 nMSE 0.0498
[2026-05-01 20:47:30,277][src.modRNN.training.common][INFO] - 	 Starting Epoch: 1168
[2026-05-01 20:47:30,599][src.modRNN.training.common][INFO] - train epoch 1168 MSE 0.0043 nMSE 0.0304
[2026-05-01 20:47:30,599][src.modRNN.training.common][INFO] - 	 Starting Epoch: 1169
[2026-05-01 20:47:30,920][src.modRNN.training.common][INFO] - train epoch 1169 MSE 0.0058 nMSE 0.0413
[2026-05-01 20:47:30,921][src.modRNN.training.common][INFO] - 	 Starting Epoch: 1170
[2026-05-01 20:47:31,243][src.modRNN.training.common][INFO] - train epoch 1170 MSE 0.0038 nMSE 0.0267
[2026-05-01 20:47:31,244][src.modRNN.training.common][INFO] - 	 Starting Epoch: 1171
[2026-05-01 20:47:31,562][src.modRNN.training.common][INFO] - train epoch 1171 MSE 0.0050 nMSE 0.0353
[2026-05-01 20:47:31,563][src.modRNN.training.common][INFO] - 	 Starting Epoch: 1172
[2026-05-01 20:47:31,882][src.modRNN.training.common][INFO] - train epoch 1172 MSE 0.0039 nMSE 0.0277
[2026-05-01 20:47:31,883][src.modRNN.training.common][INFO] - 	 Starting Epoch: 1173
[2026-05-01 20:47:32,202][src.modRNN.training.common][INFO] - train epoch 1173 MSE 0.0043 nMSE 0.0306
[2026-05-01 20:47:32,203][src.modRNN.training.common][INFO] - 	 Starting Epoch: 1174
[2026-05-01 20:47:32,522][src.modRNN.training.common][INFO] - train epoch 1174 MSE 0.0046 nMSE 0.0323
[2026-05-01 20:47:32,523][src.modRNN.training.common][INFO] - 	 Starting Epoch: 1175
[2026-05-01 20:47:32,843][src.modRNN.training.common][INFO] - train epoch 1175 MSE 0.0043 nMSE 0.0301
[2026-05-01 20:47:32,843][src.modRNN.training.common][INFO] - 	 Starting Epoch: 1176
[2026-05-01 20:47:33,163][src.modRNN.training.common][INFO] - train epoch 1176 MSE 0.0044 nMSE 0.0312
[2026-05-01 20:47:33,207][src.modRNN.training.common][INFO] - eval  epoch 1176 MSE 0.0043 nMSE 0.0303
[2026-05-01 20:47:33,208][src.modRNN.training.common][INFO] - 	 Starting Epoch: 1177
[2026-05-01 20:47:33,529][src.modRNN.training.common][INFO] - train epoch 1177 MSE 0.0043 nMSE 0.0303
[2026-05-01 20:47:33,530][src.modRNN.training.common][INFO] - 	 Starting Epoch: 1178
[2026-05-01 20:47:33,851][src.modRNN.training.common][INFO] - train epoch 1178 MSE 0.0054 nMSE 0.0385
[2026-05-01 20:47:33,852][src.modRNN.training.common][INFO] - 	 Starting Epoch: 1179
[2026-05-01 20:47:34,172][src.modRNN.training.common][INFO] - train epoch 1179 MSE 0.0042 nMSE 0.0296
[2026-05-01 20:47:34,173][src.modRNN.training.common][INFO] - 	 Starting Epoch: 1180
[2026-05-01 20:47:34,493][src.modRNN.training.common][INFO] - train epoch 1180 MSE 0.0058 nMSE 0.0412
[2026-05-01 20:47:34,494][src.modRNN.training.common][INFO] - 	 Starting Epoch: 1181
[2026-05-01 20:47:34,814][src.modRNN.training.common][INFO] - train epoch 1181 MSE 0.0045 nMSE 0.0316
[2026-05-01 20:47:34,815][src.modRNN.training.common][INFO] - 	 Starting Epoch: 1182
[2026-05-01 20:47:35,135][src.modRNN.training.common][INFO] - train epoch 1182 MSE 0.0078 nMSE 0.0554
[2026-05-01 20:47:35,136][src.modRNN.training.common][INFO] - 	 Starting Epoch: 1183
[2026-05-01 20:47:35,456][src.modRNN.training.common][INFO] - train epoch 1183 MSE 0.0043 nMSE 0.0306
[2026-05-01 20:47:35,456][src.modRNN.training.common][INFO] - 	 Starting Epoch: 1184
[2026-05-01 20:47:35,776][src.modRNN.training.common][INFO] - train epoch 1184 MSE 0.0062 nMSE 0.0442
[2026-05-01 20:47:35,777][src.modRNN.training.common][INFO] - 	 Starting Epoch: 1185
[2026-05-01 20:47:36,098][src.modRNN.training.common][INFO] - train epoch 1185 MSE 0.0041 nMSE 0.0292
[2026-05-01 20:47:36,098][src.modRNN.training.common][INFO] - 	 Starting Epoch: 1186
[2026-05-01 20:47:36,418][src.modRNN.training.common][INFO] - train epoch 1186 MSE 0.0067 nMSE 0.0471
[2026-05-01 20:47:36,419][src.modRNN.training.common][INFO] - 	 Starting Epoch: 1187
[2026-05-01 20:47:36,739][src.modRNN.training.common][INFO] - train epoch 1187 MSE 0.0045 nMSE 0.0318
[2026-05-01 20:47:36,740][src.modRNN.training.common][INFO] - 	 Starting Epoch: 1188
[2026-05-01 20:47:37,061][src.modRNN.training.common][INFO] - train epoch 1188 MSE 0.0056 nMSE 0.0394
[2026-05-01 20:47:37,062][src.modRNN.training.common][INFO] - 	 Starting Epoch: 1189
[2026-05-01 20:47:37,382][src.modRNN.training.common][INFO] - train epoch 1189 MSE 0.0054 nMSE 0.0381
[2026-05-01 20:47:37,383][src.modRNN.training.common][INFO] - 	 Starting Epoch: 1190
[2026-05-01 20:47:37,703][src.modRNN.training.common][INFO] - train epoch 1190 MSE 0.0052 nMSE 0.0366
[2026-05-01 20:47:37,704][src.modRNN.training.common][INFO] - 	 Starting Epoch: 1191
[2026-05-01 20:47:38,024][src.modRNN.training.common][INFO] - train epoch 1191 MSE 0.0044 nMSE 0.0313
[2026-05-01 20:47:38,025][src.modRNN.training.common][INFO] - 	 Starting Epoch: 1192
[2026-05-01 20:47:38,345][src.modRNN.training.common][INFO] - train epoch 1192 MSE 0.0042 nMSE 0.0296
[2026-05-01 20:47:38,346][src.modRNN.training.common][INFO] - 	 Starting Epoch: 1193
[2026-05-01 20:47:38,665][src.modRNN.training.common][INFO] - train epoch 1193 MSE 0.0042 nMSE 0.0298
[2026-05-01 20:47:38,666][src.modRNN.training.common][INFO] - 	 Starting Epoch: 1194
[2026-05-01 20:47:38,986][src.modRNN.training.common][INFO] - train epoch 1194 MSE 0.0052 nMSE 0.0365
[2026-05-01 20:47:38,987][src.modRNN.training.common][INFO] - 	 Starting Epoch: 1195
[2026-05-01 20:47:39,308][src.modRNN.training.common][INFO] - train epoch 1195 MSE 0.0045 nMSE 0.0317
[2026-05-01 20:47:39,308][src.modRNN.training.common][INFO] - 	 Starting Epoch: 1196
[2026-05-01 20:47:39,628][src.modRNN.training.common][INFO] - train epoch 1196 MSE 0.0059 nMSE 0.0417
[2026-05-01 20:47:39,629][src.modRNN.training.common][INFO] - 	 Starting Epoch: 1197
[2026-05-01 20:47:39,949][src.modRNN.training.common][INFO] - train epoch 1197 MSE 0.0044 nMSE 0.0314
[2026-05-01 20:47:39,950][src.modRNN.training.common][INFO] - 	 Starting Epoch: 1198
[2026-05-01 20:47:40,271][src.modRNN.training.common][INFO] - train epoch 1198 MSE 0.0053 nMSE 0.0377
[2026-05-01 20:47:40,272][src.modRNN.training.common][INFO] - 	 Starting Epoch: 1199
[2026-05-01 20:47:40,591][src.modRNN.training.common][INFO] - train epoch 1199 MSE 0.0047 nMSE 0.0336
[2026-05-01 20:47:40,592][src.modRNN.training.common][INFO] - 	 Starting Epoch: 1200
[2026-05-01 20:47:40,911][src.modRNN.training.common][INFO] - train epoch 1200 MSE 0.0045 nMSE 0.0318
[2026-05-01 20:47:40,912][src.modRNN.training.common][INFO] - 	 Starting Epoch: 1201
[2026-05-01 20:47:41,231][src.modRNN.training.common][INFO] - train epoch 1201 MSE 0.0039 nMSE 0.0279
[2026-05-01 20:47:41,275][src.modRNN.training.common][INFO] - eval  epoch 1201 MSE 0.0050 nMSE 0.0356
[2026-05-01 20:47:41,276][src.modRNN.training.common][INFO] - 	 Starting Epoch: 1202
[2026-05-01 20:47:41,594][src.modRNN.training.common][INFO] - train epoch 1202 MSE 0.0050 nMSE 0.0356
[2026-05-01 20:47:41,595][src.modRNN.training.common][INFO] - 	 Starting Epoch: 1203
[2026-05-01 20:47:41,914][src.modRNN.training.common][INFO] - train epoch 1203 MSE 0.0045 nMSE 0.0317
[2026-05-01 20:47:41,915][src.modRNN.training.common][INFO] - 	 Starting Epoch: 1204
[2026-05-01 20:47:42,233][src.modRNN.training.common][INFO] - train epoch 1204 MSE 0.0050 nMSE 0.0352
[2026-05-01 20:47:42,234][src.modRNN.training.common][INFO] - 	 Starting Epoch: 1205
[2026-05-01 20:47:42,554][src.modRNN.training.common][INFO] - train epoch 1205 MSE 0.0042 nMSE 0.0297
[2026-05-01 20:47:42,555][src.modRNN.training.common][INFO] - 	 Starting Epoch: 1206
[2026-05-01 20:47:42,874][src.modRNN.training.common][INFO] - train epoch 1206 MSE 0.0063 nMSE 0.0445
[2026-05-01 20:47:42,875][src.modRNN.training.common][INFO] - 	 Starting Epoch: 1207
[2026-05-01 20:47:43,193][src.modRNN.training.common][INFO] - train epoch 1207 MSE 0.0038 nMSE 0.0267
[2026-05-01 20:47:43,194][src.modRNN.training.common][INFO] - 	 Starting Epoch: 1208
[2026-05-01 20:47:43,513][src.modRNN.training.common][INFO] - train epoch 1208 MSE 0.0057 nMSE 0.0405
[2026-05-01 20:47:43,514][src.modRNN.training.common][INFO] - 	 Starting Epoch: 1209
[2026-05-01 20:47:43,835][src.modRNN.training.common][INFO] - train epoch 1209 MSE 0.0044 nMSE 0.0311
[2026-05-01 20:47:43,836][src.modRNN.training.common][INFO] - 	 Starting Epoch: 1210
[2026-05-01 20:47:44,155][src.modRNN.training.common][INFO] - train epoch 1210 MSE 0.0051 nMSE 0.0359
[2026-05-01 20:47:44,156][src.modRNN.training.common][INFO] - 	 Starting Epoch: 1211
[2026-05-01 20:47:44,476][src.modRNN.training.common][INFO] - train epoch 1211 MSE 0.0043 nMSE 0.0307
[2026-05-01 20:47:44,477][src.modRNN.training.common][INFO] - 	 Starting Epoch: 1212
[2026-05-01 20:47:44,796][src.modRNN.training.common][INFO] - train epoch 1212 MSE 0.0054 nMSE 0.0380
[2026-05-01 20:47:44,796][src.modRNN.training.common][INFO] - 	 Starting Epoch: 1213
[2026-05-01 20:47:45,116][src.modRNN.training.common][INFO] - train epoch 1213 MSE 0.0045 nMSE 0.0317
[2026-05-01 20:47:45,117][src.modRNN.training.common][INFO] - 	 Starting Epoch: 1214
[2026-05-01 20:47:45,436][src.modRNN.training.common][INFO] - train epoch 1214 MSE 0.0037 nMSE 0.0264
[2026-05-01 20:47:45,437][src.modRNN.training.common][INFO] - 	 Starting Epoch: 1215
[2026-05-01 20:47:45,756][src.modRNN.training.common][INFO] - train epoch 1215 MSE 0.0038 nMSE 0.0271
[2026-05-01 20:47:45,757][src.modRNN.training.common][INFO] - 	 Starting Epoch: 1216
[2026-05-01 20:47:46,077][src.modRNN.training.common][INFO] - train epoch 1216 MSE 0.0036 nMSE 0.0253
[2026-05-01 20:47:46,078][src.modRNN.training.common][INFO] - 	 Starting Epoch: 1217
[2026-05-01 20:47:46,398][src.modRNN.training.common][INFO] - train epoch 1217 MSE 0.0044 nMSE 0.0309
[2026-05-01 20:47:46,399][src.modRNN.training.common][INFO] - 	 Starting Epoch: 1218
[2026-05-01 20:47:46,718][src.modRNN.training.common][INFO] - train epoch 1218 MSE 0.0062 nMSE 0.0437
[2026-05-01 20:47:46,719][src.modRNN.training.common][INFO] - 	 Starting Epoch: 1219
[2026-05-01 20:47:47,038][src.modRNN.training.common][INFO] - train epoch 1219 MSE 0.0042 nMSE 0.0298
[2026-05-01 20:47:47,039][src.modRNN.training.common][INFO] - 	 Starting Epoch: 1220
[2026-05-01 20:47:47,358][src.modRNN.training.common][INFO] - train epoch 1220 MSE 0.0041 nMSE 0.0289
[2026-05-01 20:47:47,359][src.modRNN.training.common][INFO] - 	 Starting Epoch: 1221
[2026-05-01 20:47:47,679][src.modRNN.training.common][INFO] - train epoch 1221 MSE 0.0042 nMSE 0.0300
[2026-05-01 20:47:47,680][src.modRNN.training.common][INFO] - 	 Starting Epoch: 1222
[2026-05-01 20:47:47,999][src.modRNN.training.common][INFO] - train epoch 1222 MSE 0.0036 nMSE 0.0252
[2026-05-01 20:47:48,000][src.modRNN.training.common][INFO] - 	 Starting Epoch: 1223
[2026-05-01 20:47:48,318][src.modRNN.training.common][INFO] - train epoch 1223 MSE 0.0036 nMSE 0.0256
[2026-05-01 20:47:48,318][src.modRNN.training.common][INFO] - 	 Starting Epoch: 1224
[2026-05-01 20:47:48,637][src.modRNN.training.common][INFO] - train epoch 1224 MSE 0.0036 nMSE 0.0255
[2026-05-01 20:47:48,638][src.modRNN.training.common][INFO] - 	 Starting Epoch: 1225
[2026-05-01 20:47:48,956][src.modRNN.training.common][INFO] - train epoch 1225 MSE 0.0045 nMSE 0.0320
[2026-05-01 20:47:48,957][src.modRNN.training.common][INFO] - 	 Starting Epoch: 1226
[2026-05-01 20:47:49,275][src.modRNN.training.common][INFO] - train epoch 1226 MSE 0.0041 nMSE 0.0292
[2026-05-01 20:47:49,319][src.modRNN.training.common][INFO] - eval  epoch 1226 MSE 0.0041 nMSE 0.0294
[2026-05-01 20:47:49,320][src.modRNN.training.common][INFO] - 	 Starting Epoch: 1227
[2026-05-01 20:47:49,639][src.modRNN.training.common][INFO] - train epoch 1227 MSE 0.0041 nMSE 0.0294
[2026-05-01 20:47:49,640][src.modRNN.training.common][INFO] - 	 Starting Epoch: 1228
[2026-05-01 20:47:49,960][src.modRNN.training.common][INFO] - train epoch 1228 MSE 0.0048 nMSE 0.0337
[2026-05-01 20:47:49,961][src.modRNN.training.common][INFO] - 	 Starting Epoch: 1229
[2026-05-01 20:47:50,281][src.modRNN.training.common][INFO] - train epoch 1229 MSE 0.0045 nMSE 0.0315
[2026-05-01 20:47:50,282][src.modRNN.training.common][INFO] - 	 Starting Epoch: 1230
[2026-05-01 20:47:50,601][src.modRNN.training.common][INFO] - train epoch 1230 MSE 0.0036 nMSE 0.0257
[2026-05-01 20:47:50,602][src.modRNN.training.common][INFO] - 	 Starting Epoch: 1231
[2026-05-01 20:47:50,923][src.modRNN.training.common][INFO] - train epoch 1231 MSE 0.0036 nMSE 0.0256
[2026-05-01 20:47:50,924][src.modRNN.training.common][INFO] - 	 Starting Epoch: 1232
[2026-05-01 20:47:51,244][src.modRNN.training.common][INFO] - train epoch 1232 MSE 0.0045 nMSE 0.0317
[2026-05-01 20:47:51,245][src.modRNN.training.common][INFO] - 	 Starting Epoch: 1233
[2026-05-01 20:47:51,564][src.modRNN.training.common][INFO] - train epoch 1233 MSE 0.0039 nMSE 0.0274
[2026-05-01 20:47:51,565][src.modRNN.training.common][INFO] - 	 Starting Epoch: 1234
[2026-05-01 20:47:51,885][src.modRNN.training.common][INFO] - train epoch 1234 MSE 0.0036 nMSE 0.0258
[2026-05-01 20:47:51,885][src.modRNN.training.common][INFO] - 	 Starting Epoch: 1235
[2026-05-01 20:47:52,205][src.modRNN.training.common][INFO] - train epoch 1235 MSE 0.0038 nMSE 0.0271
[2026-05-01 20:47:52,206][src.modRNN.training.common][INFO] - 	 Starting Epoch: 1236
[2026-05-01 20:47:52,526][src.modRNN.training.common][INFO] - train epoch 1236 MSE 0.0043 nMSE 0.0303
[2026-05-01 20:47:52,527][src.modRNN.training.common][INFO] - 	 Starting Epoch: 1237
[2026-05-01 20:47:52,846][src.modRNN.training.common][INFO] - train epoch 1237 MSE 0.0039 nMSE 0.0274
[2026-05-01 20:47:52,847][src.modRNN.training.common][INFO] - 	 Starting Epoch: 1238
[2026-05-01 20:47:53,167][src.modRNN.training.common][INFO] - train epoch 1238 MSE 0.0039 nMSE 0.0273
[2026-05-01 20:47:53,168][src.modRNN.training.common][INFO] - 	 Starting Epoch: 1239
[2026-05-01 20:47:53,487][src.modRNN.training.common][INFO] - train epoch 1239 MSE 0.0040 nMSE 0.0286
[2026-05-01 20:47:53,488][src.modRNN.training.common][INFO] - 	 Starting Epoch: 1240
[2026-05-01 20:47:53,809][src.modRNN.training.common][INFO] - train epoch 1240 MSE 0.0039 nMSE 0.0276
[2026-05-01 20:47:53,809][src.modRNN.training.common][INFO] - 	 Starting Epoch: 1241
[2026-05-01 20:47:54,130][src.modRNN.training.common][INFO] - train epoch 1241 MSE 0.0054 nMSE 0.0382
[2026-05-01 20:47:54,131][src.modRNN.training.common][INFO] - 	 Starting Epoch: 1242
[2026-05-01 20:47:54,452][src.modRNN.training.common][INFO] - train epoch 1242 MSE 0.0039 nMSE 0.0274
[2026-05-01 20:47:54,452][src.modRNN.training.common][INFO] - 	 Starting Epoch: 1243
[2026-05-01 20:47:54,773][src.modRNN.training.common][INFO] - train epoch 1243 MSE 0.0044 nMSE 0.0313
[2026-05-01 20:47:54,774][src.modRNN.training.common][INFO] - 	 Starting Epoch: 1244
[2026-05-01 20:47:55,094][src.modRNN.training.common][INFO] - train epoch 1244 MSE 0.0037 nMSE 0.0263
[2026-05-01 20:47:55,095][src.modRNN.training.common][INFO] - 	 Starting Epoch: 1245
[2026-05-01 20:47:55,415][src.modRNN.training.common][INFO] - train epoch 1245 MSE 0.0041 nMSE 0.0289
[2026-05-01 20:47:55,416][src.modRNN.training.common][INFO] - 	 Starting Epoch: 1246
[2026-05-01 20:47:55,737][src.modRNN.training.common][INFO] - train epoch 1246 MSE 0.0043 nMSE 0.0301
[2026-05-01 20:47:55,738][src.modRNN.training.common][INFO] - 	 Starting Epoch: 1247
[2026-05-01 20:47:56,057][src.modRNN.training.common][INFO] - train epoch 1247 MSE 0.0051 nMSE 0.0359
[2026-05-01 20:47:56,058][src.modRNN.training.common][INFO] - 	 Starting Epoch: 1248
[2026-05-01 20:47:56,379][src.modRNN.training.common][INFO] - train epoch 1248 MSE 0.0046 nMSE 0.0322
[2026-05-01 20:47:56,380][src.modRNN.training.common][INFO] - 	 Starting Epoch: 1249
[2026-05-01 20:47:56,700][src.modRNN.training.common][INFO] - train epoch 1249 MSE 0.0046 nMSE 0.0323
[2026-05-01 20:47:56,701][src.modRNN.training.common][INFO] - 	 Starting Epoch: 1250
[2026-05-01 20:47:57,021][src.modRNN.training.common][INFO] - train epoch 1250 MSE 0.0042 nMSE 0.0295
[2026-05-01 20:47:57,022][src.modRNN.training.common][INFO] - 	 Starting Epoch: 1251
[2026-05-01 20:47:57,341][src.modRNN.training.common][INFO] - train epoch 1251 MSE 0.0040 nMSE 0.0282
[2026-05-01 20:47:57,385][src.modRNN.training.common][INFO] - eval  epoch 1251 MSE 0.0042 nMSE 0.0295
[2026-05-01 20:47:57,386][src.modRNN.training.common][INFO] - 	 Starting Epoch: 1252
[2026-05-01 20:47:57,706][src.modRNN.training.common][INFO] - train epoch 1252 MSE 0.0042 nMSE 0.0295
[2026-05-01 20:47:57,707][src.modRNN.training.common][INFO] - 	 Starting Epoch: 1253
[2026-05-01 20:47:58,027][src.modRNN.training.common][INFO] - train epoch 1253 MSE 0.0038 nMSE 0.0270
[2026-05-01 20:47:58,028][src.modRNN.training.common][INFO] - 	 Starting Epoch: 1254
[2026-05-01 20:47:58,347][src.modRNN.training.common][INFO] - train epoch 1254 MSE 0.0038 nMSE 0.0270
[2026-05-01 20:47:58,348][src.modRNN.training.common][INFO] - 	 Starting Epoch: 1255
[2026-05-01 20:47:58,667][src.modRNN.training.common][INFO] - train epoch 1255 MSE 0.0040 nMSE 0.0284
[2026-05-01 20:47:58,668][src.modRNN.training.common][INFO] - 	 Starting Epoch: 1256
[2026-05-01 20:47:58,987][src.modRNN.training.common][INFO] - train epoch 1256 MSE 0.0041 nMSE 0.0293
[2026-05-01 20:47:58,988][src.modRNN.training.common][INFO] - 	 Starting Epoch: 1257
[2026-05-01 20:47:59,307][src.modRNN.training.common][INFO] - train epoch 1257 MSE 0.0039 nMSE 0.0274
[2026-05-01 20:47:59,308][src.modRNN.training.common][INFO] - 	 Starting Epoch: 1258
[2026-05-01 20:47:59,628][src.modRNN.training.common][INFO] - train epoch 1258 MSE 0.0038 nMSE 0.0267
[2026-05-01 20:47:59,629][src.modRNN.training.common][INFO] - 	 Starting Epoch: 1259
[2026-05-01 20:47:59,949][src.modRNN.training.common][INFO] - train epoch 1259 MSE 0.0044 nMSE 0.0313
[2026-05-01 20:47:59,950][src.modRNN.training.common][INFO] - 	 Starting Epoch: 1260
[2026-05-01 20:48:00,269][src.modRNN.training.common][INFO] - train epoch 1260 MSE 0.0047 nMSE 0.0336
[2026-05-01 20:48:00,270][src.modRNN.training.common][INFO] - 	 Starting Epoch: 1261
[2026-05-01 20:48:00,589][src.modRNN.training.common][INFO] - train epoch 1261 MSE 0.0035 nMSE 0.0250
[2026-05-01 20:48:00,589][src.modRNN.training.common][INFO] - 	 Starting Epoch: 1262
[2026-05-01 20:48:00,909][src.modRNN.training.common][INFO] - train epoch 1262 MSE 0.0045 nMSE 0.0320
[2026-05-01 20:48:00,910][src.modRNN.training.common][INFO] - 	 Starting Epoch: 1263
[2026-05-01 20:48:01,229][src.modRNN.training.common][INFO] - train epoch 1263 MSE 0.0039 nMSE 0.0273
[2026-05-01 20:48:01,230][src.modRNN.training.common][INFO] - 	 Starting Epoch: 1264
[2026-05-01 20:48:01,549][src.modRNN.training.common][INFO] - train epoch 1264 MSE 0.0040 nMSE 0.0280
[2026-05-01 20:48:01,550][src.modRNN.training.common][INFO] - 	 Starting Epoch: 1265
[2026-05-01 20:48:01,869][src.modRNN.training.common][INFO] - train epoch 1265 MSE 0.0042 nMSE 0.0299
[2026-05-01 20:48:01,870][src.modRNN.training.common][INFO] - 	 Starting Epoch: 1266
[2026-05-01 20:48:02,255][src.modRNN.training.common][INFO] - train epoch 1266 MSE 0.0036 nMSE 0.0256
[2026-05-01 20:48:02,256][src.modRNN.training.common][INFO] - 	 Starting Epoch: 1267
[2026-05-01 20:48:02,578][src.modRNN.training.common][INFO] - train epoch 1267 MSE 0.0039 nMSE 0.0278
[2026-05-01 20:48:02,579][src.modRNN.training.common][INFO] - 	 Starting Epoch: 1268
[2026-05-01 20:48:02,901][src.modRNN.training.common][INFO] - train epoch 1268 MSE 0.0039 nMSE 0.0273
[2026-05-01 20:48:02,902][src.modRNN.training.common][INFO] - 	 Starting Epoch: 1269
[2026-05-01 20:48:03,224][src.modRNN.training.common][INFO] - train epoch 1269 MSE 0.0043 nMSE 0.0301
[2026-05-01 20:48:03,225][src.modRNN.training.common][INFO] - 	 Starting Epoch: 1270
[2026-05-01 20:48:03,547][src.modRNN.training.common][INFO] - train epoch 1270 MSE 0.0044 nMSE 0.0310
[2026-05-01 20:48:03,548][src.modRNN.training.common][INFO] - 	 Starting Epoch: 1271
[2026-05-01 20:48:03,870][src.modRNN.training.common][INFO] - train epoch 1271 MSE 0.0048 nMSE 0.0338
[2026-05-01 20:48:03,871][src.modRNN.training.common][INFO] - 	 Starting Epoch: 1272
[2026-05-01 20:48:04,192][src.modRNN.training.common][INFO] - train epoch 1272 MSE 0.0040 nMSE 0.0281
[2026-05-01 20:48:04,193][src.modRNN.training.common][INFO] - 	 Starting Epoch: 1273
[2026-05-01 20:48:04,516][src.modRNN.training.common][INFO] - train epoch 1273 MSE 0.0038 nMSE 0.0267
[2026-05-01 20:48:04,517][src.modRNN.training.common][INFO] - 	 Starting Epoch: 1274
[2026-05-01 20:48:04,839][src.modRNN.training.common][INFO] - train epoch 1274 MSE 0.0037 nMSE 0.0262
[2026-05-01 20:48:04,840][src.modRNN.training.common][INFO] - 	 Starting Epoch: 1275
[2026-05-01 20:48:05,161][src.modRNN.training.common][INFO] - train epoch 1275 MSE 0.0039 nMSE 0.0273
[2026-05-01 20:48:05,162][src.modRNN.training.common][INFO] - 	 Starting Epoch: 1276
[2026-05-01 20:48:05,484][src.modRNN.training.common][INFO] - train epoch 1276 MSE 0.0041 nMSE 0.0287
[2026-05-01 20:48:05,529][src.modRNN.training.common][INFO] - eval  epoch 1276 MSE 0.0037 nMSE 0.0262
[2026-05-01 20:48:05,530][src.modRNN.training.common][INFO] - 	 Starting Epoch: 1277
[2026-05-01 20:48:05,852][src.modRNN.training.common][INFO] - train epoch 1277 MSE 0.0037 nMSE 0.0262
[2026-05-01 20:48:05,853][src.modRNN.training.common][INFO] - 	 Starting Epoch: 1278
[2026-05-01 20:48:06,176][src.modRNN.training.common][INFO] - train epoch 1278 MSE 0.0041 nMSE 0.0293
[2026-05-01 20:48:06,177][src.modRNN.training.common][INFO] - 	 Starting Epoch: 1279
[2026-05-01 20:48:06,499][src.modRNN.training.common][INFO] - train epoch 1279 MSE 0.0040 nMSE 0.0283
[2026-05-01 20:48:06,500][src.modRNN.training.common][INFO] - 	 Starting Epoch: 1280
[2026-05-01 20:48:06,822][src.modRNN.training.common][INFO] - train epoch 1280 MSE 0.0038 nMSE 0.0266
[2026-05-01 20:48:06,823][src.modRNN.training.common][INFO] - 	 Starting Epoch: 1281
[2026-05-01 20:48:07,146][src.modRNN.training.common][INFO] - train epoch 1281 MSE 0.0036 nMSE 0.0255
[2026-05-01 20:48:07,146][src.modRNN.training.common][INFO] - 	 Starting Epoch: 1282
[2026-05-01 20:48:07,469][src.modRNN.training.common][INFO] - train epoch 1282 MSE 0.0044 nMSE 0.0308
[2026-05-01 20:48:07,469][src.modRNN.training.common][INFO] - 	 Starting Epoch: 1283
[2026-05-01 20:48:07,792][src.modRNN.training.common][INFO] - train epoch 1283 MSE 0.0039 nMSE 0.0273
[2026-05-01 20:48:07,792][src.modRNN.training.common][INFO] - 	 Starting Epoch: 1284
[2026-05-01 20:48:08,115][src.modRNN.training.common][INFO] - train epoch 1284 MSE 0.0041 nMSE 0.0293
[2026-05-01 20:48:08,116][src.modRNN.training.common][INFO] - 	 Starting Epoch: 1285
[2026-05-01 20:48:08,439][src.modRNN.training.common][INFO] - train epoch 1285 MSE 0.0039 nMSE 0.0279
[2026-05-01 20:48:08,440][src.modRNN.training.common][INFO] - 	 Starting Epoch: 1286
[2026-05-01 20:48:08,763][src.modRNN.training.common][INFO] - train epoch 1286 MSE 0.0049 nMSE 0.0348
[2026-05-01 20:48:08,764][src.modRNN.training.common][INFO] - 	 Starting Epoch: 1287
[2026-05-01 20:48:09,087][src.modRNN.training.common][INFO] - train epoch 1287 MSE 0.0042 nMSE 0.0300
[2026-05-01 20:48:09,087][src.modRNN.training.common][INFO] - 	 Starting Epoch: 1288
[2026-05-01 20:48:09,410][src.modRNN.training.common][INFO] - train epoch 1288 MSE 0.0041 nMSE 0.0290
[2026-05-01 20:48:09,411][src.modRNN.training.common][INFO] - 	 Starting Epoch: 1289
[2026-05-01 20:48:09,733][src.modRNN.training.common][INFO] - train epoch 1289 MSE 0.0040 nMSE 0.0280
[2026-05-01 20:48:09,734][src.modRNN.training.common][INFO] - 	 Starting Epoch: 1290
[2026-05-01 20:48:10,057][src.modRNN.training.common][INFO] - train epoch 1290 MSE 0.0062 nMSE 0.0436
[2026-05-01 20:48:10,058][src.modRNN.training.common][INFO] - 	 Starting Epoch: 1291
[2026-05-01 20:48:10,380][src.modRNN.training.common][INFO] - train epoch 1291 MSE 0.0043 nMSE 0.0305
[2026-05-01 20:48:10,381][src.modRNN.training.common][INFO] - 	 Starting Epoch: 1292
[2026-05-01 20:48:10,704][src.modRNN.training.common][INFO] - train epoch 1292 MSE 0.0042 nMSE 0.0298
[2026-05-01 20:48:10,705][src.modRNN.training.common][INFO] - 	 Starting Epoch: 1293
[2026-05-01 20:48:11,027][src.modRNN.training.common][INFO] - train epoch 1293 MSE 0.0039 nMSE 0.0278
[2026-05-01 20:48:11,028][src.modRNN.training.common][INFO] - 	 Starting Epoch: 1294
[2026-05-01 20:48:11,352][src.modRNN.training.common][INFO] - train epoch 1294 MSE 0.0035 nMSE 0.0246
[2026-05-01 20:48:11,352][src.modRNN.training.common][INFO] - 	 Starting Epoch: 1295
[2026-05-01 20:48:11,675][src.modRNN.training.common][INFO] - train epoch 1295 MSE 0.0039 nMSE 0.0273
[2026-05-01 20:48:11,676][src.modRNN.training.common][INFO] - 	 Starting Epoch: 1296
[2026-05-01 20:48:11,998][src.modRNN.training.common][INFO] - train epoch 1296 MSE 0.0040 nMSE 0.0281
[2026-05-01 20:48:11,999][src.modRNN.training.common][INFO] - 	 Starting Epoch: 1297
[2026-05-01 20:48:12,321][src.modRNN.training.common][INFO] - train epoch 1297 MSE 0.0033 nMSE 0.0233
[2026-05-01 20:48:12,322][src.modRNN.training.common][INFO] - 	 Starting Epoch: 1298
[2026-05-01 20:48:12,645][src.modRNN.training.common][INFO] - train epoch 1298 MSE 0.0045 nMSE 0.0315
[2026-05-01 20:48:12,646][src.modRNN.training.common][INFO] - 	 Starting Epoch: 1299
[2026-05-01 20:48:12,968][src.modRNN.training.common][INFO] - train epoch 1299 MSE 0.0040 nMSE 0.0283
[2026-05-01 20:48:12,969][src.modRNN.training.common][INFO] - 	 Starting Epoch: 1300
[2026-05-01 20:48:13,292][src.modRNN.training.common][INFO] - train epoch 1300 MSE 0.0038 nMSE 0.0266
[2026-05-01 20:48:13,292][src.modRNN.training.common][INFO] - 	 Starting Epoch: 1301
[2026-05-01 20:48:13,615][src.modRNN.training.common][INFO] - train epoch 1301 MSE 0.0043 nMSE 0.0301
[2026-05-01 20:48:13,660][src.modRNN.training.common][INFO] - eval  epoch 1301 MSE 0.0042 nMSE 0.0300
[2026-05-01 20:48:13,661][src.modRNN.training.common][INFO] - 	 Starting Epoch: 1302
[2026-05-01 20:48:13,983][src.modRNN.training.common][INFO] - train epoch 1302 MSE 0.0042 nMSE 0.0300
[2026-05-01 20:48:13,983][src.modRNN.training.common][INFO] - 	 Starting Epoch: 1303
[2026-05-01 20:48:14,305][src.modRNN.training.common][INFO] - train epoch 1303 MSE 0.0038 nMSE 0.0272
[2026-05-01 20:48:14,305][src.modRNN.training.common][INFO] - 	 Starting Epoch: 1304
[2026-05-01 20:48:14,627][src.modRNN.training.common][INFO] - train epoch 1304 MSE 0.0043 nMSE 0.0305
[2026-05-01 20:48:14,628][src.modRNN.training.common][INFO] - 	 Starting Epoch: 1305
[2026-05-01 20:48:14,949][src.modRNN.training.common][INFO] - train epoch 1305 MSE 0.0045 nMSE 0.0317
[2026-05-01 20:48:14,950][src.modRNN.training.common][INFO] - 	 Starting Epoch: 1306
[2026-05-01 20:48:15,272][src.modRNN.training.common][INFO] - train epoch 1306 MSE 0.0042 nMSE 0.0298
[2026-05-01 20:48:15,272][src.modRNN.training.common][INFO] - 	 Starting Epoch: 1307
[2026-05-01 20:48:15,594][src.modRNN.training.common][INFO] - train epoch 1307 MSE 0.0044 nMSE 0.0310
[2026-05-01 20:48:15,595][src.modRNN.training.common][INFO] - 	 Starting Epoch: 1308
[2026-05-01 20:48:15,917][src.modRNN.training.common][INFO] - train epoch 1308 MSE 0.0043 nMSE 0.0302
[2026-05-01 20:48:15,918][src.modRNN.training.common][INFO] - 	 Starting Epoch: 1309
[2026-05-01 20:48:16,240][src.modRNN.training.common][INFO] - train epoch 1309 MSE 0.0038 nMSE 0.0269
[2026-05-01 20:48:16,241][src.modRNN.training.common][INFO] - 	 Starting Epoch: 1310
[2026-05-01 20:48:16,563][src.modRNN.training.common][INFO] - train epoch 1310 MSE 0.0040 nMSE 0.0280
[2026-05-01 20:48:16,564][src.modRNN.training.common][INFO] - 	 Starting Epoch: 1311
[2026-05-01 20:48:16,885][src.modRNN.training.common][INFO] - train epoch 1311 MSE 0.0038 nMSE 0.0269
[2026-05-01 20:48:16,886][src.modRNN.training.common][INFO] - 	 Starting Epoch: 1312
[2026-05-01 20:48:17,207][src.modRNN.training.common][INFO] - train epoch 1312 MSE 0.0033 nMSE 0.0232
[2026-05-01 20:48:17,208][src.modRNN.training.common][INFO] - 	 Starting Epoch: 1313
[2026-05-01 20:48:17,529][src.modRNN.training.common][INFO] - train epoch 1313 MSE 0.0041 nMSE 0.0288
[2026-05-01 20:48:17,530][src.modRNN.training.common][INFO] - 	 Starting Epoch: 1314
[2026-05-01 20:48:17,851][src.modRNN.training.common][INFO] - train epoch 1314 MSE 0.0037 nMSE 0.0259
[2026-05-01 20:48:17,852][src.modRNN.training.common][INFO] - 	 Starting Epoch: 1315
[2026-05-01 20:48:18,173][src.modRNN.training.common][INFO] - train epoch 1315 MSE 0.0037 nMSE 0.0259
[2026-05-01 20:48:18,174][src.modRNN.training.common][INFO] - 	 Starting Epoch: 1316
[2026-05-01 20:48:18,495][src.modRNN.training.common][INFO] - train epoch 1316 MSE 0.0039 nMSE 0.0276
[2026-05-01 20:48:18,496][src.modRNN.training.common][INFO] - 	 Starting Epoch: 1317
[2026-05-01 20:48:18,817][src.modRNN.training.common][INFO] - train epoch 1317 MSE 0.0051 nMSE 0.0360
[2026-05-01 20:48:18,818][src.modRNN.training.common][INFO] - 	 Starting Epoch: 1318
[2026-05-01 20:48:19,140][src.modRNN.training.common][INFO] - train epoch 1318 MSE 0.0038 nMSE 0.0269
[2026-05-01 20:48:19,141][src.modRNN.training.common][INFO] - 	 Starting Epoch: 1319
[2026-05-01 20:48:19,462][src.modRNN.training.common][INFO] - train epoch 1319 MSE 0.0048 nMSE 0.0339
[2026-05-01 20:48:19,463][src.modRNN.training.common][INFO] - 	 Starting Epoch: 1320
[2026-05-01 20:48:19,784][src.modRNN.training.common][INFO] - train epoch 1320 MSE 0.0040 nMSE 0.0285
[2026-05-01 20:48:19,785][src.modRNN.training.common][INFO] - 	 Starting Epoch: 1321
[2026-05-01 20:48:20,106][src.modRNN.training.common][INFO] - train epoch 1321 MSE 0.0052 nMSE 0.0370
[2026-05-01 20:48:20,107][src.modRNN.training.common][INFO] - 	 Starting Epoch: 1322
[2026-05-01 20:48:20,428][src.modRNN.training.common][INFO] - train epoch 1322 MSE 0.0039 nMSE 0.0277
[2026-05-01 20:48:20,429][src.modRNN.training.common][INFO] - 	 Starting Epoch: 1323
[2026-05-01 20:48:20,751][src.modRNN.training.common][INFO] - train epoch 1323 MSE 0.0059 nMSE 0.0415
[2026-05-01 20:48:20,751][src.modRNN.training.common][INFO] - 	 Starting Epoch: 1324
[2026-05-01 20:48:21,073][src.modRNN.training.common][INFO] - train epoch 1324 MSE 0.0038 nMSE 0.0266
[2026-05-01 20:48:21,074][src.modRNN.training.common][INFO] - 	 Starting Epoch: 1325
[2026-05-01 20:48:21,395][src.modRNN.training.common][INFO] - train epoch 1325 MSE 0.0045 nMSE 0.0318
[2026-05-01 20:48:21,396][src.modRNN.training.common][INFO] - 	 Starting Epoch: 1326
[2026-05-01 20:48:21,718][src.modRNN.training.common][INFO] - train epoch 1326 MSE 0.0037 nMSE 0.0264
[2026-05-01 20:48:21,764][src.modRNN.training.common][INFO] - eval  epoch 1326 MSE 0.0056 nMSE 0.0399
[2026-05-01 20:48:21,764][src.modRNN.training.common][INFO] - 	 Starting Epoch: 1327
[2026-05-01 20:48:22,087][src.modRNN.training.common][INFO] - train epoch 1327 MSE 0.0056 nMSE 0.0399
[2026-05-01 20:48:22,088][src.modRNN.training.common][INFO] - 	 Starting Epoch: 1328
[2026-05-01 20:48:22,411][src.modRNN.training.common][INFO] - train epoch 1328 MSE 0.0037 nMSE 0.0259
[2026-05-01 20:48:22,411][src.modRNN.training.common][INFO] - 	 Starting Epoch: 1329
[2026-05-01 20:48:22,734][src.modRNN.training.common][INFO] - train epoch 1329 MSE 0.0043 nMSE 0.0306
[2026-05-01 20:48:22,735][src.modRNN.training.common][INFO] - 	 Starting Epoch: 1330
[2026-05-01 20:48:23,057][src.modRNN.training.common][INFO] - train epoch 1330 MSE 0.0035 nMSE 0.0245
[2026-05-01 20:48:23,058][src.modRNN.training.common][INFO] - 	 Starting Epoch: 1331
[2026-05-01 20:48:23,380][src.modRNN.training.common][INFO] - train epoch 1331 MSE 0.0052 nMSE 0.0366
[2026-05-01 20:48:23,381][src.modRNN.training.common][INFO] - 	 Starting Epoch: 1332
[2026-05-01 20:48:23,704][src.modRNN.training.common][INFO] - train epoch 1332 MSE 0.0036 nMSE 0.0256
[2026-05-01 20:48:23,705][src.modRNN.training.common][INFO] - 	 Starting Epoch: 1333
[2026-05-01 20:48:24,027][src.modRNN.training.common][INFO] - train epoch 1333 MSE 0.0048 nMSE 0.0339
[2026-05-01 20:48:24,028][src.modRNN.training.common][INFO] - 	 Starting Epoch: 1334
[2026-05-01 20:48:24,351][src.modRNN.training.common][INFO] - train epoch 1334 MSE 0.0039 nMSE 0.0279
[2026-05-01 20:48:24,351][src.modRNN.training.common][INFO] - 	 Starting Epoch: 1335
[2026-05-01 20:48:24,674][src.modRNN.training.common][INFO] - train epoch 1335 MSE 0.0047 nMSE 0.0336
[2026-05-01 20:48:24,675][src.modRNN.training.common][INFO] - 	 Starting Epoch: 1336
[2026-05-01 20:48:24,997][src.modRNN.training.common][INFO] - train epoch 1336 MSE 0.0039 nMSE 0.0273
[2026-05-01 20:48:24,998][src.modRNN.training.common][INFO] - 	 Starting Epoch: 1337
[2026-05-01 20:48:25,321][src.modRNN.training.common][INFO] - train epoch 1337 MSE 0.0041 nMSE 0.0288
[2026-05-01 20:48:25,321][src.modRNN.training.common][INFO] - 	 Starting Epoch: 1338
[2026-05-01 20:48:25,644][src.modRNN.training.common][INFO] - train epoch 1338 MSE 0.0038 nMSE 0.0271
[2026-05-01 20:48:25,645][src.modRNN.training.common][INFO] - 	 Starting Epoch: 1339
[2026-05-01 20:48:25,968][src.modRNN.training.common][INFO] - train epoch 1339 MSE 0.0045 nMSE 0.0316
[2026-05-01 20:48:25,969][src.modRNN.training.common][INFO] - 	 Starting Epoch: 1340
[2026-05-01 20:48:26,290][src.modRNN.training.common][INFO] - train epoch 1340 MSE 0.0036 nMSE 0.0258
[2026-05-01 20:48:26,291][src.modRNN.training.common][INFO] - 	 Starting Epoch: 1341
[2026-05-01 20:48:26,613][src.modRNN.training.common][INFO] - train epoch 1341 MSE 0.0044 nMSE 0.0312
[2026-05-01 20:48:26,613][src.modRNN.training.common][INFO] - 	 Starting Epoch: 1342
[2026-05-01 20:48:26,936][src.modRNN.training.common][INFO] - train epoch 1342 MSE 0.0038 nMSE 0.0272
[2026-05-01 20:48:26,937][src.modRNN.training.common][INFO] - 	 Starting Epoch: 1343
[2026-05-01 20:48:27,262][src.modRNN.training.common][INFO] - train epoch 1343 MSE 0.0052 nMSE 0.0369
[2026-05-01 20:48:27,263][src.modRNN.training.common][INFO] - 	 Starting Epoch: 1344
[2026-05-01 20:48:27,614][src.modRNN.training.common][INFO] - train epoch 1344 MSE 0.0037 nMSE 0.0258
[2026-05-01 20:48:27,615][src.modRNN.training.common][INFO] - 	 Starting Epoch: 1345
[2026-05-01 20:48:27,966][src.modRNN.training.common][INFO] - train epoch 1345 MSE 0.0041 nMSE 0.0290
[2026-05-01 20:48:27,967][src.modRNN.training.common][INFO] - 	 Starting Epoch: 1346
[2026-05-01 20:48:28,291][src.modRNN.training.common][INFO] - train epoch 1346 MSE 0.0036 nMSE 0.0256
[2026-05-01 20:48:28,292][src.modRNN.training.common][INFO] - 	 Starting Epoch: 1347
[2026-05-01 20:48:28,618][src.modRNN.training.common][INFO] - train epoch 1347 MSE 0.0038 nMSE 0.0272
[2026-05-01 20:48:28,619][src.modRNN.training.common][INFO] - 	 Starting Epoch: 1348
[2026-05-01 20:48:28,942][src.modRNN.training.common][INFO] - train epoch 1348 MSE 0.0036 nMSE 0.0251
[2026-05-01 20:48:28,942][src.modRNN.training.common][INFO] - 	 Starting Epoch: 1349
[2026-05-01 20:48:29,266][src.modRNN.training.common][INFO] - train epoch 1349 MSE 0.0037 nMSE 0.0265
[2026-05-01 20:48:29,267][src.modRNN.training.common][INFO] - 	 Starting Epoch: 1350
[2026-05-01 20:48:29,590][src.modRNN.training.common][INFO] - train epoch 1350 MSE 0.0035 nMSE 0.0246
[2026-05-01 20:48:29,590][src.modRNN.training.common][INFO] - 	 Starting Epoch: 1351
[2026-05-01 20:48:29,913][src.modRNN.training.common][INFO] - train epoch 1351 MSE 0.0036 nMSE 0.0256
[2026-05-01 20:48:29,959][src.modRNN.training.common][INFO] - eval  epoch 1351 MSE 0.0033 nMSE 0.0233
[2026-05-01 20:48:29,959][src.modRNN.training.common][INFO] - 	 Starting Epoch: 1352
[2026-05-01 20:48:30,281][src.modRNN.training.common][INFO] - train epoch 1352 MSE 0.0033 nMSE 0.0233
[2026-05-01 20:48:30,282][src.modRNN.training.common][INFO] - 	 Starting Epoch: 1353
[2026-05-01 20:48:30,605][src.modRNN.training.common][INFO] - train epoch 1353 MSE 0.0035 nMSE 0.0248
[2026-05-01 20:48:30,606][src.modRNN.training.common][INFO] - 	 Starting Epoch: 1354
[2026-05-01 20:48:30,929][src.modRNN.training.common][INFO] - train epoch 1354 MSE 0.0038 nMSE 0.0267
[2026-05-01 20:48:30,929][src.modRNN.training.common][INFO] - 	 Starting Epoch: 1355
[2026-05-01 20:48:31,252][src.modRNN.training.common][INFO] - train epoch 1355 MSE 0.0036 nMSE 0.0258
[2026-05-01 20:48:31,253][src.modRNN.training.common][INFO] - 	 Starting Epoch: 1356
[2026-05-01 20:48:31,572][src.modRNN.training.common][INFO] - train epoch 1356 MSE 0.0044 nMSE 0.0312
[2026-05-01 20:48:31,573][src.modRNN.training.common][INFO] - 	 Starting Epoch: 1357
[2026-05-01 20:48:31,892][src.modRNN.training.common][INFO] - train epoch 1357 MSE 0.0033 nMSE 0.0236
[2026-05-01 20:48:31,892][src.modRNN.training.common][INFO] - 	 Starting Epoch: 1358
[2026-05-01 20:48:32,214][src.modRNN.training.common][INFO] - train epoch 1358 MSE 0.0040 nMSE 0.0281
[2026-05-01 20:48:32,215][src.modRNN.training.common][INFO] - 	 Starting Epoch: 1359
[2026-05-01 20:48:32,535][src.modRNN.training.common][INFO] - train epoch 1359 MSE 0.0036 nMSE 0.0258
[2026-05-01 20:48:32,536][src.modRNN.training.common][INFO] - 	 Starting Epoch: 1360
[2026-05-01 20:48:32,856][src.modRNN.training.common][INFO] - train epoch 1360 MSE 0.0045 nMSE 0.0321
[2026-05-01 20:48:32,857][src.modRNN.training.common][INFO] - 	 Starting Epoch: 1361
[2026-05-01 20:48:33,177][src.modRNN.training.common][INFO] - train epoch 1361 MSE 0.0037 nMSE 0.0265
[2026-05-01 20:48:33,178][src.modRNN.training.common][INFO] - 	 Starting Epoch: 1362
[2026-05-01 20:48:33,498][src.modRNN.training.common][INFO] - train epoch 1362 MSE 0.0038 nMSE 0.0269
[2026-05-01 20:48:33,499][src.modRNN.training.common][INFO] - 	 Starting Epoch: 1363
[2026-05-01 20:48:33,818][src.modRNN.training.common][INFO] - train epoch 1363 MSE 0.0043 nMSE 0.0306
[2026-05-01 20:48:33,819][src.modRNN.training.common][INFO] - 	 Starting Epoch: 1364
[2026-05-01 20:48:34,139][src.modRNN.training.common][INFO] - train epoch 1364 MSE 0.0046 nMSE 0.0323
[2026-05-01 20:48:34,140][src.modRNN.training.common][INFO] - 	 Starting Epoch: 1365
[2026-05-01 20:48:34,461][src.modRNN.training.common][INFO] - train epoch 1365 MSE 0.0039 nMSE 0.0274
[2026-05-01 20:48:34,461][src.modRNN.training.common][INFO] - 	 Starting Epoch: 1366
[2026-05-01 20:48:34,781][src.modRNN.training.common][INFO] - train epoch 1366 MSE 0.0038 nMSE 0.0272
[2026-05-01 20:48:34,782][src.modRNN.training.common][INFO] - 	 Starting Epoch: 1367
[2026-05-01 20:48:35,103][src.modRNN.training.common][INFO] - train epoch 1367 MSE 0.0034 nMSE 0.0238
[2026-05-01 20:48:35,103][src.modRNN.training.common][INFO] - 	 Starting Epoch: 1368
[2026-05-01 20:48:35,424][src.modRNN.training.common][INFO] - train epoch 1368 MSE 0.0045 nMSE 0.0316
[2026-05-01 20:48:35,425][src.modRNN.training.common][INFO] - 	 Starting Epoch: 1369
[2026-05-01 20:48:35,745][src.modRNN.training.common][INFO] - train epoch 1369 MSE 0.0044 nMSE 0.0308
[2026-05-01 20:48:35,745][src.modRNN.training.common][INFO] - 	 Starting Epoch: 1370
[2026-05-01 20:48:36,064][src.modRNN.training.common][INFO] - train epoch 1370 MSE 0.0035 nMSE 0.0247
[2026-05-01 20:48:36,065][src.modRNN.training.common][INFO] - 	 Starting Epoch: 1371
[2026-05-01 20:48:36,385][src.modRNN.training.common][INFO] - train epoch 1371 MSE 0.0034 nMSE 0.0244
[2026-05-01 20:48:36,386][src.modRNN.training.common][INFO] - 	 Starting Epoch: 1372
[2026-05-01 20:48:36,706][src.modRNN.training.common][INFO] - train epoch 1372 MSE 0.0042 nMSE 0.0295
[2026-05-01 20:48:36,707][src.modRNN.training.common][INFO] - 	 Starting Epoch: 1373
[2026-05-01 20:48:37,026][src.modRNN.training.common][INFO] - train epoch 1373 MSE 0.0036 nMSE 0.0257
[2026-05-01 20:48:37,027][src.modRNN.training.common][INFO] - 	 Starting Epoch: 1374
[2026-05-01 20:48:37,346][src.modRNN.training.common][INFO] - train epoch 1374 MSE 0.0038 nMSE 0.0270
[2026-05-01 20:48:37,347][src.modRNN.training.common][INFO] - 	 Starting Epoch: 1375
[2026-05-01 20:48:37,666][src.modRNN.training.common][INFO] - train epoch 1375 MSE 0.0034 nMSE 0.0239
[2026-05-01 20:48:37,666][src.modRNN.training.common][INFO] - 	 Starting Epoch: 1376
[2026-05-01 20:48:37,987][src.modRNN.training.common][INFO] - train epoch 1376 MSE 0.0038 nMSE 0.0271
[2026-05-01 20:48:38,031][src.modRNN.training.common][INFO] - eval  epoch 1376 MSE 0.0037 nMSE 0.0259
[2026-05-01 20:48:38,031][src.modRNN.training.common][INFO] - 	 Starting Epoch: 1377
[2026-05-01 20:48:38,351][src.modRNN.training.common][INFO] - train epoch 1377 MSE 0.0037 nMSE 0.0259
[2026-05-01 20:48:38,352][src.modRNN.training.common][INFO] - 	 Starting Epoch: 1378
[2026-05-01 20:48:38,673][src.modRNN.training.common][INFO] - train epoch 1378 MSE 0.0036 nMSE 0.0256
[2026-05-01 20:48:38,673][src.modRNN.training.common][INFO] - 	 Starting Epoch: 1379
[2026-05-01 20:48:38,995][src.modRNN.training.common][INFO] - train epoch 1379 MSE 0.0034 nMSE 0.0244
[2026-05-01 20:48:38,996][src.modRNN.training.common][INFO] - 	 Starting Epoch: 1380
[2026-05-01 20:48:39,317][src.modRNN.training.common][INFO] - train epoch 1380 MSE 0.0050 nMSE 0.0353
[2026-05-01 20:48:39,318][src.modRNN.training.common][INFO] - 	 Starting Epoch: 1381
[2026-05-01 20:48:39,639][src.modRNN.training.common][INFO] - train epoch 1381 MSE 0.0040 nMSE 0.0284
[2026-05-01 20:48:39,640][src.modRNN.training.common][INFO] - 	 Starting Epoch: 1382
[2026-05-01 20:48:39,960][src.modRNN.training.common][INFO] - train epoch 1382 MSE 0.0043 nMSE 0.0303
[2026-05-01 20:48:39,961][src.modRNN.training.common][INFO] - 	 Starting Epoch: 1383
[2026-05-01 20:48:40,281][src.modRNN.training.common][INFO] - train epoch 1383 MSE 0.0042 nMSE 0.0294
[2026-05-01 20:48:40,282][src.modRNN.training.common][INFO] - 	 Starting Epoch: 1384
[2026-05-01 20:48:40,603][src.modRNN.training.common][INFO] - train epoch 1384 MSE 0.0034 nMSE 0.0240
[2026-05-01 20:48:40,603][src.modRNN.training.common][INFO] - 	 Starting Epoch: 1385
[2026-05-01 20:48:40,924][src.modRNN.training.common][INFO] - train epoch 1385 MSE 0.0038 nMSE 0.0267
[2026-05-01 20:48:40,924][src.modRNN.training.common][INFO] - 	 Starting Epoch: 1386
[2026-05-01 20:48:41,245][src.modRNN.training.common][INFO] - train epoch 1386 MSE 0.0044 nMSE 0.0313
[2026-05-01 20:48:41,246][src.modRNN.training.common][INFO] - 	 Starting Epoch: 1387
[2026-05-01 20:48:41,566][src.modRNN.training.common][INFO] - train epoch 1387 MSE 0.0041 nMSE 0.0289
[2026-05-01 20:48:41,567][src.modRNN.training.common][INFO] - 	 Starting Epoch: 1388
[2026-05-01 20:48:41,887][src.modRNN.training.common][INFO] - train epoch 1388 MSE 0.0035 nMSE 0.0248
[2026-05-01 20:48:41,888][src.modRNN.training.common][INFO] - 	 Starting Epoch: 1389
[2026-05-01 20:48:42,207][src.modRNN.training.common][INFO] - train epoch 1389 MSE 0.0035 nMSE 0.0250
[2026-05-01 20:48:42,208][src.modRNN.training.common][INFO] - 	 Starting Epoch: 1390
[2026-05-01 20:48:42,528][src.modRNN.training.common][INFO] - train epoch 1390 MSE 0.0042 nMSE 0.0297
[2026-05-01 20:48:42,529][src.modRNN.training.common][INFO] - 	 Starting Epoch: 1391
[2026-05-01 20:48:42,849][src.modRNN.training.common][INFO] - train epoch 1391 MSE 0.0042 nMSE 0.0294
[2026-05-01 20:48:42,850][src.modRNN.training.common][INFO] - 	 Starting Epoch: 1392
[2026-05-01 20:48:43,171][src.modRNN.training.common][INFO] - train epoch 1392 MSE 0.0041 nMSE 0.0289
[2026-05-01 20:48:43,171][src.modRNN.training.common][INFO] - 	 Starting Epoch: 1393
[2026-05-01 20:48:43,492][src.modRNN.training.common][INFO] - train epoch 1393 MSE 0.0038 nMSE 0.0268
[2026-05-01 20:48:43,493][src.modRNN.training.common][INFO] - 	 Starting Epoch: 1394
[2026-05-01 20:48:43,813][src.modRNN.training.common][INFO] - train epoch 1394 MSE 0.0041 nMSE 0.0292
[2026-05-01 20:48:43,814][src.modRNN.training.common][INFO] - 	 Starting Epoch: 1395
[2026-05-01 20:48:44,134][src.modRNN.training.common][INFO] - train epoch 1395 MSE 0.0044 nMSE 0.0308
[2026-05-01 20:48:44,135][src.modRNN.training.common][INFO] - 	 Starting Epoch: 1396
[2026-05-01 20:48:44,455][src.modRNN.training.common][INFO] - train epoch 1396 MSE 0.0036 nMSE 0.0252
[2026-05-01 20:48:44,456][src.modRNN.training.common][INFO] - 	 Starting Epoch: 1397
[2026-05-01 20:48:44,776][src.modRNN.training.common][INFO] - train epoch 1397 MSE 0.0042 nMSE 0.0299
[2026-05-01 20:48:44,777][src.modRNN.training.common][INFO] - 	 Starting Epoch: 1398
[2026-05-01 20:48:45,098][src.modRNN.training.common][INFO] - train epoch 1398 MSE 0.0045 nMSE 0.0318
[2026-05-01 20:48:45,099][src.modRNN.training.common][INFO] - 	 Starting Epoch: 1399
[2026-05-01 20:48:45,420][src.modRNN.training.common][INFO] - train epoch 1399 MSE 0.0033 nMSE 0.0237
[2026-05-01 20:48:45,420][src.modRNN.training.common][INFO] - 	 Starting Epoch: 1400
[2026-05-01 20:48:45,741][src.modRNN.training.common][INFO] - train epoch 1400 MSE 0.0044 nMSE 0.0313
[2026-05-01 20:48:45,742][src.modRNN.training.common][INFO] - 	 Starting Epoch: 1401
[2026-05-01 20:48:46,062][src.modRNN.training.common][INFO] - train epoch 1401 MSE 0.0044 nMSE 0.0311
[2026-05-01 20:48:46,107][src.modRNN.training.common][INFO] - eval  epoch 1401 MSE 0.0048 nMSE 0.0341
[2026-05-01 20:48:46,107][src.modRNN.training.common][INFO] - 	 Starting Epoch: 1402
[2026-05-01 20:48:46,427][src.modRNN.training.common][INFO] - train epoch 1402 MSE 0.0048 nMSE 0.0341
[2026-05-01 20:48:46,427][src.modRNN.training.common][INFO] - 	 Starting Epoch: 1403
[2026-05-01 20:48:46,747][src.modRNN.training.common][INFO] - train epoch 1403 MSE 0.0041 nMSE 0.0290
[2026-05-01 20:48:46,748][src.modRNN.training.common][INFO] - 	 Starting Epoch: 1404
[2026-05-01 20:48:47,068][src.modRNN.training.common][INFO] - train epoch 1404 MSE 0.0042 nMSE 0.0297
[2026-05-01 20:48:47,069][src.modRNN.training.common][INFO] - 	 Starting Epoch: 1405
[2026-05-01 20:48:47,389][src.modRNN.training.common][INFO] - train epoch 1405 MSE 0.0035 nMSE 0.0245
[2026-05-01 20:48:47,390][src.modRNN.training.common][INFO] - 	 Starting Epoch: 1406
[2026-05-01 20:48:47,710][src.modRNN.training.common][INFO] - train epoch 1406 MSE 0.0043 nMSE 0.0307
[2026-05-01 20:48:47,711][src.modRNN.training.common][INFO] - 	 Starting Epoch: 1407
[2026-05-01 20:48:48,030][src.modRNN.training.common][INFO] - train epoch 1407 MSE 0.0032 nMSE 0.0230
[2026-05-01 20:48:48,031][src.modRNN.training.common][INFO] - 	 Starting Epoch: 1408
[2026-05-01 20:48:48,351][src.modRNN.training.common][INFO] - train epoch 1408 MSE 0.0040 nMSE 0.0281
[2026-05-01 20:48:48,352][src.modRNN.training.common][INFO] - 	 Starting Epoch: 1409
[2026-05-01 20:48:48,672][src.modRNN.training.common][INFO] - train epoch 1409 MSE 0.0036 nMSE 0.0258
[2026-05-01 20:48:48,673][src.modRNN.training.common][INFO] - 	 Starting Epoch: 1410
[2026-05-01 20:48:48,992][src.modRNN.training.common][INFO] - train epoch 1410 MSE 0.0043 nMSE 0.0302
[2026-05-01 20:48:48,993][src.modRNN.training.common][INFO] - 	 Starting Epoch: 1411
[2026-05-01 20:48:49,313][src.modRNN.training.common][INFO] - train epoch 1411 MSE 0.0035 nMSE 0.0248
[2026-05-01 20:48:49,314][src.modRNN.training.common][INFO] - 	 Starting Epoch: 1412
[2026-05-01 20:48:49,634][src.modRNN.training.common][INFO] - train epoch 1412 MSE 0.0048 nMSE 0.0341
[2026-05-01 20:48:49,635][src.modRNN.training.common][INFO] - 	 Starting Epoch: 1413
[2026-05-01 20:48:49,955][src.modRNN.training.common][INFO] - train epoch 1413 MSE 0.0037 nMSE 0.0262
[2026-05-01 20:48:49,956][src.modRNN.training.common][INFO] - 	 Starting Epoch: 1414
[2026-05-01 20:48:50,276][src.modRNN.training.common][INFO] - train epoch 1414 MSE 0.0040 nMSE 0.0285
[2026-05-01 20:48:50,277][src.modRNN.training.common][INFO] - 	 Starting Epoch: 1415
[2026-05-01 20:48:50,596][src.modRNN.training.common][INFO] - train epoch 1415 MSE 0.0048 nMSE 0.0336
[2026-05-01 20:48:50,597][src.modRNN.training.common][INFO] - 	 Starting Epoch: 1416
[2026-05-01 20:48:50,917][src.modRNN.training.common][INFO] - train epoch 1416 MSE 0.0039 nMSE 0.0277
[2026-05-01 20:48:50,918][src.modRNN.training.common][INFO] - 	 Starting Epoch: 1417
[2026-05-01 20:48:51,238][src.modRNN.training.common][INFO] - train epoch 1417 MSE 0.0043 nMSE 0.0307
[2026-05-01 20:48:51,239][src.modRNN.training.common][INFO] - 	 Starting Epoch: 1418
[2026-05-01 20:48:51,559][src.modRNN.training.common][INFO] - train epoch 1418 MSE 0.0032 nMSE 0.0224
[2026-05-01 20:48:51,560][src.modRNN.training.common][INFO] - 	 Starting Epoch: 1419
[2026-05-01 20:48:51,880][src.modRNN.training.common][INFO] - train epoch 1419 MSE 0.0052 nMSE 0.0366
[2026-05-01 20:48:51,881][src.modRNN.training.common][INFO] - 	 Starting Epoch: 1420
[2026-05-01 20:48:52,202][src.modRNN.training.common][INFO] - train epoch 1420 MSE 0.0039 nMSE 0.0276
[2026-05-01 20:48:52,203][src.modRNN.training.common][INFO] - 	 Starting Epoch: 1421
[2026-05-01 20:48:52,523][src.modRNN.training.common][INFO] - train epoch 1421 MSE 0.0044 nMSE 0.0313
[2026-05-01 20:48:52,523][src.modRNN.training.common][INFO] - 	 Starting Epoch: 1422
[2026-05-01 20:48:52,844][src.modRNN.training.common][INFO] - train epoch 1422 MSE 0.0036 nMSE 0.0256
[2026-05-01 20:48:52,844][src.modRNN.training.common][INFO] - 	 Starting Epoch: 1423
[2026-05-01 20:48:53,164][src.modRNN.training.common][INFO] - train epoch 1423 MSE 0.0038 nMSE 0.0268
[2026-05-01 20:48:53,165][src.modRNN.training.common][INFO] - 	 Starting Epoch: 1424
[2026-05-01 20:48:53,485][src.modRNN.training.common][INFO] - train epoch 1424 MSE 0.0039 nMSE 0.0277
[2026-05-01 20:48:53,486][src.modRNN.training.common][INFO] - 	 Starting Epoch: 1425
[2026-05-01 20:48:53,805][src.modRNN.training.common][INFO] - train epoch 1425 MSE 0.0047 nMSE 0.0330
[2026-05-01 20:48:53,806][src.modRNN.training.common][INFO] - 	 Starting Epoch: 1426
[2026-05-01 20:48:54,126][src.modRNN.training.common][INFO] - train epoch 1426 MSE 0.0037 nMSE 0.0261
[2026-05-01 20:48:54,171][src.modRNN.training.common][INFO] - eval  epoch 1426 MSE 0.0037 nMSE 0.0259
[2026-05-01 20:48:54,172][src.modRNN.training.common][INFO] - 	 Starting Epoch: 1427
[2026-05-01 20:48:54,491][src.modRNN.training.common][INFO] - train epoch 1427 MSE 0.0037 nMSE 0.0259
[2026-05-01 20:48:54,491][src.modRNN.training.common][INFO] - 	 Starting Epoch: 1428
[2026-05-01 20:48:54,812][src.modRNN.training.common][INFO] - train epoch 1428 MSE 0.0033 nMSE 0.0232
[2026-05-01 20:48:54,813][src.modRNN.training.common][INFO] - 	 Starting Epoch: 1429
[2026-05-01 20:48:55,133][src.modRNN.training.common][INFO] - train epoch 1429 MSE 0.0036 nMSE 0.0255
[2026-05-01 20:48:55,134][src.modRNN.training.common][INFO] - 	 Starting Epoch: 1430
[2026-05-01 20:48:55,455][src.modRNN.training.common][INFO] - train epoch 1430 MSE 0.0034 nMSE 0.0242
[2026-05-01 20:48:55,455][src.modRNN.training.common][INFO] - 	 Starting Epoch: 1431
[2026-05-01 20:48:55,776][src.modRNN.training.common][INFO] - train epoch 1431 MSE 0.0032 nMSE 0.0228
[2026-05-01 20:48:55,776][src.modRNN.training.common][INFO] - 	 Starting Epoch: 1432
[2026-05-01 20:48:56,097][src.modRNN.training.common][INFO] - train epoch 1432 MSE 0.0035 nMSE 0.0249
[2026-05-01 20:48:56,097][src.modRNN.training.common][INFO] - 	 Starting Epoch: 1433
[2026-05-01 20:48:56,418][src.modRNN.training.common][INFO] - train epoch 1433 MSE 0.0038 nMSE 0.0272
[2026-05-01 20:48:56,418][src.modRNN.training.common][INFO] - 	 Starting Epoch: 1434
[2026-05-01 20:48:56,739][src.modRNN.training.common][INFO] - train epoch 1434 MSE 0.0037 nMSE 0.0263
[2026-05-01 20:48:56,740][src.modRNN.training.common][INFO] - 	 Starting Epoch: 1435
[2026-05-01 20:48:57,060][src.modRNN.training.common][INFO] - train epoch 1435 MSE 0.0040 nMSE 0.0284
[2026-05-01 20:48:57,061][src.modRNN.training.common][INFO] - 	 Starting Epoch: 1436
[2026-05-01 20:48:57,381][src.modRNN.training.common][INFO] - train epoch 1436 MSE 0.0036 nMSE 0.0253
[2026-05-01 20:48:57,382][src.modRNN.training.common][INFO] - 	 Starting Epoch: 1437
[2026-05-01 20:48:57,703][src.modRNN.training.common][INFO] - train epoch 1437 MSE 0.0040 nMSE 0.0281
[2026-05-01 20:48:57,703][src.modRNN.training.common][INFO] - 	 Starting Epoch: 1438
[2026-05-01 20:48:58,024][src.modRNN.training.common][INFO] - train epoch 1438 MSE 0.0042 nMSE 0.0301
[2026-05-01 20:48:58,025][src.modRNN.training.common][INFO] - 	 Starting Epoch: 1439
[2026-05-01 20:48:58,346][src.modRNN.training.common][INFO] - train epoch 1439 MSE 0.0036 nMSE 0.0255
[2026-05-01 20:48:58,347][src.modRNN.training.common][INFO] - 	 Starting Epoch: 1440
[2026-05-01 20:48:58,667][src.modRNN.training.common][INFO] - train epoch 1440 MSE 0.0036 nMSE 0.0256
[2026-05-01 20:48:58,668][src.modRNN.training.common][INFO] - 	 Starting Epoch: 1441
[2026-05-01 20:48:58,989][src.modRNN.training.common][INFO] - train epoch 1441 MSE 0.0034 nMSE 0.0240
[2026-05-01 20:48:58,990][src.modRNN.training.common][INFO] - 	 Starting Epoch: 1442
[2026-05-01 20:48:59,310][src.modRNN.training.common][INFO] - train epoch 1442 MSE 0.0036 nMSE 0.0255
[2026-05-01 20:48:59,311][src.modRNN.training.common][INFO] - 	 Starting Epoch: 1443
[2026-05-01 20:48:59,632][src.modRNN.training.common][INFO] - train epoch 1443 MSE 0.0043 nMSE 0.0305
[2026-05-01 20:48:59,632][src.modRNN.training.common][INFO] - 	 Starting Epoch: 1444
[2026-05-01 20:48:59,953][src.modRNN.training.common][INFO] - train epoch 1444 MSE 0.0035 nMSE 0.0246
[2026-05-01 20:48:59,953][src.modRNN.training.common][INFO] - 	 Starting Epoch: 1445
[2026-05-01 20:49:00,274][src.modRNN.training.common][INFO] - train epoch 1445 MSE 0.0050 nMSE 0.0353
[2026-05-01 20:49:00,275][src.modRNN.training.common][INFO] - 	 Starting Epoch: 1446
[2026-05-01 20:49:00,596][src.modRNN.training.common][INFO] - train epoch 1446 MSE 0.0041 nMSE 0.0291
[2026-05-01 20:49:00,597][src.modRNN.training.common][INFO] - 	 Starting Epoch: 1447
[2026-05-01 20:49:00,917][src.modRNN.training.common][INFO] - train epoch 1447 MSE 0.0039 nMSE 0.0276
[2026-05-01 20:49:00,918][src.modRNN.training.common][INFO] - 	 Starting Epoch: 1448
[2026-05-01 20:49:01,238][src.modRNN.training.common][INFO] - train epoch 1448 MSE 0.0043 nMSE 0.0305
[2026-05-01 20:49:01,239][src.modRNN.training.common][INFO] - 	 Starting Epoch: 1449
[2026-05-01 20:49:01,560][src.modRNN.training.common][INFO] - train epoch 1449 MSE 0.0033 nMSE 0.0232
[2026-05-01 20:49:01,560][src.modRNN.training.common][INFO] - 	 Starting Epoch: 1450
[2026-05-01 20:49:01,881][src.modRNN.training.common][INFO] - train epoch 1450 MSE 0.0041 nMSE 0.0288
[2026-05-01 20:49:01,882][src.modRNN.training.common][INFO] - 	 Starting Epoch: 1451
[2026-05-01 20:49:02,250][src.modRNN.training.common][INFO] - train epoch 1451 MSE 0.0038 nMSE 0.0267
[2026-05-01 20:49:02,301][src.modRNN.training.common][INFO] - eval  epoch 1451 MSE 0.0035 nMSE 0.0247
[2026-05-01 20:49:02,302][src.modRNN.training.common][INFO] - 	 Starting Epoch: 1452
[2026-05-01 20:49:02,628][src.modRNN.training.common][INFO] - train epoch 1452 MSE 0.0035 nMSE 0.0247
[2026-05-01 20:49:02,629][src.modRNN.training.common][INFO] - 	 Starting Epoch: 1453
[2026-05-01 20:49:02,951][src.modRNN.training.common][INFO] - train epoch 1453 MSE 0.0041 nMSE 0.0290
[2026-05-01 20:49:02,952][src.modRNN.training.common][INFO] - 	 Starting Epoch: 1454
[2026-05-01 20:49:03,275][src.modRNN.training.common][INFO] - train epoch 1454 MSE 0.0040 nMSE 0.0286
[2026-05-01 20:49:03,275][src.modRNN.training.common][INFO] - 	 Starting Epoch: 1455
[2026-05-01 20:49:03,598][src.modRNN.training.common][INFO] - train epoch 1455 MSE 0.0038 nMSE 0.0266
[2026-05-01 20:49:03,598][src.modRNN.training.common][INFO] - 	 Starting Epoch: 1456
[2026-05-01 20:49:03,921][src.modRNN.training.common][INFO] - train epoch 1456 MSE 0.0042 nMSE 0.0297
[2026-05-01 20:49:03,922][src.modRNN.training.common][INFO] - 	 Starting Epoch: 1457
[2026-05-01 20:49:04,244][src.modRNN.training.common][INFO] - train epoch 1457 MSE 0.0037 nMSE 0.0263
[2026-05-01 20:49:04,245][src.modRNN.training.common][INFO] - 	 Starting Epoch: 1458
[2026-05-01 20:49:04,567][src.modRNN.training.common][INFO] - train epoch 1458 MSE 0.0039 nMSE 0.0273
[2026-05-01 20:49:04,568][src.modRNN.training.common][INFO] - 	 Starting Epoch: 1459
[2026-05-01 20:49:04,890][src.modRNN.training.common][INFO] - train epoch 1459 MSE 0.0044 nMSE 0.0310
[2026-05-01 20:49:04,890][src.modRNN.training.common][INFO] - 	 Starting Epoch: 1460
[2026-05-01 20:49:05,213][src.modRNN.training.common][INFO] - train epoch 1460 MSE 0.0032 nMSE 0.0229
[2026-05-01 20:49:05,214][src.modRNN.training.common][INFO] - 	 Starting Epoch: 1461
[2026-05-01 20:49:05,537][src.modRNN.training.common][INFO] - train epoch 1461 MSE 0.0041 nMSE 0.0292
[2026-05-01 20:49:05,537][src.modRNN.training.common][INFO] - 	 Starting Epoch: 1462
[2026-05-01 20:49:05,860][src.modRNN.training.common][INFO] - train epoch 1462 MSE 0.0033 nMSE 0.0235
[2026-05-01 20:49:05,861][src.modRNN.training.common][INFO] - 	 Starting Epoch: 1463
[2026-05-01 20:49:06,183][src.modRNN.training.common][INFO] - train epoch 1463 MSE 0.0040 nMSE 0.0284
[2026-05-01 20:49:06,183][src.modRNN.training.common][INFO] - 	 Starting Epoch: 1464
[2026-05-01 20:49:06,506][src.modRNN.training.common][INFO] - train epoch 1464 MSE 0.0036 nMSE 0.0255
[2026-05-01 20:49:06,507][src.modRNN.training.common][INFO] - 	 Starting Epoch: 1465
[2026-05-01 20:49:06,829][src.modRNN.training.common][INFO] - train epoch 1465 MSE 0.0042 nMSE 0.0296
[2026-05-01 20:49:06,829][src.modRNN.training.common][INFO] - 	 Starting Epoch: 1466
[2026-05-01 20:49:07,152][src.modRNN.training.common][INFO] - train epoch 1466 MSE 0.0041 nMSE 0.0291
[2026-05-01 20:49:07,153][src.modRNN.training.common][INFO] - 	 Starting Epoch: 1467
[2026-05-01 20:49:07,475][src.modRNN.training.common][INFO] - train epoch 1467 MSE 0.0035 nMSE 0.0250
[2026-05-01 20:49:07,475][src.modRNN.training.common][INFO] - 	 Starting Epoch: 1468
[2026-05-01 20:49:07,798][src.modRNN.training.common][INFO] - train epoch 1468 MSE 0.0039 nMSE 0.0273
[2026-05-01 20:49:07,799][src.modRNN.training.common][INFO] - 	 Starting Epoch: 1469
[2026-05-01 20:49:08,121][src.modRNN.training.common][INFO] - train epoch 1469 MSE 0.0039 nMSE 0.0273
[2026-05-01 20:49:08,122][src.modRNN.training.common][INFO] - 	 Starting Epoch: 1470
[2026-05-01 20:49:08,444][src.modRNN.training.common][INFO] - train epoch 1470 MSE 0.0033 nMSE 0.0235
[2026-05-01 20:49:08,445][src.modRNN.training.common][INFO] - 	 Starting Epoch: 1471
[2026-05-01 20:49:08,767][src.modRNN.training.common][INFO] - train epoch 1471 MSE 0.0041 nMSE 0.0293
[2026-05-01 20:49:08,767][src.modRNN.training.common][INFO] - 	 Starting Epoch: 1472
[2026-05-01 20:49:09,090][src.modRNN.training.common][INFO] - train epoch 1472 MSE 0.0035 nMSE 0.0249
[2026-05-01 20:49:09,090][src.modRNN.training.common][INFO] - 	 Starting Epoch: 1473
[2026-05-01 20:49:09,412][src.modRNN.training.common][INFO] - train epoch 1473 MSE 0.0037 nMSE 0.0259
[2026-05-01 20:49:09,413][src.modRNN.training.common][INFO] - 	 Starting Epoch: 1474
[2026-05-01 20:49:09,736][src.modRNN.training.common][INFO] - train epoch 1474 MSE 0.0035 nMSE 0.0244
[2026-05-01 20:49:09,736][src.modRNN.training.common][INFO] - 	 Starting Epoch: 1475
[2026-05-01 20:49:10,059][src.modRNN.training.common][INFO] - train epoch 1475 MSE 0.0036 nMSE 0.0257
[2026-05-01 20:49:10,059][src.modRNN.training.common][INFO] - 	 Starting Epoch: 1476
[2026-05-01 20:49:10,382][src.modRNN.training.common][INFO] - train epoch 1476 MSE 0.0046 nMSE 0.0322
[2026-05-01 20:49:10,427][src.modRNN.training.common][INFO] - eval  epoch 1476 MSE 0.0037 nMSE 0.0258
[2026-05-01 20:49:10,428][src.modRNN.training.common][INFO] - 	 Starting Epoch: 1477
[2026-05-01 20:49:10,750][src.modRNN.training.common][INFO] - train epoch 1477 MSE 0.0037 nMSE 0.0258
[2026-05-01 20:49:10,750][src.modRNN.training.common][INFO] - 	 Starting Epoch: 1478
[2026-05-01 20:49:11,073][src.modRNN.training.common][INFO] - train epoch 1478 MSE 0.0039 nMSE 0.0277
[2026-05-01 20:49:11,074][src.modRNN.training.common][INFO] - 	 Starting Epoch: 1479
[2026-05-01 20:49:11,397][src.modRNN.training.common][INFO] - train epoch 1479 MSE 0.0036 nMSE 0.0253
[2026-05-01 20:49:11,398][src.modRNN.training.common][INFO] - 	 Starting Epoch: 1480
[2026-05-01 20:49:11,721][src.modRNN.training.common][INFO] - train epoch 1480 MSE 0.0035 nMSE 0.0251
[2026-05-01 20:49:11,722][src.modRNN.training.common][INFO] - 	 Starting Epoch: 1481
[2026-05-01 20:49:12,044][src.modRNN.training.common][INFO] - train epoch 1481 MSE 0.0039 nMSE 0.0277
[2026-05-01 20:49:12,045][src.modRNN.training.common][INFO] - 	 Starting Epoch: 1482
[2026-05-01 20:49:12,368][src.modRNN.training.common][INFO] - train epoch 1482 MSE 0.0035 nMSE 0.0244
[2026-05-01 20:49:12,368][src.modRNN.training.common][INFO] - 	 Starting Epoch: 1483
[2026-05-01 20:49:12,691][src.modRNN.training.common][INFO] - train epoch 1483 MSE 0.0043 nMSE 0.0304
[2026-05-01 20:49:12,692][src.modRNN.training.common][INFO] - 	 Starting Epoch: 1484
[2026-05-01 20:49:13,014][src.modRNN.training.common][INFO] - train epoch 1484 MSE 0.0034 nMSE 0.0239
[2026-05-01 20:49:13,015][src.modRNN.training.common][INFO] - 	 Starting Epoch: 1485
[2026-05-01 20:49:13,338][src.modRNN.training.common][INFO] - train epoch 1485 MSE 0.0043 nMSE 0.0305
[2026-05-01 20:49:13,339][src.modRNN.training.common][INFO] - 	 Starting Epoch: 1486
[2026-05-01 20:49:13,661][src.modRNN.training.common][INFO] - train epoch 1486 MSE 0.0034 nMSE 0.0241
[2026-05-01 20:49:13,662][src.modRNN.training.common][INFO] - 	 Starting Epoch: 1487
[2026-05-01 20:49:13,985][src.modRNN.training.common][INFO] - train epoch 1487 MSE 0.0041 nMSE 0.0290
[2026-05-01 20:49:13,985][src.modRNN.training.common][INFO] - 	 Starting Epoch: 1488
[2026-05-01 20:49:14,308][src.modRNN.training.common][INFO] - train epoch 1488 MSE 0.0037 nMSE 0.0264
[2026-05-01 20:49:14,309][src.modRNN.training.common][INFO] - 	 Starting Epoch: 1489
[2026-05-01 20:49:14,632][src.modRNN.training.common][INFO] - train epoch 1489 MSE 0.0034 nMSE 0.0244
[2026-05-01 20:49:14,632][src.modRNN.training.common][INFO] - 	 Starting Epoch: 1490
[2026-05-01 20:49:14,955][src.modRNN.training.common][INFO] - train epoch 1490 MSE 0.0040 nMSE 0.0283
[2026-05-01 20:49:14,956][src.modRNN.training.common][INFO] - 	 Starting Epoch: 1491
[2026-05-01 20:49:15,279][src.modRNN.training.common][INFO] - train epoch 1491 MSE 0.0038 nMSE 0.0266
[2026-05-01 20:49:15,280][src.modRNN.training.common][INFO] - 	 Starting Epoch: 1492
[2026-05-01 20:49:15,602][src.modRNN.training.common][INFO] - train epoch 1492 MSE 0.0039 nMSE 0.0273
[2026-05-01 20:49:15,603][src.modRNN.training.common][INFO] - 	 Starting Epoch: 1493
[2026-05-01 20:49:15,925][src.modRNN.training.common][INFO] - train epoch 1493 MSE 0.0038 nMSE 0.0267
[2026-05-01 20:49:15,926][src.modRNN.training.common][INFO] - 	 Starting Epoch: 1494
[2026-05-01 20:49:16,249][src.modRNN.training.common][INFO] - train epoch 1494 MSE 0.0041 nMSE 0.0290
[2026-05-01 20:49:16,250][src.modRNN.training.common][INFO] - 	 Starting Epoch: 1495
[2026-05-01 20:49:16,572][src.modRNN.training.common][INFO] - train epoch 1495 MSE 0.0037 nMSE 0.0263
[2026-05-01 20:49:16,573][src.modRNN.training.common][INFO] - 	 Starting Epoch: 1496
[2026-05-01 20:49:16,896][src.modRNN.training.common][INFO] - train epoch 1496 MSE 0.0047 nMSE 0.0331
[2026-05-01 20:49:16,896][src.modRNN.training.common][INFO] - 	 Starting Epoch: 1497
[2026-05-01 20:49:17,219][src.modRNN.training.common][INFO] - train epoch 1497 MSE 0.0043 nMSE 0.0304
[2026-05-01 20:49:17,220][src.modRNN.training.common][INFO] - 	 Starting Epoch: 1498
[2026-05-01 20:49:17,542][src.modRNN.training.common][INFO] - train epoch 1498 MSE 0.0044 nMSE 0.0310
[2026-05-01 20:49:17,543][src.modRNN.training.common][INFO] - 	 Starting Epoch: 1499
[2026-05-01 20:49:17,866][src.modRNN.training.common][INFO] - train epoch 1499 MSE 0.0038 nMSE 0.0267
[2026-05-01 20:49:17,867][src.modRNN.training.common][INFO] - 	 Starting Epoch: 1500
[2026-05-01 20:49:18,189][src.modRNN.training.common][INFO] - train epoch 1500 MSE 0.0038 nMSE 0.0271
[2026-05-01 20:49:18,190][src.modRNN.training.common][INFO] - 	 Starting Epoch: 1501
[2026-05-01 20:49:18,512][src.modRNN.training.common][INFO] - train epoch 1501 MSE 0.0034 nMSE 0.0240
[2026-05-01 20:49:18,558][src.modRNN.training.common][INFO] - eval  epoch 1501 MSE 0.0039 nMSE 0.0279
[2026-05-01 20:49:18,558][src.modRNN.training.common][INFO] - 	 Starting Epoch: 1502
[2026-05-01 20:49:18,880][src.modRNN.training.common][INFO] - train epoch 1502 MSE 0.0039 nMSE 0.0279
[2026-05-01 20:49:18,881][src.modRNN.training.common][INFO] - 	 Starting Epoch: 1503
[2026-05-01 20:49:19,203][src.modRNN.training.common][INFO] - train epoch 1503 MSE 0.0036 nMSE 0.0257
[2026-05-01 20:49:19,204][src.modRNN.training.common][INFO] - 	 Starting Epoch: 1504
[2026-05-01 20:49:19,526][src.modRNN.training.common][INFO] - train epoch 1504 MSE 0.0043 nMSE 0.0304
[2026-05-01 20:49:19,527][src.modRNN.training.common][INFO] - 	 Starting Epoch: 1505
[2026-05-01 20:49:19,849][src.modRNN.training.common][INFO] - train epoch 1505 MSE 0.0034 nMSE 0.0242
[2026-05-01 20:49:19,850][src.modRNN.training.common][INFO] - 	 Starting Epoch: 1506
[2026-05-01 20:49:20,172][src.modRNN.training.common][INFO] - train epoch 1506 MSE 0.0041 nMSE 0.0290
[2026-05-01 20:49:20,173][src.modRNN.training.common][INFO] - 	 Starting Epoch: 1507
[2026-05-01 20:49:20,495][src.modRNN.training.common][INFO] - train epoch 1507 MSE 0.0033 nMSE 0.0237
[2026-05-01 20:49:20,496][src.modRNN.training.common][INFO] - 	 Starting Epoch: 1508
[2026-05-01 20:49:20,818][src.modRNN.training.common][INFO] - train epoch 1508 MSE 0.0046 nMSE 0.0325
[2026-05-01 20:49:20,819][src.modRNN.training.common][INFO] - 	 Starting Epoch: 1509
[2026-05-01 20:49:21,141][src.modRNN.training.common][INFO] - train epoch 1509 MSE 0.0039 nMSE 0.0274
[2026-05-01 20:49:21,142][src.modRNN.training.common][INFO] - 	 Starting Epoch: 1510
[2026-05-01 20:49:21,464][src.modRNN.training.common][INFO] - train epoch 1510 MSE 0.0048 nMSE 0.0340
[2026-05-01 20:49:21,465][src.modRNN.training.common][INFO] - 	 Starting Epoch: 1511
[2026-05-01 20:49:21,787][src.modRNN.training.common][INFO] - train epoch 1511 MSE 0.0035 nMSE 0.0251
[2026-05-01 20:49:21,788][src.modRNN.training.common][INFO] - 	 Starting Epoch: 1512
[2026-05-01 20:49:22,110][src.modRNN.training.common][INFO] - train epoch 1512 MSE 0.0052 nMSE 0.0365
[2026-05-01 20:49:22,111][src.modRNN.training.common][INFO] - 	 Starting Epoch: 1513
[2026-05-01 20:49:22,433][src.modRNN.training.common][INFO] - train epoch 1513 MSE 0.0037 nMSE 0.0259
[2026-05-01 20:49:22,434][src.modRNN.training.common][INFO] - 	 Starting Epoch: 1514
[2026-05-01 20:49:22,756][src.modRNN.training.common][INFO] - train epoch 1514 MSE 0.0038 nMSE 0.0271
[2026-05-01 20:49:22,757][src.modRNN.training.common][INFO] - 	 Starting Epoch: 1515
[2026-05-01 20:49:23,079][src.modRNN.training.common][INFO] - train epoch 1515 MSE 0.0036 nMSE 0.0253
[2026-05-01 20:49:23,080][src.modRNN.training.common][INFO] - 	 Starting Epoch: 1516
[2026-05-01 20:49:23,402][src.modRNN.training.common][INFO] - train epoch 1516 MSE 0.0036 nMSE 0.0257
[2026-05-01 20:49:23,403][src.modRNN.training.common][INFO] - 	 Starting Epoch: 1517
[2026-05-01 20:49:23,725][src.modRNN.training.common][INFO] - train epoch 1517 MSE 0.0031 nMSE 0.0220
[2026-05-01 20:49:23,726][src.modRNN.training.common][INFO] - 	 Starting Epoch: 1518
[2026-05-01 20:49:24,049][src.modRNN.training.common][INFO] - train epoch 1518 MSE 0.0039 nMSE 0.0272
[2026-05-01 20:49:24,049][src.modRNN.training.common][INFO] - 	 Starting Epoch: 1519
[2026-05-01 20:49:24,372][src.modRNN.training.common][INFO] - train epoch 1519 MSE 0.0038 nMSE 0.0272
[2026-05-01 20:49:24,372][src.modRNN.training.common][INFO] - 	 Starting Epoch: 1520
[2026-05-01 20:49:24,695][src.modRNN.training.common][INFO] - train epoch 1520 MSE 0.0037 nMSE 0.0263
[2026-05-01 20:49:24,696][src.modRNN.training.common][INFO] - 	 Starting Epoch: 1521
[2026-05-01 20:49:25,018][src.modRNN.training.common][INFO] - train epoch 1521 MSE 0.0038 nMSE 0.0270
[2026-05-01 20:49:25,019][src.modRNN.training.common][INFO] - 	 Starting Epoch: 1522
[2026-05-01 20:49:25,341][src.modRNN.training.common][INFO] - train epoch 1522 MSE 0.0038 nMSE 0.0266
[2026-05-01 20:49:25,342][src.modRNN.training.common][INFO] - 	 Starting Epoch: 1523
[2026-05-01 20:49:25,664][src.modRNN.training.common][INFO] - train epoch 1523 MSE 0.0032 nMSE 0.0226
[2026-05-01 20:49:25,665][src.modRNN.training.common][INFO] - 	 Starting Epoch: 1524
[2026-05-01 20:49:25,987][src.modRNN.training.common][INFO] - train epoch 1524 MSE 0.0037 nMSE 0.0261
[2026-05-01 20:49:25,988][src.modRNN.training.common][INFO] - 	 Starting Epoch: 1525
[2026-05-01 20:49:26,310][src.modRNN.training.common][INFO] - train epoch 1525 MSE 0.0036 nMSE 0.0254
[2026-05-01 20:49:26,311][src.modRNN.training.common][INFO] - 	 Starting Epoch: 1526
[2026-05-01 20:49:26,634][src.modRNN.training.common][INFO] - train epoch 1526 MSE 0.0036 nMSE 0.0257
[2026-05-01 20:49:26,679][src.modRNN.training.common][INFO] - eval  epoch 1526 MSE 0.0033 nMSE 0.0233
[2026-05-01 20:49:26,680][src.modRNN.training.common][INFO] - 	 Starting Epoch: 1527
[2026-05-01 20:49:27,002][src.modRNN.training.common][INFO] - train epoch 1527 MSE 0.0033 nMSE 0.0233
[2026-05-01 20:49:27,003][src.modRNN.training.common][INFO] - 	 Starting Epoch: 1528
[2026-05-01 20:49:27,331][src.modRNN.training.common][INFO] - train epoch 1528 MSE 0.0037 nMSE 0.0264
[2026-05-01 20:49:27,332][src.modRNN.training.common][INFO] - 	 Starting Epoch: 1529
[2026-05-01 20:49:27,686][src.modRNN.training.common][INFO] - train epoch 1529 MSE 0.0035 nMSE 0.0251
[2026-05-01 20:49:27,687][src.modRNN.training.common][INFO] - 	 Starting Epoch: 1530
[2026-05-01 20:49:28,021][src.modRNN.training.common][INFO] - train epoch 1530 MSE 0.0041 nMSE 0.0293
[2026-05-01 20:49:28,022][src.modRNN.training.common][INFO] - 	 Starting Epoch: 1531
[2026-05-01 20:49:28,345][src.modRNN.training.common][INFO] - train epoch 1531 MSE 0.0039 nMSE 0.0274
[2026-05-01 20:49:28,346][src.modRNN.training.common][INFO] - 	 Starting Epoch: 1532
[2026-05-01 20:49:28,669][src.modRNN.training.common][INFO] - train epoch 1532 MSE 0.0041 nMSE 0.0293
[2026-05-01 20:49:28,669][src.modRNN.training.common][INFO] - 	 Starting Epoch: 1533
[2026-05-01 20:49:28,992][src.modRNN.training.common][INFO] - train epoch 1533 MSE 0.0037 nMSE 0.0261
[2026-05-01 20:49:28,993][src.modRNN.training.common][INFO] - 	 Starting Epoch: 1534
[2026-05-01 20:49:29,316][src.modRNN.training.common][INFO] - train epoch 1534 MSE 0.0036 nMSE 0.0251
[2026-05-01 20:49:29,316][src.modRNN.training.common][INFO] - 	 Starting Epoch: 1535
[2026-05-01 20:49:29,639][src.modRNN.training.common][INFO] - train epoch 1535 MSE 0.0038 nMSE 0.0266
[2026-05-01 20:49:29,640][src.modRNN.training.common][INFO] - 	 Starting Epoch: 1536
[2026-05-01 20:49:29,963][src.modRNN.training.common][INFO] - train epoch 1536 MSE 0.0031 nMSE 0.0218
[2026-05-01 20:49:29,964][src.modRNN.training.common][INFO] - 	 Starting Epoch: 1537
[2026-05-01 20:49:30,286][src.modRNN.training.common][INFO] - train epoch 1537 MSE 0.0040 nMSE 0.0281
[2026-05-01 20:49:30,287][src.modRNN.training.common][INFO] - 	 Starting Epoch: 1538
[2026-05-01 20:49:30,610][src.modRNN.training.common][INFO] - train epoch 1538 MSE 0.0034 nMSE 0.0239
[2026-05-01 20:49:30,611][src.modRNN.training.common][INFO] - 	 Starting Epoch: 1539
[2026-05-01 20:49:30,934][src.modRNN.training.common][INFO] - train epoch 1539 MSE 0.0035 nMSE 0.0246
[2026-05-01 20:49:30,934][src.modRNN.training.common][INFO] - 	 Starting Epoch: 1540
[2026-05-01 20:49:31,258][src.modRNN.training.common][INFO] - train epoch 1540 MSE 0.0039 nMSE 0.0276
[2026-05-01 20:49:31,258][src.modRNN.training.common][INFO] - 	 Starting Epoch: 1541
[2026-05-01 20:49:31,579][src.modRNN.training.common][INFO] - train epoch 1541 MSE 0.0036 nMSE 0.0256
[2026-05-01 20:49:31,580][src.modRNN.training.common][INFO] - 	 Starting Epoch: 1542
[2026-05-01 20:49:31,902][src.modRNN.training.common][INFO] - train epoch 1542 MSE 0.0032 nMSE 0.0226
[2026-05-01 20:49:31,902][src.modRNN.training.common][INFO] - 	 Starting Epoch: 1543
[2026-05-01 20:49:32,223][src.modRNN.training.common][INFO] - train epoch 1543 MSE 0.0033 nMSE 0.0235
[2026-05-01 20:49:32,224][src.modRNN.training.common][INFO] - 	 Starting Epoch: 1544
[2026-05-01 20:49:32,545][src.modRNN.training.common][INFO] - train epoch 1544 MSE 0.0036 nMSE 0.0256
[2026-05-01 20:49:32,546][src.modRNN.training.common][INFO] - 	 Starting Epoch: 1545
[2026-05-01 20:49:32,866][src.modRNN.training.common][INFO] - train epoch 1545 MSE 0.0035 nMSE 0.0247
[2026-05-01 20:49:32,867][src.modRNN.training.common][INFO] - 	 Starting Epoch: 1546
[2026-05-01 20:49:33,188][src.modRNN.training.common][INFO] - train epoch 1546 MSE 0.0038 nMSE 0.0267
[2026-05-01 20:49:33,189][src.modRNN.training.common][INFO] - 	 Starting Epoch: 1547
[2026-05-01 20:49:33,509][src.modRNN.training.common][INFO] - train epoch 1547 MSE 0.0035 nMSE 0.0250
[2026-05-01 20:49:33,510][src.modRNN.training.common][INFO] - 	 Starting Epoch: 1548
[2026-05-01 20:49:33,831][src.modRNN.training.common][INFO] - train epoch 1548 MSE 0.0041 nMSE 0.0288
[2026-05-01 20:49:33,831][src.modRNN.training.common][INFO] - 	 Starting Epoch: 1549
[2026-05-01 20:49:34,152][src.modRNN.training.common][INFO] - train epoch 1549 MSE 0.0037 nMSE 0.0262
[2026-05-01 20:49:34,153][src.modRNN.training.common][INFO] - 	 Starting Epoch: 1550
[2026-05-01 20:49:34,473][src.modRNN.training.common][INFO] - train epoch 1550 MSE 0.0042 nMSE 0.0294
[2026-05-01 20:49:34,474][src.modRNN.training.common][INFO] - 	 Starting Epoch: 1551
[2026-05-01 20:49:34,795][src.modRNN.training.common][INFO] - train epoch 1551 MSE 0.0038 nMSE 0.0272
[2026-05-01 20:49:34,839][src.modRNN.training.common][INFO] - eval  epoch 1551 MSE 0.0039 nMSE 0.0278
[2026-05-01 20:49:34,840][src.modRNN.training.common][INFO] - 	 Starting Epoch: 1552
[2026-05-01 20:49:35,160][src.modRNN.training.common][INFO] - train epoch 1552 MSE 0.0039 nMSE 0.0278
[2026-05-01 20:49:35,160][src.modRNN.training.common][INFO] - 	 Starting Epoch: 1553
[2026-05-01 20:49:35,481][src.modRNN.training.common][INFO] - train epoch 1553 MSE 0.0036 nMSE 0.0257
[2026-05-01 20:49:35,481][src.modRNN.training.common][INFO] - 	 Starting Epoch: 1554
[2026-05-01 20:49:35,801][src.modRNN.training.common][INFO] - train epoch 1554 MSE 0.0035 nMSE 0.0248
[2026-05-01 20:49:35,802][src.modRNN.training.common][INFO] - 	 Starting Epoch: 1555
[2026-05-01 20:49:36,122][src.modRNN.training.common][INFO] - train epoch 1555 MSE 0.0036 nMSE 0.0254
[2026-05-01 20:49:36,123][src.modRNN.training.common][INFO] - 	 Starting Epoch: 1556
[2026-05-01 20:49:36,442][src.modRNN.training.common][INFO] - train epoch 1556 MSE 0.0042 nMSE 0.0299
[2026-05-01 20:49:36,443][src.modRNN.training.common][INFO] - 	 Starting Epoch: 1557
[2026-05-01 20:49:36,763][src.modRNN.training.common][INFO] - train epoch 1557 MSE 0.0037 nMSE 0.0259
[2026-05-01 20:49:36,764][src.modRNN.training.common][INFO] - 	 Starting Epoch: 1558
[2026-05-01 20:49:37,084][src.modRNN.training.common][INFO] - train epoch 1558 MSE 0.0042 nMSE 0.0300
[2026-05-01 20:49:37,084][src.modRNN.training.common][INFO] - 	 Starting Epoch: 1559
[2026-05-01 20:49:37,404][src.modRNN.training.common][INFO] - train epoch 1559 MSE 0.0036 nMSE 0.0255
[2026-05-01 20:49:37,405][src.modRNN.training.common][INFO] - 	 Starting Epoch: 1560
[2026-05-01 20:49:37,726][src.modRNN.training.common][INFO] - train epoch 1560 MSE 0.0036 nMSE 0.0255
[2026-05-01 20:49:37,726][src.modRNN.training.common][INFO] - 	 Starting Epoch: 1561
[2026-05-01 20:49:38,047][src.modRNN.training.common][INFO] - train epoch 1561 MSE 0.0034 nMSE 0.0238
[2026-05-01 20:49:38,048][src.modRNN.training.common][INFO] - 	 Starting Epoch: 1562
[2026-05-01 20:49:38,368][src.modRNN.training.common][INFO] - train epoch 1562 MSE 0.0031 nMSE 0.0220
[2026-05-01 20:49:38,369][src.modRNN.training.common][INFO] - 	 Starting Epoch: 1563
[2026-05-01 20:49:38,689][src.modRNN.training.common][INFO] - train epoch 1563 MSE 0.0033 nMSE 0.0234
[2026-05-01 20:49:38,690][src.modRNN.training.common][INFO] - 	 Starting Epoch: 1564
[2026-05-01 20:49:39,010][src.modRNN.training.common][INFO] - train epoch 1564 MSE 0.0042 nMSE 0.0294
[2026-05-01 20:49:39,011][src.modRNN.training.common][INFO] - 	 Starting Epoch: 1565
[2026-05-01 20:49:39,332][src.modRNN.training.common][INFO] - train epoch 1565 MSE 0.0036 nMSE 0.0254
[2026-05-01 20:49:39,332][src.modRNN.training.common][INFO] - 	 Starting Epoch: 1566
[2026-05-01 20:49:39,653][src.modRNN.training.common][INFO] - train epoch 1566 MSE 0.0034 nMSE 0.0238
[2026-05-01 20:49:39,654][src.modRNN.training.common][INFO] - 	 Starting Epoch: 1567
[2026-05-01 20:49:39,974][src.modRNN.training.common][INFO] - train epoch 1567 MSE 0.0028 nMSE 0.0201
[2026-05-01 20:49:39,975][src.modRNN.training.common][INFO] - 	 Starting Epoch: 1568
[2026-05-01 20:49:40,296][src.modRNN.training.common][INFO] - train epoch 1568 MSE 0.0038 nMSE 0.0269
[2026-05-01 20:49:40,296][src.modRNN.training.common][INFO] - 	 Starting Epoch: 1569
[2026-05-01 20:49:40,617][src.modRNN.training.common][INFO] - train epoch 1569 MSE 0.0034 nMSE 0.0242
[2026-05-01 20:49:40,618][src.modRNN.training.common][INFO] - 	 Starting Epoch: 1570
[2026-05-01 20:49:40,938][src.modRNN.training.common][INFO] - train epoch 1570 MSE 0.0036 nMSE 0.0256
[2026-05-01 20:49:40,938][src.modRNN.training.common][INFO] - 	 Starting Epoch: 1571
[2026-05-01 20:49:41,259][src.modRNN.training.common][INFO] - train epoch 1571 MSE 0.0039 nMSE 0.0279
[2026-05-01 20:49:41,259][src.modRNN.training.common][INFO] - 	 Starting Epoch: 1572
[2026-05-01 20:49:41,580][src.modRNN.training.common][INFO] - train epoch 1572 MSE 0.0042 nMSE 0.0297
[2026-05-01 20:49:41,581][src.modRNN.training.common][INFO] - 	 Starting Epoch: 1573
[2026-05-01 20:49:41,901][src.modRNN.training.common][INFO] - train epoch 1573 MSE 0.0038 nMSE 0.0266
[2026-05-01 20:49:41,902][src.modRNN.training.common][INFO] - 	 Starting Epoch: 1574
[2026-05-01 20:49:42,223][src.modRNN.training.common][INFO] - train epoch 1574 MSE 0.0037 nMSE 0.0263
[2026-05-01 20:49:42,223][src.modRNN.training.common][INFO] - 	 Starting Epoch: 1575
[2026-05-01 20:49:42,543][src.modRNN.training.common][INFO] - train epoch 1575 MSE 0.0035 nMSE 0.0247
[2026-05-01 20:49:42,544][src.modRNN.training.common][INFO] - 	 Starting Epoch: 1576
[2026-05-01 20:49:42,865][src.modRNN.training.common][INFO] - train epoch 1576 MSE 0.0034 nMSE 0.0242
[2026-05-01 20:49:42,909][src.modRNN.training.common][INFO] - eval  epoch 1576 MSE 0.0038 nMSE 0.0265
[2026-05-01 20:49:42,910][src.modRNN.training.common][INFO] - 	 Starting Epoch: 1577
[2026-05-01 20:49:43,229][src.modRNN.training.common][INFO] - train epoch 1577 MSE 0.0038 nMSE 0.0265
[2026-05-01 20:49:43,230][src.modRNN.training.common][INFO] - 	 Starting Epoch: 1578
[2026-05-01 20:49:43,551][src.modRNN.training.common][INFO] - train epoch 1578 MSE 0.0036 nMSE 0.0255
[2026-05-01 20:49:43,551][src.modRNN.training.common][INFO] - 	 Starting Epoch: 1579
[2026-05-01 20:49:43,872][src.modRNN.training.common][INFO] - train epoch 1579 MSE 0.0034 nMSE 0.0242
[2026-05-01 20:49:43,873][src.modRNN.training.common][INFO] - 	 Starting Epoch: 1580
[2026-05-01 20:49:44,194][src.modRNN.training.common][INFO] - train epoch 1580 MSE 0.0032 nMSE 0.0227
[2026-05-01 20:49:44,195][src.modRNN.training.common][INFO] - 	 Starting Epoch: 1581
[2026-05-01 20:49:44,515][src.modRNN.training.common][INFO] - train epoch 1581 MSE 0.0039 nMSE 0.0274
[2026-05-01 20:49:44,516][src.modRNN.training.common][INFO] - 	 Starting Epoch: 1582
[2026-05-01 20:49:44,837][src.modRNN.training.common][INFO] - train epoch 1582 MSE 0.0030 nMSE 0.0210
[2026-05-01 20:49:44,838][src.modRNN.training.common][INFO] - 	 Starting Epoch: 1583
[2026-05-01 20:49:45,159][src.modRNN.training.common][INFO] - train epoch 1583 MSE 0.0030 nMSE 0.0213
[2026-05-01 20:49:45,160][src.modRNN.training.common][INFO] - 	 Starting Epoch: 1584
[2026-05-01 20:49:45,481][src.modRNN.training.common][INFO] - train epoch 1584 MSE 0.0038 nMSE 0.0270
[2026-05-01 20:49:45,482][src.modRNN.training.common][INFO] - 	 Starting Epoch: 1585
[2026-05-01 20:49:45,802][src.modRNN.training.common][INFO] - train epoch 1585 MSE 0.0031 nMSE 0.0218
[2026-05-01 20:49:45,803][src.modRNN.training.common][INFO] - 	 Starting Epoch: 1586
[2026-05-01 20:49:46,124][src.modRNN.training.common][INFO] - train epoch 1586 MSE 0.0035 nMSE 0.0249
[2026-05-01 20:49:46,125][src.modRNN.training.common][INFO] - 	 Starting Epoch: 1587
[2026-05-01 20:49:46,445][src.modRNN.training.common][INFO] - train epoch 1587 MSE 0.0032 nMSE 0.0229
[2026-05-01 20:49:46,446][src.modRNN.training.common][INFO] - 	 Starting Epoch: 1588
[2026-05-01 20:49:46,767][src.modRNN.training.common][INFO] - train epoch 1588 MSE 0.0043 nMSE 0.0307
[2026-05-01 20:49:46,768][src.modRNN.training.common][INFO] - 	 Starting Epoch: 1589
[2026-05-01 20:49:47,088][src.modRNN.training.common][INFO] - train epoch 1589 MSE 0.0034 nMSE 0.0238
[2026-05-01 20:49:47,089][src.modRNN.training.common][INFO] - 	 Starting Epoch: 1590
[2026-05-01 20:49:47,410][src.modRNN.training.common][INFO] - train epoch 1590 MSE 0.0033 nMSE 0.0236
[2026-05-01 20:49:47,411][src.modRNN.training.common][INFO] - 	 Starting Epoch: 1591
[2026-05-01 20:49:47,731][src.modRNN.training.common][INFO] - train epoch 1591 MSE 0.0031 nMSE 0.0217
[2026-05-01 20:49:47,732][src.modRNN.training.common][INFO] - 	 Starting Epoch: 1592
[2026-05-01 20:49:48,052][src.modRNN.training.common][INFO] - train epoch 1592 MSE 0.0033 nMSE 0.0235
[2026-05-01 20:49:48,053][src.modRNN.training.common][INFO] - 	 Starting Epoch: 1593
[2026-05-01 20:49:48,374][src.modRNN.training.common][INFO] - train epoch 1593 MSE 0.0037 nMSE 0.0260
[2026-05-01 20:49:48,375][src.modRNN.training.common][INFO] - 	 Starting Epoch: 1594
[2026-05-01 20:49:48,695][src.modRNN.training.common][INFO] - train epoch 1594 MSE 0.0038 nMSE 0.0267
[2026-05-01 20:49:48,696][src.modRNN.training.common][INFO] - 	 Starting Epoch: 1595
[2026-05-01 20:49:49,017][src.modRNN.training.common][INFO] - train epoch 1595 MSE 0.0034 nMSE 0.0240
[2026-05-01 20:49:49,017][src.modRNN.training.common][INFO] - 	 Starting Epoch: 1596
[2026-05-01 20:49:49,338][src.modRNN.training.common][INFO] - train epoch 1596 MSE 0.0030 nMSE 0.0216
[2026-05-01 20:49:49,339][src.modRNN.training.common][INFO] - 	 Starting Epoch: 1597
[2026-05-01 20:49:49,659][src.modRNN.training.common][INFO] - train epoch 1597 MSE 0.0038 nMSE 0.0266
[2026-05-01 20:49:49,660][src.modRNN.training.common][INFO] - 	 Starting Epoch: 1598
[2026-05-01 20:49:49,981][src.modRNN.training.common][INFO] - train epoch 1598 MSE 0.0031 nMSE 0.0222
[2026-05-01 20:49:49,982][src.modRNN.training.common][INFO] - 	 Starting Epoch: 1599
[2026-05-01 20:49:50,302][src.modRNN.training.common][INFO] - train epoch 1599 MSE 0.0032 nMSE 0.0223
[2026-05-01 20:49:50,303][src.modRNN.training.common][INFO] - 	 Starting Epoch: 1600
[2026-05-01 20:49:50,624][src.modRNN.training.common][INFO] - train epoch 1600 MSE 0.0030 nMSE 0.0214
[2026-05-01 20:49:50,624][src.modRNN.training.common][INFO] - 	 Starting Epoch: 1601
[2026-05-01 20:49:50,945][src.modRNN.training.common][INFO] - train epoch 1601 MSE 0.0035 nMSE 0.0247
[2026-05-01 20:49:50,990][src.modRNN.training.common][INFO] - eval  epoch 1601 MSE 0.0035 nMSE 0.0247
[2026-05-01 20:49:50,990][src.modRNN.training.common][INFO] - 	 Starting Epoch: 1602
[2026-05-01 20:49:51,310][src.modRNN.training.common][INFO] - train epoch 1602 MSE 0.0035 nMSE 0.0247
[2026-05-01 20:49:51,311][src.modRNN.training.common][INFO] - 	 Starting Epoch: 1603
[2026-05-01 20:49:51,631][src.modRNN.training.common][INFO] - train epoch 1603 MSE 0.0033 nMSE 0.0236
[2026-05-01 20:49:51,632][src.modRNN.training.common][INFO] - 	 Starting Epoch: 1604
[2026-05-01 20:49:51,952][src.modRNN.training.common][INFO] - train epoch 1604 MSE 0.0036 nMSE 0.0251
[2026-05-01 20:49:51,953][src.modRNN.training.common][INFO] - 	 Starting Epoch: 1605
[2026-05-01 20:49:52,274][src.modRNN.training.common][INFO] - train epoch 1605 MSE 0.0031 nMSE 0.0221
[2026-05-01 20:49:52,275][src.modRNN.training.common][INFO] - 	 Starting Epoch: 1606
[2026-05-01 20:49:52,596][src.modRNN.training.common][INFO] - train epoch 1606 MSE 0.0032 nMSE 0.0227
[2026-05-01 20:49:52,597][src.modRNN.training.common][INFO] - 	 Starting Epoch: 1607
[2026-05-01 20:49:52,917][src.modRNN.training.common][INFO] - train epoch 1607 MSE 0.0035 nMSE 0.0250
[2026-05-01 20:49:52,918][src.modRNN.training.common][INFO] - 	 Starting Epoch: 1608
[2026-05-01 20:49:53,238][src.modRNN.training.common][INFO] - train epoch 1608 MSE 0.0037 nMSE 0.0259
[2026-05-01 20:49:53,239][src.modRNN.training.common][INFO] - 	 Starting Epoch: 1609
[2026-05-01 20:49:53,559][src.modRNN.training.common][INFO] - train epoch 1609 MSE 0.0034 nMSE 0.0243
[2026-05-01 20:49:53,560][src.modRNN.training.common][INFO] - 	 Starting Epoch: 1610
[2026-05-01 20:49:53,881][src.modRNN.training.common][INFO] - train epoch 1610 MSE 0.0030 nMSE 0.0209
[2026-05-01 20:49:53,882][src.modRNN.training.common][INFO] - 	 Starting Epoch: 1611
[2026-05-01 20:49:54,202][src.modRNN.training.common][INFO] - train epoch 1611 MSE 0.0045 nMSE 0.0315
[2026-05-01 20:49:54,203][src.modRNN.training.common][INFO] - 	 Starting Epoch: 1612
[2026-05-01 20:49:54,523][src.modRNN.training.common][INFO] - train epoch 1612 MSE 0.0032 nMSE 0.0224
[2026-05-01 20:49:54,524][src.modRNN.training.common][INFO] - 	 Starting Epoch: 1613
[2026-05-01 20:49:54,844][src.modRNN.training.common][INFO] - train epoch 1613 MSE 0.0033 nMSE 0.0237
[2026-05-01 20:49:54,844][src.modRNN.training.common][INFO] - 	 Starting Epoch: 1614
[2026-05-01 20:49:55,165][src.modRNN.training.common][INFO] - train epoch 1614 MSE 0.0042 nMSE 0.0294
[2026-05-01 20:49:55,166][src.modRNN.training.common][INFO] - 	 Starting Epoch: 1615
[2026-05-01 20:49:55,486][src.modRNN.training.common][INFO] - train epoch 1615 MSE 0.0035 nMSE 0.0247
[2026-05-01 20:49:55,487][src.modRNN.training.common][INFO] - 	 Starting Epoch: 1616
[2026-05-01 20:49:55,808][src.modRNN.training.common][INFO] - train epoch 1616 MSE 0.0035 nMSE 0.0244
[2026-05-01 20:49:55,809][src.modRNN.training.common][INFO] - 	 Starting Epoch: 1617
[2026-05-01 20:49:56,130][src.modRNN.training.common][INFO] - train epoch 1617 MSE 0.0032 nMSE 0.0225
[2026-05-01 20:49:56,130][src.modRNN.training.common][INFO] - 	 Starting Epoch: 1618
[2026-05-01 20:49:56,451][src.modRNN.training.common][INFO] - train epoch 1618 MSE 0.0032 nMSE 0.0226
[2026-05-01 20:49:56,452][src.modRNN.training.common][INFO] - 	 Starting Epoch: 1619
[2026-05-01 20:49:56,772][src.modRNN.training.common][INFO] - train epoch 1619 MSE 0.0035 nMSE 0.0246
[2026-05-01 20:49:56,773][src.modRNN.training.common][INFO] - 	 Starting Epoch: 1620
[2026-05-01 20:49:57,093][src.modRNN.training.common][INFO] - train epoch 1620 MSE 0.0042 nMSE 0.0297
[2026-05-01 20:49:57,094][src.modRNN.training.common][INFO] - 	 Starting Epoch: 1621
[2026-05-01 20:49:57,414][src.modRNN.training.common][INFO] - train epoch 1621 MSE 0.0029 nMSE 0.0208
[2026-05-01 20:49:57,415][src.modRNN.training.common][INFO] - 	 Starting Epoch: 1622
[2026-05-01 20:49:57,735][src.modRNN.training.common][INFO] - train epoch 1622 MSE 0.0032 nMSE 0.0226
[2026-05-01 20:49:57,736][src.modRNN.training.common][INFO] - 	 Starting Epoch: 1623
[2026-05-01 20:49:58,056][src.modRNN.training.common][INFO] - train epoch 1623 MSE 0.0034 nMSE 0.0240
[2026-05-01 20:49:58,057][src.modRNN.training.common][INFO] - 	 Starting Epoch: 1624
[2026-05-01 20:49:58,378][src.modRNN.training.common][INFO] - train epoch 1624 MSE 0.0030 nMSE 0.0211
[2026-05-01 20:49:58,378][src.modRNN.training.common][INFO] - 	 Starting Epoch: 1625
[2026-05-01 20:49:58,698][src.modRNN.training.common][INFO] - train epoch 1625 MSE 0.0040 nMSE 0.0284
[2026-05-01 20:49:58,699][src.modRNN.training.common][INFO] - 	 Starting Epoch: 1626
[2026-05-01 20:49:59,019][src.modRNN.training.common][INFO] - train epoch 1626 MSE 0.0033 nMSE 0.0231
[2026-05-01 20:49:59,064][src.modRNN.training.common][INFO] - eval  epoch 1626 MSE 0.0037 nMSE 0.0264
[2026-05-01 20:49:59,065][src.modRNN.training.common][INFO] - 	 Starting Epoch: 1627
[2026-05-01 20:49:59,384][src.modRNN.training.common][INFO] - train epoch 1627 MSE 0.0037 nMSE 0.0264
[2026-05-01 20:49:59,385][src.modRNN.training.common][INFO] - 	 Starting Epoch: 1628
[2026-05-01 20:49:59,705][src.modRNN.training.common][INFO] - train epoch 1628 MSE 0.0034 nMSE 0.0239
[2026-05-01 20:49:59,706][src.modRNN.training.common][INFO] - 	 Starting Epoch: 1629
[2026-05-01 20:50:00,026][src.modRNN.training.common][INFO] - train epoch 1629 MSE 0.0042 nMSE 0.0298
[2026-05-01 20:50:00,027][src.modRNN.training.common][INFO] - 	 Starting Epoch: 1630
[2026-05-01 20:50:00,348][src.modRNN.training.common][INFO] - train epoch 1630 MSE 0.0037 nMSE 0.0260
[2026-05-01 20:50:00,349][src.modRNN.training.common][INFO] - 	 Starting Epoch: 1631
[2026-05-01 20:50:00,669][src.modRNN.training.common][INFO] - train epoch 1631 MSE 0.0039 nMSE 0.0276
[2026-05-01 20:50:00,670][src.modRNN.training.common][INFO] - 	 Starting Epoch: 1632
[2026-05-01 20:50:00,991][src.modRNN.training.common][INFO] - train epoch 1632 MSE 0.0035 nMSE 0.0251
[2026-05-01 20:50:00,991][src.modRNN.training.common][INFO] - 	 Starting Epoch: 1633
[2026-05-01 20:50:01,312][src.modRNN.training.common][INFO] - train epoch 1633 MSE 0.0047 nMSE 0.0329
[2026-05-01 20:50:01,312][src.modRNN.training.common][INFO] - 	 Starting Epoch: 1634
[2026-05-01 20:50:01,633][src.modRNN.training.common][INFO] - train epoch 1634 MSE 0.0056 nMSE 0.0397
[2026-05-01 20:50:01,634][src.modRNN.training.common][INFO] - 	 Starting Epoch: 1635
[2026-05-01 20:50:01,954][src.modRNN.training.common][INFO] - train epoch 1635 MSE 0.0031 nMSE 0.0218
[2026-05-01 20:50:01,955][src.modRNN.training.common][INFO] - 	 Starting Epoch: 1636
[2026-05-01 20:50:02,303][src.modRNN.training.common][INFO] - train epoch 1636 MSE 0.0035 nMSE 0.0248
[2026-05-01 20:50:02,304][src.modRNN.training.common][INFO] - 	 Starting Epoch: 1637
[2026-05-01 20:50:02,627][src.modRNN.training.common][INFO] - train epoch 1637 MSE 0.0034 nMSE 0.0244
[2026-05-01 20:50:02,628][src.modRNN.training.common][INFO] - 	 Starting Epoch: 1638
[2026-05-01 20:50:02,951][src.modRNN.training.common][INFO] - train epoch 1638 MSE 0.0033 nMSE 0.0237
[2026-05-01 20:50:02,952][src.modRNN.training.common][INFO] - 	 Starting Epoch: 1639
[2026-05-01 20:50:03,275][src.modRNN.training.common][INFO] - train epoch 1639 MSE 0.0036 nMSE 0.0256
[2026-05-01 20:50:03,275][src.modRNN.training.common][INFO] - 	 Starting Epoch: 1640
[2026-05-01 20:50:03,598][src.modRNN.training.common][INFO] - train epoch 1640 MSE 0.0031 nMSE 0.0217
[2026-05-01 20:50:03,599][src.modRNN.training.common][INFO] - 	 Starting Epoch: 1641
[2026-05-01 20:50:03,922][src.modRNN.training.common][INFO] - train epoch 1641 MSE 0.0039 nMSE 0.0279
[2026-05-01 20:50:03,923][src.modRNN.training.common][INFO] - 	 Starting Epoch: 1642
[2026-05-01 20:50:04,246][src.modRNN.training.common][INFO] - train epoch 1642 MSE 0.0036 nMSE 0.0256
[2026-05-01 20:50:04,246][src.modRNN.training.common][INFO] - 	 Starting Epoch: 1643
[2026-05-01 20:50:04,569][src.modRNN.training.common][INFO] - train epoch 1643 MSE 0.0047 nMSE 0.0329
[2026-05-01 20:50:04,570][src.modRNN.training.common][INFO] - 	 Starting Epoch: 1644
[2026-05-01 20:50:04,892][src.modRNN.training.common][INFO] - train epoch 1644 MSE 0.0031 nMSE 0.0217
[2026-05-01 20:50:04,893][src.modRNN.training.common][INFO] - 	 Starting Epoch: 1645
[2026-05-01 20:50:05,216][src.modRNN.training.common][INFO] - train epoch 1645 MSE 0.0032 nMSE 0.0224
[2026-05-01 20:50:05,217][src.modRNN.training.common][INFO] - 	 Starting Epoch: 1646
[2026-05-01 20:50:05,539][src.modRNN.training.common][INFO] - train epoch 1646 MSE 0.0035 nMSE 0.0248
[2026-05-01 20:50:05,540][src.modRNN.training.common][INFO] - 	 Starting Epoch: 1647
[2026-05-01 20:50:05,863][src.modRNN.training.common][INFO] - train epoch 1647 MSE 0.0036 nMSE 0.0254
[2026-05-01 20:50:05,864][src.modRNN.training.common][INFO] - 	 Starting Epoch: 1648
[2026-05-01 20:50:06,186][src.modRNN.training.common][INFO] - train epoch 1648 MSE 0.0036 nMSE 0.0258
[2026-05-01 20:50:06,187][src.modRNN.training.common][INFO] - 	 Starting Epoch: 1649
[2026-05-01 20:50:06,510][src.modRNN.training.common][INFO] - train epoch 1649 MSE 0.0037 nMSE 0.0265
[2026-05-01 20:50:06,510][src.modRNN.training.common][INFO] - 	 Starting Epoch: 1650
[2026-05-01 20:50:06,833][src.modRNN.training.common][INFO] - train epoch 1650 MSE 0.0036 nMSE 0.0255
[2026-05-01 20:50:06,834][src.modRNN.training.common][INFO] - 	 Starting Epoch: 1651
[2026-05-01 20:50:07,157][src.modRNN.training.common][INFO] - train epoch 1651 MSE 0.0038 nMSE 0.0268
[2026-05-01 20:50:07,202][src.modRNN.training.common][INFO] - eval  epoch 1651 MSE 0.0034 nMSE 0.0240
[2026-05-01 20:50:07,202][src.modRNN.training.common][INFO] - 	 Starting Epoch: 1652
[2026-05-01 20:50:07,524][src.modRNN.training.common][INFO] - train epoch 1652 MSE 0.0034 nMSE 0.0240
[2026-05-01 20:50:07,525][src.modRNN.training.common][INFO] - 	 Starting Epoch: 1653
[2026-05-01 20:50:07,847][src.modRNN.training.common][INFO] - train epoch 1653 MSE 0.0037 nMSE 0.0260
[2026-05-01 20:50:07,848][src.modRNN.training.common][INFO] - 	 Starting Epoch: 1654
[2026-05-01 20:50:08,171][src.modRNN.training.common][INFO] - train epoch 1654 MSE 0.0039 nMSE 0.0278
[2026-05-01 20:50:08,171][src.modRNN.training.common][INFO] - 	 Starting Epoch: 1655
[2026-05-01 20:50:08,494][src.modRNN.training.common][INFO] - train epoch 1655 MSE 0.0029 nMSE 0.0208
[2026-05-01 20:50:08,495][src.modRNN.training.common][INFO] - 	 Starting Epoch: 1656
[2026-05-01 20:50:08,817][src.modRNN.training.common][INFO] - train epoch 1656 MSE 0.0042 nMSE 0.0299
[2026-05-01 20:50:08,818][src.modRNN.training.common][INFO] - 	 Starting Epoch: 1657
[2026-05-01 20:50:09,140][src.modRNN.training.common][INFO] - train epoch 1657 MSE 0.0033 nMSE 0.0233
[2026-05-01 20:50:09,141][src.modRNN.training.common][INFO] - 	 Starting Epoch: 1658
[2026-05-01 20:50:09,463][src.modRNN.training.common][INFO] - train epoch 1658 MSE 0.0035 nMSE 0.0245
[2026-05-01 20:50:09,464][src.modRNN.training.common][INFO] - 	 Starting Epoch: 1659
[2026-05-01 20:50:09,786][src.modRNN.training.common][INFO] - train epoch 1659 MSE 0.0052 nMSE 0.0365
[2026-05-01 20:50:09,786][src.modRNN.training.common][INFO] - 	 Starting Epoch: 1660
[2026-05-01 20:50:10,109][src.modRNN.training.common][INFO] - train epoch 1660 MSE 0.0034 nMSE 0.0244
[2026-05-01 20:50:10,110][src.modRNN.training.common][INFO] - 	 Starting Epoch: 1661
[2026-05-01 20:50:10,432][src.modRNN.training.common][INFO] - train epoch 1661 MSE 0.0036 nMSE 0.0252
[2026-05-01 20:50:10,432][src.modRNN.training.common][INFO] - 	 Starting Epoch: 1662
[2026-05-01 20:50:10,755][src.modRNN.training.common][INFO] - train epoch 1662 MSE 0.0034 nMSE 0.0242
[2026-05-01 20:50:10,756][src.modRNN.training.common][INFO] - 	 Starting Epoch: 1663
[2026-05-01 20:50:11,078][src.modRNN.training.common][INFO] - train epoch 1663 MSE 0.0034 nMSE 0.0241
[2026-05-01 20:50:11,079][src.modRNN.training.common][INFO] - 	 Starting Epoch: 1664
[2026-05-01 20:50:11,402][src.modRNN.training.common][INFO] - train epoch 1664 MSE 0.0034 nMSE 0.0237
[2026-05-01 20:50:11,403][src.modRNN.training.common][INFO] - 	 Starting Epoch: 1665
[2026-05-01 20:50:11,725][src.modRNN.training.common][INFO] - train epoch 1665 MSE 0.0048 nMSE 0.0338
[2026-05-01 20:50:11,726][src.modRNN.training.common][INFO] - 	 Starting Epoch: 1666
[2026-05-01 20:50:12,048][src.modRNN.training.common][INFO] - train epoch 1666 MSE 0.0043 nMSE 0.0307
[2026-05-01 20:50:12,049][src.modRNN.training.common][INFO] - 	 Starting Epoch: 1667
[2026-05-01 20:50:12,371][src.modRNN.training.common][INFO] - train epoch 1667 MSE 0.0038 nMSE 0.0266
[2026-05-01 20:50:12,371][src.modRNN.training.common][INFO] - 	 Starting Epoch: 1668
[2026-05-01 20:50:12,694][src.modRNN.training.common][INFO] - train epoch 1668 MSE 0.0035 nMSE 0.0245
[2026-05-01 20:50:12,695][src.modRNN.training.common][INFO] - 	 Starting Epoch: 1669
[2026-05-01 20:50:13,017][src.modRNN.training.common][INFO] - train epoch 1669 MSE 0.0030 nMSE 0.0215
[2026-05-01 20:50:13,017][src.modRNN.training.common][INFO] - 	 Starting Epoch: 1670
[2026-05-01 20:50:13,340][src.modRNN.training.common][INFO] - train epoch 1670 MSE 0.0038 nMSE 0.0271
[2026-05-01 20:50:13,340][src.modRNN.training.common][INFO] - 	 Starting Epoch: 1671
[2026-05-01 20:50:13,663][src.modRNN.training.common][INFO] - train epoch 1671 MSE 0.0033 nMSE 0.0231
[2026-05-01 20:50:13,663][src.modRNN.training.common][INFO] - 	 Starting Epoch: 1672
[2026-05-01 20:50:13,986][src.modRNN.training.common][INFO] - train epoch 1672 MSE 0.0038 nMSE 0.0267
[2026-05-01 20:50:13,987][src.modRNN.training.common][INFO] - 	 Starting Epoch: 1673
[2026-05-01 20:50:14,309][src.modRNN.training.common][INFO] - train epoch 1673 MSE 0.0037 nMSE 0.0258
[2026-05-01 20:50:14,309][src.modRNN.training.common][INFO] - 	 Starting Epoch: 1674
[2026-05-01 20:50:14,632][src.modRNN.training.common][INFO] - train epoch 1674 MSE 0.0041 nMSE 0.0292
[2026-05-01 20:50:14,633][src.modRNN.training.common][INFO] - 	 Starting Epoch: 1675
[2026-05-01 20:50:14,955][src.modRNN.training.common][INFO] - train epoch 1675 MSE 0.0037 nMSE 0.0264
[2026-05-01 20:50:14,956][src.modRNN.training.common][INFO] - 	 Starting Epoch: 1676
[2026-05-01 20:50:15,278][src.modRNN.training.common][INFO] - train epoch 1676 MSE 0.0038 nMSE 0.0266
[2026-05-01 20:50:15,323][src.modRNN.training.common][INFO] - eval  epoch 1676 MSE 0.0034 nMSE 0.0242
[2026-05-01 20:50:15,324][src.modRNN.training.common][INFO] - 	 Starting Epoch: 1677
[2026-05-01 20:50:15,646][src.modRNN.training.common][INFO] - train epoch 1677 MSE 0.0034 nMSE 0.0242
[2026-05-01 20:50:15,646][src.modRNN.training.common][INFO] - 	 Starting Epoch: 1678
[2026-05-01 20:50:15,969][src.modRNN.training.common][INFO] - train epoch 1678 MSE 0.0041 nMSE 0.0291
[2026-05-01 20:50:15,970][src.modRNN.training.common][INFO] - 	 Starting Epoch: 1679
[2026-05-01 20:50:16,292][src.modRNN.training.common][INFO] - train epoch 1679 MSE 0.0032 nMSE 0.0228
[2026-05-01 20:50:16,293][src.modRNN.training.common][INFO] - 	 Starting Epoch: 1680
[2026-05-01 20:50:16,616][src.modRNN.training.common][INFO] - train epoch 1680 MSE 0.0040 nMSE 0.0281
[2026-05-01 20:50:16,617][src.modRNN.training.common][INFO] - 	 Starting Epoch: 1681
[2026-05-01 20:50:16,939][src.modRNN.training.common][INFO] - train epoch 1681 MSE 0.0034 nMSE 0.0241
[2026-05-01 20:50:16,940][src.modRNN.training.common][INFO] - 	 Starting Epoch: 1682
[2026-05-01 20:50:17,263][src.modRNN.training.common][INFO] - train epoch 1682 MSE 0.0037 nMSE 0.0264
[2026-05-01 20:50:17,264][src.modRNN.training.common][INFO] - 	 Starting Epoch: 1683
[2026-05-01 20:50:17,586][src.modRNN.training.common][INFO] - train epoch 1683 MSE 0.0032 nMSE 0.0227
[2026-05-01 20:50:17,587][src.modRNN.training.common][INFO] - 	 Starting Epoch: 1684
[2026-05-01 20:50:17,910][src.modRNN.training.common][INFO] - train epoch 1684 MSE 0.0034 nMSE 0.0241
[2026-05-01 20:50:17,911][src.modRNN.training.common][INFO] - 	 Starting Epoch: 1685
[2026-05-01 20:50:18,233][src.modRNN.training.common][INFO] - train epoch 1685 MSE 0.0033 nMSE 0.0232
[2026-05-01 20:50:18,234][src.modRNN.training.common][INFO] - 	 Starting Epoch: 1686
[2026-05-01 20:50:18,556][src.modRNN.training.common][INFO] - train epoch 1686 MSE 0.0036 nMSE 0.0251
[2026-05-01 20:50:18,557][src.modRNN.training.common][INFO] - 	 Starting Epoch: 1687
[2026-05-01 20:50:18,880][src.modRNN.training.common][INFO] - train epoch 1687 MSE 0.0031 nMSE 0.0221
[2026-05-01 20:50:18,881][src.modRNN.training.common][INFO] - 	 Starting Epoch: 1688
[2026-05-01 20:50:19,204][src.modRNN.training.common][INFO] - train epoch 1688 MSE 0.0034 nMSE 0.0241
[2026-05-01 20:50:19,205][src.modRNN.training.common][INFO] - 	 Starting Epoch: 1689
[2026-05-01 20:50:19,528][src.modRNN.training.common][INFO] - train epoch 1689 MSE 0.0033 nMSE 0.0236
[2026-05-01 20:50:19,528][src.modRNN.training.common][INFO] - 	 Starting Epoch: 1690
[2026-05-01 20:50:19,852][src.modRNN.training.common][INFO] - train epoch 1690 MSE 0.0042 nMSE 0.0295
[2026-05-01 20:50:19,852][src.modRNN.training.common][INFO] - 	 Starting Epoch: 1691
[2026-05-01 20:50:20,175][src.modRNN.training.common][INFO] - train epoch 1691 MSE 0.0033 nMSE 0.0231
[2026-05-01 20:50:20,176][src.modRNN.training.common][INFO] - 	 Starting Epoch: 1692
[2026-05-01 20:50:20,499][src.modRNN.training.common][INFO] - train epoch 1692 MSE 0.0032 nMSE 0.0229
[2026-05-01 20:50:20,500][src.modRNN.training.common][INFO] - 	 Starting Epoch: 1693
[2026-05-01 20:50:20,823][src.modRNN.training.common][INFO] - train epoch 1693 MSE 0.0031 nMSE 0.0219
[2026-05-01 20:50:20,824][src.modRNN.training.common][INFO] - 	 Starting Epoch: 1694
[2026-05-01 20:50:21,147][src.modRNN.training.common][INFO] - train epoch 1694 MSE 0.0034 nMSE 0.0238
[2026-05-01 20:50:21,148][src.modRNN.training.common][INFO] - 	 Starting Epoch: 1695
[2026-05-01 20:50:21,471][src.modRNN.training.common][INFO] - train epoch 1695 MSE 0.0033 nMSE 0.0231
[2026-05-01 20:50:21,472][src.modRNN.training.common][INFO] - 	 Starting Epoch: 1696
[2026-05-01 20:50:21,794][src.modRNN.training.common][INFO] - train epoch 1696 MSE 0.0031 nMSE 0.0222
[2026-05-01 20:50:21,795][src.modRNN.training.common][INFO] - 	 Starting Epoch: 1697
[2026-05-01 20:50:22,118][src.modRNN.training.common][INFO] - train epoch 1697 MSE 0.0033 nMSE 0.0231
[2026-05-01 20:50:22,119][src.modRNN.training.common][INFO] - 	 Starting Epoch: 1698
[2026-05-01 20:50:22,442][src.modRNN.training.common][INFO] - train epoch 1698 MSE 0.0030 nMSE 0.0213
[2026-05-01 20:50:22,443][src.modRNN.training.common][INFO] - 	 Starting Epoch: 1699
[2026-05-01 20:50:22,766][src.modRNN.training.common][INFO] - train epoch 1699 MSE 0.0032 nMSE 0.0228
[2026-05-01 20:50:22,766][src.modRNN.training.common][INFO] - 	 Starting Epoch: 1700
[2026-05-01 20:50:23,088][src.modRNN.training.common][INFO] - train epoch 1700 MSE 0.0034 nMSE 0.0239
[2026-05-01 20:50:23,089][src.modRNN.training.common][INFO] - 	 Starting Epoch: 1701
[2026-05-01 20:50:23,411][src.modRNN.training.common][INFO] - train epoch 1701 MSE 0.0029 nMSE 0.0203
[2026-05-01 20:50:23,456][src.modRNN.training.common][INFO] - eval  epoch 1701 MSE 0.0030 nMSE 0.0214
[2026-05-01 20:50:23,456][src.modRNN.training.common][INFO] - 	 Starting Epoch: 1702
[2026-05-01 20:50:23,777][src.modRNN.training.common][INFO] - train epoch 1702 MSE 0.0030 nMSE 0.0214
[2026-05-01 20:50:23,778][src.modRNN.training.common][INFO] - 	 Starting Epoch: 1703
[2026-05-01 20:50:24,100][src.modRNN.training.common][INFO] - train epoch 1703 MSE 0.0032 nMSE 0.0228
[2026-05-01 20:50:24,101][src.modRNN.training.common][INFO] - 	 Starting Epoch: 1704
[2026-05-01 20:50:24,423][src.modRNN.training.common][INFO] - train epoch 1704 MSE 0.0030 nMSE 0.0215
[2026-05-01 20:50:24,424][src.modRNN.training.common][INFO] - 	 Starting Epoch: 1705
[2026-05-01 20:50:24,746][src.modRNN.training.common][INFO] - train epoch 1705 MSE 0.0030 nMSE 0.0213
[2026-05-01 20:50:24,747][src.modRNN.training.common][INFO] - 	 Starting Epoch: 1706
[2026-05-01 20:50:25,068][src.modRNN.training.common][INFO] - train epoch 1706 MSE 0.0032 nMSE 0.0228
[2026-05-01 20:50:25,069][src.modRNN.training.common][INFO] - 	 Starting Epoch: 1707
[2026-05-01 20:50:25,390][src.modRNN.training.common][INFO] - train epoch 1707 MSE 0.0032 nMSE 0.0226
[2026-05-01 20:50:25,391][src.modRNN.training.common][INFO] - 	 Starting Epoch: 1708
[2026-05-01 20:50:25,713][src.modRNN.training.common][INFO] - train epoch 1708 MSE 0.0033 nMSE 0.0231
[2026-05-01 20:50:25,714][src.modRNN.training.common][INFO] - 	 Starting Epoch: 1709
[2026-05-01 20:50:26,036][src.modRNN.training.common][INFO] - train epoch 1709 MSE 0.0034 nMSE 0.0239
[2026-05-01 20:50:26,037][src.modRNN.training.common][INFO] - 	 Starting Epoch: 1710
[2026-05-01 20:50:26,359][src.modRNN.training.common][INFO] - train epoch 1710 MSE 0.0027 nMSE 0.0192
[2026-05-01 20:50:26,359][src.modRNN.training.common][INFO] - 	 Starting Epoch: 1711
[2026-05-01 20:50:26,681][src.modRNN.training.common][INFO] - train epoch 1711 MSE 0.0031 nMSE 0.0220
[2026-05-01 20:50:26,681][src.modRNN.training.common][INFO] - 	 Starting Epoch: 1712
[2026-05-01 20:50:27,003][src.modRNN.training.common][INFO] - train epoch 1712 MSE 0.0030 nMSE 0.0214
[2026-05-01 20:50:27,004][src.modRNN.training.common][INFO] - 	 Starting Epoch: 1713
[2026-05-01 20:50:27,330][src.modRNN.training.common][INFO] - train epoch 1713 MSE 0.0033 nMSE 0.0236
[2026-05-01 20:50:27,331][src.modRNN.training.common][INFO] - 	 Starting Epoch: 1714
[2026-05-01 20:50:27,689][src.modRNN.training.common][INFO] - train epoch 1714 MSE 0.0030 nMSE 0.0213
[2026-05-01 20:50:27,691][src.modRNN.training.common][INFO] - 	 Starting Epoch: 1715
[2026-05-01 20:50:28,049][src.modRNN.training.common][INFO] - train epoch 1715 MSE 0.0032 nMSE 0.0226
[2026-05-01 20:50:28,050][src.modRNN.training.common][INFO] - 	 Starting Epoch: 1716
[2026-05-01 20:50:28,373][src.modRNN.training.common][INFO] - train epoch 1716 MSE 0.0032 nMSE 0.0225
[2026-05-01 20:50:28,374][src.modRNN.training.common][INFO] - 	 Starting Epoch: 1717
[2026-05-01 20:50:28,698][src.modRNN.training.common][INFO] - train epoch 1717 MSE 0.0033 nMSE 0.0233
[2026-05-01 20:50:28,699][src.modRNN.training.common][INFO] - 	 Starting Epoch: 1718
[2026-05-01 20:50:29,022][src.modRNN.training.common][INFO] - train epoch 1718 MSE 0.0040 nMSE 0.0286
[2026-05-01 20:50:29,022][src.modRNN.training.common][INFO] - 	 Starting Epoch: 1719
[2026-05-01 20:50:29,344][src.modRNN.training.common][INFO] - train epoch 1719 MSE 0.0031 nMSE 0.0221
[2026-05-01 20:50:29,344][src.modRNN.training.common][INFO] - 	 Starting Epoch: 1720
[2026-05-01 20:50:29,666][src.modRNN.training.common][INFO] - train epoch 1720 MSE 0.0041 nMSE 0.0287
[2026-05-01 20:50:29,666][src.modRNN.training.common][INFO] - 	 Starting Epoch: 1721
[2026-05-01 20:50:29,988][src.modRNN.training.common][INFO] - train epoch 1721 MSE 0.0028 nMSE 0.0201
[2026-05-01 20:50:29,988][src.modRNN.training.common][INFO] - 	 Starting Epoch: 1722
[2026-05-01 20:50:30,310][src.modRNN.training.common][INFO] - train epoch 1722 MSE 0.0047 nMSE 0.0334
[2026-05-01 20:50:30,311][src.modRNN.training.common][INFO] - 	 Starting Epoch: 1723
[2026-05-01 20:50:30,634][src.modRNN.training.common][INFO] - train epoch 1723 MSE 0.0033 nMSE 0.0231
[2026-05-01 20:50:30,634][src.modRNN.training.common][INFO] - 	 Starting Epoch: 1724
[2026-05-01 20:50:30,956][src.modRNN.training.common][INFO] - train epoch 1724 MSE 0.0045 nMSE 0.0319
[2026-05-01 20:50:30,956][src.modRNN.training.common][INFO] - 	 Starting Epoch: 1725
[2026-05-01 20:50:31,277][src.modRNN.training.common][INFO] - train epoch 1725 MSE 0.0033 nMSE 0.0235
[2026-05-01 20:50:31,278][src.modRNN.training.common][INFO] - 	 Starting Epoch: 1726
[2026-05-01 20:50:31,596][src.modRNN.training.common][INFO] - train epoch 1726 MSE 0.0037 nMSE 0.0263
[2026-05-01 20:50:31,640][src.modRNN.training.common][INFO] - eval  epoch 1726 MSE 0.0030 nMSE 0.0212
[2026-05-01 20:50:31,641][src.modRNN.training.common][INFO] - 	 Starting Epoch: 1727
[2026-05-01 20:50:31,960][src.modRNN.training.common][INFO] - train epoch 1727 MSE 0.0030 nMSE 0.0212
[2026-05-01 20:50:31,961][src.modRNN.training.common][INFO] - 	 Starting Epoch: 1728
[2026-05-01 20:50:32,284][src.modRNN.training.common][INFO] - train epoch 1728 MSE 0.0055 nMSE 0.0386
[2026-05-01 20:50:32,285][src.modRNN.training.common][INFO] - 	 Starting Epoch: 1729
[2026-05-01 20:50:32,606][src.modRNN.training.common][INFO] - train epoch 1729 MSE 0.0030 nMSE 0.0209
[2026-05-01 20:50:32,607][src.modRNN.training.common][INFO] - 	 Starting Epoch: 1730
[2026-05-01 20:50:32,929][src.modRNN.training.common][INFO] - train epoch 1730 MSE 0.0033 nMSE 0.0235
[2026-05-01 20:50:32,930][src.modRNN.training.common][INFO] - 	 Starting Epoch: 1731
[2026-05-01 20:50:33,251][src.modRNN.training.common][INFO] - train epoch 1731 MSE 0.0034 nMSE 0.0244
[2026-05-01 20:50:33,252][src.modRNN.training.common][INFO] - 	 Starting Epoch: 1732
[2026-05-01 20:50:33,573][src.modRNN.training.common][INFO] - train epoch 1732 MSE 0.0039 nMSE 0.0277
[2026-05-01 20:50:33,574][src.modRNN.training.common][INFO] - 	 Starting Epoch: 1733
[2026-05-01 20:50:33,895][src.modRNN.training.common][INFO] - train epoch 1733 MSE 0.0029 nMSE 0.0208
[2026-05-01 20:50:33,896][src.modRNN.training.common][INFO] - 	 Starting Epoch: 1734
[2026-05-01 20:50:34,219][src.modRNN.training.common][INFO] - train epoch 1734 MSE 0.0046 nMSE 0.0324
[2026-05-01 20:50:34,219][src.modRNN.training.common][INFO] - 	 Starting Epoch: 1735
[2026-05-01 20:50:34,541][src.modRNN.training.common][INFO] - train epoch 1735 MSE 0.0031 nMSE 0.0217
[2026-05-01 20:50:34,541][src.modRNN.training.common][INFO] - 	 Starting Epoch: 1736
[2026-05-01 20:50:34,863][src.modRNN.training.common][INFO] - train epoch 1736 MSE 0.0038 nMSE 0.0266
[2026-05-01 20:50:34,864][src.modRNN.training.common][INFO] - 	 Starting Epoch: 1737
[2026-05-01 20:50:35,185][src.modRNN.training.common][INFO] - train epoch 1737 MSE 0.0032 nMSE 0.0225
[2026-05-01 20:50:35,186][src.modRNN.training.common][INFO] - 	 Starting Epoch: 1738
[2026-05-01 20:50:35,508][src.modRNN.training.common][INFO] - train epoch 1738 MSE 0.0029 nMSE 0.0206
[2026-05-01 20:50:35,508][src.modRNN.training.common][INFO] - 	 Starting Epoch: 1739
[2026-05-01 20:50:35,830][src.modRNN.training.common][INFO] - train epoch 1739 MSE 0.0036 nMSE 0.0252
[2026-05-01 20:50:35,831][src.modRNN.training.common][INFO] - 	 Starting Epoch: 1740
[2026-05-01 20:50:36,152][src.modRNN.training.common][INFO] - train epoch 1740 MSE 0.0043 nMSE 0.0301
[2026-05-01 20:50:36,153][src.modRNN.training.common][INFO] - 	 Starting Epoch: 1741
[2026-05-01 20:50:36,473][src.modRNN.training.common][INFO] - train epoch 1741 MSE 0.0033 nMSE 0.0232
[2026-05-01 20:50:36,474][src.modRNN.training.common][INFO] - 	 Starting Epoch: 1742
[2026-05-01 20:50:36,794][src.modRNN.training.common][INFO] - train epoch 1742 MSE 0.0038 nMSE 0.0271
[2026-05-01 20:50:36,795][src.modRNN.training.common][INFO] - 	 Starting Epoch: 1743
[2026-05-01 20:50:37,117][src.modRNN.training.common][INFO] - train epoch 1743 MSE 0.0032 nMSE 0.0227
[2026-05-01 20:50:37,118][src.modRNN.training.common][INFO] - 	 Starting Epoch: 1744
[2026-05-01 20:50:37,439][src.modRNN.training.common][INFO] - train epoch 1744 MSE 0.0033 nMSE 0.0233
[2026-05-01 20:50:37,440][src.modRNN.training.common][INFO] - 	 Starting Epoch: 1745
[2026-05-01 20:50:37,761][src.modRNN.training.common][INFO] - train epoch 1745 MSE 0.0035 nMSE 0.0248
[2026-05-01 20:50:37,762][src.modRNN.training.common][INFO] - 	 Starting Epoch: 1746
[2026-05-01 20:50:38,086][src.modRNN.training.common][INFO] - train epoch 1746 MSE 0.0037 nMSE 0.0262
[2026-05-01 20:50:38,087][src.modRNN.training.common][INFO] - 	 Starting Epoch: 1747
[2026-05-01 20:50:38,410][src.modRNN.training.common][INFO] - train epoch 1747 MSE 0.0029 nMSE 0.0206
[2026-05-01 20:50:38,411][src.modRNN.training.common][INFO] - 	 Starting Epoch: 1748
[2026-05-01 20:50:38,734][src.modRNN.training.common][INFO] - train epoch 1748 MSE 0.0033 nMSE 0.0236
[2026-05-01 20:50:38,735][src.modRNN.training.common][INFO] - 	 Starting Epoch: 1749
[2026-05-01 20:50:39,058][src.modRNN.training.common][INFO] - train epoch 1749 MSE 0.0028 nMSE 0.0200
[2026-05-01 20:50:39,059][src.modRNN.training.common][INFO] - 	 Starting Epoch: 1750
[2026-05-01 20:50:39,382][src.modRNN.training.common][INFO] - train epoch 1750 MSE 0.0031 nMSE 0.0217
[2026-05-01 20:50:39,382][src.modRNN.training.common][INFO] - 	 Starting Epoch: 1751
[2026-05-01 20:50:39,706][src.modRNN.training.common][INFO] - train epoch 1751 MSE 0.0032 nMSE 0.0225
[2026-05-01 20:50:39,751][src.modRNN.training.common][INFO] - eval  epoch 1751 MSE 0.0033 nMSE 0.0233
[2026-05-01 20:50:39,752][src.modRNN.training.common][INFO] - 	 Starting Epoch: 1752
[2026-05-01 20:50:40,073][src.modRNN.training.common][INFO] - train epoch 1752 MSE 0.0033 nMSE 0.0233
[2026-05-01 20:50:40,074][src.modRNN.training.common][INFO] - 	 Starting Epoch: 1753
[2026-05-01 20:50:40,396][src.modRNN.training.common][INFO] - train epoch 1753 MSE 0.0030 nMSE 0.0216
[2026-05-01 20:50:40,397][src.modRNN.training.common][INFO] - 	 Starting Epoch: 1754
[2026-05-01 20:50:40,719][src.modRNN.training.common][INFO] - train epoch 1754 MSE 0.0037 nMSE 0.0259
[2026-05-01 20:50:40,720][src.modRNN.training.common][INFO] - 	 Starting Epoch: 1755
[2026-05-01 20:50:41,042][src.modRNN.training.common][INFO] - train epoch 1755 MSE 0.0035 nMSE 0.0251
[2026-05-01 20:50:41,043][src.modRNN.training.common][INFO] - 	 Starting Epoch: 1756
[2026-05-01 20:50:41,366][src.modRNN.training.common][INFO] - train epoch 1756 MSE 0.0027 nMSE 0.0194
[2026-05-01 20:50:41,366][src.modRNN.training.common][INFO] - 	 Starting Epoch: 1757
[2026-05-01 20:50:41,689][src.modRNN.training.common][INFO] - train epoch 1757 MSE 0.0031 nMSE 0.0219
[2026-05-01 20:50:41,690][src.modRNN.training.common][INFO] - 	 Starting Epoch: 1758
[2026-05-01 20:50:42,013][src.modRNN.training.common][INFO] - train epoch 1758 MSE 0.0030 nMSE 0.0212
[2026-05-01 20:50:42,013][src.modRNN.training.common][INFO] - 	 Starting Epoch: 1759
[2026-05-01 20:50:42,334][src.modRNN.training.common][INFO] - train epoch 1759 MSE 0.0034 nMSE 0.0239
[2026-05-01 20:50:42,334][src.modRNN.training.common][INFO] - 	 Starting Epoch: 1760
[2026-05-01 20:50:42,658][src.modRNN.training.common][INFO] - train epoch 1760 MSE 0.0028 nMSE 0.0202
[2026-05-01 20:50:42,659][src.modRNN.training.common][INFO] - 	 Starting Epoch: 1761
[2026-05-01 20:50:42,982][src.modRNN.training.common][INFO] - train epoch 1761 MSE 0.0031 nMSE 0.0221
[2026-05-01 20:50:42,983][src.modRNN.training.common][INFO] - 	 Starting Epoch: 1762
[2026-05-01 20:50:43,305][src.modRNN.training.common][INFO] - train epoch 1762 MSE 0.0031 nMSE 0.0222
[2026-05-01 20:50:43,306][src.modRNN.training.common][INFO] - 	 Starting Epoch: 1763
[2026-05-01 20:50:43,630][src.modRNN.training.common][INFO] - train epoch 1763 MSE 0.0038 nMSE 0.0268
[2026-05-01 20:50:43,630][src.modRNN.training.common][INFO] - 	 Starting Epoch: 1764
[2026-05-01 20:50:43,954][src.modRNN.training.common][INFO] - train epoch 1764 MSE 0.0033 nMSE 0.0233
[2026-05-01 20:50:43,955][src.modRNN.training.common][INFO] - 	 Starting Epoch: 1765
[2026-05-01 20:50:44,278][src.modRNN.training.common][INFO] - train epoch 1765 MSE 0.0036 nMSE 0.0253
[2026-05-01 20:50:44,279][src.modRNN.training.common][INFO] - 	 Starting Epoch: 1766
[2026-05-01 20:50:44,603][src.modRNN.training.common][INFO] - train epoch 1766 MSE 0.0029 nMSE 0.0205
[2026-05-01 20:50:44,603][src.modRNN.training.common][INFO] - 	 Starting Epoch: 1767
[2026-05-01 20:50:44,926][src.modRNN.training.common][INFO] - train epoch 1767 MSE 0.0032 nMSE 0.0229
[2026-05-01 20:50:44,927][src.modRNN.training.common][INFO] - 	 Starting Epoch: 1768
[2026-05-01 20:50:45,250][src.modRNN.training.common][INFO] - train epoch 1768 MSE 0.0035 nMSE 0.0247
[2026-05-01 20:50:45,251][src.modRNN.training.common][INFO] - 	 Starting Epoch: 1769
[2026-05-01 20:50:45,572][src.modRNN.training.common][INFO] - train epoch 1769 MSE 0.0029 nMSE 0.0206
[2026-05-01 20:50:45,573][src.modRNN.training.common][INFO] - 	 Starting Epoch: 1770
[2026-05-01 20:50:45,896][src.modRNN.training.common][INFO] - train epoch 1770 MSE 0.0030 nMSE 0.0211
[2026-05-01 20:50:45,897][src.modRNN.training.common][INFO] - 	 Starting Epoch: 1771
[2026-05-01 20:50:46,219][src.modRNN.training.common][INFO] - train epoch 1771 MSE 0.0028 nMSE 0.0201
[2026-05-01 20:50:46,220][src.modRNN.training.common][INFO] - 	 Starting Epoch: 1772
[2026-05-01 20:50:46,544][src.modRNN.training.common][INFO] - train epoch 1772 MSE 0.0030 nMSE 0.0213
[2026-05-01 20:50:46,545][src.modRNN.training.common][INFO] - 	 Starting Epoch: 1773
[2026-05-01 20:50:46,868][src.modRNN.training.common][INFO] - train epoch 1773 MSE 0.0031 nMSE 0.0217
[2026-05-01 20:50:46,869][src.modRNN.training.common][INFO] - 	 Starting Epoch: 1774
[2026-05-01 20:50:47,193][src.modRNN.training.common][INFO] - train epoch 1774 MSE 0.0041 nMSE 0.0290
[2026-05-01 20:50:47,194][src.modRNN.training.common][INFO] - 	 Starting Epoch: 1775
[2026-05-01 20:50:47,517][src.modRNN.training.common][INFO] - train epoch 1775 MSE 0.0030 nMSE 0.0212
[2026-05-01 20:50:47,518][src.modRNN.training.common][INFO] - 	 Starting Epoch: 1776
[2026-05-01 20:50:47,841][src.modRNN.training.common][INFO] - train epoch 1776 MSE 0.0035 nMSE 0.0249
[2026-05-01 20:50:47,887][src.modRNN.training.common][INFO] - eval  epoch 1776 MSE 0.0032 nMSE 0.0224
[2026-05-01 20:50:47,888][src.modRNN.training.common][INFO] - 	 Starting Epoch: 1777
[2026-05-01 20:50:48,211][src.modRNN.training.common][INFO] - train epoch 1777 MSE 0.0032 nMSE 0.0224
[2026-05-01 20:50:48,211][src.modRNN.training.common][INFO] - 	 Starting Epoch: 1778
[2026-05-01 20:50:48,533][src.modRNN.training.common][INFO] - train epoch 1778 MSE 0.0032 nMSE 0.0224
[2026-05-01 20:50:48,534][src.modRNN.training.common][INFO] - 	 Starting Epoch: 1779
[2026-05-01 20:50:48,855][src.modRNN.training.common][INFO] - train epoch 1779 MSE 0.0031 nMSE 0.0217
[2026-05-01 20:50:48,856][src.modRNN.training.common][INFO] - 	 Starting Epoch: 1780
[2026-05-01 20:50:49,178][src.modRNN.training.common][INFO] - train epoch 1780 MSE 0.0034 nMSE 0.0238
[2026-05-01 20:50:49,179][src.modRNN.training.common][INFO] - 	 Starting Epoch: 1781
[2026-05-01 20:50:49,501][src.modRNN.training.common][INFO] - train epoch 1781 MSE 0.0034 nMSE 0.0243
[2026-05-01 20:50:49,502][src.modRNN.training.common][INFO] - 	 Starting Epoch: 1782
[2026-05-01 20:50:49,822][src.modRNN.training.common][INFO] - train epoch 1782 MSE 0.0029 nMSE 0.0204
[2026-05-01 20:50:49,823][src.modRNN.training.common][INFO] - 	 Starting Epoch: 1783
[2026-05-01 20:50:50,144][src.modRNN.training.common][INFO] - train epoch 1783 MSE 0.0051 nMSE 0.0364
[2026-05-01 20:50:50,145][src.modRNN.training.common][INFO] - 	 Starting Epoch: 1784
[2026-05-01 20:50:50,466][src.modRNN.training.common][INFO] - train epoch 1784 MSE 0.0029 nMSE 0.0202
[2026-05-01 20:50:50,467][src.modRNN.training.common][INFO] - 	 Starting Epoch: 1785
[2026-05-01 20:50:50,787][src.modRNN.training.common][INFO] - train epoch 1785 MSE 0.0034 nMSE 0.0239
[2026-05-01 20:50:50,788][src.modRNN.training.common][INFO] - 	 Starting Epoch: 1786
[2026-05-01 20:50:51,108][src.modRNN.training.common][INFO] - train epoch 1786 MSE 0.0032 nMSE 0.0229
[2026-05-01 20:50:51,109][src.modRNN.training.common][INFO] - 	 Starting Epoch: 1787
[2026-05-01 20:50:51,429][src.modRNN.training.common][INFO] - train epoch 1787 MSE 0.0036 nMSE 0.0251
[2026-05-01 20:50:51,430][src.modRNN.training.common][INFO] - 	 Starting Epoch: 1788
[2026-05-01 20:50:51,750][src.modRNN.training.common][INFO] - train epoch 1788 MSE 0.0030 nMSE 0.0211
[2026-05-01 20:50:51,751][src.modRNN.training.common][INFO] - 	 Starting Epoch: 1789
[2026-05-01 20:50:52,072][src.modRNN.training.common][INFO] - train epoch 1789 MSE 0.0037 nMSE 0.0264
[2026-05-01 20:50:52,073][src.modRNN.training.common][INFO] - 	 Starting Epoch: 1790
[2026-05-01 20:50:52,393][src.modRNN.training.common][INFO] - train epoch 1790 MSE 0.0034 nMSE 0.0237
[2026-05-01 20:50:52,394][src.modRNN.training.common][INFO] - 	 Starting Epoch: 1791
[2026-05-01 20:50:52,715][src.modRNN.training.common][INFO] - train epoch 1791 MSE 0.0030 nMSE 0.0214
[2026-05-01 20:50:52,716][src.modRNN.training.common][INFO] - 	 Starting Epoch: 1792
[2026-05-01 20:50:53,036][src.modRNN.training.common][INFO] - train epoch 1792 MSE 0.0030 nMSE 0.0212
[2026-05-01 20:50:53,037][src.modRNN.training.common][INFO] - 	 Starting Epoch: 1793
[2026-05-01 20:50:53,357][src.modRNN.training.common][INFO] - train epoch 1793 MSE 0.0037 nMSE 0.0259
[2026-05-01 20:50:53,358][src.modRNN.training.common][INFO] - 	 Starting Epoch: 1794
[2026-05-01 20:50:53,679][src.modRNN.training.common][INFO] - train epoch 1794 MSE 0.0033 nMSE 0.0235
[2026-05-01 20:50:53,680][src.modRNN.training.common][INFO] - 	 Starting Epoch: 1795
[2026-05-01 20:50:54,002][src.modRNN.training.common][INFO] - train epoch 1795 MSE 0.0034 nMSE 0.0241
[2026-05-01 20:50:54,003][src.modRNN.training.common][INFO] - 	 Starting Epoch: 1796
[2026-05-01 20:50:54,323][src.modRNN.training.common][INFO] - train epoch 1796 MSE 0.0037 nMSE 0.0260
[2026-05-01 20:50:54,324][src.modRNN.training.common][INFO] - 	 Starting Epoch: 1797
[2026-05-01 20:50:54,644][src.modRNN.training.common][INFO] - train epoch 1797 MSE 0.0036 nMSE 0.0252
[2026-05-01 20:50:54,645][src.modRNN.training.common][INFO] - 	 Starting Epoch: 1798
[2026-05-01 20:50:54,965][src.modRNN.training.common][INFO] - train epoch 1798 MSE 0.0030 nMSE 0.0215
[2026-05-01 20:50:54,966][src.modRNN.training.common][INFO] - 	 Starting Epoch: 1799
[2026-05-01 20:50:55,287][src.modRNN.training.common][INFO] - train epoch 1799 MSE 0.0031 nMSE 0.0217
[2026-05-01 20:50:55,288][src.modRNN.training.common][INFO] - 	 Starting Epoch: 1800
[2026-05-01 20:50:55,610][src.modRNN.training.common][INFO] - train epoch 1800 MSE 0.0032 nMSE 0.0225
[2026-05-01 20:50:55,611][src.modRNN.training.common][INFO] - 	 Starting Epoch: 1801
[2026-05-01 20:50:55,932][src.modRNN.training.common][INFO] - train epoch 1801 MSE 0.0028 nMSE 0.0199
[2026-05-01 20:50:55,977][src.modRNN.training.common][INFO] - eval  epoch 1801 MSE 0.0030 nMSE 0.0215
[2026-05-01 20:50:55,977][src.modRNN.training.common][INFO] - 	 Starting Epoch: 1802
[2026-05-01 20:50:56,297][src.modRNN.training.common][INFO] - train epoch 1802 MSE 0.0030 nMSE 0.0215
[2026-05-01 20:50:56,298][src.modRNN.training.common][INFO] - 	 Starting Epoch: 1803
[2026-05-01 20:50:56,618][src.modRNN.training.common][INFO] - train epoch 1803 MSE 0.0031 nMSE 0.0220
[2026-05-01 20:50:56,619][src.modRNN.training.common][INFO] - 	 Starting Epoch: 1804
[2026-05-01 20:50:56,939][src.modRNN.training.common][INFO] - train epoch 1804 MSE 0.0031 nMSE 0.0217
[2026-05-01 20:50:56,939][src.modRNN.training.common][INFO] - 	 Starting Epoch: 1805
[2026-05-01 20:50:57,260][src.modRNN.training.common][INFO] - train epoch 1805 MSE 0.0033 nMSE 0.0234
[2026-05-01 20:50:57,261][src.modRNN.training.common][INFO] - 	 Starting Epoch: 1806
[2026-05-01 20:50:57,582][src.modRNN.training.common][INFO] - train epoch 1806 MSE 0.0032 nMSE 0.0229
[2026-05-01 20:50:57,582][src.modRNN.training.common][INFO] - 	 Starting Epoch: 1807
[2026-05-01 20:50:57,903][src.modRNN.training.common][INFO] - train epoch 1807 MSE 0.0032 nMSE 0.0226
[2026-05-01 20:50:57,904][src.modRNN.training.common][INFO] - 	 Starting Epoch: 1808
[2026-05-01 20:50:58,224][src.modRNN.training.common][INFO] - train epoch 1808 MSE 0.0034 nMSE 0.0238
[2026-05-01 20:50:58,225][src.modRNN.training.common][INFO] - 	 Starting Epoch: 1809
[2026-05-01 20:50:58,546][src.modRNN.training.common][INFO] - train epoch 1809 MSE 0.0029 nMSE 0.0209
[2026-05-01 20:50:58,546][src.modRNN.training.common][INFO] - 	 Starting Epoch: 1810
[2026-05-01 20:50:58,867][src.modRNN.training.common][INFO] - train epoch 1810 MSE 0.0031 nMSE 0.0222
[2026-05-01 20:50:58,868][src.modRNN.training.common][INFO] - 	 Starting Epoch: 1811
[2026-05-01 20:50:59,187][src.modRNN.training.common][INFO] - train epoch 1811 MSE 0.0031 nMSE 0.0218
[2026-05-01 20:50:59,188][src.modRNN.training.common][INFO] - 	 Starting Epoch: 1812
[2026-05-01 20:50:59,508][src.modRNN.training.common][INFO] - train epoch 1812 MSE 0.0033 nMSE 0.0232
[2026-05-01 20:50:59,509][src.modRNN.training.common][INFO] - 	 Starting Epoch: 1813
[2026-05-01 20:50:59,829][src.modRNN.training.common][INFO] - train epoch 1813 MSE 0.0037 nMSE 0.0259
[2026-05-01 20:50:59,830][src.modRNN.training.common][INFO] - 	 Starting Epoch: 1814
[2026-05-01 20:51:00,149][src.modRNN.training.common][INFO] - train epoch 1814 MSE 0.0034 nMSE 0.0240
[2026-05-01 20:51:00,150][src.modRNN.training.common][INFO] - 	 Starting Epoch: 1815
[2026-05-01 20:51:00,470][src.modRNN.training.common][INFO] - train epoch 1815 MSE 0.0034 nMSE 0.0238
[2026-05-01 20:51:00,471][src.modRNN.training.common][INFO] - 	 Starting Epoch: 1816
[2026-05-01 20:51:00,792][src.modRNN.training.common][INFO] - train epoch 1816 MSE 0.0028 nMSE 0.0199
[2026-05-01 20:51:00,792][src.modRNN.training.common][INFO] - 	 Starting Epoch: 1817
[2026-05-01 20:51:01,113][src.modRNN.training.common][INFO] - train epoch 1817 MSE 0.0030 nMSE 0.0209
[2026-05-01 20:51:01,114][src.modRNN.training.common][INFO] - 	 Starting Epoch: 1818
[2026-05-01 20:51:01,437][src.modRNN.training.common][INFO] - train epoch 1818 MSE 0.0030 nMSE 0.0212
[2026-05-01 20:51:01,438][src.modRNN.training.common][INFO] - 	 Starting Epoch: 1819
[2026-05-01 20:51:01,760][src.modRNN.training.common][INFO] - train epoch 1819 MSE 0.0032 nMSE 0.0224
[2026-05-01 20:51:01,761][src.modRNN.training.common][INFO] - 	 Starting Epoch: 1820
[2026-05-01 20:51:02,083][src.modRNN.training.common][INFO] - train epoch 1820 MSE 0.0033 nMSE 0.0233
[2026-05-01 20:51:02,083][src.modRNN.training.common][INFO] - 	 Starting Epoch: 1821
[2026-05-01 20:51:02,406][src.modRNN.training.common][INFO] - train epoch 1821 MSE 0.0036 nMSE 0.0253
[2026-05-01 20:51:02,407][src.modRNN.training.common][INFO] - 	 Starting Epoch: 1822
[2026-05-01 20:51:02,730][src.modRNN.training.common][INFO] - train epoch 1822 MSE 0.0032 nMSE 0.0223
[2026-05-01 20:51:02,730][src.modRNN.training.common][INFO] - 	 Starting Epoch: 1823
[2026-05-01 20:51:03,053][src.modRNN.training.common][INFO] - train epoch 1823 MSE 0.0030 nMSE 0.0210
[2026-05-01 20:51:03,054][src.modRNN.training.common][INFO] - 	 Starting Epoch: 1824
[2026-05-01 20:51:03,376][src.modRNN.training.common][INFO] - train epoch 1824 MSE 0.0030 nMSE 0.0215
[2026-05-01 20:51:03,377][src.modRNN.training.common][INFO] - 	 Starting Epoch: 1825
[2026-05-01 20:51:03,700][src.modRNN.training.common][INFO] - train epoch 1825 MSE 0.0033 nMSE 0.0236
[2026-05-01 20:51:03,701][src.modRNN.training.common][INFO] - 	 Starting Epoch: 1826
[2026-05-01 20:51:04,028][src.modRNN.training.common][INFO] - train epoch 1826 MSE 0.0026 nMSE 0.0182
[2026-05-01 20:51:04,074][src.modRNN.training.common][INFO] - eval  epoch 1826 MSE 0.0031 nMSE 0.0217
[2026-05-01 20:51:04,074][src.modRNN.training.common][INFO] - 	 Starting Epoch: 1827
[2026-05-01 20:51:04,396][src.modRNN.training.common][INFO] - train epoch 1827 MSE 0.0031 nMSE 0.0217
[2026-05-01 20:51:04,397][src.modRNN.training.common][INFO] - 	 Starting Epoch: 1828
[2026-05-01 20:51:04,720][src.modRNN.training.common][INFO] - train epoch 1828 MSE 0.0031 nMSE 0.0216
[2026-05-01 20:51:04,721][src.modRNN.training.common][INFO] - 	 Starting Epoch: 1829
[2026-05-01 20:51:05,044][src.modRNN.training.common][INFO] - train epoch 1829 MSE 0.0030 nMSE 0.0216
[2026-05-01 20:51:05,045][src.modRNN.training.common][INFO] - 	 Starting Epoch: 1830
[2026-05-01 20:51:05,369][src.modRNN.training.common][INFO] - train epoch 1830 MSE 0.0033 nMSE 0.0234
[2026-05-01 20:51:05,370][src.modRNN.training.common][INFO] - 	 Starting Epoch: 1831
[2026-05-01 20:51:05,693][src.modRNN.training.common][INFO] - train epoch 1831 MSE 0.0031 nMSE 0.0222
[2026-05-01 20:51:05,694][src.modRNN.training.common][INFO] - 	 Starting Epoch: 1832
[2026-05-01 20:51:06,018][src.modRNN.training.common][INFO] - train epoch 1832 MSE 0.0033 nMSE 0.0233
[2026-05-01 20:51:06,019][src.modRNN.training.common][INFO] - 	 Starting Epoch: 1833
[2026-05-01 20:51:06,342][src.modRNN.training.common][INFO] - train epoch 1833 MSE 0.0034 nMSE 0.0241
[2026-05-01 20:51:06,343][src.modRNN.training.common][INFO] - 	 Starting Epoch: 1834
[2026-05-01 20:51:06,666][src.modRNN.training.common][INFO] - train epoch 1834 MSE 0.0031 nMSE 0.0222
[2026-05-01 20:51:06,667][src.modRNN.training.common][INFO] - 	 Starting Epoch: 1835
[2026-05-01 20:51:06,990][src.modRNN.training.common][INFO] - train epoch 1835 MSE 0.0035 nMSE 0.0248
[2026-05-01 20:51:06,990][src.modRNN.training.common][INFO] - 	 Starting Epoch: 1836
[2026-05-01 20:51:07,314][src.modRNN.training.common][INFO] - train epoch 1836 MSE 0.0030 nMSE 0.0212
[2026-05-01 20:51:07,315][src.modRNN.training.common][INFO] - 	 Starting Epoch: 1837
[2026-05-01 20:51:07,639][src.modRNN.training.common][INFO] - train epoch 1837 MSE 0.0038 nMSE 0.0271
[2026-05-01 20:51:07,640][src.modRNN.training.common][INFO] - 	 Starting Epoch: 1838
[2026-05-01 20:51:07,963][src.modRNN.training.common][INFO] - train epoch 1838 MSE 0.0030 nMSE 0.0215
[2026-05-01 20:51:07,964][src.modRNN.training.common][INFO] - 	 Starting Epoch: 1839
[2026-05-01 20:51:08,288][src.modRNN.training.common][INFO] - train epoch 1839 MSE 0.0031 nMSE 0.0220
[2026-05-01 20:51:08,289][src.modRNN.training.common][INFO] - 	 Starting Epoch: 1840
[2026-05-01 20:51:08,612][src.modRNN.training.common][INFO] - train epoch 1840 MSE 0.0032 nMSE 0.0225
[2026-05-01 20:51:08,613][src.modRNN.training.common][INFO] - 	 Starting Epoch: 1841
[2026-05-01 20:51:08,937][src.modRNN.training.common][INFO] - train epoch 1841 MSE 0.0035 nMSE 0.0250
[2026-05-01 20:51:08,938][src.modRNN.training.common][INFO] - 	 Starting Epoch: 1842
[2026-05-01 20:51:09,262][src.modRNN.training.common][INFO] - train epoch 1842 MSE 0.0032 nMSE 0.0228
[2026-05-01 20:51:09,263][src.modRNN.training.common][INFO] - 	 Starting Epoch: 1843
[2026-05-01 20:51:09,586][src.modRNN.training.common][INFO] - train epoch 1843 MSE 0.0029 nMSE 0.0203
[2026-05-01 20:51:09,587][src.modRNN.training.common][INFO] - 	 Starting Epoch: 1844
[2026-05-01 20:51:09,911][src.modRNN.training.common][INFO] - train epoch 1844 MSE 0.0027 nMSE 0.0192
[2026-05-01 20:51:09,912][src.modRNN.training.common][INFO] - 	 Starting Epoch: 1845
[2026-05-01 20:51:10,235][src.modRNN.training.common][INFO] - train epoch 1845 MSE 0.0033 nMSE 0.0231
[2026-05-01 20:51:10,236][src.modRNN.training.common][INFO] - 	 Starting Epoch: 1846
[2026-05-01 20:51:10,559][src.modRNN.training.common][INFO] - train epoch 1846 MSE 0.0034 nMSE 0.0241
[2026-05-01 20:51:10,560][src.modRNN.training.common][INFO] - 	 Starting Epoch: 1847
[2026-05-01 20:51:10,883][src.modRNN.training.common][INFO] - train epoch 1847 MSE 0.0032 nMSE 0.0227
[2026-05-01 20:51:10,884][src.modRNN.training.common][INFO] - 	 Starting Epoch: 1848
[2026-05-01 20:51:11,207][src.modRNN.training.common][INFO] - train epoch 1848 MSE 0.0031 nMSE 0.0216
[2026-05-01 20:51:11,208][src.modRNN.training.common][INFO] - 	 Starting Epoch: 1849
[2026-05-01 20:51:11,531][src.modRNN.training.common][INFO] - train epoch 1849 MSE 0.0030 nMSE 0.0215
[2026-05-01 20:51:11,532][src.modRNN.training.common][INFO] - 	 Starting Epoch: 1850
[2026-05-01 20:51:11,856][src.modRNN.training.common][INFO] - train epoch 1850 MSE 0.0028 nMSE 0.0195
[2026-05-01 20:51:11,857][src.modRNN.training.common][INFO] - 	 Starting Epoch: 1851
[2026-05-01 20:51:12,181][src.modRNN.training.common][INFO] - train epoch 1851 MSE 0.0027 nMSE 0.0194
[2026-05-01 20:51:12,226][src.modRNN.training.common][INFO] - eval  epoch 1851 MSE 0.0029 nMSE 0.0207
[2026-05-01 20:51:12,227][src.modRNN.training.common][INFO] - 	 Starting Epoch: 1852
[2026-05-01 20:51:12,550][src.modRNN.training.common][INFO] - train epoch 1852 MSE 0.0029 nMSE 0.0207
[2026-05-01 20:51:12,551][src.modRNN.training.common][INFO] - 	 Starting Epoch: 1853
[2026-05-01 20:51:12,874][src.modRNN.training.common][INFO] - train epoch 1853 MSE 0.0029 nMSE 0.0204
[2026-05-01 20:51:12,875][src.modRNN.training.common][INFO] - 	 Starting Epoch: 1854
[2026-05-01 20:51:13,198][src.modRNN.training.common][INFO] - train epoch 1854 MSE 0.0030 nMSE 0.0216
[2026-05-01 20:51:13,199][src.modRNN.training.common][INFO] - 	 Starting Epoch: 1855
[2026-05-01 20:51:13,521][src.modRNN.training.common][INFO] - train epoch 1855 MSE 0.0033 nMSE 0.0237
[2026-05-01 20:51:13,522][src.modRNN.training.common][INFO] - 	 Starting Epoch: 1856
[2026-05-01 20:51:13,845][src.modRNN.training.common][INFO] - train epoch 1856 MSE 0.0031 nMSE 0.0219
[2026-05-01 20:51:13,845][src.modRNN.training.common][INFO] - 	 Starting Epoch: 1857
[2026-05-01 20:51:14,168][src.modRNN.training.common][INFO] - train epoch 1857 MSE 0.0032 nMSE 0.0229
[2026-05-01 20:51:14,169][src.modRNN.training.common][INFO] - 	 Starting Epoch: 1858
[2026-05-01 20:51:14,493][src.modRNN.training.common][INFO] - train epoch 1858 MSE 0.0028 nMSE 0.0196
[2026-05-01 20:51:14,494][src.modRNN.training.common][INFO] - 	 Starting Epoch: 1859
[2026-05-01 20:51:14,817][src.modRNN.training.common][INFO] - train epoch 1859 MSE 0.0032 nMSE 0.0228
[2026-05-01 20:51:14,818][src.modRNN.training.common][INFO] - 	 Starting Epoch: 1860
[2026-05-01 20:51:15,141][src.modRNN.training.common][INFO] - train epoch 1860 MSE 0.0030 nMSE 0.0213
[2026-05-01 20:51:15,142][src.modRNN.training.common][INFO] - 	 Starting Epoch: 1861
[2026-05-01 20:51:15,465][src.modRNN.training.common][INFO] - train epoch 1861 MSE 0.0028 nMSE 0.0201
[2026-05-01 20:51:15,466][src.modRNN.training.common][INFO] - 	 Starting Epoch: 1862
[2026-05-01 20:51:15,789][src.modRNN.training.common][INFO] - train epoch 1862 MSE 0.0037 nMSE 0.0260
[2026-05-01 20:51:15,790][src.modRNN.training.common][INFO] - 	 Starting Epoch: 1863
[2026-05-01 20:51:16,113][src.modRNN.training.common][INFO] - train epoch 1863 MSE 0.0032 nMSE 0.0227
[2026-05-01 20:51:16,114][src.modRNN.training.common][INFO] - 	 Starting Epoch: 1864
[2026-05-01 20:51:16,438][src.modRNN.training.common][INFO] - train epoch 1864 MSE 0.0027 nMSE 0.0188
[2026-05-01 20:51:16,439][src.modRNN.training.common][INFO] - 	 Starting Epoch: 1865
[2026-05-01 20:51:16,762][src.modRNN.training.common][INFO] - train epoch 1865 MSE 0.0029 nMSE 0.0204
[2026-05-01 20:51:16,763][src.modRNN.training.common][INFO] - 	 Starting Epoch: 1866
[2026-05-01 20:51:17,086][src.modRNN.training.common][INFO] - train epoch 1866 MSE 0.0035 nMSE 0.0245
[2026-05-01 20:51:17,087][src.modRNN.training.common][INFO] - 	 Starting Epoch: 1867
[2026-05-01 20:51:17,410][src.modRNN.training.common][INFO] - train epoch 1867 MSE 0.0031 nMSE 0.0220
[2026-05-01 20:51:17,411][src.modRNN.training.common][INFO] - 	 Starting Epoch: 1868
[2026-05-01 20:51:17,733][src.modRNN.training.common][INFO] - train epoch 1868 MSE 0.0029 nMSE 0.0208
[2026-05-01 20:51:17,734][src.modRNN.training.common][INFO] - 	 Starting Epoch: 1869
[2026-05-01 20:51:18,057][src.modRNN.training.common][INFO] - train epoch 1869 MSE 0.0033 nMSE 0.0230
[2026-05-01 20:51:18,058][src.modRNN.training.common][INFO] - 	 Starting Epoch: 1870
[2026-05-01 20:51:18,381][src.modRNN.training.common][INFO] - train epoch 1870 MSE 0.0035 nMSE 0.0248
[2026-05-01 20:51:18,382][src.modRNN.training.common][INFO] - 	 Starting Epoch: 1871
[2026-05-01 20:51:18,705][src.modRNN.training.common][INFO] - train epoch 1871 MSE 0.0035 nMSE 0.0247
[2026-05-01 20:51:18,706][src.modRNN.training.common][INFO] - 	 Starting Epoch: 1872
[2026-05-01 20:51:19,030][src.modRNN.training.common][INFO] - train epoch 1872 MSE 0.0071 nMSE 0.0505
[2026-05-01 20:51:19,031][src.modRNN.training.common][INFO] - 	 Starting Epoch: 1873
[2026-05-01 20:51:19,354][src.modRNN.training.common][INFO] - train epoch 1873 MSE 0.0038 nMSE 0.0266
[2026-05-01 20:51:19,355][src.modRNN.training.common][INFO] - 	 Starting Epoch: 1874
[2026-05-01 20:51:19,678][src.modRNN.training.common][INFO] - train epoch 1874 MSE 0.0033 nMSE 0.0237
[2026-05-01 20:51:19,679][src.modRNN.training.common][INFO] - 	 Starting Epoch: 1875
[2026-05-01 20:51:20,002][src.modRNN.training.common][INFO] - train epoch 1875 MSE 0.0036 nMSE 0.0254
[2026-05-01 20:51:20,003][src.modRNN.training.common][INFO] - 	 Starting Epoch: 1876
[2026-05-01 20:51:20,326][src.modRNN.training.common][INFO] - train epoch 1876 MSE 0.0033 nMSE 0.0233
[2026-05-01 20:51:20,372][src.modRNN.training.common][INFO] - eval  epoch 1876 MSE 0.0029 nMSE 0.0206
[2026-05-01 20:51:20,373][src.modRNN.training.common][INFO] - 	 Starting Epoch: 1877
[2026-05-01 20:51:20,695][src.modRNN.training.common][INFO] - train epoch 1877 MSE 0.0029 nMSE 0.0206
[2026-05-01 20:51:20,696][src.modRNN.training.common][INFO] - 	 Starting Epoch: 1878
[2026-05-01 20:51:21,019][src.modRNN.training.common][INFO] - train epoch 1878 MSE 0.0031 nMSE 0.0219
[2026-05-01 20:51:21,020][src.modRNN.training.common][INFO] - 	 Starting Epoch: 1879
[2026-05-01 20:51:21,344][src.modRNN.training.common][INFO] - train epoch 1879 MSE 0.0030 nMSE 0.0211
[2026-05-01 20:51:21,345][src.modRNN.training.common][INFO] - 	 Starting Epoch: 1880
[2026-05-01 20:51:21,668][src.modRNN.training.common][INFO] - train epoch 1880 MSE 0.0036 nMSE 0.0252
[2026-05-01 20:51:21,669][src.modRNN.training.common][INFO] - 	 Starting Epoch: 1881
[2026-05-01 20:51:21,993][src.modRNN.training.common][INFO] - train epoch 1881 MSE 0.0032 nMSE 0.0230
[2026-05-01 20:51:21,994][src.modRNN.training.common][INFO] - 	 Starting Epoch: 1882
[2026-05-01 20:51:22,318][src.modRNN.training.common][INFO] - train epoch 1882 MSE 0.0036 nMSE 0.0255
[2026-05-01 20:51:22,318][src.modRNN.training.common][INFO] - 	 Starting Epoch: 1883
[2026-05-01 20:51:22,642][src.modRNN.training.common][INFO] - train epoch 1883 MSE 0.0033 nMSE 0.0237
[2026-05-01 20:51:22,643][src.modRNN.training.common][INFO] - 	 Starting Epoch: 1884
[2026-05-01 20:51:22,966][src.modRNN.training.common][INFO] - train epoch 1884 MSE 0.0030 nMSE 0.0215
[2026-05-01 20:51:22,967][src.modRNN.training.common][INFO] - 	 Starting Epoch: 1885
[2026-05-01 20:51:23,291][src.modRNN.training.common][INFO] - train epoch 1885 MSE 0.0035 nMSE 0.0248
[2026-05-01 20:51:23,292][src.modRNN.training.common][INFO] - 	 Starting Epoch: 1886
[2026-05-01 20:51:23,616][src.modRNN.training.common][INFO] - train epoch 1886 MSE 0.0029 nMSE 0.0208
[2026-05-01 20:51:23,617][src.modRNN.training.common][INFO] - 	 Starting Epoch: 1887
[2026-05-01 20:51:23,940][src.modRNN.training.common][INFO] - train epoch 1887 MSE 0.0039 nMSE 0.0273
[2026-05-01 20:51:23,941][src.modRNN.training.common][INFO] - 	 Starting Epoch: 1888
[2026-05-01 20:51:24,263][src.modRNN.training.common][INFO] - train epoch 1888 MSE 0.0029 nMSE 0.0205
[2026-05-01 20:51:24,264][src.modRNN.training.common][INFO] - 	 Starting Epoch: 1889
[2026-05-01 20:51:24,587][src.modRNN.training.common][INFO] - train epoch 1889 MSE 0.0033 nMSE 0.0235
[2026-05-01 20:51:24,588][src.modRNN.training.common][INFO] - 	 Starting Epoch: 1890
[2026-05-01 20:51:24,912][src.modRNN.training.common][INFO] - train epoch 1890 MSE 0.0030 nMSE 0.0209
[2026-05-01 20:51:24,913][src.modRNN.training.common][INFO] - 	 Starting Epoch: 1891
[2026-05-01 20:51:25,237][src.modRNN.training.common][INFO] - train epoch 1891 MSE 0.0033 nMSE 0.0235
[2026-05-01 20:51:25,238][src.modRNN.training.common][INFO] - 	 Starting Epoch: 1892
[2026-05-01 20:51:25,561][src.modRNN.training.common][INFO] - train epoch 1892 MSE 0.0028 nMSE 0.0200
[2026-05-01 20:51:25,562][src.modRNN.training.common][INFO] - 	 Starting Epoch: 1893
[2026-05-01 20:51:25,886][src.modRNN.training.common][INFO] - train epoch 1893 MSE 0.0033 nMSE 0.0232
[2026-05-01 20:51:25,887][src.modRNN.training.common][INFO] - 	 Starting Epoch: 1894
[2026-05-01 20:51:26,211][src.modRNN.training.common][INFO] - train epoch 1894 MSE 0.0030 nMSE 0.0210
[2026-05-01 20:51:26,212][src.modRNN.training.common][INFO] - 	 Starting Epoch: 1895
[2026-05-01 20:51:26,535][src.modRNN.training.common][INFO] - train epoch 1895 MSE 0.0030 nMSE 0.0214
[2026-05-01 20:51:26,536][src.modRNN.training.common][INFO] - 	 Starting Epoch: 1896
[2026-05-01 20:51:26,860][src.modRNN.training.common][INFO] - train epoch 1896 MSE 0.0029 nMSE 0.0206
[2026-05-01 20:51:26,861][src.modRNN.training.common][INFO] - 	 Starting Epoch: 1897
[2026-05-01 20:51:27,197][src.modRNN.training.common][INFO] - train epoch 1897 MSE 0.0029 nMSE 0.0207
[2026-05-01 20:51:27,198][src.modRNN.training.common][INFO] - 	 Starting Epoch: 1898
[2026-05-01 20:51:27,555][src.modRNN.training.common][INFO] - train epoch 1898 MSE 0.0027 nMSE 0.0192
[2026-05-01 20:51:27,556][src.modRNN.training.common][INFO] - 	 Starting Epoch: 1899
[2026-05-01 20:51:27,905][src.modRNN.training.common][INFO] - train epoch 1899 MSE 0.0039 nMSE 0.0273
[2026-05-01 20:51:27,906][src.modRNN.training.common][INFO] - 	 Starting Epoch: 1900
[2026-05-01 20:51:28,230][src.modRNN.training.common][INFO] - train epoch 1900 MSE 0.0031 nMSE 0.0220
[2026-05-01 20:51:28,232][src.modRNN.training.common][INFO] - 	 Starting Epoch: 1901
[2026-05-01 20:51:28,559][src.modRNN.training.common][INFO] - train epoch 1901 MSE 0.0032 nMSE 0.0223
[2026-05-01 20:51:28,605][src.modRNN.training.common][INFO] - eval  epoch 1901 MSE 0.0036 nMSE 0.0257
[2026-05-01 20:51:28,605][src.modRNN.training.common][INFO] - 	 Starting Epoch: 1902
[2026-05-01 20:51:28,928][src.modRNN.training.common][INFO] - train epoch 1902 MSE 0.0036 nMSE 0.0257
[2026-05-01 20:51:28,929][src.modRNN.training.common][INFO] - 	 Starting Epoch: 1903
[2026-05-01 20:51:29,252][src.modRNN.training.common][INFO] - train epoch 1903 MSE 0.0043 nMSE 0.0304
[2026-05-01 20:51:29,253][src.modRNN.training.common][INFO] - 	 Starting Epoch: 1904
[2026-05-01 20:51:29,576][src.modRNN.training.common][INFO] - train epoch 1904 MSE 0.0035 nMSE 0.0244
[2026-05-01 20:51:29,577][src.modRNN.training.common][INFO] - 	 Starting Epoch: 1905
[2026-05-01 20:51:29,900][src.modRNN.training.common][INFO] - train epoch 1905 MSE 0.0031 nMSE 0.0217
[2026-05-01 20:51:29,901][src.modRNN.training.common][INFO] - 	 Starting Epoch: 1906
[2026-05-01 20:51:30,225][src.modRNN.training.common][INFO] - train epoch 1906 MSE 0.0032 nMSE 0.0229
[2026-05-01 20:51:30,226][src.modRNN.training.common][INFO] - 	 Starting Epoch: 1907
[2026-05-01 20:51:30,550][src.modRNN.training.common][INFO] - train epoch 1907 MSE 0.0028 nMSE 0.0201
[2026-05-01 20:51:30,551][src.modRNN.training.common][INFO] - 	 Starting Epoch: 1908
[2026-05-01 20:51:30,874][src.modRNN.training.common][INFO] - train epoch 1908 MSE 0.0037 nMSE 0.0263
[2026-05-01 20:51:30,875][src.modRNN.training.common][INFO] - 	 Starting Epoch: 1909
[2026-05-01 20:51:31,198][src.modRNN.training.common][INFO] - train epoch 1909 MSE 0.0031 nMSE 0.0216
[2026-05-01 20:51:31,199][src.modRNN.training.common][INFO] - 	 Starting Epoch: 1910
[2026-05-01 20:51:31,521][src.modRNN.training.common][INFO] - train epoch 1910 MSE 0.0039 nMSE 0.0278
[2026-05-01 20:51:31,522][src.modRNN.training.common][INFO] - 	 Starting Epoch: 1911
[2026-05-01 20:51:31,843][src.modRNN.training.common][INFO] - train epoch 1911 MSE 0.0028 nMSE 0.0198
[2026-05-01 20:51:31,844][src.modRNN.training.common][INFO] - 	 Starting Epoch: 1912
[2026-05-01 20:51:32,165][src.modRNN.training.common][INFO] - train epoch 1912 MSE 0.0037 nMSE 0.0262
[2026-05-01 20:51:32,165][src.modRNN.training.common][INFO] - 	 Starting Epoch: 1913
[2026-05-01 20:51:32,486][src.modRNN.training.common][INFO] - train epoch 1913 MSE 0.0027 nMSE 0.0192
[2026-05-01 20:51:32,487][src.modRNN.training.common][INFO] - 	 Starting Epoch: 1914
[2026-05-01 20:51:32,808][src.modRNN.training.common][INFO] - train epoch 1914 MSE 0.0041 nMSE 0.0293
[2026-05-01 20:51:32,809][src.modRNN.training.common][INFO] - 	 Starting Epoch: 1915
[2026-05-01 20:51:33,130][src.modRNN.training.common][INFO] - train epoch 1915 MSE 0.0027 nMSE 0.0193
[2026-05-01 20:51:33,131][src.modRNN.training.common][INFO] - 	 Starting Epoch: 1916
[2026-05-01 20:51:33,452][src.modRNN.training.common][INFO] - train epoch 1916 MSE 0.0033 nMSE 0.0232
[2026-05-01 20:51:33,453][src.modRNN.training.common][INFO] - 	 Starting Epoch: 1917
[2026-05-01 20:51:33,774][src.modRNN.training.common][INFO] - train epoch 1917 MSE 0.0033 nMSE 0.0231
[2026-05-01 20:51:33,775][src.modRNN.training.common][INFO] - 	 Starting Epoch: 1918
[2026-05-01 20:51:34,096][src.modRNN.training.common][INFO] - train epoch 1918 MSE 0.0037 nMSE 0.0261
[2026-05-01 20:51:34,096][src.modRNN.training.common][INFO] - 	 Starting Epoch: 1919
[2026-05-01 20:51:34,417][src.modRNN.training.common][INFO] - train epoch 1919 MSE 0.0033 nMSE 0.0231
[2026-05-01 20:51:34,418][src.modRNN.training.common][INFO] - 	 Starting Epoch: 1920
[2026-05-01 20:51:34,739][src.modRNN.training.common][INFO] - train epoch 1920 MSE 0.0026 nMSE 0.0181
[2026-05-01 20:51:34,740][src.modRNN.training.common][INFO] - 	 Starting Epoch: 1921
[2026-05-01 20:51:35,061][src.modRNN.training.common][INFO] - train epoch 1921 MSE 0.0025 nMSE 0.0177
[2026-05-01 20:51:35,062][src.modRNN.training.common][INFO] - 	 Starting Epoch: 1922
[2026-05-01 20:51:35,383][src.modRNN.training.common][INFO] - train epoch 1922 MSE 0.0028 nMSE 0.0198
[2026-05-01 20:51:35,384][src.modRNN.training.common][INFO] - 	 Starting Epoch: 1923
[2026-05-01 20:51:35,705][src.modRNN.training.common][INFO] - train epoch 1923 MSE 0.0030 nMSE 0.0209
[2026-05-01 20:51:35,706][src.modRNN.training.common][INFO] - 	 Starting Epoch: 1924
[2026-05-01 20:51:36,027][src.modRNN.training.common][INFO] - train epoch 1924 MSE 0.0033 nMSE 0.0230
[2026-05-01 20:51:36,028][src.modRNN.training.common][INFO] - 	 Starting Epoch: 1925
[2026-05-01 20:51:36,349][src.modRNN.training.common][INFO] - train epoch 1925 MSE 0.0035 nMSE 0.0249
[2026-05-01 20:51:36,350][src.modRNN.training.common][INFO] - 	 Starting Epoch: 1926
[2026-05-01 20:51:36,671][src.modRNN.training.common][INFO] - train epoch 1926 MSE 0.0031 nMSE 0.0218
[2026-05-01 20:51:36,715][src.modRNN.training.common][INFO] - eval  epoch 1926 MSE 0.0030 nMSE 0.0216
[2026-05-01 20:51:36,716][src.modRNN.training.common][INFO] - 	 Starting Epoch: 1927
[2026-05-01 20:51:37,035][src.modRNN.training.common][INFO] - train epoch 1927 MSE 0.0030 nMSE 0.0216
[2026-05-01 20:51:37,036][src.modRNN.training.common][INFO] - 	 Starting Epoch: 1928
[2026-05-01 20:51:37,358][src.modRNN.training.common][INFO] - train epoch 1928 MSE 0.0026 nMSE 0.0184
[2026-05-01 20:51:37,358][src.modRNN.training.common][INFO] - 	 Starting Epoch: 1929
[2026-05-01 20:51:37,679][src.modRNN.training.common][INFO] - train epoch 1929 MSE 0.0028 nMSE 0.0199
[2026-05-01 20:51:37,680][src.modRNN.training.common][INFO] - 	 Starting Epoch: 1930
[2026-05-01 20:51:38,001][src.modRNN.training.common][INFO] - train epoch 1930 MSE 0.0029 nMSE 0.0207
[2026-05-01 20:51:38,002][src.modRNN.training.common][INFO] - 	 Starting Epoch: 1931
[2026-05-01 20:51:38,323][src.modRNN.training.common][INFO] - train epoch 1931 MSE 0.0033 nMSE 0.0233
[2026-05-01 20:51:38,324][src.modRNN.training.common][INFO] - 	 Starting Epoch: 1932
[2026-05-01 20:51:38,647][src.modRNN.training.common][INFO] - train epoch 1932 MSE 0.0031 nMSE 0.0218
[2026-05-01 20:51:38,648][src.modRNN.training.common][INFO] - 	 Starting Epoch: 1933
[2026-05-01 20:51:38,969][src.modRNN.training.common][INFO] - train epoch 1933 MSE 0.0034 nMSE 0.0240
[2026-05-01 20:51:38,970][src.modRNN.training.common][INFO] - 	 Starting Epoch: 1934
[2026-05-01 20:51:39,292][src.modRNN.training.common][INFO] - train epoch 1934 MSE 0.0028 nMSE 0.0201
[2026-05-01 20:51:39,292][src.modRNN.training.common][INFO] - 	 Starting Epoch: 1935
[2026-05-01 20:51:39,614][src.modRNN.training.common][INFO] - train epoch 1935 MSE 0.0035 nMSE 0.0246
[2026-05-01 20:51:39,614][src.modRNN.training.common][INFO] - 	 Starting Epoch: 1936
[2026-05-01 20:51:39,936][src.modRNN.training.common][INFO] - train epoch 1936 MSE 0.0029 nMSE 0.0203
[2026-05-01 20:51:39,937][src.modRNN.training.common][INFO] - 	 Starting Epoch: 1937
[2026-05-01 20:51:40,258][src.modRNN.training.common][INFO] - train epoch 1937 MSE 0.0030 nMSE 0.0214
[2026-05-01 20:51:40,259][src.modRNN.training.common][INFO] - 	 Starting Epoch: 1938
[2026-05-01 20:51:40,581][src.modRNN.training.common][INFO] - train epoch 1938 MSE 0.0033 nMSE 0.0235
[2026-05-01 20:51:40,582][src.modRNN.training.common][INFO] - 	 Starting Epoch: 1939
[2026-05-01 20:51:40,903][src.modRNN.training.common][INFO] - train epoch 1939 MSE 0.0035 nMSE 0.0247
[2026-05-01 20:51:40,904][src.modRNN.training.common][INFO] - 	 Starting Epoch: 1940
[2026-05-01 20:51:41,225][src.modRNN.training.common][INFO] - train epoch 1940 MSE 0.0031 nMSE 0.0220
[2026-05-01 20:51:41,226][src.modRNN.training.common][INFO] - 	 Starting Epoch: 1941
[2026-05-01 20:51:41,548][src.modRNN.training.common][INFO] - train epoch 1941 MSE 0.0030 nMSE 0.0213
[2026-05-01 20:51:41,549][src.modRNN.training.common][INFO] - 	 Starting Epoch: 1942
[2026-05-01 20:51:41,871][src.modRNN.training.common][INFO] - train epoch 1942 MSE 0.0035 nMSE 0.0247
[2026-05-01 20:51:41,871][src.modRNN.training.common][INFO] - 	 Starting Epoch: 1943
[2026-05-01 20:51:42,193][src.modRNN.training.common][INFO] - train epoch 1943 MSE 0.0031 nMSE 0.0222
[2026-05-01 20:51:42,194][src.modRNN.training.common][INFO] - 	 Starting Epoch: 1944
[2026-05-01 20:51:42,516][src.modRNN.training.common][INFO] - train epoch 1944 MSE 0.0047 nMSE 0.0331
[2026-05-01 20:51:42,517][src.modRNN.training.common][INFO] - 	 Starting Epoch: 1945
[2026-05-01 20:51:42,838][src.modRNN.training.common][INFO] - train epoch 1945 MSE 0.0032 nMSE 0.0228
[2026-05-01 20:51:42,839][src.modRNN.training.common][INFO] - 	 Starting Epoch: 1946
[2026-05-01 20:51:43,160][src.modRNN.training.common][INFO] - train epoch 1946 MSE 0.0035 nMSE 0.0245
[2026-05-01 20:51:43,161][src.modRNN.training.common][INFO] - 	 Starting Epoch: 1947
[2026-05-01 20:51:43,484][src.modRNN.training.common][INFO] - train epoch 1947 MSE 0.0030 nMSE 0.0209
[2026-05-01 20:51:43,485][src.modRNN.training.common][INFO] - 	 Starting Epoch: 1948
[2026-05-01 20:51:43,807][src.modRNN.training.common][INFO] - train epoch 1948 MSE 0.0036 nMSE 0.0253
[2026-05-01 20:51:43,808][src.modRNN.training.common][INFO] - 	 Starting Epoch: 1949
[2026-05-01 20:51:44,130][src.modRNN.training.common][INFO] - train epoch 1949 MSE 0.0027 nMSE 0.0194
[2026-05-01 20:51:44,130][src.modRNN.training.common][INFO] - 	 Starting Epoch: 1950
[2026-05-01 20:51:44,452][src.modRNN.training.common][INFO] - train epoch 1950 MSE 0.0038 nMSE 0.0269
[2026-05-01 20:51:44,453][src.modRNN.training.common][INFO] - 	 Starting Epoch: 1951
[2026-05-01 20:51:44,774][src.modRNN.training.common][INFO] - train epoch 1951 MSE 0.0031 nMSE 0.0218
[2026-05-01 20:51:44,819][src.modRNN.training.common][INFO] - eval  epoch 1951 MSE 0.0032 nMSE 0.0225
[2026-05-01 20:51:44,820][src.modRNN.training.common][INFO] - 	 Starting Epoch: 1952
[2026-05-01 20:51:45,141][src.modRNN.training.common][INFO] - train epoch 1952 MSE 0.0032 nMSE 0.0225
[2026-05-01 20:51:45,142][src.modRNN.training.common][INFO] - 	 Starting Epoch: 1953
[2026-05-01 20:51:45,463][src.modRNN.training.common][INFO] - train epoch 1953 MSE 0.0030 nMSE 0.0209
[2026-05-01 20:51:45,464][src.modRNN.training.common][INFO] - 	 Starting Epoch: 1954
[2026-05-01 20:51:45,785][src.modRNN.training.common][INFO] - train epoch 1954 MSE 0.0028 nMSE 0.0198
[2026-05-01 20:51:45,786][src.modRNN.training.common][INFO] - 	 Starting Epoch: 1955
[2026-05-01 20:51:46,107][src.modRNN.training.common][INFO] - train epoch 1955 MSE 0.0027 nMSE 0.0194
[2026-05-01 20:51:46,108][src.modRNN.training.common][INFO] - 	 Starting Epoch: 1956
[2026-05-01 20:51:46,429][src.modRNN.training.common][INFO] - train epoch 1956 MSE 0.0027 nMSE 0.0190
[2026-05-01 20:51:46,430][src.modRNN.training.common][INFO] - 	 Starting Epoch: 1957
[2026-05-01 20:51:46,751][src.modRNN.training.common][INFO] - train epoch 1957 MSE 0.0034 nMSE 0.0243
[2026-05-01 20:51:46,752][src.modRNN.training.common][INFO] - 	 Starting Epoch: 1958
[2026-05-01 20:51:47,073][src.modRNN.training.common][INFO] - train epoch 1958 MSE 0.0033 nMSE 0.0236
[2026-05-01 20:51:47,074][src.modRNN.training.common][INFO] - 	 Starting Epoch: 1959
[2026-05-01 20:51:47,395][src.modRNN.training.common][INFO] - train epoch 1959 MSE 0.0028 nMSE 0.0199
[2026-05-01 20:51:47,396][src.modRNN.training.common][INFO] - 	 Starting Epoch: 1960
[2026-05-01 20:51:47,717][src.modRNN.training.common][INFO] - train epoch 1960 MSE 0.0031 nMSE 0.0219
[2026-05-01 20:51:47,718][src.modRNN.training.common][INFO] - 	 Starting Epoch: 1961
[2026-05-01 20:51:48,039][src.modRNN.training.common][INFO] - train epoch 1961 MSE 0.0033 nMSE 0.0233
[2026-05-01 20:51:48,040][src.modRNN.training.common][INFO] - 	 Starting Epoch: 1962
[2026-05-01 20:51:48,362][src.modRNN.training.common][INFO] - train epoch 1962 MSE 0.0030 nMSE 0.0212
[2026-05-01 20:51:48,362][src.modRNN.training.common][INFO] - 	 Starting Epoch: 1963
[2026-05-01 20:51:48,683][src.modRNN.training.common][INFO] - train epoch 1963 MSE 0.0031 nMSE 0.0221
[2026-05-01 20:51:48,684][src.modRNN.training.common][INFO] - 	 Starting Epoch: 1964
[2026-05-01 20:51:49,005][src.modRNN.training.common][INFO] - train epoch 1964 MSE 0.0026 nMSE 0.0182
[2026-05-01 20:51:49,006][src.modRNN.training.common][INFO] - 	 Starting Epoch: 1965
[2026-05-01 20:51:49,326][src.modRNN.training.common][INFO] - train epoch 1965 MSE 0.0031 nMSE 0.0218
[2026-05-01 20:51:49,327][src.modRNN.training.common][INFO] - 	 Starting Epoch: 1966
[2026-05-01 20:51:49,647][src.modRNN.training.common][INFO] - train epoch 1966 MSE 0.0029 nMSE 0.0202
[2026-05-01 20:51:49,648][src.modRNN.training.common][INFO] - 	 Starting Epoch: 1967
[2026-05-01 20:51:49,968][src.modRNN.training.common][INFO] - train epoch 1967 MSE 0.0030 nMSE 0.0210
[2026-05-01 20:51:49,969][src.modRNN.training.common][INFO] - 	 Starting Epoch: 1968
[2026-05-01 20:51:50,290][src.modRNN.training.common][INFO] - train epoch 1968 MSE 0.0031 nMSE 0.0221
[2026-05-01 20:51:50,291][src.modRNN.training.common][INFO] - 	 Starting Epoch: 1969
[2026-05-01 20:51:50,611][src.modRNN.training.common][INFO] - train epoch 1969 MSE 0.0027 nMSE 0.0189
[2026-05-01 20:51:50,612][src.modRNN.training.common][INFO] - 	 Starting Epoch: 1970
[2026-05-01 20:51:50,933][src.modRNN.training.common][INFO] - train epoch 1970 MSE 0.0032 nMSE 0.0228
[2026-05-01 20:51:50,934][src.modRNN.training.common][INFO] - 	 Starting Epoch: 1971
[2026-05-01 20:51:51,254][src.modRNN.training.common][INFO] - train epoch 1971 MSE 0.0027 nMSE 0.0188
[2026-05-01 20:51:51,255][src.modRNN.training.common][INFO] - 	 Starting Epoch: 1972
[2026-05-01 20:51:51,576][src.modRNN.training.common][INFO] - train epoch 1972 MSE 0.0026 nMSE 0.0186
[2026-05-01 20:51:51,577][src.modRNN.training.common][INFO] - 	 Starting Epoch: 1973
[2026-05-01 20:51:51,898][src.modRNN.training.common][INFO] - train epoch 1973 MSE 0.0035 nMSE 0.0248
[2026-05-01 20:51:51,898][src.modRNN.training.common][INFO] - 	 Starting Epoch: 1974
[2026-05-01 20:51:52,219][src.modRNN.training.common][INFO] - train epoch 1974 MSE 0.0032 nMSE 0.0227
[2026-05-01 20:51:52,220][src.modRNN.training.common][INFO] - 	 Starting Epoch: 1975
[2026-05-01 20:51:52,540][src.modRNN.training.common][INFO] - train epoch 1975 MSE 0.0033 nMSE 0.0232
[2026-05-01 20:51:52,541][src.modRNN.training.common][INFO] - 	 Starting Epoch: 1976
[2026-05-01 20:51:52,862][src.modRNN.training.common][INFO] - train epoch 1976 MSE 0.0046 nMSE 0.0328
[2026-05-01 20:51:52,907][src.modRNN.training.common][INFO] - eval  epoch 1976 MSE 0.0023 nMSE 0.0164
[2026-05-01 20:51:52,907][src.modRNN.training.common][INFO] - 	 Starting Epoch: 1977
[2026-05-01 20:51:53,227][src.modRNN.training.common][INFO] - train epoch 1977 MSE 0.0023 nMSE 0.0164
[2026-05-01 20:51:53,228][src.modRNN.training.common][INFO] - 	 Starting Epoch: 1978
[2026-05-01 20:51:53,549][src.modRNN.training.common][INFO] - train epoch 1978 MSE 0.0033 nMSE 0.0232
[2026-05-01 20:51:53,550][src.modRNN.training.common][INFO] - 	 Starting Epoch: 1979
[2026-05-01 20:51:53,871][src.modRNN.training.common][INFO] - train epoch 1979 MSE 0.0028 nMSE 0.0201
[2026-05-01 20:51:53,872][src.modRNN.training.common][INFO] - 	 Starting Epoch: 1980
[2026-05-01 20:51:54,193][src.modRNN.training.common][INFO] - train epoch 1980 MSE 0.0035 nMSE 0.0251
[2026-05-01 20:51:54,194][src.modRNN.training.common][INFO] - 	 Starting Epoch: 1981
[2026-05-01 20:51:54,515][src.modRNN.training.common][INFO] - train epoch 1981 MSE 0.0027 nMSE 0.0194
[2026-05-01 20:51:54,516][src.modRNN.training.common][INFO] - 	 Starting Epoch: 1982
[2026-05-01 20:51:54,837][src.modRNN.training.common][INFO] - train epoch 1982 MSE 0.0036 nMSE 0.0258
[2026-05-01 20:51:54,838][src.modRNN.training.common][INFO] - 	 Starting Epoch: 1983
[2026-05-01 20:51:55,159][src.modRNN.training.common][INFO] - train epoch 1983 MSE 0.0031 nMSE 0.0218
[2026-05-01 20:51:55,160][src.modRNN.training.common][INFO] - 	 Starting Epoch: 1984
[2026-05-01 20:51:55,482][src.modRNN.training.common][INFO] - train epoch 1984 MSE 0.0033 nMSE 0.0232
[2026-05-01 20:51:55,482][src.modRNN.training.common][INFO] - 	 Starting Epoch: 1985
[2026-05-01 20:51:55,803][src.modRNN.training.common][INFO] - train epoch 1985 MSE 0.0031 nMSE 0.0217
[2026-05-01 20:51:55,804][src.modRNN.training.common][INFO] - 	 Starting Epoch: 1986
[2026-05-01 20:51:56,126][src.modRNN.training.common][INFO] - train epoch 1986 MSE 0.0030 nMSE 0.0215
[2026-05-01 20:51:56,126][src.modRNN.training.common][INFO] - 	 Starting Epoch: 1987
[2026-05-01 20:51:56,448][src.modRNN.training.common][INFO] - train epoch 1987 MSE 0.0034 nMSE 0.0241
[2026-05-01 20:51:56,449][src.modRNN.training.common][INFO] - 	 Starting Epoch: 1988
[2026-05-01 20:51:56,770][src.modRNN.training.common][INFO] - train epoch 1988 MSE 0.0032 nMSE 0.0225
[2026-05-01 20:51:56,771][src.modRNN.training.common][INFO] - 	 Starting Epoch: 1989
[2026-05-01 20:51:57,092][src.modRNN.training.common][INFO] - train epoch 1989 MSE 0.0030 nMSE 0.0210
[2026-05-01 20:51:57,093][src.modRNN.training.common][INFO] - 	 Starting Epoch: 1990
[2026-05-01 20:51:57,414][src.modRNN.training.common][INFO] - train epoch 1990 MSE 0.0036 nMSE 0.0255
[2026-05-01 20:51:57,415][src.modRNN.training.common][INFO] - 	 Starting Epoch: 1991
[2026-05-01 20:51:57,736][src.modRNN.training.common][INFO] - train epoch 1991 MSE 0.0031 nMSE 0.0220
[2026-05-01 20:51:57,737][src.modRNN.training.common][INFO] - 	 Starting Epoch: 1992
[2026-05-01 20:51:58,058][src.modRNN.training.common][INFO] - train epoch 1992 MSE 0.0032 nMSE 0.0228
[2026-05-01 20:51:58,059][src.modRNN.training.common][INFO] - 	 Starting Epoch: 1993
[2026-05-01 20:51:58,380][src.modRNN.training.common][INFO] - train epoch 1993 MSE 0.0032 nMSE 0.0228
[2026-05-01 20:51:58,381][src.modRNN.training.common][INFO] - 	 Starting Epoch: 1994
[2026-05-01 20:51:58,702][src.modRNN.training.common][INFO] - train epoch 1994 MSE 0.0034 nMSE 0.0244
[2026-05-01 20:51:58,703][src.modRNN.training.common][INFO] - 	 Starting Epoch: 1995
[2026-05-01 20:51:59,024][src.modRNN.training.common][INFO] - train epoch 1995 MSE 0.0032 nMSE 0.0226
[2026-05-01 20:51:59,025][src.modRNN.training.common][INFO] - 	 Starting Epoch: 1996
[2026-05-01 20:51:59,346][src.modRNN.training.common][INFO] - train epoch 1996 MSE 0.0026 nMSE 0.0184
[2026-05-01 20:51:59,347][src.modRNN.training.common][INFO] - 	 Starting Epoch: 1997
[2026-05-01 20:51:59,668][src.modRNN.training.common][INFO] - train epoch 1997 MSE 0.0036 nMSE 0.0251
[2026-05-01 20:51:59,669][src.modRNN.training.common][INFO] - 	 Starting Epoch: 1998
[2026-05-01 20:51:59,991][src.modRNN.training.common][INFO] - train epoch 1998 MSE 0.0028 nMSE 0.0197
[2026-05-01 20:51:59,992][src.modRNN.training.common][INFO] - 	 Starting Epoch: 1999
[2026-05-01 20:52:00,313][src.modRNN.training.common][INFO] - train epoch 1999 MSE 0.0034 nMSE 0.0240
[2026-05-01 20:52:00,314][src.modRNN.training.common][INFO] - 	 Starting Epoch: 2000
[2026-05-01 20:52:00,635][src.modRNN.training.common][INFO] - train epoch 2000 MSE 0.0027 nMSE 0.0193
[2026-05-01 20:52:00,680][src.modRNN.training.common][INFO] - eval  epoch 2000 MSE 0.0033 nMSE 0.0232
[2026-05-01 20:52:03,708][src.modRNN.training.common][INFO] - firing rate eval set  average 12.3 max 58.5 min 0.0
[2026-05-01 20:52:09,473][src.modRNN.training.common][INFO] - Training completed all 2000 iterations.
